ResID,ResFilePath,LowResFilePath,WeaponEffectSkillPath1,LockRotate,Desc
1,Effect/Prefabs/JueSe/NPC/Fuben/TongYong/Kong_TeXiao.prefab,,,,Hiệu ứng kỹ năng trống chung
5,Effect/Prefabs/JueSe/NPC/XX/qinggong.prefab,,,,Thiết lập ID
7,Effect/Prefabs/JueSe/UI/xingdongfangxianjiantou_G2.prefab,,,,ID: 1-3000 là hiệu ứng đạn
8,Effect/Prefabs/JueSe/UI/xingjinmubiaodian.prefab,,,,ID: 3001-6000 là hiệu ứng bị tấn công
9,Effect/Prefabs/JueSe/UI/xuanzhong.prefab,,,,ID: 6001-9000 là hiệu ứng thi triển
10,Effect/Prefabs/JueSe/UI/xuanzhong_tubiao.prefab,,,,ID: 9001-13000 là hiệu ứng khác
11,Effect/Prefabs/JueSe/UI/xuanzhong_LV.prefab,,,,ID: 13001-23000 là thi triển kỹ năng
12,Effect/Prefabs/JueSe/UI/xuanzhong_tubiao_LV.prefab,,,,ID: 23001-33000 là kỹ năng đạn
13,Effect/Prefabs/JueSe/UI/xuanzhong_L.prefab,,,,ID:33001-43000 là Kỹ năng bị động
14,Effect/Prefabs/JueSe/UI/YuJing_S.prefab,,,,ID:Hiệu ứng khác ID +500000
15,Effect/Prefabs/JueSe/zhanshi/JN_01_X.prefab,,,,
17,Effect/Prefabs/JueSe/NPC/DX/npc_earth_3_a.prefab,,,,
18,Effect/Prefabs/JueSe/NPC/JX/npc_gold_3_c.prefab,,,,
19,Effect/Prefabs/JueSe/NPC/HX/npc_fire_2_c.prefab,,,,
23,Effect/Prefabs/JueSe/NPC/DX/npc_byz_b.prefab,,,,
24,Effect/Prefabs/JueSe/NPC/JX/npc_gold_1_c.prefab,,,,
25,Effect/Prefabs/JueSe/NPC/SX/npc_water_1_c.prefab,,,,
26,Effect/Prefabs/JueSe/NPC/HX/npc_fire_1_c.prefab,,,,
27,Effect/Prefabs/JueSe/NPC/FX/npc_wind_1_c.prefab,,,,
32,Effect/Prefabs/JueSe/NPC/JX/npc_gold_2_b.prefab,,,,
33,Effect/Prefabs/JueSe/NPC/SX/npc_water_2_b.prefab,,,,
34,Effect/Prefabs/JueSe/NPC/HX/npc_fire_2_b.prefab,,,,
35,Effect/Prefabs/JueSe/NPC/FX/npc_wind_2_b.prefab,,,,
37,Effect/Prefabs/JueSe/NPC/XX/npc_sg_b.prefab,,,,
38,Effect/Prefabs/JueSe/NPC/JX/npc_dg_b.prefab,,,,
39,Effect/Prefabs/JueSe/NPC/SX/npc_sg_b.prefab,,,,
40,Effect/Prefabs/JueSe/NPC/HX/npc_hg_b.prefab,,,,
41,Effect/Prefabs/JueSe/NPC/FX/npc_fg_b.prefab,,,,
50,Effect/Prefabs/JueSe/NPC/JX/npc_gold_5_b.prefab,,,,
51,Effect/Prefabs/JueSe/NPC/SX/npc_water_5_b.prefab,,,,
52,Effect/Prefabs/JueSe/NPC/HX/npc_fire_5_b.prefab,,,,
53,Effect/Prefabs/JueSe/NPC/FX/npc_wind_5_b.prefab,,,,
54,Effect/Prefabs/JueSe/NPC/JX/npc_gold_gq_b.prefab,,,,
55,Effect/Prefabs/JueSe/NPC/SX/npc_water_gq_b.prefab,,,,
56,Effect/Prefabs/JueSe/NPC/HX/npc_fire_gq_b.prefab,,,,
57,Effect/Prefabs/JueSe/NPC/FX/npc_wind_gq_b.prefab,,,,
58,Effect/Prefabs/JueSe/NPC/XX/state_slowall.prefab,Effect/Prefabs/JueSe/NPC/NPC_JianBan/NPC/XX/state_slowall_J.prefab,,,
59,Effect/Prefabs/JueSe/NPC/XX/state_fixed.prefab,Effect/Prefabs/JueSe/NPC/NPC_JianBan/NPC/XX/state_fixed_J.prefab,,,
60,Effect/Prefabs/JueSe/NPC/XX/state_zhican.prefab,Effect/Prefabs/JueSe/NPC/NPC_JianBan/NPC/XX/state_zhican_J.prefab,,,
61,Effect/Prefabs/JueSe/NPC/XX/state_palsy.prefab,Effect/Prefabs/JueSe/NPC/NPC_JianBan/NPC/XX/state_palsy_J.prefab,,,
62,Effect/Prefabs/JueSe/NPC/XX/state_float.prefab,Effect/Prefabs/JueSe/JueSe_JianBan/XiaoYao/XY_JN_04_buff_J.prefab,,,
63,Effect/Prefabs/JueSe/NPC/XX/state_burn.prefab,Effect/Prefabs/JueSe/NPC/NPC_JianBan/NPC/XX/state_burn_J.prefab,,,
64,Effect/Prefabs/JueSe/NPC/XX/state_silence.prefab,,,,
65,Effect/Prefabs/JueSe/NPC/XX/state_confuse.prefab,Effect/Prefabs/JueSe/NPC/NPC_JianBan/NPC/XX/state_confuse_J.prefab,,,
66,Effect/Prefabs/JueSe/NPC/XX/state_weak.prefab,Effect/Prefabs/JueSe/NPC/NPC_JianBan/NPC/XX/state_weak_J.prefab,,,
67,Effect/Prefabs/JueSe/NPC/XX/state_sleep.prefab,,,,
68,Effect/Prefabs/JueSe/NPC/XX/state_stun.prefab,,,,
69,Effect/Prefabs/JueSe/NPC/DX/npc_dg_b.prefab,,,,
90,Effect/Prefabs/JueSe/NPC/Fuben/BOSS_101-110/BOSS_110_at_01.prefab,,,,
92,Effect/Prefabs/JueSe/NPC/Fuben/BOSS_101-110/BOSS_110_at_02.prefab,,,,
95,Effect/Prefabs/JueSe/UI/YuJing_Q.prefab,,,,
96,Effect/Prefabs/JueSe/UI/YuJing_T.prefab,,,,
97,Effect/Prefabs/JueSe/UI/YuJing_V.prefab,,,,
106,Effect/Prefabs/JueSe/NPC/DX/npc_earth_gq_b.prefab,,,,
114,Effect/Prefabs/JueSe/NPC/YeShou/Aobai/gangzhikaijia_buff.prefab,,,,
117,Effect/Prefabs/JueSe/NPC/Fuben/BOSS_001-010/BOSS_009_at_01.prefab,,,,
118,Effect/Prefabs/JueSe/NPC/Fuben/BOSS_001-010/BOSS_009_at_02.prefab,,,,
119,Effect/Prefabs/JueSe/NPC/Fuben/BOSS_001-010/BOSS_009_at_03.prefab,,,,
122,Effect/Prefabs/JueSe/NPC/Fuben/BOSS_001-010/BOSS_009_at_04_01.prefab,,,,
123,Effect/Prefabs/JueSe/NPC/Fuben/BOSS_001-010/BOSS_009_at_04_02.prefab,,,,
124,Effect/Prefabs/JueSe/NPC/Fuben/BOSS_001-010/BOSS_009_at_04_03.prefab,,,,
126,Effect/Prefabs/JueSe/NPC/Fuben/BOSS_001-010/BOSS_009_at_D.prefab,,,,
129,Effect/Prefabs/JueSe/NPC/Fuben/BOSS_001-010/BOSS_005_at_01.prefab,,,,
130,Effect/Prefabs/JueSe/NPC/Fuben/BOSS_001-010/BOSS_005_at_02.prefab,,,,
132,Effect/Prefabs/JueSe/NPC/Fuben/BOSS_001-010/BOSS_005_at_03.prefab,,,,
134,Effect/Prefabs/JueSe/NPC/Fuben/BOSS_001-010/BOSS_005_at_05.prefab,,,,
135,Effect/Prefabs/JueSe/NPC/Fuben/BOSS_001-010/BOSS_005_at_05_BJ.prefab,,,,
136,Effect/Prefabs/JueSe/NPC/Fuben/BOSS_001-010/BOSS_005_at_06.prefab,,,,
138,Effect/Prefabs/JueSe/NPC/Fuben/BOSS_001-010/BOSS_005_at_06_ZD_BJ.prefab,,,,
139,Effect/Prefabs/JueSe/NPC/Fuben/BOSS_001-010/BOSS_005_at_06_ZD.prefab,,,,
146,Effect/Prefabs/JueSe/NPC/YeShou/Dadilangwang/siyao.prefab,,,,
148,Effect/Prefabs/JueSe/NPC/YeShou/Dadilangwang/DaDiLangWang_at_03.prefab,,,,
154,Effect/Prefabs/JueSe/NPC/YeShou/HanBingLuYu/HanBingLuYu_JN_02.prefab,,,,
156,Effect/Prefabs/JueSe/NPC/YeShou/HanBingLuYu/HanBingLuYu_JN_03.prefab,,,,
159,Effect/Prefabs/JueSe/NPC/YeShou/BenYanBaoWang/BenYanBaoWang_JN_02.prefab,,,,
160,Effect/Prefabs/JueSe/NPC/FX/wandao_FX.prefab,,,,
163,Effect/Prefabs/JueSe/NPC/YeShou/JiuWeiHuWang/JiuWeiHuWang_JN_03_D.prefab,,,,
165,Effect/Prefabs/JueSe/NPC/YeShou/Chibenlangwang/zhua.prefab,,,,
166,Effect/Prefabs/JueSe/NPC/JX/at_01_JZ_jin.prefab,,,,
167,Effect/Prefabs/JueSe/NPC/SX/at_01_JZ_lan.prefab,,,,
168,Effect/Prefabs/JueSe/NPC/HX/at_01_JZ_hong.prefab,,,,
169,Effect/Prefabs/JueSe/NPC/FX/at_01_JZ_lv.prefab,,,,
170,Effect/Prefabs/JueSe/NPC/DX/at_01_JZ_tu.prefab,,,,
173,Effect/Prefabs/JueSe/NPC/YeShou/JiuWeiHuWang/JiuWeiHuWang_JN_03_DM.prefab,,,,
178,Effect/Prefabs/JueSe/NPC/DX/daoguang_b.prefab,,,,
179,Effect/Prefabs/JueSe/emei/at_02_JZ_g.prefab,,,,
180,Effect/Prefabs/JueSe/NPC/JX/beiji_big.prefab,,,,
182,Effect/Prefabs/JueSe/NPC/Fuben/NPC_051-060/npc_059_at_01_D.prefab,,,,
196,Effect/Prefabs/JueSe/NPC/XX/pugong_01.prefab,,,,
197,Effect/Prefabs/JueSe/BUFF/jingying_guanghuan.prefab,,,,
198,Effect/Prefabs/JueSe/UI/YeWai_JY_02.prefab,,,,
201,Effect/Prefabs/JueSe/TW/at_01_GG.prefab,,,,
202,Effect/Prefabs/JueSe/TW/at_02_GG.prefab,,,,
203,Effect/Prefabs/JueSe/TW/at_03_GG.prefab,,,,
204,Effect/Prefabs/JueSe/TW/at_04_GG.prefab,,,,
206,Effect/Prefabs/JueSe/zhanshi/JN_01_G_X.prefab,Effect/Prefabs/JueSe/JueSe_JianBan/TianWang/TW_JN_01_J.prefab,Effect/Prefabs/JueSe/TW/TW_JX/TW_JX_JN01.prefab,,
208,Effect/Prefabs/JueSe/zhanshi/JN_02_G_G.prefab,Effect/Prefabs/JueSe/JueSe_JianBan/TianWang/TW_JN_02_J.prefab,,,
210,Effect/Prefabs/JueSe/zhanshi/JN_03.prefab,Effect/Prefabs/JueSe/JueSe_JianBan/TianWang/TW_JN_03_J.prefab,Effect/Prefabs/JueSe/TW/TW_JX/TW_JX_JN03.prefab,,
212,Effect/Prefabs/JueSe/zhanshi/JN_04_G_X.prefab,Effect/Prefabs/JueSe/JueSe_JianBan/TianWang/TW_JN_04_J.prefab,,,
213,Effect/Prefabs/JueSe/zhanshi/JN_04_BUFF.prefab,,,,
214,Effect/Prefabs/JueSe/zhanshi/JN_05_G_X.prefab,,,,
261,Effect/Prefabs/JueSe/ShaoLin/SL_at_01.prefab,Effect/Prefabs/JueSe/JueSe_JianBan/ShaoLin/SL_at_01_J.prefab,,,
262,Effect/Prefabs/JueSe/ShaoLin/SL_at_02.prefab,Effect/Prefabs/JueSe/Juese_JianBan/ShaoLin/SL_at_02_J.prefab,,,
263,Effect/Prefabs/JueSe/ShaoLin/SL_at_03.prefab,Effect/Prefabs/JueSe/JueSe_JianBan/ShaoLin/SL_at_03_J.prefab,,,
264,Effect/Prefabs/JueSe/ShaoLin/SL_at_04.prefab,Effect/Prefabs/JueSe/JueSe_JianBan/ShaoLin/SL_at_04__J.prefab,,,
266,Effect/Prefabs/JueSe/ShaoLin/SL_JN_01_XuLi.prefab,Effect/Prefabs/JueSe/JueSe_JianBan/ShaoLin/SL_JN_01_XuLi_J.prefab,,,
268,Effect/Prefabs/JueSe/ShaoLin/SL_JN_02.prefab,Effect/Prefabs/JueSe/JueSe_JianBan/ShaoLin/SL_JN_02_J.prefab,,,
270,Effect/Prefabs/JueSe/ShaoLin/SL_JN_03.prefab,Effect/Prefabs/JueSe/JueSe_JianBan/ShaoLin/SL_JN_03_J.prefab,,,
272,Effect/Prefabs/JueSe/ShaoLin/SL_JN_04.prefab,,,,
273,Effect/Prefabs/JueSe/ShaoLin/SL_LHZ_buff.prefab,,,,
275,Effect/Prefabs/JueSe/ShaoLin/SL_buff_fanji.prefab,,,,
281,Effect/Prefabs/JueSe/ShaoLin/SL_jgnm_sf.prefab,,,,
283,Effect/Prefabs/JueSe/ShaoLin/SL_JN_05_01.prefab,,,,
284,Effect/Prefabs/JueSe/ShaoLin/SL_JN_05_02.prefab,,,,
285,Effect/Prefabs/JueSe/ShaoLin/SL_JN_05_03.prefab,,,,
286,Effect/Prefabs/JueSe/ShaoLin/SL_JN_01_01.prefab,Effect/Prefabs/JueSe/JueSe_JianBan/ShaoLin/SL_JN_01_01_J.prefab,,,
287,Effect/Prefabs/JueSe/ShaoLin/SL_JN_01_02.prefab,Effect/Prefabs/JueSe/JueSe_JianBan/ShaoLin/SL_JN_01_02_J.prefab,,,
288,Effect/Prefabs/JueSe/ShaoLin/SL_JN_01_03.prefab,Effect/Prefabs/JueSe/JueSe_JianBan/ShaoLin/SL_JN_01_03_J.prefab,,,
296,Effect/Prefabs/JueSe/NPC/XX/state_forceatk.prefab,,,,
301,Effect/Prefabs/JueSe/emei/at_01_g.prefab,Effect/Prefabs/JueSe/JueSe_JianBan/EMei/EM_at_01_J.prefab,,,
302,Effect/Prefabs/JueSe/emei/at_02_g.prefab,Effect/Prefabs/JueSe/JueSe_JianBan/EMei/EM_at_02_J.prefab,,,
303,Effect/Prefabs/JueSe/emei/at_03_g.prefab,Effect/Prefabs/JueSe/JueSe_JianBan/EMei/EM_at_03_J.prefab,,,
304,Effect/Prefabs/JueSe/emei/at_03.prefab,,,,
306,Effect/Prefabs/JueSe/emei/JN_01.prefab,Effect/Prefabs/JueSe/JueSe_JianBan/EMei/EM_JN_01_J.prefab,Effect/Prefabs/JueSe/emei/emei_C/JN_01_C.prefab,1,
308,Effect/Prefabs/JueSe/emei/JN_02_DD.prefab,Effect/Prefabs/JueSe/JueSe_JianBan/EMei/EM_JN_02_D_J.prefab,Effect/Prefabs/JueSe/emei/emei_C/JN_02_DD_C.prefab,,
310,Effect/Prefabs/JueSe/emei/JN_03_G.prefab,Effect/Prefabs/JueSe/JueSe_JianBan/EMei/EM_JN_03_J.prefab,Effect/Prefabs/JueSe/emei/emei_C/JN_03_G_C.prefab,,
312,Effect/Prefabs/JueSe/emei/JN_04.prefab,,Effect/Prefabs/JueSe/emei/emei_C/JN_04_C.prefab,,
313,Effect/Prefabs/JueSe/emei/JN_04_CX.prefab,Effect/Prefabs/JueSe/JueSe_JianBan/EMei/EM_JN_04_CX_J.prefab,Effect/Prefabs/JueSe/emei/emei_C/JN_04_CX_C.prefab,,
341,Effect/Prefabs/JueSe/emei/at_JZ_02_G.prefab,,,,
342,Effect/Prefabs/JueSe/emei/at_JZ_01_G.prefab,,,,
346,Effect/Prefabs/JueSe/emei/JN_05_01_G.prefab,,,,
347,Effect/Prefabs/JueSe/emei/JN_05_02_G.prefab,,,,
348,Effect/Prefabs/JueSe/emei/JN_05_03_G.prefab,,,,
349,Effect/Prefabs/JueSe/emei/JN_05_04_G.prefab,,,,
364,Effect/Prefabs/JueSe/emei/JN_mlcz.prefab,,,,
401,Effect/Prefabs/JueSe/taohua/at_01_D.prefab,Effect/Prefabs/JueSe/JueSe_JianBan/TaoHua/TH_at_01_D_J.prefab,Effect/Prefabs/JueSe/taohua/TaoHua_c/at_JX_01_D.prefab,,
402,Effect/Prefabs/JueSe/taohua/at_02_D.prefab,Effect/Prefabs/JueSe/JueSe_JianBan/TaoHua/TH_at_02_D_J.prefab,Effect/Prefabs/JueSe/taohua/TaoHua_c/at_JX_02_D.prefab,,
403,Effect/Prefabs/JueSe/taohua/at_03_D.prefab,Effect/Prefabs/JueSe/JueSe_JianBan/TaoHua/TH_at_03_D_J.prefab,Effect/Prefabs/JueSe/taohua/TaoHua_c/at_JX_03_D.prefab,,
404,Effect/Prefabs/JueSe/taohua/at_03_D.prefab,Effect/Prefabs/JueSe/JueSe_JianBan/TaoHua/TH_at_03_D_J.prefab,Effect/Prefabs/JueSe/taohua/TaoHua_c/at_JX_03_D.prefab,,
406,Effect/Prefabs/JueSe/taohua/JN_01_BUFF.prefab,Effect/Prefabs/JueSe/JueSe_JianBan/TaoHua/TH_JN_01_BUFF_J.prefab,Effect/Prefabs/JueSe/taohua/TaoHua_c/JN_01_JX_BUFF.prefab,,
407,Effect/Prefabs/JueSe/taohua/JN_02_D.prefab,Effect/Prefabs/JueSe/JueSe_JianBan/TaoHua/TH_JN_02_D_J.prefab,Effect/Prefabs/JueSe/taohua/TaoHua_c/JN_02_JX_D.prefab,,
410,Effect/Prefabs/JueSe/taohua/JN_03.prefab,Effect/Prefabs/JueSe/JueSe_JianBan/TaoHua/TH_JN_03_J.prefab,Effect/Prefabs/JueSe/taohua/TaoHua_c/JN_03_JX.prefab,,
412,Effect/Prefabs/JueSe/taohua/JN_04_D_G.prefab,Effect/Prefabs/JueSe/JueSe_JianBan/TaoHua/TH_JN_04_D_G_J.prefab,Effect/Prefabs/JueSe/taohua/TaoHua_c/JN_04_JX_D_G.prefab,,
427,Effect/Prefabs/JueSe/taohua/JN_05_01.prefab,,,,
428,Effect/Prefabs/JueSe/taohua/JN_05_02.prefab,,,,
429,Effect/Prefabs/JueSe/taohua/JN_05_03.prefab,,,,
430,Effect/Prefabs/JueSe/taohua/JN_05_04.prefab,,,,
431,Effect/Prefabs/JueSe/taohua/JN_dl.prefab,,,,
435,Effect/Prefabs/JueSe/taohua/JN_04_DM.prefab,,,,
436,Effect/Prefabs/JueSe/taohua/JN_04_D_G_X.prefab,Effect/Prefabs/JueSe/JueSe_JianBan/TaoHua/TH_JN_04_D_G_X_J.prefab,Effect/Prefabs/JueSe/taohua/TaoHua_c/JN_04_JX_D_G_X.prefab,,
437,Effect/Prefabs/JueSe/taohua/JN_04_DM_X.prefab,,,,
440,Effect/Prefabs/JueSe/taohua/JN_04_D_XS.prefab,,,,
444,Effect/Prefabs/JueSe/taohua/TH_KangJu.prefab,,,,
501,Effect/Prefabs/JueSe/xiaoyao/at_01.prefab,,,,
502,Effect/Prefabs/JueSe/xiaoyao/at_02.prefab,Effect/Prefabs/JueSe/JueSe_JianBan/XiaoYao/XY_at_02.prefab,,,
503,Effect/Prefabs/JueSe/xiaoyao/at_03.prefab,Effect/Prefabs/JueSe/JueSe_JianBan/XiaoYao/XY_at_03.prefab,,,
504,Effect/Prefabs/JueSe/xiaoyao/at_04.prefab,Effect/Prefabs/JueSe/JueSe_JianBan/XiaoYao/XY_at_04.prefab,,,
506,Effect/Prefabs/JueSe/xiaoyao/JN_01_JZ_01.prefab,Effect/Prefabs/JueSe/JueSe_JianBan/XiaoYao/XY_JN_01_JZ_01_J.prefab,,,
507,Effect/Prefabs/JueSe/xiaoyao/JN_02_CY.prefab,,Effect/Prefabs/JueSe/xiaoyao/xiaoyao_c/JN_02_CY_C.prefab,,
508,Effect/Prefabs/JueSe/xiaoyao/JN_02_Y.prefab,Effect/Prefabs/JueSe/JueSe_JianBan/XiaoYao/XY_JN_02_Y_J.prefab,Effect/Prefabs/JueSe/xiaoyao/xiaoyao_c/JN_02_Y_C.prefab,,
510,Effect/Prefabs/JueSe/xiaoyao/JN_03.prefab,Effect/Prefabs/JueSe/JueSe_JianBan/XiaoYao/XY_JN_03_J.prefab,Effect/Prefabs/JueSe/xiaoyao/xiaoyao_c/JN_03_C.prefab,,
513,Effect/Prefabs/JueSe/xiaoyao/JN_04.prefab,Effect/Prefabs/JueSe/JueSe_JianBan/XiaoYao/XY_JN_04_J.prefab,Effect/Prefabs/JueSe/xiaoyao/xiaoyao_c/JN_04_C.prefab,,
514,Effect/Prefabs/JueSe/xiaoyao/JN_dl.prefab,,,,
523,Effect/Prefabs/JueSe/xiaoyao/JN_SanYuangGuiYi.prefab,,,,
527,Effect/Prefabs/JueSe/xiaoyao/JN_05_BUFF.prefab,,,,
601,Effect/Prefabs/JueSe/WuDang1/at_01_BJ_J.prefab,,,,
602,Effect/Prefabs/JueSe/WuDang1/at_02_BJ_J.prefab,,,,
604,Effect/Prefabs/JueSe/WuDang1/at_04_BJ_J.prefab,,,,
609,Effect/Prefabs/JueSe/WuDang1/WD_JN_01.prefab,Effect/Prefabs/JueSe/JueSe_JianBan/WuDang/WD_JN_01_J.prefab,,,
611,Effect/Prefabs/JueSe/WuDang1/WD_JN_02_D.prefab,,,,
613,Effect/Prefabs/JueSe/WuDang1/WD_JN_03_bufff.prefab,,,,
615,Effect/Prefabs/JueSe/WuDang1/WD_JN_04_SJ_01.prefab,Effect/Prefabs/JueSe/JueSe_JianBan/WuDang/WD_JN_04_SJ_01_J.prefab,,,
616,Effect/Prefabs/JueSe/WuDang1/WD_JN_04_SJ_02.prefab,Effect/Prefabs/JueSe/JueSe_JianBan/WuDang/WD_JN_04_SJ_02_J.prefab,,,
631,Effect/Prefabs/JueSe/WuDang1/WD_JN_05_DM.prefab,,,,
633,Effect/Prefabs/JueSe/WuDang1/WD_JN_05_LJ_X.prefab,,,,
635,Effect/Prefabs/JueSe/WuDang1/WD_JN_05_DM_X.prefab,,,,
645,Effect/Prefabs/JueSe/WuDang1/WD_JN_03_bufff.prefab,,,,
701,Effect/Prefabs/JueSe/TR/TR_at_01.prefab,,,,
702,Effect/Prefabs/JueSe/TR/TR_at_02.prefab,,,,
703,Effect/Prefabs/JueSe/TR/TR_at_03.prefab,Effect/Prefabs/JueSe/JueSe_JianBan/TianRen/TR_at_03_J.prefab,,,
704,Effect/Prefabs/JueSe/TR/TR_at_04.prefab,Effect/Prefabs/JueSe/JueSe_JianBan/TianRen/TR_at_04_J.prefab,,,
706,Effect/Prefabs/JueSe/TR/TR_JN_01_BUFF_3.prefab,Effect/Prefabs/JueSe/JueSe_JianBan/TianRen/TR_JN_01_BUFF_3_J.prefab,Effect/Prefabs/JueSe/TR/Tianren_c/TR_JN_01_BUFF_3_C.prefab,,
707,Effect/Prefabs/JueSe/TR/TR_JN_01_D.prefab,Effect/Prefabs/JueSe/JueSe_JianBan/TianRen/TR_JN_01_D_J.prefab,Effect/Prefabs/JueSe/TR/Tianren_c/TR_JN_01_D_C.prefab,,
708,Effect/Prefabs/JueSe/TR/TR_JN_02_D.prefab,Effect/Prefabs/JueSe/JueSe_JianBan/TianRen/TR_JN_02_D_J.prefab,Effect/Prefabs/JueSe/TR/Tianren_c/TR_JN_02_D_C.prefab,,
711,Effect/Prefabs/JueSe/TR/TR_JN_03.prefab,Effect/Prefabs/JueSe/JueSe_JianBan/TianRen/TR_JN_03_J.prefab,Effect/Prefabs/JueSe/TR/Tianren_c/TR_JN_03_C.prefab,,
722,Effect/Prefabs/JueSe/TR/TR_JN_04_buff.prefab,Effect/Prefabs/JueSe/JueSe_JianBan/TianRen/TR_JN_04_buff_J.prefab,Effect/Prefabs/JueSe/TR/Tianren_c/TR_JN_04_buff_C.prefab,,
801,Effect/Prefabs/JueSe/CuiYan/CY_at_01.prefab,Effect/Prefabs/JueSe/Juese_JianBan/CuiYan/CY_at_01_J.prefab,Effect/Prefabs/JueSe/CuiYan/CY_JX/CY_at_JX_01.prefab,,
802,Effect/Prefabs/JueSe/CuiYan/CY_at_02.prefab,,Effect/Prefabs/JueSe/CuiYan/CY_JX/CY_at_JX_02.prefab,,
803,Effect/Prefabs/JueSe/CuiYan/CY_at_03.prefab,Effect/Prefabs/JueSe/JueSe_JianBan/CuiYan/CY_at_03_J.prefab,Effect/Prefabs/JueSe/CuiYan/CY_JX/CY_at_JX_03.prefab,,
804,Effect/Prefabs/JueSe/CuiYan/CY_at_04.prefab,Effect/Prefabs/JueSe/JueSe_JianBan/CuiYan/CY_at_04_J.prefab,Effect/Prefabs/JueSe/CuiYan/CY_JX/CY_at_JX_04.prefab,,
806,Effect/Prefabs/JueSe/CuiYan/CY_JN_01_D.prefab,Effect/Prefabs/JueSe/JueSe_JianBan/CuiYan/CY_JN_01_D_J.prefab,Effect/Prefabs/JueSe/CuiYan/CY_JX/CY_JN_JX_01_D.prefab,,
807,Effect/Prefabs/JueSe/CuiYan/CY_JN_01.prefab,Effect/Prefabs/JueSe/JueSe_JianBan/CuiYan/CY_JN_01_J.prefab,Effect/Prefabs/JueSe/CuiYan/CY_JX/CY_JN_JX_01.prefab,,
808,Effect/Prefabs/JueSe/JueSe_JianBan/CuiYan/CY_JN_02_D_01_J.prefab,,Effect/Prefabs/JueSe/CuiYan/CY_JX/CY_JN_02_D_JX_01.prefab,,
809,Effect/Prefabs/JueSe/CuiYan/CY_JN_02_D_02.prefab,Effect/Prefabs/JueSe/JueSe_JianBan/CuiYan/CY_JN_02_D_02_J.prefab,Effect/Prefabs/JueSe/CuiYan/CY_JX/CY_JN_02_D_JX_02.prefab,,
810,Effect/Prefabs/JueSe/CuiYan/CY_JN_03_SF.prefab,Effect/Prefabs/JueSe/JueSe_JianBan/CuiYan/CY_JN_03_SF_J.prefab,Effect/Prefabs/JueSe/CuiYan/CY_JX/CY_JN_03_JX_SF.prefab,,
814,Effect/Prefabs/JueSe/CuiYan/CY_JN_02_D_03.prefab,,Effect/Prefabs/JueSe/CuiYan/CY_JX/CY_JN_02_D_JX_03.prefab,,
816,Effect/Prefabs/JueSe/CuiYan/CY_JN_04_D1.prefab,Effect/Prefabs/JueSe/JueSe_JianBan/CuiYan/CY_JN_04_D1_J.prefab,Effect/Prefabs/JueSe/CuiYan/CY_JX/CY_JN_04_D1.prefab,,
817,Effect/Prefabs/JueSe/CuiYan/CY_JN_04_JZ.prefab,,Effect/Prefabs/JueSe/CuiYan/CY_JX/CY_JN_04_JZ.prefab,,
831,Effect/Prefabs/JueSe/CuiYan/CY_JN_02_X.prefab,,Effect/Prefabs/JueSe/CuiYan/CY_JX/CY_JN_02_JX_X.prefab,,
833,Effect/Prefabs/JueSe/CuiYan/CY_JN_03_CC.prefab,,,,
834,Effect/Prefabs/JueSe/CuiYan/CY_JN_03_XMci.prefab,,,,
835,Effect/Prefabs/JueSe/CuiYan/CY_JX/CY_JN_03_JX_CC.prefab,,,,
836,Effect/Prefabs/JueSe/CuiYan/CY_JX/CY_JN_03_JX_XMci.prefab,,,,
837,Effect/Prefabs/JueSe/CuiYan/CY_JN_05.prefab,,,,
839,Effect/Prefabs/JueSe/CuiYan/CY_xbwx_buff.prefab,,,,
870,Effect/Prefabs/JueSe/CuiYan/CY_JN_04_JZ _big.prefab,,Effect/Prefabs/JueSe/CuiYan/CY_JX/CY_JN_04_JZ_big.prefab,,
881,Effect/Prefabs/JueSe/CuiYan/CY_JX/CY_JN_04_New_SF.prefab,,Effect/Prefabs/JueSe/CuiYan/CY_JX/CY_JN_04_New_JX_SF.prefab,,
882,Effect/Prefabs/JueSe/CuiYan/CY_JX/CY_JN_04_New_buff.prefab,,Effect/Prefabs/JueSe/CuiYan/CY_JX/CY_JN_04_New_JX_buff.prefab,1,
883,Effect/Prefabs/JueSe/CuiYan/CY_JX/CY_JN_04_New.prefab,,Effect/Prefabs/JueSe/CuiYan/CY_JX/CY_JN_04_New_JX.prefab,,
884,Effect/Prefabs/JueSe/CuiYan/CY_JX/CY_JN_01_New_SF.prefab,,Effect/Prefabs/JueSe/CuiYan/CY_JX/CY_JN_01_New_JX_SF.prefab,,
885,Effect/Prefabs/JueSe/CuiYan/CY_JX/CY_JN_01_New_xuehua.prefab,,Effect/Prefabs/JueSe/CuiYan/CY_JX/CY_JN_01_New_JX_xuehua.prefab,,
886,Effect/Prefabs/JueSe/CuiYan/CY_JX/CuiYan_JX_QieHuan.prefab,,,,
887,Effect/Prefabs/JueSe/CuiYan/CY_JX/CY_JN_SanBiaoji.prefab,,,,
927,Effect/Prefabs/JueSe/NPC/XX/du_02.prefab,,,,
942,Effect/Prefabs/JueSe/NPC/Fuben/partner/jushi.prefab,,,,
948,Effect/Prefabs/JueSe/NPC/Fuben/partner/lingxi.prefab,,,,
949,Effect/Prefabs/JueSe/NPC/Fuben/NPC_011-020/npc_019_at_01_d.prefab,,,,
950,Effect/Prefabs/JueSe/NPC/Fuben/NPC_021-030/npc_019_XinYan_BUFF.prefab,,,,
959,Effect/Prefabs/JueSe/NPC/Fuben/partner/shuanglongtuzhu_at_01_D.prefab,,,,
962,Effect/Prefabs/JueSe/NPC/Fuben/BOSS_011-020/boss013_n_zhuixinjian_D.prefab,,,,
968,Effect/Prefabs/JueSe/NPC/Fuben/NPC_011-020/npc_018_feihualuo_jz.prefab,,,,
969,Effect/Prefabs/JueSe/NPC/Fuben/NPC_011-020/npc_018_feihualuo_D.prefab,,,,
970,Effect/Prefabs/JueSe/NPC/Fuben/NPC_011-020/npc_018_mingyuejue_buff.prefab,,,,
973,Effect/Prefabs/JueSe/NPC/Fuben/NPC_100-110/npc_100_qingxinshu_buff.prefab,,,,
974,Effect/Prefabs/JueSe/NPC/Fuben/NPC_081-090/npc_082_at_02.prefab,,,,
984,Effect/Prefabs/JueSe/NPC/Fuben/partner/MuYeLiuXing.prefab,,,,
985,Effect/Prefabs/JueSe/NPC/Fuben/partner/MuYeLiuXing_D.prefab,,,,
986,Effect/Prefabs/JueSe/NPC/Fuben/NPC_031-040/npc_032_at_02_gaoshanliushui_jz.prefab,,,,
1001,Effect/Prefabs/JueSe/UI/tanhao_lv.prefab,,,,
1002,Effect/Prefabs/JueSe/UI/tanhao_lan.prefab,,,,
1003,Effect/Prefabs/JueSe/UI/wenhao_hui.prefab,,,,
1004,Effect/Prefabs/JueSe/UI/wenhao_lv.prefab,,,,
1005,Effect/Prefabs/JueSe/UI/wenhao_lan.prefab,,,,
1006,Effect/Prefabs/JueSe/UI/wenhao_huang.prefab,,,,
1008,Effect/Prefabs/JueSe/UI/JS.prefab,,,,
1009,Effect/Prefabs/JueSe/UI/ZhanChang_qinggong_qishen.prefab,,,,
1010,Effect/Prefabs/JueSe/UI/ZhanChang_qinggong_luodi.prefab,,,,
1059,Effect/Prefabs/JueSe/UI/jigaoyichou.prefab,,,,
1060,Effect/Prefabs/JueSe/UI/ganbaixiafeng.prefab,,,,
1062,Effect/Prefabs/JueSe/BUFF/chuangong.prefab,,,,
1063,Effect/Prefabs/JueSe/BUFF/chuangong_quan.prefab,,,,
1086,Effect/Prefabs/JueSe/BUFF/chuangong_DL.prefab,,,,
1115,Effect/Prefabs/JueSe/NPC/Fuben/partner/duanhunci.prefab,,,,
1295,Effect/Prefabs/JueSe/NPC/Fuben/NPC_100-110/npc_109_at01.prefab,,,,
1296,Effect/Prefabs/JueSe/NPC/Fuben/NPC_111-120/npc_118_heilong.prefab,,,,
1303,Effect/Prefabs/JueSe/NPC/Fuben/BOSS_001-010/BOSS_003_at_01_1.prefab,,,,
1304,Effect/Prefabs/JueSe/NPC/Fuben/BOSS_001-010/BOSS_003_at_01_2.prefab,,,,
1305,Effect/Prefabs/JueSe/NPC/Fuben/BOSS_001-010/BOSS_003_at_01_3.prefab,,,,
1307,Effect/Prefabs/JueSe/NPC/Fuben/BOSS_001-010/BOSS_003_at_03.prefab,,,,
1308,Effect/Prefabs/JueSe/NPC/Fuben/BOSS_111-120/BOSS_111_at_02.prefab,,,,
1314,Effect/Prefabs/JueSe/NPC/Fuben/BOSS_111-120/BOSS_111_at_03.prefab,,,,
1317,Effect/Prefabs/JueSe/NPC/Fuben/BOSS_111-120/BOSS_111_at_01.prefab,,,,
1318,Effect/Prefabs/JueSe/NPC/Fuben/BOSS_111-120/BOSS_111_at_03_BJ.prefab,,,,
1323,Effect/Prefabs/JueSe/NPC/Fuben/NPC_021-030/NPC_022_at_01.prefab,,,,
1327,Effect/Prefabs/JueSe/NPC/Fuben/NPC_021-030/NPC_022_at_03.prefab,,,,
1328,Effect/Prefabs/JueSe/UI/YuJing_Q.prefab,,,,
1330,Effect/Prefabs/JueSe/NPC/Fuben/NPC_021-030/NPC_021_at_01.prefab,,,,
1332,Effect/Prefabs/JueSe/NPC/Fuben/NPC_021-030/NPC_021_at_02.prefab,,,,
1335,Effect/Prefabs/JueSe/NPC/Fuben/BOSS_001-010/BOSS_004_at_01.prefab,,,,
1336,Effect/Prefabs/JueSe/NPC/Fuben/BOSS_001-010/BOSS_004_at_02.prefab,,,,
1340,Effect/Prefabs/JueSe/NPC/Fuben/NPC_021-030/NPC_022_at_02.prefab,,,,
1350,Effect/Prefabs/JueSe/NPC/Fuben/BOSS_001-010/BOSS_002_at_01.prefab,,,,
1367,Effect/Prefabs/JueSe/NPC/Fuben/NPC_021-030/NPC_015_DM.prefab,,,,
1368,Effect/Prefabs/JueSe/NPC/Fuben/NPC_021-030/NPC_029_at_01.prefab,,,,
1370,Effect/Prefabs/JueSe/NPC/Fuben/NPC_021-030/NPC_029_at_02.prefab,,,,
1373,Effect/Prefabs/JueSe/NPC/Fuben/NPC_021-030/NPC_015_b_xuli.prefab,,,,
1375,Effect/Prefabs/JueSe/NPC/Fuben/NPC_001-010/npc_003_at_02.prefab,,,,
1376,Effect/Prefabs/JueSe/NPC/Fuben/NPC_001-010/npc_003_at_03.prefab,,,,
1377,Effect/Prefabs/JueSe/NPC/Fuben/NPC_001-010/npc_003_at01_D.prefab,,,,
1380,Effect/Prefabs/JueSe/NPC/Fuben/NPC_021-030/NPC_027_at_01.prefab,,,,
1381,Effect/Prefabs/JueSe/NPC/Fuben/NPC_021-030/NPC_027_at_02.prefab,,,,
1383,Effect/Prefabs/JueSe/NPC/Fuben/BOSS_001-010/boss_001_at_01.prefab,,,,
1392,Effect/Prefabs/JueSe/NPC/Fuben/NPC_031-040/npc_032_at01.prefab,,,,
1394,Effect/Prefabs/JueSe/NPC/Fuben/NPC_031-040/npc_032_at02.prefab,,,,
1396,Effect/Prefabs/JueSe/NPC/Fuben/NPC_031-040/npc_032_at_03.prefab,,,,
1398,Effect/Prefabs/JueSe/NPC/HX/npc_fire_6_a.prefab,,,,
1452,Effect/Prefabs/JueSe/UI/YuJing_V_06.prefab,,,,
1453,Effect/Prefabs/JueSe/UI/YuJing_Z.prefab,,,,
1454,Effect/Prefabs/JueSe/UI/YuJing_Q_X.prefab,,,,
1457,Effect/Prefabs/JueSe/NPC/Fuben/TongYong/TY_jinqinggong.prefab,,,,
1458,Effect/Prefabs/JueSe/UI/YuJing_Q_AQ.prefab,,,,
1460,Effect/Prefabs/JueSe/NPC/Fuben/NPC_001-010/npc_003_at_01.prefab,,,,
1461,Effect/Prefabs/JueSe/NPC/Fuben/NPC_001-010/npc_001_at_01.prefab,,,,
1464,Effect/Prefabs/JueSe/NPC/XX/du_01.prefab,,,,
1465,Effect/Prefabs/JueSe/NPC/XX/du_02.prefab,,,,
1466,Effect/Prefabs/JueSe/NPC/XX/du_03.prefab,,,,
1478,Effect/Prefabs/JueSe/NPC/Fuben/NPC_001-010/npc_001_b_at_01.prefab,,,,
1479,Effect/Prefabs/JueSe/NPC/Fuben/NPC_001-010/npc_001_b_at_02.prefab,,,,
1481,Effect/Prefabs/JueSe/NPC/Fuben/NPC_091-100/NPC_093_at_01.prefab,,,,
1485,Effect/Prefabs/JueSe/NPC/Fuben/NPC_091-100/NPC_093_at_04_D.prefab,,,,
1488,Effect/Prefabs/JueSe/NPC/Fuben/NPC_091-100/NPC_093_at_03_01.prefab,,,,
1489,Effect/Prefabs/JueSe/NPC/Fuben/NPC_091-100/NPC_093_at_03_02.prefab,,,,
1492,Effect/Prefabs/JueSe/NPC/Fuben/NPC_091-100/NPC_093_at_04_CX.prefab,,,,
1493,Effect/Prefabs/JueSe/NPC/Fuben/NPC_091-100/NPC_093_at_04_BJ.prefab,,,,
1496,Effect/Prefabs/JueSe/NPC/XX/pugong_02.prefab,,,,
1500,Effect/Prefabs/JueSe/UI/zhiyin_jiantou_x.prefab,,,,
1502,Effect/Prefabs/JueSe/UI/QiJue_GuiQi.prefab,,,,
1503,Effect/Prefabs/JueSe/UI/GH_HF.prefab,,,,
1504,Effect/Prefabs/JueSe/UI/GH_KX.prefab,,,,
1505,Effect/Prefabs/JueSe/UI/GH_KX_1.prefab,,,,
1506,Effect/Prefabs/JueSe/UI/GH_HF_BUFF.prefab,,,,
1507,Effect/Prefabs/JueSe/BUFF/buffqiu_lv_BUFF.prefab,,,,
1508,Effect/Prefabs/JueSe/BUFF/buffqiu_hong_BUFF.prefab,,,,
1509,Effect/Prefabs/JueSe/BUFF/buffqiu_jin_BUFF.prefab,,,,
1510,Effect/Prefabs/JueSe/BUFF/buffqiu_lan_BUFF.prefab,,,,
1512,Effect/Prefabs/JueSe/BUFF/buffqiu_bai_BUFF.prefab,,,,
1513,Effect/Prefabs/JueSe/BUFF/buffqiu_zi_BUFF.prefab,,,,
1533,Effect/Prefabs/JueSe/UI/GH_JS.prefab,,,,
1534,Effect/Prefabs/JueSe/UI/GH_JS_1.prefab,,,,
1535,Effect/Prefabs/JueSe/UI/GH_HX.prefab,,,,
1536,Effect/Prefabs/JueSe/UI/GH_HX_1.prefab,,,,
1538,Effect/Prefabs/JueSe/xiaoyao/JN_03.prefab,,Effect/Prefabs/JueSe/xiaoyao/xiaoyao_c/JN_03_C.prefab,,
1548,Effect/Prefabs/JueSe/NPC/FX/hengfeng.prefab,,,,
1554,Effect/Prefabs/JueSe/NPC/SX/npc_water_3_c.prefab,,,,
1570,Effect/Prefabs/JueSe/NPC/Fuben/NPC_001-010/npc_003_h_at_03.prefab,,,,
1571,Effect/Prefabs/JueSe/NPC/Fuben/NPC_001-010/npc_003_h_at_01.prefab,,,,
1573,Effect/Prefabs/JueSe/NPC/Fuben/NPC_001-010/npc_003_h_at_02.prefab,,,,
1578,Effect/Prefabs/JueSe/NPC/Fuben/NPC_001-010/npc_003_h_at_04.prefab,,,,
1609,Effect/Prefabs/JueSe/NPC/Fuben/NPC_021-030/NPC_029_at_04.prefab,,,,
1611,Effect/Prefabs/JueSe/NPC/Fuben/NPC_021-030/npc_029_at_03.prefab,,,,
1620,Effect/Prefabs/JueSe/NPC/Fuben/NPC_071-080/npc_076_at_01.prefab,,,,
1644,Effect/Prefabs/JueSe/NPC/Fuben/NPC_071-080/npc_078_at_01.prefab,,,,
1660,Effect/Prefabs/JueSe/NPC/Fuben/NPC_041-050/npc_041_at_01.prefab,,,,
1661,Effect/Prefabs/JueSe/NPC/XX/xueqiu.prefab,,,,
1676,Effect/Prefabs/ChangJing/WJ_zb001_tianwang.prefab,,,,
1677,Effect/Prefabs/ChangJing/WJ_zb001_emei.prefab,,,,
1678,Effect/Prefabs/ChangJing/WJ_zb001_taohua.prefab,,,,
1679,Effect/Prefabs/ChangJing/WJ_zb001_xiaoyao.prefab,,,,
1696,Effect/Prefabs/ChangJing/DaiYanRenfazhen_Nan.prefab,,,,
1697,Effect/Prefabs/ChangJing/DaiYanRenfazhen_Nv.prefab,,,,
1698,Effect/Prefabs/HuoDong/TY_ZhanChang_Shang.prefab,,,,
1699,Effect/Prefabs/HuoDong/TY_ZhanChang_Zhou.prefab,,,,
1701,Effect/Prefabs/JueSe/NPC/Fuben/NPC_021-030/zc_jianta001_at_01.prefab,,,,
1704,Effect/Prefabs/JueSe/NPC/Fuben/NPC_021-030/zc_jianta001_at_02.prefab,,,,
1705,Effect/Prefabs/JueSe/BUFF/zc_attack.prefab,,,,
1797,Effect/Prefabs/HuoDong/Effect_npc_046_JN_02.prefab,,,,
1799,Effect/Prefabs/HuoDong/Effect_npc_046_JN_01.prefab,,,,
1801,Effect/Prefabs/JueSe/NPC/DX/daoguang_b_0.prefab,,,,
1802,Effect/Prefabs/JueSe/NPC/Fuben/NPC_031-040/npc_036_b_jn_01.prefab,,,,
1808,Effect/Prefabs/JueSe/NPC/HX/npc_fire_3_c.prefab,,,,
1812,Effect/Prefabs/JueSe/NPC/Fuben/NPC_021-030/npc_024_b_at_02_1.prefab,,,,
1813,Effect/Prefabs/JueSe/NPC/Fuben/NPC_021-030/npc_024_b_at_02_2.prefab,,,,
1825,Effect/Prefabs/JueSe/NPC/Fuben/NPC_031-040/npc_034_b_at_01.prefab,,,,
1827,Effect/Prefabs/JueSe/NPC/Fuben/NPC_031-040/npc_034_at_02.prefab,,,,
1835,Effect/Prefabs/JueSe/NPC/Fuben/NPC_031-040/NPC_038_at_01.prefab,,,,
1837,Effect/Prefabs/JueSe/NPC/Fuben/NPC_031-040/NPC_038_at_02_jz.prefab,,,,
1843,Effect/Prefabs/JueSe/NPC/DX/wandao_DX.prefab,,,,
1850,Effect/Prefabs/JueSe/NPC/Fuben/NPC_041-050/npc_042_b_at_02.prefab,,,,
1864,Effect/Prefabs/JueSe/NPC/Fuben/BOSS_101-110/boss011_JN_01_D.prefab,,,,
1865,Effect/Prefabs/JueSe/NPC/Fuben/BOSS_101-110/boss011_JN_01.prefab,,,,
1866,Effect/Prefabs/JueSe/NPC/Fuben/BOSS_101-110/boss011_JN_02_D.prefab,,,,
1868,Effect/Prefabs/JueSe/NPC/Fuben/BOSS_101-110/boss011_JN_03.prefab,,,,
1869,Effect/Prefabs/JueSe/NPC/Fuben/BOSS_101-110/boss011_JN_04_D.prefab,,,,
1870,Effect/Prefabs/JueSe/NPC/Fuben/BOSS_101-110/boss011_JN_04.prefab,,,,
1871,Effect/Prefabs/JueSe/NPC/Fuben/BOSS_101-110/boss011_at_01.prefab,,,,
1883,Effect/Prefabs/JueSe/UI/YuJing_Q_X_x.prefab,,,,
1885,Effect/Prefabs/JueSe/NPC/Fuben/TongYong/TY_XF_H_x.prefab,,,,
1887,Effect/Prefabs/JueSe/NPC/Fuben/NPC_051-060/npc_057_b.prefab,,,,
1889,Effect/Prefabs/JueSe/UI/GH_ZD_BUFF.prefab,,,,
1890,Effect/Prefabs/JueSe/NPC/Fuben/TongYong/TY_huopenwu_1.prefab,,,,
1892,Effect/Prefabs/JueSe/NPC/FX/npc_beiji_mu.prefab,,,,
1893,Effect/Prefabs/JueSe/NPC/SX/npc_beiji_shui.prefab,,,,
1894,Effect/Prefabs/JueSe/NPC/HX/npc_beiji_huo.prefab,,,,
1895,Effect/Prefabs/JueSe/NPC/DX/npc_beiji_tu.prefab,,,,
1896,Effect/Prefabs/JueSe/NPC/JX/npc_zhuazi_jin.prefab,,,,
1897,Effect/Prefabs/JueSe/NPC/FX/npc_zhuazi_mu.prefab,,,,
1898,Effect/Prefabs/JueSe/NPC/SX/npc_zhuazi_shui.prefab,,,,
1899,Effect/Prefabs/JueSe/NPC/DX/npc_zhuazi_tu.prefab,,,,
2001,Effect/Prefabs/JueSe/NPC/Fuben/BOSS_111-120/BOSS_111_DH.prefab,,,,
2035,Effect/Prefabs/JueSe/NPC/Fuben/GH/GH_Huo.prefab,,,,
2053,Effect/Prefabs/JueSe/NPC/Fuben/Random/NPC_020-040/NPC_035_at_01.prefab,,,,
2069,Effect/Prefabs/JueSe/NPC/Fuben/Random/NPC_020-040/NPC_029_at_01.prefab,,,,
2070,Effect/Prefabs/JueSe/NPC/Fuben/Random/NPC_020-040/NPC_029_at_02.prefab,,,,
2071,Effect/Prefabs/JueSe/NPC/Fuben/Random/NPC_020-040/FL_at_01.prefab,,,,
2077,Effect/Prefabs/JueSe/NPC/Fuben/Random/NPC_020-040/FL_at_02.prefab,,,,
2309,Effect/Prefabs/ChangJing/yanhua.prefab,,,,
2315,Effect/Prefabs/JueSe/NPC/Fuben/TongYong/hd_fireworks_1.prefab,,,,
2341,Effect/Prefabs/JueSe/UI/YuJing_T_2.prefab,,,,
2342,Effect/Prefabs/JueSe/UI/YuJing_T_3.prefab,,,,
2349,Effect/Prefabs/JueSe/UI/YuJing_T_4.prefab,,,,
2363,Effect/Prefabs/JueSe/NPC/Fuben/TongYong/TY_hengsao_jin_big.prefab,,,,
2364,Effect/Prefabs/JueSe/NPC/Fuben/TongYong/TY_hengsao_shui_big.prefab,,,,
2365,Effect/Prefabs/JueSe/NPC/Fuben/TongYong/TY_hengsao_huo_big.prefab,,,,
2366,Effect/Prefabs/JueSe/NPC/Fuben/TongYong/TY_hengsao_mu_big.prefab,,,,
2367,Effect/Prefabs/JueSe/NPC/Fuben/TongYong/TY_XF_J.prefab,,,,
2368,Effect/Prefabs/JueSe/NPC/Fuben/TongYong/TY_XF_S.prefab,,,,
2369,Effect/Prefabs/JueSe/NPC/Fuben/TongYong/TY_XF_H.prefab,,,,
2370,Effect/Prefabs/JueSe/NPC/Fuben/TongYong/TY_XF_F.prefab,,,,
2385,Effect/Prefabs/JueSe/NPC/Fuben/TongYong/TY_luolei.prefab,,,,
2386,Effect/Prefabs/JueSe/NPC/Fuben/TongYong/TY_luolei_BJ.prefab,,,,
2398,Effect/Prefabs/JueSe/UI/GH_FT.prefab,,,,
2399,Effect/Prefabs/JueSe/UI/GH_FT_1.prefab,,,,
2400,Effect/Prefabs/JueSe/UI/GH_FS.prefab,,,,
2401,Effect/Prefabs/JueSe/UI/GH_FS_1.prefab,,,,
2404,Effect/Prefabs/JueSe/UI/GH_ZD.prefab,,,,
2405,Effect/Prefabs/JueSe/NPC/Fuben/NPC_021-030/NPC_015_DM_TY.prefab,,,,
2408,Effect/Prefabs/JueSe/NPC/Fuben/TongYong/TY_dupenwu.prefab,,,,
2410,Effect/Prefabs/JueSe/NPC/Fuben/TongYong/TY_bingpenwu.prefab,,,,
2412,Effect/Prefabs/JueSe/NPC/Fuben/TongYong/TY_huopenwu.prefab,,,,
2414,Effect/Prefabs/JueSe/NPC/Fuben/TongYong/TY_leiji.prefab,,,,
2416,Effect/Prefabs/JueSe/UI/GH_WD.prefab,,,,
2425,Effect/Prefabs/JueSe/NPC/Fuben/TongYong/TY_leiji_D.prefab,,,,
2445,Effect/Prefabs/JueSe/NPC/FX/npc_wind_3_c.prefab,,,,
2457,Effect/Prefabs/JueSe/NPC/Fuben/TongYong/TY_dupenwu_0.prefab,,,,
2459,Effect/Prefabs/JueSe/NPC/Fuben/TongYong/TY_bingpenwu_0.prefab,,,,
2461,Effect/Prefabs/JueSe/NPC/Fuben/TongYong/TY_huopenwu_0.prefab,,,,
2463,Effect/Prefabs/JueSe/NPC/Fuben/TongYong/TY_leiji_0.prefab,,,,
2474,Effect/Prefabs/JueSe/NPC/FX/npc_wind_2_c.prefab,,,,
2475,Effect/Prefabs/JueSe/NPC/Fuben/TongYong/TY_hengsao_tu_big.prefab,,,,
2476,Effect/Prefabs/JueSe/NPC/Fuben/TongYong/TY_XF_T.prefab,,,,
2486,Effect/Prefabs/JueSe/NPC/JX/wandao_jx_big.prefab,,,,
2496,Effect/Prefabs/JueSe/NPC/Fuben/TongYong/TY_pebhuoyan.prefab,,,,
2497,Effect/Prefabs/JueSe/NPC/HX/npc_fire_5_b_D.prefab,,,,
2508,Effect/Prefabs/JueSe/NPC/Fuben/NPC_051-060/npc_053_at_01.prefab,,,,
2509,Effect/Prefabs/JueSe/NPC/Fuben/NPC_051-060/npc_053_hengsaoqianjun.prefab,,,,
2560,Effect/Prefabs/JueSe/NPC/Fuben/NPC_091-100/npc_077_at_01.prefab,,,,
2564,Effect/Prefabs/JueSe/NPC/Fuben/NPC_071-080/NPC_075_at_01.prefab,,,,
2565,Effect/Prefabs/JueSe/NPC/Fuben/NPC_071-080/NPC_075_at_02.prefab,,,,
2568,Effect/Prefabs/JueSe/NPC/Fuben/partner/bos111_test_n_at_01.prefab,,,,
2574,Effect/Prefabs/JueSe/NPC/Fuben/BOSS_011-020/boss011_n_at_01.prefab,,,,
2636,Effect/Prefabs/JueSe/NPC/Fuben/NPC_041-050/npc_044_kunlonggong.prefab,,,,
2638,Effect/Prefabs/JueSe/NPC/Fuben/BOSS_011-020/boss015_n_at_02.prefab,,,,
2641,Effect/Prefabs/JueSe/NPC/Fuben/NPC_100-110/npc_112_at_01.prefab,,,,
2642,Effect/Prefabs/JueSe/NPC/Fuben/partner/bingxinxianzi.prefab,,,,
2643,Effect/Prefabs/JueSe/NPC/Fuben/partner/bingxinxianzi_L.prefab,,,,
2644,Effect/Prefabs/JueSe/NPC/Fuben/NPC_031-040/npc_037_at01.prefab,,,,
2646,Effect/Prefabs/JueSe/NPC/Fuben/partner/bailangruzhen.prefab,,,,
2648,Effect/Prefabs/JueSe/NPC/Fuben/BOSS_011-020/boss013_n_at_01.prefab,,,,
2649,Effect/Prefabs/JueSe/NPC/Fuben/NPC_041-050/npc_041_n_at_02.prefab,,,,
2670,Effect/Prefabs/JueSe/NPC/Fuben/BOSS_011-020/BOSS013_n_AT_02.prefab,,,,
2671,Effect/Prefabs/JueSe/NPC/Fuben/partner/boss011_n_at_01.prefab,,,,
2672,Effect/Prefabs/JueSe/NPC/Fuben/NPC_081-090/NPC_087_AT_02.prefab,,,,
2696,Effect/Prefabs/JueSe/NPC/Fuben/NPC_021-030/npc_026_at_changyanluori_D.prefab,,,,
2704,Effect/Prefabs/JueSe/NPC/Fuben/TongYong/TY_hengsao_huo_big.prefab,,,,
2708,Effect/Prefabs/JueSe/UI/GH_FT_BUFF.prefab,,,,
2709,Effect/Prefabs/JueSe/UI/GH_FS_BUFF.prefab,,,,
2710,Effect/Prefabs/JueSe/NPC/FX/npc_byz_f.prefab,,,,
2711,Effect/Prefabs/JueSe/NPC/SX/npc_byz_s.prefab,,,,
2712,Effect/Prefabs/JueSe/NPC/HX/npc_byz_h.prefab,,,,
2713,Effect/Prefabs/JueSe/NPC/DX/npc_byz_tu.prefab,,,,
2714,Effect/Prefabs/JueSe/NPC/JX/npc_sg_jin.prefab,,,,
2715,Effect/Prefabs/JueSe/NPC/FX/npc_sg_mu.prefab,,,,
2716,Effect/Prefabs/JueSe/NPC/HX/npc_sg_huo.prefab,,,,
2717,Effect/Prefabs/JueSe/NPC/DX/npc_sg_tu.prefab,,,,
2718,Effect/Prefabs/JueSe/NPC/FX/npc_jx_mu.prefab,,,,
2719,Effect/Prefabs/JueSe/NPC/SX/npc_jx_shui.prefab,,,,
2720,Effect/Prefabs/JueSe/NPC/HX/npc_jx_huo.prefab,,,,
2721,Effect/Prefabs/JueSe/NPC/DX/npc_jx_tu.prefab,,,,
2722,Effect/Prefabs/JueSe/NPC/JX/npc_gj_jin.prefab,,,,
2723,Effect/Prefabs/JueSe/NPC/FX/npc_gj_mu.prefab,,,,
2724,Effect/Prefabs/JueSe/NPC/SX/npc_gj_shui.prefab,,,,
2725,Effect/Prefabs/JueSe/NPC/HX/npc_gj_huo.prefab,,,,
2726,Effect/Prefabs/JueSe/NPC/DX/npc_gj_tu.prefab,,,,
2729,Effect/Prefabs/JueSe/NPC/JX/npc_cfcx_jin.prefab,,,,
2741,Effect/Prefabs/JueSe/NPC/DX/npc_cfcx_tu.prefab,,,,
2756,Effect/Prefabs/JueSe/NPC/JX/npc_fd_jin.prefab,,,,
2758,Effect/Prefabs/JueSe/NPC/DX/npc_fd_tu.prefab,,,,
2769,Effect/Prefabs/ChangJing/she_jiguan.prefab,,,,
2771,Effect/Prefabs/ChangJing/cangjian_rongyanpo.prefab,,,,
2773,Effect/Prefabs/JueSe/NPC/Fuben/TongYong/TY_jinpenwu_0.prefab,,,,
2777,Effect/Prefabs/JueSe/JueSe_JianBan/EMei/EM_JN_03_J.prefab,,,,
2791,Effect/Prefabs/JueSe/UI/YuJing_YY.prefab,,,,
2801,Effect/Prefabs/JueSe/other1/yinghuochong.prefab,,,,
2802,Effect/Prefabs/JueSe/NPC/Fuben/NPC_111-120/npc_111_bojierfu_leidian.prefab,,,,
2837,Effect/Prefabs/JueSe/JueSe_JianBan/XiaoYao/XY_JN_04_J.prefab,,,,
2841,Effect/Prefabs/JueSe/NPC/Fuben/NPC_100-110/npc_110_NuYanChongTian.prefab,,,,
2842,Effect/Prefabs/JueSe/NPC/Fuben/NPC_021-030/npc_030_at_01.prefab,,,,
2844,Effect/Prefabs/JueSe/BUFF/buffqiu_shan_hong.prefab,,,,
2845,Effect/Prefabs/JueSe/BUFF/buffqiu_shan_lv.prefab,,,,
2849,Effect/Prefabs/JueSe/NPC/Fuben/NPC_051-060/npc_058_xueyinghongchen.prefab,,,,
2853,Effect/Prefabs/JueSe/NPC/Fuben/BOSS_001-010/boss006_at_01.prefab,,,,
2854,Effect/Prefabs/JueSe/NPC/Fuben/BOSS_001-010/boss006_at_02.prefab,,,,
2856,Effect/Prefabs/JueSe/NPC/Fuben/NPC_100-110/npc_112_at_01.prefab,,,,
2857,Effect/Prefabs/JueSe/NPC/Fuben/NPC_100-110/npc_112_at_01.prefab,,,,
2860,Effect/Prefabs/JueSe/NPC/Fuben/BOSS_011-020/boss011_n_YouLongJianYi_XiaoSan.prefab,,,,
2862,Effect/Prefabs/JueSe/NPC/Fuben/NPC_091-100/npc_099_at_01_chuanxinci.prefab,,,,
2866,Effect/Prefabs/JueSe/NPC/Fuben/BOSS_011-020/boss011_n_shenglong.prefab,,,,
2867,Effect/Prefabs/JueSe/NPC/Fuben/BOSS_011-020/boss011_n_YouLongJianYi_Buff.prefab,,,,
2876,Effect/Prefabs/JueSe/NPC/Fuben/NPC_111-120/npc_117_at_01.prefab,,,,
2880,Effect/Prefabs/JueSe/NPC/Fuben/NPC_091-100/Boss_100_at_01.prefab,,,,
2885,Effect/Prefabs/JueSe/NPC/Fuben/NPC_111-120/npc_118_at_01.prefab,,,,
2886,Effect/Prefabs/JueSe/NPC/Fuben/NPC_111-120/npc_120_jibanfu_buff.prefab,,,,
2888,Effect/Prefabs/JueSe/NPC/Fuben/NPC_100-110/npc_109_at_02_BUFF.prefab,,,,
2900,Effect/Prefabs/JueSe/NPC/Fuben/partner/canghaiyueming.prefab,,,,
2915,Effect/Prefabs/JueSe/NPC/Fuben/NPC_100-110/npc_110_at_01_D.prefab,,,,
2916,Effect/Prefabs/JueSe/NPC/Fuben/NPC_091-100/npc_094_at_01_D.prefab,,,,
2917,Effect/Prefabs/JueSe/NPC/Fuben/NPC_081-090/npc_087_at_01_D.prefab,,,,
2918,Effect/Prefabs/JueSe/NPC/Fuben/NPC_051-060/NPC_056_at_01_D.prefab,,,,
2919,Effect/Prefabs/JueSe/NPC/Fuben/NPC_091-100/npc_093_at_01_1_D.prefab,,,,
2920,Effect/Prefabs/JueSe/NPC/Fuben/NPC_021-030/npc_026_at_01_D.prefab,,,,
2921,Effect/Prefabs/JueSe/NPC/Fuben/NPC_100-110/npc_100_at_01_D.prefab,,,,
2922,Effect/Prefabs/JueSe/NPC/Fuben/NPC_111-120/npc_117_at_01_D.prefab,,,,
2923,Effect/Prefabs/JueSe/NPC/Fuben/NPC_111-120/npc_119_at_01_D.prefab,,,,
2924,Effect/Prefabs/JueSe/NPC/Fuben/NPC_041-050/npc_044_at_01_D.prefab,,,,
2925,Effect/Prefabs/JueSe/NPC/Fuben/NPC_111-120/npc_118_at_01_D.prefab,,,,
2926,Effect/Prefabs/JueSe/NPC/Fuben/NPC_111-120/npc_120_at_01_D.prefab,,,,
2927,Effect/Prefabs/JueSe/NPC/Fuben/NPC_100-110/npc_109_at01_D.prefab,,,,
2928,Effect/Prefabs/JueSe/NPC/Fuben/NPC_051-060/npc_053_at_01_D.prefab,,,,
2929,Effect/Prefabs/JueSe/NPC/Fuben/NPC_091-100/npc_099_at_01_D.prefab,,,,
2951,Effect/Prefabs/JueSe/NPC/Fuben/NPC_081-090/NPC_082_at_01_D.prefab,,,,
3017,Effect/Prefabs/JueSe/NPC/DX/npc_earth_3_b.prefab,,,,
3021,Effect/Prefabs/JueSe/NPC/XX/npc_beiji_c.prefab,,,,
3022,Effect/Prefabs/JueSe/NPC/XX/npc_zhuazi_c.prefab,,,,
3024,Effect/Prefabs/JueSe/NPC/JX/npc_gold_1_d.prefab,,,,
3025,Effect/Prefabs/JueSe/NPC/SX/npc_water_1_d.prefab,,,,
3026,Effect/Prefabs/JueSe/NPC/HX/npc_fire_1_d.prefab,,,,
3027,Effect/Prefabs/JueSe/NPC/FX/npc_wind_1_d.prefab,,,,
3050,Effect/Prefabs/JueSe/NPC/DX/npc_earth_5_c.prefab,,,,
3059,Effect/Prefabs/JueSe/NPC/DX/npc_earth_1_d.prefab,,,,
3060,Effect/Prefabs/JueSe/UI/can_lv.prefab,,,,
3061,Effect/Prefabs/JueSe/UI/ma_hong.prefab,,,,
3068,Effect/Prefabs/JueSe/NPC/DX/npc_earth_2_b.prefab,,,,
3182,Effect/Prefabs/JueSe/NPC/Fuben/NPC_051-060/npc_059_at_01.prefab,,,,
3261,Effect/Prefabs/JueSe/ShaoLin/SL_at_01_BJ.prefab,,,,
3263,Effect/Prefabs/JueSe/ShaoLin/SL_at_03_BJ.prefab,,,,
3268,Effect/Prefabs/JueSe/ShaoLin/SL_JN_02_BJ.prefab,,,,
3270,Effect/Prefabs/JueSe/ShaoLin/SL_JN_03_Buff.prefab,,,,
3281,Effect/Prefabs/JueSe/ShaoLin/SL_jgnm_buff.prefab,,,,
3301,Effect/Prefabs/JueSe/emei/at_01_D.prefab,,,,
3302,Effect/Prefabs/JueSe/emei/at_02_D.prefab,,,,
3303,Effect/Prefabs/JueSe/emei/at_03_D.prefab,,,,
3304,Effect/Prefabs/JueSe/emei/at_04_D.prefab,,,,
3306,Effect/Prefabs/JueSe/emei/JN_01_BUFF.prefab,,Effect/Prefabs/JueSe/emei/emei_C/JN_01_BUFF_C.prefab,,
3308,Effect/Prefabs/JueSe/emei/JN_02_BJ.prefab,,Effect/Prefabs/JueSe/emei/emei_C/JN_02_BJ_C.prefab,,
3312,Effect/Prefabs/JueSe/emei/JN_04_JZ01.prefab,Effect/Prefabs/JueSe/JueSe_JianBan/EMei/EM_JN_04_JZ01_J.prefab,Effect/Prefabs/JueSe/emei/emei_C/JN_04_JZ01_C.prefab,,
3313,Effect/Prefabs/JueSe/emei/JN_04_JZ02.prefab,Effect/Prefabs/JueSe/JueSe_JianBan/EMei/EM_JN_04_JZ02_J.prefab,Effect/Prefabs/JueSe/emei/emei_C/JN_04_JZ02_C.prefab,,
3401,Effect/Prefabs/JueSe/taohua/at_BJ_1_G.prefab,Effect/Prefabs/JueSe/JueSe_JianBan/TaoHua/at_BJ_1_2_3_G_J.prefab,Effect/Prefabs/JueSe/taohua/TaoHua_c/at_JX_BJ_01_G.prefab,,
3402,Effect/Prefabs/JueSe/taohua/at_BJ_2_G.prefab,Effect/Prefabs/JueSe/JueSe_JianBan/TaoHua/at_BJ_1_2_3_G_J.prefab,Effect/Prefabs/JueSe/taohua/TaoHua_c/at_JX_BJ_02_G.prefab,,
3403,Effect/Prefabs/JueSe/taohua/at_BJ_3_G.prefab,Effect/Prefabs/JueSe/JueSe_JianBan/TaoHua/at_BJ_1_2_3_G_J.prefab,Effect/Prefabs/JueSe/taohua/TaoHua_c/at_JX_BJ_03_G.prefab,,
3407,Effect/Prefabs/JueSe/taohua/JN_02_BJ.prefab,Effect/Prefabs/JueSe/JueSe_JianBan/TaoHua/TH_JN_02_BJ_J.prefab,Effect/Prefabs/JueSe/taohua/TaoHua_c/JN_02_JX_BJ.prefab,,
3410,Effect/Prefabs/JueSe/taohua/JN_03_BJ.prefab,Effect/Prefabs/JueSe/JueSe_JianBan/TaoHua/TH_JN_03_BJ_D_J.prefab,Effect/Prefabs/JueSe/taohua/TaoHua_c/JN_03_JX_BJ.prefab,,
3412,Effect/Prefabs/JueSe/taohua/JN_04_BJ.prefab,Effect/Prefabs/JueSe/JueSe_JianBan/TaoHua/TH_JN_04_BJ_J.prefab,Effect/Prefabs/JueSe/taohua/TaoHua_c/JN_02_JX_BJ.prefab,,
3428,Effect/Prefabs/JueSe/taohua/JN_05_JZ.prefab,,,,
3501,Effect/Prefabs/JueSe/xiaoyao/at_01_JZ.prefab,,,,
3502,Effect/Prefabs/JueSe/xiaoyao/at_02_JZ.prefab,,,,
3503,Effect/Prefabs/JueSe/xiaoyao/at_03_JZ.prefab,,,,
3504,Effect/Prefabs/JueSe/xiaoyao/at_03_JZ.prefab,,,,
3507,Effect/Prefabs/JueSe/xiaoyao/JN_01_JZ_02.prefab,Effect/Prefabs/JueSe/JueSe_JianBan/XiaoYao/XY_JN_01_JZ_02_J.prefab,,,
3601,Effect/Prefabs/JueSe/WuDang1/at_01_BJ.prefab,,,,
3602,Effect/Prefabs/JueSe/WuDang1/at_02_BJ.prefab,,,,
3603,Effect/Prefabs/JueSe/WuDang1/at_03_BJ.prefab,,,,
3604,Effect/Prefabs/JueSe/WuDang1/at_04_BJ.prefab,,,,
3609,Effect/Prefabs/JueSe/WuDang1/WD_JN_01_GD.prefab,,,,
3611,Effect/Prefabs/JueSe/WuDang1/WD_JN_02_SF.prefab,Effect/Prefabs/JueSe/JueSe_JianBan/WuDang/WD_JN_02_SF_J.prefab,,,
3613,Effect/Prefabs/JueSe/WuDang1/JN_03_GD.prefab,,,,
3615,Effect/Prefabs/JueSe/WuDang1/WD_BJ.prefab,Effect/Prefabs/JueSe/JueSe_JianBan/WuDang/WD_BJ_J.prefab,,,
3701,Effect/Prefabs/JueSe/TR/TR_at_01_BJ.prefab,,,,
3703,Effect/Prefabs/JueSe/TR/TR_at_03_BJ.prefab,,,,
3707,Effect/Prefabs/JueSe/TR/TR_JN_01_BJ.prefab,Effect/Prefabs/JueSe/JueSe_JianBan/TianRen/TR_JN_01_BJ_J.prefab,,,
3710,Effect/Prefabs/JueSe/TR/TR_JN_02_SH.prefab,,,,
3722,Effect/Prefabs/JueSe/TR/TR_JN_04_JZ.prefab,Effect/Prefabs/JueSe/JueSe_JianBan/TianRen/TR_JN_04_JZ_J.prefab,,,
3740,Effect/Prefabs/JueSe/TR/TR_JN_05_BJ.prefab,,,,
3801,Effect/Prefabs/JueSe/CuiYan/CY_at_01_D.prefab,Effect/Prefabs/JueSe/JueSe_JianBan/CuiYan/CY_at_01_D_J.prefab,Effect/Prefabs/JueSe/CuiYan/CY_JX/CY_at_JX_01_D.prefab,,
3802,Effect/Prefabs/JueSe/CuiYan/CY_at_01_D.prefab,Effect/Prefabs/JueSe/JueSe_JianBan/CuiYan/CY_at_01_D_J.prefab,Effect/Prefabs/JueSe/CuiYan/CY_JX/CY_at_JX_02_D.prefab,,
3803,Effect/Prefabs/JueSe/CuiYan/CY_at_01_D2.prefab,Effect/Prefabs/JueSe/JueSe_JianBan/CuiYan/CY_at_01_D2_J.prefab,Effect/Prefabs/JueSe/CuiYan/CY_JX/CY_at_JX_03_D.prefab,,
3804,Effect/Prefabs/JueSe/CuiYan/CY_at_01_D3.prefab,,Effect/Prefabs/JueSe/CuiYan/CY_JX/CY_at_JX_04_D.prefab,,
3805,Effect/Prefabs/JueSe/JueSe_JianBan/CuiYan/CY_at_01_D_J.prefab,,Effect/Prefabs/JueSe/CuiYan/CY_JX/CY_at_JX_01_D.prefab,,
3806,Effect/Prefabs/JueSe/CuiYan/CY_JN_01_SF.prefab,,Effect/Prefabs/JueSe/CuiYan/CY_JX/CY_JN_01_JX_SF.prefab,,
3808,Effect/Prefabs/JueSe/CuiYan/CY_JN_02_SF.prefab,Effect/Prefabs/JueSe/JueSe_JianBan/CuiYan/CY_JN_02_SF_J.prefab,Effect/Prefabs/JueSe/CuiYan/CY_JX/CY_JN_02_D_JX_SF.prefab,,
3816,Effect/Prefabs/JueSe/CuiYan/CY_JN_04_SF.prefab,,Effect/Prefabs/JueSe/CuiYan/CY_JX/CY_JN_04_JX_SF.prefab,,
3834,Effect/Prefabs/JueSe/CuiYan/CY_JN_03_XM_BJ.prefab,,,,
3835,Effect/Prefabs/JueSe/CuiYan/CY_JX/CY_JN_03_JX_XM_BJ.prefab,,,,
3947,Effect/Prefabs/JueSe/TangMen/TangMen_at04_Shou.prefab,,Effect/Prefabs/JueSe/TangMen/TangMen_JX/TangMen_at04_Shou_jx_c.prefab,,
3949,Effect/Prefabs/JueSe/NPC/Fuben/NPC_011-020/npc_019_at_tianluodiwan_jz.prefab,,,,
3950,Effect/Prefabs/JueSe/NPC/Fuben/NPC_021-030/npc_019_XinYan_SF.prefab,,,,
3959,Effect/Prefabs/JueSe/NPC/Fuben/partner/shuanglongtuzhu_at_01_JZ.prefab,,,,
3962,Effect/Prefabs/JueSe/NPC/Fuben/BOSS_011-020/boss013_n_zhuixinjian_jz.prefab,,,,
3973,Effect/Prefabs/JueSe/NPC/Fuben/NPC_100-110/npc_100_qingxinshu_sf.prefab,,,,
3986,Effect/Prefabs/JueSe/NPC/Fuben/NPC_031-040/npc_032_at_02_gaoshanliushui_sf.prefab,,,,
4130,Effect/Prefabs/JueSe/NPC/Fuben/BOSS_001-010/BOSS_005_at_02_BJ.prefab,,,,
4139,Effect/Prefabs/JueSe/NPC/Fuben/BOSS_001-010/BOSS_005_at_06_BJ.prefab,,,,
4303,Effect/Prefabs/JueSe/NPC/Fuben/BOSS_001-010/BOSS_003_at_01_1_BJ.prefab,,,,
4304,Effect/Prefabs/JueSe/NPC/Fuben/BOSS_001-010/BOSS_003_at_01_2_BJ.prefab,,,,
4305,Effect/Prefabs/JueSe/NPC/Fuben/BOSS_001-010/BOSS_003_at_01_3_BJ.prefab,,,,
4317,Effect/Prefabs/JueSe/NPC/Fuben/TongYong/Bx_duwu_01.prefab,,,,
4323,Effect/Prefabs/JueSe/NPC/Fuben/NPC_021-030/NPC_022_at_01_BJ.prefab,,,,
4332,Effect/Prefabs/JueSe/NPC/Fuben/NPC_021-030/NPC_021_at_02_JZ.prefab,,,,
4375,Effect/Prefabs/JueSe/NPC/Fuben/NPC_001-010/npc_003_at_02_jz.prefab,,,,
4490,Effect/Prefabs/JueSe/NPC/Fuben/NPC_091-100/NPC_093_at_04_CZ.prefab,,,,
4492,Effect/Prefabs/JueSe/NPC/Fuben/NPC_091-100/NPC_093_at_04_XL.prefab,,,,
4501,Effect/Prefabs/JueSe/UI/ZhongShang.prefab,,,,
4502,Effect/Prefabs/JueSe/UI/QiJue.prefab,,,,
4507,Effect/Prefabs/JueSe/BUFF/buffqiu_hui_lv.prefab,,,,
4508,Effect/Prefabs/JueSe/BUFF/buffqiu_gong_hong.prefab,,,,
4509,Effect/Prefabs/JueSe/BUFF/buffqiu_fang_jin.prefab,,,,
4510,Effect/Prefabs/JueSe/BUFF/buffqiu_su_lan.prefab,,,,
4512,Effect/Prefabs/JueSe/BUFF/buffqiu_bai_BUFF.prefab,,,,
4513,Effect/Prefabs/JueSe/BUFF/buffqiu_zi_BUFF.prefab,,,,
4549,Effect/Prefabs/JueSe/ChangGe/ChangGe_JN_03_BUFF.prefab,,Effect/Prefabs/JueSe/ChangGe/ChangGe_JX/ChangGe_JN_03_BUFF_JX.prefab,1,
4550,Effect/Prefabs/JueSe/ChangGe/ChangGe_JX/ChangGe_JN_BeiDong_New_Buffme.prefab,,Effect/Prefabs/JueSe/ChangGe/ChangGe_JX/ChangGe_JN_BeiDong_New_Buffme_JX.prefab,,
4551,Effect/Prefabs/JueSe/ChangGe/ChangGe_JX/ChangGe_JN_BeiDong_New_ShiFa.prefab,,Effect/Prefabs/JueSe/ChangGe/ChangGe_JX/ChangGe_JN_BeiDong_New_ShiFa_JX.prefab,,
4552,Effect/Prefabs/JueSe/ChangGe/ChangGe_JX/ChangGe_JX_QieHuan.prefab,,,,
4710,Effect/Prefabs/JueSe/other1/TianJiMenKe_chuangong.prefab,,,,
4711,Effect/Prefabs/JueSe/other1/TianJiMenKe_JieFeng.prefab,,,,
4712,Effect/Prefabs/JueSe/other1/TianJiMenKe_ChuanGong2_ShenJi.prefab,,,,
4713,Effect/Prefabs/JueSe/other1/TianJiMenKe_JieFeng_2.prefab,,,,
4868,Effect/Prefabs/JueSe/NPC/Fuben/BOSS_101-110/boss011_at_02.prefab,,,,
4876,Effect/Prefabs/JueSe/NPC/HX/wandao_HX.prefab,,,,
4932,Effect/Prefabs/HuoDong/Animfight_Buff_Effect_Max_Speed_Hurt.prefab,,,1,
4933,Effect/Prefabs/HuoDong/Animfight_Buff_Effect_Offset_Hurt.prefab,,,1,
5385,Effect/Prefabs/JueSe/NPC/Fuben/TongYong/TY_lei_BJ.prefab,,,,
5696,Effect/Prefabs/JueSe/NPC/Fuben/NPC_021-030/npc_026_at_changyanluori_sf.prefab,,,,
5802,Effect/Prefabs/JueSe/NPC/Fuben/NPC_111-120/npc_111_bojierfu_sf.prefab,,,,
5888,Effect/Prefabs/JueSe/NPC/Fuben/NPC_100-110/npc_109_at_02_sf.prefab,,,,
5971,Effect/Prefabs/JueSe/NPC/Fuben/TongYong/DaLie_at_01_2.prefab,,,,
5972,Effect/Prefabs/JueSe/NPC/Fuben/TongYong/DaLie_at_01_1.prefab,,,,
5973,Effect/Prefabs/JueSe/NPC/Fuben/TongYong/DaLie_at_01_3.prefab,,,,
5974,Effect/Prefabs/JueSe/NPC/Fuben/TongYong/DaLie_JN_02_2.prefab,,,,
5975,Effect/Prefabs/JueSe/NPC/Fuben/TongYong/DaLie_JN_02_1.prefab,,,,
5976,Effect/Prefabs/JueSe/NPC/Fuben/TongYong/DaLie_JN_02_3.prefab,,,,
5977,Effect/Prefabs/JueSe/NPC/Fuben/TongYong/DaLie_JN_01_2.prefab,,,,
5978,Effect/Prefabs/JueSe/NPC/Fuben/TongYong/DaLie_JN_01_1.prefab,,,,
5979,Effect/Prefabs/JueSe/NPC/Fuben/TongYong/DaLie_JN_01_3.prefab,,,,
6032,Effect/Prefabs/JueSe/NPC/DX/npc_earth_2_a.prefab,,,,
6033,Effect/Prefabs/JueSe/NPC/SX/npc_water_2_a.prefab,,,,
6034,Effect/Prefabs/JueSe/NPC/HX/npc_fire_2_a.prefab,,,,
6035,Effect/Prefabs/JueSe/NPC/FX/npc_wind_2_a.prefab,,,,
6059,Effect/Prefabs/JueSe/NPC/DX/npc_earth_1_c.prefab,,,,
6114,Effect/Prefabs/JueSe/NPC/YeShou/Aobai/gangzhikaijia.prefab,,,,
6117,Effect/Prefabs/JueSe/other1/Effect_longzhou_run.prefab,,,,
6118,Effect/Prefabs/JueSe/other1/Effect_longzhou_st.prefab,,,,
6119,Effect/Prefabs/UI/Effect_longzhou_guanjun.prefab,,,,
6213,Effect/Prefabs/JueSe/zhanshi/JN_04.prefab,Effect/Prefabs/JueSe/JueSe_JianBan/TianWang/TW_JN_04_J.prefab,,,
6301,Effect/Prefabs/JueSe/emei/at_01_1.prefab,,,,
6302,Effect/Prefabs/JueSe/emei/at_02_2.prefab,,,,
6303,Effect/Prefabs/JueSe/emei/at_03_3.prefab,,,,
6306,Effect/Prefabs/JueSe/emei/JN_01_SF.prefab,Effect/Prefabs/JueSe/JueSe_JianBan/EMei/EM_JN_01_SF_J.prefab,,,
6307,Effect/Prefabs/JueSe/emei/JN_01_WQ.prefab,,,,
6308,Effect/Prefabs/JueSe/emei/JN_02_SF.prefab,,,,
6310,Effect/Prefabs/JueSe/emei/JN_03_SF.prefab,,,,
6311,Effect/Prefabs/JueSe/emei/JN_03_WQ.prefab,,Effect/Prefabs/JueSe/emei/emei_C/JN_03_WQ_C.prefab,,
6312,Effect/Prefabs/JueSe/emei/JN_04_CX_H.prefab,Effect/Prefabs/JueSe/JueSe_JianBan/EMei/EM_JN_04_CX_H_J.prefab,Effect/Prefabs/JueSe/emei/emei_C/JN_04_CX_H_C.prefab,,
6346,Effect/Prefabs/JueSe/emei/JN_05_SF_G.prefab,,,,
6347,Effect/Prefabs/JueSe/emei/JN_05_WQ.prefab,,,,
6401,Effect/Prefabs/JueSe/taohua/at_01_G.prefab,Effect/Prefabs/JueSe/JueSe_JianBan/TaoHua/TH_at_01_G_J.prefab,Effect/Prefabs/JueSe/taohua/TaoHua_c/at_JX_01_G.prefab,,
6402,Effect/Prefabs/JueSe/taohua/at_02_G.prefab,Effect/Prefabs/JueSe/JueSe_JianBan/TaoHua/TH_at_02_G_J.prefab,Effect/Prefabs/JueSe/taohua/TaoHua_c/at_JX_02_G.prefab,,
6403,Effect/Prefabs/JueSe/taohua/at_03_G.prefab,Effect/Prefabs/JueSe/JueSe_JianBan/TaoHua/TH_at_03_G_J.prefab,Effect/Prefabs/JueSe/taohua/TaoHua_c/at_JX_03_G.prefab,,
6406,Effect/Prefabs/JueSe/taohua/JN_01_G.prefab,Effect/Prefabs/JueSe/JueSe_JianBan/TaoHua/TH_JN_01_G_J.prefab,Effect/Prefabs/JueSe/taohua/TaoHua_c/JN_01_JX_G.prefab,,
6407,Effect/Prefabs/JueSe/taohua/JN_02_G.prefab,Effect/Prefabs/JueSe/JueSe_JianBan/TaoHua/TH_JN_02_G_J.prefab,Effect/Prefabs/JueSe/taohua/TaoHua_c/JN_02_JX_G.prefab,,
6410,Effect/Prefabs/JueSe/taohua/JN_03X_G.prefab,Effect/Prefabs/JueSe/JueSe_JianBan/TaoHua/TH_JN_03X_G_J.prefab,Effect/Prefabs/JueSe/taohua/TaoHua_c/JN_03X_JX_G.prefab,,
6412,Effect/Prefabs/JueSe/taohua/JN_04_G.prefab,Effect/Prefabs/JueSe/JueSe_JianBan/TaoHua/TH_JN_04_J.prefab,Effect/Prefabs/JueSe/taohua/TaoHua_c/JN_04_JX_G.prefab,,
6427,Effect/Prefabs/JueSe/taohua/JN_05.prefab,,,,
6428,Effect/Prefabs/JueSe/taohua/TaoHua_c/JN_04_New.prefab,,Effect/Prefabs/JueSe/taohua/TaoHua_c/JN_04_JX_New.prefab,,
6506,Effect/Prefabs/JueSe/xiaoyao/JN_01.prefab,Effect/Prefabs/JueSe/JueSe_JianBan/XiaoYao/XY_JN_01_J.prefab,Effect/Prefabs/JueSe/xiaoyao/xiaoyao_c/JN_01_C.prefab,,
6507,Effect/Prefabs/JueSe/xiaoyao/JN_02_CX.prefab,,,,
6508,Effect/Prefabs/JueSe/xiaoyao/JN_02_G.prefab,,Effect/Prefabs/JueSe/xiaoyao/xiaoyao_c/JN_02_G_C.prefab,,
6527,Effect/Prefabs/JueSe/xiaoyao/JN_05.prefab,,,,
6601,Effect/Prefabs/JueSe/WuDang1/at_01.prefab,Effect/Prefabs/JueSe/JueSe_JianBan/WuDang/WD_at_01_J.prefab,,,
6602,Effect/Prefabs/JueSe/WuDang1/at_02.prefab,Effect/Prefabs/JueSe/JueSe_JianBan/WuDang/WD_at_02_J.prefab,,,
6603,Effect/Prefabs/JueSe/WuDang1/at_03.prefab,Effect/Prefabs/JueSe/JueSe_JianBan/WuDang/WD_at_03_J.prefab,,,
6604,Effect/Prefabs/JueSe/WuDang1/at_04.prefab,Effect/Prefabs/JueSe/JueSe_JianBan/WuDang/WD_at_04_J.prefab,,,
6609,Effect/Prefabs/JueSe/WuDang1/WD_JN_01_SF.prefab,Effect/Prefabs/JueSe/JueSe_JianBan/WuDang/WD_JN_01_SF_J.prefab,,,
6611,Effect/Prefabs/JueSe/WuDang1/WD_JN_02.prefab,Effect/Prefabs/JueSe/JueSe_JianBan/WuDang/WD_JN_02_J.prefab,,,
6613,Effect/Prefabs/JueSe/WuDang1/WD_JN_03.prefab,Effect/Prefabs/JueSe/JueSe_JianBan/WuDang/WD_JN_03_J.prefab,,,
6615,Effect/Prefabs/JueSe/WuDang1/WD_JN_04_SF_01.prefab,Effect/Prefabs/JueSe/JueSe_JianBan/WuDang/WD_JN_04_SF_01_J.prefab,,,
6616,Effect/Prefabs/JueSe/WuDang1/WD_JN_04_SF_02.prefab,Effect/Prefabs/JueSe/JueSe_JianBan/WuDang/WD_JN_04_SF_02_J.prefab,,,
6631,Effect/Prefabs/JueSe/WuDang1/WD_JN_JN_05_SF.prefab,,,,
6633,Effect/Prefabs/JueSe/WuDang1/WD_JN_05_LJ_D.prefab,,,,
6705,Effect/Prefabs/JueSe/TR/TR_JN_01.prefab,Effect/Prefabs/JueSe/JueSe_JianBan/TianRen/TR_JN_01_J.prefab,,,
6707,Effect/Prefabs/JueSe/NPC/HX/npc_fire_slow.prefab,,,,
6708,Effect/Prefabs/JueSe/TR/TR_JN_02_SF.prefab,Effect/Prefabs/JueSe/JueSe_JianBan/TianRen/TR_JN_02_SF_J.prefab,,,
6709,Effect/Prefabs/JueSe/TR/TR_JN_02_SF_1.prefab,,,,
6714,Effect/Prefabs/JueSe/TR/TR_JN_03_01.prefab,Effect/Prefabs/JueSe/JueSe_JianBan/TianRen/TR_JN_03_01_J.prefab,,,
6715,Effect/Prefabs/JueSe/TR/TR_JN_03_02.prefab,Effect/Prefabs/JueSe/JueSe_JianBan/TianRen/TR_JN_03_02_J.prefab,,,
6716,Effect/Prefabs/JueSe/TR/TR_JN_03_03.prefab,Effect/Prefabs/JueSe/JueSe_JianBan/TianRen/TR_JN_03_03_J.prefab,,,
6717,Effect/Prefabs/JueSe/TR/TR_JN_03_04.prefab,Effect/Prefabs/JueSe/JueSe_JianBan/TianRen/TR_JN_03_04_J.prefab,,,
6722,Effect/Prefabs/JueSe/TR/TR_JN_04.prefab,Effect/Prefabs/JueSe/JueSe_JianBan/TianRen/TR_JN_04_J.prefab,,,
6723,Effect/Prefabs/JueSe/TR/Tianren_c/TR_JN_yw.prefab,Effect/Prefabs/JueSe/TR/Tianren_c/TR_JN_yw.prefab,Effect/Prefabs/JueSe/TR/Tianren_c/TR_JN_yw_C.prefab,,
6740,Effect/Prefabs/JueSe/TR/TR_JN_05.prefab,,,,
6741,Effect/Prefabs/JueSe/other1/Effect_xingmo_touding_da.prefab,,,,
6742,Effect/Prefabs/JueSe/other1/Effect_xingmo_touding_xiao.prefab,,,,
6743,Effect/Prefabs/JueSe/other1/Effect_xingmo_touding_shun.prefab,,,,
6744,Effect/Prefabs/JueSe/other1/Effect_xingmo_touding_he.prefab,,,,
6801,Effect/Prefabs/JueSe/CuiYan/CY_at_01_BJ.prefab,,Effect/Prefabs/JueSe/CuiYan/CY_JX/CY_at_JX_01_BJ.prefab,,
6803,Effect/Prefabs/JueSe/CuiYan/CY_at_03_BJ.prefab,,Effect/Prefabs/JueSe/CuiYan/CY_JX/CY_at_JX_03_BJ.prefab,,
6806,Effect/Prefabs/JueSe/CuiYan/CY_JN_01_D_YuJing.prefab,Effect/Prefabs/JueSe/JueSe_JianBan/CuiYan/CY_JN_01_D_J_YuJing.prefab,Effect/Prefabs/JueSe/CuiYan/CY_JX/CY_JN_JX_01_D_YuJing.prefab,,
6807,Effect/Prefabs/JueSe/CuiYan/CY_JN_01_YuJing.prefab,Effect/Prefabs/JueSe/JueSe_JianBan/CuiYan/CY_JN_01_J_YuJing.prefab,Effect/Prefabs/JueSe/CuiYan/CY_JX/CY_JN_JX_01_YuJing.prefab,,
6962,Effect/Prefabs/JueSe/NPC/Fuben/BOSS_011-020/boss013_n_zhuixinjian_sf.prefab,,,,
7323,Effect/Prefabs/JueSe/NPC/Fuben/NPC_021-030/NPC_022_at_01_SF.prefab,,,,
7340,Effect/Prefabs/JueSe/NPC/Fuben/NPC_021-030/NPC_022_at_02_SF.prefab,,,,
7367,Effect/Prefabs/JueSe/NPC/Fuben/NPC_021-030/NPC_015_b_Zui.prefab,,,,
8065,Effect/Prefabs/HuoDong/Effect_WuSheng_shan60.prefab,,,,
9001,Effect/Prefabs/JueSe/BUFF/BF_BUFF.prefab,,,,
9002,Effect/Prefabs/JueSe/NPC/SX/npc_water_sw_b.prefab,,,,
9003,Effect/Prefabs/JueSe/NPC/SX/npc_water_sw_c.prefab,,,,
9004,Effect/Prefabs/JueSe/other1/shuaguaidian.prefab,,,,
9005,Effect/Prefabs/JueSe/other1/shuaguaidian_xuanfeng_hong.prefab,,,,
9006,Effect/Prefabs/JueSe/other1/shuaguaidian_xuanfeng_huang.prefab,,,,
9007,Effect/Prefabs/JueSe/other1/shuaguaidian_xuanfeng_lv.prefab,,,,
9008,Effect/Prefabs/JueSe/other1/shuaguaidian_xuanfeng_lan.prefab,,,,
9009,Effect/Prefabs/JueSe/other1/shuaguaidian_hei.prefab,,,,
9010,Effect/Prefabs/JueSe/other1/shuaguaidian_mofa.prefab,,,,
9011,Effect/Prefabs/JueSe/other1/shuaguaidian_xiaoboss.prefab,,,,
9012,Effect/Prefabs/JueSe/other1/baoxiang_CX.prefab,,,,
9013,Effect/Prefabs/JueSe/other1/XuanWo_CJ.prefab,,,,
9014,Effect/Prefabs/JueSe/other1/baoxiang_kai.prefab,,,,
9015,Effect/Prefabs/JueSe/other1/shuaguaidian_zadi.prefab,,,,
9016,Effect/Prefabs/JueSe/NPC/XX/NPC_xuli_jin.prefab,,,,
9017,Effect/Prefabs/JueSe/NPC/XX/NPC_xuli_lan.prefab,,,,
9018,Effect/Prefabs/JueSe/NPC/XX/NPC_xuli_hong.prefab,,,,
9019,Effect/Prefabs/JueSe/NPC/XX/NPC_xuli_lv.prefab,,,,
9020,Effect/Prefabs/JueSe/other1/guangqiang_xiaoshi.prefab,,,,
9021,Effect/Prefabs/JueSe/NPC/Fuben/NPC_021-030/npc_023_at_01.prefab,,,,
9022,Effect/Prefabs/JueSe/NPC/Fuben/NPC_021-030/NPC_015_b_zhua.prefab,,,,
9023,Effect/Prefabs/JueSe/NPC/Fuben/NPC_021-030/NPC_015_b_zhua.prefab,,,,
9024,Effect/Prefabs/JueSe/NPC/Fuben/NPC_021-030/NPC_015_b_zhua.prefab,,,,
9025,Effect/Prefabs/JueSe/NPC/Fuben/NPC_021-030/NPC_015_b_zhua.prefab,,,,
9026,Effect/Prefabs/JueSe/emei/JN_DL_WQ.prefab,,,,
9027,Effect/Prefabs/JueSe/other1/camer_effect.prefab,,,,
9028,Effect/Prefabs/JueSe/other1/camera_hei.prefab,,,,
9029,Effect/Prefabs/JueSe/UI/DaZuo.prefab,,,,
9030,Effect/Prefabs/JueSe/BUFF/zhiyuzhihuan.prefab,,,,
9031,Effect/Prefabs/JueSe/BUFF/jingying_guanghuan.prefab,,,,
9032,Effect/Prefabs/JueSe/BUFF/buff_guanghuan_baise.prefab,,,,
9033,Effect/Prefabs/JueSe/BUFF/buff_guanghuan_lvse.prefab,,,,
9034,Effect/Prefabs/JueSe/BUFF/buff_guanghuan_lanse.prefab,,,,
9035,Effect/Prefabs/JueSe/BUFF/buff_guanghuan_zise.prefab,,,,
9036,Effect/Prefabs/JueSe/BUFF/buff_guanghuan_jinse.prefab,,,,
9037,Effect/Prefabs/JueSe/TW/tianwang_diaoluo1.prefab,,,,
9038,Effect/Prefabs/JueSe/other1/DM_bossdiaoluo.prefab,,,,
9039,Effect/Prefabs/JueSe/other1/xinshou_eyeflash.prefab,,,,
9040,Effect/Prefabs/JueSe/zhanshi/JN_01_DL.prefab,,,,
9041,Effect/Prefabs/JueSe/emei/emei_diaoluo.prefab,,,,
9042,Effect/Prefabs/JueSe/taohua/taohua_diaoluo.prefab,,,,
9043,Effect/Prefabs/JueSe/xiaoyao/xiaoyao_diaoluo.prefab,,,,
9044,Effect/Prefabs/JueSe/BUFF/buff_shanguang.prefab,,,,
9045,Effect/Prefabs/JueSe/other1/xinshou_nalanzhen.prefab,,,,
9046,Effect/Prefabs/JueSe/zhuangbei/ZB_LVS.prefab,,,,
9047,Effect/Prefabs/JueSe/zhuangbei/ZB_LS.prefab,,,,
9048,Effect/Prefabs/JueSe/zhuangbei/ZB_ZS.prefab,,,,
9049,Effect/Prefabs/JueSe/zhuangbei/ZB_FS.prefab,,,,
9050,Effect/Prefabs/JueSe/zhuangbei/ZB_CS.prefab,,,,
9051,Effect/Prefabs/JueSe/zhuangbei/ZB_JS.prefab,,,,
9052,Effect/Prefabs/JueSe/UI/huichen.prefab,,,,
9053,Effect/Prefabs/JueSe/BUFF/debuff_pojia.prefab,,,,
9054,Effect/Prefabs/ChangJing/npc_035_xian.prefab,,,,
9055,Effect/Prefabs/ChangJing/npc_035_ren_luodi.prefab,,,,
9056,Effect/Prefabs/ChangJing/npc_035_jian_luodi.prefab,,,,
9057,Effect/Prefabs/JueSe/other1/xuedi07_cam1hei.prefab,,,,
9058,Effect/Prefabs/JueSe/other1/xuedi07_cam2hei.prefab,,,,
9059,Effect/Prefabs/JueSe/other1/xuedi07_bosshei.prefab,,,,
9060,Effect/Prefabs/JueSe/other1/shanzhuang06_hei.prefab,,,,
9061,Effect/Prefabs/JueSe/other1/shanzhuang07_camhei.prefab,,,,
9076,Effect/Prefabs_gz/JueSe_gz/Tianwang_jn02_buff_mqf.prefab,,Effect/Prefabs/JueSe/TW/TW_JX/TW_JX_JN02_buff.prefab,,
9077,Effect/Prefabs_gz/JueSe_gz/Tianwang_jn02_mqf.prefab,,Effect/Prefabs/JueSe/TW/TW_JX/TW_JX_JN02.prefab,,
9079,Effect/Prefabs_gz/JueSe_gz/Tianwang_jn04_lyx.prefab,,Effect/Prefabs/JueSe/TW/TW_JX/TW_JX_JN04.prefab,,
9080,Effect/Prefabs/JueSe/TW/TW_JX/TW_JN04_New.prefab,,Effect/Prefabs/JueSe/TW/TW_JX/TW_JX_JN04_New.prefab,,
9081,Effect/Prefabs/JueSe/TW/TW_JX/TW_JN04_New_buff.prefab,,Effect/Prefabs/JueSe/TW/TW_JX/TW_JX_JN04_New_buff.prefab,,
9083,Effect/Prefabs/JueSe/TW/at_01_GG.prefab,,,,
9084,Effect/Prefabs/JueSe/TW/at_02_GG.prefab,,,,
9085,Effect/Prefabs/JueSe/TW/at_03_GG.prefab,,,,
9086,Effect/Prefabs/JueSe/TW/at_04_GG.prefab,,,,
9087,Effect/Prefabs/JueSe/zhanshi/at_01_BJ_D.prefab,,,,
9088,Effect/Prefabs/JueSe/zhanshi/JN_01_BJ_D.prefab,,,,
9089,Effect/Prefabs/JueSe/zhanshi/JN_03_BJ_D.prefab,,,,
9091,Effect/Prefabs/JueSe/TW/Tianwang_at01.prefab,,Effect/Prefabs/JueSe/TW/TW_JX/TW_JX_at01.prefab,,
9092,Effect/Prefabs/JueSe/TW/Tianwang_at02.prefab,,Effect/Prefabs/JueSe/TW/TW_JX/TW_JX_at02.prefab,,
9093,Effect/Prefabs/JueSe/TW/Tianwang_at03.prefab,,Effect/Prefabs/JueSe/TW/TW_JX/TW_JX_at03.prefab,,
9094,Effect/Prefabs/JueSe/TW/Tianwang_at04.prefab,,Effect/Prefabs/JueSe/TW/TW_JX/TW_JX_at04.prefab,,
9101,Effect/Prefabs/ChangJing/xsg_zhandou.prefab,,,,
9102,Effect/Prefabs/ChangJing/xsg_cam2_scene.prefab,,,,
9103,Effect/Prefabs/JueSe/other1/xsg_cam2_hei.prefab,,,,
9104,Effect/Prefabs/JueSe/other1/xsg_eyehei.prefab,,,,
9105,Effect/Prefabs/ChangJing/xsg_eye.prefab,,,,
9106,Effect/Prefabs/JueSe/WuDang1/wudang_diaoluo.prefab,,,,
9107,Effect/Prefabs/JueSe/TR/tianren_diaoluo.prefab,,,,
9109,Effect/Prefabs/JueSe/other1/xsc_cam1_hei.prefab,,,,
9110,Effect/Prefabs/JueSe/other1/xsc_cam1_scene.prefab,,,,
9111,Effect/Prefabs/ChangJing/xsg_qg_hei.prefab,,,,
9112,Effect/Prefabs/JueSe/emei/emei_xsqg.prefab,,,,
9113,Effect/Prefabs/ChangJing/QG_Effect_mqf.prefab,,,,
9114,Effect/Prefabs/JueSe/taohua/taohua_xsqg.prefab,,,,
9115,Effect/Prefabs/JueSe/xiaoyao/xiaoyao_xsqg.prefab,,,,
9116,Effect/Prefabs/JueSe/TW/tw_xsqg.prefab,,,,
9117,Effect/Prefabs/JueSe/TR/tr_xsqg.prefab,,,,
9118,Effect/Prefabs/JueSe/WuDang1/wudang_xsqg.prefab,,,,
9119,Effect/Prefabs/ChangJing/cam_hei.prefab,,,,
9120,Effect/Prefabs/JueSe/BUFF/shengji.prefab,,,,
9121,Effect/Prefabs/ChangJing/xsg_boss_effect.prefab,,,,
9122,Effect/Prefabs/JueSe/other1/xuedi06_chu_hei.prefab,,,,
9123,Effect/Prefabs/JueSe/other1/xuedi06_jisha_hei.prefab,,,,
9124,Effect/Prefabs/ChangJing/xuedi06_zff_chuchang.prefab,,,,
9125,Effect/Prefabs/ChangJing/xuedi06_jisha.prefab,,,,
9126,Effect/Prefabs/JueSe/other1/shanzhuang06_chu_hei.prefab,,,,
9127,Effect/Prefabs/ChangJing/shanzhuang06_chu.prefab,,,,
9128,Effect/Prefabs/JueSe/xiaoyao/xy_logo.prefab,,,,
9129,Effect/Prefabs/JueSe/TR/tr_logo.prefab,,,,
9130,Effect/Prefabs/JueSe/taohua/th_logo.prefab,,,,
9131,Effect/Prefabs/JueSe/WuDang1/wd_logo.prefab,,,,
9132,Effect/Prefabs/JueSe/emei/em_logo.prefab,,,,
9133,Effect/Prefabs/JueSe/TW/tw_logo.prefab,,,,
9134,Effect/Prefabs/ChangJing/xsc_scene_logo.prefab,,,,
9135,Effect/Prefabs/ChangJing/xsc_logo_hei.prefab,,,,
9136,Effect/Prefabs/ChangJing/errengu06_jszf.prefab,,,,
9137,Effect/Prefabs/JueSe/other1/erengu06_jszf_hei.prefab,,,,
9138,Effect/Prefabs/ChangJing/luoyang_zimu.prefab,,,,
9139,Effect/Prefabs/ChangJing/luoyang_cam1.prefab,,,,
9140,Effect/Prefabs/JueSe/other1/luoyegu06_chu_hei.prefab,,,,
9141,Effect/Prefabs/JueSe/other1/luoyegu06_tao_hei.prefab,,,,
9142,Effect/Prefabs/ChangJing/luoyegu06_chuchang.prefab,,,,
9143,Effect/Prefabs/ChangJing/luoyegu06_taozou.prefab,,,,
9144,Effect/Prefabs/ChangJing/luoyegu04_jisha.prefab,,,,
9145,Effect/Prefabs/JueSe/other1/luoyegu04_hei.prefab,,,,
9146,Effect/Prefabs/ChangJing/canghai04_jisha.prefab,,,,
9147,Effect/Prefabs/ChangJing/canghai04_jisha_hei.prefab,,,,
9148,Effect/Prefabs/JueSe/UI/PanDing_xuanqu.prefab,,,,
9149,Effect/Prefabs/JueSe/UI/PanDing_fanwei.prefab,,,,
9150,Effect/Prefabs/JueSe/UI/PanDing_jiantou.prefab,,,,
9151,Effect/Prefabs/JueSe/NPC/Fuben/TongYong/tongyong_qiu_huo.prefab,,,,
9152,Effect/Prefabs/JueSe/CuiYan/cuiyan_xsqg.prefab,,,,
9153,Effect/Prefabs/JueSe/CuiYan/cuiyan_diaoluo.prefab,,,,
9154,Effect/Prefabs/JueSe/CuiYan/cy_logo.prefab,,,,
9155,Effect/Prefabs/JueSe/ShaoLin/sl_logo.prefab,,,,
9156,Effect/Prefabs/JueSe/ShaoLin/shaolin_diaoluo.prefab,,,,
9157,Effect/Prefabs/JueSe/ShaoLin/sl_xsqg.prefab,,,,
9158,Effect/Prefabs/JueSe/TangMen/tm_logo.prefab,,,,
9159,Effect/Prefabs/JueSe/KunLun/kl_logo.prefab,,,,
9160,Effect/Prefabs/JueSe/KunLun/kl_diaoluo.prefab,,,,
9161,Effect/Prefabs/JueSe/TangMen/tm_diaoluo.prefab,,,,
9162,Effect/Prefabs/JueSe/KunLun/kl_xsqg.prefab,,,,
9163,Effect/Prefabs/JueSe/TangMen/tm_xsqg.prefab,,,,
9164,Effect/Prefabs/JueSe/GaiBang/gaibang_logo.prefab,,,,
9165,Effect/Prefabs/JueSe/WuDu/wudu_logo.prefab,,,,
9166,Effect/Prefabs/JueSe/GaiBang/gaibang_xsqg.prefab,,,,
9167,Effect/Prefabs/JueSe/WuDu/wudu_xsqg.prefab,,,,
9168,Effect/Prefabs/JueSe/WuDu/wudun_diaoluo.prefab,,,,
9169,Effect/Prefabs/JueSe/GaiBang/gaibang_diaoluo.prefab,,,,
9170,Effect/Prefabs/ChangJing/Xuanmei.prefab,,,,Hiệu ứng Mỹ Nhân Lv1
9171,Effect/Prefabs/ChangJing/Xuanmei_2.prefab,,,,Hiệu ứng Mỹ Nhân Lv2
9172,Effect/Prefabs/JueSe/ChangGe/cg_logo.prefab,,,,
9173,Effect/Prefabs/JueSe/CangJian/cj_logo.prefab,,,,
9174,Effect/Prefabs/JueSe/ChangGe/cg_xsqg.prefab,,,,
9175,Effect/Prefabs/JueSe/CangJian/cj_xsqg.prefab,,,,
9176,Effect/Prefabs/JueSe/CangJian/cangjian_diaoluo.prefab,,,,
9177,Effect/Prefabs/JueSe/ChangGe/changge_diaoluo.prefab,,,,
9178,Effect/Prefabs/JueSe/NPC/Fuben/NPC_130-200/npc_181_wlk.prefab,,,,Hoa Đồng-Di chuyển rải hoa
9179,Effect/Prefabs/JueSe/NPC/Fuben/TongYong/HunLiYanHua_BaiNianHaoHe.prefab,,,,Pháo Cưới-Bách Niên Hảo Hợp
9180,Effect/Prefabs/JueSe/NPC/Fuben/TongYong/HunLiYanHua_JiXiangRuYi.prefab,,,,Pháo Cưới-Cát Tường Như Ý
9181,Effect/Prefabs/JueSe/NPC/Fuben/TongYong/HunLiYanHua_QiuHun.prefab,,,,Pháo Cưới-Cầu Hôn
9182,Effect/Prefabs/JueSe/NPC/Fuben/TongYong/HunLiYanHua_XiZi.prefab,,,,Pháo Cưới-Chữ Hỉ
9183,Effect/Prefabs/JueSe/NPC/Fuben/TongYong/HunLiYanHua_XinXinXiangYin.prefab,,,,Pháo Cưới-Tâm Tâm Tướng Ấn
9184,Effect/Prefabs/JueSe/NPC/Fuben/TongYong/HunLiYanHua_FenSe.prefab,,,,Pháo Cưới-Trắng
9185,Effect/Prefabs/JueSe/NPC/Fuben/TongYong/HunLiYanHua_JinSe.prefab,,,,Pháo Cưới-Vàng
9186,Effect/Prefabs/JueSe/NPC/Fuben/TongYong/HunLiYanHua_LanSe.prefab,,,,Pháo Cưới-Lam
9187,Effect/Prefabs/JueSe/NPC/Fuben/TongYong/HunLiYanHua_LvSe.prefab,,,,Pháo Cưới-Lục
9188,Effect/Prefabs/JueSe/NPC/Fuben/TongYong/HunLiYanHua_QingSe.prefab,,,,Pháo Cưới-Xanh
9189,Effect/Prefabs/JueSe/NPC/Fuben/TongYong/HunLiYanHua_ZiSe.prefab,,,,Pháo Cưới-Tím
9190,Effect/Prefabs/JueSe/NPC/Fuben/NPC_130-200/npc_181_st.prefab,,,,Hoa Đồng-Đứng rải hoa
9191,Effect/Prefabs/JueSe/NPC/Fuben/TongYong/WuLinDaHui_ChengHao_01.prefab,,,,Hiệu ứng danh hiệu quán quân Đại Hội Võ Lâm
9192,Effect/Prefabs/JueSe/ChangGe/f2_cg_qg.prefab,,,,
9193,Effect/Prefabs/JueSe/CuiYan/f2_cy_qg.prefab,,,,
9194,Effect/Prefabs/JueSe/emei/f2_em_qg.prefab ,,,,
9195,Effect/Prefabs/JueSe/GaiBang/m2_gb_qg.prefab ,,,,
9196,Effect/Prefabs/JueSe/KunLun/f2_kl_qg.prefab ,,,,
9197,Effect/Prefabs/JueSe/ShaoLin/m2_sl_qg.prefab,,,,
9198,Effect/Prefabs/JueSe/taohua/f1_th_qg.prefab ,,,,
9199,Effect/Prefabs/JueSe/TianShan/f2_ts_qg.prefab,,,,
9200,Effect/Prefabs/JueSe/TR/f2_tr_qg.prefab,,,,
9201,Effect/Prefabs/JueSe/TW/m2_tw_qg.prefab,,,,
9202,Effect/Prefabs/JueSe/WuDu/f1_wd_qg.prefab ,,,,
9203,Effect/Prefabs/JueSe/xiaoyao/m1_xy_qg.prefab ,,,,
9204,Effect/Prefabs/JueSe/TangMen/m1_tm_qg.prefab ,,,,
9205,Effect/Prefabs/JueSe/WuDang1/m1_wd_qg.prefab ,,,,
9206,Effect/Prefabs/JueSe/TianShan/m1_ts_qg.prefab,,,,
9207,Effect/Prefabs/JueSe/CangJian/m1_cj_qg.prefab,,,,
9208,Effect/Prefabs/ChangJing/xsg_cam1_zd.prefab,,,,
9209,Effect/Prefabs/ChangJing/XinShouGuan/CJ_xinshouguan02_shuiwen.prefab,,,,
9210,Effect/Prefabs/ChangJing/XinShouGuan/CJ_xinshouguan02_baozha.prefab,,,,
9211,Effect/Prefabs/ChangJing/linan_cam1_hei.prefab,,,,
9212,Effect/Prefabs/ChangJing/linan_cam1_scene.prefab,,,,
9213,Effect/Prefabs/ChangJing/xsc03_cam1_scene.prefab,,,,
9214,Effect/Prefabs/ChangJing/xsc02_shanguang.prefab,,,,
9215,Effect/Prefabs/ChangJing/XinShouGuan/xsg_boss_scene.prefab,,,,
9216,Effect/Prefabs/ChangJing/XinShouGuan/xsc_cam4_scene.prefab,,,,
9217,Effect/Prefabs/JueSe/NPC/Fuben/TongYong/f1baowlk_huichen.prefab,,,,
9218,Effect/Prefabs/ChangJing/xsg02_logo_scene.prefab,,,,
9219,Effect/Prefabs/ChangJing/shuangrenqinggong.prefab,,,,
9220,Effect/Prefabs/ChangJing/fb_canghai02_cam1_scene.prefab,,,,
9221,Effect/Prefabs/ChangJing/fb_baishuisi_cam1_scene.prefab,,,,
9222,Effect/Prefabs/JueSe/NPC/Fuben/TongYong/hd_shengdankuaile.prefab,,,,Pháo Hoa-Giáng Sinh Vui Vẻ
9223,Effect/Prefabs/ChangJing/fb_digong03_cam1_scene.prefab,,,,
9224,Effect/Prefabs/ChangJing/fb_zhulin02_cam1_scene.prefab,,,,
9225,Effect/Prefabs/ChangJing/fb_erengu07_cam1_scene.prefab,,,,
9226,Effect/Prefabs/ChangJing/fb_shanzhuang02_cam1_scene.prefab,,,,
9227,Effect/Prefabs/ChangJing/xuedi01_cam1_scene.prefab,,,,
9228,Effect/Prefabs/ChangJing/ft_digong05_cam1_scene.prefab,,,,
9229,Effect/Prefabs/JueSe/BaDao/f1_bd_qg.prefab,,,,
9230,Effect/Prefabs/JueSe/BaDao/m2_bd_qg.prefab,,,,
9231,Effect/Prefabs/JueSe/WuDang1/f2_wd_qg.prefab,,,,
9232,Effect/Prefabs/JueSe/WaiZhuang/F1_F2_WaiZhuang_CJ.prefab,,,,
9233,Effect/Prefabs/JueSe/WaiZhuang/F1_WaiZhuang_01.prefab,,,,
9234,Effect/Prefabs/JueSe/WaiZhuang/F1_WaiZhuang_LR.prefab,,,,
9235,Effect/Prefabs/JueSe/WaiZhuang/F2_WaiZhuang_01.prefab,,,,
9236,Effect/Prefabs/JueSe/WaiZhuang/F2_WaiZhuang_LR.prefab,,,,
9237,Effect/Prefabs/JueSe/WaiZhuang/M1_M2_WaiZhuang_CJ.prefab,,,,
9238,Effect/Prefabs/JueSe/WaiZhuang/M1_WaiZhuang.prefab,,,,
9239,Effect/Prefabs/JueSe/WaiZhuang/M1_WaiZhuang_LR.prefab,,,,
9240,Effect/Prefabs/JueSe/WaiZhuang/M2_WaiZhuang.prefab,,,,
9241,Effect/Prefabs/JueSe/WaiZhuang/M2_WaiZhuang_LR.prefab,,,,
9242,Effect/Prefabs/JueSe/WaiZhuang/All_CJ_ST.prefab,,,,
9243,Effect/Prefabs/JueSe/WaiZhuang/M1_F1_F2_CJ_CX.prefab,,,,
9244,Effect/Prefabs/JueSe/WaiZhuang/M2_CJ_CX.prefab,,,,
9245,Effect/Prefabs/JueSe/NPC/Fuben/TongYong/HD_HaoShengYin_1.prefab,,,,
9246,Effect/Prefabs/JueSe/NPC/Fuben/TongYong/HD_HaoShengYin_2.prefab,,,,
9247,Effect/Prefabs/JueSe/NPC/Fuben/TongYong/HD_HaoShengYin_3.prefab,,,,
9248,Effect/Prefabs/JueSe/NPC/Fuben/TongYong/HD_HaoShengYin_4.prefab,,,,
9249,Effect/Prefabs/JueSe/NPC/Fuben/TongYong/LingAnChengZhu.prefab,,,,
9250,Effect/Prefabs/JueSe/NPC/Fuben/TongYong/HD_HaoShengYin_5.prefab,,,,
9251,Effect/Prefabs/JueSe/NPC/Fuben/TongYong/HD_HaoShengYin_6.prefab,,,,
9252,Effect/Prefabs/JueSe/KunLun/m2_kl_qg.prefab,,,,
9253,Effect/Prefabs/JueSe/HuaShan/m1_hs_qg.prefab,,,,
9254,Effect/Prefabs/JueSe/HuaShan/f2_hs_qg.prefab,,,,
9255,Effect/Prefabs/JueSe/WaiZhuang/M1_W012_waizhuang_jiaoyin_C.prefab,,,,
9256,Effect/Prefabs/JueSe/WaiZhuang/M1_W012_waizhuang_jiaoyin_Z.prefab,,,,
9257,Effect/Prefabs/JueSe/WaiZhuang/M1_W012_waizhuang_jiaoyin_Y.prefab,,,,
9258,Effect/Prefabs/JueSe/WaiZhuang/M2_W012_waizhuang_jiaoyin_C.prefab,,,,
9259,Effect/Prefabs/JueSe/WaiZhuang/M2_W012_waizhuang_jiaoyin_Z.prefab,,,,
9260,Effect/Prefabs/JueSe/WaiZhuang/M2_W012_waizhuang_jiaoyin_Y.prefab,,,,
9261,Effect/Prefabs/JueSe/WaiZhuang/F1_W012_waizhuang_jiaoyin_Z.prefab,,,,
9262,Effect/Prefabs/JueSe/WaiZhuang/F1_W012_waizhuang_jiaoyin_Y.prefab,,,,
9263,Effect/Prefabs/JueSe/WaiZhuang/F2_W012_waizhuang_jiaoyin_Z.prefab,,,,
9264,Effect/Prefabs/JueSe/WaiZhuang/F2_W012_waizhuang_jiaoyin_Y.prefab,,,,
9265,UI/Prefabs/Effect/SpecialTitle/DressTitle2_Effect.prefab,,,,
9266,Effect/Prefabs/ChangJing/Huodongchangjing/QiXiHuoDong_LinAan.prefab,,,,
9267,Effect/Prefabs/ChangJing/fb_canghai06_cam2_effect.prefab,,,,
9268,Effect/Prefabs/ChangJing/Huodongchangjing/TaoHuaShu_1.prefab,,,,
9269,Effect/Prefabs/ChangJing/Huodongchangjing/TaoHuaShu_2.prefab,,,,
9270,Effect/Prefabs/ChangJing/Huodongchangjing/TaoHuaShu_3.prefab,,,,
9271,UI/Prefabs/Effect/SpecialTitle/PeachTitle_Effect.prefab,,,,
9272,UI/Prefabs/Effect/SpecialTitle/VNTitle1_Effect.prefab,,,,
9273,UI/Prefabs/Effect/SpecialTitle/VNTitle2_Effect.prefab,,,,
9274,Effect/Prefabs/JueSe/MingJiao/f2_mj_qg.prefab,,,,
9275,Effect/Prefabs/JueSe/TW/f1_tw_qg.prefab,,,,
9276,Effect/Prefabs/JueSe/MingJiao/m1_mj_qg.prefab,,,,
9277,Effect/Prefabs/JueSe/WaiZhuang/M1_M2_W014_Body_WZ02_YinXing_LR.prefab,,,,
9278,Effect/Prefabs/JueSe/WaiZhuang/M1_M2_W014_Body_WZ02_YinXing_LR.prefab,,,,
9279,Effect/Prefabs/JueSe/WaiZhuang/M1_M2_W014_Body_WZ02_YinXing.prefab,,,,
9280,Effect/Prefabs/JueSe/WaiZhuang/M1_M2_W014_Body_WZ02_YinXing_CX.prefab,,,,
9281,Effect/Prefabs/JueSe/WaiZhuang/F1_F2_W014_Body_WZ02_YinXing_LR.prefab,,,,
9282,Effect/Prefabs/JueSe/WaiZhuang/F1_F2_W014_Body_WZ02_YinXing_LR.prefab,,,,
9283,Effect/Prefabs/JueSe/WaiZhuang/F1_W014_Body_WZ02_YinXing.prefab,,,,
9284,Effect/Prefabs/JueSe/WaiZhuang/F2_W014_Body_WZ02_YinXing.prefab,,,,
9285,Effect/Prefabs/JueSe/WaiZhuang/F1_W014_Body_WZ02_YinXing_CX.prefab,,,,
9286,Effect/Prefabs/JueSe/WaiZhuang/F2_W014_Body_WZ02_YinXing_CX.prefab,,,,
9287,Effect/Prefabs/JueSe/WaiZhuang/M1_M2_W013_Body_WZ03_xuehua_LR.prefab,,,,
9288,Effect/Prefabs/JueSe/WaiZhuang/M1_M2_W013_Body_WZ03_xuehua_LR.prefab,,,,
9289,Effect/Prefabs/JueSe/WaiZhuang/M1_M2_W013_Body_WZ03_xuehua.prefab,,,,
9290,Effect/Prefabs/JueSe/WaiZhuang/M1_M2_W013_Body_WZ03_xuehua_CX.prefab,,,,
9291,Effect/Prefabs/JueSe/WaiZhuang/F1_F2_W013_Body_WZ03_XueHua_LR.prefab,,,,
9292,Effect/Prefabs/JueSe/WaiZhuang/F1_F2_W013_Body_WZ03_XueHua_LR.prefab,,,,
9293,Effect/Prefabs/JueSe/WaiZhuang/F1_W013_Body_WZ03_XueHua.prefab,,,,
9294,Effect/Prefabs/JueSe/WaiZhuang/F2_W013_Body_WZ03_XueHua.prefab,,,,
9295,Effect/Prefabs/JueSe/WaiZhuang/F1_W013_Body_WZ03_XueHua_CX.prefab,,,,
9296,Effect/Prefabs/JueSe/WaiZhuang/F2_W013_Body_WZ03_XueHua_CX.prefab,,,,
9297,Player/critter/prefab/Jr_xueren02_lanbai.prefab,,,,
9298,Effect/Prefabs/JueSe/NPC/Fuben/NPC_250-259/npc_250_CX.prefab,,,,
9299,Effect/Prefabs/JueSe/NPC/Fuben/NPC_250-259/npc_251_CX.prefab,,,,
9300,Effect/Prefabs/JueSe/NPC/Fuben/NPC_250-259/npc_252_CX.prefab,,,,
9301,UI/Prefabs/Effect/SpecialTitle/GinkgoTitle7.prefab ,,,,
9302,Effect/Prefabs/JueSe/NPC/Fuben/TongYong/YuanXiaoYanHua_TuanYuanHeEei.prefab,,,,Pháo Hoa-Sum Họp Đoàn Viên
9303,Effect/Prefabs/JueSe/NPC/Fuben/TongYong/YuanXiaoYanHua_HuaDengChuShang.prefab,,,,Pháo Hoa-Đèn Hoa Rực Rỡ
9304,Effect/Prefabs/JueSe/WaiZhuang/F1_W015_Body_B_LR.prefab,,,,
9305,Effect/Prefabs/JueSe/WaiZhuang/F1_W015_Body_B_LR.prefab,,,,
9306,Effect/Prefabs/JueSe/WaiZhuang/F1_W015_Body_DH.prefab,,,,
9307,Effect/Prefabs/JueSe/WaiZhuang/F1_W015_Body_WZ01.prefab,,,,
9308,Effect/Prefabs/JueSe/WaiZhuang/F1_W015_Body_WZ02.prefab,,,,
9309,Effect/Prefabs/JueSe/WaiZhuang/F2_W015_Body_B_LR.prefab,,,,
9310,Effect/Prefabs/JueSe/WaiZhuang/F2_W015_Body_B_LR.prefab,,,,
9311,Effect/Prefabs/JueSe/WaiZhuang/F2_W015_Body_DH.prefab,,,,
9312,Effect/Prefabs/JueSe/WaiZhuang/F2_W015_Body_WZ01.prefab,,,,
9313,Effect/Prefabs/JueSe/WaiZhuang/F2_W015_Body_WZ02.prefab,,,,
9314,Effect/Prefabs/JueSe/WaiZhuang/M1_M2_W015_Body_B_LR.prefab,,,,
9315,Effect/Prefabs/JueSe/WaiZhuang/M1_M2_W015_Body_B_LR.prefab,,,,
9316,Effect/Prefabs/JueSe/WaiZhuang/M1_M2_W015_Body_WZ01.prefab,,,,
9317,Effect/Prefabs/JueSe/WaiZhuang/M1_M2_W015_Body_WZ02.prefab,,,,
9318,Effect/Prefabs/JueSe/WaiZhuang/M1_W015_Body_DH.prefab,,,,
9319,Effect/Prefabs/JueSe/WaiZhuang/M2_W015_Body_DH.prefab,,,,
9320,Effect/Prefabs/JueSe/DuanShi/m1_ds_qg.prefab,,,,
9321,Effect/Prefabs/JueSe/DuanShi/f1_ds_qg.prefab,,,,
9322,Effect/Prefabs/JueSe/xiaoyao/f2_xy_qg.prefab,,,,
9323,UI/Prefabs/Effect/SpecialTitle/GinkgoTitle8.prefab,,,,
9324,UI/Prefabs/Effect/SpecialTitle/RadioTitle1.prefab,,,,
9325,UI/Prefabs/Effect/SpecialTitle/DressTitle3_Effect.prefab,,,,
9326,Effect/Prefabs/JueSe/TR/m1_tr_qg.prefab,,,,
9327,Effect/Prefabs/JueSe/YM_G/m1_ym_qg.prefab,,,,
9328,Effect/Prefabs/JueSe/YM_G/f2_ym_qg.prefab,,,,
9329,Effect/Prefabs/JueSe/WaiZhuang/M1_M2_W017_Body_WZ01_Shendian.prefab,,,,
9330,Effect/Prefabs/JueSe/WaiZhuang/M1_M2_W017_Body_WZ01_Shendian_R.prefab,,,,
9331,Effect/Prefabs/JueSe/WaiZhuang/M1_M2_W017_Body_WZ01_Shendian_CX.prefab,,,,
9332,Effect/Prefabs/JueSe/WaiZhuang/F2_W017_Body_WZ01_Shendian.prefab,,,,
9333,Effect/Prefabs/JueSe/WaiZhuang/F1_F2_W017_Body_WZ02_ShenDian_LR.prefab,,,,
9334,Effect/Prefabs/JueSe/WaiZhuang/F1_F2_W017_Body_WZ02_ShenDian_LR.prefab,,,,
9335,Effect/Prefabs/JueSe/WaiZhuang/F2_W017_Body_WZ01_Shendian_CX.prefab,,,,
9336,Effect/Prefabs/JueSe/WaiZhuang/F1_W017_Body_WZ01_Shendian.prefab,,,,
9337,Effect/Prefabs/JueSe/WaiZhuang/F1_W017_Body_WZ01_Shendian_CX.prefab,,,,
9339,Effect/Prefabs/JueSe/WaiZhuang/F1_F2_W018_Body_WZ01_JinLi_LR.prefab,,,,
9340,Effect/Prefabs/JueSe/WaiZhuang/F1_F2_W018_Body_WZ01_JinLi_LR.prefab,,,,
9341,Effect/Prefabs/JueSe/WaiZhuang/F1_W018_Body_WZ01_JinLi.prefab,,,,
9342,Effect/Prefabs/JueSe/WaiZhuang/F1_W018_Body_WZ01_JinLi_CX.prefab,,,,
9343,Effect/Prefabs/JueSe/WaiZhuang/F2_W018_Body_WZ01_JinLi.prefab,,,,
9344,Effect/Prefabs/JueSe/WaiZhuang/F2_W018_Body_WZ01_JinLi_CX.prefab,,,,
9345,Effect/Prefabs/JueSe/WaiZhuang/M1_M2_W018_Body_WZ01_JinLi.prefab,,,,
9346,Effect/Prefabs/JueSe/WaiZhuang/M1_M2_W018_Body_WZ01_JinLi_CX.prefab,,,,
9347,Effect/Prefabs/JueSe/WaiZhuang/M1_M2_W018_Body_WZ01_JinLi_LR.prefab,,,,
9348,Effect/Prefabs/JueSe/WaiZhuang/M1_M2_W018_Body_WZ01_JinLi_LR.prefab,,,,
9349,UI/Prefabs/Effect/SpecialTitle/FamilyTitle25.prefab,,,,
9350,UI/Prefabs/Effect/lingqukuang01.prefab,,,,
9351,UI/Prefabs/Effect/SpecialTitle/DressTitle4_Effect.prefab,,,,
9352,UI/Prefabs/Effect/SpecialTitle/TengXunTitle2_Effect.prefab,,,,
9353,UI/Prefabs/Effect/SpecialTitle/TengXunTitle1_Effect.prefab,,,,
9354,UI/Prefabs/Effect/SpecialTitle/TengXunTitle3_Effect.prefab,,,,
9355,UI/Prefabs/Effect/SpecialTitle/DressTitle5_Effect.prefab,,,,
9356,Effect/Prefabs/JueSe/TangMen/f1_tm_qg.prefab,,,,
9357,Effect/Prefabs/JueSe/TangMen/m1_lq_qg.prefab,,,,
9358,Effect/Prefabs/JueSe/TangMen/f2_lq_qg.prefab,,,,
9359,Effect/Prefabs/JueSe/WaiZhuang/M1_M2_W019_Body_WZ01_hongxiu.prefab,,,,
9360,Effect/Prefabs/JueSe/WaiZhuang/M1_M2_W019_Body_WZ01_hongxiu_CX.prefab,,,,
9361,Effect/Prefabs/JueSe/WaiZhuang/F2_W019_Body_WZ01_hongxiu.prefab,,,,
9362,Effect/Prefabs/JueSe/WaiZhuang/F2_W019_Body_WZ01_hongxiu_CX.prefab,,,,
9363,Effect/Prefabs/JueSe/WaiZhuang/F1_W019_Body_WZ01_hongxiu.prefab,,,,
9364,Effect/Prefabs/JueSe/WaiZhuang/F1_W019_Body_WZ01_hongxiu_CX.prefab,,,,
9365,Effect/Prefabs/JueSe/other1/M2_FW.prefab,,,,
9366,Effect/Prefabs/JueSe/other1/F2_FW.prefab,,,,
9367,Effect/Prefabs/JueSe/other1/F1_FW.prefab,,,,
9368,Effect/Prefabs/JueSe/other1/M1_FW.prefab,,,,
9369,Player/Npcs/Prefabs/npc_286.prefab,,,,
9370,Effect/Prefabs/JueSe/WaiZhuang/M1_M2_W020_Body_WZ01_huaniao.prefab,,,,
9371,Effect/Prefabs/JueSe/WaiZhuang/M1_M2_W020_Body_WZ01_huaniao_CX.prefab,,,,
9372,Effect/Prefabs/JueSe/WaiZhuang/F2_W020_Body_WZ01_huaniao.prefab,,,,
9373,Effect/Prefabs/JueSe/WaiZhuang/F2_W020_Body_WZ01_huaniao_CX.prefab,,,,
9374,Effect/Prefabs/JueSe/WaiZhuang/F1_W020_Body_WZ01_huaniao.prefab,,,,
9375,Effect/Prefabs/JueSe/WaiZhuang/F1_W020_Body_WZ01_huaniao_CX.prefab,,,,
9376,Effect/Prefabs/JueSe/other1/Effect_Back_007.prefab,,,,
9377,Effect/Prefabs/JueSe/other1/Effect_Back_007_zc.prefab,,,,
9378,Effect/Prefabs/JueSe/other1/Effect_chongwu_appear.prefab,,,,
9379,Effect/Prefabs/JueSe/other1/Effect_chongwu_disappear.prefab,,,,
9380,Effect/Prefabs/JueSe/other1/Effect_npc_a008_appear.prefab,,,,
9381,Effect/Prefabs/JueSe/other1/Effect_npc_a008_disappear.prefab,,,,
9382,Effect/Prefabs/JueSe/LongQue/LQ_F2_ST01.prefab,,,,
9383,Effect/Prefabs/JueSe/TangMen/TangMen_F1_ST01.prefab,,,,
9384,Effect/Prefabs/JueSe/other1/Effect_npc_back_008.prefab,,,,
9385,Effect/Prefabs/JueSe/other1/Effect_npc_back_008_a.prefab,,,,
9386,Effect/Prefabs/JueSe/other1/Effect_npc_back_008_M1_M2.prefab,,,,
9387,Effect/Prefabs/JueSe/other1/Effect_npc_back_008_a_M1_M2.prefab,,,,
9388,Effect/Prefabs/JueSe/WaiZhuang/M1_M2_W020_Body_WZ01_huaniao_b.prefab,,,,
9389,Effect/Prefabs/JueSe/WaiZhuang/F2_W020_Body_WZ01_huaniao_b.prefab,,,,
9390,Effect/Prefabs/JueSe/WaiZhuang/F1_W020_Body_WZ01_huaniao_b.prefab,,,,
9391,Effect/Prefabs/JueSe/WaiZhuang/M2_W020_Body_WZ01_huaniao.prefab,,,,
9392,Effect/Prefabs/JueSe/other1/Effect_Back_007_hx.prefab,,,,
9393,Effect/Prefabs/JueSe/NPC/Fuben/TongYong/Effect_hd_NHGC_01.prefab,,,,
9394,UI/Prefabs/Effect/SpecialTitle/DressTitle6_Effect.prefab,,,,
9395,UI/Prefabs/Effect/SpecialTitle/TengXunTitle4_Effect.prefab,,,,
9396,Effect/Prefabs/JueSe/other1/Effect_npc_a010_at03.prefab,,,,
9397,UI/Prefabs/Effect/SpecialTitle/DressTitle8_Effect.prefab,,,,
9398,Effect/Prefabs/JueSe/other1/Effect_npc_a012_at.prefab,,,,
9399,Effect/Prefabs/JueSe/WaiZhuang/F1_W021_Body_WZ01_DunHuang.prefab,,,,
9400,Effect/Prefabs/JueSe/WaiZhuang/F1_W021_Body_WZ01_DunHuang_Bip01Spine1.prefab,,,,
9401,Effect/Prefabs/JueSe/WaiZhuang/F1_W021_Body_WZ01_DunHuang_CX.prefab,,,,
9402,Effect/Prefabs/JueSe/WaiZhuang/F2_W021_Body_WZ01_DunHuang.prefab,,,,
9403,Effect/Prefabs/JueSe/WaiZhuang/F2_W021_Body_WZ01_DunHuang_Bip01Spine1.prefab,,,,
9404,Effect/Prefabs/JueSe/WaiZhuang/F2_W021_Body_WZ01_DunHuang_CX.prefab,,,,
9405,Effect/Prefabs/JueSe/WaiZhuang/M1_M2_W021_Body_WZ01_DunHuang.prefab,,,,
9406,Effect/Prefabs/JueSe/WaiZhuang/M1_M2_W021_Body_WZ01_DunHuang_CX.prefab,,,,
9407,Effect/Prefabs/ChangJing/xinshouguan2020/SZ/m2_sz_new.prefab,,,,Ải Tân Thủ_Sơn Trang_Thiên Vương-Nam
9408,Effect/Prefabs/ChangJing/xinshouguan2020/SZ/f1_sz_new.prefab,,,,Ải Tân Thủ_Sơn Trang_Thiên Vương-Nữ
9409,Effect/Prefabs/ChangJing/xinshouguan2020/SZ/f2_sz_new.prefab,,,,Ải Tân Thủ_Sơn Trang_Nga Mi-Nữ
9410,Effect/Prefabs/ChangJing/xinshouguan2020/SZ/f1_sz_new.prefab,,,,Ải Tân Thủ_Sơn Trang_Đào Hoa-Nữ
9411,Effect/Prefabs/ChangJing/xinshouguan2020/SZ/m1_sz_new.prefab,,,,Ải Tân Thủ_Sơn Trang_Tiêu Dao-Nam
9412,Effect/Prefabs/ChangJing/xinshouguan2020/SZ/f2_sz_new.prefab,,,,Ải Tân Thủ_Sơn Trang_Tiêu Dao-Nữ
9413,Effect/Prefabs/ChangJing/xinshouguan2020/SZ/m1_sz_new.prefab,,,,Ải Tân Thủ_Sơn Trang_Võ Đang-Nam
9414,Effect/Prefabs/ChangJing/xinshouguan2020/SZ/f2_sz_new.prefab,,,,Ải Tân Thủ_Sơn Trang_Võ Đang-Nữ
9415,Effect/Prefabs/ChangJing/xinshouguan2020/SZ/m1_sz_new.prefab,,,,Ải Tân Thủ_Sơn Trang_Thiên Nhẫn-Nam
9416,Effect/Prefabs/ChangJing/xinshouguan2020/SZ/f2_sz_new.prefab,,,,Ải Tân Thủ_Sơn Trang_Thiên Nhẫn-Nữ
9417,Effect/Prefabs/ChangJing/xinshouguan2020/SZ/m2_sz_new.prefab,,,,Ải Tân Thủ_Sơn Trang_Thiếu Lâm-Nam
9418,Effect/Prefabs/ChangJing/xinshouguan2020/SZ/f2_sz_new.prefab,,,,Ải Tân Thủ_Sơn Trang_Thúy Yên-Nữ
9419,Effect/Prefabs/ChangJing/xinshouguan2020/SZ/m1_sz_new.prefab,,,,Ải Tân Thủ_Sơn Trang_Đường Môn-Nam
9420,Effect/Prefabs/ChangJing/xinshouguan2020/SZ/f1_sz_new.prefab,,,,Ải Tân Thủ_Sơn Trang_Đường Môn-Nữ
9421,Effect/Prefabs/ChangJing/xinshouguan2020/SZ/m2_sz_new.prefab,,,,Ải Tân Thủ_Sơn Trang_Côn Lôn-Nam
9422,Effect/Prefabs/ChangJing/xinshouguan2020/SZ/f2_sz_new.prefab,,,,Ải Tân Thủ_Sơn Trang_Côn Lôn-Nữ
9423,Effect/Prefabs/ChangJing/xinshouguan2020/SZ/m2_sz_new.prefab,,,,Ải Tân Thủ_Sơn Trang_Cái Bang-Nam
9424,Effect/Prefabs/ChangJing/xinshouguan2020/SZ/f1_sz_new.prefab,,,,Ải Tân Thủ_Sơn Trang_Cái Bang-Nữ
9425,Effect/Prefabs/ChangJing/xinshouguan2020/SZ/f1_sz_new.prefab,,,,Ải Tân Thủ_Sơn Trang_Ngũ Độc-Nữ
9426,Effect/Prefabs/ChangJing/xinshouguan2020/SZ/m1_sz_new.prefab,,,,Ải Tân Thủ_Sơn Trang_Tàng Kiếm-Nam
9427,Effect/Prefabs/ChangJing/xinshouguan2020/SZ/f2_sz_new.prefab,,,,Ải Tân Thủ_Sơn Trang_Tàng Kiếm-Nữ
9428,Effect/Prefabs/ChangJing/xinshouguan2020/SZ/f2_sz_new.prefab,,,,Ải Tân Thủ_Sơn Trang_Trường Ca-Nữ
9429,Effect/Prefabs/ChangJing/xinshouguan2020/SZ/m1_sz_new.prefab,,,,Ải Tân Thủ_Sơn Trang_Thiên Sơn-Nam
9430,Effect/Prefabs/ChangJing/xinshouguan2020/SZ/f2_sz_new.prefab,,,,Ải Tân Thủ_Sơn Trang_Thiên Sơn-Nữ
9431,Effect/Prefabs/ChangJing/xinshouguan2020/SZ/m2_sz_new.prefab,,,,Ải Tân Thủ_Sơn Trang_Bá Đao-Nam
9432,Effect/Prefabs/ChangJing/xinshouguan2020/SZ/f1_sz_new.prefab,,,,Ải Tân Thủ_Sơn Trang_Bá Đao-Nữ
9433,Effect/Prefabs/ChangJing/xinshouguan2020/SZ/m1_sz_new.prefab,,,,Ải Tân Thủ_Sơn Trang_Hoa Sơn-Nam
9434,Effect/Prefabs/ChangJing/xinshouguan2020/SZ/f2_sz_new.prefab,,,,Ải Tân Thủ_Sơn Trang_Hoa Sơn-Nữ
9435,Effect/Prefabs/ChangJing/xinshouguan2020/SZ/m1_sz_new.prefab,,,,Ải Tân Thủ_Sơn Trang_Minh Giáo-Nam
9436,Effect/Prefabs/ChangJing/xinshouguan2020/SZ/f2_sz_new.prefab,,,,Ải Tân Thủ_Sơn Trang_Minh Giáo-Nữ
9437,Effect/Prefabs/ChangJing/xinshouguan2020/SZ/m1_sz_new.prefab,,,,Ải Tân Thủ_Sơn Trang_Đoàn Thị-Nam
9438,Effect/Prefabs/ChangJing/xinshouguan2020/SZ/f1_sz_new.prefab,,,,Ải Tân Thủ_Sơn Trang_Đoàn Thị-Nữ
9439,Effect/Prefabs/ChangJing/xinshouguan2020/SZ/m1_sz_new.prefab,,,,Ải Tân Thủ_Sơn Trang_Vạn Hoa-Nam
9440,Effect/Prefabs/ChangJing/xinshouguan2020/SZ/f2_sz_new.prefab,,,,Ải Tân Thủ_Sơn Trang_Vạn Hoa-Nữ
9441,Effect/Prefabs/ChangJing/xinshouguan2020/SZ/m1_sz_new.prefab,,,,Ải Tân Thủ_Sơn Trang_Dương Môn-Nam
9442,Effect/Prefabs/ChangJing/xinshouguan2020/SZ/f2_sz_new.prefab,,,,Ải Tân Thủ_Sơn Trang_Dương Môn-Nữ
9443,Effect/Prefabs/ChangJing/xinshouguan2020/SZ/m1_sz_new.prefab,,,,Ải Tân Thủ_Sơn Trang_Long Tước-Nam
9444,Effect/Prefabs/ChangJing/xinshouguan2020/SZ/f2_sz_new.prefab,,,,Ải Tân Thủ_Sơn Trang_Long Tước-Nữ
9445,Effect/Prefabs/ChangJing/xinshouguan2020/SZ/m1_sz_new.prefab,,,,Ải Tân Thủ_Sơn Trang_Thần Cơ-Nam
9446,Effect/Prefabs/ChangJing/xinshouguan2020/SZ/f1_sz_new.prefab,,,,Ải Tân Thủ_Sơn Trang_Thần Cơ-Nữ
9447,Effect/Prefabs/ChangJing/xinshouguan2020/DJ/m2_dj_new.prefab,,,,Ải Tân Thủ_Chắn Tên_Thiên Vương-Nam
9448,Effect/Prefabs/ChangJing/xinshouguan2020/DJ/f1_dj_new.prefab,,,,Ải Tân Thủ_Chắn Tên_Thiên Vương-Nữ
9449,Effect/Prefabs/ChangJing/xinshouguan2020/DJ/f2_dj_new.prefab,,,,Ải Tân Thủ_Chắn Tên_Nga Mi-Nữ
9450,Effect/Prefabs/ChangJing/xinshouguan2020/DJ/f1_dj_new.prefab,,,,Ải Tân Thủ_Chắn Tên_Đào Hoa-Nữ
9451,Effect/Prefabs/ChangJing/xinshouguan2020/DJ/m1_dj_new.prefab,,,,Ải Tân Thủ_Chắn Tên_Tiêu Dao-Nam
9452,Effect/Prefabs/ChangJing/xinshouguan2020/DJ/f2_dj_new.prefab,,,,Ải Tân Thủ_Chắn Tên_Tiêu Dao-Nữ
9453,Effect/Prefabs/ChangJing/xinshouguan2020/DJ/m1_dj_new.prefab,,,,Ải Tân Thủ_Chắn Tên_Võ Đang-Nam
9454,Effect/Prefabs/ChangJing/xinshouguan2020/DJ/f2_dj_new.prefab,,,,Ải Tân Thủ_Chắn Tên_Võ Đang-Nữ
9455,Effect/Prefabs/ChangJing/xinshouguan2020/DJ/m1_dj_new.prefab,,,,Ải Tân Thủ_Chắn Tên_Thiên Nhẫn-Nam
9456,Effect/Prefabs/ChangJing/xinshouguan2020/DJ/f2_dj_new.prefab,,,,Ải Tân Thủ_Chắn Tên_Thiên Nhẫn-Nữ
9457,Effect/Prefabs/ChangJing/xinshouguan2020/DJ/m2_dj_new.prefab,,,,Ải Tân Thủ_Chắn Tên_Thiếu Lâm-Nam
9458,Effect/Prefabs/ChangJing/xinshouguan2020/DJ/f2_dj_new.prefab,,,,Ải Tân Thủ_Chắn Tên_Thúy Yên-Nữ
9459,Effect/Prefabs/ChangJing/xinshouguan2020/DJ/m1_dj_new.prefab,,,,Ải Tân Thủ_Chắn Tên_Đường Môn-Nam
9460,Effect/Prefabs/ChangJing/xinshouguan2020/DJ/f1_dj_new.prefab,,,,Ải Tân Thủ_Chắn Tên_Đường Môn-Nữ
9461,Effect/Prefabs/ChangJing/xinshouguan2020/DJ/m2_dj_new.prefab,,,,Ải Tân Thủ_Chắn Tên_Côn Lôn-Nam
9462,Effect/Prefabs/ChangJing/xinshouguan2020/DJ/f2_dj_new.prefab,,,,Ải Tân Thủ_Chắn Tên_Côn Lôn-Nữ
9463,Effect/Prefabs/ChangJing/xinshouguan2020/DJ/m2_dj_new.prefab,,,,Ải Tân Thủ_Chắn Tên_Cái Bang-Nam
9464,Effect/Prefabs/ChangJing/xinshouguan2020/DJ/f1_dj_new.prefab,,,,Ải Tân Thủ_Chắn Tên_Cái Bang-Nữ
9465,Effect/Prefabs/ChangJing/xinshouguan2020/DJ/f1_dj_new.prefab,,,,Ải Tân Thủ_Chắn Tên_Ngũ Độc-Nữ
9466,Effect/Prefabs/ChangJing/xinshouguan2020/DJ/m1_dj_new.prefab,,,,Ải Tân Thủ_Chắn Tên_Tàng Kiếm-Nam
9467,Effect/Prefabs/ChangJing/xinshouguan2020/DJ/f2_dj_new.prefab,,,,Ải Tân Thủ_Chắn Tên_Tàng Kiếm-Nữ
9468,Effect/Prefabs/ChangJing/xinshouguan2020/DJ/f2_dj_new.prefab,,,,Ải Tân Thủ_Chắn Tên_Trường Ca-Nữ
9469,Effect/Prefabs/ChangJing/xinshouguan2020/DJ/m1_dj_new.prefab,,,,Ải Tân Thủ_Chắn Tên_Thiên Sơn-Nam
9470,Effect/Prefabs/ChangJing/xinshouguan2020/DJ/f2_dj_new.prefab,,,,Ải Tân Thủ_Chắn Tên_Thiên Sơn-Nữ
9471,Effect/Prefabs/ChangJing/xinshouguan2020/DJ/m2_dj_new.prefab,,,,Ải Tân Thủ_Chắn Tên_Bá Đao-Nam
9472,Effect/Prefabs/ChangJing/xinshouguan2020/DJ/f1_dj_new.prefab,,,,Ải Tân Thủ_Chắn Tên_Bá Đao-Nữ
9473,Effect/Prefabs/ChangJing/xinshouguan2020/DJ/m1_dj_new.prefab,,,,Ải Tân Thủ_Chắn Tên_Hoa Sơn-Nam
9474,Effect/Prefabs/ChangJing/xinshouguan2020/DJ/f2_dj_new.prefab,,,,Ải Tân Thủ_Chắn Tên_Hoa Sơn-Nữ
9475,Effect/Prefabs/ChangJing/xinshouguan2020/DJ/m1_dj_new.prefab,,,,Ải Tân Thủ_Chắn Tên_Minh Giáo-Nam
9476,Effect/Prefabs/ChangJing/xinshouguan2020/DJ/f2_dj_new.prefab,,,,Ải Tân Thủ_Chắn Tên_Minh Giáo-Nữ
9477,Effect/Prefabs/ChangJing/xinshouguan2020/DJ/m1_dj_new.prefab,,,,Ải Tân Thủ_Chắn Tên_Đoàn Thị-Nam
9478,Effect/Prefabs/ChangJing/xinshouguan2020/DJ/f1_dj_new.prefab,,,,Ải Tân Thủ_Chắn Tên_Đoàn Thị-Nữ
9479,Effect/Prefabs/ChangJing/xinshouguan2020/DJ/m1_dj_new.prefab,,,,Ải Tân Thủ_Chắn Tên_Vạn Hoa-Nam
9480,Effect/Prefabs/ChangJing/xinshouguan2020/DJ/f2_dj_new.prefab,,,,Ải Tân Thủ_Chắn Tên_Vạn Hoa-Nữ
9481,Effect/Prefabs/ChangJing/xinshouguan2020/DJ/m1_dj_new.prefab,,,,Ải Tân Thủ_Chắn Tên_Dương Môn-Nam
9482,Effect/Prefabs/ChangJing/xinshouguan2020/DJ/f2_dj_new.prefab,,,,Ải Tân Thủ_Chắn Tên_Dương Môn-Nữ
9483,Effect/Prefabs/ChangJing/xinshouguan2020/DJ/m1_dj_new.prefab,,,,Ải Tân Thủ_Chắn Tên_Long Tước-Nam
9484,Effect/Prefabs/ChangJing/xinshouguan2020/DJ/f2_dj_new.prefab,,,,Ải Tân Thủ_Chắn Tên_Long Tước-Nữ
9485,Effect/Prefabs/ChangJing/xinshouguan2020/DJ/m1_dj_new.prefab,,,,Ải Tân Thủ_Chắn Tên_Thần Cơ-Nam
9486,Effect/Prefabs/ChangJing/xinshouguan2020/DJ/f1_dj_new.prefab,,,,Ải Tân Thủ_Chắn Tên_Thần Cơ-Nữ
9487,Effect/Prefabs/ChangJing/xinshouguan2020/QG/m2_qg_new.prefab,,,,Ải Tân Thủ_Khinh Công_Thiên Vương-Nam
9488,Effect/Prefabs/ChangJing/xinshouguan2020/QG/f1_qg_new.prefab,,,,Ải Tân Thủ_Khinh Công_Thiên Vương-Nữ
9489,Effect/Prefabs/ChangJing/xinshouguan2020/QG/f2_qg_new.prefab,,,,Ải Tân Thủ_Khinh Công_Nga Mi-Nữ
9490,Effect/Prefabs/ChangJing/xinshouguan2020/QG/f1_qg_new.prefab,,,,Ải Tân Thủ_Khinh Công_Đào Hoa-Nữ
9491,Effect/Prefabs/ChangJing/xinshouguan2020/QG/m1_qg_new.prefab,,,,Ải Tân Thủ_Khinh Công_Tiêu Dao-Nam
9492,Effect/Prefabs/ChangJing/xinshouguan2020/QG/f2_qg_new.prefab,,,,Ải Tân Thủ_Khinh Công_Tiêu Dao-Nữ
9493,Effect/Prefabs/ChangJing/xinshouguan2020/QG/m1_qg_new.prefab,,,,Ải Tân Thủ_Khinh Công_Võ Đang-Nam
9494,Effect/Prefabs/ChangJing/xinshouguan2020/QG/f2_qg_new.prefab,,,,Ải Tân Thủ_Khinh Công_Võ Đang-Nữ
9495,Effect/Prefabs/ChangJing/xinshouguan2020/QG/m1_qg_new.prefab,,,,Ải Tân Thủ_Khinh Công_Thiên Nhẫn-Nam
9496,Effect/Prefabs/ChangJing/xinshouguan2020/QG/f2_qg_new.prefab,,,,Ải Tân Thủ_Khinh Công_Thiên Nhẫn-Nữ
9497,Effect/Prefabs/ChangJing/xinshouguan2020/QG/m2_qg_new.prefab,,,,Ải Tân Thủ_Khinh Công_Thiếu Lâm-Nam
9498,Effect/Prefabs/ChangJing/xinshouguan2020/QG/f2_qg_new.prefab,,,,Ải Tân Thủ_Khinh Công_Thúy Yên-Nữ
9499,Effect/Prefabs/ChangJing/xinshouguan2020/QG/m1_qg_new.prefab,,,,Ải Tân Thủ_Khinh Công_Đường Môn-Nam
9500,Effect/Prefabs/ChangJing/xinshouguan2020/QG/f1_qg_new.prefab,,,,Ải Tân Thủ_Khinh Công_Đường Môn-Nữ
9501,Effect/Prefabs/ChangJing/xinshouguan2020/QG/m2_qg_new.prefab,,,,Ải Tân Thủ_Khinh Công_Côn Lôn-Nam
9502,Effect/Prefabs/ChangJing/xinshouguan2020/QG/f2_qg_new.prefab,,,,Ải Tân Thủ_Khinh Công_Côn Lôn-Nữ
9503,Effect/Prefabs/ChangJing/xinshouguan2020/QG/m2_qg_new.prefab,,,,Ải Tân Thủ_Khinh Công_Cái Bang-Nam
9504,Effect/Prefabs/ChangJing/xinshouguan2020/QG/f1_qg_new.prefab,,,,Ải Tân Thủ_Khinh Công_Cái Bang-Nữ
9505,Effect/Prefabs/ChangJing/xinshouguan2020/QG/f1_qg_new.prefab,,,,Ải Tân Thủ_Khinh Công_Ngũ Độc-Nữ
9506,Effect/Prefabs/ChangJing/xinshouguan2020/QG/m1_qg_new.prefab,,,,Ải Tân Thủ_Khinh Công_Tàng Kiếm-Nam
9507,Effect/Prefabs/ChangJing/xinshouguan2020/QG/f2_qg_new.prefab,,,,Ải Tân Thủ_Khinh Công_Tàng Kiếm-Nữ
9508,Effect/Prefabs/ChangJing/xinshouguan2020/QG/f2_qg_new.prefab,,,,Ải Tân Thủ_Khinh Công_Trường Ca-Nữ
9509,Effect/Prefabs/ChangJing/xinshouguan2020/QG/m1_qg_new.prefab,,,,Ải Tân Thủ_Khinh Công_Thiên Sơn-Nam
9510,Effect/Prefabs/ChangJing/xinshouguan2020/QG/f2_qg_new.prefab,,,,Ải Tân Thủ_Khinh Công_Thiên Sơn-Nữ
9511,Effect/Prefabs/ChangJing/xinshouguan2020/QG/m2_qg_new.prefab,,,,Ải Tân Thủ_Khinh Công_Bá Đao-Nam
9512,Effect/Prefabs/ChangJing/xinshouguan2020/QG/f1_qg_new.prefab,,,,Ải Tân Thủ_Khinh Công_Bá Đao-Nữ
9513,Effect/Prefabs/ChangJing/xinshouguan2020/QG/m1_qg_new.prefab,,,,Ải Tân Thủ_Khinh Công_Hoa Sơn-Nam
9514,Effect/Prefabs/ChangJing/xinshouguan2020/QG/f2_qg_new.prefab,,,,Ải Tân Thủ_Khinh Công_Hoa Sơn-Nữ
9515,Effect/Prefabs/ChangJing/xinshouguan2020/QG/m1_qg_new.prefab,,,,Ải Tân Thủ_Khinh Công_Minh Giáo-Nam
9516,Effect/Prefabs/ChangJing/xinshouguan2020/QG/f2_qg_new.prefab,,,,Ải Tân Thủ_Khinh Công_Minh Giáo-Nữ
9517,Effect/Prefabs/ChangJing/xinshouguan2020/QG/m1_qg_new.prefab,,,,Ải Tân Thủ_Khinh Công_Đoàn Thị-Nam
9518,Effect/Prefabs/ChangJing/xinshouguan2020/QG/f1_qg_new.prefab,,,,Ải Tân Thủ_Khinh Công_Đoàn Thị-Nữ
9519,Effect/Prefabs/ChangJing/xinshouguan2020/QG/m1_qg_new.prefab,,,,Ải Tân Thủ_Khinh Công_Vạn Hoa-Nam
9520,Effect/Prefabs/ChangJing/xinshouguan2020/QG/f2_qg_new.prefab,,,,Ải Tân Thủ_Khinh Công_Vạn Hoa-Nữ
9521,Effect/Prefabs/ChangJing/xinshouguan2020/QG/m1_qg_new.prefab,,,,Ải Tân Thủ_Khinh Công_Dương Môn-Nam
9522,Effect/Prefabs/ChangJing/xinshouguan2020/QG/f2_qg_new.prefab,,,,Ải Tân Thủ_Khinh Công_Dương Môn-Nữ
9523,Effect/Prefabs/ChangJing/xinshouguan2020/QG/m1_qg_new.prefab,,,,Ải Tân Thủ_Khinh Công_Long Tước-Nam
9524,Effect/Prefabs/ChangJing/xinshouguan2020/QG/f2_qg_new.prefab,,,,Ải Tân Thủ_Khinh Công_Long Tước-Nữ
9525,Effect/Prefabs/ChangJing/xinshouguan2020/QG/m1_qg_new.prefab,,,,Ải Tân Thủ_Khinh Công_Thần Cơ-Nam
9526,Effect/Prefabs/ChangJing/xinshouguan2020/QG/f1_qg_new.prefab,,,,Ải Tân Thủ_Khinh Công_Thần Cơ-Nữ
9527,Effect/Prefabs/ChangJing/xinshouguan2020/JZ/m2_tw_jz_new.prefab,,,,Ải Tân Thủ_Quyết Chiến_Thiên Vương-Nam
9528,Effect/Prefabs/ChangJing/xinshouguan2020/JZ/f1_tw_jz_new.prefab,,,,Ải Tân Thủ_Quyết Chiến_Thiên Vương-Nữ
9529,Effect/Prefabs/ChangJing/xinshouguan2020/JZ/f2_em_jz_new.prefab,,,,Ải Tân Thủ_Quyết Chiến_Nga Mi-Nữ
9530,Effect/Prefabs/ChangJing/xinshouguan2020/JZ/f1_th_jz_new.prefab,,,,Ải Tân Thủ_Quyết Chiến_Đào Hoa-Nữ
9531,Effect/Prefabs/ChangJing/xinshouguan2020/JZ/m1_xy_jz_new.prefab,,,,Ải Tân Thủ_Quyết Chiến_Tiêu Dao-Nam
9532,Effect/Prefabs/ChangJing/xinshouguan2020/JZ/f2_xy_jz_new.prefab,,,,Ải Tân Thủ_Quyết Chiến_Tiêu Dao-Nữ
9533,Effect/Prefabs/ChangJing/xinshouguan2020/JZ/m1_wd_jz_new.prefab,,,,Ải Tân Thủ_Quyết Chiến_Võ Đang-Nam
9534,Effect/Prefabs/ChangJing/xinshouguan2020/JZ/f2_wd_jz_new.prefab,,,,Ải Tân Thủ_Quyết Chiến_Võ Đang-Nữ
9535,Effect/Prefabs/ChangJing/xinshouguan2020/JZ/m1_tr_jz_new.prefab,,,,Ải Tân Thủ_Quyết Chiến_Thiên Nhẫn-Nam
9536,Effect/Prefabs/ChangJing/xinshouguan2020/JZ/f2_tr_jz_new.prefab,,,,Ải Tân Thủ_Quyết Chiến_Thiên Nhẫn-Nữ
9537,Effect/Prefabs/ChangJing/xinshouguan2020/JZ/m2_sl_jz_new.prefab,,,,Ải Tân Thủ_Quyết Chiến_Thiếu Lâm-Nam
9538,Effect/Prefabs/ChangJing/xinshouguan2020/JZ/f2_cy_jz_new.prefab,,,,Ải Tân Thủ_Quyết Chiến_Thúy Yên-Nữ
9539,Effect/Prefabs/ChangJing/xinshouguan2020/JZ/m1_tm_jz_new.prefab,,,,Ải Tân Thủ_Quyết Chiến_Đường Môn-Nam
9540,Effect/Prefabs/ChangJing/xinshouguan2020/JZ/f1_tm_jz_new.prefab,,,,Ải Tân Thủ_Quyết Chiến_Đường Môn-Nữ
9541,Effect/Prefabs/ChangJing/xinshouguan2020/JZ/m2_kl_jz_new.prefab,,,,Ải Tân Thủ_Quyết Chiến_Côn Lôn-Nam
9542,Effect/Prefabs/ChangJing/xinshouguan2020/JZ/f2_kl_jz_new.prefab,,,,Ải Tân Thủ_Quyết Chiến_Côn Lôn-Nữ
9543,Effect/Prefabs/ChangJing/xinshouguan2020/JZ/m2_gb_jz_new.prefab,,,,Ải Tân Thủ_Quyết Chiến_Cái Bang-Nam
9544,Effect/Prefabs/ChangJing/xinshouguan2020/JZ/f1_gb_jz_new.prefab,,,,Ải Tân Thủ_Quyết Chiến_Cái Bang-Nữ
9545,Effect/Prefabs/ChangJing/xinshouguan2020/JZ/f1_wd_jz_new.prefab,,,,Ải Tân Thủ_Quyết Chiến_Ngũ Độc-Nữ
9546,Effect/Prefabs/ChangJing/xinshouguan2020/JZ/m1_cj_jz_new.prefab,,,,Ải Tân Thủ_Quyết Chiến_Tàng Kiếm-Nam
9547,Effect/Prefabs/ChangJing/xinshouguan2020/JZ/f2_cj_jz_new.prefab,,,,Ải Tân Thủ_Quyết Chiến_Tàng Kiếm-Nữ
9548,Effect/Prefabs/ChangJing/xinshouguan2020/JZ/f2_cg_jz_new.prefab,,,,Ải Tân Thủ_Quyết Chiến_Trường Ca-Nữ
9549,Effect/Prefabs/ChangJing/xinshouguan2020/JZ/m1_ts_jz_new.prefab,,,,Ải Tân Thủ_Quyết Chiến_Thiên Sơn-Nam
9550,Effect/Prefabs/ChangJing/xinshouguan2020/JZ/f2_ts_jz_new.prefab,,,,Ải Tân Thủ_Quyết Chiến_Thiên Sơn-Nữ
9551,Effect/Prefabs/ChangJing/xinshouguan2020/JZ/m2_bd_jz_new.prefab,,,,Ải Tân Thủ_Quyết Chiến_Bá Đao-Nam
9552,Effect/Prefabs/ChangJing/xinshouguan2020/JZ/f1_bd_jz_new.prefab,,,,Ải Tân Thủ_Quyết Chiến_Bá Đao-Nữ
9553,Effect/Prefabs/ChangJing/xinshouguan2020/JZ/m1_hs_jz_new.prefab,,,,Ải Tân Thủ_Quyết Chiến_Hoa Sơn-Nam
9554,Effect/Prefabs/ChangJing/xinshouguan2020/JZ/f2_hs_jz_new.prefab,,,,Ải Tân Thủ_Quyết Chiến_Hoa Sơn-Nữ
9555,Effect/Prefabs/ChangJing/xinshouguan2020/JZ/m1_mj_jz_new.prefab,,,,Ải Tân Thủ_Quyết Chiến_Minh Giáo-Nam
9556,Effect/Prefabs/ChangJing/xinshouguan2020/JZ/f2_mj_jz_new.prefab,,,,Ải Tân Thủ_Quyết Chiến_Minh Giáo-Nữ
9557,Effect/Prefabs/ChangJing/xinshouguan2020/JZ/m1_ds_jz_new.prefab,,,,Ải Tân Thủ_Quyết Chiến_Đoàn Thị-Nam
9558,Effect/Prefabs/ChangJing/xinshouguan2020/JZ/f1_ds_jz_new.prefab,,,,Ải Tân Thủ_Quyết Chiến_Đoàn Thị-Nữ
9559,Effect/Prefabs/ChangJing/xinshouguan2020/JZ/m1_wh_jz_new.prefab,,,,Ải Tân Thủ_Quyết Chiến_Vạn Hoa-Nam
9560,Effect/Prefabs/ChangJing/xinshouguan2020/JZ/f2_wh_jz_new.prefab,,,,Ải Tân Thủ_Quyết Chiến_Vạn Hoa-Nữ
9561,Effect/Prefabs/ChangJing/xinshouguan2020/JZ/m1_ym_jz_new.prefab,,,,Ải Tân Thủ_Quyết Chiến_Dương Môn-Nam
9562,Effect/Prefabs/ChangJing/xinshouguan2020/JZ/f2_ym_jz_new.prefab,,,,Ải Tân Thủ_Quyết Chiến_Dương Môn-Nữ
9563,Effect/Prefabs/ChangJing/xinshouguan2020/JZ/m1_lq_jz_new.prefab,,,,Ải Tân Thủ_Quyết Chiến_Long Tước-Nam
9564,Effect/Prefabs/ChangJing/xinshouguan2020/JZ/f2_lq_jz_new.prefab,,,,Ải Tân Thủ_Quyết Chiến_Long Tước-Nữ
9565,Effect/Prefabs/ChangJing/xinshouguan2020/JZ/m1_sj_jz_new.prefab,,,,Ải Tân Thủ_Quyết Chiến_Thần Cơ-Nam
9566,Effect/Prefabs/ChangJing/xinshouguan2020/JZ/f1_sj_jz_new.prefab,,,,Ải Tân Thủ_Quyết Chiến_Thần Cơ-Nữ
9567,Effect/Prefabs/ChangJing/xinshouguan2020/SZ/NPC/SZ_NPC.prefab,,,,Ải Tân Thủ_Sơn Trang
9568,Effect/Prefabs/ChangJing/xinshouguan2020/DJ/NPC/xinshou_002_DJ_M1_NPC_C.prefab,,,,Ải Tân Thủ_Chắn Tên
9569,Effect/Prefabs/ChangJing/xinshouguan2020/DJ/NPC/xinshou_002_yyf_a.prefab,,,,Ải Tân Thủ_Chắn Tên
9570,Effect/Prefabs/ChangJing/xinshouguan2020/JZ/NPC/xinshou_004_JZ_NPC.prefab,,,,Ải Tân Thủ_Quyết Chiến
9571,Effect/Prefabs/ChangJing/xinshouguan2020/JZ/NPC/xinshou_002_yyf_a.prefab,,,,Ải Tân Thủ_Quyết Chiến
9572,Effect/Prefabs/JueSe/WaiZhuang/M2_W022_Body_WZ01_HanFu.prefab,,,,
9573,Effect/Prefabs/JueSe/WaiZhuang/M2_W022_Body_WZ01_HanFu_CX.prefab,,,,
9574,Effect/Prefabs/JueSe/WaiZhuang/M1_M2_W022_Body_WZ01_HanFu_R.prefab,,,,
9575,Effect/Prefabs/JueSe/WaiZhuang/M1_W022_Body_WZ01_HanFu_CX.prefab,,,,
9576,Effect/Prefabs/JueSe/WaiZhuang/M1_W022_Body_WZ01_HanFu.prefab,,,,
9577,Effect/Prefabs/JueSe/WaiZhuang/M1_M2_W022_Body_WZ01_HanFu_R.prefab,,,,
9578,Effect/Prefabs/JueSe/WaiZhuang/F2_W022_Body_WZ01_HanFu_cx.prefab,,,,
9579,Effect/Prefabs/JueSe/WaiZhuang/F2_W022_Body_WZ01_HanFu.prefab,,,,
9580,Effect/Prefabs/JueSe/WaiZhuang/F2_W022_Body_WZ01_HanFu_L.prefab,,,,
9581,Effect/Prefabs/JueSe/WaiZhuang/F2_W022_Body_WZ01_HanFu_R.prefab,,,,
9582,Effect/Prefabs/JueSe/WaiZhuang/F1_W022_Body_WZ01_HanFu_CX.prefab,,,,
9583,Effect/Prefabs/JueSe/WaiZhuang/F1_W022_Body_WZ01_HanFu.prefab,,,,
9584,Effect/Prefabs/JueSe/WaiZhuang/F1_W022_Body_WZ01_HanFu_L.prefab,,,,
9585,Effect/Prefabs/JueSe/WaiZhuang/F1_W022_Body_WZ01_HanFu_R.prefab,,,,
9586,Effect/Prefabs/ChangJing/xinshouguan2020/DJ/NPC/xinshou_002_DJ_M1_NPC_effect.prefab,,,,Ải Tân Thủ_Chắn Tên
9587,Effect/Prefabs/JueSe/other1/Effect_npc292_M1_01.prefab,,,,
9588,Effect/Prefabs/JueSe/other1/Effect_npc292_M1_02.prefab,,,,
9589,Effect/Prefabs/JueSe/other1/Effect_npc292_M2_01.prefab,,,,
9590,Effect/Prefabs/JueSe/other1/Effect_npc292_M2_02.prefab,,,,
9591,Effect/Prefabs/JueSe/other1/Effect_npc292_F1_01.prefab,,,,
9592,Effect/Prefabs/JueSe/other1/Effect_npc292_F1_02.prefab,,,,
9593,Effect/Prefabs/JueSe/other1/Effect_npc292_F2_01.prefab,,,,
9594,Effect/Prefabs/JueSe/other1/Effect_npc292_F2_02.prefab,,,,
9595,Effect/Prefabs/JueSe/ShenJi/ShenJi_st01_F1.prefab,,,,
9596,Effect/Prefabs/JueSe/ShenJi/ShenJi_st01_M1.prefab,,,,
9597,Effect/Prefabs/JueSe/JiaoYin/M1_JY01_hudie_C.prefab,,,,
9598,Effect/Prefabs/JueSe/JiaoYin/M1_JY01_hudie_Z.prefab,,,,
9599,Effect/Prefabs/JueSe/JiaoYin/M1_JY01_hudie_Y.prefab,,,,
9600,Effect/Prefabs/JueSe/JiaoYin/M2_JY01_hudie_C.prefab,,,,
9601,Effect/Prefabs/JueSe/JiaoYin/M2_JY01_hudie_Z.prefab,,,,
9602,Effect/Prefabs/JueSe/JiaoYin/M2_JY01_hudie_Y.prefab,,,,
9603,Effect/Prefabs/JueSe/JiaoYin/F1_JY01_hudie_C.prefab,,,,
9604,Effect/Prefabs/JueSe/JiaoYin/F1_JY01_hudie_Z.prefab,,,,
9605,Effect/Prefabs/JueSe/JiaoYin/F1_JY01_hudie_Y.prefab,,,,
9606,Effect/Prefabs/JueSe/JiaoYin/F2_JY01_hudie_C.prefab,,,,
9607,Effect/Prefabs/JueSe/JiaoYin/F2_JY01_hudie_Z.prefab,,,,
9608,Effect/Prefabs/JueSe/JiaoYin/F2_JY01_hudie_Y.prefab,,,,
9609,Effect/Prefabs/JueSe/JiaoYin/M1_JY02_jinlian_C.prefab,,,,
9610,Effect/Prefabs/JueSe/JiaoYin/M1_JY02_jinlian_Z.prefab,,,,
9611,Effect/Prefabs/JueSe/JiaoYin/M1_JY02_jinlian_Y.prefab,,,,
9612,Effect/Prefabs/JueSe/JiaoYin/M2_JY02_jinlian_C.prefab,,,,
9613,Effect/Prefabs/JueSe/JiaoYin/M2_JY02_jinlian_Z.prefab,,,,
9614,Effect/Prefabs/JueSe/JiaoYin/M2_JY02_jinlian_Y.prefab,,,,
9615,Effect/Prefabs/JueSe/JiaoYin/F1_JY02_jinlian_C.prefab,,,,
9616,Effect/Prefabs/JueSe/JiaoYin/F1_JY02_jinlian_Z.prefab,,,,
9617,Effect/Prefabs/JueSe/JiaoYin/F1_JY02_jinlian_Y.prefab,,,,
9618,Effect/Prefabs/JueSe/JiaoYin/F2_JY02_jinlian_C.prefab,,,,
9619,Effect/Prefabs/JueSe/JiaoYin/F2_JY02_jinlian_Z.prefab,,,,
9620,Effect/Prefabs/JueSe/JiaoYin/F2_JY02_jinlian_Y.prefab,,,,
9621,Effect/Prefabs/JueSe/other1/Effect_npc292_M1_03.prefab,,,,
9622,Effect/Prefabs/JueSe/other1/Effect_npc292_M2_03.prefab,,,,
9623,Effect/Prefabs/JueSe/other1/Effect_npc292_F1_03.prefab,,,,
9624,Effect/Prefabs/JueSe/other1/Effect_npc292_F2_03.prefab,,,,
9625,Effect/Prefabs/JueSe/QingGong/Effect_SRQG_01_Camera.prefab,,,,
9626,Effect/Prefabs/JueSe/QingGong/Effect_SRQG_01_F1_Bip01Spine.prefab,,,,
9627,Effect/Prefabs/JueSe/QingGong/Effect_SRQG_01_F1_L.prefab,,,,
9628,Effect/Prefabs/JueSe/QingGong/Effect_SRQG_01_F1_R.prefab,,,,
9629,Effect/Prefabs/JueSe/QingGong/Effect_SRQG_01_F2_Bip01Spine.prefab,,,,
9630,Effect/Prefabs/JueSe/QingGong/Effect_SRQG_01_F2_L.prefab,,,,
9631,Effect/Prefabs/JueSe/QingGong/Effect_SRQG_01_F2_R.prefab,,,,
9632,Effect/Prefabs/JueSe/QingGong/Effect_SRQG_01_M1_M2_Bip01Spine.prefab,,,,
9633,Effect/Prefabs/JueSe/QingGong/Effect_SRQG_01_Sence.prefab,,,,
9638,Effect/Prefabs/JueSe/NPC/Tongban/Effect_npc297_jn03.prefab,,,,
9641,Effect/Prefabs/JueSe/other1/Effect_npc292_F2_L01.prefab,,,,
9642,Effect/Prefabs/JueSe/other1/Effect_npc292_F2_L02.prefab,,,,
9643,Effect/Prefabs/JueSe/other1/Effect_npc292_F2_R01.prefab,,,,
9644,Effect/Prefabs/JueSe/other1/Effect_npc292_F2_R02.prefab,,,,
9645,Effect/Prefabs/JueSe/other1/Effect_npc292_F1_L01.prefab,,,,
9646,Effect/Prefabs/JueSe/other1/Effect_npc292_F1_L02.prefab,,,,
9647,Effect/Prefabs/JueSe/other1/Effect_npc292_F1_R01.prefab,,,,
9648,Effect/Prefabs/JueSe/other1/Effect_npc292_F1_R02.prefab,,,,
9649,Effect/Prefabs/JueSe/other1/Effect_npc292_M1_M2_L01.prefab,,,,
9650,Effect/Prefabs/JueSe/other1/Effect_npc292_M1_M2_L02.prefab,,,,
9651,Effect/Prefabs/JueSe/other1/Effect_npc292_M1_M2_R01.prefab,,,,
9652,Effect/Prefabs/JueSe/other1/Effect_npc292_M1_M2_R02.prefab,,,,
9653,Scenes/camera/liangong01/prefabs/yyf01.prefab,,,,
9654,Effect/Prefabs/ChangJing/xinshouguan2020/QG/effect/QG_effect.prefab,,,,
9655,UI/Prefabs/Effect/SpecialTitle/DressTitle28_Effect.prefab,,,,
9656,Effect/Prefabs/ChangJing/xinshouguan2020/SZ/m1_sz_new.prefab,,,,Ải Tân Thủ_Sơn Trang_Huyền Thủy-Nam
9657,Effect/Prefabs/ChangJing/xinshouguan2020/SZ/f2_sz_new.prefab,,,,Ải Tân Thủ_Sơn Trang_Huyền Thủy-Nữ
9658,Effect/Prefabs/ChangJing/xinshouguan2020/DJ/m1_dj_new.prefab,,,,Ải Tân Thủ_Chắn Tên_Huyền Thủy-Nam
9659,Effect/Prefabs/ChangJing/xinshouguan2020/DJ/f2_dj_new.prefab,,,,Ải Tân Thủ_Chắn Tên_Huyền Thủy-Nữ
9660,Effect/Prefabs/ChangJing/xinshouguan2020/QG/m1_qg_new.prefab,,,,Ải Tân Thủ_Khinh Công_Huyền Thủy-Nam
9661,Effect/Prefabs/ChangJing/xinshouguan2020/QG/f2_qg_new.prefab,,,,Ải Tân Thủ_Khinh Công_Huyền Thủy-Nữ
9662,Effect/Prefabs/ChangJing/xinshouguan2020/JZ/m1_mw_jz_new.prefab,,,,Ải Tân Thủ_Quyết Chiến_Huyền Thủy-Nam
9663,Effect/Prefabs/ChangJing/xinshouguan2020/JZ/f2_mw_jz_new.prefab,,,,Ải Tân Thủ_Quyết Chiến_Huyền Thủy-Nữ
9664,Effect/Prefabs/JueSe/WaiZhuang/F1_F2_W023_Body_WZ01_BingXue_L.prefab,,,,
9665,Effect/Prefabs/JueSe/WaiZhuang/F1_F2_W023_Body_WZ01_BingXue_R.prefab,,,,
9666,Effect/Prefabs/JueSe/WaiZhuang/F1_W023_Body_WZ01_BingXue_BacK.prefab,,,,
9667,Effect/Prefabs/JueSe/WaiZhuang/F1_W023_Body_WZ01_BingXue_CX.prefab,,,,
9668,Effect/Prefabs/JueSe/WaiZhuang/F1_W023_Body_WZ01_BingXue.prefab,,,,
9669,Effect/Prefabs/JueSe/WaiZhuang/F1_F2_W023_Body_WZ01_BingXue_L.prefab,,,,
9670,Effect/Prefabs/JueSe/WaiZhuang/F1_F2_W023_Body_WZ01_BingXue_R.prefab,,,,
9671,Effect/Prefabs/JueSe/WaiZhuang/F2_W023_Body_WZ01_BingXue_BacK.prefab,,,,
9672,Effect/Prefabs/JueSe/WaiZhuang/F2_W023_Body_WZ01_BingXue_CX.prefab,,,,
9673,Effect/Prefabs/JueSe/WaiZhuang/F2_W023_Body_WZ01_BingXue.prefab,,,,
9674,Effect/Prefabs/JueSe/WaiZhuang/M1_M2_W023_Body_WZ01_BingXue_L.prefab,,,,
9675,Effect/Prefabs/JueSe/WaiZhuang/M1_M2_W023_Body_WZ01_BingXue_R.prefab,,,,
9676,Effect/Prefabs/JueSe/WaiZhuang/M1_M2_W023_Body_WZ01_BingXue_BacK.prefab,,,,
9677,Effect/Prefabs/JueSe/WaiZhuang/M1_M2_W023_Body_WZ01_BingXue_CX.prefab,,,,
9678,Effect/Prefabs/JueSe/WaiZhuang/M1_M2_W023_Body_WZ01_BingXue.prefab,,,,
9679,Effect/Prefabs/JueSe/XuanShuiJiao/XuanShui_ST_01_M1.prefab,,,,
9680,Effect/Prefabs/JueSe/XuanShuiJiao/XuanShui_ST_01_F2.prefab,,,,
9681,Effect/Prefabs/JueSe/XuanShuiJiao/XuanShui_ST_01_F2_WQ_Bone001.prefab,,,,
9682,Effect/Prefabs/JueSe/WaiZhuang/M1_W024_Body_WZ01_mo.prefab,,,,
9683,Effect/Prefabs/JueSe/WaiZhuang/M1_W024_Body_WZ01_mo_CX.prefab,,,,
9684,Effect/Prefabs/JueSe/WaiZhuang/M1_W024_Body_WZ01_tengman.prefab,,,,
9685,Effect/Prefabs/JueSe/WaiZhuang/M1_W024_Body_WZ01_tenyi.prefab,,,,
9686,Effect/Prefabs/JueSe/WaiZhuang/M1_W024_Body_WZ01_tw_LR.prefab,,,,
9687,Effect/Prefabs/JueSe/WaiZhuang/F1_W024_Body_WZ01_xain.prefab,,,,
9688,Effect/Prefabs/JueSe/WaiZhuang/F1_W024_Body_WZ01_xain_guiji_a.prefab,,,,
9689,Effect/Prefabs/JueSe/WaiZhuang/F1_W024_Body_WZ01_xain_cx_a.prefab,,,,
9690,Effect/Prefabs/JueSe/WaiZhuang/F1_W024_Body_WZ01_xain_cx.prefab,,,,
9691,Effect/Prefabs/JueSe/WaiZhuang/F1_F2_W024_Body_WZ01_xian_tw_Bip01Spine1_a.prefab,,,,
9692,Effect/Prefabs/JueSe/WaiZhuang/F1_F2_W024_Body_WZ01_xian_tw_LR.prefab,,,,
9693,Effect/Prefabs/JueSe/WaiZhuang/F1_F2_W024_Body_WZ01_xian_tw_Bip01Spine_feiqi.prefab,,,,
9694,Effect/Prefabs/JueSe/WaiZhuang/F2_W024_Body_WZ01_xain.prefab,,,,
9695,Effect/Prefabs/JueSe/WaiZhuang/F2_W024_Body_WZ01_xain_guiji_a.prefab,,,,
9696,Effect/Prefabs/JueSe/WaiZhuang/F2_W024_Body_WZ01_xain_cx_a.prefab,,,,
9697,Effect/Prefabs/JueSe/WaiZhuang/F2_W024_Body_WZ01_xain_cx.prefab,,,,
9698,Effect/Prefabs/JueSe/WaiZhuang/M1_W024_Body_WZ01_tw_L.prefab,,,,
9701,Effect/Prefabs/ChangJing/xinshouguan2020/SZ/m1_sz_new.prefab,,,,Ải Tân Thủ_Sơn Trang_Xung Tiêu Nam
9702,Effect/Prefabs/ChangJing/xinshouguan2020/SZ/f1_sz_new.prefab,,,,Ải Tân Thủ_Sơn Trang_Xung Tiêu Nữ
9703,Effect/Prefabs/ChangJing/xinshouguan2020/DJ/m1_dj_new.prefab,,,,Ải Tân Thủ_Chắn Tên_Xung Tiêu Nam
9704,Effect/Prefabs/ChangJing/xinshouguan2020/DJ/f1_dj_new.prefab,,,,Ải Tân Thủ_Chắn Tên_Xung Tiêu Nữ
9705,Effect/Prefabs/ChangJing/xinshouguan2020/QG/m1_qg_new.prefab,,,,Ải Tân Thủ_Khinh Công_Xung Tiêu Nam
9706,Effect/Prefabs/ChangJing/xinshouguan2020/QG/f1_qg_new.prefab,,,,Ải Tân Thủ_Khinh Công_Xung Tiêu Nữ
9707,Effect/Prefabs/ChangJing/xinshouguan2020/JZ/m1_cx_jz_new.prefab,,,,Ải Tân Thủ_Quyết Chiến_Xung Tiêu Nam
9708,Effect/Prefabs/ChangJing/xinshouguan2020/JZ/f1_cx_jz_new.prefab,,,,Ải Tân Thủ_Quyết Chiến_Xung Tiêu Nữ
9709,UI/Prefabs/Effect/SpecialTitle/DressTitle35_Effect.prefab,,,,
9710,Effect/Prefabs/ChangJing/xinshouguan2020/SZ/m1_sz_new.prefab,,,,Ải Tân Thủ_Sơn Trang_Long Uy-Nam
9711,Effect/Prefabs/ChangJing/xinshouguan2020/SZ/f2_sz_new.prefab,,,,Ải Tân Thủ_Sơn Trang_Long Uy-Nữ
9712,Effect/Prefabs/ChangJing/xinshouguan2020/DJ/m1_dj_new.prefab,,,,Ải Tân Thủ_Chắn Tên_Long Uy-Nam
9713,Effect/Prefabs/ChangJing/xinshouguan2020/DJ/f2_dj_new.prefab,,,,Ải Tân Thủ_Chắn Tên_Long Uy-Nữ
9714,Effect/Prefabs/ChangJing/xinshouguan2020/QG/m1_qg_new.prefab,,,,Ải Tân Thủ_Khinh Công_Long Uy-Nam
9715,Effect/Prefabs/ChangJing/xinshouguan2020/QG/f2_qg_new.prefab,,,,Ải Tân Thủ_Khinh Công_Long Uy-Nữ
9716,Effect/Prefabs/ChangJing/xinshouguan2020/JZ/m1_ww_jz_new.prefab,,,,Ải Tân Thủ_Quyết Chiến_Long Uy-Nam
9717,Effect/Prefabs/ChangJing/xinshouguan2020/JZ/f2_ww_jz_new.prefab,,,,Ải Tân Thủ_Quyết Chiến_Long Uy-Nữ
9718,Effect/Prefabs/JueSe/WaiZhuang/Effect_beigua_san_tw_nan.prefab,,,,
9719,Effect/Prefabs/JueSe/WaiZhuang/Effect_beigua_san_tw_nv.prefab,,,,
9720,Effect/Prefabs/JueSe/WaiZhuang/Effect_beigua_san_fenwei_nv.prefab,,,,
9721,Effect/Prefabs/JueSe/WaiZhuang/Effect_beigua_san_fenwei_nan.prefab,,,,
9722,Effect/Prefabs/JueSe/WaiZhuang/Effect_beigua_san_lizi_nv.prefab,,,,
9723,Effect/Prefabs/JueSe/WaiZhuang/Effect_beigua_san_lizi_nan.prefab,,,,
9724,Effect/Prefabs/JueSe/WaiZhuang/Effect_beigua_san_dh_nv.prefab,,,,
9725,Effect/Prefabs/JueSe/WaiZhuang/Effect_beigua_san_dh_nan.prefab,,,,
9726,Player/Npcs/Prefabs/npcback023_f2.prefab,,,,
9727,Player/Npcs/Prefabs/npcback023_f1.prefab,,,,
9728,Player/Npcs/Prefabs/npcback023_m1_m2.prefab,,,,
9729,Effect/Prefabs/HuoDong/Effect_Quan_01.prefab,,,,
9730,Effect/Prefabs/HuoDong/Effect_genchong_xing_01.prefab,,,,Sao Lâm An
9731,Effect/Prefabs/HuoDong/Effect_fenghuolun_buff.prefab,,,,buff Phong Hỏa Luân
9732,Effect/Prefabs/HuoDong/Effect_baozi_buff.prefab,,,,buff Bánh Bao Thịt Lớn
9733,Effect/Prefabs/HuoDong/Effect_baozu_Hit.prefab,,,,Pháo Lớn
9734,Effect/Prefabs/HuoDong/Effect_gencong_kaishi.prefab,,,,Hiệu ứng điểm đầu
9735,Effect/Prefabs/HuoDong/Effect_gencong_zhongdian_cx.prefab,,,,Hiệu ứng điểm cuối
9736,UI/Prefabs/Effect/SpecialTitle/GinkgoTitle37.prefab,,,,Võ Lâm Chí Tôn-Quyết Đấu
9737,UI/Prefabs/Effect/SpecialTitle/GinkgoTitle38.prefab,,,,Võ Lâm Chí Tôn-Song Đấu
9738,UI/Prefabs/Effect/SpecialTitle/GinkgoTitle39.prefab,,,,Võ Lâm Chí Tôn-Tam Đấu
9739,UI/Prefabs/Effect/SpecialTitle/GinkgoTitle40.prefab,,,,Võ Lâm Chí Tôn-Tứ Đấu
9740,UI/Prefabs/Effect/SpecialTitle/GinkgoTitle41.prefab,,,,Võ Lâm Danh Hiệp-Quyết Đấu
9741,UI/Prefabs/Effect/SpecialTitle/GinkgoTitle42.prefab,,,,Võ Lâm Danh Hiệp-Song Đấu
9742,UI/Prefabs/Effect/SpecialTitle/GinkgoTitle43.prefab,,,,Võ Lâm Danh Hiệp-Tam Đấu
9743,UI/Prefabs/Effect/SpecialTitle/GinkgoTitle44.prefab,,,,Võ Lâm Danh Hiệp-Tứ Đấu
9744,Effect/Prefabs/JueSe/other1/Effect_chongwu_shayu_julang.prefab,,,,Căn Sủng Sa Ngư
9745,Effect/Prefabs/JueSe/other1/Effect_chongwu_shayu_sikao.prefab,,,,Căn Sủng Sa Ngư
9746,Effect/Prefabs/ChangJing/xinshouguan2020/SZ/m1_sz_new.prefab,,,,Ải Tân Thủ_Sơn Trang_Hội Mộng-Nam
9747,Effect/Prefabs/ChangJing/xinshouguan2020/SZ/f1_sz_new.prefab,,,,Ải Tân Thủ_Sơn Trang_Hội Mộng-Nữ
9748,Effect/Prefabs/ChangJing/xinshouguan2020/DJ/m1_dj_new.prefab,,,,Ải Tân Thủ_Chắn Tên_Hội Mộng-Nam
9749,Effect/Prefabs/ChangJing/xinshouguan2020/DJ/f1_dj_new.prefab,,,,Ải Tân Thủ_Chắn Tên_Hội Mộng-Nữ
9750,Effect/Prefabs/ChangJing/xinshouguan2020/QG/m1_qg_new.prefab,,,,Ải Tân Thủ_Khinh Công_Hội Mộng-Nam
9751,Effect/Prefabs/ChangJing/xinshouguan2020/QG/f1_qg_new.prefab,,,,Ải Tân Thủ_Khinh Công_Hội Mộng-Nữ
9752,Effect/Prefabs/ChangJing/xinshouguan2020/JZ/M1_CY_jz_new.prefab,,,,Ải Tân Thủ_Quyết Chiến_Hội Mộng-Nam
9753,Effect/Prefabs/ChangJing/xinshouguan2020/JZ/F1_CY_jz_new.prefab,,,,Ải Tân Thủ_Quyết Chiến_Hội Mộng-Nữ
9754,Effect/Prefabs/ChangJing/xinshouguan2020/SZ/m1_sz_new.prefab,,,,Ải Tân Thủ_Sơn Trang_Thiên Tâm-Nam
9755,Effect/Prefabs/ChangJing/xinshouguan2020/SZ/f2_sz_new.prefab,,,,Ải Tân Thủ_Sơn Trang_Thiên Tâm-Nữ
9756,Effect/Prefabs/ChangJing/xinshouguan2020/DJ/m1_dj_new.prefab,,,,Ải Tân Thủ_Chắn Tên_Thiên Tâm-Nam
9757,Effect/Prefabs/ChangJing/xinshouguan2020/DJ/f2_dj_new.prefab,,,,Ải Tân Thủ_Chắn Tên_Thiên Tâm-Nữ
9758,Effect/Prefabs/ChangJing/xinshouguan2020/QG/m1_qg_new.prefab,,,,Ải Tân Thủ_Khinh Công_Thiên Tâm-Nam
9759,Effect/Prefabs/ChangJing/xinshouguan2020/QG/f2_qg_new.prefab,,,,Ải Tân Thủ_Khinh Công_Thiên Tâm-Nữ
9760,Effect/Prefabs/ChangJing/xinshouguan2020/JZ/m1_fc_jz_new.prefab,,,,Ải Tân Thủ_Quyết Chiến_Thiên Tâm-Nam
9761,Effect/Prefabs/ChangJing/xinshouguan2020/JZ/f2_fc_jz_new.prefab,,,,Ải Tân Thủ_Quyết Chiến_Thiên Tâm-Nữ
9762,Effect/Prefabs/ChangJing/xinshouguan2020/SZ/m1_sz_new.prefab,,,,Ải Tân Thủ_Sơn Trang_Trảm Liệt-Nam
9763,Effect/Prefabs/ChangJing/xinshouguan2020/SZ/f1_sz_new.prefab,,,,Ải Tân Thủ_Sơn Trang_Trảm Liệt-Nữ
9764,Effect/Prefabs/ChangJing/xinshouguan2020/DJ/m1_dj_new.prefab,,,,Ải Tân Thủ_Chắn Tên_Trảm Liệt-Nam
9765,Effect/Prefabs/ChangJing/xinshouguan2020/DJ/f1_dj_new.prefab,,,,Ải Tân Thủ_Chắn Tên_Trảm Liệt-Nữ
9766,Effect/Prefabs/ChangJing/xinshouguan2020/QG/m1_qg_new.prefab,,,,Ải Tân Thủ_Khinh Công_Trảm Liệt-Nam
9767,Effect/Prefabs/ChangJing/xinshouguan2020/QG/f1_qg_new.prefab,,,,Ải Tân Thủ_Khinh Công_Trảm Liệt-Nữ
9768,Effect/Prefabs/ChangJing/xinshouguan2020/JZ/m1_gd_jz_new.prefab,,,,Ải Tân Thủ_Quyết Chiến_Trảm Liệt-Nam
9769,Effect/Prefabs/ChangJing/xinshouguan2020/JZ/f1_gd_jz_new.prefab,,,,Ải Tân Thủ_Quyết Chiến_Trảm Liệt-Nữ
9770,UI/Prefabs/Effect/SpecialTitle/DressTitle250_Effect.prefab,,,,Độc Bộ Sơn Hà-Song Đấu
9771,UI/Prefabs/Effect/SpecialTitle/DressTitle251_Effect.prefab,,,,Độc Bộ Sơn Hà-Tam Đấu
9772,UI/Prefabs/Effect/SpecialTitle/DressTitle252_Effect.prefab,,,,Độc Bộ Sơn Hà-Tứ Đấu
9773,Effect/Prefabs/ChangJing/xinshouguan2020/SZ/m1_sz_new.prefab,,,,Ải Tân Thủ_Sơn Trang_Cô Hồng-Nam
9774,Effect/Prefabs/ChangJing/xinshouguan2020/SZ/f2_sz_new.prefab,,,,Ải Tân Thủ_Sơn Trang_Cô Hồng-Nữ
9775,Effect/Prefabs/ChangJing/xinshouguan2020/DJ/m1_dj_new.prefab,,,,Ải Tân Thủ_Chắn Tên_Cô Hồng-Nam
9776,Effect/Prefabs/ChangJing/xinshouguan2020/DJ/f2_dj_new.prefab,,,,Ải Tân Thủ_Chắn Tên_Cô Hồng-Nữ
9777,Effect/Prefabs/ChangJing/xinshouguan2020/QG/m1_qg_new.prefab,,,,Ải Tân Thủ_Khinh Công_Cô Hồng-Nam
9778,Effect/Prefabs/ChangJing/xinshouguan2020/QG/f2_qg_new.prefab,,,,Ải Tân Thủ_Khinh Công_Cô Hồng-Nữ
9779,Effect/Prefabs/ChangJing/xinshouguan2020/JZ/m1_sd_jz_new.prefab,,,,Ải Tân Thủ_Quyết Chiến_Cô Hồng-Nam
9780,Effect/Prefabs/ChangJing/xinshouguan2020/JZ/f2_sd_jz_new.prefab,,,,Ải Tân Thủ_Quyết Chiến_Cô Hồng-Nữ
9934,UI/Prefabs/Effect/SpecialTitle/GinkgoTitle1.prefab,,,,
9935,UI/Prefabs/Effect/SpecialTitle/GinkgoTitle2.prefab,,,,
9936,UI/Prefabs/Effect/SpecialTitle/GinkgoTitle3.prefab,,,,
9937,UI/Prefabs/Effect/SpecialTitle/GinkgoTitle4.prefab,,,,
9938,UI/Prefabs/Effect/SpecialTitle/GinkgoTitle5.prefab,,,,
9939,UI/Prefabs/Effect/SpecialTitle/VNTitle3_Effect.prefab,,,,
9940,UI/Prefabs/Effect/SpecialTitle/VNTitle4_Effect.prefab,,,,
9941,UI/Prefabs/Effect/SpecialTitle/VNTitle5_Effect.prefab,,,,
9942,UI/Prefabs/Effect/SpecialTitle/GinkgoTitle6.prefab,,,,
9943,UI/Prefabs/Effect/SpecialTitle/MusicTitle1.prefab,,,,
9944,UI/Prefabs/Effect/SpecialTitle/MusicTitle2.prefab,,,,
9945,UI/Prefabs/Effect/SpecialTitle/MusicTitle3.prefab,,,,
9946,UI/Prefabs/Effect/SpecialTitle/MusicTitle4.prefab,,,,
9947,UI/Prefabs/Effect/SpecialTitle/MusicTitle5.prefab,,,,
9948,UI/Prefabs/Effect/SpecialTitle/SpecialTitle1.prefab,,,,
9949,Effect/Prefabs/JueSe/NPC/Fuben/TongYong/hd_SanShenYouXin.prefab,,,,
9950,UI/Prefabs/Effect/SpecialTitle/GinkgoTitle9.prefab,,,,
9951,UI/Prefabs/Effect/SpecialTitle/FamilyTitle1.prefab,,,,
9952,UI/Prefabs/Effect/SpecialTitle/FamilyTitle2.prefab,,,,
9953,UI/Prefabs/Effect/SpecialTitle/FamilyTitle3.prefab,,,,
9954,UI/Prefabs/Effect/SpecialTitle/FamilyTitle4.prefab,,,,
9955,UI/Prefabs/Effect/SpecialTitle/FamilyTitle5.prefab,,,,
9956,UI/Prefabs/Effect/SpecialTitle/FamilyTitle6.prefab,,,,
9957,UI/Prefabs/Effect/SpecialTitle/FamilyTitle7.prefab,,,,
9958,UI/Prefabs/Effect/SpecialTitle/FamilyTitle8.prefab,,,,
9959,UI/Prefabs/Effect/SpecialTitle/FamilyTitle9.prefab,,,,
9960,UI/Prefabs/Effect/SpecialTitle/FamilyTitle10.prefab,,,,
9961,UI/Prefabs/Effect/SpecialTitle/FamilyTitle11.prefab,,,,
9962,UI/Prefabs/Effect/SpecialTitle/FamilyTitle12.prefab,,,,
9963,Effect/Prefabs/JueSe/NPC/Fuben/TongYong/hd_JiaZuPingXuan_1.prefab,,,,
9964,Effect/Prefabs/JueSe/NPC/Fuben/TongYong/hd_JiaZuPingXuan_2.prefab,,,,
9965,Effect/Prefabs/JueSe/NPC/Fuben/TongYong/hd_JiaZuPingXuan_3.prefab,,,,
9966,Effect/Prefabs/JueSe/NPC/Fuben/TongYong/hd_JiaZuPingXuan_4.prefab,,,,
9967,Effect/Prefabs/JueSe/GaiBang/f1_gb_qg.prefab,,,,
9968,Effect/Prefabs/JueSe/WanHua/f2_wh_qg.prefab,,,,
9969,Effect/Prefabs/JueSe/WanHua/m1_wh_qg.prefab,,,,
9973,UI/Prefabs/Effect/SpecialTitle/FamilyTitle13.prefab,,,,
9974,UI/Prefabs/Effect/SpecialTitle/FamilyTitle14.prefab,,,,
9975,Effect/Prefabs/JueSe/WaiZhuang/M1_W016_Body_CX.prefab,,,,
9976,Effect/Prefabs/JueSe/WaiZhuang/M1_W016_Body_DH2.prefab,,,,
9977,Effect/Prefabs/JueSe/WaiZhuang/M1_W016_Body_DH_XH.prefab,,,,
9978,Effect/Prefabs/JueSe/WaiZhuang/M1_F2_W016_Body_LR_XH.prefab,,,,
9979,Effect/Prefabs/JueSe/WaiZhuang/M1_W016_Body_CX1.prefab,,,,
9980,Effect/Prefabs/JueSe/WaiZhuang/F1_F2_W016_Body_WZ03_QiXi_LR.prefab,,,,
9981,Effect/Prefabs/JueSe/WaiZhuang/M1_M2_W016_Body_WZ03_QiXi_R.prefab,,,,
9982,Effect/Prefabs/JueSe/WaiZhuang/M1_M2_W016_Body_WZ01.prefab,,,,
9983,Effect/Prefabs/JueSe/WaiZhuang/F2_Z016_Body_WZ01.prefab,,,,
9984,Effect/Prefabs/JueSe/WaiZhuang/F1_Z016_Body_WZ01.prefab,,,,
9985,Effect/Prefabs/JueSe/WaiZhuang/F1_F2_W016_Body_WZ03_QiXi_LR.prefab,,,,
9986,Player/Npcs/Prefabs/npc_272.prefab,,,,
9987,Player/Npcs/Prefabs/npc_269.prefab,,,,
9988,UI/Prefabs/Effect/SpecialTitle/ChangBaiZhiDianEffect01.prefab,,,,
9989,UI/Prefabs/Effect/SpecialTitle/ChangBaiZhiDianEffect02.prefab,,,,
9990,UI/Prefabs/Effect/SpecialTitle/ChangBaiZhiDianEffect03.prefab,,,,
9991,UI/Prefabs/Effect/SpecialTitle/ChangBaiZhiDianEffect04.prefab,,,,
9992,UI/Prefabs/Effect/SpecialTitle/ChangBaiZhiDianEffect05.prefab,,,,
9993,UI/Prefabs/Effect/SpecialTitle/ChangBaiZhiDianEffect06.prefab,,,,
9994,UI/Prefabs/Effect/SpecialTitle/ChangBaiZhiDianEffect07.prefab,,,,
9995,UI/Prefabs/Effect/SpecialTitle/ChangBaiZhiDianEffect08.prefab,,,,
9996,UI/Prefabs/Effect/BianKuang_01.prefab,,,,
9997,UI/Prefabs/Effect/SpecialTitle/DressTitle159_Effect.prefab,,,,
9998,Effect/Prefabs/JueSe/NPC/Fuben/TongYong/Effect_7ZhouNian_FangHua.prefab,,,,
9999,UI/Prefabs/Effect/Test_001.prefab,,,,
10000,UI/Prefabs/Effect/SpecialTitle/Test2/Test2.prefab,,,,
10001,UI/Prefabs/Effect/SpecialTitle/FamilyTitle15.prefab,,,,
10002,UI/Prefabs/Effect/SpecialTitle/FamilyTitle16.prefab,,,,
10003,UI/Prefabs/Effect/SpecialTitle/FamilyTitle17.prefab,,,,
10004,UI/Prefabs/Effect/SpecialTitle/FamilyTitle18.prefab,,,,
10005,UI/Prefabs/Effect/SpecialTitle/FamilyTitle19.prefab,,,,
10006,UI/Prefabs/Effect/SpecialTitle/FamilyTitle20.prefab,,,,
10007,UI/Prefabs/Effect/SpecialTitle/FamilyTitle21.prefab,,,,
10008,UI/Prefabs/Effect/SpecialTitle/FamilyTitle22.prefab,,,,
10009,UI/Prefabs/Effect/SpecialTitle/FamilyTitle23.prefab,,,,
10010,UI/Prefabs/Effect/SpecialTitle/FamilyTitle24.prefab,,,,
10011,UI/Prefabs/Effect/SpecialTitle/FamilyTitle26.prefab,,,,
10012,UI/Prefabs/Effect/SpecialTitle/DressTitle7_Effect.prefab,,,,
10013,UI/Prefabs/Effect/SpecialTitle/TengXunTitle5_Effect.prefab,,,,
10014,UI/Prefabs/Effect/SpecialTitle/TengXunTitle6_Effect.prefab,,,,
10015,UI/Prefabs/Effect/SpecialTitle/TengXunTitle7_Effect.prefab,,,,
10016,Effect/Prefabs/JueSe/UI/TXTitle6_Effect_WaiXian.prefab,,,,
10017,Effect/Prefabs/JueSe/UI/TXTitle7_Effect_WaiXian.prefab,,,,
10018,Effect/Prefabs/JueSe/NPC/Fuben/TongYong/hd_SiJiRuGe.prefab,,,,
10019,UI/Prefabs/Effect/SpecialTitle/GinkgoTitle10.prefab,,,,
10020,UI/Prefabs/Effect/SpecialTitle/MusicTitle6.prefab,,,,
10021,UI/Prefabs/Effect/SpecialTitle/DressTitle10_Effect.prefab,,,,
10022,UI/Prefabs/Effect/SpecialTitle/DressTitle11_Effect.prefab,,,,
10023,UI/Prefabs/Effect/SpecialTitle/DressTitle12_Effect.prefab,,,,
10024,UI/Prefabs/Effect/SpecialTitle/DressTitle13_Effect.prefab,,,,
10025,UI/Prefabs/Effect/SpecialTitle/DressTitle14_Effect.prefab,,,,
10026,UI/Prefabs/Effect/SpecialTitle/DressTitle15_Effect.prefab,,,,
10027,UI/Prefabs/Effect/SpecialTitle/DressTitle16_Effect.prefab,,,,
10028,Effect/Prefabs/JueSe/NPC/Fuben/TongYong/hd_XiaYuan_zi.prefab,,,,
10029,Effect/Prefabs/JueSe/NPC/Fuben/TongYong/hd_XiaYuan_fen.prefab,,,,
10030,Effect/Prefabs/JueSe/NPC/Fuben/TongYong/hd_XiaYuan_cheng.prefab,,,,
10031,Effect/Prefabs/JueSe/NPC/Fuben/TongYong/hd_XiaYuan_jin.prefab,,,,
10032,UI/Prefabs/Effect/SpecialTitle/VNTitle6_Effect.prefab,,,,
10033,UI/Prefabs/Effect/SpecialTitle/VNTitle7_Effect.prefab,,,,
10034,UI/Prefabs/Effect/SpecialTitle/VNTitle8_Effect.prefab,,,,
10035,UI/Prefabs/Effect/SpecialTitle/VNTitle9_Effect.prefab,,,,
10036,UI/Prefabs/Effect/SpecialTitle/VNTitle10_Effect.prefab,,,,
10037,UI/Prefabs/Effect/SpecialTitle/VNTitle11_Effect.prefab,,,,
10038,UI/Prefabs/Effect/SpecialTitle/VNTitle12_Effect.prefab,,,,
10039,UI/Prefabs/Effect/SpecialTitle/VNTitle13_Effect.prefab,,,,
10040,UI/Prefabs/Effect/SpecialTitle/VNTitle14_Effect.prefab,,,,
10041,UI/Prefabs/Effect/SpecialTitle/VNTitle15_Effect.prefab,,,,
10042,UI/Prefabs/Effect/SpecialTitle/VNTitle16_Effect.prefab,,,,
10043,UI/Prefabs/Effect/SpecialTitle/VNTitle17_Effect.prefab,,,,
10044,UI/Prefabs/Effect/SpecialTitle/VNTitle18_Effect.prefab,,,,
10045,UI/Prefabs/Effect/SpecialTitle/VNTitle19_Effect.prefab,,,,
10046,UI/Prefabs/Effect/SpecialTitle/VNTitle20_Effect.prefab,,,,
10047,UI/Prefabs/Effect/SpecialTitle/VNTitle21_Effect.prefab,,,,
10048,UI/Prefabs/Effect/SpecialTitle/TengXunTitle8_Effect.prefab,,,,
10049,UI/Prefabs/Effect/SpecialTitle/DressTitle17_Effect.prefab,,,,
10050,UI/Prefabs/Effect/SpecialTitle/DressTitle18_Effect.prefab,,,,
10051,UI/Prefabs/Effect/SpecialTitle/DressTitle19_Effect.prefab,,,,
10052,UI/Prefabs/Effect/SpecialTitle/DressTitle20_Effect.prefab,,,,
10053,UI/Prefabs/Effect/SpecialTitle/DressTitle21_Effect.prefab,,,,
10054,UI/Prefabs/Effect/SpecialTitle/DressTitle22_Effect.prefab,,,,
10055,UI/Prefabs/Effect/SpecialTitle/DressTitle23_Effect.prefab,,,,
10056,UI/Prefabs/Effect/SpecialTitle/DressTitle24_Effect.prefab,,,,
10057,UI/Prefabs/Effect/SpecialTitle/DressTitle25_Effect.prefab,,,,
10058,UI/Prefabs/Effect/SpecialTitle/DressTitle26_Effect.prefab,,,,
10059,UI/Prefabs/Effect/SpecialTitle/DressTitle27_Effect.prefab,,,,
10060,UI/Prefabs/Effect/SpecialTitle/TengXunTitle9_Effect.prefab,,,,
10061,UI/Prefabs/Effect/SpecialTitle/TengXunTitle10_Effect.prefab,,,,
10062,UI/Prefabs/Effect/SpecialTitle/DressTitle9_Effect.prefab,,,,
10063,UI/Prefabs/Effect/SpecialTitle/DressTitle29_Effect.prefab,,,,
10064,Effect/Prefabs/JueSe/other1/paizhao_aixin_m2.prefab,,,,
10065,Effect/Prefabs/JueSe/other1/paizhao_aixin_f2.prefab,,,,
10066,Effect/Prefabs/JueSe/other1/paizhao_aixin_f1.prefab,,,,
10067,Effect/Prefabs/JueSe/other1/paizhao_aixin_m1.prefab,,,,
10068,Effect/Prefabs/JueSe/JiaoYin/M1_JY03_binxue_C.prefab,,,,
10069,Effect/Prefabs/JueSe/JiaoYin/M1_JY03_binxue_Z.prefab,,,,
10070,Effect/Prefabs/JueSe/JiaoYin/M1_JY03_binxue_Y.prefab,,,,
10071,Effect/Prefabs/JueSe/JiaoYin/M2_JY03_binxue_C.prefab,,,,
10072,Effect/Prefabs/JueSe/JiaoYin/M2_JY03_binxue_Z.prefab,,,,
10073,Effect/Prefabs/JueSe/JiaoYin/M2_JY03_binxue_Y.prefab,,,,
10074,Effect/Prefabs/JueSe/JiaoYin/F1_JY03_binxue_C.prefab,,,,
10075,Effect/Prefabs/JueSe/JiaoYin/F1_JY03_binxue_Z.prefab,,,,
10076,Effect/Prefabs/JueSe/JiaoYin/F1_JY03_binxue_Y.prefab,,,,
10077,Effect/Prefabs/JueSe/JiaoYin/F2_JY03_binxue_C.prefab,,,,
10078,Effect/Prefabs/JueSe/JiaoYin/F2_JY03_binxue_Z.prefab,,,,
10079,Effect/Prefabs/JueSe/JiaoYin/F2_JY03_binxue_Y.prefab,,,,
10080,Effect/Prefabs/JueSe/JiaoYin/M1_JY04_denghuo_C.prefab,,,,
10081,Effect/Prefabs/JueSe/JiaoYin/M1_JY04_denghuo_Z.prefab,,,,
10082,Effect/Prefabs/JueSe/JiaoYin/M1_JY04_denghuo_Y.prefab,,,,
10083,Effect/Prefabs/JueSe/JiaoYin/M2_JY04_denghuo_C.prefab,,,,
10084,Effect/Prefabs/JueSe/JiaoYin/M2_JY04_denghuo_Z.prefab,,,,
10085,Effect/Prefabs/JueSe/JiaoYin/M2_JY04_denghuo_Y.prefab,,,,
10086,Effect/Prefabs/JueSe/JiaoYin/F1_JY04_denghuo_C.prefab,,,,
10087,Effect/Prefabs/JueSe/JiaoYin/F1_JY04_denghuo_Z.prefab,,,,
10088,Effect/Prefabs/JueSe/JiaoYin/F1_JY04_denghuo_Y.prefab,,,,
10089,Effect/Prefabs/JueSe/JiaoYin/F2_JY04_denghuo_C.prefab,,,,
10090,Effect/Prefabs/JueSe/JiaoYin/F2_JY04_denghuo_Z.prefab,,,,
10091,Effect/Prefabs/JueSe/JiaoYin/F2_JY04_denghuo_Y.prefab,,,,
10092,Effect/Prefabs/JueSe/other1/Effect_npcback011_M1.prefab,,,,
10093,Effect/Prefabs/JueSe/other1/Effect_npcback011_M2.prefab,,,,
10094,Effect/Prefabs/JueSe/other1/Effect_npcback011_F1.prefab,,,,
10095,Effect/Prefabs/JueSe/other1/Effect_npcback011_F2.prefab,,,,
10096,UI/Prefabs/Effect/SpecialTitle/DressTitle30_Effect.prefab,,,,
10097,UI/Prefabs/Effect/SpecialTitle/DressTitle31_Effect.prefab,,,,
10098,UI/Prefabs/Effect/SpecialTitle/DressTitle32_Effect.prefab,,,,
10099,UI/Prefabs/Effect/SpecialTitle/DressTitle33_Effect.prefab,,,,
10100,UI/Prefabs/Effect/SpecialTitle/DressTitle34_Effect.prefab,,,,
10101,Effect/Prefabs/JueSe/other1/Effect_chongwu_paotu_a017.prefab,,,,Thỏ Đào Đất
10102,Effect/Prefabs/JueSe/other1/Effect_chongwu_paotu_a018.prefab,,,,Heo Ủi Đất
10103,Effect/Prefabs/JueSe/other1/Effect_chongwu_paotu_a019.prefab,,,,Heo Con Ủi Đất
10104,Effect/Prefabs/JueSe/other1/Effect_chongwu_huoquan_a018.prefab,,,,Heo Nhảy Vòng Lửa
10105,Effect/Prefabs/JueSe/WaiZhuang/F1_W027_Body_WZ01_XiJU.prefab,,,,
10106,Effect/Prefabs/JueSe/WaiZhuang/F1_W027_Body_WZ01_XiJU_CX.prefab,,,,
10107,Effect/Prefabs/JueSe/WaiZhuang/F2_W027_Body_WZ01_XiJU_CX.prefab,,,,
10108,Effect/Prefabs/JueSe/WaiZhuang/F2_W027_Body_WZ01_XiJU.prefab,,,,
10109,Effect/Prefabs/JueSe/WaiZhuang/F1_F2_W027_Body_WZ01_XiJU_L.prefab,,,,
10110,Effect/Prefabs/JueSe/WaiZhuang/F1_F2_W027_Body_WZ01_XiJU_R.prefab,,,,
10111,Effect/Prefabs/JueSe/WaiZhuang/M1_W027_Body_WZ01_XiJU_CX.prefab,,,,
10112,Effect/Prefabs/JueSe/WaiZhuang/M1_W027_Body_WZ01_XiJU.prefab,,,,
10113,Effect/Prefabs/JueSe/WaiZhuang/M1_W027_Body_WZ01_XiJU_R.prefab,,,,
10114,Effect/Prefabs/JueSe/WaiZhuang/M2_W027_Body_WZ01_XiJU_R.prefab,,,,
10115,Effect/Prefabs/JueSe/JiaoYin/F2_M1_JY01_leidian_C.prefab,,,,
10116,Effect/Prefabs/JueSe/JiaoYin/F2_M1_JY01_leidian_Z.prefab,,,,
10117,Effect/Prefabs/JueSe/JiaoYin/F2_M1_JY01_leidian_Y.prefab,,,,
10118,Effect/Prefabs/JueSe/JiaoYin/M2_JY01_leidian_C.prefab,,,,
10119,Effect/Prefabs/JueSe/JiaoYin/M2_JY01_leidian_Z.prefab,,,,
10120,Effect/Prefabs/JueSe/JiaoYin/M2_JY01_leidian_Y.prefab,,,,
10121,Effect/Prefabs/JueSe/JiaoYin/F1_JY01_leidian_C.prefab,,,,
10122,Effect/Prefabs/JueSe/JiaoYin/F1_JY01_leidian_Z.prefab,,,,
10123,Effect/Prefabs/JueSe/JiaoYin/F1_JY01_leidian_Y.prefab,,,,
10124,Effect/Prefabs/JueSe/JiaoYin/F2_M1_JY01_huacao_C.prefab,,,,
10125,Effect/Prefabs/JueSe/JiaoYin/F2_M1_JY01_huacao_Z.prefab,,,,
10126,Effect/Prefabs/JueSe/JiaoYin/F2_M1_JY01_huacao_Y.prefab,,,,
10127,Effect/Prefabs/JueSe/JiaoYin/M2_JY01_huacao_C.prefab,,,,
10128,Effect/Prefabs/JueSe/JiaoYin/M2_JY01_huacao_Z.prefab,,,,
10129,Effect/Prefabs/JueSe/JiaoYin/M2_JY01_huacao_Y.prefab,,,,
10130,Effect/Prefabs/JueSe/JiaoYin/F1_JY01_huacao_C.prefab,,,,
10131,Effect/Prefabs/JueSe/JiaoYin/F1_JY01_huacao_Z.prefab,,,,
10132,Effect/Prefabs/JueSe/JiaoYin/F1_JY01_huacao_Y.prefab,,,,
10133,Effect/Prefabs/HuoDong/Effect_TLD_SQ_01.prefab,,,,
10134,Effect/Prefabs/HuoDong/Effect_yanhua_glws.prefab,,,,
10135,UI/Prefabs/Effect/SpecialTitle/DressTitle36_Effect.prefab,,,,
10136,Effect/Prefabs/HuoDong/Effect_wucaibinfen.prefab,,,,
10137,UI/Prefabs/Effect/SpecialTitle/GinkgoTitle11.prefab,,,,
10138,UI/Prefabs/Effect/SpecialTitle/DressTitle37_Effect.prefab,,,,
10139,Effect/Prefabs/JueSe/WaiZhuang/F1_W023_Body_shuiyi.prefab,,,,
10140,Effect/Prefabs/JueSe/WaiZhuang/M1_W026_Body_shuiyi.prefab,,,,
10141,Effect/Prefabs/JueSe/WaiZhuang/F2_W026_Body_shuiyi.prefab,,,,
10142,Effect/Prefabs/JueSe/WaiZhuang/F1_M1_tw_shuyi.prefab,,,,
10143,UI/Prefabs/Effect/SpecialTitle/DressTitle38_Effect.prefab,,,,
10144,Effect/Prefabs/JueSe/WaiZhuang/F1_W023_Body_shuiyi_b.prefab,,,,
10145,Effect/Prefabs/JueSe/WaiZhuang/M1_W026_Body_shuiyi_b.prefab,,,,
10146,Effect/Prefabs/JueSe/WaiZhuang/F2_W026_Body_shuiyi_b.prefab,,,,
10147,UI/Prefabs/Effect/SpecialTitle/VNTitle22_Effect.prefab,,,,
10148,Effect/Prefabs/JueSe/NPC/Fuben/TongYong/Hd_JiangHuTongXing.prefab,,,,
10149,Player/Npcs/Prefabs/npcback014a.prefab,,,,
10150,UI/Prefabs/Effect/SpecialTitle/GinkgoTitle12.prefab,,,,
10151,UI/Prefabs/Effect/SpecialTitle/GinkgoTitle13.prefab,,,,
10152,UI/Prefabs/Effect/SpecialTitle/GinkgoTitle14.prefab,,,,
10153,UI/Prefabs/Effect/SpecialTitle/GinkgoTitle15.prefab,,,,
10154,UI/Prefabs/Effect/SpecialTitle/GinkgoTitle16.prefab,,,,
10155,UI/Prefabs/Effect/SpecialTitle/GinkgoTitle17.prefab,,,,
10156,UI/Prefabs/Effect/SpecialTitle/GinkgoTitle18.prefab,,,,
10157,UI/Prefabs/Effect/SpecialTitle/GinkgoTitle19.prefab,,,,
10158,UI/Prefabs/Effect/SpecialTitle/GinkgoTitle20.prefab,,,,
10159,UI/Prefabs/Effect/SpecialTitle/GinkgoTitle21.prefab,,,,
10161,Effect/Prefabs/JueSe/NPC/Fuben/TongYong/Hd_bengdi.prefab,,,,
10162,Effect/Prefabs/JueSe/NPC/Fuben/TongYong/Hd_gushihegua.prefab,,,,
10163,Effect/Prefabs/JueSe/NPC/Fuben/TongYong/Hd_jiemeituan.prefab,,,,
10164,Effect/Prefabs/JueSe/NPC/Fuben/TongYong/Hd_tieganfentou.prefab,,,,
10165,Effect/Prefabs/JueSe/NPC/Fuben/TongYong/Hd_yanzhidandang.prefab,,,,
10166,UI/Prefabs/Effect/SpecialTitle/VNTitle23_Effect.prefab,,,,
10167,Effect/Prefabs/JueSe/JiaoYin/F2_M1_JY01_maozhua_c.prefab,,,,
10168,Effect/Prefabs/JueSe/JiaoYin/F2_M1_JY01_maozhua_z.prefab,,,,
10169,Effect/Prefabs/JueSe/JiaoYin/F2_M1_JY01_maozhua_y.prefab,,,,
10170,Effect/Prefabs/JueSe/JiaoYin/M2_JY01_maozhua_c.prefab,,,,
10171,Effect/Prefabs/JueSe/JiaoYin/M2_JY01_maozhua_z.prefab,,,,
10172,Effect/Prefabs/JueSe/JiaoYin/M2_JY01_maozhua_y.prefab,,,,
10173,Effect/Prefabs/JueSe/JiaoYin/F1_JY01_maozhua_c.prefab,,,,
10174,Effect/Prefabs/JueSe/JiaoYin/F1_JY01_maozhua_z.prefab,,,,
10175,Effect/Prefabs/JueSe/JiaoYin/F1_JY01_maozhua_y.prefab,,,,
10176,Effect/Prefabs/JueSe/JiaoYin/F2_M1_JY01_taiji_c.prefab,,,,
10177,Effect/Prefabs/JueSe/JiaoYin/F2_M1_JY01_taiji_z.prefab,,,,
10178,Effect/Prefabs/JueSe/JiaoYin/F2_M1_JY01_taiji_y.prefab,,,,
10179,Effect/Prefabs/JueSe/JiaoYin/M2_JY01_taiji_c.prefab,,,,
10180,Effect/Prefabs/JueSe/JiaoYin/M2_JY01_taiji_z.prefab,,,,
10181,Effect/Prefabs/JueSe/JiaoYin/M2_JY01_taiji_y.prefab,,,,
10182,Effect/Prefabs/JueSe/JiaoYin/F1_JY01_taiji_c.prefab,,,,
10183,Effect/Prefabs/JueSe/JiaoYin/F1_JY01_taiji_z.prefab,,,,
10184,Effect/Prefabs/JueSe/JiaoYin/F1_JY01_taiji_y.prefab,,,,
10185,UI/Prefabs/Effect/SpecialTitle/DressTitle39_Effect.prefab,,,,
10186,UI/Prefabs/Effect/SpecialTitle/VNTitle24_Effect Variant.prefab,,,,
10187,UI/Prefabs/Effect/SpecialTitle/VNTitle25_Effect Variant.prefab,,,,
10188,UI/Prefabs/Effect/SpecialTitle/VNTitle26_Effect Variant.prefab,,,,
10189,UI/Prefabs/Effect/SpecialTitle/VNTitle27_Effect Variant.prefab,,,,
10190,UI/Prefabs/Effect/SpecialTitle/VNTitle28_Effect Variant.prefab,,,,
10191,UI/Prefabs/Effect/SpecialTitle/VNTitle29_Effect Variant.prefab,,,,
10192,UI/Prefabs/Effect/SpecialTitle/VNTitle30_Effect Variant.prefab,,,,
10193,Effect/Prefabs/JueSe/NPC/Fuben/TongYong/Hd_wulinpinxuan_chen2.prefab,,,,
10194,Effect/Prefabs/JueSe/NPC/Fuben/TongYong/Hd_wulinpinxuan_fense3.prefab,,,,
10195,Effect/Prefabs/JueSe/NPC/Fuben/TongYong/Hd_wulinpinxuan_huang.prefab,,,,
10196,UI/Prefabs/Effect/SpecialTitle/DressTitle40_Effect.prefab,,,,
10197,UI/Prefabs/Effect/SpecialTitle/GinkgoTitle22.prefab,,,,
10198,UI/Prefabs/Effect/SpecialTitle/GinkgoTitle23.prefab,,,,
10199,UI/Prefabs/Effect/SpecialTitle/GinkgoTitle24.prefab,,,,
10200,UI/Prefabs/Effect/SpecialTitle/GinkgoTitle25.prefab,,,,
10201,UI/Prefabs/Effect/SpecialTitle/GinkgoTitle26.prefab,,,,
10202,UI/Prefabs/Effect/SpecialTitle/GinkgoTitle27.prefab,,,,
10203,UI/Prefabs/Effect/SpecialTitle/GinkgoTitle28.prefab,,,,
10204,UI/Prefabs/Effect/SpecialTitle/GinkgoTitle29.prefab,,,,
10205,UI/Prefabs/Effect/SpecialTitle/GinkgoTitle30.prefab,,,,
10206,UI/Prefabs/Effect/SpecialTitle/GinkgoTitle31.prefab,,,,
10207,Effect/Prefabs/JueSe/NPC/Fuben/TongYong/hd_NTDZ_01.prefab,,,,
10208,Effect/Prefabs/JueSe/NPC/Fuben/TongYong/hd_NTDZ_02.prefab,,,,
10209,Effect/Prefabs/JueSe/NPC/Fuben/TongYong/hd_NTDZ_03.prefab,,,,
10210,Effect/Prefabs/JueSe/NPC/Fuben/TongYong/Hd_nvtun_hanrao.prefab,,,,
10211,UI/Prefabs/Effect/SpecialTitle/DressTitle105_Effect.prefab,,,,
10212,Effect/Prefabs/JueSe/JiaoYin/F2_M1_JY01_huolian_c.prefab,,,,
10213,Effect/Prefabs/JueSe/JiaoYin/F2_M1_JY01_huolian_z.prefab,,,,
10214,Effect/Prefabs/JueSe/JiaoYin/F2_M1_JY01_huolian_y.prefab,,,,
10215,Effect/Prefabs/JueSe/JiaoYin/M2_JY01_huolian_c.prefab,,,,
10216,Effect/Prefabs/JueSe/JiaoYin/M2_JY01_huolian_z.prefab,,,,
10217,Effect/Prefabs/JueSe/JiaoYin/M2_JY01_huolian_y.prefab,,,,
10218,Effect/Prefabs/JueSe/JiaoYin/F1_JY01_huolian_c.prefab,,,,
10219,Effect/Prefabs/JueSe/JiaoYin/F1_JY01_huolian_z.prefab,,,,
10220,Effect/Prefabs/JueSe/JiaoYin/F1_JY01_huolian_y.prefab,,,,
10221,Effect/Prefabs/JueSe/JiaoYin/F2_M1_JY01_yuetai_c.prefab,,,,
10222,Effect/Prefabs/JueSe/JiaoYin/F2_M1_JY01_yue_z.prefab,,,,
10223,Effect/Prefabs/JueSe/JiaoYin/F2_M1_JY01_tai_y.prefab,,,,
10224,Effect/Prefabs/JueSe/JiaoYin/M2_JY01_yuetai_c.prefab,,,,
10225,Effect/Prefabs/JueSe/JiaoYin/M2_JY01_yue_z.prefab,,,,
10226,Effect/Prefabs/JueSe/JiaoYin/M2_JY01_tai_y.prefab,,,,
10227,Effect/Prefabs/JueSe/JiaoYin/F1_JY01_yuetai_c.prefab,,,,
10228,Effect/Prefabs/JueSe/JiaoYin/F1_JY01_yue_z.prefab,,,,
10229,Effect/Prefabs/JueSe/JiaoYin/F1_JY01_tai_y.prefab,,,,
10230,UI/Prefabs/Effect/SpecialTitle/GinkgoTitle32.prefab,,,,
10231,UI/Prefabs/Effect/SpecialTitle/GinkgoTitle33.prefab,,,,
10232,UI/Prefabs/Effect/SpecialTitle/GinkgoTitle34.prefab,,,,
10233,UI/Prefabs/Effect/SpecialTitle/DressTitle106_Effect.prefab,,,,
10234,UI/Prefabs/Effect/SpecialTitle/DressTitle107_Effect.prefab,,,,
10235,Effect/Prefabs/JueSe/other1/Effect_npc_a028_at_03.prefab,,,,
10236,Effect/Prefabs/JueSe/other1/Effect_npc_a028_jn_01.prefab,,,,
10237,Effect/Prefabs/JueSe/other1/Effect_npc_a028_at.prefab,,,,
10238,Effect/Prefabs/HuoDong/pzkj_shuiman_ly.prefab,,,,
10239,Effect/Prefabs/HuoDong/pzkj_shuiman_ly_b.prefab,,,,
10240,Effect/Prefabs/JueSe/JiaoYin/M1_JY01_suolian_C.prefab,,,,
10241,Effect/Prefabs/JueSe/JiaoYin/M1_JY01_suolian_Z.prefab,,,,
10242,Effect/Prefabs/JueSe/JiaoYin/M1_JY01_suolian_Y.prefab,,,,
10243,Effect/Prefabs/JueSe/JiaoYin/M2_JY01_suolian_C.prefab,,,,
10244,Effect/Prefabs/JueSe/JiaoYin/M2_JY01_suolian_Z.prefab,,,,
10245,Effect/Prefabs/JueSe/JiaoYin/M2_JY01_suolian_Y.prefab,,,,
10246,Effect/Prefabs/JueSe/JiaoYin/F1_JY01_suolian_C.prefab,,,,
10247,Effect/Prefabs/JueSe/JiaoYin/F1_JY01_suolian_Z.prefab,,,,
10248,Effect/Prefabs/JueSe/JiaoYin/F1_JY01_suolian_Y.prefab,,,,
10249,Effect/Prefabs/JueSe/JiaoYin/F2_JY01_suolian_C.prefab,,,,
10250,Effect/Prefabs/JueSe/JiaoYin/F2_JY01_suolian_Z.prefab,,,,
10251,Effect/Prefabs/JueSe/JiaoYin/F2_JY01_suolian_Y.prefab,,,,
10252,Effect/Prefabs/JueSe/JiaoYin/M1_JY01_yumao_C.prefab,,,,
10253,Effect/Prefabs/JueSe/JiaoYin/M1_JY01_yumao_Z.prefab,,,,
10254,Effect/Prefabs/JueSe/JiaoYin/M1_JY01_yumao_Y.prefab,,,,
10255,Effect/Prefabs/JueSe/JiaoYin/M2_JY01_yumao_C.prefab,,,,
10256,Effect/Prefabs/JueSe/JiaoYin/M2_JY01_yumao_Z.prefab,,,,
10257,Effect/Prefabs/JueSe/JiaoYin/M2_JY01_yumao_Y.prefab,,,,
10258,Effect/Prefabs/JueSe/JiaoYin/F1_JY01_yumao_C.prefab,,,,
10259,Effect/Prefabs/JueSe/JiaoYin/F1_JY01_yumao_Z.prefab,,,,
10260,Effect/Prefabs/JueSe/JiaoYin/F1_JY01_yumao_Y.prefab,,,,
10261,Effect/Prefabs/JueSe/JiaoYin/F2_JY01_yumao_C.prefab,,,,
10262,Effect/Prefabs/JueSe/JiaoYin/F2_JY01_yumao_Z.prefab,,,,
10263,Effect/Prefabs/JueSe/JiaoYin/F2_JY01_yumao_Y.prefab,,,,
10264,UI/Prefabs/Effect/SpecialTitle/GinkgoTitle35.prefab,,,,
10265,Effect/Prefabs/HuoDong/effect_liuhetongyou.prefab,,,1,
10266,UI/Prefabs/Effect/SpecialTitle/GinkgoTitle45.prefab,,,,
10267,UI/Prefabs/Effect/SpecialTitle/GinkgoTitle48.prefab,,,,
10268,UI/Prefabs/Effect/SpecialTitle/GinkgoTitle53.prefab,,,,
10269,Effect/Prefabs/JueSe/JiaoYin/M1_JY01_haiyang_C.prefab,,,,
10270,Effect/Prefabs/JueSe/JiaoYin/M1_JY01_haiyang_Y.prefab,,,,
10271,Effect/Prefabs/JueSe/JiaoYin/M1_JY01_haiyang_Z.prefab,,,,
10272,Effect/Prefabs/JueSe/JiaoYin/M2_JY01_haiyang_C.prefab,,,,
10273,Effect/Prefabs/JueSe/JiaoYin/M2_JY01_haiyang_Y.prefab,,,,
10274,Effect/Prefabs/JueSe/JiaoYin/M2_JY01_haiyang_Z.prefab,,,,
10275,Effect/Prefabs/JueSe/JiaoYin/F1_JY01_haiyang_C.prefab,,,,
10276,Effect/Prefabs/JueSe/JiaoYin/F1_JY01_haiyang_Y.prefab,,,,
10277,Effect/Prefabs/JueSe/JiaoYin/F1_JY01_haiyang_Z.prefab,,,,
10278,Effect/Prefabs/JueSe/JiaoYin/F2_JY01_haiyang_C.prefab,,,,
10279,Effect/Prefabs/JueSe/JiaoYin/F2_JY01_haiyang_Y.prefab,,,,
10280,Effect/Prefabs/JueSe/JiaoYin/F2_JY01_haiyang_Z.prefab,,,,
10281,Effect/Prefabs/JueSe/JiaoYin/M1_JY02_qianbi_C.prefab,,,,
10282,Effect/Prefabs/JueSe/JiaoYin/M1_JY02_qianbi_Y.prefab,,,,
10283,Effect/Prefabs/JueSe/JiaoYin/M1_JY02_qianbi_Z.prefab,,,,
10284,Effect/Prefabs/JueSe/JiaoYin/M2_JY02_qianbi_C.prefab,,,,
10285,Effect/Prefabs/JueSe/JiaoYin/M2_JY02_qianbi_Y.prefab,,,,
10286,Effect/Prefabs/JueSe/JiaoYin/M2_JY02_qianbi_Z.prefab,,,,
10287,Effect/Prefabs/JueSe/JiaoYin/F1_JY02_qianbi_C.prefab,,,,
10288,Effect/Prefabs/JueSe/JiaoYin/F1_JY02_qianbi_Y.prefab,,,,
10289,Effect/Prefabs/JueSe/JiaoYin/F1_JY02_qianbi_Z.prefab,,,,
10290,Effect/Prefabs/JueSe/JiaoYin/F2_JY02_qianbi_C.prefab,,,,
10291,Effect/Prefabs/JueSe/JiaoYin/F2_JY02_qianbi_Y.prefab,,,,
10292,Effect/Prefabs/JueSe/JiaoYin/F2_JY02_qianbi_Z.prefab,,,,
10293,UI/Prefabs/Effect/SpecialTitle/DressTitle108_Effect.prefab,,,,
10294,Effect/Prefabs/JueSe/BUFF/QingQiuYiZhen_HS.prefab,,,,
10295,Effect/Prefabs/JueSe/BUFF/QingQiuYiZhen_LS.prefab,,,,
10296,Effect/Prefabs/JueSe/BUFF/QingQiuYiZhen_ZS.prefab,,,,
10297,Effect/Prefabs/JueSe/BUFF/QingQiuYiZhen_JS.prefab,,,,
10298,UI/Prefabs/Effect/SpecialTitle/DressTitle125_Effect.prefab,,,,Hiệu ứng Lĩnh Nam
10299,Effect/Prefabs/JueSe/JiaoYin/F1_JY01_fengye_c.prefab,,,,
10300,Effect/Prefabs/JueSe/JiaoYin/F1_JY01_fengye_y.prefab,,,,
10301,Effect/Prefabs/JueSe/JiaoYin/F1_JY01_fengye_z.prefab,,,,
10302,Effect/Prefabs/JueSe/JiaoYin/F2_M1_JY01_fengye_c.prefab,,,,
10303,Effect/Prefabs/JueSe/JiaoYin/F2_M1_JY01_fengye_y.prefab,,,,
10304,Effect/Prefabs/JueSe/JiaoYin/F2_M1_JY01_fengye_z.prefab,,,,
10305,Effect/Prefabs/JueSe/JiaoYin/M2_JY01_fengye_c.prefab,,,,
10306,Effect/Prefabs/JueSe/JiaoYin/M2_JY01_fengye_y.prefab,,,,
10307,Effect/Prefabs/JueSe/JiaoYin/M2_JY01_fengye_z.prefab,,,,
10308,Effect/Prefabs/JueSe/JiaoYin/F1_JY01_shanyue_c.prefab,,,,
10309,Effect/Prefabs/JueSe/JiaoYin/F1_JY01_shanyue_y.prefab,,,,
10310,Effect/Prefabs/JueSe/JiaoYin/F1_JY01_shanyue_z.prefab,,,,
10311,Effect/Prefabs/JueSe/JiaoYin/F2_M1_JY01_shanyue_c.prefab,,,,
10312,Effect/Prefabs/JueSe/JiaoYin/F2_M1_JY01_shanyue_y.prefab,,,,
10313,Effect/Prefabs/JueSe/JiaoYin/F2_M1_JY01_shanyue_z.prefab,,,,
10314,Effect/Prefabs/JueSe/JiaoYin/M2_JY01_shanyue_c.prefab,,,,
10315,Effect/Prefabs/JueSe/JiaoYin/M2_JY01_shanyue_y.prefab,,,,
10316,Effect/Prefabs/JueSe/JiaoYin/M2_JY01_shanyue_z.prefab,,,,
10317,Effect/Prefabs/JueSe/JiaoYin/F1_JY01_TaoHua_C.prefab,,,,
10318,Effect/Prefabs/JueSe/JiaoYin/F1_JY01_TaoHua_Y.prefab,,,,
10319,Effect/Prefabs/JueSe/JiaoYin/F1_JY01_TaoHua_Z.prefab,,,,
10320,Effect/Prefabs/JueSe/JiaoYin/F2_M1_JY01_TaoHua_C.prefab,,,,
10321,Effect/Prefabs/JueSe/JiaoYin/F2_M1_JY01_TaoHua_Y.prefab,,,,
10322,Effect/Prefabs/JueSe/JiaoYin/F2_M1_JY01_TaoHua_Z.prefab,,,,
10323,Effect/Prefabs/JueSe/JiaoYin/M2_JY01_TaoHua_C.prefab,,,,
10324,Effect/Prefabs/JueSe/JiaoYin/M2_JY01_TaoHua_Y.prefab,,,,
10325,Effect/Prefabs/JueSe/JiaoYin/M2_JY01_TaoHua_Z.prefab,,,,
10326,Effect/Prefabs/JueSe/JiaoYin/F1_JY01_JianZhen_C.prefab,,,,
10327,Effect/Prefabs/JueSe/JiaoYin/F1_JY01_JianZhen_Y.prefab,,,,
10328,Effect/Prefabs/JueSe/JiaoYin/F1_JY01_JianZhen_Z.prefab,,,,
10329,Effect/Prefabs/JueSe/JiaoYin/F2_M1_JY01_JianZhen_C.prefab,,,,
10330,Effect/Prefabs/JueSe/JiaoYin/F2_M1_JY01_JianZhen_Y.prefab,,,,
10331,Effect/Prefabs/JueSe/JiaoYin/F2_M1_JY01_JianZhen_Z.prefab,,,,
10332,Effect/Prefabs/JueSe/JiaoYin/M2_JY01_JianZhen_C.prefab,,,,
10333,Effect/Prefabs/JueSe/JiaoYin/M2_JY01_JianZhen_Y.prefab,,,,
10334,Effect/Prefabs/JueSe/JiaoYin/M2_JY01_JianZhen_Z.prefab,,,,
10335,Effect/Prefabs/JueSe/NPC/Fuben/TongYong/Effect_SaiNian_GuanJue.prefab,,,,
10336,UI/Prefabs/Effect/SpecialTitle/DressTitle151_Effect.prefab,,,,
10337,Effect/Prefabs/JueSe/JiaoYin/F1_JY01_ShanHai_C.prefab,,,,
10338,Effect/Prefabs/JueSe/JiaoYin/F1_JY01_ShanHai_Y.prefab,,,,
10339,Effect/Prefabs/JueSe/JiaoYin/F1_JY01_ShanHai_Z.prefab,,,,
10340,Effect/Prefabs/JueSe/JiaoYin/F2_M1_JY01_ShanHai_C.prefab,,,,
10341,Effect/Prefabs/JueSe/JiaoYin/F2_M1_JY01_ShanHai_Y.prefab,,,,
10342,Effect/Prefabs/JueSe/JiaoYin/F2_M1_JY01_ShanHai_Z.prefab,,,,
10343,Effect/Prefabs/JueSe/JiaoYin/M2_JY01_ShanHai_C.prefab,,,,
10344,Effect/Prefabs/JueSe/JiaoYin/M2_JY01_ShanHai_Y.prefab,,,,
10345,Effect/Prefabs/JueSe/JiaoYin/M2_JY01_ShanHai_Z.prefab,,,,
10346,Effect/Prefabs/JueSe/JiaoYin/F1_JY01_ZhanHuo_C.prefab,,,,
10347,Effect/Prefabs/JueSe/JiaoYin/F1_JY01_ZhanHuo_Y.prefab,,,,
10348,Effect/Prefabs/JueSe/JiaoYin/F1_JY01_ZhanHuo_Z.prefab,,,,
10349,Effect/Prefabs/JueSe/JiaoYin/F2_M1_JY01_ZhanHuo_C.prefab,,,,
10350,Effect/Prefabs/JueSe/JiaoYin/F2_M1_JY01_ZhanHuo_Y.prefab,,,,
10351,Effect/Prefabs/JueSe/JiaoYin/F2_M1_JY01_ZhanHuo_Z.prefab,,,,
10352,Effect/Prefabs/JueSe/JiaoYin/M2_JY01_ZhanHuo_C.prefab,,,,
10353,Effect/Prefabs/JueSe/JiaoYin/M2_JY01_ZhanHuo_Y.prefab,,,,
10354,Effect/Prefabs/JueSe/JiaoYin/M2_JY01_ZhanHuo_Z.prefab,,,,
10355,Effect\Prefabs\JueSe\JiaoYin\F1_JY01_huolong_c.prefab,,,,
10356,Effect\Prefabs\JueSe\JiaoYin\F1_JY01_huolong_y.prefab,,,,
10357,Effect\Prefabs\JueSe\JiaoYin\F1_JY01_huolong_z.prefab,,,,
10358,Effect\Prefabs\JueSe\JiaoYin\F2_M1_JY01_huolong_c.prefab,,,,
10359,Effect\Prefabs\JueSe\JiaoYin\F2_M1_JY01_huolong_y.prefab,,,,
10360,Effect\Prefabs\JueSe\JiaoYin\F2_M1_JY01_huolong_z.prefab,,,,
10361,Effect\Prefabs\JueSe\JiaoYin\M2_JY01_huolong_c.prefab,,,,
10362,Effect\Prefabs\JueSe\JiaoYin\M2_JY01_huolong_y.prefab,,,,
10363,Effect\Prefabs\JueSe\JiaoYin\M2_JY01_huolong_z.prefab,,,,
10364,Effect\Prefabs\JueSe\JiaoYin\F1_JY01_xincheng_c.prefab,,,,
10365,Effect\Prefabs\JueSe\JiaoYin\F1_JY01_xincheng_y.prefab,,,,
10366,Effect\Prefabs\JueSe\JiaoYin\F1_JY01_xincheng_z.prefab,,,,
10367,Effect\Prefabs\JueSe\JiaoYin\F2_M1_JY01_xincheng_c.prefab,,,,
10368,Effect\Prefabs\JueSe\JiaoYin\F2_M1_JY01_xincheng_y.prefab,,,,
10369,Effect\Prefabs\JueSe\JiaoYin\F2_M1_JY01_xincheng_z.prefab,,,,
10370,Effect\Prefabs\JueSe\JiaoYin\M2_JY01_xincheng_c.prefab,,,,
10371,Effect\Prefabs\JueSe\JiaoYin\M2_JY01_xincheng_y.prefab,,,,
10372,Effect\Prefabs\JueSe\JiaoYin\M2_JY01_xincheng_z.prefab,,,,
10373,Effect\Prefabs\JueSe\JiaoYin\F1_JY01_longzhua_c.prefab,,,,
10374,Effect\Prefabs\JueSe\JiaoYin\F1_JY01_longzhua_y.prefab,,,,
10375,Effect\Prefabs\JueSe\JiaoYin\F1_JY01_longzhua_z.prefab,,,,
10376,Effect\Prefabs\JueSe\JiaoYin\F2_M1_JY01_longzhua_c.prefab,,,,
10377,Effect\Prefabs\JueSe\JiaoYin\F2_M1_JY01_longzhua_y.prefab,,,,
10378,Effect\Prefabs\JueSe\JiaoYin\F2_M1_JY01_longzhua_z.prefab,,,,
10379,Effect\Prefabs\JueSe\JiaoYin\M2_JY01_longzhua_c.prefab,,,,
10380,Effect\Prefabs\JueSe\JiaoYin\M2_JY01_longzhua_y.prefab,,,,
10381,Effect\Prefabs\JueSe\JiaoYin\M2_JY01_longzhua_z.prefab,,,,
10382,Effect\Prefabs\JueSe\JiaoYin\F1_JY01_YinXing_C.prefab,,,,
10383,Effect\Prefabs\JueSe\JiaoYin\F1_JY01_YinXing_Y.prefab,,,,
10384,Effect\Prefabs\JueSe\JiaoYin\F1_JY01_YinXing_Z.prefab,,,,
10385,Effect\Prefabs\JueSe\JiaoYin\F2_M1_JY01_YinXing_C.prefab,,,,
10386,Effect\Prefabs\JueSe\JiaoYin\F2_M1_JY01_YinXing_Y.prefab,,,,
10387,Effect\Prefabs\JueSe\JiaoYin\F2_M1_JY01_YinXing_Z.prefab,,,,
10388,Effect\Prefabs\JueSe\JiaoYin\M2_JY01_YinXing_C.prefab,,,,
10389,Effect\Prefabs\JueSe\JiaoYin\M2_JY01_YinXing_Y.prefab,,,,
10390,Effect\Prefabs\JueSe\JiaoYin\M2_JY01_YinXing_Z.prefab,,,,
10391,Effect\Prefabs\JueSe\JiaoYin\F1_JY01_TuZi_C.prefab,,,,
10392,Effect\Prefabs\JueSe\JiaoYin\F1_JY01_TuZi_Y.prefab,,,,
10393,Effect\Prefabs\JueSe\JiaoYin\F1_JY01_TuZi_Z.prefab,,,,
10394,Effect\Prefabs\JueSe\JiaoYin\F2_M1_JY01_TuZi_C.prefab,,,,
10395,Effect\Prefabs\JueSe\JiaoYin\F2_M1_JY01_TuZi_Y.prefab,,,,
10396,Effect\Prefabs\JueSe\JiaoYin\F2_M1_JY01_TuZi_Z.prefab,,,,
10397,Effect\Prefabs\JueSe\JiaoYin\M2_JY01_TuZi_C.prefab,,,,
10398,Effect\Prefabs\JueSe\JiaoYin\M2_JY01_TuZi_Y.prefab,,,,
10399,Effect\Prefabs\JueSe\JiaoYin\M2_JY01_TuZi_Z.prefab,,,,
10400,Effect/Prefabs/JueSe/NPC/Fuben/TongYong/Effect_8ZhouNian_JingBao.prefab,,,1,
10401,UI/Prefabs/Effect/SpecialTitle/DressTitle240_Effect.prefab,,,,
10402,UI/Prefabs/Effect/SpecialTitle/DressTitle241_Effect.prefab,,,,
10403,UI/Prefabs/Effect/SpecialTitle/DressTitle242_Effect.prefab,,,,
10404,UI/Prefabs/Effect/SpecialTitle/DressTitle243_Effect.prefab,,,,
10405,UI/Prefabs/Effect/SpecialTitle/DressTitle244_Effect.prefab,,,,
10406,UI/Prefabs/Effect/SpecialTitle/DressTitle245_Effect.prefab,,,,
10407,UI/Prefabs/Effect/SpecialTitle/DressTitle246_Effect.prefab,,,,
10408,UI/Prefabs/Effect/SpecialTitle/DressTitle247_Effect.prefab,,,,
10409,UI/Prefabs/Effect/SpecialTitle/DressTitle248_Effect.prefab,,,,
10410,Effect/Prefabs/JueSe/JiaoYin/F1_JY01_XiangYun_C.prefab,,,,
10411,Effect/Prefabs/JueSe/JiaoYin/F1_JY01_XiangYun_Y.prefab,,,,
10412,Effect/Prefabs/JueSe/JiaoYin/F1_JY01_XiangYun_Z.prefab,,,,
10413,Effect/Prefabs/JueSe/JiaoYin/F2_M1_JY01_XiangYun_C.prefab,,,,
10414,Effect/Prefabs/JueSe/JiaoYin/F2_M1_JY01_XiangYun_Y.prefab,,,,
10415,Effect/Prefabs/JueSe/JiaoYin/F2_M1_JY01_XiangYun_Z.prefab,,,,
10416,Effect/Prefabs/JueSe/JiaoYin/M2_JY01_XiangYun_C.prefab,,,,
10417,Effect/Prefabs/JueSe/JiaoYin/M2_JY01_XiangYun_Y.prefab,,,,
10418,Effect/Prefabs/JueSe/JiaoYin/M2_JY01_XiangYun_Z.prefab,,,,
10419,Effect/Prefabs/JueSe/JiaoYin/F1_JY01_ShengZhang_C.prefab,,,,
10420,Effect/Prefabs/JueSe/JiaoYin/F1_JY01_ShengZhang_Y.prefab,,,,
10421,Effect/Prefabs/JueSe/JiaoYin/F1_JY01_ShengZhang_Z.prefab,,,,
10422,Effect/Prefabs/JueSe/JiaoYin/F2_M1_JY01_ShengZhang_C.prefab,,,,
10423,Effect/Prefabs/JueSe/JiaoYin/F2_M1_JY01_ShengZhang_Y.prefab,,,,
10424,Effect/Prefabs/JueSe/JiaoYin/F2_M1_JY01_ShengZhang_Z.prefab,,,,
10425,Effect/Prefabs/JueSe/JiaoYin/M2_JY01_ShengZhang_C.prefab,,,,
10426,Effect/Prefabs/JueSe/JiaoYin/M2_JY01_ShengZhang_Y.prefab,,,,
10427,Effect/Prefabs/JueSe/JiaoYin/M2_JY01_ShengZhang_Z.prefab,,,,
10428,UI/Prefabs/Effect/SpecialTitle/DressTitle299_Effect.prefab,,,,
10429,UI/Prefabs/Effect/SpecialTitle/DressTitle300_Effect.prefab,,,,
10430,UI/Prefabs/Effect/SpecialTitle/DressTitle301_Effect.prefab,,,,
10431,UI/Prefabs/Effect/SpecialTitle/DressTitle302_Effect.prefab,,,,
10432,Effect/Prefabs/JueSe/JiaoYin/F1_JY01_WuXianPu_C.prefab,,,,
10433,Effect/Prefabs/JueSe/JiaoYin/F1_JY01_WuXianPu_Y.prefab,,,,
10434,Effect/Prefabs/JueSe/JiaoYin/F1_JY01_WuXianPu_Z.prefab,,,,
10435,Effect/Prefabs/JueSe/JiaoYin/F2_M1_JY01_WuXianPu_C.prefab,,,,
10436,Effect/Prefabs/JueSe/JiaoYin/F2_M1_JY01_WuXianPu_Y.prefab,,,,
10437,Effect/Prefabs/JueSe/JiaoYin/F2_M1_JY01_WuXianPu_Z.prefab,,,,
10438,Effect/Prefabs/JueSe/JiaoYin/M2_JY01_WuXianPu_C.prefab,,,,
10439,Effect/Prefabs/JueSe/JiaoYin/M2_JY01_WuXianPu_Y.prefab,,,,
10440,Effect/Prefabs/JueSe/JiaoYin/M2_JY01_WuXianPu_Z.prefab,,,,
10441,Effect/Prefabs/JueSe/JiaoYin/F1_JY01_ChanXiang_C.prefab,,,,
10442,Effect/Prefabs/JueSe/JiaoYin/F1_JY01_ChanXiang_Y.prefab,,,,
10443,Effect/Prefabs/JueSe/JiaoYin/F1_JY01_ChanXiang_Z.prefab,,,,
10444,Effect/Prefabs/JueSe/JiaoYin/F2_M1_JY01_ChanXiang_C.prefab,,,,
10445,Effect/Prefabs/JueSe/JiaoYin/F2_M1_JY01_ChanXiang_Y.prefab,,,,
10446,Effect/Prefabs/JueSe/JiaoYin/F2_M1_JY01_ChanXiang_Z.prefab,,,,
10447,Effect/Prefabs/JueSe/JiaoYin/M2_JY01_ChanXiang_C.prefab,,,,
10448,Effect/Prefabs/JueSe/JiaoYin/M2_JY01_ChanXiang_Y.prefab,,,,
10449,Effect/Prefabs/JueSe/JiaoYin/M2_JY01_ChanXiang_Z.prefab,,,,
10450,Effect/Prefabs/JueSe/JiaoYin/F1_JY01_Jianshu_C.prefab,,,,
10451,Effect/Prefabs/JueSe/JiaoYin/F1_JY01_Jianshu_Y.prefab,,,,
10452,Effect/Prefabs/JueSe/JiaoYin/F1_JY01_Jianshu_Z.prefab,,,,
10453,Effect/Prefabs/JueSe/JiaoYin/F2_M1_JY01_Jianshu_C.prefab,,,,
10454,Effect/Prefabs/JueSe/JiaoYin/F2_M1_JY01_Jianshu_Y.prefab,,,,
10455,Effect/Prefabs/JueSe/JiaoYin/F2_M1_JY01_Jianshu_Z.prefab,,,,
10456,Effect/Prefabs/JueSe/JiaoYin/M2_JY01_Jianshu_C.prefab,,,,
10457,Effect/Prefabs/JueSe/JiaoYin/M2_JY01_Jianshu_Y.prefab,,,,
10458,Effect/Prefabs/JueSe/JiaoYin/M2_JY01_Jianshu_Z.prefab,,,,
10459,Effect/Prefabs/JueSe/JiaoYin/F1_JY01_RongYan_C.prefab,,,,
10460,Effect/Prefabs/JueSe/JiaoYin/F1_JY01_RongYan_Y.prefab,,,,
10461,Effect/Prefabs/JueSe/JiaoYin/F1_JY01_RongYan_Z.prefab,,,,
10462,Effect/Prefabs/JueSe/JiaoYin/F2_M1_JY01_RongYan_C.prefab,,,,
10463,Effect/Prefabs/JueSe/JiaoYin/F2_M1_JY01_RongYan_Y.prefab,,,,
10464,Effect/Prefabs/JueSe/JiaoYin/F2_M1_JY01_RongYan_Z.prefab,,,,
10465,Effect/Prefabs/JueSe/JiaoYin/M2_JY01_RongYan_C.prefab,,,,
10466,Effect/Prefabs/JueSe/JiaoYin/M2_JY01_RongYan_Y.prefab,,,,
10467,Effect/Prefabs/JueSe/JiaoYin/M2_JY01_RongYan_Z.prefab,,,,
10468,Effect/Prefabs/JueSe/JiaoYin/F1_JY01_ZhuYe_C.prefab,,,,
10469,Effect/Prefabs/JueSe/JiaoYin/F1_JY01_ZhuYe_Y.prefab,,,,
10470,Effect/Prefabs/JueSe/JiaoYin/F1_JY01_ZhuYe_Z.prefab,,,,
10471,Effect/Prefabs/JueSe/JiaoYin/F2_M1_JY01_ZhuYe_C.prefab,,,,
10472,Effect/Prefabs/JueSe/JiaoYin/F2_M1_JY01_ZhuYe_Y.prefab,,,,
10473,Effect/Prefabs/JueSe/JiaoYin/F2_M1_JY01_ZhuYe_Z.prefab,,,,
10474,Effect/Prefabs/JueSe/JiaoYin/M2_JY01_ZhuYe_C.prefab,,,,
10475,Effect/Prefabs/JueSe/JiaoYin/M2_JY01_ZhuYe_Y.prefab,,,,
10476,Effect/Prefabs/JueSe/JiaoYin/M2_JY01_ZhuYe_Z.prefab,,,,
10477,Effect/Prefabs/JueSe/JiaoYin/F1_JY01_JunQun_C.prefab,,,,
10478,Effect/Prefabs/JueSe/JiaoYin/F1_JY01_JunQun_Y.prefab,,,,
10479,Effect/Prefabs/JueSe/JiaoYin/F1_JY01_JunQun_Z.prefab,,,,
10480,Effect/Prefabs/JueSe/JiaoYin/F2_M1_JY01_JunQun_C.prefab,,,,
10481,Effect/Prefabs/JueSe/JiaoYin/F2_M1_JY01_JunQun_Y.prefab,,,,
10482,Effect/Prefabs/JueSe/JiaoYin/F2_M1_JY01_JunQun_Z.prefab,,,,
10483,Effect/Prefabs/JueSe/JiaoYin/M2_JY01_JunQun_C.prefab,,,,
10484,Effect/Prefabs/JueSe/JiaoYin/M2_JY01_JunQun_Y.prefab,,,,
10485,Effect/Prefabs/JueSe/JiaoYin/M2_JY01_JunQun_Z.prefab,,,,
10486,Effect/Prefabs/JueSe/JiaoYin/F1_JY01_QinLong_Y.prefab,,,,Dấu Chân Thanh Long
10487,Effect/Prefabs/JueSe/JiaoYin/F1_JY01_QinLong_Z.prefab,,,,Dấu Chân Thanh Long
10488,Effect/Prefabs/JueSe/JiaoYin/F1_JY01_QinLong_C.prefab,,,,Dấu Chân Thanh Long
10489,Effect/Prefabs/JueSe/JiaoYin/F2_M1_JY01_QinLong_Y.prefab,,,,Dấu Chân Thanh Long
10490,Effect/Prefabs/JueSe/JiaoYin/F2_M1_JY01_QinLong_Z.prefab,,,,Dấu Chân Thanh Long
10491,Effect/Prefabs/JueSe/JiaoYin/F2_M1_JY01_QinLong_C.prefab,,,,Dấu Chân Thanh Long
10492,Effect/Prefabs/JueSe/JiaoYin/M2_JY01_QinLong_Y.prefab,,,,Dấu Chân Thanh Long
10493,Effect/Prefabs/JueSe/JiaoYin/M2_JY01_QinLong_Z.prefab,,,,Dấu Chân Thanh Long
10494,Effect/Prefabs/JueSe/JiaoYin/M2_JY01_QinLong_C.prefab,,,,Dấu Chân Thanh Long
10495,Effect/Prefabs/JueSe/JiaoYin/F1_JY01_QiPan_Y.prefab,,,,Kỳ Bàn Cước Ấn
10496,Effect/Prefabs/JueSe/JiaoYin/F1_JY01_QiPan_Z.prefab,,,,Kỳ Bàn Cước Ấn
10497,Effect/Prefabs/JueSe/JiaoYin/F1_JY01_QiPan_C.prefab,,,,Kỳ Bàn Cước Ấn
10498,Effect/Prefabs/JueSe/JiaoYin/F2_M1_JY01_QiPan_Y.prefab,,,,Kỳ Bàn Cước Ấn
10499,Effect/Prefabs/JueSe/JiaoYin/F2_M1_JY01_QiPan_Z.prefab,,,,Kỳ Bàn Cước Ấn
10500,Effect/Prefabs/JueSe/JiaoYin/F2_M1_JY01_QiPan_C.prefab,,,,Kỳ Bàn Cước Ấn
10502,Effect/Prefabs/JueSe/JiaoYin/M2_JY01_QiPan_Y.prefab,,,,Kỳ Bàn Cước Ấn
10501,Effect/Prefabs/JueSe/JiaoYin/M2_JY01_QiPan_Z.prefab,,,,Kỳ Bàn Cước Ấn
10503,Effect/Prefabs/JueSe/JiaoYin/M2_JY01_QiPan_C.prefab,,,,Kỳ Bàn Cước Ấn
10504,Effect/Prefabs/JueSe/JiaoYin/F1_JY01_ShuiMoLong_Y.prefab,,,,Mặc Long Cước Ấn
10505,Effect/Prefabs/JueSe/JiaoYin/F1_JY01_ShuiMoLong_Z.prefab,,,,Mặc Long Cước Ấn
10506,Effect/Prefabs/JueSe/JiaoYin/F1_JY01_ShuiMoLong_C.prefab,,,,Mặc Long Cước Ấn
10507,Effect/Prefabs/JueSe/JiaoYin/F2_M1_JY01_ShuiMoLong_Y.prefab,,,,Mặc Long Cước Ấn
10508,Effect/Prefabs/JueSe/JiaoYin/F2_M1_JY01_ShuiMoLong_Z.prefab,,,,Mặc Long Cước Ấn
10509,Effect/Prefabs/JueSe/JiaoYin/F2_M1_JY01_ShuiMoLong_C.prefab,,,,Mặc Long Cước Ấn
10510,Effect/Prefabs/JueSe/JiaoYin/M2_JY01_ShuiMoLong_Y.prefab,,,,Mặc Long Cước Ấn
10511,Effect/Prefabs/JueSe/JiaoYin/M2_JY01_ShuiMoLong_Z.prefab,,,,Mặc Long Cước Ấn
10512,Effect/Prefabs/JueSe/JiaoYin/M2_JY01_ShuiMoLong_C.prefab,,,,Mặc Long Cước Ấn
10513,Effect/Prefabs/JueSe/JiaoYin/F1_JY01_JiSi_Y.prefab,,,,Tế Tư Cước Ấn
10514,Effect/Prefabs/JueSe/JiaoYin/F1_JY01_JiSi_Z.prefab,,,,Tế Tư Cước Ấn
10515,Effect/Prefabs/JueSe/JiaoYin/F1_JY01_JiSi_C.prefab,,,,Tế Tư Cước Ấn
10516,Effect/Prefabs/JueSe/JiaoYin/F2_M1_JY01_JiSi_Y.prefab,,,,Tế Tư Cước Ấn
10517,Effect/Prefabs/JueSe/JiaoYin/F2_M1_JY01_JiSi_Z.prefab,,,,Tế Tư Cước Ấn
10518,Effect/Prefabs/JueSe/JiaoYin/F2_M1_JY01_JiSi_C.prefab,,,,Tế Tư Cước Ấn
10519,Effect/Prefabs/JueSe/JiaoYin/M2_JY01_JiSi_Y.prefab,,,,Tế Tư Cước Ấn
10520,Effect/Prefabs/JueSe/JiaoYin/M2_JY01_JiSi_Z.prefab,,,,Tế Tư Cước Ấn
10521,Effect/Prefabs/JueSe/JiaoYin/M2_JY01_JiSi_C.prefab,,,,Tế Tư Cước Ấn
10522,Effect/Prefabs/JueSe/JiaoYin/F1_JY01_SaiNian2026_Y.prefab,,,,
10523,Effect/Prefabs/JueSe/JiaoYin/F1_JY01_SaiNian2026_Z.prefab,,,,
10524,Effect/Prefabs/JueSe/JiaoYin/F1_JY01_SaiNian2026_C.prefab,,,,
10525,Effect/Prefabs/JueSe/JiaoYin/F2_M1_JY01_SaiNian2026_Y.prefab,,,,
10526,Effect/Prefabs/JueSe/JiaoYin/F2_M1_JY01_SaiNian2026_Z.prefab,,,,
10527,Effect/Prefabs/JueSe/JiaoYin/F2_M1_JY01_SaiNian2026_C.prefab,,,,
10528,Effect/Prefabs/JueSe/JiaoYin/M2_JY01_SaiNian2026_Y.prefab,,,,
10529,Effect/Prefabs/JueSe/JiaoYin/M2_JY01_SaiNian2026_Z.prefab,,,,
10530,Effect/Prefabs/JueSe/JiaoYin/M2_JY01_SaiNian2026_C.prefab,,,,
10531,Effect/Prefabs/JueSe/JiaoYin/F1_JY01_AiShen_Y.prefab,,,,Dấu Chân Thần Tình Yêu
10532,Effect/Prefabs/JueSe/JiaoYin/F1_JY01_AiShen_Z.prefab,,,,Dấu Chân Thần Tình Yêu
10533,Effect/Prefabs/JueSe/JiaoYin/F1_JY01_AiShen_C.prefab,,,,Dấu Chân Thần Tình Yêu
10534,Effect/Prefabs/JueSe/JiaoYin/F2_M1_JY01_AiShen_Y.prefab,,,,Dấu Chân Thần Tình Yêu
10535,Effect/Prefabs/JueSe/JiaoYin/F2_M1_JY01_AiShen_Z.prefab,,,,Dấu Chân Thần Tình Yêu
10536,Effect/Prefabs/JueSe/JiaoYin/F2_M1_JY01_AiShen_C.prefab,,,,Dấu Chân Thần Tình Yêu
10537,Effect/Prefabs/JueSe/JiaoYin/M1_JY01_AiShen_Y.prefab,,,,Dấu Chân Thần Tình Yêu
10538,Effect/Prefabs/JueSe/JiaoYin/M1_JY01_AiShen_Z.prefab,,,,Dấu Chân Thần Tình Yêu
10539,Effect/Prefabs/JueSe/JiaoYin/M1_JY01_AiShen_C.prefab,,,,Dấu Chân Thần Tình Yêu
10504,Effect/Prefabs/JueSe/JiaoYin/F1_JY01_ShuiMu_Y.prefab,,,,Dấu Chân Sứa
10505,Effect/Prefabs/JueSe/JiaoYin/F1_JY01_ShuiMu_Z.prefab,,,,Dấu Chân Sứa
10506,Effect/Prefabs/JueSe/JiaoYin/F1_JY01_ShuiMu_C.prefab,,,,Dấu Chân Sứa
10507,Effect/Prefabs/JueSe/JiaoYin/F2_M1_JY01_ShuiMu_Y.prefab,,,,Dấu Chân Sứa
10508,Effect/Prefabs/JueSe/JiaoYin/F2_M1_JY01_ShuiMu_Z.prefab,,,,Dấu Chân Sứa
10509,Effect/Prefabs/JueSe/JiaoYin/F2_M1_JY01_ShuiMu_C.prefab,,,,Dấu Chân Sứa
10510,Effect/Prefabs/JueSe/JiaoYin/M2_JY01_ShuiMu_Y.prefab,,,,Dấu Chân Sứa
10511,Effect/Prefabs/JueSe/JiaoYin/M2_JY01_ShuiMu_Z.prefab,,,,Dấu Chân Sứa
10512,Effect/Prefabs/JueSe/JiaoYin/M2_JY01_ShuiMu_C.prefab,,,,Dấu Chân Sứa
10573,Effect/Prefabs/JueSe/NPC/Fuben/TongYong/Effect_10ZhouNian_yijian.prefab,,,,
10574,UI/Prefabs/Effect/SpecialTitle/DressTitle361_Effect.prefab,,,,
13039,Effect/Prefabs/JueSe/NPC/DX/npc_136_at_02.prefab,,,,
13040,Effect/Prefabs/JueSe/NPC/DX/npc_136_at_02_D.prefab,,,,
13041,Effect/Prefabs/JueSe/NPC/DX/npc_136_at_02_BJ.prefab,,,,
13048,Effect/Prefabs/JueSe/NPC/DX/npc_136_at_01.prefab,,,,
13084,Effect/Prefabs/JueSe/NPC/Fuben/TongYong/FuHuo.prefab,,,,
13115,Effect/Prefabs/JueSe/UI/zhiyin_quan.prefab,,,,
13116,Effect/Prefabs/JueSe/UI/zhiyin_quan_G.prefab,,,,
13204,Effect/Prefabs/JueSe/NPC/Fuben/NPC_011-020/npc_113_AT_01.prefab,,,,
13206,Effect/Prefabs/JueSe/NPC/Fuben/NPC_011-020/npc_113_AT_02.prefab,,,,
13217,Effect/Prefabs/JueSe/NPC/Fuben/NPC_021-030/NPC_015_b_buff.prefab,,,,
13272,Effect/Prefabs/JueSe/UI/JueXing_TX_01.prefab,,,,
13273,Effect/Prefabs/JueSe/UI/JueXing_TX_02.prefab,,,,
13274,Effect/Prefabs/JueSe/UI/JueXing_TX_03.prefab,,,,
13275,Effect/Prefabs/JueSe/UI/JueXing_TX_04.prefab,,,,
13291,Effect/Prefabs/JueSe/NPC/Fuben/NPC_130-200/npc_170_at_01.prefab,,,,
13298,Effect/Prefabs/JueSe/UI/JueXing_TX_B_01.prefab,,,,
13299,Effect/Prefabs/JueSe/UI/JueXing_TX_B_02.prefab,,,,
13300,Effect/Prefabs/JueSe/UI/JueXing_TX_A_01.prefab,,,,
13301,Effect/Prefabs/JueSe/UI/JueXing_TX_A_02.prefab,,,,
13358,Effect/Prefabs/JueSe/NPC/Fuben/partner/DuWu.prefab,,,,
13359,Effect/Prefabs/JueSe/NPC/Fuben/TongYong/hd_snowball_a.prefab,,,,
13366,Effect/Prefabs/JueSe/BUFF/hd_snowbuff_1 .prefab,,,,
13367,Effect/Prefabs/JueSe/BUFF/hd_snowbuff_2 .prefab,,,,
13370,Effect/Prefabs/JueSe/BUFF/hd_snowbuff_3 .prefab,,,,
13371,Effect/Prefabs/JueSe/BUFF/hd_snowbuff_4 .prefab,,,,
13507,Effect/Prefabs/JueSe/NPC/Fuben/TongYong/hd_fireworks_1.prefab,,,,
13509,Effect/Prefabs/JueSe/NPC/Fuben/TongYong/hd_fireworks_2.prefab,,,,
13511,Effect/Prefabs/JueSe/NPC/Fuben/TongYong/hd_fireworks_3.prefab,,,,
13671,Effect/Prefabs/JueSe/NPC/Fuben/NPC_130-200/npc_173_at_02.prefab,,,,
13672,Effect/Prefabs/JueSe/NPC/Fuben/NPC_130-200/npc_173_lieyanzhan.prefab,,,,
13673,Effect/Prefabs/JueSe/NPC/Fuben/NPC_130-200/npc_173_lieyanzhan_1.prefab,,,,
13674,Effect/Prefabs/JueSe/NPC/Fuben/NPC_130-200/npc_173_lieyanzhan_2.prefab,,,,
13676,Effect/Prefabs/JueSe/NPC/Fuben/NPC_130-200/npc_173_baoyan.prefab,,,,
13677,Effect/Prefabs/JueSe/NPC/Fuben/NPC_130-200/npc_173_run.prefab,,,,
13680,Effect/Prefabs/JueSe/NPC/Fuben/NPC_130-200/npc_173_hongmenyan.prefab,,,,
13682,Effect/Prefabs/JueSe/NPC/Fuben/BOSS_031-050/boss032_at_01.prefab,,,,
13685,Effect/Prefabs/JueSe/NPC/Fuben/NPC_031-040/boss032_shuipao.prefab,,,,
13687,Effect/Prefabs/JueSe/NPC/Fuben/BOSS_031-050/boss033_at_02_sf.prefab,,,,
13688,Effect/Prefabs/JueSe/NPC/Fuben/BOSS_031-050/boss033_JN_01.prefab,,,,
13690,Effect/Prefabs/JueSe/NPC/Fuben/BOSS_031-050/boss033_JN_02.prefab,,,,
13691,Effect/Prefabs/JueSe/NPC/Fuben/BOSS_031-050/boss034_at_01.prefab,,,,
13692,Effect/Prefabs/JueSe/NPC/Fuben/BOSS_031-050/boss034_JN_01.prefab,,,,
13694,Effect/Prefabs/JueSe/NPC/Fuben/BOSS_031-050/boss034_JN_02.prefab,,,,
13716,Effect/Prefabs/JueSe/UI/tanhao_hong.prefab,,,,
13751,Effect/Prefabs/JueSe/NPC/Fuben/TongYong/WJ_paota_01.prefab,,,,
13767,Effect/Prefabs/JueSe/BUFF/WJ_paota_FangYu.prefab,,,,
13801,Effect/Prefabs/JueSe/BUFF/zhenyuan_buff_1.prefab,,,,
13805,Effect/Prefabs/JueSe/BUFF/zhenyuan_buff_2.prefab,,,,
13806,Effect/Prefabs/HuoDong/effect_zj_r.prefab,,,,
13807,Effect/Prefabs/HuoDong/effect_zj_h.prefab,,,,
13808,Effect/Prefabs/HuoDong/Effect_ZhanJing_TaFeng.prefab,,,,
13809,Effect/Prefabs/HuoDong/Effect_ZhanJing_HunYuan5.prefab,,,,
13920,Effect/Prefabs/JueSe/NPC/Fuben/NPC_201-210/npc_205_AT_02.prefab,,,,
13921,Effect/Prefabs/JueSe/NPC/Fuben/NPC_201-210/npc_205_BUFF.prefab,,,,
13922,Effect/Prefabs/JueSe/NPC/Fuben/NPC_201-210/npc_205_BUFF_b.prefab,,,,
13932,Effect/Prefabs/JueSe/BUFF/buff_ChunYangWuJiGong.prefab,,,,
13941,Effect/Prefabs/JueSe/NPC/Tongban/Effect_npc_298_at_02.prefab,,,,
14001,Effect/Prefabs/JueSe/TangMen/TangMen_at01_ShiFang.prefab,Effect/Prefabs/JueSe/JueSe_JianBan/TangMen/TangMen_at01_ShiFang_J.prefab,Effect/Prefabs/JueSe/TangMen/TangMen_JX/TangMen_at01_ShiFang_jx_c.prefab,,
14002,Effect/Prefabs/JueSe/TangMen/TangMen_at02_ShiFang.prefab,Effect/Prefabs/JueSe/JueSe_JianBan/TangMen/TangMen_at02_ShiFang_J.prefab,Effect/Prefabs/JueSe/TangMen/TangMen_JX/TangMen_at02_ShiFang_jx_c.prefab,,
14003,Effect/Prefabs/JueSe/TangMen/TangMen_at03_ShiFang.prefab,Effect/Prefabs/JueSe/JueSe_JianBan/TangMen/TangMen_at03_ShiFang_J.prefab,Effect/Prefabs/JueSe/TangMen/TangMen_JX/TangMen_at03_ShiFang_jx_c.prefab,,
14004,Effect/Prefabs/JueSe/TangMen/TangMen_at04_ShiFang.prefab,Effect/Prefabs/JueSe/JueSe_JianBan/TangMen/TangMen_at04_ShiFang_J.prefab,Effect/Prefabs/JueSe/TangMen/TangMen_JX/TangMen_at04_ShiFang_jx_c.prefab,,
14006,Effect/Prefabs/JueSe/TangMen/TangMen_JN_01_SF.prefab,Effect/Prefabs/JueSe/JueSe_JianBan/TangMen/TangMen_JN_01_SF_J.prefab,Effect/Prefabs/JueSe/TangMen/TangMen_JX/TangMen_JN_01_SF_c.prefab,,
14008,Effect/Prefabs/JueSe/TangMen/TangMen_JN_02_ShiFang.prefab,Effect/Prefabs/JueSe/JueSe_JianBan/TangMen/TangMen_JN_02_ShiFang_J.prefab,Effect/Prefabs/JueSe/TangMen/TangMen_JX/TangMen_JX_JN_01_ShiFang.prefab,,
14010,Effect/Prefabs/JueSe/TangMen/TangMen_JN03.prefab,Effect/Prefabs/JueSe/JueSe_JianBan/TangMen/TangMen_JN03_J.prefab,Effect/Prefabs/JueSe/TangMen/TangMen_JX/TangMen_JX_JN03.prefab,,
14012,Effect/Prefabs/JueSe/TangMen/TangMen_JN_04_ShiFa.prefab,Effect/Prefabs/JueSe/JueSe_JianBan/TangMen/TangMen_JN_04_ShiFa_J.prefab,Effect/Prefabs/JueSe/TangMen/TangMen_JX/TangMen_JX_JN_04_ShiFa.prefab,,
14013,Effect/Prefabs/JueSe/TangMen/TangMen_JN_04_ShiFang.prefab,Effect/Prefabs/JueSe/JueSe_JianBan/TangMen/TangMen_JN_04_ShiFang_J.prefab,Effect/Prefabs/JueSe/TangMen/TangMen_JX/TangMen_JX_JN_04_ShiFang.prefab,,
14032,Effect/Prefabs/JueSe/TangMen/TangMen_JN_05_SF.prefab,,,,
14033,Effect/Prefabs/JueSe/TangMen/TangMen_JX/TangMen_JN_jiguanquan.prefab,Effect/Prefabs/JueSe/TangMen/TangMen_JX/TangMen_JN_jiguanquan_c.prefab,Effect/Prefabs/JueSe/TangMen/TangMen_JX/TangMen_JN_jiguanquan_jx.prefab,,
14034,Effect/Prefabs/JueSe/TangMen/TangMen_JX/TangMen_JN_x_buff.prefab,Effect/Prefabs/JueSe/TangMen/TangMen_JX/TangMen_JN_x_buff_c.prefab,Effect/Prefabs/JueSe/TangMen/TangMen_JX/TangMen_JN_x_buff_jx.prefab,,
14035,Effect/Prefabs/JueSe/TangMen/TangMen_JX/TangMen_New_JN_04_ShiFa.prefab,Effect/Prefabs/JueSe/JueSe_JianBan/TangMen/TangMen_New_JN_04_ShiFa_J.prefab,Effect/Prefabs/JueSe/TangMen/TangMen_JX/TangMen_JX_New_JN_04_ShiFa.prefab,,
14036,Effect/Prefabs/JueSe/TangMen/TangMen_JX/TangMen_New_JN_04_baozha.prefab,Effect/Prefabs/JueSe/JueSe_JianBan/TangMen/TangMen_New_JN_04_baozha_J.prefab,Effect/Prefabs/JueSe/TangMen/TangMen_JX/TangMen_JX_New_JN_04_baozha.prefab,,
14037,Effect/Prefabs/JueSe/TangMen/TangMen_JX/TangMen_JN_jiguanquan_h.prefab,Effect/Prefabs/JueSe/TangMen/TangMen_JX/TangMen_JN_jiguanquan_h_c.prefab,Effect/Prefabs/JueSe/TangMen/TangMen_JX/TangMen_JN_jiguanquan__jx_h.prefab,,
14101,Effect/Prefabs/JueSe/KunLun/KL_at_01.prefab,Effect/Prefabs/JueSe/JueSe_JianBan/KunLun/KL_at_01_J.prefab,Effect/Prefabs/JueSe/KunLun/KunLun_c/KL_JX_at_01_xingzuo.prefab,,
14102,Effect/Prefabs/JueSe/KunLun/KL_at_02.prefab,Effect/Prefabs/JueSe/JueSe_JianBan/KunLun/KL_at_02_J.prefab,Effect/Prefabs/JueSe/KunLun/KunLun_c/KL_JX_at_02_xingzuo.prefab,,
14103,Effect/Prefabs/JueSe/KunLun/KL_at_03.prefab,Effect/Prefabs/JueSe/JueSe_JianBan/KunLun/KL_at_03_J.prefab,Effect/Prefabs/JueSe/KunLun/KunLun_c/KL_JX_at_03_xingzuo.prefab,,
14104,Effect/Prefabs/JueSe/KunLun/KL_at_04.prefab,Effect/Prefabs/JueSe/JueSe_JianBan/KunLun/KL_at_04_J.prefab,Effect/Prefabs/JueSe/KunLun/KunLun_c/KL_JX_at_04_xingzuo.prefab,,
14106,Effect/Prefabs/JueSe/KunLun/KL_JN_01.prefab,Effect/Prefabs/JueSe/JueSe_JianBan/KunLun/KL_JN_01_J.prefab,Effect/Prefabs/JueSe/KunLun/KunLun_c/KL_JX_JN_01_xingzuo.prefab,,
14108,Effect/Prefabs/JueSe/KunLun/KunLun_JN_02_SF.prefab,Effect/Prefabs/JueSe/JueSe_JianBan/KunLun/KunLun_JN_02_SF_J.prefab,Effect/Prefabs/JueSe/KunLun/KunLun_c/KL_JX_JN_02_SF_xingzuo.prefab,,
14110,Effect/Prefabs/JueSe/KunLun/KunLun_JN_03_SF.prefab,Effect/Prefabs/JueSe/JueSe_JianBan/KunLun/KunLun_JN_03_SF_J.prefab,Effect/Prefabs/JueSe/KunLun/KunLun_c/KL_JX_JN_03_SF_xingzuo.prefab,,
14112,Effect/Prefabs/JueSe/KunLun/KunLun_JN_04_SF.prefab,,Effect/Prefabs/JueSe/KunLun/KunLun_c/KL_JX_JN_04_SF_xingzuo.prefab,,
14128,Effect/Prefabs/JueSe/KunLun/KL_JN_05.prefab,,,,
14132,Effect/Prefabs/JueSe/KunLun/KL_xtxf_sf.prefab,,,,
14133,Effect/Prefabs/JueSe/KunLun/KunLun_c/KL_New_JN_02_SF.prefab,,Effect/Prefabs/JueSe/KunLun/KunLun_c/KL_JXNew_JN_02_SF_xingzuo.prefab,,
14134,Effect/Prefabs/JueSe/KunLun/KunLun_c/KL_New_JN_04_SF1.prefab,,Effect/Prefabs/JueSe/KunLun/KunLun_c/KL_JXNew_JN_04_SF1_xingzuo.prefab,,
14135,Effect/Prefabs/JueSe/KunLun/KunLun_c/KL_New_JN_04_SF3.prefab,,Effect/Prefabs/JueSe/KunLun/KunLun_c/KL_JXNew_JN_04_SF3_xingzuo.prefab,,
14136,Effect/Prefabs/JueSe/KunLun/KunLun_c/KL_New_JN_04_SF5.prefab,,Effect/Prefabs/JueSe/KunLun/KunLun_c/KL_JXNew_JN_04_SF5_xingzuo.prefab,,
14201,Effect/Prefabs/JueSe/GaiBang/GaiBang_AT_01.prefab,Effect/Prefabs/JueSe/JueSe_JianBan/gaibang/GaiBang_AT_01_J.prefab,,,
14202,Effect/Prefabs/JueSe/GaiBang/GaiBang_AT_02.prefab,Effect/Prefabs/JueSe/JueSe_JianBan/gaibang/GaiBang_AT_02_J.prefab,,,
14203,Effect/Prefabs/JueSe/GaiBang/GaiBang_AT_03.prefab,Effect/Prefabs/JueSe/JueSe_JianBan/gaibang/GaiBang_AT_03_J.prefab,,,
14204,Effect/Prefabs/JueSe/GaiBang/GaiBang_AT_04.prefab,Effect/Prefabs/JueSe/JueSe_JianBan/gaibang/GaiBang_AT_04_J.prefab,,,
14206,Effect/Prefabs/JueSe/GaiBang/GaiBang_JN_01_SF.prefab,Effect/Prefabs/JueSe/JueSe_JianBan/gaibang/GaiBang_JN_01_SF_J.prefab,,,
14208,Effect/Prefabs/JueSe/GaiBang/GaiBang_JN_02_SF.prefab,Effect/Prefabs/JueSe/JueSe_JianBan/gaibang/GaiBang_JN_02_SF_J.prefab,,,
14209,Effect/Prefabs/JueSe/GaiBang/GaiBang_JN_02_SF_S.prefab,Effect/Prefabs/JueSe/JueSe_JianBan/gaibang/GaiBang_JN_02_SF_S_J.prefab,,,
14210,Effect/Prefabs/JueSe/GaiBang/GaiBang_JN_02_BUFF.prefab,Effect/Prefabs/JueSe/JueSe_JianBan/gaibang/GaiBang_JN_02_BUFF_J.prefab,,,
14211,Effect/Prefabs/JueSe/GaiBang/GaiBang_JN_03_SF.prefab,Effect/Prefabs/JueSe/JueSe_JianBan/gaibang/GaiBang_JN_03_SF_J.prefab,,,
14213,Effect/Prefabs/JueSe/GaiBang/GaiBang_JN_04_SF.prefab,Effect/Prefabs/JueSe/JueSe_JianBan/gaibang/GaiBang_JN_04_SF_J.prefab,,,
14214,Effect/Prefabs/JueSe/GaiBang/GaiBang_JN_04_SF_S.prefab,Effect/Prefabs/JueSe/JueSe_JianBan/gaibang/GaiBang_JN_04_SF_S_J.prefab,,,
14232,Effect/Prefabs/JueSe/GaiBang/GaiBang_JN_05_01.prefab,,,,
14233,Effect/Prefabs/JueSe/GaiBang/GaiBang_JN_05_02.prefab,,,,
14234,Effect/Prefabs/JueSe/GaiBang/GaiBang_JN_05_03.prefab,,,,
14235,Effect/Prefabs/JueSe/GaiBang/GaiBang_JN_05_04.prefab,,,,
14301,Effect/Prefabs/JueSe/WuDu/Wudu_AT_01.prefab,,,,
14302,Effect/Prefabs/JueSe/WuDu/Wudu_AT_02.prefab,Effect/Prefabs/JueSe/JueSe_JianBan/wudu/Wudu_AT_02_J.prefab,,,
14303,Effect/Prefabs/JueSe/WuDu/Wudu_AT_03_D.prefab,,,,
14304,Effect/Prefabs/JueSe/WuDu/Wudu_AT_04.prefab,Effect/Prefabs/JueSe/JueSe_JianBan/wudu/Wudu_AT_04_J.prefab,,,
14305,Effect/Prefabs/JueSe/WuDu/Wudu_ty_deduff.prefab,,,,
14309,Effect/Prefabs/JueSe/WuDu/Wudu_JN_01.prefab,Effect/Prefabs/JueSe/JueSe_JianBan/wudu/Wudu_JN_01_J.prefab,,,
14311,Effect/Prefabs/JueSe/WuDu/WuDu_JN_02.prefab,Effect/Prefabs/JueSe/JueSe_JianBan/wudu/WuDu_JN_02_J.prefab,,,
14323,Effect/Prefabs/JueSe/WuDu/Wudu_176E_AT02.prefab,,,,
14325,Effect/Prefabs/JueSe/WuDu/Wudu_176C_AT02.prefab,,,,
14328,Effect/Prefabs/JueSe/WuDu/Wudu_176A_AT02.prefab,,,,
14330,Effect/Prefabs/JueSe/WuDu/Wudu_176D_AT02.prefab,,,,
14333,Effect/Prefabs/JueSe/WuDu/Wudu_176B_AT02.prefab,,,,
14335,Effect/Prefabs/JueSe/WuDu/WuDu_JN_03_JZ.prefab,Effect/Prefabs/JueSe/JueSe_JianBan/wudu/WuDu_JN_03_JZ_J.prefab,,,
14336,Effect/Prefabs/JueSe/WuDu/WuDu_JN_03_SF.prefab,Effect/Prefabs/JueSe/JueSe_JianBan/wudu/WuDu_JN_03_SF_J.prefab,,,
14339,Effect/Prefabs/JueSe/WuDu/WuDu_JN_04_SF.prefab,Effect/Prefabs/JueSe/JueSe_JianBan/wudu/WuDu_JN_04_SF_J.prefab,,,
14340,Effect/Prefabs/JueSe/WuDu/WuDu_JN_04_SF_S.prefab,Effect/Prefabs/JueSe/JueSe_JianBan/wudu/WuDu_JN_04_SF_S_J.prefab,,,
14348,Effect/Prefabs/JueSe/WuDu/WuDu_BUFF.prefab,Effect/Prefabs/JueSe/JueSe_JianBan/wudu/WuDu_BUFF_J.prefab,,,
14354,Effect/Prefabs/JueSe/WuDu/Wudu_JN_05_SF.prefab,,,,
14401,Effect/Prefabs/JueSe/CangJian/CangJian_AT_01.prefab,Effect/Prefabs/JueSe/JueSe_JianBan/CangJian/CangJian_AT_01_J.prefab,,,
14402,Effect/Prefabs/JueSe/CangJian/CangJian_AT_02.prefab,Effect/Prefabs/JueSe/JueSe_JianBan/CangJian/CangJian_AT_02_J.prefab,,,
14403,Effect/Prefabs/JueSe/CangJian/CangJian_AT_03.prefab,Effect/Prefabs/JueSe/JueSe_JianBan/CangJian/CangJian_AT_03_J.prefab,,,
14404,Effect/Prefabs/JueSe/CangJian/CangJian_AT_04.prefab,Effect/Prefabs/JueSe/JueSe_JianBan/CangJian/CangJian_AT_04_J.prefab,,,
14406,Effect/Prefabs/JueSe/CangJian/CangJian_JN_01.prefab,Effect/Prefabs/JueSe/JueSe_JianBan/CangJian/CangJian_JN_01_J.prefab,Effect/Prefabs/JueSe/CangJian/cangjian_c/CangJian_JN_01_xiangyun.prefab,,
14408,Effect/Prefabs/JueSe/CangJian/CangJian_JN_03_SF.prefab,Effect/Prefabs/JueSe/JueSe_JianBan/CangJian/CangJian_JN_03_SF_J.prefab,Effect/Prefabs/JueSe/CangJian/cangjian_c/CangJian_JN_03_SF_xiangyun.prefab,,
14410,Effect/Prefabs/JueSe/CangJian/CangJian_JN_02_SF.prefab,Effect/Prefabs/JueSe/JueSe_JianBan/CangJian/CangJian_JN_02_SF_J.prefab,Effect/Prefabs/JueSe/CangJian/cangjian_c/CangJian_JN_02_SF_xiangyun.prefab,,
14413,Effect/Prefabs/JueSe/CangJian/CangJian_JN_04_SF.prefab,Effect/Prefabs/JueSe/JueSe_JianBan/CangJian/CangJian_JN_04_SF_J.prefab,Effect/Prefabs/JueSe/CangJian/cangjian_c/CangJian_JN_04_SF_xiangyun.prefab,,
14414,Effect/Prefabs/JueSe/CangJian/CangJian_JN_BeiDong_01.prefab,,,,
14425,Effect/Prefabs/JueSe/CangJian/CangJian_JN_BeiDong_02.prefab,,,,
14426,Effect/Prefabs/JueSe/CangJian/CangJian_JN_BeiDong_ShiFa.prefab,,,,
14432,Effect/Prefabs/JueSe/CangJian/CangJian_JN_BeiDong_03.prefab,,,,
14433,Effect/Prefabs/JueSe/CangJian/CangJian_JN_05.prefab,,,,
14501,Effect/Prefabs/JueSe/ChangGe/ChangGe_AT_SF_01.prefab,Effect/Prefabs/JueSe/JueSe_JianBan/ChangGe/ChangGe_AT_SF_01_J.prefab,Effect/Prefabs/JueSe/ChangGe/ChangGe_JX/ChangGe_AT_SF_01_JX.prefab,,
14502,Effect/Prefabs/JueSe/ChangGe/ChangGe_AT_SF_02.prefab,Effect/Prefabs/JueSe/JueSe_JianBan/ChangGe/ChangGe_AT_SF_02_J.prefab,Effect/Prefabs/JueSe/ChangGe/ChangGe_JX/ChangGe_AT_SF_02_JX.prefab,,
14503,Effect/Prefabs/JueSe/ChangGe/ChangGe_AT_SF_03.prefab,Effect/Prefabs/JueSe/JueSe_JianBan/ChangGe/ChangGe_AT_SF_03_J.prefab,Effect/Prefabs/JueSe/ChangGe/ChangGe_JX/ChangGe_AT_SF_03_JX.prefab,,
14504,Effect/Prefabs/JueSe/ChangGe/ChangGe_AT_SF_04.prefab,Effect/Prefabs/JueSe/JueSe_JianBan/ChangGe/ChangGe_AT_SF_04_J.prefab,Effect/Prefabs/JueSe/ChangGe/ChangGe_JX/ChangGe_AT_SF_04_JX.prefab,,
14506,Effect/Prefabs/JueSe/ChangGe/ChangGe_JN_01_SF.prefab,,Effect/Prefabs/JueSe/ChangGe/ChangGe_JX/ChangGe_JN_01_SF_JX.prefab,,
14508,Effect/Prefabs/JueSe/ChangGe/ChangGe_JN_02_SF.prefab,Effect/Prefabs/JueSe/JueSe_JianBan/ChangGe/ChangGe_JN_02_SF_J.prefab,Effect/Prefabs/JueSe/ChangGe/ChangGe_JX/ChangGe_JN_02_SF_JX.prefab,,
14509,Effect/Prefabs/JueSe/ChangGe/ChangGe_JN_02_RH.prefab,,Effect/Prefabs/JueSe/ChangGe/ChangGe_JX/ChangGe_JN_02_RH_JX.prefab,,
14512,Effect/Prefabs/JueSe/ChangGe/ChangGe_JN_03.prefab,Effect/Prefabs/JueSe/JueSe_JianBan/ChangGe/ChangGe_JN_03_J.prefab,Effect/Prefabs/JueSe/ChangGe/ChangGe_JX/ChangGe_JN_03_JX.prefab,,
14518,Effect/Prefabs/JueSe/ChangGe/ChangGe_JN_04_SF.prefab,Effect/Prefabs/JueSe/JueSe_JianBan/ChangGe/ChangGe_JN_04_J.prefab,Effect/Prefabs/JueSe/ChangGe/ChangGe_JX/ChangGe_JN_04_SF_JX.prefab,,
14524,Effect/Prefabs/JueSe/ChangGe/CG_KangJu.prefab,,,,
14528,Effect/Prefabs/JueSe/ChangGe/ChangGe_JN_BongDong.prefab,,Effect/Prefabs/JueSe/ChangGe/ChangGe_JX/ChangGe_JN_BongDong_JX.prefab,,
14537,Effect/Prefabs/JueSe/ChangGe/ChangGe_hmzg_sf.prefab,,Effect/Prefabs/JueSe/ChangGe/ChangGe_JX/ChangGe_hmzg_sf_JX.prefab,,
14542,Effect/Prefabs/JueSe/ChangGe/ChangGe_ycbx.prefab,,Effect/Prefabs/JueSe/ChangGe/ChangGe_JX/ChangGe_ycbx_JX.prefab,,
14544,Effect/Prefabs/JueSe/ChangGe/ChangGe_JN_05.prefab,,,,
14565,Effect/Prefabs/JueSe/ChangGe/ChangGe_JN_02_MiJi.prefab,Effect/Prefabs/JueSe/JueSe_JianBan/ChangGe/ChangGe_JN_02_MiJi_J.prefab,,,
14601,Effect/Prefabs/JueSe/TianShan/TianShan_AT_01.prefab,Effect/Prefabs/JueSe/JueSe_JianBan/TianShan/TianShan_AT_01_J.prefab,Effect/Prefabs/JueSe/TianShan/Tianshan_c/TianShan_AT_01_C.prefab,,
14602,Effect/Prefabs/JueSe/TianShan/TianShan_AT_02.prefab,,Effect/Prefabs/JueSe/TianShan/Tianshan_c/TianShan_AT_02_C.prefab,,
14603,Effect/Prefabs/JueSe/TianShan/TianShan_AT_03.prefab,Effect/Prefabs/JueSe/JueSe_JianBan/TianShan/TianShan_AT_03_J.prefab,Effect/Prefabs/JueSe/TianShan/Tianshan_c/TianShan_AT_03_C.prefab,,
14604,Effect/Prefabs/JueSe/TianShan/TianShan_AT_04.prefab,,Effect/Prefabs/JueSe/TianShan/Tianshan_c/TianShan_AT_04_C.prefab,,
14606,Effect/Prefabs/JueSe/TianShan/TianShan_JN_01_SF.prefab,Effect/Prefabs/JueSe/JueSe_JianBan/TianShan/TianShan_JN_01_SF_J.prefab,Effect/Prefabs/JueSe/TianShan/Tianshan_c/TianShan_JN_01_SF_C.prefab,,
14608,Effect/Prefabs/JueSe/TianShan/TianShan_JN_02_SF.prefab,Effect/Prefabs/JueSe/JueSe_JianBan/TianShan/TianShan_JN_02_SF_J.prefab,Effect/Prefabs/JueSe/TianShan/Tianshan_c/TianShan_JN_02_SF_C.prefab,,
14611,Effect/Prefabs/JueSe/TianShan/TianShan_JN_03_SF.prefab,Effect/Prefabs/JueSe/JueSe_JianBan/TianShan/TianShan_JN_03_SF_J.prefab,Effect/Prefabs/JueSe/TianShan/Tianshan_c/TianShan_JN_03_SF_C.prefab,,
14613,Effect/Prefabs/JueSe/TianShan/TianShan_JN_04_SF.prefab,Effect/Prefabs/JueSe/JueSe_JianBan/TianShan/TianShan_JN_04_SF_J.prefab,Effect/Prefabs/JueSe/TianShan/Tianshan_c/TianShan_JN_04_SF_C.prefab,,
14616,Effect/Prefabs/JueSe/TianShan/TianShan_JN_05.prefab,,,,
14620,Effect/Prefabs/JueSe/TianShan/TianShan_FXWT.prefab,,Effect/Prefabs/JueSe/TianShan/Tianshan_c/TianShan_FXWT_C.prefab,,
14627,Effect/Prefabs/JueSe/TianShan/TianShan_NSH.prefab,,Effect/Prefabs/JueSe/TianShan/Tianshan_c/TianShan_NSH_C.prefab,,
14636,Effect/Prefabs/JueSe/TianShan/TianShan_QSHM.prefab,,Effect/Prefabs/JueSe/TianShan/Tianshan_c/TianShan_QSHM_C.prefab,,
14656,Effect/Prefabs/JueSe/TianShan/TianShan_SLY.prefab,,,,
14657,Effect/Prefabs/JueSe/TianShan/Tianshan_c/Tianshan_yinhuan.prefab,,Effect/Prefabs/JueSe/TianShan/Tianshan_c/Tianshan_yinhuan_C.prefab,,
14761,Effect/Prefabs/HuoDong/Effect_ZQ_D_AT.prefab,,,,
14762,Effect/Prefabs/HuoDong/Effect_ZQ_D_YK.prefab,,,,
14763,Effect/Prefabs/HuoDong/Effect_ZQ_D_LX.prefab,,,,
14764,Effect/Prefabs/HuoDong/Effect_ZQ_D_DH.prefab,,,,
14767,Effect/Prefabs/HuoDong/Effect_ZQ_D_LL.prefab,,,,
14768,Effect/Prefabs/HuoDong/Effect_ZQ_Bao_LL.prefab,,,,
14786,Effect/Prefabs/HuoDong/Effect_chuangzinu_q.prefab,,,,
14790,Effect/Prefabs/HuoDong/Effect_chuangzinu_z.prefab,,,,
14791,Effect/Prefabs/HuoDong/Effect_chuangzinu_q_huo.prefab,,,,
14792,Effect/Prefabs/HuoDong/Effect_chuangzinu_z_huo.prefab,,,,
14803,Effect/Prefabs/JueSe/BUFF/JingMaiBeiDong_buff.prefab,,,,
14806,Effect/Prefabs/JueSe/BUFF/JingMaiBeiDong_JinGuBuff.prefab,,,,
14812,Effect/Prefabs/JueSe/BUFF/jingmai05_buff.prefab,,,,
14817,Effect/Prefabs/JueSe/BUFF/JingMai_Yinweimai_buff.prefab,,,,
14858,Effect/Prefabs/JueSe/NPC/Fuben/NPC_201-210/Npc_205_ChuanSong.prefab,,,,
14902,Effect/Prefabs/ChangJing/zc_wangzuo01_suolian.prefab,,,,
14903,Effect/Prefabs/JueSe/UI/zc_longzhu01_wudi.prefab,,,,
14905,Effect/Prefabs/JueSe/UI/XinLingShouHu_buff.prefab,,,,
14912,Effect/Prefabs/JueSe/other1/Effect_poshuijudian.prefab,,,,
14913,Scenes/Meshes/judianzhan_01/prefab/judianzhan_ta01_b.prefab,,,,
14918,Effect/Prefabs/HuoDong/Effect_qrj_zhousheng.prefab,,,,
15001,Effect/Prefabs/JueSe/BaDao/BaDao_AT1.prefab,,,,
15002,Effect/Prefabs/JueSe/BaDao/BaDao_AT2.prefab,Effect/Prefabs/JueSe/JueSe_JianBan/BaDao/BaDao_AT2.prefab,,,
15003,Effect/Prefabs/JueSe/BaDao/BaDao_AT3.prefab,Effect/Prefabs/JueSe/JueSe_JianBan/BaDao/BaDao_AT3.prefab,,,
15004,Effect/Prefabs/JueSe/BaDao/BaDao_AT4.prefab,Effect/Prefabs/JueSe/JueSe_JianBan/BaDao/BaDao_AT4.prefab,,,
15005,Effect/Prefabs/JueSe/BaDao/BaDao_JN_01a.prefab,Effect/Prefabs/JueSe/JueSe_JianBan/BaDao/BaDao_JN_01a.prefab,,,
15006,Effect/Prefabs/JueSe/BaDao/BaDao_JN_01.prefab,Effect/Prefabs/JueSe/JueSe_JianBan/BaDao/BaDao_JN_01.prefab,,,
15008,Effect/Prefabs/JueSe/BaDao/BaDao_JN_02_01.prefab,Effect/Prefabs/JueSe/JueSe_JianBan/BaDao/BaDao_JN_02_01.prefab,,,
15011,Effect/Prefabs/JueSe/BaDao/BaDao_JN_03.prefab,Effect/Prefabs/JueSe/JueSe_JianBan/BaDao/BaDao_JN_03.prefab,,,
15015,Effect/Prefabs/JueSe/BaDao/BaDao_JN_04_SF.prefab,Effect/Prefabs/JueSe/JueSe_JianBan/BaDao/BaDao_JN_04_SF.prefab,,,
15020,Effect/Prefabs/JueSe/BaDao/BaDao_JN_05.prefab,,,,
15104,Effect/Prefabs/JueSe/UI/WXHT_J.prefab,,,,
15105,Effect/Prefabs/JueSe/UI/WXHT_M.prefab,,,,
15106,Effect/Prefabs/JueSe/UI/WXHT_S.prefab,,,,
15107,Effect/Prefabs/JueSe/UI/WXHT_H.prefab,,,,
15108,Effect/Prefabs/JueSe/UI/WXHT_T.prefab,,,,
15109,Effect/Prefabs/JueSe/UI/FH_Fen.prefab,,,,
15110,Effect/Prefabs/JueSe/UI/FH_He.prefab,,,,
15201,Effect/Prefabs/JueSe/HuaShan/HuaShan_AT_01.prefab,Effect/Prefabs/JueSe/JueSe_JianBan/HuaShan/HuaShan_AT_01_J.prefab,,,
15202,Effect/Prefabs/JueSe/HuaShan/HuaShan_AT_02.prefab,Effect/Prefabs/JueSe/JueSe_JianBan/HuaShan/HuaShan_AT_02_J.prefab,,,
15203,Effect/Prefabs/JueSe/HuaShan/HuaShan_AT_03.prefab,Effect/Prefabs/JueSe/JueSe_JianBan/HuaShan/HuaShan_AT_03_J.prefab,,,
15204,Effect/Prefabs/JueSe/HuaShan/HuaShan_AT_04.prefab,Effect/Prefabs/JueSe/JueSe_JianBan/HuaShan/HuaShan_AT_04_J.prefab,,,
15206,Effect/Prefabs/JueSe/HuaShan/HuaShan_JN_02.prefab,Effect/Prefabs/JueSe/JueSe_JianBan/HuaShan/HuaShan_JN_02_J.prefab,,,
15209,Effect/Prefabs/JueSe/HuaShan/HuaShan_JN_01.prefab,Effect/Prefabs/JueSe/JueSe_JianBan/HuaShan/HuaShan_JN_01_J.prefab,,,
15210,Effect/Prefabs/JueSe/HuaShan/HuaShan_TSDX.prefab,,,,
15212,Effect/Prefabs/JueSe/HuaShan/HuaShan_JN_03_SF_1.prefab,Effect/Prefabs/JueSe/JueSe_JianBan/HuaShan/HuaShan_JN_03_SF_1_J.prefab,,,
15214,Effect/Prefabs/JueSe/HuaShan/HuaShan_JN_03_D_tuowei.prefab,Effect/Prefabs/JueSe/JueSe_JianBan/HuaShan/HuaShan_JN_03_D_tuowei_J.prefab,,,
15215,Effect/Prefabs/JueSe/HuaShan/HuaShan_JN_04_SF.prefab,Effect/Prefabs/JueSe/JueSe_JianBan/HuaShan/HuaShan_JN_04_SF_J.prefab,,,
15221,Effect/Prefabs/JueSe/HuaShan/HuaShan_JN_01_Buff.prefab,,,,
15225,Effect/Prefabs/JueSe/HuaShan/HuaShan_JN_05.prefab,,,,
15226,Effect/Prefabs/JueSe/HuaShan/HuaShan_YTHG.prefab,,,,
15135,Effect/Prefabs/JueSe/BUFF/TianJiMiZhen_JS.prefab,,,,
15136,Effect/Prefabs/JueSe/BUFF/TianJiMiZhen_YS.prefab,,,,
15137,Effect/Prefabs/JueSe/WaiZhuang/M1_W012_waizhuang_jiaoyin_C.prefab,,,,
15138,Effect/Prefabs/JueSe/WaiZhuang/M1_W012_waizhuang_jiaoyin_Z.prefab,,,,
15139,Effect/Prefabs/JueSe/WaiZhuang/M1_W012_waizhuang_jiaoyin_Y.prefab,,,,
15389,Effect/Prefabs/JueSe/BUFF/JueXue02_buff.prefab,,,,
15451,Effect/Prefabs/JueSe/BUFF/foxiang_buff.prefab,,,,
15501,Effect/Prefabs/JueSe/MingJiao/MingJiao_AT_01.prefab,Effect/Prefabs/JueSe/JueSe_JianBan/MingJiao/MingJiao_AT_01_J.prefab,,,
15502,Effect/Prefabs/JueSe/MingJiao/MingJiao_AT_02.prefab,Effect/Prefabs/JueSe/JueSe_JianBan/MingJiao/MingJiao_AT_02_J.prefab,,,
15503,Effect/Prefabs/JueSe/MingJiao/MingJiao_AT_03.prefab,Effect/Prefabs/JueSe/JueSe_JianBan/MingJiao/MingJiao_AT_03_J.prefab,,,
15504,Effect/Prefabs/JueSe/MingJiao/MingJiao_AT_04.prefab,Effect/Prefabs/JueSe/JueSe_JianBan/MingJiao/MingJiao_AT_04_J.prefab,,,
15506,Effect/Prefabs/JueSe/MingJiao/MingJiao_JN_01.prefab,Effect/Prefabs/JueSe/JueSe_JianBan/MingJiao/MingJiao_JN_01_J.prefab,,,
15508,Effect/Prefabs/JueSe/MingJiao/MingJiao_JN_04.prefab,Effect/Prefabs/JueSe/JueSe_JianBan/MingJiao/MingJiao_JN_04_J.prefab,,,
15511,Effect/Prefabs/JueSe/MingJiao/MingJiao_JN_03_SF.prefab,Effect/Prefabs/JueSe/JueSe_JianBan/MingJiao/MingJiao_JN_03_SF_J.prefab,,,
15515,Effect/Prefabs/JueSe/MingJiao/MingJiao_JN_02_QT.prefab,Effect/Prefabs/JueSe/JueSe_JianBan/MingJiao/MingJiao_JN_02_QT_J.prefab,,,
15521,Effect/Prefabs/JueSe/MingJiao/MingJiao_JN_05.prefab,,,,
15601,Effect/Prefabs/JueSe/DuanShi/DuanShi_AT_01.prefab,Effect/Prefabs/JueSe/JueSe_JianBan/DuanShi/DuanShi_AT_01_J.prefab,,,
15602,Effect/Prefabs/JueSe/DuanShi/DuanShi_AT_02.prefab,Effect/Prefabs/JueSe/JueSe_JianBan/DuanShi/DuanShi_AT_02_J.prefab,,,
15603,Effect/Prefabs/JueSe/DuanShi/DuanShi_AT_03.prefab,Effect/Prefabs/JueSe/JueSe_JianBan/DuanShi/DuanShi_AT_03_J.prefab,,,
15604,Effect/Prefabs/JueSe/DuanShi/DuanShi_AT_04.prefab,Effect/Prefabs/JueSe/JueSe_JianBan/DuanShi/DuanShi_AT_04_J.prefab,,,
15606,Effect/Prefabs/JueSe/DuanShi/DuanShi_JN_01.prefab,Effect/Prefabs/JueSe/JueSe_JianBan/DuanShi/DuanShi_JN_01_J.prefab,,,
15608,Effect/Prefabs/JueSe/DuanShi/DuanShi_JN_02.prefab,Effect/Prefabs/JueSe/JueSe_JianBan/DuanShi/DuanShi_JN_02_J.prefab,,,
15611,Effect/Prefabs/JueSe/DuanShi/DuanShi_JN_03_SF.prefab,Effect/Prefabs/JueSe/JueSe_JianBan/DuanShi/DuanShi_JN_03_SF_J.prefab,,,
15626,Effect/Prefabs/JueSe/DuanShi/DuanShi_JN_04_sf.prefab,Effect/Prefabs/JueSe/JueSe_JianBan/DuanShi/DuanShi_JN_04_sf_J.prefab,,,
15631,Effect/Prefabs/JueSe/DuanShi/DuanShi_JN_05.prefab,,,,
15703,Effect/Prefabs/JueSe/NPC/Fuben/TongYong/QiMingZhiNu.prefab,,,,
15705,Effect/Prefabs/JueSe/NPC/Fuben/TongYong/JuMangHuanJing.prefab,,,,
15707,Effect/Prefabs/JueSe/NPC/Fuben/TongYong/BingShuangQuan.prefab,,,,
15709,Effect/Prefabs/JueSe/NPC/Fuben/TongYong/FenTianHuoJi.prefab,,,,
15711,Effect/Prefabs/JueSe/NPC/Fuben/TongYong/DaDiMangDong.prefab,,,,
15725,Effect/Prefabs/JueSe/BUFF/buffqiu_bai.prefab,,,,
15728,Effect/Prefabs/JueSe/BUFF/ChuanJiaPoKai.prefab,,,,
15729,Effect/Prefabs/JueSe/BUFF/DuanJi.prefab,,,,
15801,Effect/Prefabs/JueSe/WanHua/WanHua_AT_01.prefab,Effect/Prefabs/JueSe/JueSe_JianBan/WanHua/WanHua_AT_01_J.prefab,,,
15802,Effect/Prefabs/JueSe/WanHua/WanHua_AT_02.prefab,Effect/Prefabs/JueSe/JueSe_JianBan/WanHua/WanHua_AT_02_J.prefab,,,
15803,Effect/Prefabs/JueSe/WanHua/WanHua_AT_03.prefab,Effect/Prefabs/JueSe/JueSe_JianBan/WanHua/WanHua_AT_03_J.prefab,,,
15804,Effect/Prefabs/JueSe/WanHua/WanHua_AT_04.prefab,Effect/Prefabs/JueSe/JueSe_JianBan/WanHua/WanHua_AT_04_J.prefab,,,
15806,Effect/Prefabs/JueSe/WanHua/WanHua_JN_01.prefab,Effect/Prefabs/JueSe/JueSe_JianBan/WanHua/WanHua_JN_01_J.prefab,,,
15808,Effect/Prefabs/JueSe/WanHua/WanHua_JN_02.prefab,Effect/Prefabs/JueSe/JueSe_JianBan/WanHua/WanHua_JN_02_J.prefab,,,
15810,Effect/Prefabs/JueSe/WanHua/WanHua_JN_03.prefab,Effect/Prefabs/JueSe/JueSe_JianBan/WanHua/WanHua_JN_03_J.prefab,,,
15812,Effect/Prefabs/JueSe/WanHua/WanHua_JN_04.prefab,Effect/Prefabs/JueSe/JueSe_JianBan/WanHua/WanHua_JN_04_J.prefab,,,
15820,Effect/Prefabs/JueSe/WanHua/WanHua_JN_05.prefab,,,,
15981,Effect/Prefabs/JueSe/other1/Effect_QiXi_baicai.prefab,,,,
15982,Effect/Prefabs/JueSe/other1/Effect_QiXi_jidan.prefab,,,,
15983,Effect/Prefabs/JueSe/other1/Effect_QiXi_mogu.prefab,,,,
15984,Effect/Prefabs/JueSe/other1/Effect_QiXi_qincai.prefab,,,,
15985,Effect/Prefabs/JueSe/other1/Effect_QiXi_rou.prefab,,,,
15986,Effect/Prefabs/JueSe/other1/Effect_QiXi_yu.prefab,,,,
15987,Effect/Prefabs/JueSe/other1/Effect_QiXi_zhusun.prefab,,,,
15989,Effect/Prefabs/JueSe/BUFF/QX_Jiansu_buff_01.prefab,,,,
15991,Effect/Prefabs/JueSe/other1/Effect_QiXi_lajiao.prefab,,,,
15992,Effect/Prefabs/JueSe/other1/Effect_QiXi_tang.prefab,,,,
15993,Effect/Prefabs/JueSe/other1/Effect_QiXi_jiucai.prefab,,,,
15994,Effect/Prefabs/JueSe/other1/Effect_QiXi_guihua.prefab,,,,
15995,Effect/Prefabs/JueSe/other1/Effect_QiXi_hongzao.prefab,,,,
15997,Effect/Prefabs/HuoDong/Effect_xiguatiaozhan_xg.prefab,,,,
15998,Effect/Prefabs/HuoDong/Effect_xiguatiaozhan_zd.prefab,,,,
16001,Effect/Prefabs/JueSe/YM_G/at_01_G.prefab,Effect/Prefabs/JueSe/JueSe_JianBan/YM_G/at_01_G_J.prefab,,,
16002,Effect/Prefabs/JueSe/YM_G/at_02_G.prefab,Effect/Prefabs/JueSe/JueSe_JianBan/YM_G/at_02_G_J.prefab,,,
16003,Effect/Prefabs/JueSe/YM_G/at_03_G.prefab,Effect/Prefabs/JueSe/JueSe_JianBan/YM_G/at_03_G_J.prefab,,,
16004,Effect/Prefabs/JueSe/YM_G/at_04_G.prefab,Effect/Prefabs/JueSe/JueSe_JianBan/YM_G/at_04_G_J.prefab,,,
16006,Effect/Prefabs/JueSe/YM_G/JN_01_G.prefab,Effect/Prefabs/JueSe/JueSe_JianBan/YM_G/JN_01_G_J.prefab,,,
16007,Effect/Prefabs/JueSe/YM_G/JN_02_sf.prefab,Effect/Prefabs/JueSe/JueSe_JianBan/YM_G/JN_02_sf_J.prefab,,,
16008,Effect/Prefabs/JueSe/YM_G/JN_03_sf.prefab,Effect/Prefabs/JueSe/JueSe_JianBan/YM_G/JN_03_sf_J.prefab,,,
16009,Effect/Prefabs/JueSe/YM_G/JN_04_qiehuan.prefab,Effect/Prefabs/JueSe/JueSe_JianBan/YM_G/JN_04_qiehuan_J.prefab,,,
16012,Effect/Prefabs/JueSe/YM_Q/at_01.prefab,Effect/Prefabs/JueSe/JueSe_JianBan/YM_Q/at_01_J.prefab,,,
16013,Effect/Prefabs/JueSe/YM_Q/at_02.prefab,Effect/Prefabs/JueSe/JueSe_JianBan/YM_Q/at_02_J.prefab,,,
16014,Effect/Prefabs/JueSe/YM_Q/at_03.prefab,Effect/Prefabs/JueSe/JueSe_JianBan/YM_Q/at_03_J.prefab,,,
16015,Effect/Prefabs/JueSe/YM_Q/at_04.prefab,Effect/Prefabs/JueSe/JueSe_JianBan/YM_Q/at_04_J.prefab,,,
16016,Effect/Prefabs/JueSe/YM_Q/JN_01.prefab,Effect/Prefabs/JueSe/JueSe_JianBan/YM_Q/JN_01_J.prefab,,,
16018,Effect/Prefabs/JueSe/YM_Q/JN_02_sf.prefab,Effect/Prefabs/JueSe/JueSe_JianBan/YM_Q/JN_02_sf_J.prefab,,,
16021,Effect/Prefabs/JueSe/YM_Q/JN_03.prefab,Effect/Prefabs/JueSe/JueSe_JianBan/YM_Q/JN_03_J.prefab,,,
16024,Effect/Prefabs/JueSe/YM_G/JN_05.prefab,,,,
16154,Effect/Prefabs/HuoDong/effect_longzhu_toudin.prefab,,,,
16201,Effect/Prefabs/JueSe/LongQue/at_01.prefab,Effect/Prefabs/JueSe/JueSe_JianBan/LongQue/at_01.prefab,,,
16202,Effect/Prefabs/JueSe/LongQue/at_02.prefab,Effect/Prefabs/JueSe/JueSe_JianBan/LongQue/at_02.prefab,,,
16203,Effect/Prefabs/JueSe/LongQue/at_03.prefab,Effect/Prefabs/JueSe/JueSe_JianBan/LongQue/at_03.prefab,,,
16204,Effect/Prefabs/JueSe/LongQue/at_04.prefab,Effect/Prefabs/JueSe/JueSe_JianBan/LongQue/at_04.prefab,,,
16206,Effect/Prefabs/JueSe/LongQue/JN_01.prefab,Effect/Prefabs/JueSe/JueSe_JianBan/LongQue/JN_01.prefab,,,
16208,Effect/Prefabs/JueSe/LongQue/JN_02_SF.prefab,Effect/Prefabs/JueSe/JueSe_JianBan/LongQue/JN_02_SF.prefab,,,
16211,Effect/Prefabs/JueSe/LongQue/JN_03.prefab,Effect/Prefabs/JueSe/JueSe_JianBan/LongQue/JN_03.prefab,,,
16212,Effect/Prefabs/JueSe/LongQue/JN_04_SF.prefab,Effect/Prefabs/JueSe/JueSe_JianBan/LongQue/JN_04_SF.prefab,,,
16213,Effect/Prefabs/JueSe/LongQue/JN_04_DG01.prefab,Effect/Prefabs/JueSe/JueSe_JianBan/LongQue/JN_04_DG01.prefab,,,
16214,Effect/Prefabs/JueSe/LongQue/JN_04_DG02.prefab,Effect/Prefabs/JueSe/JueSe_JianBan/LongQue/JN_04_DG02.prefab,,,
16215,Effect/Prefabs/JueSe/LongQue/JN_04_DG03.prefab,Effect/Prefabs/JueSe/JueSe_JianBan/LongQue/JN_04_DG03.prefab,,,
16216,Effect/Prefabs/JueSe/LongQue/JN_04_DG04.prefab,Effect/Prefabs/JueSe/JueSe_JianBan/LongQue/JN_04_DG04.prefab,,,
16221,Effect/Prefabs/JueSe/LongQue/JN_05.prefab,,,,
16301,Effect/Prefabs/JueSe/ShenJi/at01.prefab,Effect/Prefabs/JueSe/JueSe_JianBan/ShenJi/at01.prefab,,,
16302,Effect/Prefabs/JueSe/ShenJi/at02.prefab,Effect/Prefabs/JueSe/JueSe_JianBan/ShenJi/at02.prefab,,,
16303,Effect/Prefabs/JueSe/ShenJi/at03.prefab,Effect/Prefabs/JueSe/JueSe_JianBan/ShenJi/at03.prefab,,,
16304,Effect/Prefabs/JueSe/ShenJi/at04.prefab,Effect/Prefabs/JueSe/JueSe_JianBan/ShenJi/at04.prefab,,,
16306,Effect/Prefabs/JueSe/ShenJi/jn01_sf.prefab,Effect/Prefabs/JueSe/JueSe_JianBan/ShenJi/jn01_sf.prefab,,,
16308,Effect/Prefabs/JueSe/ShenJi/jn04_sf.prefab,Effect/Prefabs/JueSe/JueSe_JianBan/ShenJi/jn04_sf.prefab,,,
16309,Effect/Prefabs/JueSe/ShenJi/jn04_kuilei_chongci.prefab,Effect/Prefabs/JueSe/JueSe_JianBan/ShenJi/jn04_kuilei_chongci.prefab,,,
16311,Effect/Prefabs/JueSe/ShenJi/jn03_sf.prefab,Effect/Prefabs/JueSe/JueSe_JianBan/ShenJi/jn03_sf.prefab,,,
16312,Effect/Prefabs/JueSe/ShenJi/jn03_kuilei_SF.prefab,Effect/Prefabs/JueSe/JueSe_JianBan/ShenJi/jn03_kuilei_SF.prefab,,,
16313,Effect/Prefabs/JueSe/ShenJi/jn02_sf.prefab,Effect/Prefabs/JueSe/JueSe_JianBan/ShenJi/jn02_sf.prefab,,,
16314,Effect/Prefabs/JueSe/ShenJi/jn02_xialuo_bao.prefab,Effect/Prefabs/JueSe/JueSe_JianBan/ShenJi/jn02_xialuo_bao.prefab,,,
16315,Effect/Prefabs/JueSe/ShenJi/jn02_kuilei_tuowei01.prefab,,,,
16316,Effect/Prefabs/JueSe/ShenJi/jn02_kuilei_tuowei01.prefab,,,,
16322,Effect/Prefabs/JueSe/ShenJi/jn05.prefab,,,,
16323,Effect/Prefabs/JueSe/ShenJi/jn05_02.prefab,,,,
16401,Effect/Prefabs/JueSe/XuanShuiJiao/XuanShui_AT_01.prefab,Effect/Prefabs/JueSe/JueSe_JianBan/XuanShuiJiao/XuanShui_AT_01_J.prefab,,,
16402,Effect/Prefabs/JueSe/XuanShuiJiao/XuanShui_AT_02.prefab,Effect/Prefabs/JueSe/JueSe_JianBan/XuanShuiJiao/XuanShui_AT_02_J.prefab,,,
16403,Effect/Prefabs/JueSe/XuanShuiJiao/XuanShui_AT_03.prefab,Effect/Prefabs/JueSe/JueSe_JianBan/XuanShuiJiao/XuanShui_AT_03_J.prefab,,,
16404,Effect/Prefabs/JueSe/XuanShuiJiao/XuanShui_AT_04.prefab,Effect/Prefabs/JueSe/JueSe_JianBan/XuanShuiJiao/XuanShui_AT_04_J.prefab,,,
16406,Effect/Prefabs/JueSe/XuanShuiJiao/XuanShui_JN_01_SF.prefab,Effect/Prefabs/JueSe/JueSe_JianBan/XuanShuiJiao/XuanShui_JN_01_SF_J.prefab,,,
16407,Effect/Prefabs/JueSe/XuanShuiJiao/XuanShui_JN_01_SF_L.prefab,,,,
16408,Effect/Prefabs/JueSe/XuanShuiJiao/XuanShui_JN_02_SF_M1.prefab,Effect/Prefabs/JueSe/JueSe_JianBan/XuanShuiJiao/XuanShui_JN_02_SF_M1_J.prefab,,,
16410,Effect/Prefabs/JueSe/XuanShuiJiao/XuanShui_JN_03_SF.prefab,Effect/Prefabs/JueSe/JueSe_JianBan/XuanShuiJiao/XuanShui_JN_03_SF_J.prefab,,,
16411,Effect/Prefabs/JueSe/XuanShuiJiao/XuanShui_JN_03_BJ.prefab,,,,
16412,Effect/Prefabs/JueSe/XuanShuiJiao/XuanShui_JN_03_BJ_b.prefab,Effect/Prefabs/JueSe/JueSe_JianBan/XuanShuiJiao/XuanShui_JN_03_BJ_b_J.prefab,,,
16414,Effect/Prefabs/JueSe/XuanShuiJiao/XuanShui_JN_04_SF.prefab,Effect/Prefabs/JueSe/JueSe_JianBan/XuanShuiJiao/XuanShui_JN_04_SF_J.prefab,,,
16416,Effect/Prefabs/JueSe/XuanShuiJiao/XuanShui_JN_04_SF_02.prefab,,,,
16418,Effect/Prefabs/JueSe/XuanShuiJiao/XuanShui_JN_05_1.prefab,,,,
16419,Effect/Prefabs/JueSe/XuanShuiJiao/XuanShui_JN_05_2.prefab,,,,
16471,Effect/Prefabs/JueSe/XuanShuiJiao/XuanShui_AT_BJ_03.prefab,,,,
16502,Effect/Prefabs/HuoDong/Effect_yixianqian_xinwu.prefab,,,,
16601,Effect/Prefabs/JueSe/ChongXiao/ChongXiao_AT_01.prefab,Effect/Prefabs/JueSe/JueSe_JianBan/ChongXiao/ChongXiao_AT_01_J.prefab,,,
16602,Effect/Prefabs/JueSe/ChongXiao/ChongXiao_AT_02.prefab,Effect/Prefabs/JueSe/JueSe_JianBan/ChongXiao/ChongXiao_AT_02_J.prefab,,,
16603,Effect/Prefabs/JueSe/ChongXiao/ChongXiao_AT_03.prefab,Effect/Prefabs/JueSe/JueSe_JianBan/ChongXiao/ChongXiao_AT_03_J.prefab,,,
16604,Effect/Prefabs/JueSe/ChongXiao/ChongXiao_AT_04.prefab,Effect/Prefabs/JueSe/JueSe_JianBan/ChongXiao/ChongXiao_AT_04_J.prefab,,,
16606,Effect/Prefabs/JueSe/ChongXiao/ChongXiao_JN_01.prefab,Effect/Prefabs/JueSe/JueSe_JianBan/ChongXiao/ChongXiao_JN_01_J.prefab,,,
16608,Effect/Prefabs/JueSe/ChongXiao/ChongXiao_JN_02.prefab,Effect/Prefabs/JueSe/JueSe_JianBan/ChongXiao/ChongXiao_JN_02_J.prefab,,,
16610,Effect/Prefabs/JueSe/ChongXiao/ChongXiao_JN_03.prefab,Effect/Prefabs/JueSe/JueSe_JianBan/ChongXiao/ChongXiao_JN_03_J.prefab,,,
16612,Effect/Prefabs/JueSe/ChongXiao/ChongXiao_JN_04.prefab,Effect/Prefabs/JueSe/JueSe_JianBan/ChongXiao/ChongXiao_JN_04_J.prefab,,,
16616,Effect/Prefabs/JueSe/ChongXiao/ChongXiao_JN_05.prefab,,,,
16690,Effect/Prefabs/JueSe/ChongXiao/ChongXiao_st01_m1.prefab,,,,
16691,Effect/Prefabs/JueSe/ChongXiao/ChongXiao_st01_f1.prefab,,,,
16692,Effect/Prefabs/JueSe/WaiZhuang/M1_m2_W030_Body_taiji_fw.prefab,,,,
16693,Effect/Prefabs/JueSe/WaiZhuang/F2_f1_W030_Body_taiji_fw.prefab,,,,
16694,Effect/Prefabs/JueSe/WaiZhuang/W030_Body_taiji_tw_ty.prefab,,,,
16695,Effect/Prefabs/JueSe/WaiZhuang/M1_m2_W030_Body_taiji_dh.prefab,,,,
16696,Effect/Prefabs/JueSe/WaiZhuang/F2_W030_Body_taiji_dh.prefab,,,,
16697,Effect/Prefabs/JueSe/WaiZhuang/F1_W030_Body_taiji_dh.prefab,,,,
16698,Effect/Prefabs/JueSe/WaiZhuang/F1_W030_Body_taiji_zhuzi.prefab,,,,
16699,Effect/Prefabs/JueSe/WaiZhuang/M1_m2_f2_W030_Body_taiji_zhuzi.prefab,,,,
16700,Effect/Prefabs/JueSe/WaiZhuang/F1_W029_Body_WZ01_QiXi.prefab,,,,
16701,Effect/Prefabs/JueSe/WaiZhuang/F1_W029_Body_WZ01_QiXi_CX.prefab,,,,
16702,Effect/Prefabs/JueSe/WaiZhuang/F1_F2_W029_Body_WZ01_QiXi_L.prefab,,,,
16703,Effect/Prefabs/JueSe/WaiZhuang/F2_W029_Body_WZ01_QiXi.prefab,,,,
16704,Effect/Prefabs/JueSe/WaiZhuang/F2_W029_Body_WZ01_CX.prefab,,,,
16705,Effect/Prefabs/JueSe/WaiZhuang/M1_W029_Body_WZ01_QiXi_L.prefab,,,,
16706,Effect/Prefabs/JueSe/WaiZhuang/M1_M2_W029_Body_WZ01_QiXi_CX.prefab,,,,
16707,Effect/Prefabs/JueSe/WaiZhuang/M1_W029_Body_WZ01_QiXi.prefab,,,,
16708,Effect/Prefabs/JueSe/WaiZhuang/F2_M1_M2_W029_Body_WZ01_QiXi_SR.prefab,,,0,
16709,Effect/Prefabs/JueSe/WaiZhuang/F1_M1_M2_W029_Body_WZ01_QiXi_SR.prefab,,,0,
16710,Effect/Prefabs/JueSe/WaiZhuang/F2_W029_Body_WZ01_QiXi_SR_R.prefab,,,,
16711,Effect/Prefabs/JueSe/WaiZhuang/M1_M2_W029_Body_WZ01_QiXi_SR_L.prefab,,,,
16712,Effect/Prefabs/JueSe/WaiZhuang/F1_W029_Body_WZ01_QiXi_SR_L.prefab,,,,
16713,Effect/Prefabs/JueSe/WaiZhuang/M2_W029_Body_WZ01_QiXi.prefab,,,,
16714,Effect/Prefabs/JueSe/WaiZhuang/F1_W030_Body_taiji_zhuzi.prefab,,,,
16715,Effect/Prefabs/JueSe/WaiZhuang/M1_W030_Body_taiji_zhuzi.prefab,,,,
16716,Effect/Prefabs/JueSe/WaiZhuang/m2_W030_Body_taiji_zhuzi.prefab,,,,
16717,Effect/Prefabs/JueSe/WaiZhuang/f2_W030_Body_taiji_zhuzi.prefab,,,,
16718,Effect/Prefabs/JueSe/WaiZhuang/F2_M1_M2_W029_Body_WZ01_QiXi_SR_02.prefab,,,0,
16719,Effect/Prefabs/JueSe/WaiZhuang/F1_M1_M2_W029_Body_WZ01_QiXi_SR_02.prefab,,,0,
16720,UI/Prefabs/Effect/SpecialTitle/DressTitle41_Effect.prefab,,,,
16721,UI/Prefabs/Effect/SpecialTitle/DressTitle42_Effect.prefab,,,,
16722,UI/Prefabs/Effect/SpecialTitle/DressTitle43_Effect.prefab,,,,
16723,UI/Prefabs/Effect/SpecialTitle/DressTitle44_Effect.prefab,,,,
16724,UI/Prefabs/Effect/SpecialTitle/DressTitle45_Effect.prefab,,,,
16725,UI/Prefabs/Effect/SpecialTitle/DressTitle46_Effect.prefab,,,,
16726,UI/Prefabs/Effect/SpecialTitle/DressTitle47_Effect.prefab,,,,
16727,UI/Prefabs/Effect/SpecialTitle/DressTitle48_Effect.prefab,,,,
16728,UI/Prefabs/Effect/SpecialTitle/DressTitle49_Effect.prefab,,,,
16729,UI/Prefabs/Effect/SpecialTitle/DressTitle50_Effect.prefab,,,,
16730,UI/Prefabs/Effect/SpecialTitle/DressTitle51_Effect.prefab,,,,
16731,UI/Prefabs/Effect/SpecialTitle/DressTitle52_Effect.prefab,,,,
16732,UI/Prefabs/Effect/SpecialTitle/DressTitle53_Effect.prefab,,,,
16733,UI/Prefabs/Effect/SpecialTitle/DressTitle54_Effect.prefab,,,,
16734,UI/Prefabs/Effect/SpecialTitle/DressTitle55_Effect.prefab,,,,
16735,UI/Prefabs/Effect/SpecialTitle/DressTitle56_Effect.prefab,,,,
16736,UI/Prefabs/Effect/SpecialTitle/DressTitle57_Effect.prefab,,,,
16737,UI/Prefabs/Effect/SpecialTitle/DressTitle58_Effect.prefab,,,,
16738,UI/Prefabs/Effect/SpecialTitle/DressTitle59_Effect.prefab,,,,
16739,UI/Prefabs/Effect/SpecialTitle/DressTitle60_Effect.prefab,,,,
16740,UI/Prefabs/Effect/SpecialTitle/DressTitle61_Effect.prefab,,,,
16741,UI/Prefabs/Effect/SpecialTitle/DressTitle62_Effect.prefab,,,,
16742,UI/Prefabs/Effect/SpecialTitle/DressTitle63_Effect.prefab,,,,
16743,UI/Prefabs/Effect/SpecialTitle/DressTitle64_Effect.prefab,,,,
16744,UI/Prefabs/Effect/SpecialTitle/DressTitle65_Effect.prefab,,,,
16745,UI/Prefabs/Effect/SpecialTitle/DressTitle66_Effect.prefab,,,,
16746,UI/Prefabs/Effect/SpecialTitle/DressTitle67_Effect.prefab,,,,
16747,UI/Prefabs/Effect/SpecialTitle/DressTitle68_Effect.prefab,,,,
16748,UI/Prefabs/Effect/SpecialTitle/DressTitle69_Effect.prefab,,,,
16749,UI/Prefabs/Effect/SpecialTitle/DressTitle70_Effect.prefab,,,,
16750,UI/Prefabs/Effect/SpecialTitle/DressTitle71_Effect.prefab,,,,
16751,UI/Prefabs/Effect/SpecialTitle/DressTitle72_Effect.prefab,,,,
16752,UI/Prefabs/Effect/SpecialTitle/DressTitle73_Effect.prefab,,,,
16753,UI/Prefabs/Effect/SpecialTitle/DressTitle74_Effect.prefab,,,,
16754,UI/Prefabs/Effect/SpecialTitle/DressTitle75_Effect.prefab,,,,
16755,UI/Prefabs/Effect/SpecialTitle/DressTitle76_Effect.prefab,,,,
16756,UI/Prefabs/Effect/SpecialTitle/DressTitle77_Effect.prefab,,,,
16757,UI/Prefabs/Effect/SpecialTitle/DressTitle78_Effect.prefab,,,,
16758,UI/Prefabs/Effect/SpecialTitle/DressTitle79_Effect.prefab,,,,
16759,UI/Prefabs/Effect/SpecialTitle/DressTitle80_Effect.prefab,,,,
16760,UI/Prefabs/Effect/SpecialTitle/DressTitle81_Effect.prefab,,,,
16761,UI/Prefabs/Effect/SpecialTitle/DressTitle82_Effect.prefab,,,,
16762,UI/Prefabs/Effect/SpecialTitle/DressTitle83_Effect.prefab,,,,
16763,UI/Prefabs/Effect/SpecialTitle/DressTitle84_Effect.prefab,,,,
16764,UI/Prefabs/Effect/SpecialTitle/DressTitle85_Effect.prefab,,,,
16765,UI/Prefabs/Effect/SpecialTitle/DressTitle86_Effect.prefab,,,,
16766,UI/Prefabs/Effect/SpecialTitle/DressTitle87_Effect.prefab,,,,
16767,UI/Prefabs/Effect/SpecialTitle/DressTitle88_Effect.prefab,,,,
16768,UI/Prefabs/Effect/SpecialTitle/DressTitle89_Effect.prefab,,,,
16769,UI/Prefabs/Effect/SpecialTitle/DressTitle90_Effect.prefab,,,,
16770,UI/Prefabs/Effect/SpecialTitle/DressTitle91_Effect.prefab,,,,
16771,UI/Prefabs/Effect/SpecialTitle/DressTitle92_Effect.prefab,,,,
16772,UI/Prefabs/Effect/SpecialTitle/DressTitle93_Effect.prefab,,,,
16773,UI/Prefabs/Effect/SpecialTitle/DressTitle94_Effect.prefab,,,,
16774,UI/Prefabs/Effect/SpecialTitle/DressTitle95_Effect.prefab,,,,
16775,UI/Prefabs/Effect/SpecialTitle/DressTitle96_Effect.prefab,,,,
16776,UI/Prefabs/Effect/SpecialTitle/DressTitle97_Effect.prefab,,,,
16777,UI/Prefabs/Effect/SpecialTitle/DressTitle98_Effect.prefab,,,,
16778,UI/Prefabs/Effect/SpecialTitle/DressTitle99_Effect.prefab,,,,
16779,UI/Prefabs/Effect/SpecialTitle/DressTitle100_Effect.prefab,,,,
16780,UI/Prefabs/Effect/SpecialTitle/DressTitle101_Effect.prefab,,,,
16781,UI/Prefabs/Effect/SpecialTitle/DressTitle102_Effect.prefab,,,,
16782,UI/Prefabs/Effect/SpecialTitle/DressTitle103_Effect.prefab,,,,
16783,UI/Prefabs/Effect/SpecialTitle/DressTitle104_Effect.prefab,,,,
16784,Effect/Prefabs/JueSe/WaiZhuang/W032_Body_xiandai_fenwei_ty.prefab,,,,
16785,Effect/Prefabs/JueSe/WaiZhuang/F2_f1_xiandai_daoju_scence.prefab,,,,
16786,Effect/Prefabs/JueSe/WaiZhuang/F2_f1_xiandai_daoju_l.prefab,,,,
16787,Effect/Prefabs/JueSe/WaiZhuang/F2_f1_xiandai_daoju_r.prefab,,,,
16788,Effect/Prefabs/JueSe/WaiZhuang/F2_W032_Body_xiandai_lizi.prefab,,,,
16789,Effect/Prefabs/JueSe/WaiZhuang/F2_W032_Body_xiandai_dh.prefab,,,,
16790,Effect/Prefabs/JueSe/WaiZhuang/F1_W032_Body_xiandai_lizi.prefab,,,,
16791,Effect/Prefabs/JueSe/WaiZhuang/F1_W032_Body_xiandai_dh.prefab,,,,
16792,Effect/Prefabs/JueSe/WaiZhuang/M1_m2_W032_Body_xiandai_lizi.prefab,,,,
16793,Effect/Prefabs/JueSe/WaiZhuang/M1_m2_W032_Body_xiandai_dh.prefab,,,,
16794,Effect/Prefabs/JueSe/WaiZhuang/M1_m2_xiandai_daoju_l.prefab,,,,
16795,Effect/Prefabs/JueSe/WaiZhuang/M1_m2_xiandai_daoju_r.prefab,,,,
16796,Effect/Prefabs/JueSe/other1/Effect_caiqiu_beigua.prefab,,,,
16797,Player/Npcs/Prefabs/npcback019_m2lhbg.prefab,,,,
16798,Player/Npcs/Prefabs/npcback019_m1lhbg.prefab,,,,
16799,Player/Npcs/Prefabs/npcback019_f1lhbg.prefab,,,,
16800,Player/Npcs/Prefabs/npcback019_f2lhbg.prefab,,,,
16801,Player/Npcs/Prefabs/npcback020_m2lhbg.prefab,,,,
16802,Player/Npcs/Prefabs/npcback020_m1lhbg.prefab,,,,
16803,Player/Npcs/Prefabs/npcback020_f1lhbg.prefab,,,,
16804,Player/Npcs/Prefabs/npcback020_f2lhbg.prefab,,,,
16805,Effect/Prefabs/JueSe/other1/Effect_laohuxiaoshi_beigua.prefab,,,,
16806,Effect/Prefabs/JueSe/WaiZhuang/F2_f1_W030_Body_taiji_lizi.prefab,,,,
16807,Effect/Prefabs/JueSe/WaiZhuang/M1_m2_W030_Body_taiji_lizi.prefab,,,,
16808,Effect/Prefabs/JueSe/WaiZhuang/W033_huo_fenwei_ty.prefab,,,,
16809,Effect/Prefabs/JueSe/WaiZhuang/W033_huo_tw_ty.prefab,,,,
16810,Effect/Prefabs/JueSe/WaiZhuang/W033_huo_dalong_ty.prefab,,,,
16811,Effect/Prefabs/JueSe/WaiZhuang/M1_M2_F2_W033_huo_xiaolong.prefab,,,,
16812,Effect/Prefabs/JueSe/WaiZhuang/F1_W033_huo_xiaolong.prefab,,,,
16813,Effect/Prefabs/JueSe/WaiZhuang/M1_M2_F2_W033_huo_dh.prefab,,,,
16814,Effect/Prefabs/JueSe/WaiZhuang/F1_W033_huo_dh.prefab,,,,
16815,Effect/Prefabs/JueSe/WaiZhuang/M1_M2_F2_W033_huo_lizi.prefab,,,,
16816,Effect/Prefabs/JueSe/WaiZhuang/F1_W033_huo_lizi.prefab,,,,
16817,Effect/Prefabs/JueSe/WaiZhuang/F1_W034_Body_WZ01_HaiYang_CX.prefab,,,,
16818,Effect/Prefabs/JueSe/WaiZhuang/F1_W034_Body_WZ01_HaiYang.prefab,,,,
16819,Effect/Prefabs/JueSe/WaiZhuang/F1_W034_Body_WZ01_HaiYang_Bip01.prefab,,,,
16820,Effect/Prefabs/JueSe/WaiZhuang/F2_W034_Body_WZ01_HaiYang_CX.prefab,,,,
16821,Effect/Prefabs/JueSe/WaiZhuang/F2_W034_Body_WZ01_HaiYang.prefab,,,,
16822,Effect/Prefabs/JueSe/WaiZhuang/F2_W034_Body_WZ01_HaiYang_Bip01.prefab,,,,
16823,Effect/Prefabs/JueSe/WaiZhuang/F1_F2_W034_Body_WZ01_HaiYang_L.prefab,,,,
16824,Effect/Prefabs/JueSe/WaiZhuang/F1_F2_W034_Body_WZ01_HaiYang_R.prefab,,,,
16825,Effect/Prefabs/JueSe/WaiZhuang/M1_W034_Body_WZ01_HaiYang_CX.prefab,,,,
16826,Effect/Prefabs/JueSe/WaiZhuang/M1_W034_Body_WZ01_HaiYang.prefab,,,,
16827,Effect/Prefabs/JueSe/WaiZhuang/M1_W034_Body_WZ01_HaiYang_Bip01.prefab,,,,
16828,Effect/Prefabs/JueSe/WaiZhuang/M1_W034_Body_WZ01_HaiYang_L.prefab,,,,
16829,Effect/Prefabs/JueSe/WaiZhuang/M1_W034_Body_WZ01_HaiYang_R.prefab,,,,
16830,Effect/Prefabs/JueSe/WaiZhuang/F2_M1_M2_W034_Body_WZ01_HaiYang_SR_CX.prefab,,,,
16831,Effect/Prefabs/JueSe/WaiZhuang/F2_M1_M2_W034_Body_WZ01_HaiYang_SR.prefab,,,,
16832,Effect/Prefabs/JueSe/WaiZhuang/F2_M1_M2_W034_Body_WZ01_HaiYang_SR_Bip01 Pelvis.prefab,,,,
16833,Effect/Prefabs/JueSe/WaiZhuang/F2_M1_M2_W034_Body_WZ01_HaiYang_SR_LR.prefab,,,,
16834,Effect/Prefabs/JueSe/WaiZhuang/F1_D_W030_Body_WZ01_GongTing_CX.prefab,,,,
16835,Effect/Prefabs/JueSe/WaiZhuang/F2_M1_D_W030_Body_WZ01_GongTing_CX.prefab,,,,
16836,Effect/Prefabs/JueSe/WaiZhuang/M2_D_W030_Body_WZ01_GongTing_CX.prefab,,,,
16837,Effect/Prefabs/JueSe/WaiZhuang/F1_D_Body_WZ01_GongTing.prefab,,,,
16838,Effect/Prefabs/JueSe/WaiZhuang/F2_M1_D_Body_WZ01_GongTing.prefab,,,,
16839,Effect/Prefabs/JueSe/WaiZhuang/M2_D_Body_WZ01_GongTing.prefab,,,,
16840,Effect/Prefabs/JueSe/WaiZhuang/F2_M1_M2_D_Body_WZ01_GongTing_L.prefab,,,,
16841,Effect/Prefabs/JueSe/WaiZhuang/F2_M1_M2_D_Body_WZ01_GongTing_R.prefab,,,,
16842,Effect/Prefabs/JueSe/WaiZhuang/F1_D_Body_WZ01_GongTing_R.prefab,,,,
16843,Effect/Prefabs/JueSe/WaiZhuang/M1_D_Body_WZ01_GongTing_R.prefab,,,,
16844,Effect/Prefabs/JueSe/WaiZhuang/F2_D_Body_WZ01_GongTing_R.prefab,,,,
16845,Effect/Prefabs/JueSe/WaiZhuang/Effect_beigua_dengju_tw.prefab,,,,
16846,Effect/Prefabs/JueSe/WaiZhuang/Effect_beigua_dengju_fenwei_ty.prefab,,,,
16847,Effect/Prefabs/JueSe/WaiZhuang/Effect_beigua_dengju_lizi_ty.prefab,,,,
16848,Effect/Prefabs/JueSe/WaiZhuang/Effect_beigua_dengju_dh_f2_m1_m2.prefab,,,,
16849,Effect/Prefabs/JueSe/WaiZhuang/Effect_beigua_dengju_dh_f1.prefab,,,,
16850,Player/Npcs/Prefabs/npcback025_f1yxdl.prefab,,,,
16851,Player/Npcs/Prefabs/npcback025_f2yxdl.prefab,,,,
16852,Player/Npcs/Prefabs/npcback025_m1yxdl.prefab,,,,
16853,Player/Npcs/Prefabs/npcback025_m2yxdl.prefab,,,,
16854,Effect/Prefabs/JueSe/WaiZhuang/effect_w039_dr_nan_jian.prefab,,,,
16855,Effect/Prefabs/JueSe/WaiZhuang/effect_w039_dr_nv_tuanshan.prefab,,,,
16856,Effect/Prefabs/JueSe/WaiZhuang/effect_w039_fenwei_dr_ty.prefab,,,,
16857,Effect/Prefabs/JueSe/WaiZhuang/effect_w039_lizi_nan.prefab,,,,
16858,Effect/Prefabs/JueSe/WaiZhuang/effect_w039_lizi_nv.prefab,,,,
16859,Effect/Prefabs/JueSe/WaiZhuang/effect_w039_dh_nv.prefab,,,,
16860,Effect/Prefabs/JueSe/WaiZhuang/effect_w039_dh_nan.prefab,,,,
16861,Effect/Prefabs/JueSe/WaiZhuang/effect_yanxi_M1_m2hd.prefab,,,,
16862,Effect/Prefabs/JueSe/WaiZhuang/Effect_ynxi_f2_hd.prefab,,,,
16863,Effect/Prefabs/JueSe/WaiZhuang/effect_yanxi_F1_hd.prefab,,,,
16864,Effect/Prefabs/JueSe/WaiZhuang/effect_w039_shuangren_shu.prefab,,,,
16865,Effect/Prefabs/JueSe/WaiZhuang/effect_w039_sr_nan_shu.prefab,,,,
16866,Effect/Prefabs/JueSe/WaiZhuang/effect_w039_sr_nan_san.prefab,,,,
16867,Effect/Prefabs/JueSe/WaiZhuang/effect_w039_fenwei_shuangren_ty.prefab,,,,
16868,Effect/Prefabs/JueSe/WaiZhuang/effect_w039_fenwei_suangren_zuoshu.prefab,,,,
16869,Effect/Prefabs/JueSe/WaiZhuang/effect_w039_fenwei_suangren_ty.prefab,,,,
16870,Effect/Prefabs/JueSe/WaiZhuang/effect_w039_shuangren_shu_b.prefab,,,,
16871,Effect/Prefabs/JueSe/WaiZhuang/F1_W035_Body_WZ01_huyao.prefab,,,,
16872,Effect/Prefabs/JueSe/WaiZhuang/F1_W035_Body_WZ01_huyao_CX.prefab,,,,
16873,Effect/Prefabs/JueSe/WaiZhuang/F1_W035_Body_WZ01_huyao_weiba.prefab,,,,
16874,Effect/Prefabs/JueSe/WaiZhuang/F1F2M1M2_W035_Body_WZ01_huyao_LR.prefab,,,,
16875,Effect/Prefabs/JueSe/WaiZhuang/F2_W035_Body_WZ01_huyao.prefab,,,,
16876,Effect/Prefabs/JueSe/WaiZhuang/F2_W035_Body_WZ01_huyao_weiba.prefab,,,,
16877,Effect/Prefabs/JueSe/WaiZhuang/F2M1_W035_Body_WZ01_huyao_CX.prefab,,,,
16878,Effect/Prefabs/JueSe/WaiZhuang/M1_W035_Body_WZ01_huyao.prefab,,,,
16879,Effect/Prefabs/JueSe/WaiZhuang/M1_W035_Body_WZ01_huyao_weiba.prefab,,,,
16880,Effect/Prefabs/JueSe/WaiZhuang/M2_W035_Body_WZ01_huyao.prefab,,,,
16881,Effect/Prefabs/JueSe/WaiZhuang/M2_W035_Body_WZ01_huyao_CX.prefab,,,,
16882,Effect/Prefabs/JueSe/WaiZhuang/M2_W035_Body_WZ01_huyao_weiba.prefab,,,,
16883,Effect/Prefabs/JueSe/WaiZhuang/F1_W035_Body_WZ01_huyao_weiba_b.prefab,,,,
16884,Effect/Prefabs/JueSe/WaiZhuang/F2_W035_Body_WZ01_huyao_weiba_b.prefab,,,,
16885,Effect/Prefabs/JueSe/WaiZhuang/M1_W035_Body_WZ01_huyao_weiba_b.prefab,,,,
16886,Effect/Prefabs/JueSe/WaiZhuang/M2_W035_Body_WZ01_huyao_weiba_b.prefab,,,,
16887,Effect/Prefabs/JueSe/WaiZhuang/F1_huyao_st01_weiba.prefab,,,,
16888,Effect/Prefabs/JueSe/WaiZhuang/F1_huyao_st01_weiba_b.prefab,,,,
16889,Effect/Prefabs/JueSe/WaiZhuang/F1_huyao_st01_Effect.prefab,,,,
16890,Effect/Prefabs/JueSe/WaiZhuang/F2_huyao_st01_weiba.prefab,,,,
16891,Effect/Prefabs/JueSe/WaiZhuang/F2_huyao_st01_weiba_b.prefab,,,,
16892,Effect/Prefabs/JueSe/WaiZhuang/F2_huyao_st01_Effect.prefab,,,,
16893,Effect/Prefabs/JueSe/WaiZhuang/M1_huyao_st01_weiba.prefab,,,,
16894,Effect/Prefabs/JueSe/WaiZhuang/M1_huyao_st01_weiba_b.prefab,,,,
16895,Effect/Prefabs/JueSe/WaiZhuang/M1_huyao_st01_Effect.prefab,,,,
16896,Effect/Prefabs/JueSe/WaiZhuang/M2_huyao_st01_weiba.prefab,,,,
16897,Effect/Prefabs/JueSe/WaiZhuang/M2_huyao_st01_weiba_b.prefab,,,,
16898,Effect/Prefabs/JueSe/WaiZhuang/M2_huyao_st01_Effect.prefab,,,,
16901,Effect/Prefabs/JueSe/emei_JX/emei_JX_AT_01.prefab,,,,
16902,Effect/Prefabs/JueSe/emei_JX/emei_JX_AT_02.prefab,,,,
16903,Effect/Prefabs/JueSe/emei_JX/emei_JX_AT_03.prefab,,,,
16904,Effect/Prefabs/JueSe/emei_JX/emei_JX_AT_04.prefab,,,,
16912,Effect/Prefabs/JueSe/DuanShi/DuanShi_JN_03_D1.prefab,,Effect/Prefabs/JueSe/emei/emei_C/JN_02_DD2_C.prefab,,
16916,Effect/Prefabs/JueSe/emei_JX/emei_JX_JN_04_G.prefab,,Effect/Prefabs/JueSe/emei_JX/emei_JX_C/emei_JX_JN_04_G_C.prefab,,
16917,Effect/Prefabs/JueSe/WaiZhuang/F1_W040_Body_WZ01_kongque.prefab,,,,
16918,Effect/Prefabs/JueSe/WaiZhuang/F1_W040_Body_WZ01_kongque_CX.prefab,,,,
16919,Effect/Prefabs/JueSe/WaiZhuang/F1F2M1M2_W040_Body_WZ01_kongque_LR.prefab,,,,
16921,Effect/Prefabs/JueSe/WaiZhuang/F2_W040_Body_WZ01_kongque.prefab,,,,
16922,Effect/Prefabs/JueSe/WaiZhuang/F2M1_W040_Body_WZ01_kongque_CX.prefab,,,,
16923,Effect/Prefabs/JueSe/WaiZhuang/M1_W040_Body_WZ01_kongque.prefab,,,,
16924,Effect/Prefabs/JueSe/WaiZhuang/M2_W040_Body_WZ01_kongque.prefab,,,,
16925,Effect/Prefabs/JueSe/WaiZhuang/M2_W040_Body_WZ01_kongque_CX.prefab,,,,
16926,Effect/Prefabs/JueSe/WaiZhuang/F1F2M2_W040_Body_WZ01_kongque_SR_shangqiuqian.prefab,,,,
16927,Effect/Prefabs/JueSe/WaiZhuang/F1F2M2_W040_Body_WZ01_kongque_SR_CX.prefab,,,,
16928,Effect/Prefabs/JueSe/WaiZhuang/F1F2M2_W040_Body_WZ01_kongque_SR_dangqiuqian.prefab,,,,
16930,Effect/Prefabs/JueSe/WaiZhuang/F1_W041_Body_jiuselu_lizi.prefab,,,,
16931,Effect/Prefabs/JueSe/WaiZhuang/F1F2_W041_Body_jiuselu_trail_gu.prefab,,,,
16932,Effect/Prefabs/JueSe/WaiZhuang/F1F2M1M2_W041_Body_jiuselu_cx.prefab,,,,
16933,Effect/Prefabs/JueSe/WaiZhuang/F1F2M1M2_W041_Body_jiuselu_trail_R.prefab,,,,
16935,Effect/Prefabs/JueSe/WaiZhuang/F2_W041_Body_jiuselu_lizi.prefab,,,,
16937,Effect/Prefabs/JueSe/WaiZhuang/M1_W041_Body_jiuselu_lizi.prefab,,,,
16938,Effect/Prefabs/JueSe/WaiZhuang/M1M2_W041_Body_jiuselu_trail_gu.prefab,,,,
16940,Effect/Prefabs/JueSe/WaiZhuang/M2_W041_Body_jiuselu_lizi.prefab,,,,
16941,Effect/Prefabs/JueSe/WaiZhuang/F2_W041_Body_pifeng_st01.prefab,,,,
16942,Effect/Prefabs/JueSe/WaiZhuang/M2_W041_Body_pifeng_st.prefab,,,,
16943,Effect/Prefabs/JueSe/WaiZhuang/M2_W041_Body_pifeng_st01.prefab,,,,
16944,Effect/Prefabs/JueSe/WaiZhuang/M1_W041_Body_pifeng_dance.prefab,,,,
16945,Effect/Prefabs/JueSe/WaiZhuang/M2_W041_Body_pifeng_dance.prefab,,,,
16946,Effect/Prefabs/JueSe/WaiZhuang/F1_W041_Body_pifeng_st.prefab,,,,
16947,Effect/Prefabs/JueSe/WaiZhuang/F1_W041_Body_pifeng_st01.prefab,,,,
16948,Effect/Prefabs/JueSe/WaiZhuang/M1_W041_Body_pifeng_st.prefab,,,,
16949,Effect/Prefabs/JueSe/WaiZhuang/M1_W041_Body_pifeng_st01.prefab,,,,
16950,Effect/Prefabs/JueSe/WaiZhuang/F1_W041_Body_pifeng_dance.prefab,,,,
16951,Effect/Prefabs/JueSe/WaiZhuang/F2_W041_Body_pifeng_dance.prefab,,,,
16952,Effect/Prefabs/JueSe/WaiZhuang/F2_W041_Body_pifeng_st.prefab,,,,
16953,Effect/Prefabs/JueSe/WaiZhuang/F1_W043_Body_WZ01_xingyue.prefab,,,,
16954,Effect/Prefabs/JueSe/WaiZhuang/F1_W043_Body_WZ01_xingyue_chibang.prefab,,,,
16955,Effect/Prefabs/JueSe/WaiZhuang/F1_W043_Body_WZ01_xingyue_CX.prefab,,,,
16956,Effect/Prefabs/JueSe/WaiZhuang/F1_W043_Body_WZ01_xingyue_SR_chibang.prefab,,,,
16957,Effect/Prefabs/JueSe/WaiZhuang/F1F2_W043_Body_WZ01_xingyue_LR.prefab,,,,
16958,Effect/Prefabs/JueSe/WaiZhuang/F1F2M1M2_W043_Body_WZ01_xingyue_SR_CX.prefab,,,,
16959,Effect/Prefabs/JueSe/WaiZhuang/F1M1M2_W043_Body_WZ01_xingyue_SR.prefab,,,,
16960,Effect/Prefabs/JueSe/WaiZhuang/F2_W043_Body_WZ01_xingyue.prefab,,,,
16961,Effect/Prefabs/JueSe/WaiZhuang/F2_W043_Body_WZ01_xingyue_chibang.prefab,,,,
16962,Effect/Prefabs/JueSe/WaiZhuang/F2_W043_Body_WZ01_xingyue_CX.prefab,,,,
16963,Effect/Prefabs/JueSe/WaiZhuang/F2_W043_Body_WZ01_xingyue_SR_chibang.prefab,,,,
16964,Effect/Prefabs/JueSe/WaiZhuang/F2M1M2_W043_Body_WZ01_xingyue_SR.prefab,,,,
16965,Effect/Prefabs/JueSe/WaiZhuang/M1_W043_Body_WZ01_xingyue.prefab,,,,
16966,Effect/Prefabs/JueSe/WaiZhuang/M1_W043_Body_WZ01_xingyue_chibang.prefab,,,,
16967,Effect/Prefabs/JueSe/WaiZhuang/M1_W043_Body_WZ01_xingyue_CX.prefab,,,,
16968,Effect/Prefabs/JueSe/WaiZhuang/M1_W043_Body_WZ01_xingyue_SR_chibang.prefab,,,,
16969,Effect/Prefabs/JueSe/WaiZhuang/M1M2_W043_Body_WZ01_xingyue_LR.prefab,,,,
16970,Effect/Prefabs/JueSe/WaiZhuang/M1M2F1F2_W043_Body_WZ01_xingyue_SR_LR.prefab,,,,
16971,Effect/Prefabs/JueSe/WaiZhuang/M2_W043_Body_WZ01_xingyue.prefab,,,,
16972,Effect/Prefabs/JueSe/WaiZhuang/M2_W043_Body_WZ01_xingyue_chibang.prefab,,,,
16973,Effect/Prefabs/JueSe/WaiZhuang/M2_W043_Body_WZ01_xingyue_CX.prefab,,,,
16974,Effect/Prefabs/JueSe/WaiZhuang/M2_W043_Body_WZ01_xingyue_SR_chibang.prefab,,,,
16975,Effect/Prefabs/JueSe/other1/Effect_npcback029_M1M2_zc.prefab,,,,
16976,Effect/Prefabs/JueSe/other1/Effect_npcback029_M1M2_hx.prefab,,,,
16977,Effect/Prefabs/JueSe/WaiZhuang/F1_W044_Body_WZ01_huoyan.prefab,,,,
16978,Effect/Prefabs/JueSe/WaiZhuang/F2_W044_Body_WZ01_huoyan.prefab,,,,
16979,Effect/Prefabs/JueSe/WaiZhuang/M1_W044_Body_WZ01_huoyan.prefab,,,,
16980,Effect/Prefabs/JueSe/WaiZhuang/M2_W044_Body_WZ01_huoyan.prefab,,,,
16981,Effect/Prefabs/JueSe/WaiZhuang/F1_W044_Body_WZ01_huoyan_CX.prefab,,,,
16982,Effect/Prefabs/JueSe/WaiZhuang/F2M1_W044_Body_WZ01_huoyan_CX.prefab,,,,
16983,Effect/Prefabs/JueSe/WaiZhuang/M2_W044_Body_WZ01_huoyan_CX.prefab,,,,
16984,Effect/Prefabs/JueSe/WaiZhuang/M1M2_W044_Body_WZ01_huoyan_R.prefab,,,,
16985,Effect/Prefabs/JueSe/WaiZhuang/M1M2_W044_Body_WZ01_huoyan_L.prefab,,,,
16986,Effect/Prefabs/JueSe/WaiZhuang/F1F2_W044_Body_WZ01_huoyan_LR.prefab,,,,
16987,Effect/Prefabs/JueSe/WaiZhuang/M2_W046_Body_WZ01_MuDan_CX.prefab,,,,
16988,Effect/Prefabs/JueSe/WaiZhuang/F2M1_W046_Body_WZ01_MuDan_CX.prefab,,,,
16989,Effect/Prefabs/JueSe/WaiZhuang/F1_W046_Body_WZ01_MuDan_CX.prefab,,,,
16990,Effect/Prefabs/JueSe/WaiZhuang/M1_W046_Body_WZ01_MuDan.prefab,,,,
16991,Effect/Prefabs/JueSe/WaiZhuang/M2_W046_Body_WZ01_MuDan.prefab,,,,
16992,Effect/Prefabs/JueSe/WaiZhuang/F1_W046_Body_WZ01_MuDan.prefab,,,,
16993,Effect/Prefabs/JueSe/WaiZhuang/F2_W046_Body_WZ01_MuDan.prefab,,,,
16994,Effect/Prefabs/JueSe/WaiZhuang/M1M2_W046_Body_WZ01_MuDan_L.prefab,,,,
16995,Effect/Prefabs/JueSe/WaiZhuang/F1_W046_Body_WZ01_MuDan_L.prefab,,,,
16996,Effect/Prefabs/JueSe/WaiZhuang/F2_W046_Body_WZ01_MuDan_L.prefab,,,,
16997,Effect/Prefabs/JueSe/WaiZhuang/M1M2_W046_Body_WZ01_MuDan_R.prefab,,,,
16998,Effect/Prefabs/JueSe/WaiZhuang/F1_W046_Body_WZ01_MuDan_R.prefab,,,,
16999,Effect/Prefabs/JueSe/WaiZhuang/F2_W046_Body_WZ01_MuDan_R.prefab,,,,
17000,Effect/Prefabs/JueSe/WaiZhuang/M2_W047_Body_WZ01_ZiRan_CX.prefab,,,,
17001,Effect/Prefabs/JueSe/WaiZhuang/M2_W047_Body_WZ01_ZiRan.prefab,,,,
17002,Effect/Prefabs/JueSe/WaiZhuang/M1_W047_Body_WZ01_ZiRan.prefab,,,,
17003,Effect/Prefabs/JueSe/WaiZhuang/F2M1M2_W047_Body_WZ01_ZiRan_SR.prefab,,,,
17004,Effect/Prefabs/JueSe/WaiZhuang/F2M1_W047_Body_WZ01_ZiRan_CX.prefab,,,,
17005,Effect/Prefabs/JueSe/WaiZhuang/F2_W047_Body_WZ01_ZiRan.prefab,,,,
17006,Effect/Prefabs/JueSe/WaiZhuang/F1M1M2_W047_Body_WZ01_ZiRan_SR.prefab,,,,
17007,Effect/Prefabs/JueSe/WaiZhuang/F1F2M1M2_W047_Body_WZ01_ZiRan_LR.prefab,,,,
17008,Effect/Prefabs/JueSe/WaiZhuang/F1_W047_Body_WZ01_ZiRan_CX.prefab,,,,
17009,Effect/Prefabs/JueSe/WaiZhuang/F1_W047_Body_WZ01_ZiRan.prefab,,,,
17010,Effect/Prefabs/JueSe/WaiZhuang/F1F2M1M2_W047_Body_WZ01_ZiRan_SR_DaiJi.prefab,,,,
17022,Effect/Prefabs/JueSe/ShenJi/jn03_kuilei_chixu.prefab,,Effect/Prefabs/JueSe/xiaoyao/xiaoyao_c/JN_Bd07_Buff_C.prefab,,
17030,Effect/Prefabs/JueSe/NPC/Fuben/BOSS_111-120/BOSS_111_at_03.prefab,,Effect/Prefabs/JueSe/xiaoyao/xiaoyao_c/JN_02_MJ_C.prefab,,
17101,Effect/Prefabs/JueSe/Huimeng/Hm_at_01_fz_m.prefab,,,,
17102,Effect/Prefabs/JueSe/Huimeng/Hm_at_02_fz_m.prefab,,,,
17103,Effect/Prefabs/JueSe/Huimeng/Hm_at_03_fz_m.prefab,,,,
17104,Effect/Prefabs/JueSe/Huimeng/Hm_at_04_fz_m.prefab,,,,
17106,Effect/Prefabs/JueSe/Huimeng/Hm_JN_01_fz_m.prefab,,,,
17108,Effect/Prefabs/JueSe/Huimeng/Hm_JN_02_fz_m.prefab,,,,
17109,Effect/Prefabs/JueSe/Huimeng/Hm_JN_03_fz.prefab,Effect/Prefabs/JueSe/JueSe_JianBan/huimeng/Hm_JN_03_fz_J.prefab,,,
17112,Effect/Prefabs/JueSe/Huimeng/Hm_JN_04_fz_m.prefab,,,,
17121,Effect/Prefabs/JueSe/Huimeng/HuiMeng_JN_NQ_01.prefab,,,,
17138,Effect/Prefabs/HuoDong/Blood_3.prefab,,,,
17139,Effect/Prefabs/HuoDong/Blood_2.prefab,,,,
17140,Effect/Prefabs/HuoDong/Blood_1.prefab,,,,
17141,Effect/Prefabs/HuoDong/Effect_XuanBing_HuDun.prefab,,,,
17200,Effect/Prefabs/JueSe/WaiZhuang/F1_LR.prefab,,,,
17201,Effect/Prefabs/JueSe/WaiZhuang/F2_LR.prefab,,,,
17202,Effect/Prefabs/JueSe/WaiZhuang/effect_scx_yn_M1_dh.prefab,,,,
17203,Effect/Prefabs/JueSe/WaiZhuang/effect_scx_yn_M1_fw.prefab,,,,
17204,Effect/Prefabs/JueSe/WaiZhuang/effect_scx_yn_M1_lizi.prefab,,,,
17205,Effect/Prefabs/JueSe/WaiZhuang/effect_scx_yn_M2_fw.prefab,,,,
17206,Effect/Prefabs/JueSe/WaiZhuang/effect_scx_yn_M2_hd.prefab,,,,
17207,Effect/Prefabs/JueSe/WaiZhuang/effect_scx_yn_M2_lizi.prefab,,,,
17208,Effect/Prefabs/JueSe/WaiZhuang/effect_yhy_yn_F1_dh.prefab,,,,
17209,Effect/Prefabs/JueSe/WaiZhuang/effect_yhy_yn_F1_fw.prefab,,,,
17210,Effect/Prefabs/JueSe/WaiZhuang/effect_yhy_yn_F1_lizi.prefab,,,,
17211,Effect/Prefabs/JueSe/WaiZhuang/effect_yhy_yn_F2_dh.prefab,,,,
17212,Effect/Prefabs/JueSe/WaiZhuang/effect_yhy_yn_F2_fw.prefab,,,,
17213,Effect/Prefabs/JueSe/WaiZhuang/effect_yhy_yn_F2_lizi.prefab,,,,
17214,Effect/Prefabs/JueSe/WaiZhuang/effect_yn_scx_trail_R_hand.prefab,,,,
17229,Effect/Prefabs/HuoDong/Effect_bx_toudin.prefab,,,,
17230,Effect/Prefabs/JueSe/WaiZhuang/effect_w004_fenwei_yn_ty.prefab,,,,
17231,Effect/Prefabs/JueSe/WaiZhuang/effect_w004_lizi_yn_nan.prefab,,,,
17232,Effect/Prefabs/JueSe/WaiZhuang/effect_w004_lizi_yn_nv.prefab,,,,
17233,Effect/Prefabs/JueSe/WaiZhuang/effect_w004_tw_yn_nan_ty.prefab,,,,
17234,Effect/Prefabs/JueSe/WaiZhuang/effect_w004_tw_yn_nv.prefab,,,,
17235,Effect/Prefabs/JueSe/WaiZhuang/effect_w004_yn_dh.prefab,,,,
17236,Effect/Prefabs/JueSe/WaiZhuang/effect_w004_yn_n_dh.prefab,,,,
17237,Effect/Prefabs/JueSe/WaiZhuang/F1_W050_Body_WZ01_KaiJia.prefab,,,,
17238,Effect/Prefabs/JueSe/WaiZhuang/F1_W050_Body_WZ01_KaiJia_CX.prefab,,,,
17239,Effect/Prefabs/JueSe/WaiZhuang/F1_W050_Body_WZ01_KaiJia_L.prefab,,,,
17240,Effect/Prefabs/JueSe/WaiZhuang/F1_W050_Body_WZ01_KaiJia_R.prefab,,,,
17241,Effect/Prefabs/JueSe/WaiZhuang/F2_W050_Body_WZ01_KaiJia.prefab,,,,
17242,Effect/Prefabs/JueSe/WaiZhuang/F2_W050_Body_WZ01_KaiJia_L.prefab,,,,
17243,Effect/Prefabs/JueSe/WaiZhuang/F2_W050_Body_WZ01_KaiJia_R.prefab,,,,
17244,Effect/Prefabs/JueSe/WaiZhuang/M1M2_W050_Body_WZ01_KaiJia.prefab,,,,
17245,Effect/Prefabs/JueSe/WaiZhuang/M1M2_W050_Body_WZ01_KaiJia_L.prefab,,,,
17246,Effect/Prefabs/JueSe/WaiZhuang/M1M2_W050_Body_WZ01_KaiJia_R.prefab,,,,
17247,Effect/Prefabs/JueSe/WaiZhuang/F2M1M2_W050_Body_WZ01_KaiJia_CX.prefab,,,,
18001,Effect/Prefabs/JueSe/TianXin/TianXin_AT_01_SF.prefab,Effect/Prefabs/JueSe/JueSe_JianBan/TianXin/TianXin_AT_01_SF_J.prefab,,,
18002,Effect/Prefabs/JueSe/TianXin/TianXin_AT_02_SF.prefab,Effect/Prefabs/JueSe/JueSe_JianBan/TianXin/TianXin_AT_02_SF_J.prefab,,,
18003,Effect/Prefabs/JueSe/TianXin/TianXin_AT_03_SF.prefab,Effect/Prefabs/JueSe/JueSe_JianBan/TianXin/TianXin_AT_03_SF_J.prefab,,,
18004,Effect/Prefabs/JueSe/TianXin/TianXin_AT_04_SF.prefab,Effect/Prefabs/JueSe/JueSe_JianBan/TianXin/TianXin_AT_04_SF_J.prefab,,,
18005,Effect/Prefabs/JueSe/TianXin/TianXin_AT_01_ZD.prefab,Effect/Prefabs/JueSe/JueSe_JianBan/TianXin/TianXin_AT_01_ZD_J.prefab,,,
18006,Effect/Prefabs/JueSe/TianXin/TianXin_AT_02_ZD.prefab,Effect/Prefabs/JueSe/JueSe_JianBan/TianXin/TianXin_AT_02_ZD_J.prefab,,,
18007,Effect/Prefabs/JueSe/TianXin/TianXin_AT_03_ZD.prefab,,,,
18008,Effect/Prefabs/JueSe/TianXin/TianXin_AT_04_ZD.prefab,,,,
18009,Effect/Prefabs/JueSe/TianXin/TianXin_JN_01_SF.prefab,Effect/Prefabs/JueSe/JueSe_JianBan/TianXin/TianXin_JN_01_SF_J.prefab,,,
18010,Effect/Prefabs/JueSe/TianXin/TianXin_JN_02_BD.prefab,Effect/Prefabs/JueSe/JueSe_JianBan/TianXin/TianXin_JN_02_BD_J.prefab,,,
18011,Effect/Prefabs/JueSe/TianXin/TianXin_JN_03_BUFF.prefab,Effect/Prefabs/JueSe/JueSe_JianBan/TianXin/TianXin_JN_03_Buff_J.prefab,,,
18012,Effect/Prefabs/JueSe/TianXin/TianXin_JN_03_HD.prefab,Effect/Prefabs/JueSe/JueSe_JianBan/TianXin/TianXin_JN_03_HD_J.prefab,,,
18013,Effect/Prefabs/JueSe/TianXin/TianXin_JN_04_SF_XiaoShi.prefab,Effect/Prefabs/JueSe/JueSe_JianBan/TianXin/TianXin_JN_04_SF_XiaoShi_J.prefab,,,
18014,Effect/Prefabs/JueSe/TianXin/TianXin_JN_04_SF_ChiXu.prefab,Effect/Prefabs/JueSe/JueSe_JianBan/TianXin/TianXin_JN_04_SF_ChiXu_J.prefab,,,
18015,Effect/Prefabs/JueSe/TianXin/TianXin_JN_04_SF_ChuXian.prefab,Effect/Prefabs/JueSe/JueSe_JianBan/TianXin/TianXin_JN_04_SF_ChuXian_J.prefab,,,
18016,Effect/Prefabs/JueSe/TianXin/TianXin_beidong_1.prefab,,,,
18017,Effect/Prefabs/JueSe/TianXin/TianXin_beidong_2.prefab,,,,
18018,Effect/Prefabs/JueSe/TianXin/TianXin_beidong_3.prefab,,,,
18019,Effect/Prefabs/JueSe/TianXin/TianXin_beidong_4.prefab,,,,
18020,Effect/Prefabs/JueSe/TianXin/TianXin_NQ.prefab,,,,
18021,Effect/Prefabs/JueSe/ZhanLie/ZhanLie_AT_01.prefab,Effect/Prefabs/JueSe/JueSe_JianBan/ZhanLie/ZhanLie_AT_01_J.prefab,,,
18022,Effect/Prefabs/JueSe/ZhanLie/ZhanLie_AT_02.prefab,Effect/Prefabs/JueSe/JueSe_JianBan/ZhanLie/ZhanLie_AT_02_J.prefab,,,
18023,Effect/Prefabs/JueSe/ZhanLie/ZhanLie_AT_03.prefab,Effect/Prefabs/JueSe/JueSe_JianBan/ZhanLie/ZhanLie_AT_03_J.prefab,,,
18024,Effect/Prefabs/JueSe/ZhanLie/ZhanLie_AT_04.prefab,Effect/Prefabs/JueSe/JueSe_JianBan/ZhanLie/ZhanLie_AT_04_J.prefab,,,
18025,Effect/Prefabs/JueSe/ZhanLie/ZhanLie_JN_01.prefab,Effect/Prefabs/JueSe/JueSe_JianBan/ZhanLie/ZhanLie_JN_01_J.prefab,,,
18026,Effect/Prefabs/JueSe/ZhanLie/ZhanLie_JN_02.prefab,Effect/Prefabs/JueSe/JueSe_JianBan/ZhanLie/ZhanLie_JN_02_J.prefab,,,
18027,Effect/Prefabs/JueSe/ZhanLie/ZhanLie_JN_03.prefab,Effect/Prefabs/JueSe/JueSe_JianBan/ZhanLie/ZhanLie_JN_03_J.prefab,,,
18028,Effect/Prefabs/JueSe/ZhanLie/ZhanLie_JN_03_Buff.prefab,Effect/Prefabs/JueSe/JueSe_JianBan/ZhanLie/ZhanLie_JN_03_Buff_J.prefab,,,
18029,Effect/Prefabs/JueSe/ZhanLie/ZhanLie_JN_04_SF.prefab,Effect/Prefabs/JueSe/JueSe_JianBan/ZhanLie/ZhanLie_JN_04_SF_J.prefab,,,
18030,Effect/Prefabs/JueSe/ZhanLie/ZhanLie_JN_04_Buff.prefab,Effect/Prefabs/JueSe/JueSe_JianBan/ZhanLie/ZhanLie_JN_04_Buff_J.prefab,,,
18031,Effect/Prefabs/JueSe/ZhanLie/ZhanLie_JN_05.prefab,,,,
18032,UI/Prefabs/Effect/SpecialTitle/DressTitle290_Effect.prefab,,,,
18033,UI/Prefabs/Effect/SpecialTitle/DressTitle291_Effect.prefab,,,,
18034,Effect/Prefabs/HuoDong/Effect_SaiJi_tsbuff_lan.prefab,,,,
18035,Effect/Prefabs/HuoDong/Effect_SaiJi_tsbuff_zi.prefab,,,,
18036,Effect/Prefabs/HuoDong/Effect_SaiJi_tsbuff_cheng.prefab,,,,
18037,Effect/Prefabs/JueSe/GuHong/GuHong_AT_01.prefab,Effect/Prefabs/JueSe/JueSe_JianBan/GuHong/GuHong_AT_01_J.prefab,,,
18038,Effect/Prefabs/JueSe/GuHong/GuHong_AT_02.prefab,Effect/Prefabs/JueSe/JueSe_JianBan/GuHong/GuHong_AT_02_J.prefab,,,
18039,Effect/Prefabs/JueSe/GuHong/GuHong_AT_03.prefab,Effect/Prefabs/JueSe/JueSe_JianBan/GuHong/GuHong_AT_03_J.prefab,,,
18040,Effect/Prefabs/JueSe/GuHong/GuHong_AT_04.prefab,Effect/Prefabs/JueSe/JueSe_JianBan/GuHong/GuHong_AT_04_J.prefab,,,
18041,Effect/Prefabs/JueSe/GuHong/GuHong_BD_01.prefab,Effect/Prefabs/JueSe/JueSe_JianBan/GuHong/GuHong_BD_01_J.prefab,,,
18042,Effect/Prefabs/JueSe/GuHong/GuHong_JN_01_1.prefab,Effect/Prefabs/JueSe/JueSe_JianBan/GuHong/GuHong_JN_01_1_J.prefab,,,
18043,Effect/Prefabs/JueSe/GuHong/GuHong_JN_01_2.prefab,Effect/Prefabs/JueSe/JueSe_JianBan/GuHong/GuHong_JN_01_2_J.prefab,,,
18044,Effect/Prefabs/JueSe/GuHong/GuHong_JN_01_2_BJ.prefab,Effect/Prefabs/JueSe/JueSe_JianBan/GuHong/GuHong_JN_01_2_BJ_J.prefab,,,
18045,Effect/Prefabs/JueSe/GuHong/GuHong_JN_01_buff_1.prefab,Effect/Prefabs/JueSe/JueSe_JianBan/GuHong/GuHong_JN_01_buff_1_J.prefab,,,
18046,Effect/Prefabs/JueSe/GuHong/GuHong_JN_01_buff_2.prefab,Effect/Prefabs/JueSe/JueSe_JianBan/GuHong/GuHong_JN_01_buff_2_J.prefab,,,
18047,Effect/Prefabs/JueSe/GuHong/GuHong_JN_02.prefab,Effect/Prefabs/JueSe/JueSe_JianBan/GuHong/GuHong_JN_02_J.prefab,,,
18048,Effect/Prefabs/JueSe/GuHong/GuHong_JN_02_HuDun.prefab,Effect/Prefabs/JueSe/JueSe_JianBan/GuHong/GuHong_JN_02_HuDun_J.prefab,,,
18049,Effect/Prefabs/JueSe/GuHong/GuHong_JN_03.prefab,Effect/Prefabs/JueSe/JueSe_JianBan/GuHong/GuHong_JN_03_J.prefab,,,
18050,Effect/Prefabs/JueSe/GuHong/GuHong_JN_03_buff.prefab,Effect/Prefabs/JueSe/JueSe_JianBan/GuHong/GuHong_JN_03_buff_J.prefab,,,
18051,Effect/Prefabs/JueSe/GuHong/GuHong_JN_03_SF.prefab,Effect/Prefabs/JueSe/JueSe_JianBan/GuHong/GuHong_JN_03_SF_J.prefab,,,
18052,Effect/Prefabs/JueSe/GuHong/GuHong_JN_04.prefab,Effect/Prefabs/JueSe/JueSe_JianBan/GuHong/GuHong_JN_04_J.prefab,,,
18053,Effect/Prefabs/JueSe/GuHong/GuHong_JN_05.prefab,,,,
18054,Effect/Prefabs/JueSe/GuHong/GuHong_BJ_01.prefab,Effect/Prefabs/JueSe/JueSe_JianBan/GuHong/GuHong_BJ_01_J.prefab,,,
18055,Effect/Prefabs/JueSe/JiangHuQiJi/Effect_JSTY_8801.prefab,,,,Huyền Khung Ngự Cửu Uyên 
18056,Effect/Prefabs/JueSe/JiangHuQiJi/Effect_JSTY_8803.prefab,,,,Thanh Loan Niết Hàn Ca
18057,Effect/Prefabs/JueSe/JiangHuQiJi/Effect_JSTY_8807.prefab,,,,Thái Hư Địch Trần Quang
18058,Effect/Prefabs/JueSe/JiangHuQiJi/Effect_JSTY_8807_shouji.prefab,,,,
18059,Effect/Prefabs/JueSe/JiangHuQiJi/Effect_JSTY_8808.prefab,,,,Thiên La Sách Mệnh Kiếp
18060,Effect/Prefabs/JueSe/JiangHuQiJi/Effect_JSTY_8809.prefab,,,,Nghiệp Hỏa Phần Tâm Ngục
18061,Effect/Prefabs/JueSe/JiangHuQiJi/Effect_JSTY_8810.prefab,,,,Cửu U Phệ Hồn Chú
18062,Effect/Prefabs/JueSe/JiangHuQiJi/Effect_JSTY_8810_shouji.prefab,,,,
18063,Effect/Prefabs/JueSe/JiangHuQiJi/Effect_JSTY_8801_shifa.prefab,,,,
18064,Effect/Prefabs/JueSe/JiangHuQiJi/Effect_JSTY_8803_shifa.prefab,,,,
18065,Effect/Prefabs/JueSe/JiangHuQiJi/Effect_JSTY_8808_shifa.prefab,,,,
18066,Effect/Prefabs/JueSe/JiangHuQiJi/Effect_JSTY_8809_shifa.prefab,,,,
18067,Effect/Prefabs/JueSe/JiangHuQiJi/Effect_JHQJ_TW.prefab,,,,Nhật Nguyệt Sơn Hà Toái
18068,Effect/Prefabs/JueSe/JiangHuQiJi/Effect_JHQJ_EM.prefab,,,,Băng Phách Hồng Liên Kiếp
18069,Effect/Prefabs/JueSe/JiangHuQiJi/Effect_JHQJ_TH.prefab,,,,Lạc Hoa Phần Tinh Viêm 
18070,Effect/Prefabs/JueSe/JiangHuQiJi/Effect_JHQJ_XY.prefab,,,,Hoàn Vũ Tiêu Dao Du
18071,Effect/Prefabs/JueSe/JiangHuQiJi/Effect_JHQJ_WD01.prefab,,,,Vạn Kiếm Phong Thiên Quyết 
18072,Effect/Prefabs/JueSe/JiangHuQiJi/Effect_JHQJ_TR.prefab,,,,Thiên Ma Ảnh Ảo Sát
18073,Effect/Prefabs/JueSe/JiangHuQiJi/Effect_JHQJ_SL.prefab,,,,Như Ảnh Tùy Hình Diệt
18074,Effect/Prefabs/JueSe/JiangHuQiJi/Effect_JHQJ_CY.prefab,,,,Sương Thiên Bách Hoa Tán
18075,Effect/Prefabs/JueSe/JiangHuQiJi/Effect_JHQJ_TM.prefab,,,,Thiên Cơ Khổng Tước Linh
18076,Effect/Prefabs/JueSe/JiangHuQiJi/Effect_JHQJ_KL.prefab,,,,Côn Hư Trụy Vô Phong
18077,Effect/Prefabs/JueSe/JiangHuQiJi/Effect_JHQJ_GB.prefab,,,,Giáng Long Thập Bát Chưởng
18078,Effect/Prefabs/JueSe/JiangHuQiJi/Effect_JHQJ_WD02.prefab,,,,Ngũ Thánh Phệ Tâm Cổ
18079,Effect/Prefabs/JueSe/JiangHuQiJi/Effect_JHQJ_CJ.prefab,,,,Vân Phi Ngọc Hoàng Trảm
18080,Effect/Prefabs/JueSe/JiangHuQiJi/Effect_JHQJ_CG.prefab,,,,Nghê Thường Vũ Y Khúc 
18081,Effect/Prefabs/JueSe/JiangHuQiJi/Effect_JHQJ_TS.prefab,,,,Thiên Âm Trấn Hồn Khúc
18082,Effect/Prefabs/JueSe/JiangHuQiJi/Effect_JHQJ_BD.prefab,,,,Thiên Phong Đoạn Nhạc Trảm 
18083,Effect/Prefabs/JueSe/JiangHuQiJi/Effect_JHQJ_HS.prefab,,,,Thái Nhạc Tam Thanh Phong
18084,Effect/Prefabs/JueSe/JiangHuQiJi/Effect_JHQJ_MJ.prefab,,,,Tịnh Thế Phá Ma Kích
18085,Effect/Prefabs/JueSe/JiangHuQiJi/Effect_JHQJ_DS.prefab,,,,Hãn Hải Bách Trượng Băng
18086,Effect/Prefabs/JueSe/JiangHuQiJi/Effect_JHQJ_WH.prefab,,,,Chấp Bút Họa Giang Sơn
18087,Effect/Prefabs/JueSe/JiangHuQiJi/Effect_JHQJ_YM.prefab,,,,Bích Nguyệt Phi Tinh Kích
18088,Effect/Prefabs/JueSe/JiangHuQiJi/Effect_JHQJ_LQ.prefab,,,,Liệt Diệm Phá Không Trảm
18089,Effect/Prefabs/JueSe/JiangHuQiJi/Effect_JHQJ_SJ.prefab,,,,Kinh Hồng Cao Thiên Kích
18090,Effect/Prefabs/JueSe/JiangHuQiJi/Effect_JHQJ_XS.prefab,,,,Thương Minh Ngưng Thế Kiếp
18091,Effect/Prefabs/JueSe/JiangHuQiJi/Effect_JHQJ_CX.prefab,,,,Vạn Linh Trụy Tinh Lan 
18092,Effect/Prefabs/JueSe/JiangHuQiJi/Effect_JHQJ_WW.prefab,,,,Thiên Chướng Băng Long Liệt
18093,Effect/Prefabs/JueSe/JiangHuQiJi/Effect_JHQJ_HM.prefab,,,,Vạn Linh Lâm Mộng Yểm
18094,Effect/Prefabs/JueSe/JiangHuQiJi/Effect_JHQJ_TX.prefab,,,,Cửu Tiêu Thần Phạt Dẫn 
18095,Effect/Prefabs/JueSe/JiangHuQiJi/Effect_JHQJ_ZL.prefab,,,,Phần Thế Tần Bát Hoang
18096,Effect/Prefabs/JueSe/JiangHuQiJi/Effect_JHQJ_GH.prefab,,,,Kinh Hồng Du Long Trảm 
18097,Effect/Prefabs/JueSe/JiangHuQiJi/Effect_JSTY_8801_AOE.prefab,,,,
18098,Effect/Prefabs/JueSe/JiangHuQiJi/Effect_JSTY_8803_AOE.prefab,,,,
18099,Effect/Prefabs/JueSe/JiangHuQiJi/Effect_JSTY_8808_AOE.prefab,,,,
18100,Effect/Prefabs/JueSe/JiangHuQiJi/Effect_JSTY_8809_AOE.prefab,,,,
23359,Effect/Prefabs/JueSe/NPC/Fuben/partner/hd_snowball_b.prefab,,,,
23360,Effect/Prefabs/JueSe/NPC/Fuben/partner/hd_snowball_gold_b.prefab,,,,
23361,Effect/Prefabs/JueSe/NPC/Fuben/partner/hd_snowball_wood_b.prefab,,,,
23362,Effect/Prefabs/JueSe/NPC/Fuben/partner/hd_snowball_water_b.prefab,,,,
23363,Effect/Prefabs/JueSe/NPC/Fuben/partner/hd_snowball_fire_b.prefab,,,,
23364,Effect/Prefabs/JueSe/NPC/Fuben/partner/hd_snowball_earth_b.prefab,,,,
23365,Effect/Prefabs/JueSe/NPC/Fuben/partner/hd_snowball_all_b.prefab,,,,
23687,Effect/Prefabs/JueSe/NPC/Fuben/BOSS_031-050/boss033_at_02_D.prefab,,,,
24001,Effect/Prefabs/JueSe/TangMen/TangMen_at_D_01.prefab,,Effect/Prefabs/JueSe/TangMen/TangMen_JX/TangMen_at_D_01_jx_c.prefab,,
24002,Effect/Prefabs/JueSe/TangMen/TangMen_at_D_02.prefab,,Effect/Prefabs/JueSe/TangMen/TangMen_JX/TangMen_at_D_02_jx_c.prefab,,
24003,Effect/Prefabs/JueSe/TangMen/TangMen_at_D_03.prefab,,Effect/Prefabs/JueSe/TangMen/TangMen_JX/TangMen_at_D_03_jx_c.prefab,,
24004,Effect/Prefabs/JueSe/TangMen/TangMen_at_D_04.prefab,,Effect/Prefabs/JueSe/TangMen/TangMen_JX/TangMen_at_D_04_jx_c.prefab,,
24006,Effect/Prefabs/JueSe/TangMen/TangMen_JN_01_BUFF_01.prefab,Effect/Prefabs/JueSe/JueSe_JianBan/TangMen/TangMen_JN_01_BUFF_01_J.prefab,Effect/Prefabs/JueSe/TangMen/TangMen_JX/TangMen_JN_01_BUFF_01_c.prefab,,
24007,Effect/Prefabs/JueSe/TangMen/TangMen_JN_01_BUFF_02.prefab,Effect/Prefabs/JueSe/JueSe_JianBan/TangMen/TangMen_JN_01_BUFF_02_J.prefab,Effect/Prefabs/JueSe/TangMen/TangMen_JX/TangMen_JN_01_BUFF_02_c.prefab,,
24008,Effect/Prefabs/JueSe/TangMen/TangMen_JN_02_BUFF_01.prefab,Effect/Prefabs/JueSe/JueSe_JianBan/TangMen/TangMen_JN_02_BUFF_01_J.prefab,Effect/Prefabs/JueSe/TangMen/TangMen_JX/TangMen_JX_JN_01_BUFF.prefab,,
24009,Effect/Prefabs/JueSe/TangMen/TangMen_JN_02_D.prefab,,Effect/Prefabs/JueSe/TangMen/TangMen_JX/TangMen_JX_JN_01_D.prefab,,
24012,Effect/Prefabs/JueSe/TangMen/TangMen_JN_04_D.prefab,,Effect/Prefabs/JueSe/TangMen/TangMen_JX/TangMen_JX_JN_04_D.prefab,,
24032,Effect/Prefabs/JueSe/TangMen/TangMen_JN_05_BJ.prefab,,,,
24025,Effect/Prefabs/JueSe/TangMen/TangMen_JN_04_CX.prefab,,Effect/Prefabs/JueSe/TangMen/TangMen_JX/TangMen_JX_JN_04_CX.prefab,,
24108,Effect/Prefabs/JueSe/KunLun/KunLun_JN_02_BUFF.prefab,Effect/Prefabs/JueSe/JueSe_JianBan/KunLun/KunLun_JN_02_BUFF_J.prefab,Effect/Prefabs/JueSe/KunLun/KunLun_c/KL_JX_JN_02_BUFF_xingzuo.prefab,,
24110,Effect/Prefabs/JueSe/KunLun/KunLun_JN_03_D.prefab,Effect/Prefabs/JueSe/JueSe_JianBan/KunLun/KunLun_JN_03_D_J.prefab,Effect/Prefabs/JueSe/KunLun/KunLun_c/KL_JX_JN_03_D_xingzuo.prefab,,
24112,Effect/Prefabs/JueSe/KunLun/KunLun_JN_04_Lei_01.prefab,,Effect/Prefabs/JueSe/KunLun/KunLun_c/KL_JX_JN_04_Lei_01_xingzuo.prefab,,
24125,Effect/Prefabs/JueSe/KunLun/KunLun_JN_04_Lei.prefab,,Effect/Prefabs/JueSe/KunLun/KunLun_c/KL_JX_JN_04_Lei_xingzuo.prefab,,
24126,Effect/Prefabs/JueSe/KunLun/KunLun_c/KL_New_JN_02_BUFF.prefab,,Effect/Prefabs/JueSe/KunLun/KunLun_c/KL_JXNew_JN_02_BUFF_xingzuo.prefab,,
24127,Effect/Prefabs/JueSe/KunLun/KunLun_c/KL_New_JN_04_J1.prefab,,Effect/Prefabs/JueSe/KunLun/KunLun_c/KL_JXNew_JN_04_J1_xingzuo.prefab,,
24128,Effect/Prefabs/JueSe/KunLun/KunLun_c/KL_New_JN_04_J3.prefab,,Effect/Prefabs/JueSe/KunLun/KunLun_c/KL_JXNew_JN_04_J3_xingzuo.prefab,,
24129,Effect/Prefabs/JueSe/KunLun/KunLun_c/KL_New_JN_04_J5.prefab,,Effect/Prefabs/JueSe/KunLun/KunLun_c/KL_JXNew_JN_04_J5_xingzuo.prefab,,
24206,Effect/Prefabs/JueSe/GaiBang/GaiBang_JN_01_D.prefab,Effect/Prefabs/JueSe/JueSe_JianBan/gaibang/GaiBang_JN_01_D_J.prefab,,,
24208,Effect/Prefabs/JueSe/GaiBang/GaiBang_JN_02_D.prefab,Effect/Prefabs/JueSe/JueSe_JianBan/gaibang/GaiBang_JN_02_D_J.prefab,,,
24209,Effect/Prefabs/JueSe/GaiBang/GaiBang_JN_02_JZ.prefab,Effect/Prefabs/JueSe/JueSe_JianBan/gaibang/GaiBang_JN_02_JZ_J.prefab,,,
24210,Effect/Prefabs/JueSe/GaiBang/GaiBang_JN_02_BUFF_YuJing.prefab,Effect/Prefabs/JueSe/JueSe_JianBan/gaibang/GaiBang_JN_02_BUFF_J_YuJing.prefab,,,
24211,Effect/Prefabs/JueSe/GaiBang/GaiBang_JN_03_BUFF.prefab,Effect/Prefabs/JueSe/JueSe_JianBan/gaibang/GaiBang_JN_03_BUFF_J.prefab,,,
24213,Effect/Prefabs/JueSe/GaiBang/GaiBang_JN_04_BUFF.prefab,Effect/Prefabs/JueSe/JueSe_JianBan/gaibang/GaiBang_JN_04_BUFF_J.prefab,,,
24214,Effect/Prefabs/JueSe/GaiBang/GaiBang_JN_04_BUFF_SF.prefab,Effect/Prefabs/JueSe/JueSe_JianBan/gaibang/GaiBang_JN_04_BUFF_SF_J.prefab,,,
24215,Effect/Prefabs/JueSe/GaiBang/GaiBang_JN_04_BUFF_YuJing.prefab,Effect/Prefabs/JueSe/JueSe_JianBan/gaibang/GaiBang_JN_04_BUFF_J_YuJing.prefab,,,
24236,Effect/Prefabs/JueSe/GaiBang/GaiBang_JN_05_D2.prefab,,,,
24301,Effect/Prefabs/JueSe/WuDu/WuDu_AT_01_D.prefab,,,,
24302,Effect/Prefabs/JueSe/WuDu/WuDu_AT_02_D.prefab,,,,
24303,Effect/Prefabs/JueSe/WuDu/WuDu_AT_03_D_1.prefab,,,,
24309,Effect/Prefabs/JueSe/WuDu/Wudu_JN_01_D.prefab,Effect/Prefabs/JueSe/JueSe_JianBan/wudu/Wudu_JN_01_D_J.prefab,,,
24323,Effect/Prefabs/JueSe/WuDu/Wudu_176E_AT02_D.prefab,,,,
24325,Effect/Prefabs/JueSe/WuDu/Wudu_176C_AT02_D.prefab,,,,
24328,Effect/Prefabs/JueSe/WuDu/Wudu_176A_AT02_D.prefab,,,,
24330,Effect/Prefabs/JueSe/WuDu/Wudu_176D_AT02_D.prefab,,,,
24333,Effect/Prefabs/JueSe/WuDu/Wudu_176B_AT02_D.prefab,,,,
24336,Effect/Prefabs/JueSe/WuDu/WuDu_JN_03_BUFF.prefab,,,,
24346,Effect/Prefabs/JueSe/WuDu/Wudu_wuxinggu.prefab,,,,
24353,Effect/Prefabs/JueSe/WuDu/WuDu_JN_04_JZ.prefab,Effect/Prefabs/JueSe/JueSe_JianBan/wudu/WuDu_JN_04_JZ_J.prefab,,,
24354,Effect/Prefabs/JueSe/WuDu/Wudu_JN_05_D.prefab,,,,
24408,Effect/Prefabs/JueSe/CangJian/CangJian_JN_03_DG.prefab,Effect/Prefabs/JueSe/JueSe_JianBan/CangJian/CangJian_JN_03_DG_J.prefab,Effect/Prefabs/JueSe/CangJian/cangjian_c/CangJian_JN_03_DG_xiangyun.prefab,,
24410,Effect/Prefabs/JueSe/CangJian/CangJian_JN_02_RH.prefab,,Effect/Prefabs/JueSe/CangJian/cangjian_c/CangJian_JN_02_RH_xiangyun.prefab,,
24413,Effect/Prefabs/JueSe/CangJian/CangJian_JN_04.prefab,,Effect/Prefabs/JueSe/CangJian/cangjian_c/CangJian_JN_04_xiangyun.prefab,,
24414,Effect/Prefabs/JueSe/CangJian/CangJian_JN_04_H.prefab,,,,
24415,Effect/Prefabs/JueSe/CangJian/CangJian_JN_04_01.prefab,,Effect/Prefabs/JueSe/CangJian/cangjian_c/CangJian_JN_04_01_xiangyun.prefab,,
24416,Effect/Prefabs/JueSe/CangJian/CangJian_JN_04_JZ.prefab,Effect/Prefabs/JueSe/JueSe_JianBan/CangJian/CangJian_JN_04_JZ_J.prefab,Effect/Prefabs/JueSe/CangJian/cangjian_c/CangJian_JN_04_JZ_xiangyun.prefab,,
24425,Effect/Prefabs/JueSe/CangJian/CangJian_JN_BeiDong.prefab,,,,
24501,Effect/Prefabs/JueSe/ChangGe/ChangGe_AT_D_01.prefab,Effect/Prefabs/JueSe/JueSe_JianBan/ChangGe/ChangGe_AT_D_01_J.prefab,Effect/Prefabs/JueSe/ChangGe/ChangGe_JX/ChangGe_AT_D_01_JX.prefab,,
24502,Effect/Prefabs/JueSe/ChangGe/ChangGe_AT_D_01.prefab,Effect/Prefabs/JueSe/JueSe_JianBan/ChangGe/ChangGe_AT_D_01_J.prefab,Effect/Prefabs/JueSe/ChangGe/ChangGe_JX/ChangGe_AT_D_01_JX.prefab,,
24503,Effect/Prefabs/JueSe/ChangGe/ChangGe_AT_D_01.prefab,Effect/Prefabs/JueSe/JueSe_JianBan/ChangGe/ChangGe_AT_D_01_J.prefab,Effect/Prefabs/JueSe/ChangGe/ChangGe_JX/ChangGe_AT_D_01_JX.prefab,,
24504,Effect/Prefabs/JueSe/ChangGe/ChangGe_AT_D_04.prefab,Effect/Prefabs/JueSe/JueSe_JianBan/ChangGe/ChangGe_AT_D_04_J.prefab,Effect/Prefabs/JueSe/ChangGe/ChangGe_JX/ChangGe_AT_D_04_JX.prefab,,
24506,Effect/Prefabs/JueSe/ChangGe/ChangGe_JN_01.prefab,Effect/Prefabs/JueSe/JueSe_JianBan/ChangGe/ChangGe_JN_01_J.prefab,Effect/Prefabs/JueSe/ChangGe/ChangGe_JX/ChangGe_JN_01_JX.prefab,1,
24508,Effect/Prefabs/JueSe/ChangGe/ChangGe_JN_02_BUFF.prefab,Effect/Prefabs/JueSe/JueSe_JianBan/ChangGe/ChangGe_JN_02_BUFF_J.prefab,,,
24510,Effect/Prefabs/JueSe/WuDang1/WD_JN_03_bufff.prefab,,Effect/Prefabs/JueSe/ChangGe/ChangGe_JX/ChangGe_ysjh_Buff_JX.prefab,,
24512,Effect/Prefabs/JueSe/ChangGe/ChangGe_JN_03_1_D.prefab,,Effect/Prefabs/JueSe/ChangGe/ChangGe_JX/ChangGe_JN_03_1_D_JX.prefab,,
24513,Effect/Prefabs/JueSe/ChangGe/ChangGe_JN_03_2_D.prefab,,Effect/Prefabs/JueSe/ChangGe/ChangGe_JX/ChangGe_JN_03_2_D_JX.prefab,,
24514,Effect/Prefabs/JueSe/ChangGe/ChangGe_JN_03_3_D.prefab,,Effect/Prefabs/JueSe/ChangGe/ChangGe_JX/ChangGe_JN_03_3_D_JX.prefab,,
24515,Effect/Prefabs/JueSe/ChangGe/ChangGe_JN_03_4_D.prefab,,Effect/Prefabs/JueSe/ChangGe/ChangGe_JX/ChangGe_JN_03_4_D_JX.prefab,,
24516,Effect/Prefabs/JueSe/ChangGe/ChangGe_JN_03_5_D.prefab,,Effect/Prefabs/JueSe/ChangGe/ChangGe_JX/ChangGe_JN_03_5_D_JX.prefab,,
24518,Effect/Prefabs/JueSe/ChangGe/ChangGe_JN_04_BUFF.prefab,Effect/Prefabs/JueSe/JueSe_JianBan/ChangGe/ChangGe_JN_04_BUFF_J.prefab,Effect/Prefabs/JueSe/ChangGe/ChangGe_JX/ChangGe_JN_04_BUFF_JX.prefab,,
24521,Effect/Prefabs/JueSe/ChangGe/ChangGe_JN_04_JZ.prefab,Effect/Prefabs/JueSe/JueSe_JianBan/ChangGe/ChangGe_JN_04_JZ_J.prefab,,,
24571,Effect/Prefabs/JueSe/ChangGe/ChangGe_JX/ChangGe_JN_02_New_Buff.prefab,,Effect/Prefabs/JueSe/ChangGe/ChangGe_JX/ChangGe_JN_02_New_Buff_JX.prefab,1,
24601,Effect/Prefabs/JueSe/TianShan/TianShan_AT_D.prefab,Effect/Prefabs/JueSe/JueSe_JianBan/TianShan/TianShan_AT_D_J.prefab,Effect/Prefabs/JueSe/TianShan/Tianshan_c/TianShan_AT_D_C.prefab,,
24602,Effect/Prefabs/JueSe/TianShan/TianShan_AT_D.prefab,Effect/Prefabs/JueSe/JueSe_JianBan/TianShan/TianShan_AT_D_J.prefab,Effect/Prefabs/JueSe/TianShan/Tianshan_c/TianShan_AT_D_C.prefab,,
24603,Effect/Prefabs/JueSe/TianShan/TianShan_AT_D.prefab,Effect/Prefabs/JueSe/JueSe_JianBan/TianShan/TianShan_AT_D_J.prefab,Effect/Prefabs/JueSe/TianShan/Tianshan_c/TianShan_AT_D_C.prefab,,
24604,Effect/Prefabs/JueSe/TianShan/TianShan_AT_D.prefab,Effect/Prefabs/JueSe/JueSe_JianBan/TianShan/TianShan_AT_D_J.prefab,Effect/Prefabs/JueSe/TianShan/Tianshan_c/TianShan_AT_D_C.prefab,,
24607,Effect/Prefabs/JueSe/TianShan/TianShan_JN_01_D.prefab,Effect/Prefabs/JueSe/JueSe_JianBan/TianShan/TianShan_JN_01_D_J.prefab,Effect/Prefabs/JueSe/TianShan/Tianshan_c/TianShan_JN_01_D_C.prefab,,
24609,Effect/Prefabs/JueSe/TianShan/TianShan_JN_02_JZ.prefab,Effect/Prefabs/JueSe/JueSe_JianBan/TianShan/TianShan_JN_02_JZ_J.prefab,Effect/Prefabs/JueSe/TianShan/Tianshan_c/TianShan_JN_02_JZ_C.prefab,,
24610,Effect/Prefabs/JueSe/TianShan/TianShan_JN_02_DeBuff.prefab,,,,
24611,Effect/Prefabs/JueSe/TianShan/TianShan_JN_03_BUFF.prefab,Effect/Prefabs/JueSe/JueSe_JianBan/TianShan/TianShan_JN_03_BUFF_J.prefab,Effect/Prefabs/JueSe/TianShan/Tianshan_c/TianShan_JN_03_BUFF_C.prefab,,
24614,Effect/Prefabs/JueSe/TianShan/TianShan_JN_04_D.prefab,Effect/Prefabs/JueSe/JueSe_JianBan/TianShan/TianShan_JN_04_D_J.prefab,Effect/Prefabs/JueSe/TianShan/Tianshan_c/TianShan_JN_04_D_C.prefab,,
24620,Effect/Prefabs/JueSe/TianShan/TianShan_FXWT_ZY.prefab,,,,
24761,Effect/Prefabs/HuoDong/Effect_ZQ_Hit_at.prefab,,,,
24762,Effect/Prefabs/HuoDong/Effect_ZQ_Hit_YK.prefab,,,,
24763,Effect/Prefabs/HuoDong/Effect_ZQ_SF.prefab,,,,
24765,Effect/Prefabs/HuoDong/Effect_ZQ_TJDM_Debuff.prefab,,,,
25006,Effect/Prefabs/JueSe/BaDao/BaDao_JN_01_XueDaoBUFF.prefab,,,,
25008,Effect/Prefabs/JueSe/BaDao/BaDao_JN_02_02.prefab,Effect/Prefabs/JueSe/JueSe_JianBan/BaDao/BaDao_JN_02_02.prefab,,,
25015,Effect/Prefabs/JueSe/BaDao/BaDao_JN_04_BUFF.prefab,Effect/Prefabs/JueSe/JueSe_JianBan/BaDao/BaDao_JN_04_BUFF.prefab,,,
25055,Effect/Prefabs/JueSe/BaDao/BaDao_JN_04_MJ.prefab,Effect/Prefabs/JueSe/JueSe_JianBan/BaDao/BaDao_JN_04_MJ.prefab,,,
25138,Effect/Prefabs/JueSe/NPC/Fuben/TongYong/hd_FoKuSheLi_1.prefab,,,,
25139,Effect/Prefabs/JueSe/NPC/Fuben/TongYong/hd_FoKuSheLi_2.prefab,,,,
25140,Effect/Prefabs/JueSe/NPC/Fuben/TongYong/hd_FoKuSheLi_3.prefab,,,,
25212,Effect/Prefabs/JueSe/HuaShan/HuaShan_JN_03_D_01.prefab,Effect/Prefabs/JueSe/JueSe_JianBan/HuaShan/HuaShan_JN_03_D_01_J.prefab,,,
25215,Effect/Prefabs/JueSe/HuaShan/HuaShan_JN_04_JZ.prefab,Effect/Prefabs/JueSe/JueSe_JianBan/HuaShan/HuaShan_JN_04_JZ_J.prefab,,,
25508,Effect/Prefabs/JueSe/MingJiao/MingJiao_JN_04JZ.prefab,Effect/Prefabs/JueSe/JueSe_JianBan/MingJiao/MingJiao_JN_04JZ_J.prefab,,,
25511,Effect/Prefabs/JueSe/MingJiao/MingJiao_JN_03_BUFF.prefab,Effect/Prefabs/JueSe/JueSe_JianBan/MingJiao/MingJiao_JN_03_BUFF_J.prefab,,,
25515,Effect/Prefabs/JueSe/MingJiao/MingJiao_JN_02_CX.prefab,Effect/Prefabs/JueSe/JueSe_JianBan/MingJiao/MingJiao_JN_02_CX_J.prefab,,,
25516,Effect/Prefabs/JueSe/MingJiao/MingJiao_JN_02_CX_YuJing.prefab,Effect/Prefabs/JueSe/JueSe_JianBan/MingJiao/MingJiao_JN_02_CX_J_YuJing.prefab,,,
25521,Effect/Prefabs/JueSe/MingJiao/MingJiao_JN_05_LR.prefab,,,,
25601,Effect/Prefabs/JueSe/DuanShi/DuanShi_AT_D.prefab,Effect/Prefabs/JueSe/JueSe_JianBan/DuanShi/DuanShi_AT_D_J.prefab,,,
25611,Effect/Prefabs/JueSe/DuanShi/DuanShi_JN_03_D1.prefab,,,,
25613,Effect/Prefabs/JueSe/DuanShi/DuanShi_JN_03_D2.prefab,Effect/Prefabs/JueSe/JueSe_JianBan/DuanShi/DuanShi_JN_03_D2_J.prefab,,,
25626,Effect/Prefabs/JueSe/DuanShi/DuanShi_JN_04_bk.prefab,Effect/Prefabs/JueSe/JueSe_JianBan/DuanShi/DuanShi_JN_04_bk_J.prefab,,,
25627,Effect/Prefabs/JueSe/DuanShi/DuanShi_JN_04_buff.prefab,Effect/Prefabs/JueSe/JueSe_JianBan/DuanShi/DuanShi_JN_04_buff_J.prefab,,,
25631,Effect/Prefabs/JueSe/DuanShi/DuanShi_JN_05_WQ.prefab,,,,
25802,Effect/Prefabs/JueSe/WanHua/WanHua_AT_D2.prefab,,,,
25806,Effect/Prefabs/JueSe/WanHua/WanHua_JN_01_D.prefab,Effect/Prefabs/JueSe/JueSe_JianBan/WanHua/WanHua_JN_01_D_J.prefab,,,
25810,Effect/Prefabs/JueSe/WanHua/WanHua_JN_03_D1.prefab,Effect/Prefabs/JueSe/JueSe_JianBan/WanHua/WanHua_JN_03_D1_J.prefab,,,
25812,Effect/Prefabs/JueSe/WanHua/WanHua_JN_04_D.prefab,Effect/Prefabs/JueSe/JueSe_JianBan/WanHua/WanHua_JN_04_D_J.prefab,,,
26001,Effect/Prefabs/JueSe/YM_G/at_01_D.prefab,Effect/Prefabs/JueSe/JueSe_JianBan/YM_G/at_01_D_J.prefab,,,
26002,Effect/Prefabs/JueSe/YM_G/at_02_D.prefab,Effect/Prefabs/JueSe/JueSe_JianBan/YM_G/at_02_D_J.prefab,,,
26003,Effect/Prefabs/JueSe/YM_G/at_03_D.prefab,Effect/Prefabs/JueSe/JueSe_JianBan/YM_G/at_03_D_J.prefab,,,
26004,Effect/Prefabs/JueSe/YM_G/at_04_D.prefab,Effect/Prefabs/JueSe/JueSe_JianBan/YM_G/at_04_D_J.prefab,,,
26006,Effect/Prefabs/JueSe/YM_G/JN_01_D.prefab,,,,
26007,Effect/Prefabs/JueSe/YM_G/JN_02_BUFF.prefab,Effect/Prefabs/JueSe/JueSe_JianBan/YM_G/JN_02_BUFF_J.prefab,,,
26008,Effect/Prefabs/JueSe/YM_G/JN_03_D.prefab,Effect/Prefabs/JueSe/JueSe_JianBan/YM_G/JN_03_D_J.prefab,,,
26012,Effect/Prefabs/JueSe/YM_Q/at_01_BJ.prefab,Effect/Prefabs/JueSe/JueSe_JianBan/YM_Q/at_01_BJ_J.prefab,,,
26013,Effect/Prefabs/JueSe/YM_Q/at_02_BJ.prefab,Effect/Prefabs/JueSe/JueSe_JianBan/YM_Q/at_02_BJ_J.prefab,,,
26014,Effect/Prefabs/JueSe/YM_Q/at_03_BJ.prefab,Effect/Prefabs/JueSe/JueSe_JianBan/YM_Q/at_03_BJ_J.prefab,,,
26015,Effect/Prefabs/JueSe/YM_Q/at_04_BJ.prefab,Effect/Prefabs/JueSe/JueSe_JianBan/YM_Q/at_04_BJ_J.prefab,,,
26018,Effect/Prefabs/JueSe/YM_Q/JN_02_buff.prefab,Effect/Prefabs/JueSe/JueSe_JianBan/YM_Q/JN_02_buff_J.prefab,,1,
26019,Effect/Prefabs/JueSe/YM_Q/JN_02_buff02.prefab,Effect/Prefabs/JueSe/JueSe_JianBan/YM_Q/JN_02_buff02_J.prefab,,,
26021,Effect/Prefabs/JueSe/YM_Q/JN_03_BJ.prefab,Effect/Prefabs/JueSe/JueSe_JianBan/YM_Q/JN_03_BJ_J.prefab,,,
26201,Effect/Prefabs/JueSe/LongQue/at_01_BJ.prefab,Effect/Prefabs/JueSe/JueSe_JianBan/LongQue/at_01_BJ.prefab,,,
26202,Effect/Prefabs/JueSe/LongQue/at_02_BJ.prefab,Effect/Prefabs/JueSe/JueSe_JianBan/LongQue/at_02_BJ.prefab,,,
26208,Effect/Prefabs/JueSe/LongQue/JN_02_D.prefab,Effect/Prefabs/JueSe/JueSe_JianBan/LongQue/JN_02_D.prefab,,,
26212,Effect/Prefabs/JueSe/LongQue/JN_04_BUFF.prefab,Effect/Prefabs/JueSe/JueSe_JianBan/LongQue/JN_04_BUFF.prefab,,,
26213,Effect/Prefabs/JueSe/LongQue/JN_04_BUFF02.prefab,Effect/Prefabs/JueSe/JueSe_JianBan/LongQue/JN_04_BUFF02.prefab,,,
26214,Effect/Prefabs/JueSe/LongQue/JN_04_BUFF02.prefab,Effect/Prefabs/JueSe/JueSe_JianBan/LongQue/JN_04_BUFF02.prefab,,,
26215,Effect/Prefabs/JueSe/LongQue/JN_04_BUFF02.prefab,Effect/Prefabs/JueSe/JueSe_JianBan/LongQue/JN_04_BUFF02.prefab,,,
26216,Effect/Prefabs/JueSe/LongQue/JN_04_BUFF02.prefab,Effect/Prefabs/JueSe/JueSe_JianBan/LongQue/JN_04_BUFF02.prefab,,,
26301,Effect/Prefabs/JueSe/ShenJi/at01_D.prefab,Effect/Prefabs/JueSe/JueSe_JianBan/ShenJi/at01_D.prefab,,,
26302,Effect/Prefabs/JueSe/ShenJi/at02_D.prefab,Effect/Prefabs/JueSe/JueSe_JianBan/ShenJi/at02_D.prefab,,,
26305,Effect/Prefabs/JueSe/ShenJi/at02_D.prefab,Effect/Prefabs/JueSe/JueSe_JianBan/ShenJi/at02_D.prefab,,,
26306,Effect/Prefabs/JueSe/ShenJi/jn01_zhaohuan.prefab,Effect/Prefabs/JueSe/JueSe_JianBan/ShenJi/jn01_zhaohuan.prefab,,,
26312,Effect/Prefabs/JueSe/ShenJi/jn03_kuilei_chixu.prefab,Effect/Prefabs/JueSe/JueSe_JianBan/ShenJi/jn03_kuilei_chixu.prefab,,,
26313,Effect/Prefabs/JueSe/ShenJi/jn02_chixu.prefab,Effect/Prefabs/JueSe/JueSe_JianBan/ShenJi/jn02_chixu.prefab,,,
26324,Effect/Prefabs/JueSe/ShenJi/kuilei_at01_D.prefab,Effect/Prefabs/JueSe/JueSe_JianBan/ShenJi/kuilei_at01_D.prefab,,,
26325,Effect/Prefabs/HuoDong/Effect_ZQ_ShuaXin.prefab,,,,
26326,Effect/Prefabs/HuoDong/Effect_ZQ_YueTuCheXiaoShi.prefab,,,,
26401,Effect/Prefabs/JueSe/XuanShuiJiao/XuanShui_AT_D.prefab,Effect/Prefabs/JueSe/JueSe_JianBan/XuanShuiJiao/XuanShui_AT_D_J.prefab,,,
26404,Effect/Prefabs/JueSe/XuanShuiJiao/XuanShui_AT_04_D.prefab,Effect/Prefabs/JueSe/JueSe_JianBan/XuanShuiJiao/XuanShui_AT_04_D_J.prefab,,,
26406,Effect/Prefabs/JueSe/XuanShuiJiao/XuanShui_JN_01_D.prefab,Effect/Prefabs/JueSe/JueSe_JianBan/XuanShuiJiao/XuanShui_JN_01_D_J.prefab,,,
26408,Effect/Prefabs/JueSe/XuanShuiJiao/XuanShui_JN_02_Hit.prefab,Effect/Prefabs/JueSe/JueSe_JianBan/XuanShuiJiao/XuanShui_JN_02_Hit_J.prefab,,,
26410,Effect/Prefabs/JueSe/XuanShuiJiao/XuanShui_JN_03_buff_01.prefab,,,,
26411,Effect/Prefabs/JueSe/XuanShuiJiao/XuanShui_JN_03_buff_01_b.prefab,Effect/Prefabs/JueSe/JueSe_JianBan/XuanShuiJiao/XuanShui_JN_03_buff_01_b_J.prefab,,,
26414,Effect/Prefabs/JueSe/XuanShuiJiao/XuanShui_JN_04_buff_01.prefab,Effect/Prefabs/JueSe/JueSe_JianBan/XuanShuiJiao/XuanShui_JN_04_buff_01_J.prefab,,1,
26415,Effect/Prefabs/JueSe/XuanShuiJiao/XuanShui_JN_04_buff_02.prefab,,,,
26418,Effect/Prefabs/JueSe/XuanShuiJiao/XuanShui_JN_05_3.prefab,,,,
26419,Effect/Prefabs/JueSe/XuanShuiJiao/XuanShui_JN_05_4.prefab,,,,
26601,Effect/Prefabs/JueSe/ChongXiao/ChongXiao_AT_01_D.prefab,Effect/Prefabs/JueSe/JueSe_JianBan/ChongXiao/ChongXiao_AT_01_D_J.prefab,,,
26604,Effect/Prefabs/JueSe/ChongXiao/ChongXiao_AT_04_D.prefab,Effect/Prefabs/JueSe/JueSe_JianBan/ChongXiao/ChongXiao_AT_04_D_J.prefab,,,
26606,Effect/Prefabs/JueSe/ChongXiao/ChongXiao_JN_01_D.prefab,Effect/Prefabs/JueSe/JueSe_JianBan/ChongXiao/ChongXiao_JN_01_D_J.prefab,,,
26610,Effect/Prefabs/JueSe/ChongXiao/ChongXiao_JN_03_DL.prefab,Effect/Prefabs/JueSe/JueSe_JianBan/ChongXiao/ChongXiao_JN_03_DL_J.prefab,,,
26611,Effect/Prefabs/JueSe/ChongXiao/ChongXiao_JN_03_DL_02.prefab,Effect/Prefabs/JueSe/JueSe_JianBan/ChongXiao/ChongXiao_JN_03_DL_02_J.prefab,,,
26612,Effect/Prefabs/JueSe/ChongXiao/ChongXiao_JN_04_D.prefab,Effect/Prefabs/JueSe/JueSe_JianBan/ChongXiao/ChongXiao_JN_04_D_J.prefab,,,
26613,Effect/Prefabs/JueSe/ChongXiao/ChongXiao_JN_04_ZD.prefab,Effect/Prefabs/JueSe/JueSe_JianBan/ChongXiao/ChongXiao_JN_04_ZD_J.prefab,,,
26701,Effect/Prefabs/JueSe/WuDang_JX/WD_JX_AT_01.prefab,Effect/Prefabs/JueSe/JueSe_JianBan/WuDang_JX/WD_JX_AT_01_J.prefab,,,
26702,Effect/Prefabs/JueSe/WuDang_JX/WD_JX_AT_02.prefab,Effect/Prefabs/JueSe/JueSe_JianBan/WuDang_JX/WD_JX_AT_02_J.prefab,,,
26703,Effect/Prefabs/JueSe/WuDang_JX/WD_JX_AT_03.prefab,Effect/Prefabs/JueSe/JueSe_JianBan/WuDang_JX/WD_JX_AT_03_J.prefab,,,
26704,Effect/Prefabs/JueSe/WuDang_JX/WD_JX_AT_04.prefab,Effect/Prefabs/JueSe/JueSe_JianBan/WuDang_JX/WD_JX_AT_04_J.prefab,,,
26706,Effect/Prefabs/JueSe/WuDang_JX/WD_JX_JN_01_SF.prefab,Effect/Prefabs/JueSe/JueSe_JianBan/WuDang_JX/WD_JX_JN_01_SF_J.prefab,,,
26707,Effect/Prefabs/JueSe/WuDang_JX/WD_JX_JN_01_Buff.prefab,Effect/Prefabs/JueSe/JueSe_JianBan/WuDang_JX/WD_JX_JN_01_Buff_J.prefab,,1,
26709,Effect/Prefabs/JueSe/WuDang_JX/WD_JX_JN_01_Hit.prefab,Effect/Prefabs/JueSe/JueSe_JianBan/WuDang_JX/WD_JX_JN_01_Hit_J.prefab,,,
26712,Effect/Prefabs/JueSe/WuDang_JX/WD_JX_JN_03.prefab,Effect/Prefabs/JueSe/JueSe_JianBan/WuDang_JX/WD_JX_JN_03_J.prefab,,,
26713,Effect/Prefabs/JueSe/WuDang_JX/WD_JX_JN_04_SF.prefab,Effect/Prefabs/JueSe/JueSe_JianBan/WuDang_JX/WD_JX_JN_04_SF_J.prefab,,,
26714,Effect/Prefabs/JueSe/WuDang_JX/WD_JX_JN_04_CC.prefab,Effect/Prefabs/JueSe/JueSe_JianBan/WuDang_JX/WD_JX_JN_04_CC_J.prefab,,,
26801,Effect/Prefabs/JueSe/WuWei/WuWei_AT_01.prefab,Effect/Prefabs/JueSe/JueSe_JianBan/wuwei/WuWei_AT_01_J.prefab,,,
26802,Effect/Prefabs/JueSe/WuWei/WuWei_AT_02.prefab,Effect/Prefabs/JueSe/JueSe_JianBan/wuwei/WuWei_AT_02_J.prefab,,,
26803,Effect/Prefabs/JueSe/WuWei/WuWei_AT_03.prefab,Effect/Prefabs/JueSe/JueSe_JianBan/wuwei/WuWei_AT_03_J.prefab,,,
26804,Effect/Prefabs/JueSe/WuWei/WuWei_AT_04.prefab,Effect/Prefabs/JueSe/JueSe_JianBan/wuwei/WuWei_AT_04_J.prefab,,,
26806,Effect/Prefabs/JueSe/WuWei/WW_JN_01.prefab,Effect/Prefabs/JueSe/JueSe_JianBan/wuwei/WW_JN_01_j.prefab,,,
26807,Effect/Prefabs/JueSe/WuWei/WW_JN_02_hj.prefab,Effect/Prefabs/JueSe/JueSe_JianBan/wuwei/WW_JN_02_hj_j.prefab,,,
26808,Effect/Prefabs/JueSe/WuWei/WW_JN_02_lx.prefab,,,,
26809,Effect/Prefabs/JueSe/WuWei/WW_JN_02_sf.prefab,,,,
26810,Effect/Prefabs/JueSe/WuWei/WW_JN_02_cz.prefab,Effect/Prefabs/JueSe/JueSe_JianBan/wuwei/WW_JN_02_cz_j.prefab,,,
26811,Effect/Prefabs/JueSe/WuWei/WW_JN_02_cz_beiji.prefab,Effect/Prefabs/JueSe/JueSe_JianBan/wuwei/WW_JN_02_cz_beiji_j.prefab,,,
26812,Effect/Prefabs/JueSe/WuWei/WW_JN_03_SF.prefab,,,,
26813,Effect/Prefabs/JueSe/WuWei/WW_JN_03.prefab,Effect/Prefabs/JueSe/JueSe_JianBan/wuwei/WW_JN_03_j.prefab,,,
26815,Effect/Prefabs/JueSe/WuWei/WW_JN_04.prefab,Effect/Prefabs/JueSe/JueSe_JianBan/wuwei/WW_JN_04_j.prefab,,,
26816,Effect/Prefabs/JueSe/WuWei/WW_JN_05.prefab,,,,
26901,Effect/Prefabs/JueSe/emei_JX/emei_JX_AT_01_Hit.prefab,,,,
26902,Effect/Prefabs/JueSe/emei_JX/emei_JX_AT_02_Hit.prefab,,,,
26903,Effect/Prefabs/JueSe/emei_JX/emei_JX_AT_03_Hit.prefab,,,,
26904,Effect/Prefabs/JueSe/emei_JX/emei_JX_AT_04_Hit.prefab,,,,
27101,Effect/Prefabs/JueSe/Huimeng/Hm_at_01.prefab,Effect/Prefabs/JueSe/JueSe_JianBan/huimeng/Hm_at_01_J.prefab,,,
27102,Effect/Prefabs/JueSe/Huimeng/Hm_at_02.prefab,Effect/Prefabs/JueSe/JueSe_JianBan/huimeng/Hm_at_02_J.prefab,,,
27103,Effect/Prefabs/JueSe/Huimeng/Hm_at_03.prefab,Effect/Prefabs/JueSe/JueSe_JianBan/huimeng/Hm_at_03_J.prefab,,,
27104,Effect/Prefabs/JueSe/Huimeng/Hm_at_04.prefab,Effect/Prefabs/JueSe/JueSe_JianBan/huimeng/Hm_at_04_J.prefab,,,
27106,Effect/Prefabs/JueSe/Huimeng/Hm_JN_01.prefab,Effect/Prefabs/JueSe/JueSe_JianBan/huimeng/Hm_JN_01_J.prefab,,,
27108,Effect/Prefabs/JueSe/Huimeng/Hm_JN_02.prefab,Effect/Prefabs/JueSe/JueSe_JianBan/huimeng/Hm_JN_02_J.prefab,,,
27109,Effect/Prefabs/JueSe/Huimeng/Hm_JN_03_zd.prefab,Effect/Prefabs/JueSe/JueSe_JianBan/huimeng/Hm_JN_03_zd_J.prefab,,,
27112,Effect/Prefabs/JueSe/Huimeng/Hm_JN_04.prefab,Effect/Prefabs/JueSe/JueSe_JianBan/huimeng/Hm_JN_04_J.prefab,,,
27115,Effect/Prefabs/JueSe/Huimeng/Hm_JN_04_buff.prefab,,,,
33359,Effect/Prefabs/JueSe/NPC/Fuben/partner/hd_snowball_c.prefab,,,,
34001,Effect/Prefabs/JueSe/TangMen/TangMen_at_BJ_01.prefab,,Effect/Prefabs/JueSe/TangMen/TangMen_JX/TangMen_at_BJ_01_jx_c.prefab,,
34002,Effect/Prefabs/JueSe/TangMen/TangMen_at_BJ.prefab,,Effect/Prefabs/JueSe/TangMen/TangMen_JX/TangMen_at_BJ_jx_c.prefab,,
34004,Effect/Prefabs/JueSe/TangMen/TangMen_at04_ShiFa.prefab,,Effect/Prefabs/JueSe/TangMen/TangMen_JX/TangMen_at04_ShiFa_jx_c.prefab,,
34007,Effect/Prefabs/JueSe/TangMen/TangMen_JN_01_BJ.prefab,Effect/Prefabs/JueSe/JueSe_JianBan/TangMen/TangMen_JN_01_BJ_J.prefab,Effect/Prefabs/JueSe/TangMen/TangMen_JX/TangMen_JN_01_BJ_1_c.prefab,,
34008,Effect/Prefabs/JueSe/xiaoyao/at_01_JZ.prefab,,,,
34012,Effect/Prefabs/JueSe/TangMen/TangMen_JN_BJ.prefab,,,,
34101,Effect/Prefabs/JueSe/KunLun/KL_at_01_BJ.prefab,Effect/Prefabs/JueSe/JueSe_JianBan/KunLun/KL_at_01_BJ_J.prefab,Effect/Prefabs/JueSe/KunLun/KunLun_c/KL_JX_at_01_BJ_xingzuo.prefab,,
34102,Effect/Prefabs/JueSe/KunLun/KL_at_01_BJ.prefab,Effect/Prefabs/JueSe/JueSe_JianBan/KunLun/KL_at_01_BJ_J.prefab,Effect/Prefabs/JueSe/KunLun/KunLun_c/KL_JX_at_01_BJ_xingzuo.prefab,,
34103,Effect/Prefabs/JueSe/KunLun/KL_at_02_BJ.prefab,Effect/Prefabs/JueSe/JueSe_JianBan/KunLun/KL_at_02_BJ_J.prefab,Effect/Prefabs/JueSe/KunLun/KunLun_c/KL_JX_at_02_BJ_xingzuo.prefab,,
34104,Effect/Prefabs/JueSe/KunLun/KL_at_02_BJ.prefab,Effect/Prefabs/JueSe/JueSe_JianBan/KunLun/KL_at_02_BJ_J.prefab,Effect/Prefabs/JueSe/KunLun/KunLun_c/KL_JX_at_02_BJ_xingzuo.prefab,,
34107,Effect/Prefabs/JueSe/KunLun/KL_JN_01_BJ.prefab,,Effect/Prefabs/JueSe/KunLun/KunLun_c/KL_JX_JN_01_BJ_xingzuo.prefab,,
34110,Effect/Prefabs/JueSe/NPC/JX/npc_gold_1_d.prefab,,,,
34112,Effect/Prefabs/JueSe/KunLun/KunLun_JN_04_JZ_02.prefab,,Effect/Prefabs/JueSe/KunLun/KunLun_c/KL_JX_JN_04_JZ_02_xingzuo.prefab,,
34125,Effect/Prefabs/JueSe/KunLun/KunLun_JN_04_JZ.prefab,Effect/Prefabs/JueSe/JueSe_JianBan/KunLun/KunLun_JN_04_JZ_J.prefab,Effect/Prefabs/JueSe/KunLun/KunLun_c/KL_JX_JN_04_JZ_xingzuo.prefab,,
34126,Effect/Prefabs/JueSe/KunLun/KunLun_c/KL_New_JN_04_BD1.prefab,,Effect/Prefabs/JueSe/KunLun/KunLun_c/KL_JXNew_JN_04_BD1_xingzuo.prefab,,
34127,Effect/Prefabs/JueSe/KunLun/KunLun_c/KL_New_JN_04_BD3.prefab,,Effect/Prefabs/JueSe/KunLun/KunLun_c/KL_JXNew_JN_04_BD3_xingzuo.prefab,,
34128,Effect/Prefabs/JueSe/KunLun/KunLun_c/KL_New_JN_04_BD5.prefab,,Effect/Prefabs/JueSe/KunLun/KunLun_c/KL_JXNew_JN_04_BD5_xingzuo.prefab,,
34129,Effect/Prefabs/JueSe/KunLun/KunLun_c/KL_New_JN_02_BD.prefab,,Effect/Prefabs/JueSe/KunLun/KunLun_c/KL_New_JN_02_BD_xingzuo.prefab,,
34201,Effect/Prefabs/JueSe/GaiBang/GaiBang_AT_01_03_BJ.prefab,,,,
34202,Effect/Prefabs/JueSe/GaiBang/GaiBang_AT_02_BJ.prefab,,,,
34203,Effect/Prefabs/JueSe/GaiBang/GaiBang_AT_01_03_BJ.prefab,,,,
34204,Effect/Prefabs/JueSe/GaiBang/GaiBang_AT_04_BJ.prefab,,,,
34236,Effect/Prefabs/JueSe/GaiBang/GaiBang_JN_05_D2_JZ.prefab,,,,
34301,Effect/Prefabs/JueSe/WuDu/WuDu_AT_01_BJ.prefab,,,,
34302,Effect/Prefabs/JueSe/WuDu/WuDu_AT_02_04_BJ.prefab,,,,
34303,Effect/Prefabs/JueSe/WuDu/WuDu_AT_03_BJ.prefab,,,,
34304,Effect/Prefabs/JueSe/WuDu/WuDu_AT_02_04_BJ.prefab,,,,
34328,Effect/Prefabs/JueSe/WuDu/Wudu_176_JZ.prefab,,,,
34346,Effect/Prefabs/JueSe/WuDu/Wudu_wuxinggu_JZ.prefab,,,,
34354,Effect/Prefabs/JueSe/WuDu/Wudu_JN_05_BZ.prefab,,,,
34401,Effect/Prefabs/JueSe/CangJian/CangJian_AT_BJ.prefab,,,,
34406,Effect/Prefabs/JueSe/CangJian/CangJian_JN_01_BJ.prefab,,Effect/Prefabs/JueSe/CangJian/cangjian_c/CangJian_JN_01_BJ_xiangyun.prefab,,
34410,Effect/Prefabs/JueSe/CangJian/CangJian_JN_02_buff.prefab,,Effect/Prefabs/JueSe/CangJian/cangjian_c/CangJian_JN_02_buff_xiangyun.prefab,,
34411,Effect/Prefabs/JueSe/CangJian/cangjian_c/Effect_JX_JN02.prefab,Effect/Prefabs/JueSe/CangJian/cangjian_c/Effect_JX_JN02.prefab,Effect/Prefabs/JueSe/CangJian/cangjian_c/Effect_JX_JN02_xiangyun.prefab,,
34412,Effect/Prefabs/JueSe/CangJian/cangjian_c/Effect_JX_JN01.prefab,Effect/Prefabs/JueSe/CangJian/cangjian_c/Effect_JX_JN01.prefab,Effect/Prefabs/JueSe/CangJian/cangjian_c/Effect_JX_JN01_xiangyun.prefab,,
34413,Effect/Prefabs/JueSe/CangJian/cangjian_c/Effect_JX_JN04.prefab,Effect/Prefabs/JueSe/CangJian/cangjian_c/Effect_JX_JN04.prefab,Effect/Prefabs/JueSe/CangJian/cangjian_c/Effect_JX_JN04_xiangyun.prefab,,
34414,Effect/Prefabs/JueSe/CangJian/cangjian_c/CangJian_JN04_Jian.prefab,Effect/Prefabs/JueSe/CangJian/cangjian_c/CangJian_JN04_Jian.prefab,Effect/Prefabs/JueSe/CangJian/cangjian_c/CangJian_JN04_Jian_xiangyun.prefab,,
34421,Effect/Prefabs/JueSe/CangJian/cangjian_c/CJ_at_01_C.prefab,Effect/Prefabs/JueSe/CangJian/cangjian_c/CJ_at_01_C.prefab,,,
34422,Effect/Prefabs/JueSe/CangJian/cangjian_c/CJ_at_02_C.prefab,Effect/Prefabs/JueSe/CangJian/cangjian_c/CJ_at_02_C.prefab,,,
34423,Effect/Prefabs/JueSe/CangJian/cangjian_c/CJ_at_03_C.prefab,Effect/Prefabs/JueSe/CangJian/cangjian_c/CJ_at_03_C.prefab,,,
34424,Effect/Prefabs/JueSe/CangJian/cangjian_c/CJ_at_04_C.prefab,Effect/Prefabs/JueSe/CangJian/cangjian_c/CJ_at_04_C.prefab,,,
34501,Effect/Prefabs/JueSe/ChangGe/ChangGe_AT_01_02_03_BJ.prefab,,Effect/Prefabs/JueSe/ChangGe/ChangGe_JX/ChangGe_AT_01_02_03_BJ_JX.prefab,,
34504,Effect/Prefabs/JueSe/ChangGe/ChangGe_AT_04_JN01_03_BJ.prefab,,Effect/Prefabs/JueSe/ChangGe/ChangGe_JX/ChangGe_AT_04_JN01_03_BJ_JX.prefab,,
34508,Effect/Prefabs/JueSe/ChangGe/ChangGe_JN_BUFF.prefab,,,,
34518,Effect/Prefabs/JueSe/ChangGe/ChangGe_JN_04_BUFF_H.prefab,Effect/Prefabs/JueSe/JueSe_JianBan/ChangGe/ChangGe_JN_04_BUFF_H_J.prefab,Effect/Prefabs/JueSe/ChangGe/ChangGe_JX/ChangGe_JN_04_BUFF_H_JX.prefab,,
34519,Effect/Prefabs/JueSe/ChangGe/ChangGe_JN_BUFF_JZ.prefab,,Effect/Prefabs/JueSe/ChangGe/ChangGe_JX/ChangGe_JN_BUFF_JZ_JX.prefab,,
34601,Effect/Prefabs/JueSe/TianShan/TianShan_AT_BJ.prefab,,Effect/Prefabs/JueSe/TianShan/Tianshan_c/TianShan_AT_BJ_C.prefab,,
34606,Effect/Prefabs/JueSe/TianShan/TianShan_JN_BJ.prefab,,Effect/Prefabs/JueSe/TianShan/Tianshan_c/TianShan_JN_BJ_C.prefab,,
35001,Effect/Prefabs/JueSe/BaDao/BaDao_AT_BJ.prefab,,,,
35008,Effect/Prefabs/JueSe/BaDao/BaDao_JN_02_DiMian.prefab,,,,
35011,Effect/Prefabs/JueSe/BaDao/BaDao_JN_03_BJ.prefab,,,,
35201,Effect/Prefabs/JueSe/HuaShan/HuaShan_AT_BJ.prefab,Effect/Prefabs/JueSe/JueSe_JianBan/HuaShan/HuaShan_AT_BJ_J.prefab,,,
35212,Effect/Prefabs/JueSe/HuaShan/HuaShan_JN_03_SF_2.prefab,Effect/Prefabs/JueSe/JueSe_JianBan/HuaShan/HuaShan_JN_03_SF_2_J.prefab,,,
35215,Effect/Prefabs/JueSe/HuaShan/HuaShan_JN_04_BUFF.prefab,Effect/Prefabs/JueSe/JueSe_JianBan/HuaShan/HuaShan_JN_04_BUFF_J.prefab,,,
35501,Effect/Prefabs/JueSe/MingJiao/MingJiao_AT_BJ.prefab,Effect/Prefabs/JueSe/JueSe_JianBan/MingJiao/MingJiao_AT_BJ_J.prefab,,,
35511,Effect/Prefabs/JueSe/MingJiao/MingJiao_JN_03_B_LH.prefab,,,,
35512,Effect/Prefabs/JueSe/MingJiao/MingJiao_JN_03_B_RH.prefab,,,,
35515,Effect/Prefabs/JueSe/MingJiao/MingJiao_JN_02_ZD.prefab,Effect/Prefabs/JueSe/JueSe_JianBan/MingJiao/MingJiao_JN_02_ZD_J.prefab,,,
35521,Effect/Prefabs/JueSe/MingJiao/MingJiao_JN_05_LR.prefab,,,,
35626,Effect/Prefabs/JueSe/DuanShi/DuanShi_JN_04_BJ.prefab,,,,
35601,Effect/Prefabs/JueSe/DuanShi/DuanShi_AT_BJ.prefab,,,,
35627,Effect/Prefabs/JueSe/DuanShi/DuanShi_JN_04_buff_H.prefab,Effect/Prefabs/JueSe/JueSe_JianBan/DuanShi/DuanShi_JN_04_buff_H_J.prefab,,,
35801,Effect/Prefabs/JueSe/WanHua/WanHua_JN_BJ.prefab,,,,
35802,Effect/Prefabs/JueSe/WanHua/WanHua_AT_BJ.prefab,,,,
35806,Effect/Prefabs/JueSe/WanHua/WanHua_JN_BUFF.prefab,,,,
36001,Effect/Prefabs/JueSe/YM_G/at_01_BJ.prefab,Effect/Prefabs/JueSe/JueSe_JianBan/YM_G/at_01_BJ_J.prefab,,,
36002,Effect/Prefabs/JueSe/YM_G/at_02_BJ.prefab,Effect/Prefabs/JueSe/JueSe_JianBan/YM_G/at_02_BJ_J.prefab,,,
36008,Effect/Prefabs/JueSe/YM_G/JN_03_BJ.prefab,Effect/Prefabs/JueSe/JueSe_JianBan/YM_G/JN_03_BJ_J.prefab,,,
36211,Effect/Prefabs/JueSe/LongQue/JN_04_D.prefab,Effect/Prefabs/JueSe/JueSe_JianBan/LongQue/JN_04_D.prefab,,,
36212,Effect/Prefabs/JueSe/LongQue/JN_04_SHAN.prefab,Effect/Prefabs/JueSe/JueSe_JianBan/LongQue/JN_04_SHAN.prefab,,,
36301,Effect/Prefabs/JueSe/ShenJi/at01_BJ.prefab,Effect/Prefabs/JueSe/JueSe_JianBan/ShenJi/at01_BJ.prefab,,,
36302,Effect/Prefabs/JueSe/ShenJi/at02_BJ.prefab,Effect/Prefabs/JueSe/JueSe_JianBan/ShenJi/at02_BJ.prefab,,,
36324,Effect/Prefabs/JueSe/ShenJi/kuilei_at01_G.prefab,Effect/Prefabs/JueSe/JueSe_JianBan/ShenJi/kuilei_at01_G.prefab,,,
36401,Effect/Prefabs/JueSe/XuanShuiJiao/XuanShui_AT_BJ_01.prefab,Effect/Prefabs/JueSe/JueSe_JianBan/XuanShuiJiao/XuanShui_AT_BJ_01_J.prefab,,,
36404,Effect/Prefabs/JueSe/XuanShuiJiao/XuanShui_AT_BJ_02.prefab,Effect/Prefabs/JueSe/JueSe_JianBan/XuanShuiJiao/XuanShui_AT_BJ_02_J.prefab,,,
36406,Effect/Prefabs/JueSe/XuanShuiJiao/XuanShui_JN_01_BJ.prefab,Effect/Prefabs/JueSe/JueSe_JianBan/XuanShuiJiao/XuanShui_JN_01_BJ_J.prefab,,,
36410,Effect/Prefabs/JueSe/XuanShuiJiao/XuanShui_JN_03_buff_02.prefab,,,,
36411,Effect/Prefabs/JueSe/XuanShuiJiao/XuanShui_JN_03_buff_02_b.prefab,Effect/Prefabs/JueSe/JueSe_JianBan/XuanShuiJiao/XuanShui_JN_03_buff_02_b_J.prefab,,,
36601,Effect/Prefabs/JueSe/ChongXiao/ChongXiao_AT_01_BJ.prefab,,,,
36604,Effect/Prefabs/JueSe/ChongXiao/ChongXiao_AT_04_BJ.prefab,Effect/Prefabs/JueSe/JueSe_JianBan/ChongXiao/ChongXiao_AT_04_BJ_J.prefab,,,
36606,Effect/Prefabs/JueSe/ChongXiao/ChongXiao_JN_01_BJ.prefab,Effect/Prefabs/JueSe/JueSe_JianBan/ChongXiao/ChongXiao_JN_01_BJ_J.prefab,,,
36610,Effect/Prefabs/JueSe/ChongXiao/ChongXiao_JN_03_BZ.prefab,Effect/Prefabs/JueSe/JueSe_JianBan/ChongXiao/ChongXiao_JN_03_BZ_J.prefab,,,
36612,Effect/Prefabs/JueSe/ChongXiao/ChongXiao_JN_04_BZ.prefab,Effect/Prefabs/JueSe/JueSe_JianBan/ChongXiao/ChongXiao_JN_04_BZ_J.prefab,,,
36701,Effect/Prefabs/JueSe/WuDang_JX/WD_JX_AT_01_BJ.prefab,Effect/Prefabs/JueSe/JueSe_JianBan/WuDang_JX/WD_JX_AT_01_BJ_J.prefab,,,
36704,Effect/Prefabs/JueSe/WuDang_JX/WD_JX_AT_04_BJ.prefab,Effect/Prefabs/JueSe/JueSe_JianBan/WuDang_JX/WD_JX_AT_04_BJ_J.prefab,,,
36714,Effect/Prefabs/JueSe/WuDang_JX/WD_JX_JN_04_Hit.prefab,Effect/Prefabs/JueSe/JueSe_JianBan/WuDang_JX/WD_JX_JN_04_Hit_J.prefab,,,
36801,Effect/Prefabs/JueSe/WuWei/WuWei_AT_01_BJ.prefab,Effect/Prefabs/JueSe/JueSe_JianBan/wuwei/WuWei_AT_01_BJ_J.prefab,,,
36804,Effect/Prefabs/JueSe/WuWei/WuWei_AT_04_BJ.prefab,Effect/Prefabs/JueSe/JueSe_JianBan/wuwei/WuWei_AT_04_BJ_J.prefab,,,
36809,Effect/Prefabs/JueSe/WuWei/WW_JN_02_sf_beii.prefab,,,,
36812,Effect/Prefabs/JueSe/WuWei/WW_JN_03_hudun.prefab,Effect/Prefabs/JueSe/JueSe_JianBan/wuwei/WW_JN_03_hudun_j.prefab,,1,
36901,Effect/Prefabs/JueSe/emei_JX/emei_JX_AT_01_BJ.prefab,,,,
36902,Effect/Prefabs/JueSe/emei_JX/emei_JX_AT_02_BJ.prefab,,,,
36903,Effect/Prefabs/JueSe/emei_JX/emei_JX_AT_03_BJ.prefab,,,,
36904,Effect/Prefabs/JueSe/emei_JX/emei_JX_AT_04_BJ.prefab,,,,
37101,Effect/Prefabs/JueSe/Huimeng/Hm_at_bj.prefab,,,,
37109,Effect/Prefabs/JueSe/Huimeng/Hm_JN_03_bj.prefab,,,,
37201,Effect/Prefabs/JueSe/TianXin/TianXin_AT_01_BD.prefab,Effect/Prefabs/JueSe/JueSe_JianBan/TianXin/TianXin_AT_01_BD_J.prefab,,,
37202,Effect/Prefabs/JueSe/TianXin/TianXin_AT_02_BD.prefab,Effect/Prefabs/JueSe/JueSe_JianBan/TianXin/TianXin_AT_02_BD_J.prefab,,,
37203,Effect/Prefabs/JueSe/TianXin/TianXin_AT_03_BD.prefab,Effect/Prefabs/JueSe/JueSe_JianBan/TianXin/TianXin_AT_03_BD_J.prefab,,,
37204,Effect/Prefabs/JueSe/TianXin/TianXin_AT_04_BD.prefab,Effect/Prefabs/JueSe/JueSe_JianBan/TianXin/TianXin_AT_04_BD_J.prefab,,,
37205,Effect/Prefabs/JueSe/TianXin/TianXin_JN_01_BD.prefab,Effect/Prefabs/JueSe/JueSe_JianBan/TianXin/TianXin_JN_01_BD_J.prefab,,,
37206,Effect/Prefabs/JueSe/TianXin/TianXin_JN_04_BD.prefab,Effect/Prefabs/JueSe/JueSe_JianBan/TianXin/TianXin_JN_04_BD_J.prefab,,,
37207,Effect/Prefabs/JueSe/ZhanLie/ZhanLie_BJ_01.prefab,Effect/Prefabs/JueSe/JueSe_JianBan/ZhanLie/ZhanLie_BJ_01_J.prefab,,,
514001,Effect/Prefabs/JueSe/TangMen/TangMenNv/TangMen_at01_ShiFang.prefab,Effect/Prefabs/JueSe/JueSe_JianBan/TangMen/TangMenNv/TangMen_at01_ShiFang_J.prefab,Effect/Prefabs/JueSe/TangMen/TangMen_JX/TangMen_at01_ShiFang_jx_c.prefab,,
514002,Effect/Prefabs/JueSe/TangMen/TangMenNv/TangMen_at02_ShiFang.prefab,Effect/Prefabs/JueSe/JueSe_JianBan/TangMen/TangMenNv/TangMen_at02_ShiFang_J.prefab,Effect/Prefabs/JueSe/TangMen/TangMen_JX/TangMen_at02_ShiFang_jx_c.prefab,,
514003,Effect/Prefabs/JueSe/TangMen/TangMenNv/TangMen_at03_ShiFang.prefab,Effect/Prefabs/JueSe/JueSe_JianBan/TangMen/TangMenNv/TangMen_at03_ShiFang_J.prefab,Effect/Prefabs/JueSe/TangMen/TangMen_JX/TangMen_at03_ShiFang_jx_c.prefab,,
514004,Effect/Prefabs/JueSe/TangMen/TangMenNv/TangMen_at04_ShiFang.prefab,Effect/Prefabs/JueSe/JueSe_JianBan/TangMen/TangMenNv/TangMen_at04_ShiFang_J.prefab,Effect/Prefabs/JueSe/TangMen/TangMen_JX/TangMen_at04_ShiFang_jx_c.prefab,,
514008,Effect/Prefabs/JueSe/TangMen/TangMenNv/TangMen_JN_02_ShiFang.prefab,Effect/Prefabs/JueSe/JueSe_JianBan/TangMen/TangMenNv/TangMen_JN_02_ShiFang_J.prefab,Effect/Prefabs/JueSe/TangMen/TangMen_JX/TangMen_JX_JN_01_ShiFang.prefab,,
514010,Effect/Prefabs/JueSe/TangMen/TangMenNv/TangMen_JN03.prefab,Effect/Prefabs/JueSe/JueSe_JianBan/TangMen/TangMenNv/TangMen_JN03_J.prefab,Effect/Prefabs/JueSe/TangMen/TangMen_JX/TangMen_JX_JN03.prefab,,
514013,Effect/Prefabs/JueSe/TangMen/TangMenNv/TangMen_JN_04_ShiFang.prefab,Effect/Prefabs/JueSe/JueSe_JianBan/TangMen/TangMenNv/TangMen_JN_04_ShiFang_J.prefab,Effect/Prefabs/JueSe/TangMen/TangMen_JX/TangMen_JX_JN_04_ShiFang.prefab,,
514201,Effect/Prefabs/JueSe/GaiBang/GaiBangNv/GaiBangNV_AT_01.prefab,Effect/Prefabs/JueSe/JueSe_JianBan/gaibang/GaiBangNv/GaiBangNV_AT_01_J.prefab,,,
514202,Effect/Prefabs/JueSe/GaiBang/GaiBangNv/GaiBangNV_AT_02.prefab,Effect/Prefabs/JueSe/JueSe_JianBan/gaibang/GaiBangNv/GaiBangNV_AT_02_J.prefab,,,
514204,Effect/Prefabs/JueSe/GaiBang/GaiBangNv/GaiBangNV_AT_04.prefab,Effect/Prefabs/JueSe/JueSe_JianBan/gaibang/GaiBangNv/GaiBangNV_AT_04_J.prefab,,,
514206,Effect/Prefabs/JueSe/GaiBang/GaiBangNv/GaiBangNV_JN_01_SF.prefab,Effect/Prefabs/JueSe/JueSe_JianBan/gaibang/GaiBangNv/GaiBangNV_JN_01_SF_J.prefab,,,
515001,Effect/Prefabs/JueSe/BaDao/BaDaoNv/BaDao_Nv_AT1.prefab,,,,
515002,Effect/Prefabs/JueSe/BaDao/BaDaoNv/BaDao_Nv_AT2.prefab,Effect/Prefabs/JueSe/JueSe_JianBan/BaDao/BaDaoNv/BaDao_Nv_AT2.prefab,,,
515003,Effect/Prefabs/JueSe/BaDao/BaDaoNv/BaDao_Nv_AT3.prefab,Effect/Prefabs/JueSe/JueSe_JianBan/BaDao/BaDaoNv/BaDao_Nv_AT3.prefab,,,
515004,Effect/Prefabs/JueSe/BaDao/BaDaoNv/BaDao_Nv_AT4.prefab,Effect/Prefabs/JueSe/JueSe_JianBan/BaDao/BaDaoNv/BaDao_Nv_AT4.prefab,,,
515005,Effect/Prefabs/JueSe/BaDao/BaDaoNv/BaDao_Nv_JN_01a.prefab,Effect/Prefabs/JueSe/JueSe_JianBan/BaDao/BaDaoNv/BaDao_Nv_JN_01a.prefab,,,
515006,Effect/Prefabs/JueSe/BaDao/BaDaoNv/BaDao_Nv_JN_01.prefab,Effect/Prefabs/JueSe/JueSe_JianBan/BaDao/BaDaoNv/BaDao_Nv_JN_01.prefab,,,
515008,Effect/Prefabs/JueSe/BaDao/BaDaoNv/BaDao_Nv_JN_02_01.prefab,Effect/Prefabs/JueSe/JueSe_JianBan/BaDao/BaDaoNv/BaDao_Nv_JN_02_01.prefab,,,
515011,Effect/Prefabs/JueSe/BaDao/BaDaoNv/BaDao_Nv_JN_03.prefab,Effect/Prefabs/JueSe/JueSe_JianBan/BaDao/BaDaoNv/BaDao_Nv_JN_03.prefab,,,
515015,Effect/Prefabs/JueSe/BaDao/BaDaoNv/BaDao_Nv_JN_04_SF.prefab,Effect/Prefabs/JueSe/JueSe_JianBan/BaDao/BaDaoNv/BaDao_Nv_JN_04_SF.prefab,,,
515020,Effect/Prefabs/JueSe/BaDao/BaDaoNv/BaDao_Nv_JN_05.prefab,,,,
515601,Effect/Prefabs/JueSe/DuanShi/DuanShiNv/DuanShi_Nv_AT_01.prefab,Effect/Prefabs/JueSe/JueSe_JianBan/DuanShi/DuanShiNv/DuanShi_Nv_AT_01_J.prefab,,,
515602,Effect/Prefabs/JueSe/DuanShi/DuanShiNv/DuanShi_Nv_AT_02.prefab,Effect/Prefabs/JueSe/JueSe_JianBan/DuanShi/DuanShiNv/DuanShi_Nv_AT_02_J.prefab,,,
515604,Effect/Prefabs/JueSe/DuanShi/DuanShiNv/DuanShi_Nv_AT_04.prefab,Effect/Prefabs/JueSe/JueSe_JianBan/DuanShi/DuanShiNv/DuanShi_Nv_AT_04_J.prefab,,,
515606,Effect/Prefabs/JueSe/DuanShi/DuanShiNv/DuanShi_Nv_JN_01.prefab,Effect/Prefabs/JueSe/JueSe_JianBan/DuanShi/DuanShiNv/DuanShi_Nv_JN_01_J.prefab,,,
515608,Effect/Prefabs/JueSe/DuanShi/DuanShiNv/DuanShi_Nv_JN_02.prefab,Effect/Prefabs/JueSe/JueSe_JianBan/DuanShi/DuanShiNv/DuanShi_Nv_JN_02_J.prefab,,,
515611,Effect/Prefabs/JueSe/DuanShi/DuanShiNv/DuanShi_Nv_JN_03_SF.prefab,Effect/Prefabs/JueSe/JueSe_JianBan/DuanShi/DuanShiNv/DuanShi_Nv_JN_03_SF_J.prefab,,,
516301,Effect/Prefabs/JueSe/ShenJi/ShenJiNv/at01.prefab,Effect/Prefabs/JueSe/JueSe_JianBan/ShenJi/ShenJi_Nv/at01.prefab,,,
516302,Effect/Prefabs/JueSe/ShenJi/ShenJiNv/at02.prefab,Effect/Prefabs/JueSe/JueSe_JianBan/ShenJi/ShenJi_Nv/at02.prefab,,,
516303,Effect/Prefabs/JueSe/ShenJi/ShenJiNv/at03.prefab,Effect/Prefabs/JueSe/JueSe_JianBan/ShenJi/ShenJi_Nv/at03.prefab,,,
516304,Effect/Prefabs/JueSe/ShenJi/ShenJiNv/at04.prefab,Effect/Prefabs/JueSe/JueSe_JianBan/ShenJi/ShenJi_Nv/at04.prefab,,,
516308,Effect/Prefabs/JueSe/ShenJi/ShenJiNv/jn04_sf.prefab,Effect/Prefabs/JueSe/JueSe_JianBan/ShenJi/ShenJi_Nv/jn04_sf.prefab,,,
516311,Effect/Prefabs/JueSe/ShenJi/ShenJiNv/jn03_sf.prefab,Effect/Prefabs/JueSe/JueSe_JianBan/ShenJi/ShenJi_Nv/jn03_sf.prefab,,,
516601,Effect/Prefabs/JueSe/ChongXiao/ChongXiaoNv/ChongXiao_Nv_AT_01.prefab,Effect/Prefabs/JueSe/JueSe_JianBan/ChongXiao/ChongXiaoNv/ChongXiao_Nv_AT_01_J.prefab,,,
516602,Effect/Prefabs/JueSe/ChongXiao/ChongXiaoNv/ChongXiao_Nv_AT_02.prefab,Effect/Prefabs/JueSe/JueSe_JianBan/ChongXiao/ChongXiaoNv/ChongXiao_Nv_AT_02_J.prefab,,,
516603,Effect/Prefabs/JueSe/ChongXiao/ChongXiaoNv/ChongXiao_Nv_AT_03.prefab,Effect/Prefabs/JueSe/JueSe_JianBan/ChongXiao/ChongXiaoNv/ChongXiao_Nv_AT_03_J.prefab,,,
516604,Effect/Prefabs/JueSe/ChongXiao/ChongXiaoNv/ChongXiao_Nv_AT_04.prefab,Effect/Prefabs/JueSe/JueSe_JianBan/ChongXiao/ChongXiaoNv/ChongXiao_Nv_AT_04_J.prefab,,,
516606,Effect/Prefabs/JueSe/ChongXiao/ChongXiaoNv/ChongXiao_Nv_JN_01.prefab,Effect/Prefabs/JueSe/JueSe_JianBan/ChongXiao/ChongXiaoNv/ChongXiao_Nv_JN_01_J.prefab,,,
516608,Effect/Prefabs/JueSe/ChongXiao/ChongXiaoNv/ChongXiao_Nv_JN_02.prefab,Effect/Prefabs/JueSe/JueSe_JianBan/ChongXiao/ChongXiaoNv/ChongXiao_Nv_JN_02_J.prefab,,,
516610,Effect/Prefabs/JueSe/ChongXiao/ChongXiaoNv/ChongXiao_Nv_JN_03.prefab,Effect/Prefabs/JueSe/JueSe_JianBan/ChongXiao/ChongXiaoNv/ChongXiao_Nv_JN_03_J.prefab,,,
516612,Effect/Prefabs/JueSe/ChongXiao/ChongXiaoNv/ChongXiao_Nv_JN_04.prefab,Effect/Prefabs/JueSe/JueSe_JianBan/ChongXiao/ChongXiaoNv/ChongXiao_Nv_JN_04_J.prefab,,,
517101,Effect/Prefabs/JueSe/Huimeng/Hm_at_01_fz_f.prefab,,,,
517102,Effect/Prefabs/JueSe/Huimeng/Hm_at_02_fz_f.prefab,,,,
517103,Effect/Prefabs/JueSe/Huimeng/Hm_at_03_fz_f.prefab,,,,
517104,Effect/Prefabs/JueSe/Huimeng/Hm_at_04_fz_f.prefab,,,,
517106,Effect/Prefabs/JueSe/Huimeng/Hm_JN_01_fz_f.prefab,,,,
517108,Effect/Prefabs/JueSe/Huimeng/Hm_JN_02_fz_f.prefab,,,,
517109,Effect/Prefabs/JueSe/Huimeng/Hm_JN_03_fz_nv.prefab,Effect/Prefabs/JueSe/JueSe_JianBan/huimeng/Hm_JN_03_fz_nv_J.prefab,,,
517112,Effect/Prefabs/JueSe/Huimeng/Hm_JN_04_fz_f.prefab,,,,
524001,Effect/Prefabs/JueSe/TangMen/TangMenNv/TangMen_at_D_01.prefab,Effect/Prefabs/JueSe/JueSe_JianBan/TangMen/TangMenNv/TangMen_at_D_01_J.prefab,Effect/Prefabs/JueSe/TangMen/TangMen_JX/TangMen_at_D_01_jx_c.prefab,,
524002,Effect/Prefabs/JueSe/TangMen/TangMenNv/TangMen_at_D_02.prefab,,Effect/Prefabs/JueSe/TangMen/TangMen_JX/TangMen_at_D_02_jx_c.prefab,,
524003,Effect/Prefabs/JueSe/TangMen/TangMenNv/TangMen_at_D_03.prefab,,Effect/Prefabs/JueSe/TangMen/TangMen_JX/TangMen_at_D_03_jx_c.prefab,,
524004,Effect/Prefabs/JueSe/TangMen/TangMenNv/TangMen_at_D_04.prefab,Effect/Prefabs/JueSe/JueSe_JianBan/TangMen/TangMenNv/TangMen_at_D_04_J.prefab,Effect/Prefabs/JueSe/TangMen/TangMen_JX/TangMen_at_D_04_jx_c.prefab,,
524009,Effect/Prefabs/JueSe/TangMen/TangMenNv/TangMen_JN_02_D.prefab,,Effect/Prefabs/JueSe/TangMen/TangMen_JX/TangMen_JX_JN_01_D.prefab,,
524012,Effect/Prefabs/JueSe/TangMen/TangMenNv/TangMen_JN_04_D.prefab,,Effect/Prefabs/JueSe/TangMen/TangMen_JX/TangMen_JX_JN_04_D.prefab,,
524025,Effect/Prefabs/JueSe/TangMen/TangMenNv/TangMen_JN_04_CX.prefab,,Effect/Prefabs/JueSe/TangMen/TangMen_JX/TangMen_JX_JN_04_CX.prefab,,
525006,Effect/Prefabs/JueSe/BaDao/BaDaoNv/BaDao_Nv_JN_01_XueDaoBUFF.prefab,,,,
525008,Effect/Prefabs/JueSe/BaDao/BaDaoNv/BaDao_Nv_JN_02_02.prefab,Effect/Prefabs/JueSe/JueSe_JianBan/BaDao/BaDaoNv/BaDao_Nv_JN_02_02.prefab,,,
525015,Effect/Prefabs/JueSe/BaDao/BaDaoNv/BaDao_Nv_JN_04_BUFF.prefab,Effect/Prefabs/JueSe/JueSe_JianBan/BaDao/BaDaoNv/BaDao_Nv_JN_04_BUFF.prefab,,,
525021,Effect/Prefabs/JueSe/TW/TWNv/TianwangNv_at01.prefab,,Effect/Prefabs/JueSe/TW/TW_JX/TW_JX_at01.prefab,,
525022,Effect/Prefabs/JueSe/TW/TWNv/TianwangNv_at02.prefab,,Effect/Prefabs/JueSe/TW/TW_JX/TW_JX_at02.prefab,,
525023,Effect/Prefabs/JueSe/TW/TWNv/TianwangNv_JN_02_buff_mqf.prefab,,,,
525024,Effect/Prefabs/JueSe/TW/TWNv/TianwangNv_JN_03.prefab,Effect/Prefabs/JueSe/JueSe_JianBan/TianWang/TianWangNv/TianwangNv_JN_03_J.prefab,Effect/Prefabs/JueSe/TW/TW_JX/TW_JX_JN03_Nv.prefab,,
525601,Effect/Prefabs/JueSe/DuanShi/DuanShiNv/DuanShi_Nv_AT_D.prefab,Effect/Prefabs/JueSe/JueSe_JianBan/DuanShi/DuanShiNv/DuanShi_Nv_AT_D_J.prefab,,,
525602,Effect/Prefabs/JueSe/UI/Touxiangkuang01.prefab,,,,Phủ Màu Bạc Tuyết
525603,Effect/Prefabs/JueSe/UI/Touxiangkuang02.prefab,,,,Thương Hải Long Ngâm
525604,Effect/Prefabs/JueSe/UI/Touxiangkuang05.prefab,,,,Thần Cơ
525605,Effect/Prefabs/JueSe/UI/Touxiangkuang06.prefab,,,,Huyền Thủy
525606,Effect/Prefabs/JueSe/UI/Touxiangkuang07.prefab,,,,Xung Tiêu
525607,Effect/Prefabs/JueSe/UI/Touxiangkuang08.prefab,,,,Giang Hồ Đồng Hành
525608,Effect/Prefabs/JueSe/UI/Touxiangkuang09.prefab,,,,Hạng 1 Chung Kết Võ Lâm 102
525609,Effect/Prefabs/JueSe/UI/Touxiangkuang10.prefab,,,,Top 3 Chung Kết Võ Lâm 102
525610,Effect/Prefabs/JueSe/UI/Touxiangkuang11.prefab,,,,Top 10 Chung Kết Võ Lâm 102
525611,Effect/Prefabs/JueSe/UI/Touxiangkuang12.prefab,,,,Võ Đang
525612,Effect/Prefabs/JueSe/UI/Touxiangkuang13.prefab,,,,Tàn Nguyệt Trục Lộc
525613,Effect/Prefabs/JueSe/UI/Touxiangkuang14.prefab,,,,Long Dược Cửu Châu
525614,Effect/Prefabs/JueSe/UI/Touxiangkuang15.prefab,,,,Long Dược Chiến
525615,Effect/Prefabs/JueSe/UI/Touxiangkuang16.prefab,,,,Trục Lộc Chiến
525616,Effect/Prefabs/JueSe/UI/Touxiangkuang22.prefab,,,,Trục Lộc Chiến
525617,Effect/Prefabs/JueSe/UI/Touxiangkuang23.prefab,,,,Trục Lộc Chiến
526301,Effect/Prefabs/JueSe/ShenJi/ShenJiNv/at01_D.prefab,Effect/Prefabs/JueSe/JueSe_JianBan/ShenJi/ShenJi_Nv/at01_D.prefab,,,
526302,Effect/Prefabs/JueSe/ShenJi/ShenJiNv/at02_D.prefab,Effect/Prefabs/JueSe/JueSe_JianBan/ShenJi/ShenJi_Nv/at02_D.prefab,,,
526601,Effect/Prefabs/JueSe/ChongXiao/ChongXiaoNv/ChongXiao_Nv_AT_01_D.prefab,Effect/Prefabs/JueSe/JueSe_JianBan/ChongXiao/ChongXiaoNv/ChongXiao_Nv_AT_01_D_J.prefab,,,
526604,Effect/Prefabs/JueSe/ChongXiao/ChongXiaoNv/ChongXiao_Nv_AT_04_D.prefab,Effect/Prefabs/JueSe/JueSe_JianBan/ChongXiao/ChongXiaoNv/ChongXiao_Nv_AT_04_D_J.prefab,,,
526606,Effect/Prefabs/JueSe/ChongXiao/ChongXiaoNv/ChongXiao_Nv_JN_01_D.prefab,Effect/Prefabs/JueSe/JueSe_JianBan/ChongXiao/ChongXiaoNv/ChongXiao_Nv_JN_01_D_J.prefab,,,
526612,Effect/Prefabs/JueSe/ChongXiao/ChongXiaoNv/ChongXiao_Nv_JN_04_D.prefab,Effect/Prefabs/JueSe/JueSe_JianBan/ChongXiao/ChongXiaoNv/ChongXiao_Nv_JN_04_D_J.prefab,,,
534004,Effect/Prefabs/JueSe/TangMen/TangMenNv/TangMen_at04_ShiFa.prefab,,Effect/Prefabs/JueSe/TangMen/TangMen_JX/TangMen_at04_ShiFa_jx_c.prefab,,
535001,Effect/Prefabs/JueSe/other1/yanhua01.prefab,,,,Loan Phụng
535002,Effect/Prefabs/JueSe/other1/YanHua_04.prefab,,,,Pháo Hoa Mới
545001,Effect/Prefabs/UI/paizhao/pz_guang.prefab,,,,Ánh Sáng
545002,Effect/Prefabs/UI/paizhao/pz_pugongyin.prefab,,,,Bồ Công Anh
545003,Effect/Prefabs/UI/paizhao/pz_huaban.prefab,,,,Hoa Rơi
545004,Effect/Prefabs/UI/paizhao/pz_yinfu.prefab,,,,Nhịp Điệu
545005,Effect/Prefabs/UI/paizhao/pz_aixin.prefab,,,,Ái Mộ
545006,Effect/Prefabs/UI/paizhao/pz_paopao.prefab,,,,Bong Bóng
545007,Effect/Prefabs/UI/paizhao/pz_hudie.prefab,,,,Bươm Bướm
545008,Effect/Prefabs/UI/paizhao/pz_yun.prefab,,,,Áng Mây
545009,Effect/Prefabs/UI/paizhao/pz_yinhuochong.prefab,,,,Đom Đóm
545010,Effect/Prefabs/UI/paizhao/pz_xingxing.prefab,,,,Ánh Sao
545011,Effect/Prefabs/JueSe/UI/xuehua_bj.prefab,,,,Tranh Tuyết Địa
545012,Effect/Prefabs/JueSe/UI/xuehua_bj_juese.prefab,,,,Tranh Tuyết Địa
545013,Effect/Prefabs/JueSe/UI/HaiDao_BJ.prefab,,,,Tranh Hải Đảo
545014,Effect/Prefabs/JueSe/UI/HaiDao_BJ_juese.prefab,,,,Tranh Hải Đảo
545015,Effect/Prefabs/UI/pfjd01.prefab,,,,
545016,Effect/Prefabs/UI/paizhao/pz_yueliang.prefab,,,,
545017,Effect/Prefabs/UI/paizhao/pz_yinxing.prefab,,,,
545018,Effect/Prefabs/UI/paizhao/pz_zhuzi.prefab,,,,
545019,Effect/Prefabs/UI/paizhao/pz_xuehua.prefab,,,,
545020,Effect/Prefabs/UI/paizhao/pz_xingxing02.prefab,,,,
545021,Effect/Prefabs/UI/paizhao/pz_qiqiu.prefab,,,,
545022,Effect/Prefabs/JueSe/UI/HaiDi_bj.prefab,,,,Tranh Đáy Biển
545023,Effect/Prefabs/JueSe/UI/HaiDi_bj_JueSe.prefab,,,,Tranh Đáy Biển
545024,Effect/Prefabs/JueSe/NPC/Fuben/TongYong/QingDianYanHua_01.prefab,,,,Pháo Hoa Mừng Lễ
545025,Effect/Prefabs/JueSe/UI/Touxiangkuang03.prefab,,,,Kim Ngọc Mãn Đường
545026,Effect/Prefabs/JueSe/UI/Touxiangkuang04.prefab,,,,Hạng 1 Chung Kết
545027,Effect/Prefabs/UI/shengjiechenggong.prefab,,,,
545028,Effect/Prefabs/JueSe/other1/Effect_yanzhou_bj.prefab,,,,Diễn Tấu
545029,Effect/Prefabs/UI/paizhao/pz_wanxia.prefab,,,,Ráng Chiều
545030,Effect/Prefabs/UI/paizhao/pz_meihua.prefab,,,,Hoa Mai
545031,Effect/Prefabs/UI/paizhao/pz_bianpao.prefab,,,,Pháo
545032,Effect/Prefabs/UI/paizhao/pz_yinghua.prefab,,,,Anh Đào
545033,Effect/Prefabs/UI/paizhao/pz_yu.prefab,,,,Mưa
545034,Player/Npcs/Prefabs/npc_299.prefab,,,,Cổ Bối Quải
545035,Effect/Prefabs/JueSe/other1/Effect_lunyi_yan.prefab,,,,Luân Kỷ Yên Trần
545036,Effect/Prefabs/JueSe/other1/Effect_binwei.prefab,,,,Nguy Kịch
545037,Effect/Prefabs/HuoDong/Effect_Kc_blood_01_a.prefab,,,1,
545038,Effect/Prefabs/HuoDong/Effect_Kc_blood_01_b.prefab,,,1,
545039,Effect/Prefabs/HuoDong/Effect_Kc_blood_01_c.prefab,,,1,
545040,Effect/Prefabs/HuoDong/Effect_Kc_blood_01_d.prefab,,,1,
545041,Effect/Prefabs/HuoDong/Effect_Kc_blood_01_e.prefab,,,1,
545042,Effect/Prefabs/JueSe/other1/Effect_xueqiao_yan.prefab,,,,Hiệu ứng Xe Trượt Tuyết
545043,Effect/Prefabs/JueSe/other1/Effect_xueqiao_st1.prefab,,,,Hiệu ứng Xe Trượt Tuyết
545044,Effect/Prefabs/JueSe/UI/pubu_bj.prefab,,,,Tranh Huyền Thủy
545045,Effect/Prefabs/JueSe/UI/pubu_bj_juese.prefab,,,,Tranh Huyền Thủy
545046,Effect/Prefabs/JueSe/UI/pubu_bj02.prefab,,,,Tranh Huyền Thủy
545047,Effect/Prefabs/UI/paizhao/pz_denglong.prefab,,,,Đèn Lồng
545048,Effect/Prefabs/UI/paizhao/pz_caihong.prefab,,,,Cầu Vồng
545049,Effect/Prefabs/UI/paizhao/pz_hua.prefab,,,,Hoa
545050,Effect/Prefabs/UI/paizhao/pz_shuye.prefab,,,,Lá Xanh
545051,Effect/Prefabs/UI/paizhao/pz_haidi.prefab,,,,Đáy Biển
545052,Effect/Prefabs/JueSe/YM_Q/JN_02_buff_gai_01.prefab,,,,Vòng Sáng
545053,Player/Npcs/Prefabs/npc_311_b.prefab,,,,Quan Vũ
545054,Effect/Prefabs/HuoDong/Effect_FSFB_SJ.prefab ,,,,Tăng cấp
545055,Effect/Prefabs/HuoDong/Effect_FSFB_BQ.prefab ,,,,Bạo Tiền
545056,Effect/Prefabs/HuoDong/Effect_blood_01_a.prefab,,,1,
545057,Effect/Prefabs/HuoDong/Effect_blood_02_a.prefab,,,1,
545058,Effect/Prefabs/HuoDong/Effect_blood_03_a.prefab,,,1,
545059,Effect/Prefabs/HuoDong/Effect_blood_04_a.prefab,,,1,
545060,Effect/Prefabs/HuoDong/Effect_blood_05_a.prefab,,,1,
545061,Effect/Prefabs/UI/paizhao/pz_shanhai.prefab,,,,Sơn Hải
545062,Effect/Prefabs/UI/paizhao/pz_yanhua.prefab,,,,Pháo Hoa
545063,Effect/Prefabs/JueSe/UI/Chongxiao_bj.prefab,,,,Bản Đồ Xung Tiêu
545064,Effect/Prefabs/JueSe/UI/Chongxiao_bj_juese.prefab,,,,Bản Đồ Xung Tiêu
545065,Effect/Prefabs/HuoDong/Effect_yanhua_glws_a.prefab,,,,Đồ Chơi Pháo Hoa
545066,Effect/Prefabs/JueSe/other1/Effect_npc_a021_st01.prefab,,,,Hầu Chung Bãi
545067,Effect/Prefabs/JueSe/other1/Effect_chuangong_JX.prefab,,,,Thức tỉnh Võ Đang
545068,Effect/Prefabs/JueSe/WuDang_JX/WD_JX_QieHuan.prefab,,,,Đổi trường phái Võ Đang
545069,Effect/Prefabs/HuoDong/Effect_Kc_Blood_02_a.prefab,,,,Thanh sinh lực Vận Lương
545070,Effect/Prefabs/HuoDong/Effect_Kc_Blood_02_b.prefab,,,,Thanh sinh lực Vận Lương
545071,Effect/Prefabs/HuoDong/Effect_Kc_Blood_02_c.prefab,,,,Thanh sinh lực Vận Lương
545072,Effect/Prefabs/HuoDong/Effect_Kc_Blood_02_d.prefab,,,,Thanh sinh lực Vận Lương
545073,Effect/Prefabs/HuoDong/Effect_Kc_Blood_02_e.prefab,,,,Thanh sinh lực Vận Lương
545074,Effect/Prefabs/HuoDong/Effect_Kc_Blood_02_f.prefab,,,,Thanh sinh lực Vận Lương
545075,Effect/Prefabs/HuoDong/Effect_Kc_Blood_02_g.prefab,,,,Thanh sinh lực Vận Lương
545076,Effect/Prefabs/HuoDong/Effect_Kc_Blood_02_h.prefab,,,,Thanh sinh lực Vận Lương
545077,Effect/Prefabs/HuoDong/Effect_Kc_Blood_02_i.prefab,,,,Thanh sinh lực Vận Lương
545078,Effect/Prefabs/HuoDong/Effect_Kc_Blood_02_j.prefab,,,,Thanh sinh lực Vận Lương
545079,Effect/Prefabs/HuoDong/Effect_qtsz_shuihu.prefab,,,,Tình Đồng Thủ Túc-Bong Bóng Bình Nước
545080,Effect/Prefabs/HuoDong/Effect_qtsz_feiliao.prefab,,,,Tình Đồng Thủ Túc-Bong Bóng Phân Bón
545081,Effect/Prefabs/HuoDong/Effect_qtsz_BUFF_02.prefab,,,,Tình Đồng Thủ Túc-Bón Phân Cây Quế
545082,Effect/Prefabs/HuoDong/Effect_qtsz_BUFF_01.prefab,,,,Tình Đồng Thủ Túc-Tưới Nước Cây Quế
545083,Effect/Prefabs/HuoDong/Effect_LJBJ_Lan.prefab,,,,Hoa Sơn Hộ Vệ Lam
545084,Effect/Prefabs/HuoDong/Effect_LJBJ_Hong.prefab,,,,Hoa Sơn Hộ Vệ Hồng
545085,Effect/Prefabs/HuoDong/Effect_TR_DHQ.prefab,,,,Long Châu Loạn Đấu-Hỏa Cầu
545086,Effect/Prefabs/HuoDong/Effect_TR_XHQ.prefab,,,,Long Trụ Đại Loạn Đấu-Hỏa Cầu Nhỏ
545087,Effect/Prefabs/HuoDong/Effect_TR.prefab,,,,Long Châu Loạn Đấu-Đánh Lui
545088,Effect/Prefabs/JueSe/NPC/Fuben/NPC_250-259/npc_250a_CX.prefab,,,,Nhiệm vụ Kim Long
545089,Effect/Prefabs/JueSe/NPC/Fuben/NPC_250-259/npc_251a_CX.prefab,,,,Nhiệm vụ Kim Long
545090,Effect/Prefabs/JueSe/NPC/Fuben/NPC_250-259/npc_252a_CX.prefab,,,,Nhiệm vụ Kim Long
545091,Effect/Prefabs/HuoDong/Effect_JieLong_L.prefab,,,,Nhiệm vụ Kim Long
545092,Effect/Prefabs/HuoDong/Effect_JieLong_Z.prefab,,,,Nhiệm vụ Kim Long
545093,Effect/Prefabs/HuoDong/Effect_JieLong_W.prefab,,,,Nhiệm vụ Kim Long
545094,Effect/Prefabs/HuoDong/Effect_JieLong_O.prefab,,,,Nhiệm vụ Kim Long
545095,Effect/Prefabs/JueSe/UI/huoyan_BJ.prefab,,,,Hỏa Diệm Bối Cảnh
545096,Effect/Prefabs/JueSe/UI/huoyan_BJ_js.prefab,,,,Hỏa Diệm Bối Cảnh
545097,Effect/Prefabs/HuoDong/Effect_TR_LZ_2.prefab,,,,Long Châu Loạn Đấu nhặt được
545098,Effect/Prefabs/JueSe/other1/Effect_ZuShuiQiang_01.prefab,,,,Trúc Thủy Thương-Hiệu ứng Bong Bóng
545099,Effect/Prefabs/JueSe/other1/Effect_ZuShuiQiang_02.prefab,,,,Trúc Thủy Thương-Bong Bóng nổ
545100,Effect/Prefabs/HuoDong/pzkj_shuiman_ly.prefab,,,,Liên Y
545101,Effect/Prefabs/HuoDong/pzkj_shuiman_ly_b.prefab,,,,Liên Y
545102,Effect/Prefabs/JueSe/other1/YanHua_09.prefab,,,,Pháo Hoa
545103,Effect/Prefabs/JueSe/emei_JX/emei_JX_QieHuan.prefab,,,,Đổi trường phái Nga Mi
545104,Effect/Prefabs/JueSe/xiaoyao/xiaoyao_c/XY_JX_QieHuan.prefab,,,,Đổi trường phái Tiêu Dao
545105,Effect/Prefabs/JueSe/UI/jianhua_BJ.prefab,,,,Bối Cảnh Kiếm Chủng
545106,Effect/Prefabs/JueSe/UI/jianhua_BJ_js.prefab,,,,Bối Cảnh Kiếm Chủng
545107,UI/Prefabs/Effect/SpecialTitle/GinkgoTitle36.prefab,,,,Danh hiệu Bậc Thầy Đúc Kiếm
545108,UI/Prefabs/Effect/SpecialTitle/GinkgoTitle46.prefab,,,,Danh hiệu Chứng Nhận Thần Kiếm
545109,UI/Prefabs/Effect/SpecialTitle/GinkgoTitle47.prefab,,,,Danh hiệu Thần Kiếm Hồn
545110,Effect/Prefabs/HuoDong/effect_boss132_zhanji.prefab,,,,Thiên Hỏa Đánh Thường
545111,Effect/Prefabs/HuoDong/effect_boss132_baofa.prefab,,,,AOE Xung Quanh Thiên Hỏa
545112,Effect/Prefabs/HuoDong/Effect_caijishuijing_01.prefab,,,,Hiệu ứng nhặt Thần Kiếm Kết Tinh
545113,UI/Prefabs/Effect/SpecialTitle/GinkgoTitle49.prefab,,,,Danh hiệu Danh Nhân Đai Ngoạn
545114,UI/Prefabs/Effect/SpecialTitle/GinkgoTitle50.prefab,,,,Danh Hiệu-Tự Thủy Như Ca
545115,UI/Prefabs/Effect/SpecialTitle/GinkgoTitle54.prefab,,,,Danh Hiệu-Dư Âm Nhiễu Lương
545116,UI/Prefabs/Effect/SpecialTitle/GinkgoTitle52.prefab,,,,Danh Hiệu-Thưởng Lạc Giang Hồ
545117,Effect/Prefabs/JueSe/UI/Touxiangkuang17.prefab,,,,Thiên Lại Âm
545118,Effect/Prefabs/JueSe/UI/Touxiangkuang18.prefab,,,,Dư Âm Du Dương
545119,Effect/Prefabs/JueSe/UI/Touxiangkuang19.prefab,,,,Giọng Thanh Thoát
545120,Effect/Prefabs/JueSe/other1/YanHua_11_zhongqiu.prefab,,,,Pháo Hoa Trung Thu
545121,Effect/Prefabs/JueSe/UI/Touxiangkuang20.prefab,,,,Hình Đại Diện Liễu Mi
545122,Effect/Prefabs/JueSe/UI/Touxiangkuang21.prefab,,,,Hình Đại Diện Hội Mộng
545123,Effect/Prefabs/JueSe/other1/Effect_chongwu_huli_tu.prefab,,,,Hồ Ly Tầm Bảo
545124,Effect/Prefabs/HuoDong/effect_dalei.prefab,,,,Hiệu ứng Sét Đánh
545125,UI/Prefabs/Effect/SpecialTitle/NanNvChatTitle_VN_1.prefab,,,,Đào Hoa Ngọc Diện
545126,UI/Prefabs/Effect/SpecialTitle/NanNvChatTitle_VN_2.prefab,,,,Tài Mạo Song Toàn
545127,UI/Prefabs/Effect/SpecialTitle/NanNvChatTitle_VN_3.prefab,,,,Thiên Kiều Bá Mị
545128,UI/Prefabs/Effect/SpecialTitle/NanNvChatTitle_VN_4.prefab,,,,Phong Lưu Phóng Khoáng
545129,UI/Prefabs/Effect/SpecialTitle/NanNvChatTitle_VN_5.prefab,,,,Như Hoa Như Ngọc
545130,UI/Prefabs/Effect/SpecialTitle/NanNvChatTitle_VN_6.prefab,,,,Lưu Phong Hồi Tuyết
545131,UI/Prefabs/Effect/SpecialTitle/NanNvChatTitle_VN_7.prefab,,,,Băng Thanh Ngọc Khiết
545132,UI/Prefabs/Effect/SpecialTitle/NanNvChatTitle_VN_8.prefab,,,,Thần Long Nam Phương
545133,UI/Prefabs/Effect/SpecialTitle/NanNvChatTitle_VN_9.prefab,,,,Thần Long Trung Phương
545134,UI/Prefabs/Effect/SpecialTitle/NanNvChatTitle_VN_10.prefab,,,,Thần Long Bắc Phương
545135,UI/Prefabs/Effect/SpecialTitle/NanNvChatTitle_VN_11.prefab,,,,Thiên Nữ Nam Phương
545136,UI/Prefabs/Effect/SpecialTitle/NanNvChatTitle_VN_12.prefab,,,,Thiên Nữ Trung Phương
545137,UI/Prefabs/Effect/SpecialTitle/NanNvChatTitle_VN_13.prefab,,,,Thiên Nữ Bắc Phương
545138,UI/Prefabs/Effect/SpecialTitle/NanNvChatTitle_VN_14.prefab,,,,Long Ngâm Nam Phương
545139,UI/Prefabs/Effect/SpecialTitle/NanNvChatTitle_VN_15.prefab,,,,Long Ngâm Trung Phương
545140,UI/Prefabs/Effect/SpecialTitle/NanNvChatTitle_VN_16.prefab,,,,Long Ngâm Bắc Phương
545141,UI/Prefabs/Effect/SpecialTitle/NanNvChatTitle_VN_17.prefab,,,,Phượng Vũ Nam Phương
545142,UI/Prefabs/Effect/SpecialTitle/NanNvChatTitle_VN_18.prefab,,,,Phượng Vũ Trung Phương
545143,UI/Prefabs/Effect/SpecialTitle/NanNvChatTitle_VN_19.prefab,,,,Phượng Vũ Bắc Phương
545144,UI/Prefabs/Effect/SpecialTitle/NanNvChatTitle_VN_20.prefab,,,,Lê Hoa Đái Vũ
545145,UI/Prefabs/Effect/SpecialTitle/NanNvChatTitle_VN_21.prefab,,,,Bá Vương Vạn Thế
545146,UI/Prefabs/Effect/SpecialTitle/NanNvChatTitle_VN_22.prefab,,,,Quốc Sắc Thiên Hương
545147,UI/Prefabs/Effect/SpecialTitle/NanNvChatTitle_VN_23.prefab,,,,Mày Kiếm Mắt Hổ
545148,UI/Prefabs/Effect/SpecialTitle/NanNvChatTitle_VN_24.prefab,,,,Hồng Lệ Tuyết Trang
545149,UI/Prefabs/Effect/SpecialTitle/NanNvChatTitle_VN_25.prefab,,,,Hào Hoa Phong Nhã
545150,UI/Prefabs/Effect/SpecialTitle/NanNvChatTitle_VN_26.prefab,,,,Dương Chi Bạch Ngọc
545151,UI/Prefabs/Effect/SpecialTitle/NanNvChatTitle_VN_27.prefab,,,,Khuynh Quốc Khuynh Thành
545152,Effect/Prefabs/JueSe/NPC/Fuben/TongYong/Effect_HaoShengYin_NuanNan.prefab,,,,Hiệu ứng xung quanh Nam Ôn Hòa
545153,Effect/Prefabs/JueSe/NPC/Fuben/TongYong/Effect_HaoShengYin_HuBa.prefab,,,,Hiệu ứng xung quanh Bạn Trai
545154,Effect/Prefabs/JueSe/NPC/Fuben/TongYong/Effect_HaoShengYin_XiYang.prefab,,,,Hiệu ứng xung quanh Ánh Chiều
545155,UI/Prefabs/Effect/SpecialTitle/DressTitle109_Effect.prefab,,,,Ánh Chiều kèm danh hiệu hiệu ứng
545156,UI/Prefabs/Effect/SpecialTitle/DressTitle110_Effect.prefab,,,,Không mang?
545157,UI/Prefabs/Effect/SpecialTitle/DressTitle111_Effect.prefab,,,,Ta chỉ quan tâm hiệu ứng
545158,UI/Prefabs/Effect/SpecialTitle/DressTitle112_Effect.prefab,,,,Không mang
545159,UI/Prefabs/Effect/SpecialTitle/DressTitle113_Effect.prefab,,,,Hiệu ứng Nam Ấm Áp 
545160,UI/Prefabs/Effect/SpecialTitle/DressTitle114_Effect.prefab,,,,Không mang
545161,UI/Prefabs/Effect/SpecialTitle/DressTitle115_Effect.prefab,,,,Hiệu ứng Hoa Rơi
545162,UI/Prefabs/Effect/SpecialTitle/DressTitle116_Effect.prefab,,,,Không mang
545163,UI/Prefabs/Effect/SpecialTitle/DressTitle117_Effect.prefab,,,,Hiệu ứng Lá Trà
545164,UI/Prefabs/Effect/SpecialTitle/DressTitle118_Effect.prefab,,,,Không mang
545165,UI/Prefabs/Effect/SpecialTitle/DressTitle119_Effect.prefab,,,,Hiệu ứng Bố Hổ 
545166,UI/Prefabs/Effect/SpecialTitle/DressTitle120_Effect.prefab,,,,Hiệu ứng Khói Mưa
545167,UI/Prefabs/Effect/SpecialTitle/DressTitle121_Effect.prefab,,,,Không mang
545168,UI/Prefabs/Effect/SpecialTitle/DressTitle122_Effect.prefab,,,,Hiệu ứng Rừng Sâu 
545169,UI/Prefabs/Effect/SpecialTitle/DressTitle123_Effect.prefab,,,,Hiệu ứng Giáp Sắt
545170,UI/Prefabs/Effect/SpecialTitle/DressTitle124_Effect.prefab,,,,Hiệu ứng Chú Hề 
545171,Effect/Prefabs/HuoDong/Effect_LYMJ_ChuanSong.prefab,,,,Truyền tống Xảo Đoạt Tiên
545172,Effect/Prefabs/HuoDong/Effect_PuSaXiang_Buff.prefab,,,,Xảo Đoạt Thần Tiên Bồ Tát
545173,Effect/Prefabs/HuoDong/Effect_PuSaXiang_HuZhao.prefab,,,,Xảo Đoạt Tiên Hộ Tráo
545174,Effect/Prefabs/HuoDong/Effect_LeiGong_Buff.prefab,,,,Xảo Đoạt Thần Tiên Lôi Công
545175,Effect/Prefabs/HuoDong/Effect_LeiGong_LeiJi.prefab,,,,Xảo Đoạt Thần Tiên Lôi Kích
545176,Effect/Prefabs/HuoDong/Effect_DaCaiShen_JingBi.prefab,,,,Vàng Xảo Đoạt Thần Tiên Đại Tài Thần
545177,Effect/Prefabs/HuoDong/Effect_DaCaiShen_Buff.prefab,,,,Xảo Đoạt Thần Tiên Đại Tài Thần
545178,Effect/Prefabs/HuoDong/Effect_XiaoCaiShen_JingBi.prefab,,,,Vàng Xảo Đoạt Thần Tiên Tiểu Tài Thần
545179,Effect/Prefabs/HuoDong/Effect_XiaoCaiShen_Buff.prefab,,,,Xảo Đoạt Thần Tiên Tiểu Tài Thần
545180,Effect/Prefabs/HuoDong/Effect_JHSD_TianDeng.prefab,,,,Hiệu ứng thả Thiên Đăng
545181,UI/Prefabs/Effect/SpecialTitle/DressTitle126_Effect.prefab,,,,Bậc Thầy Làm Đèn
545182,Effect/Prefabs/HuoDong/Effect_JHSD_TianDeng_dandu.prefab,,,,Hiệu ứng thả Thiên Đăng
545183,UI/Prefabs/Effect/SpecialTitle/DressTitle127_Effect.prefab,,,,Hỏa Thụ Ngân Hoa
545184,UI/Prefabs/Effect/SpecialTitle/DressTitle128_Effect.prefab,,,,Nhân Gian Tinh Hà
545185,UI/Prefabs/Effect/SpecialTitle/GinkgoTitle55.prefab,,,,Tung Hoành Muôn Dặm-Vàng
545186,UI/Prefabs/Effect/SpecialTitle/GinkgoTitle56.prefab,,,,Tung Hoành Muôn Dặm-Đồng
545187,UI/Prefabs/Effect/SpecialTitle/GinkgoTitle57.prefab,,,,Tung Hoành Muôn Dặm-Bạc
545188,UI/Prefabs/Effect/SpecialTitle/GinkgoTitle58.prefab,,,,Du Hiệp Tiêu Dao-Vàng
545189,UI/Prefabs/Effect/SpecialTitle/GinkgoTitle59.prefab,,,,Du Hiệp Tiêu Dao-Đồng
545190,UI/Prefabs/Effect/SpecialTitle/GinkgoTitle60.prefab,,,,Du Hiệp Tiêu Dao-Bạc
545191,UI/Prefabs/Effect/SpecialTitle/DressTitle129_Effect.prefab,,,,Thanh Linh Nguyệt Ảnh
545192,Effect/Prefabs/HuoDong/S5_Effect_LanQuan.prefab,,,,Đường Vận Lương_Vòng phạm vi 1 (Lam)
545193,Effect/Prefabs/HuoDong/S5_Effect_HongQuan.prefab,,,,Đường Vận Lương_Vòng phạm vi 1 (Đỏ)
545194,Effect/Prefabs/HuoDong/S5_Effect_HuiQuan.prefab,,,,Đường Vận Lương_Vòng phạm vi 1 (Xám)
545195,Effect/Prefabs/HuoDong/S5_Effect_HuangQuan_JCD_CX.prefab,,,,Đường Vận Lương_Hiệu ứng điểm kiểm tra duy trì
545196,Effect/Prefabs/HuoDong/S5_Effect_HuangQuan_JCD_XS.prefab,,,,Đường Vận Lương_Hiệu ứng hoàn thành điểm kiểm tra
545197,Effect/Prefabs/HuoDong/S5_Effect_HuangQuan_ZD_CX.prefab,,,,Đường Vận Lương_Hiệu ứng đích đến duy trì
545198,Effect/Prefabs/HuoDong/S5_Effect_LanQuan_ZD_XS.prefab,,,,Đường Vận Lương_Hiệu ứng đến đích
545199,Effect/Prefabs/HuoDong/S5_Effect_LanQuan_ZL.prefab,,,,Đường Vận Lương_Hiệu ứng chiếm lĩnh xe đẩy
545200,Effect/Prefabs/HuoDong/S5_Effect_TianHuo.prefab,,,,Đường Vận Lương_Thiên Hỏa
545201,Effect/Prefabs/HuoDong/JC5_Effect_WuZiXiang_Buff.prefab,,,,Giảm Tốc
545202,UI/Prefabs/Effect/SpecialTitle/DressTitle130_Effect.prefab,,,,Quan Trải Nghiệm Đầu Tiên 2022
545203,Effect/Prefabs/JueSe/TR/Tianren_c/TR_JX_QieHuan.prefab,,,,Thiên Nhẫn Thức Tỉnh
545204,UI/Prefabs/Effect/SpecialTitle/DressTitle131_Effect.prefab,,,,Cửu Sắc Lộc
545205,Effect/Prefabs/JueSe/UI/zhenying_01.prefab,,,,Quyết Chiến Trường Bạch-Phe 1
545206,Effect/Prefabs/JueSe/UI/zhenying_02.prefab,,,,Phe Quyết Chiến Trường Bạch 2
545207,Effect/Prefabs/JueSe/UI/zhenying_03.prefab,,,,Phe Quyết Chiến Trường Bạch 3
545208,Effect/Prefabs/JueSe/UI/zhenying_04.prefab,,,,Phe Quyết Chiến Trường Bạch 4
545209,Effect/Prefabs/JueSe/UI/zhenying_05.prefab,,,,Phe Quyết Chiến Trường Bạch 5
545210,Effect/Prefabs/JueSe/UI/zhenying_06.prefab,,,,Phe Quyết Chiến Trường Bạch 6
545211,Effect/Prefabs/JueSe/UI/zhenying_07.prefab,,,,Phe Quyết Chiến Trường Bạch 7
545212,Effect/Prefabs/JueSe/UI/zhenying_08.prefab,,,,Phe Quyết Chiến Trường Bạch 8
545213,Effect/Prefabs/JueSe/UI/zhenying_09.prefab,,,,Phe Quyết Chiến Trường Bạch 9
545214,Effect/Prefabs/JueSe/UI/zhenying_10.prefab,,,,Phe Quyết Chiến Trường Bạch 10
545215,Effect/Prefabs/JueSe/UI/zhenying_11.prefab,,,,Phe Quyết Chiến Trường Bạch 11
545216,Effect/Prefabs/JueSe/UI/zhenying_12.prefab,,,,Phe Quyết Chiến Trường Bạch 12
545217,UI/Prefabs/Effect/SpecialTitle/DressTitle132_Effect.prefab,,,,Thông Hiểu Nhân Gian
545218,UI/Prefabs/Effect/SpecialTitle/DressTitle133_Effect.prefab,,,,Dạo Khắp Đất Trời
545219,UI/Prefabs/Effect/SpecialTitle/DressTitle134_Effect.prefab,,,,Danh hiệu Ước Hẹn Tây Hồ
545220,UI/Prefabs/Effect/SpecialTitle/DressTitle135_Effect.prefab,,,,Danh hiệu Giảo Nguyệt Tinh Huy
545221,Effect/Prefabs/JueSe/CangJian/cangjian_c/CangJian_JX_QieHuan.prefab,,,,Tàng Kiếm Thức Tỉnh
545222,Effect/Prefabs/HuoDong/Effect_goddess_XiiaoGuangQuan.prefab,,,,Vòng Sáng Nữ Thần-Nhỏ
545223,Effect/Prefabs/HuoDong/Effect_goddess_DaGuangQuan.prefab,,,,Vòng Sáng Nữ Thần-Lớn
545224,Effect/Prefabs/HuoDong/Effect_goddess_ShiQu.prefab,,,,Nữ Thần nhặt
545225,Effect/Prefabs/HuoDong/Effect_goddess_GuangQuan_GongJi.prefab,,,,Vòng sáng tấn công Nữ Thần
545226,Effect/Prefabs/HuoDong/Effect_goddess_GuangQuan_BaoHu.prefab,,,,Vòng sáng Hộ Thuẫn Nữ Thần
545227,Effect/Prefabs/HuoDong/Effect_goddess_GuangQuan_MianKong.prefab,,,,Vòng sáng miễn dịch khống chế Nữ Thần
545228,Effect/Prefabs/HuoDong/Effect_goddess_ShuiJin_BaoZha.prefab,,,,Thủy Tinh Nổ
545229,Effect/Prefabs/HuoDong/Effect_GuangQuan_GongJi_Buff.prefab,,,,Buff Tấn Công Nữ Thần
545230,Effect/Prefabs/HuoDong/Effect_goddess_BaoHu_HuDun.prefab,,,,Buff Hộ Thuẫn Nữ Thần
545231,Effect/Prefabs/HuoDong/Effect_goddess_MianYi_Buff.prefab,,,,Buff Miễn Dịch Nữ Thần
545232,Effect/Prefabs/HuoDong/Effect_goddess_GuangQuan_GongJi_JiHuo.prefab,,,,Kích hoạt vòng sáng tấn công Nữ Thần
545233,Effect/Prefabs/HuoDong/Effect_goddess_GuangQuan_BaoHu_JiHuo.prefab,,,,Kích hoạt vòng sáng Hộ Thuẫn Nữ Thần
545234,Effect/Prefabs/HuoDong/Effect_goddess_GuangQuan_MianKong_JiHuo.prefab,,,,Kích hoạt vòng sáng miễn dịch khống chế Nữ Thần
545235,UI/Prefabs/Effect/SpecialTitle/DressTitle136_Effect.prefab,,,,Tây Vực Viễn Chinh Tiên Phong
545236,UI/Prefabs/Effect/SpecialTitle/DressTitle137_Effect.prefab,,,,Bất Phá Lâu Lan Chung Bất Hoàn
545237,UI/Prefabs/Effect/SpecialTitle/DressTitle138_Effect.prefab,,,,Danh Hiệu Kiếm Chỉ Giang Sơn (90 Ngày)
545238,UI/Prefabs/Effect/SpecialTitle/DressTitle139_Effect.prefab,,,,Danh Hiệu Tàng Phong Xuất Sáo (90 Ngày)
545239,UI/Prefabs/Effect/SpecialTitle/DressTitle140_Effect.prefab,,,,Danh Hiệu Sương Nhẫn Vô Hối (90 Ngày)
545240,UI/Prefabs/Effect/SpecialTitle/DressTitle141_Effect.prefab,,,,Minh Mâu Thiện Lãi Liễm Tiên Tư-Kim
545241,UI/Prefabs/Effect/SpecialTitle/DressTitle143_Effect.prefab,,,,Minh Mâu Thiện Lãi Liễm Tiên Tư-Ngân
545242,UI/Prefabs/Effect/SpecialTitle/DressTitle142_Effect.prefab,,,,Minh Mâu Thiện Lãi Liễm Tiên Tư-Đồng
545243,UI/Prefabs/Effect/SpecialTitle/DressTitle144_Effect.prefab,,,,Sắc Nước Dịu Dàng-Kim
545244,UI/Prefabs/Effect/SpecialTitle/DressTitle145_Effect.prefab,,,,Sắc Nước Dịu Dàng-Ngân
545245,UI/Prefabs/Effect/SpecialTitle/DressTitle146_Effect.prefab,,,,Sắc Nước Dịu Dàng-Đồng
545246,UI/Prefabs/Effect/SpecialTitle/DressTitle148_Effect.prefab,,,,Ấm Nhuần Ngọc Sáng-Kim
545247,UI/Prefabs/Effect/SpecialTitle/DressTitle147_Effect.prefab,,,,Ấm Nhuần Ngọc Sáng-Ngân
545248,UI/Prefabs/Effect/SpecialTitle/DressTitle149_Effect.prefab,,,,Ấm Nhuần Ngọc Sáng-Đồng
545249,Effect/Prefabs/HuoDong/Effect_ZuDuiPVE_boss132_jitui.prefab,,,,Thiên Hỏa Đánh Lui
545250,Effect/Prefabs/HuoDong/Effect_ZuDuiPVE_HanQi10.prefab,,,,Hàn Khí
545251,Effect/Prefabs/HuoDong/Effect_ZuDuiPVE_BingCi5.prefab,,,,Băng Thích 5m
545252,Effect/Prefabs/HuoDong/Effect_ZuDuiPVE_BingCi10.prefab,,,,Băng Thích 10m
545253,Effect/Prefabs/HuoDong/Effect_ZuDuiPVE_BingCi15.prefab,,,,Băng Thích 15m
545254,Effect/Prefabs/HuoDong/Effect_ZuDuiPVE_TieLao.prefab,,,,Lồng Giam
545255,UI/Prefabs/Effect/SpecialTitle/DressTitle150_Effect.prefab,,,,Danh hiệu Già Lâu Sí Vũ
545256,Effect/Prefabs/HuoDong/Effect_BaiZhanLouLan_FeiShaLing.prefab,,,,Sa Lệnh
545257,Effect/Prefabs/HuoDong/Effect_BaiZhanLouLan_TieLao.prefab,,,,Thiết Lao Lệnh
545258,Effect/Prefabs/HuoDong/Effect_ZuDuiPVE_YuJing15.prefab,,,,Cảnh Báo Vòng Đỏ 15m
545259,Effect/Prefabs/HuoDong/Effect_ZuDuiPVE_ZhaDanBaoZha.prefab,,,,Bom Nổ 15m
545260,Effect/Prefabs/HuoDong/Effect_ZuDuiPVE_ZhaDanYuJing.prefab,,,,Dự Báo Bom
545261,Effect/Prefabs/HuoDong/Effect_ZuDuiPVE_ShanXingAOE_Qian.prefab,,,,AOE Hình Quạt_Trước
545262,Effect/Prefabs/HuoDong/Effect_ZuDuiPVE_ShanXingAOE_Hou.prefab,,,,AOE Hình Quạt_Sau
545263,Effect/Prefabs/HuoDong/Effect_ZuDuiPVE_boss130_LingHunGui.prefab,,,,Kỹ năng boss 130 Linh Hồn Trở Về
545264,Effect/Prefabs/HuoDong/Effect_ZuDuiPVE_boss130_LingHunChu.prefab,,,,Kỹ năng boss 130 Linh Hồn Xuất Khiếu
545265,Effect/Prefabs/JueSe/TianShan/Tianshan_c/TS_JX_QieHuan.prefab,,,,Thức Tỉnh Thiên Sơn
545266,Effect/Prefabs/HuoDong/Effect_ZuDuiPVE_YuJing5.prefab,,,,Cảnh Báo Vòng Đỏ 5m
545267,Effect/Prefabs/HuoDong/Effect_ZuDuiPVE_YuJing10.prefab,,,,Cảnh Báo Vòng Đỏ 10m
545268,Effect/Prefabs/HuoDong/Effect_ZuDuiPVE_YuJing20.prefab,,,,Cảnh Báo Vòng Đỏ 20m
545269,Effect/Prefabs/HuoDong/Effect_ZuDuiPVE_ZhaDanBaoZha5.prefab,,,,Bom nở 5m
545270,Effect/Prefabs/HuoDong/Effect_ZuDuiPVE_ZhaDanBaoZha10.prefab,,,,Bom nở 10m
545271,Effect/Prefabs/HuoDong/Effect_ZuDuiPVE_ZhaDanBaoZha20.prefab,,,,Bom nở 20m
545272,UI/Prefabs/Effect/SpecialTitle/GinkgoTitle61.prefab,,,,Hạc Minh Vu Cửu Cao
545273,Effect/Prefabs/JueSe/UI/Touxiangkuang24.prefab,,,,Khung Đại Diện-Sơn Hà Bá Vương
545274,Effect/Prefabs/JueSe/UI/Touxiangkuang25.prefab,,,,Khung Đại Diện-Sơn Hà Minh Nguyệt
545275,Effect/Prefabs/JueSe/UI/Effect_CPtangsong_BuLi.prefab,,,,Hoa Hải Mịch Duyên_Đỏ
545276,Effect/Prefabs/JueSe/UI/Effect_CPtangsong_BuQi.prefab,,,,Hoa Hải Mịch Duyên_Tím
545277,Effect/Prefabs/JueSe/UI/Effect_CPtangsong_HunQian.prefab,,,,Hoa Hải Mịch Duyên_Lam
545278,Effect/Prefabs/JueSe/UI/Effect_CPtangsong_XingZhi.prefab,,,,Hoa Hải Mịch Duyên_Lục
545279,Effect/Prefabs/HuoDong/Effect_ZuDuiPVE_YuJing3.prefab,,,,Cảnh Báo Vòng Đỏ 3m
545280,UI/Prefabs/Effect/SpecialTitle/DressTitle158_Effect.prefab,,,,Độc Bộ Giang Hồ
545281,UI/Prefabs/Effect/SpecialTitle/DressTitle152_Effect.prefab,,,,Kiếm Khiếu Táng Thiên
545282,UI/Prefabs/Effect/SpecialTitle/DressTitle156_Effect.prefab,,,,Anh hùng hào khí
545283,UI/Prefabs/Effect/SpecialTitle/DressTitle155_Effect.prefab,,,,Diễm tuyệt giang hồ
545284,UI/Prefabs/Effect/SpecialTitle/DressTitle154_Effect.prefab,,,,Thần Hoa Như Phác
545285,UI/Prefabs/Effect/SpecialTitle/DressTitle153_Effect.prefab,,,,Xảo Đấu Quần Hùng
545286,UI/Prefabs/Effect/SpecialTitle/DressTitle157_Effect.prefab,,,,Nhất Chiến Thành Danh
545287,Effect/Prefabs/JueSe/NPC/Fuben/TongYong/Effect_LianSai_JiangHu.prefab,,,,Độc Bộ Giang Hồ-Xung Quanh
545288,Effect/Prefabs/JueSe/NPC/Fuben/TongYong/Effect_LianSai_JianXiao.prefab,,,,Kiếm Khiếu Táng Thiên-Xung Quanh
545289,Effect/Prefabs/JueSe/NPC/Fuben/TongYong/Effect_LianSai_LiuHe.prefab,,,,Danh tiếng giang hồ vang bốn cõi
545290,Effect/Prefabs/JueSe/NPC/Fuben/TongYong/Effect_LianSai_WeiMing.prefab,,,,Anh hùng hào khí rợp tám phương
545291,Effect/Prefabs/JueSe/NPC/Fuben/TongYong/Effect_LianSai_ShenHua.prefab,,,,Thần Hoa Như Phác
545292,Effect/Prefabs/JueSe/NPC/Fuben/TongYong/Effect_LianSai_QiaoDou.prefab,,,,Xảo Đấu Quần Hùng
545293,Effect/Prefabs/JueSe/NPC/Fuben/TongYong/Effect_LianSai_YiZhan.prefab,,,,Nhất Chiến Thành Danh
545294,Effect/Prefabs/JueSe/UI/EffectUI_ZNQ_ShuaZi1.prefab,,,,Bàn Chải Đoạt Bảo Kỳ Binh
545295,Effect/Prefabs/JueSe/UI/EffectUI_ZNQ_ChanZi1.prefab,,,,Xẻng Đoạt Bảo Kỳ Binh
545296,Effect/Prefabs/JueSe/UI/Touxiangkuang26.prefab,,,,Khung Đại Diện-Ánh Sáng Dẫn Đường
545297,UI/Prefabs/Effect/SpecialTitle/DressTitle160_Effect.prefab,,,,Danh Hiệu-Ánh Sao Lấp Lánh
545298,Effect/Prefabs/JueSe/UI/Touxiangkuang27.prefab,,,,Khung Đại Diện-Trục Lộc Chiến
545299,Effect/Prefabs/JueSe/UI/Touxiangkuang28.prefab,,,,Thần Tượng Thời Trang
545300,Effect/Prefabs/JueSe/UI/Touxiangkuang29.prefab,,,,Ngôi Sao Lấp Lánh
545301,UI/Prefabs/Effect/SpecialTitle/DressTitle161_Effect.prefab,,,,Danh Hiệu-Vương Miện Rực Rỡ
545302,Effect/Prefabs/HuoDong/Effect_tuanbenPVE_HuiXue10.prefab,,,,Đoàn Đội Thí Luyện-Hồi phục phạm vi
545303,Effect/Prefabs/HuoDong/Effect_tuanbenPVE_WJhudun10.prefab,,,,Đoàn Đội Thí Luyện-Vô địch phạm vi 
545304,Effect/Prefabs/HuoDong/Effect_tuanbenPVE_BossShangHai.prefab,,,,Đoàn Đội Thí Luyện-Tử Hình Lạc Lôi
545305,Effect/Prefabs/HuoDong/Effect_tuanbenPVE_BossDianMing.prefab,,,,Đoàn Đội Thí Luyện-Điểm Danh Tử Hình
545306,Effect/Prefabs/HuoDong/Effect_tuanbenPVE_BossHuDun.prefab,,,,Đoàn Đội Thí Luyện-Hộ Thuẫn BOSS
545307,Effect/Prefabs/HuoDong/Effect_tuanbenPVE_BosssectorAOE.prefab,,,,Đoàn Đội Thí Luyện-AOE Hình Quạt BOSS
545308,UI/Prefabs/Effect/SpecialTitle/DressTitle162_Effect.prefab,,,,Danh hiệu Ngoại Trang Thất Tịch
545309,Effect/Prefabs/HuoDong/Effect_tuanbenPVE_HuZhaored.prefab,,,,Đoàn Đội Thí Luyện-Hộ Thuẫn Tinh Anh
545310,Effect/Prefabs/JueSe/NPC/Fuben/TongYong/Effect_PingXuan2023_tangchao.prefab,,,,Hiệu ứng xung quanh Đường Triều
545311,Effect/Prefabs/JueSe/NPC/Fuben/TongYong/Effect_PingXuan2023_JuJue.prefab,,,,Hiệu ứng xung quanh không chủ động
545312,Effect/Prefabs/JueSe/NPC/Fuben/TongYong/Effect_PingXuan2023_zhizu.prefab,,,,Hiệu ứng xung quanh Tri Túc
545313,Effect/Prefabs/JueSe/NPC/Fuben/TongYong/Effect_PingXuan2023_YiJian.prefab,,,,Hiệu ứng xung quanh Nhất Kiếm
545314,Effect/Prefabs/JueSe/NPC/Fuben/TongYong/Effect_PingXuan2023_NianNian.prefab,,,,Hiệu ứng xung quanh Niệm Niệm
545315,UI/Prefabs/Effect/SpecialTitle/DressTitle163_Effect.prefab,,,,
545316,UI/Prefabs/Effect/SpecialTitle/DressTitle164_Effect.prefab,,,,
545317,UI/Prefabs/Effect/SpecialTitle/DressTitle165_Effect.prefab,,,,
545318,UI/Prefabs/Effect/SpecialTitle/DressTitle166_Effect.prefab,,,,
545319,UI/Prefabs/Effect/SpecialTitle/DressTitle167_Effect.prefab,,,,
545320,UI/Prefabs/Effect/SpecialTitle/DressTitle168_Effect.prefab,,,,
545321,UI/Prefabs/Effect/SpecialTitle/DressTitle169_Effect.prefab,,,,
545322,UI/Prefabs/Effect/SpecialTitle/DressTitle170_Effect.prefab,,,,
545323,UI/Prefabs/Effect/SpecialTitle/DressTitle171_Effect.prefab,,,,
545324,UI/Prefabs/Effect/SpecialTitle/DressTitle172_Effect.prefab,,,,
545325,UI/Prefabs/Effect/SpecialTitle/DressTitle173_Effect.prefab,,,,
545326,UI/Prefabs/Effect/SpecialTitle/DressTitle174_Effect.prefab,,,,
545327,UI/Prefabs/Effect/SpecialTitle/DressTitle175_Effect.prefab,,,,
545328,UI/Prefabs/Effect/SpecialTitle/DressTitle176_Effect.prefab,,,,
545329,UI/Prefabs/Effect/SpecialTitle/DressTitle177_Effect.prefab,,,,
545330,UI/Prefabs/Effect/SpecialTitle/DressTitle178_Effect.prefab,,,,
545331,UI/Prefabs/Effect/SpecialTitle/DressTitle179_Effect.prefab,,,,
545332,UI/Prefabs/Effect/SpecialTitle/DressTitle180_Effect.prefab,,,,
545333,UI/Prefabs/Effect/SpecialTitle/DressTitle181_Effect.prefab,,,,
545334,UI/Prefabs/Effect/SpecialTitle/DressTitle182_Effect.prefab,,,,
545335,UI/Prefabs/Effect/SpecialTitle/DressTitle183_Effect.prefab,,,,
545336,UI/Prefabs/Effect/SpecialTitle/DressTitle184_Effect.prefab,,,,
545337,UI/Prefabs/Effect/SpecialTitle/DressTitle185_Effect.prefab,,,,
545338,UI/Prefabs/Effect/SpecialTitle/DressTitle186_Effect.prefab,,,,
545339,UI/Prefabs/Effect/SpecialTitle/DressTitle187_Effect.prefab,,,,
545340,UI/Prefabs/Effect/SpecialTitle/DressTitle188_Effect.prefab,,,,
545341,UI/Prefabs/Effect/SpecialTitle/DressTitle189_Effect.prefab,,,,
545342,UI/Prefabs/Effect/SpecialTitle/DressTitle190_Effect.prefab,,,,
545343,UI/Prefabs/Effect/SpecialTitle/DressTitle191_Effect.prefab,,,,
545344,UI/Prefabs/Effect/SpecialTitle/DressTitle192_Effect.prefab,,,,
545345,UI/Prefabs/Effect/SpecialTitle/DressTitle193_Effect.prefab,,,,
545346,UI/Prefabs/Effect/SpecialTitle/DressTitle194_Effect.prefab,,,,
545347,UI/Prefabs/Effect/SpecialTitle/DressTitle195_Effect.prefab,,,,
545348,UI/Prefabs/Effect/SpecialTitle/DressTitle196_Effect.prefab,,,,
545349,UI/Prefabs/Effect/SpecialTitle/DressTitle197_Effect.prefab,,,,
545350,UI/Prefabs/Effect/SpecialTitle/DressTitle198_Effect.prefab,,,,
545351,UI/Prefabs/Effect/SpecialTitle/DressTitle199_Effect.prefab,,,,Tinh Tế Vi Diệu
545352,UI/Prefabs/Effect/SpecialTitle/DressTitle200_Effect.prefab,,,,Tinh Thần Phóng Khoáng
545353,UI/Prefabs/Effect/SpecialTitle/DressTitle201_Effect.prefab,,,,Tài Hoa Phong Nguyệt
545354,UI/Prefabs/Effect/SpecialTitle/DressTitle202_Effect.prefab,,,,Tài Tình Xuất Chúng
545355,UI/Prefabs/Effect/SpecialTitle/DressTitle203_Effect.prefab,,,,Ngọc Nữ Tuyệt Sắc
545356,UI/Prefabs/Effect/SpecialTitle/DressTitle204_Effect.prefab,,,,Thiên Nhân Thuần Khiết
545357,UI/Prefabs/Effect/SpecialTitle/DressTitle205_Effect.prefab,,,,Tài Hoa Tuyệt Diễm
545358,UI/Prefabs/Effect/SpecialTitle/DressTitle206_Effect.prefab,,,,Tinh Hoa Nam Phương
545359,UI/Prefabs/Effect/SpecialTitle/DressTitle207_Effect.prefab,,,,Tinh Hoa Trung Phương
545360,UI/Prefabs/Effect/SpecialTitle/DressTitle208_Effect.prefab,,,,Tinh Hoa Bắc Phương
545361,UI/Prefabs/Effect/SpecialTitle/DressTitle209_Effect.prefab,,,,Châu Ngọc Nam Phương
545362,UI/Prefabs/Effect/SpecialTitle/DressTitle210_Effect.prefab,,,,Châu Ngọc Trung Phương
545363,UI/Prefabs/Effect/SpecialTitle/DressTitle211_Effect.prefab,,,,Châu Ngọc Bắc Phương
545364,UI/Prefabs/Effect/SpecialTitle/DressTitle212_Effect.prefab,,,,Tuyệt Thế Nam Phương
545365,UI/Prefabs/Effect/SpecialTitle/DressTitle213_Effect.prefab,,,,Tuyệt Thế Trung Phương
545366,UI/Prefabs/Effect/SpecialTitle/DressTitle214_Effect.prefab,,,,Tuyệt Thế Bắc Phương
545367,UI/Prefabs/Effect/SpecialTitle/DressTitle215_Effect.prefab,,,,Ngọc Khuê Nam Phương
545368,UI/Prefabs/Effect/SpecialTitle/DressTitle216_Effect.prefab,,,,Ngọc Khuê Trung Phương
545369,UI/Prefabs/Effect/SpecialTitle/DressTitle217_Effect.prefab,,,,Ngọc Khuê Bắc Phương
545370,UI/Prefabs/Effect/SpecialTitle/DressTitle218_Effect.prefab,,,,Thần Tiên Tự Tại
545371,UI/Prefabs/Effect/SpecialTitle/DressTitle219_Effect.prefab,,,,Thần Dũng Vô Song
545372,UI/Prefabs/Effect/SpecialTitle/DressTitle220_Effect.prefab,,,,Ngọc Khuê Đài Các
545373,UI/Prefabs/Effect/SpecialTitle/DressTitle221_Effect.prefab,,,,Lãng Tử Phong Lưu
545374,UI/Prefabs/Effect/SpecialTitle/DressTitle222_Effect.prefab,,,,Liễu Yến Tương Tư
545375,UI/Prefabs/Effect/SpecialTitle/DressTitle223_Effect.prefab,,,,Thư Sinh Uyên Bác
545376,UI/Prefabs/Effect/SpecialTitle/DressTitle224_Effect.prefab,,,,Tuyết Nữ Thanh Cao
545377,UI/Prefabs/Effect/SpecialTitle/DressTitle225_Effect.prefab,,,,Khuynh Quốc Khuynh Thành
545378,Effect/Prefabs/JueSe/other1/Effect_ZuoQi_panda01_pandast.prefab,,,,Thú Cưỡi Gấu Trúc
545379,UI/Prefabs/Effect/SpecialTitle/DressTitle227_Effect.prefab,,,,Hoa đào vẫn thế mải say sưa
545380,UI/Prefabs/Effect/SpecialTitle/DressTitle228_Effect.prefab,,,,Gương Mặt Tôn Quý
545381,Effect/Prefabs/JueSe/NPC/Fuben/TongYong/Effect_PingXuan2023_ZunGui.prefab,,,,Xung Quanh Gương Mặt Tôn Quý
545382,Effect/Prefabs/JueSe/UI/Touxiangkuang30.prefab,,,,Hình Đại Diện Giang Hồ Thịnh Điển 2023
545383,UI/Prefabs/Effect/SpecialTitle/DressTitle226_Effect.prefab,,,,Tiên Lạc Tinh Vân
545384,Player/Npcs/Prefabs/npcback038_R.prefab,,,,Trang Sức Lưng Bó Hoa
545385,Effect/Prefabs/JueSe/other1/Effect_npcback039_zc.prefab,,,,Cao Định Sí Bàng
545386,Effect/Prefabs/JueSe/other1/Effect_npcback039_hx.prefab,,,,Cao Định Sí Bàng
545387,Player/Npcs/Prefabs/npcback038_M1_R.prefab,,,,Trang Sức Lưng Bó Hoa
545388,Effect/Prefabs/JueSe/UI/Touxiangkuang31.prefab,,,,Khung Đại Diện-Trục Lộc Chiến
545389,Effect/Prefabs/HuoDong/Effect_LongMai_jinghun.prefab,,,,Long Mạch Phụ Thể
545390,Effect/Prefabs/HuoDong/Effect_LongMai_Buff.prefab,,,,Thức tỉnh Long Mạch
545391,Effect/Prefabs/HuoDong/Effect_LongMai_longtou.prefab,,,,Long Chủ Giáng Lâm
545392,Effect/Prefabs/JueSe/KunLun/KunLun_c/KL_JX_QieHuan.prefab,,,,Côn Lôn Thức Tỉnh
545393,Effect/Prefabs/HuoDong/Effect_LongMai_JiaPian.prefab,,,,Mảnh Long Mạch
545394,Effect/Prefabs/HuoDong/effect_qiu_d_b.prefab,,,,Thí Luyện Nhóm-Quang Thuẫn
545395,Effect/Prefabs/HuoDong/effect_qiu_d_z.prefab,,,,Thí Luyện Nhóm-Ám Thuẫn
545396,Effect/Prefabs/HuoDong/effect_qiu_bao_b.prefab,,,,Thí Luyện Nhóm-Cầu Sáng Nổ
545397,Effect/Prefabs/HuoDong/effect_qiu_bao_z.prefab,,,,Thí Luyện Nhóm-Cầu Tối Nổ
545398,UI\Prefabs\Effect\SpecialTitle\DressTitle229_Effect.prefab,,,,Danh Hiệu Ngoại Trang Áo Giáp
545399,Effect/Prefabs/HuoDong/Effect_ZuDuiPVE_YuJing10s.prefab,,,,Cảnh báo Thí Luyện Đoàn Đội
545400,Effect/Prefabs/JueSe/UI/Touxiangkuang32.prefab,,,,Khung Đại Diện-Tầm Long Đoạt Bảo
545401,UI/Prefabs/Effect/SpecialTitle/DressTitle230_Effect.prefab,,,,Danh Hiệu-Tầm Long Đoạt Bảo
545402,Effect/Prefabs/JueSe/NPC/Fuben/TongYong/Effect_LongNian.prefab,,,,Long đằng chí tôn diệu cửu châu
545403,UI/Prefabs/Effect/SpecialTitle/DressTitle231_Effect.prefab,,,,Ngọc Long Tường Thụy
545404,UI/Prefabs/Effect/SpecialTitle/DressTitle232_Effect.prefab,,,,Kim long hoa diệu huề phúc vận
545405,UI/Prefabs/Effect/SpecialTitle/DressTitle233_Effect.prefab,,,,Long đằng chí tôn diệu cửu châu
545406,Effect/Prefabs/JueSe/UI/Touxiangkuang33.prefab,,,,Hình Đại Diện Năm Rồng
545407,Effect/Prefabs/JueSe/UI/Touxiangkuang34.prefab,,,,Hình Đại Diện Năm Rồng
545408,Effect/Prefabs/JueSe/WaiZhuang/F1_W051_Body_WZ01_LingMao.prefab,,,,Hiệu ứng ngoại trang Mèo Con
545409,Effect/Prefabs/JueSe/WaiZhuang/F1_W051_Body_WZ01_LingMao_CX.prefab,,,,Hiệu ứng ngoại trang Mèo Con
545410,Effect/Prefabs/JueSe/WaiZhuang/F2_W051_Body_WZ01_LingMao.prefab,,,,Hiệu ứng ngoại trang Mèo Con
545411,Effect/Prefabs/JueSe/WaiZhuang/F2_W051_Body_WZ01_LingMao_CX.prefab,,,,Hiệu ứng ngoại trang Mèo Con
545412,Effect/Prefabs/JueSe/WaiZhuang/M1_W051_Body_WZ01_LingMao.prefab,,,,Hiệu ứng ngoại trang Mèo Con
545413,Effect/Prefabs/JueSe/WaiZhuang/M1_W051_Body_WZ01_LingMao_CX.prefab,,,,Hiệu ứng ngoại trang Mèo Con
545414,Effect/Prefabs/JueSe/WaiZhuang/M2_W051_Body_WZ01_LingMao.prefab,,,,Hiệu ứng ngoại trang Mèo Con
545415,Effect/Prefabs/JueSe/WaiZhuang/M2_W051_Body_WZ01_LingMao_CX.prefab,,,,Hiệu ứng ngoại trang Mèo Con
545416,UI/Prefabs/Effect/SpecialTitle/DressTitle234_Effect.prefab,,,,Danh hiệu ngoại trang Mèo Con
545417,UI/Prefabs/Effect/SpecialTitle/DressTitle235_Effect.prefab,,,,Hoa Tuế Mộng Duyên Quân-Vàng
545418,UI/Prefabs/Effect/SpecialTitle/DressTitle236_Effect.prefab,,,,Hoa Tuế Mộng Duyên Quân-Bạc
545419,UI/Prefabs/Effect/SpecialTitle/DressTitle237_Effect.prefab,,,,Hoa Tuế Mộng Duyên Quân-Đồng
545420,Effect/Prefabs/JueSe/UI/Touxiangkuang35.prefab,,,,Khung Đại Diện-Trục Lộc Chiến
545421,Effect/Prefabs/JueSe/TangMen/TangMen_JX/TangMen_JX_QieHuan.prefab,,,,Đường Môn Thức Tỉnh
545422,UI/Prefabs/Effect/SpecialTitle/DressTitle238_Effect.prefab,,,,Tam Sinh Duyên
545423,Scenes/camera/jiehun/jiehun_gaoji_scene_new.prefab,,,,Tam Sinh Duyên
545424,Effect/Prefabs/JueSe/WaiZhuang/F1F2M1M2_W054_Body_WZ01_BaiHu_CX.prefab,,,,Hiệu ứng ngoại trang Bạch Hổ
545425,Effect/Prefabs/JueSe/WaiZhuang/F1_W054_Body_WZ01_BaiHu.prefab,,,,Hiệu ứng ngoại trang Bạch Hổ
545426,Effect/Prefabs/JueSe/WaiZhuang/F2_W054_Body_WZ01_BaiHu.prefab,,,,Hiệu ứng ngoại trang Bạch Hổ
545427,Effect/Prefabs/JueSe/WaiZhuang/M1M2_W054_Body_WZ01_BaiHu.prefab,,,,Hiệu ứng ngoại trang Bạch Hổ
545428,Effect/Prefabs/JueSe/WaiZhuang/M2_W054_Body_WZ01_BaiHu.prefab,,,,Hiệu ứng ngoại trang Bạch Hổ
545429,UI/Prefabs/Effect/SpecialTitle/DressTitle239_Effect.prefab,,,,Hiệu ứng ngoại trang Bạch Hổ
545430,Effect/Prefabs/JueSe/UI/YinShen.prefab,,,,Ẩn Thân
545431,Effect/Prefabs/JueSe/BUFF/Effect_DuoMaoMao_BOSS_110_at_02.prefab,,,,Trốn Tìm-Đánh Thường
545432,Effect/Prefabs/JueSe/NPC/XX/Effect_QG_youxian_qitiao.prefab,,,,Du Tiên-Nhảy
545433,Effect/Prefabs/JueSe/NPC/XX/Effect_QG_youxian_guochang.prefab,,,,Du Tiên-Bay
545434,Effect/Prefabs/JueSe/NPC/XX/Effect_QG_youxian_luodi.prefab,,,,Du Tiên-Rơi
545435,Effect/Prefabs/HuoDong/effect_qq_h.prefab,,,1,
545436,Scenes/camera/cj_xinshoucun01/cj_xsc.prefab,,,,
545437,Effect/Prefabs/JueSe/UI/Touxiangkuang36.prefab,,,,Khung Đại Diện-Thục Đạo Thiên Công
545438,Effect/Prefabs/JueSe/NPC/XX/Effect_QG_yanyu_qitiao.prefab,,,,Yên Vũ-Khởi Khiêu
545439,Effect/Prefabs/JueSe/NPC/XX/Effect_QG_yanyu_guochang.prefab,,,,Yên Vũ-Quá Trường
545440,Effect/Prefabs/JueSe/NPC/XX/Effect_QG_yanyu_luodi.prefab,,,,Yên Vũ-Lạc Địa
545441,UI/Prefabs/Effect/SpecialTitle/DressTitle249_Effect.prefab,,,,Danh Hiệu-Thử Khúc Chỉ Ứng Thiên Thượng Hữu 
545442,Effect/Prefabs/JueSe/UI/Touxiangkuang37.prefab,,,,Khung Đại Diện-Dư Âm
545443,Effect/Prefabs/JueSe/WaiZhuang/F1_W057_Body_WZ01_JiaoRen.prefab,,,,Hiệu ứng Giao Nhân
545444,Effect/Prefabs/JueSe/WaiZhuang/F2_W057_Body_WZ01_JiaoRen.prefab,,,,Hiệu ứng Giao Nhân
545445,Effect/Prefabs/JueSe/WaiZhuang/M1_W057_Body_WZ01_JiaoRen.prefab,,,,Hiệu ứng Giao Nhân
545446,Effect/Prefabs/JueSe/WaiZhuang/M2_W057_Body_WZ01_JiaoRen.prefab,,,,Hiệu ứng Giao Nhân
545447,Effect/Prefabs/JueSe/WaiZhuang/F1_W057_Body_WZ01_JiaoRen_CX.prefab,,,,Hiệu ứng Giao Nhân
545448,Effect/Prefabs/JueSe/WaiZhuang/F2M1_W057_Body_WZ01_JiaoRen_CX.prefab,,,,Hiệu ứng Giao Nhân
545449,Effect/Prefabs/JueSe/WaiZhuang/M2_W057_Body_WZ01_JiaoRen_CX.prefab,,,,Hiệu ứng Giao Nhân
545450,Effect/Prefabs/JueSe/WaiZhuang/F1F2M1M2_W057_Body_WZ01_JiaoRen_LR.prefab,,,,Hiệu ứng Giao Nhân
545451,Effect/Prefabs/JueSe/WaiZhuang/F1_W057_Body_WZ01_JiaoRen_SR_YuWei.prefab,,,,Hiệu ứng Giao Nhân
545452,Effect/Prefabs/JueSe/WaiZhuang/F1F2M1M2_W057_Body_WZ01_JiaoRen_SR.prefab,,,,Hiệu ứng Giao Nhân
545453,Effect/Prefabs/JueSe/WaiZhuang/F1F2M1M2_W057_Body_WZ01_JiaoRen_SR_CX.prefab,,,,Hiệu ứng Giao Nhân
545454,Effect/Prefabs/JueSe/WaiZhuang/F2_W057_Body_WZ01_JiaoRen_SR_YuWei.prefab,,,,Hiệu ứng Giao Nhân
545455,Effect/Prefabs/JueSe/WaiZhuang/M1M2_W057_Body_WZ01_JiaoRen_SR_YuWei.prefab,,,,Hiệu ứng Giao Nhân
545456,UI/Prefabs/Effect/SpecialTitle/DressTitle253_Effect.prefab,,,,Hiệu ứng Giao Nhân
545457,Effect/Prefabs/HuoDong/Effect_WuSheng_buff_hong.prefab,,,,Thí Luyện Võ Thánh
545458,Effect/Prefabs/HuoDong/Effect_WuSheng_buff_hei.prefab,,,,Thí Luyện Võ Thánh
545459,Effect/Prefabs/HuoDong/Effect_WuSheng_huan1.prefab,,,,Thí Luyện Võ Thánh
545460,Effect/Prefabs/HuoDong/Effect_WuSheng_huan2.prefab,,,,Thí Luyện Võ Thánh
545461,Effect/Prefabs/HuoDong/Effect_WuSheng_huan3.prefab,,,,Thí Luyện Võ Thánh
545462,Effect/Prefabs/JueSe/UI/Touxiangkuang39.prefab,,,,Khung Đại Diện-Giọng Thanh Thoát
545463,Effect/Prefabs/JueSe/UI/Touxiangkuang38.prefab,,,,Khung Đại Diện-Rung Động Lòng Người
545464,UI/Prefabs/Effect/SpecialTitle/DressTitle257_Effect.prefab,,,,Danh Hiệu-Như Tụng Âm Mộc Xuân Phong (1 Năm)
545465,UI/Prefabs/Effect/SpecialTitle/DressTitle255_Effect.prefab,,,,Danh Hiệu-Trường Hà Tiệm Lạc Hiểu Tinh Trầm-Vàng  (1 Năm)
545466,UI/Prefabs/Effect/SpecialTitle/DressTitle254_Effect.prefab,,,,Danh Hiệu-Trường Hà Tiệm Lạc Hiểu Tinh Trầm-Bạc  (1 Năm)
545467,UI/Prefabs/Effect/SpecialTitle/DressTitle256_Effect.prefab,,,,Danh Hiệu-Trường Hà Tiệm Lạc Hiểu Tinh Trầm-Đồng  (1 Năm)
545468,Effect/Prefabs/HuoDong/Effect_WuSheng_shan60.prefab,,,,Thí Luyện Võ Thánh
545469,UI/Prefabs/Effect/SpecialTitle/DressTitle259_Effect.prefab,,,,Danh Hiệu Máy Chủ Hoài Niệm
545470,UI/Prefabs/Effect/SpecialTitle/DressTitle266_Effect.prefab,,,,Danh Hiệu Máy Chủ Hoài Niệm
545471,UI/Prefabs/Effect/SpecialTitle/DressTitle260_Effect.prefab,,,,Danh Hiệu Máy Chủ Hoài Niệm
545472,UI/Prefabs/Effect/SpecialTitle/DressTitle263_Effect.prefab,,,,Danh Hiệu Máy Chủ Hoài Niệm
545473,UI/Prefabs/Effect/SpecialTitle/DressTitle264_Effect.prefab,,,,Danh Hiệu Máy Chủ Hoài Niệm
545474,UI/Prefabs/Effect/SpecialTitle/DressTitle265_Effect.prefab,,,,Danh Hiệu Máy Chủ Hoài Niệm
545475,UI/Prefabs/Effect/SpecialTitle/DressTitle261_Effect.prefab,,,,Danh Hiệu Máy Chủ Hoài Niệm
545476,UI/Prefabs/Effect/SpecialTitle/DressTitle262_Effect.prefab,,,,Danh Hiệu Máy Chủ Hoài Niệm
545477,UI/Prefabs/Effect/SpecialTitle/DressTitle258_Effect.prefab,,,,Danh Hiệu Máy Chủ Hoài Niệm
545478,Effect/Prefabs/JueSe/UI/Touxiangkuang40.prefab,,,,Khung Đại Diện-Tranh Tinh Ảo Mộng
545479,UI/Prefabs/Effect/SpecialTitle/DressTitle267_Effect.prefab,,,,Triều ca dạ huyền ngũ thập lý
545480,UI/Prefabs/Effect/SpecialTitle/DressTitle268_Effect.prefab,,,,Tiểu Bách Linh Giải Đấu Esport
545481,UI/Prefabs/Effect/SpecialTitle/DressTitle269_Effect.prefab,,,,Kim Cang Tỳ Bà Thố
545482,UI/Prefabs/Effect/SpecialTitle/DressTitle270_Effect.prefab,,,,Vân Thượng Sinh Ca
545483,UI/Prefabs/Effect/SpecialTitle/DressTitle271_Effect.prefab,,,,Vận May Liên Tiếp
545484,UI/Prefabs/Effect/SpecialTitle/DressTitle272_Effect.prefab,,,,Vô địch tuấn tú nhất
545485,UI/Prefabs/Effect/SpecialTitle/DressTitle273_Effect.prefab,,,,Thanh Minh Tặc Soái
545486,UI/Prefabs/Effect/SpecialTitle/DressTitle274_Effect.prefab,,,,Điềm Mạt Tương Tích
545487,UI/Prefabs/Effect/SpecialTitle/DressTitle275_Effect.prefab,,,,Thần Trôi Theo Dòng Nước
545488,UI/Prefabs/Effect/SpecialTitle/DressTitle276_Effect.prefab,,,,Thương mang vô tế thanh ca
545489,UI/Prefabs/Effect/SpecialTitle/DressTitle277_Effect.prefab,,,,Triều ca dạ huyền ngũ thập lý
545490,UI/Prefabs/Effect/SpecialTitle/DressTitle278_Effect.prefab,,,,Tiểu Bách Linh Giải Đấu Esport
545491,UI/Prefabs/Effect/SpecialTitle/DressTitle281_Effect.prefab,,,,Kim Cang Tỳ Bà Thố
545492,UI/Prefabs/Effect/SpecialTitle/DressTitle279_Effect.prefab,,,,Vân Thượng Sinh Ca
545493,UI/Prefabs/Effect/SpecialTitle/DressTitle284_Effect.prefab,,,,Vận May Liên Tiếp
545494,UI/Prefabs/Effect/SpecialTitle/DressTitle280_Effect.prefab,,,,Vô địch tuấn tú nhất
545495,UI/Prefabs/Effect/SpecialTitle/DressTitle282_Effect.prefab,,,,Thanh Minh Tặc Soái
545496,UI/Prefabs/Effect/SpecialTitle/DressTitle283_Effect.prefab,,,,Điềm Mạt Tương Tích
545497,UI/Prefabs/Effect/SpecialTitle/DressTitle285_Effect.prefab,,,,Thần Trôi Theo Dòng Nước
545498,UI/Prefabs/Effect/SpecialTitle/DressTitle286_Effect.prefab,,,,Thương mang vô tế thanh ca
545499,Effect/Prefabs/JueSe/NPC/Fuben/TongYong/Effect_PingXuan2024_50.prefab,,,,Triều Ca Dạ Huyền Ngũ Thập Lý Chu Thân
545500,Effect/Prefabs/JueSe/NPC/Fuben/TongYong/Effect_PingXuan2024_BaiLing.prefab,,,,Tiểu Bách Linh Giải Đấu Esport
545501,Effect/Prefabs/JueSe/NPC/Fuben/TongYong/Effect_PingXuan2024_BaBiTu.prefab,,,,Kim Cang Tỳ Bà Thố
545502,Effect/Prefabs/JueSe/UI/DressBg19_TianDeng.prefab,,,,Chủ đề-Doanh Nguyệt Đình
545503,Effect/Prefabs/JueSe/WaiZhuang/M1M2_W059_Body_WZ01_WenYaoYu.prefab,,,,Hiệu ứng Văn Diêu Ngư
545504,Effect/Prefabs/JueSe/WaiZhuang/F2_W059_Body_WZ01_WenYaoYu.prefab,,,,Hiệu ứng Văn Diêu Ngư
545505,Effect/Prefabs/JueSe/WaiZhuang/F1F2M1M2_W059_Body_WZ01_WenYaoYu_CX.prefab,,,,Hiệu ứng Văn Diêu Ngư
545506,Effect/Prefabs/JueSe/WaiZhuang/F1F2_W059_Body_WZ01_WenYaoYu_LR.prefab,,,,Hiệu ứng Văn Diêu Ngư
545507,Effect/Prefabs/JueSe/WaiZhuang/M1M2_W059_Body_WZ01_WenYaoYu_L.prefab,,,,Hiệu ứng Văn Diêu Ngư
545508,UI/Prefabs/Effect/SpecialTitle/DressTitle287_Effect.prefab,,,,Hiệu ứng Văn Diêu Ngư
545509,Effect/Prefabs/JueSe/WaiZhuang/M1M2_W059_Body_WZ01_WenYaoYu_R.prefab,,,,Hiệu ứng Văn Diêu Ngư
545510,Effect/Prefabs/JueSe/WaiZhuang/F1F2_W059_Body_WZ01_WenYaoYu_LR.prefab,,,,Hiệu ứng Văn Diêu Ngư
545511,Effect/Prefabs/JueSe/WaiZhuang/M1_W061_Body_WZ01_RiYue.prefab,,,,Hiệu ứng Nhật Nguyệt
545512,Effect/Prefabs/JueSe/WaiZhuang/M2_W061_Body_WZ01_RiYue.prefab,,,,Hiệu ứng Nhật Nguyệt
545513,Effect/Prefabs/JueSe/WaiZhuang/F1_W061_Body_WZ01_RiYue.prefab,,,,Hiệu ứng Nhật Nguyệt
545514,Effect/Prefabs/JueSe/WaiZhuang/F2_W061_Body_WZ01_RiYue.prefab,,,,Hiệu ứng Nhật Nguyệt
545515,Effect/Prefabs/JueSe/WaiZhuang/M1_W061_Body_WZ01_RiYue_CX.prefab,,,,Hiệu ứng Nhật Nguyệt
545516,Effect/Prefabs/JueSe/WaiZhuang/M2_W061_Body_WZ01_RiYue_CX.prefab,,,,Hiệu ứng Nhật Nguyệt
545517,Effect/Prefabs/JueSe/WaiZhuang/F1_W061_Body_WZ01_RiYue_CX.prefab,,,,Hiệu ứng Nhật Nguyệt
545518,Effect/Prefabs/JueSe/WaiZhuang/F2_W061_Body_WZ01_RiYue_CX.prefab,,,,Hiệu ứng Nhật Nguyệt
545519,Effect/Prefabs/JueSe/WaiZhuang/M1_W061_Body_WZ01_RiYue_L.prefab,,,,Hiệu ứng Nhật Nguyệt
545520,Effect/Prefabs/JueSe/WaiZhuang/M1_W061_Body_WZ01_RiYue_R.prefab,,,,Hiệu ứng Nhật Nguyệt
545521,Effect/Prefabs/JueSe/WaiZhuang/F2_W061_Body_WZ01_RiYue_LR.prefab,,,,Hiệu ứng Nhật Nguyệt
545522,Effect/Prefabs/JueSe/WaiZhuang/F2_W061_Body_WZ01_RiYue_LR.prefab,,,,Hiệu ứng Nhật Nguyệt
545523,UI/Prefabs/Effect/SpecialTitle/DressTitle288_Effect.prefab,,,,Hiệu ứng Nhật Nguyệt
545524,Effect/Prefabs/JueSe/WaiZhuang/M1_W062_Body_WZ01_KuiMuLang.prefab,,,,Hiệu ứng Khuê Mộc Lang
545525,Effect/Prefabs/JueSe/WaiZhuang/M2_W062_Body_WZ01_KuiMuLang.prefab,,,,Hiệu ứng Khuê Mộc Lang
545526,Effect/Prefabs/JueSe/WaiZhuang/F1_W062_Body_WZ01_KuiMuLang.prefab,,,,Hiệu ứng Khuê Mộc Lang
545527,Effect/Prefabs/JueSe/WaiZhuang/F2_W062_Body_WZ01_KuiMuLang.prefab,,,,Hiệu ứng Khuê Mộc Lang
545528,Effect/Prefabs/JueSe/WaiZhuang/F2M1_W062_Body_WZ01_KuiMuLang_CX.prefab,,,,Hiệu ứng Khuê Mộc Lang
545529,Effect/Prefabs/JueSe/WaiZhuang/M2_W062_Body_WZ01_KuiMuLang_CX.prefab,,,,Hiệu ứng Khuê Mộc Lang
545530,Effect/Prefabs/JueSe/WaiZhuang/F1_W062_Body_WZ01_KuiMuLang_CX.prefab,,,,Hiệu ứng Khuê Mộc Lang
545531,Effect/Prefabs/JueSe/WaiZhuang/F1F2M1M2_W062_Body_WZ01_KuiMuLang_LR.prefab,,,,Hiệu ứng Khuê Mộc Lang
545532,Effect/Prefabs/JueSe/WaiZhuang/F1F2M1M2_W062_Body_WZ01_KuiMuLang_LR.prefab,,,,Hiệu ứng Khuê Mộc Lang
545533,Effect/Prefabs/JueSe/UI/Touxiangkuang41.prefab,,,,Khung Đại Diện-Triều Dũng Hoài Dương
545534,UI/Prefabs/Effect/SpecialTitle/DressTitle289_Effect.prefab,,,,Hiệu ứng Khuê Mộc Lang
545535,Effect/Prefabs/HuoDong/Effect_shengjing_bluebuff.prefab,,,,Lam
545536,Effect/Prefabs/HuoDong/Effect_shengjing_redbuff.prefab,,,,Đỏ
545537,Effect/Prefabs/HuoDong/Effect_XiChu_YuJing10_2s.prefab,,,,Báo Động Vòng Đỏ 10m-2 giây
545538,Effect/Prefabs/JueSe/TW/TW_JX/TW_JX_QieHuan.prefab,,,,
545539,Effect/Prefabs/HuoDong/Effect_XiChu_shan60_2s.prefab,,,,Báo Động Hình Quạt 2 giây
545540,Effect/Prefabs/JueSe/NPC/Fuben/TongYong/Effect_PoZhen_HuaShan.prefab,,,,Danh hiệu Hạng 1 Hoa Sơn Mùa Giải
545541,UI/Prefabs/Effect/SpecialTitle/DressTitle292_Effect.prefab,,,,Danh hiệu Hạng 1 Hoa Sơn Mùa Giải
545542,UI/Prefabs/Effect/SpecialTitle/DressTitle294_Effect.prefab,,,,Danh hiệu Năm Mới 2025
545543,UI/Prefabs/Effect/SpecialTitle/DressTitle295_Effect.prefab,,,,Danh hiệu Năm Mới 2025
545544,UI/Prefabs/Effect/SpecialTitle/DressTitle296_Effect.prefab,,,,Danh hiệu Năm Mới 2025
545545,UI/Prefabs/Effect/SpecialTitle/DressTitle297_Effect.prefab,,,,Danh hiệu Năm Mới 2025
545546,Effect/Prefabs/JueSe/UI/Touxiangkuang43.prefab,,,,Hình Đại Diện Năm Mới 2025
545547,Effect/Prefabs/JueSe/UI/Touxiangkuang42.prefab,,,,Hình Đại Diện Năm Mới 2025
545548,UI/Prefabs/Effect/SpecialTitle/DressTitle293_Effect.prefab,,,,Danh hiệu Năm Mới 2025
545549,Effect/Prefabs/JueSe/UI/DressBg21.prefab,,,,Bối Cảnh Tủ Đồ Tháng 2/2025
545550,Effect/Prefabs/JueSe/other1/Effect_F2M1M2_npcback048_zc.prefab,,,,Cao Định Sí Bàng
545551,Effect/Prefabs/JueSe/other1/Effect_F2M1M2_npcback048_hx.prefab,,,,Cao Định Sí Bàng
545552,Effect/Prefabs/JueSe/WaiZhuang/M1_W064_Body_WZ01_BiYiNiao.prefab,,,,Tỷ Dực Điểu Cá Nhân
545553,Effect/Prefabs/JueSe/WaiZhuang/M2_W064_Body_WZ01_BiYiNiao.prefab,,,,Tỷ Dực Điểu Cá Nhân
545554,Effect/Prefabs/JueSe/WaiZhuang/M1_W064_Body_WZ01_BiYiNiao_CX.prefab,,,,Tỷ Dực Điểu Cá Nhân
545555,Effect/Prefabs/JueSe/WaiZhuang/M2_W064_Body_WZ01_BiYiNiao_CX.prefab,,,,Tỷ Dực Điểu Cá Nhân
545556,Effect/Prefabs/JueSe/WaiZhuang/M1M2_W064_Body_WZ01_BiYiNiao_LR.prefab,,,,Tỷ Dực Điểu Cá Nhân
545557,Effect/Prefabs/JueSe/WaiZhuang/F1_W064_Body_WZ01_BiYiNiao.prefab,,,,Tỷ Dực Điểu Cá Nhân
545558,Effect/Prefabs/JueSe/WaiZhuang/F2_W064_Body_WZ01_BiYiNiao.prefab,,,,Tỷ Dực Điểu Cá Nhân
545559,Effect/Prefabs/JueSe/WaiZhuang/F1_W064_Body_WZ01_BiYiNiao_CX.prefab,,,,Tỷ Dực Điểu Cá Nhân
545560,Effect/Prefabs/JueSe/WaiZhuang/F2_W064_Body_WZ01_BiYiNiao_CX.prefab,,,,Tỷ Dực Điểu Cá Nhân
545561,Effect/Prefabs/JueSe/WaiZhuang/F1F2_W064_Body_WZ01_BiYiNiao_LR.prefab,,,,Tỷ Dực Điểu Cá Nhân
545562,Effect/Prefabs/JueSe/WaiZhuang/F1F2M1M2_W064_Body_WZ01_BiYiNiao_SR.prefab,,,,Tỉ Dực Điểu-2 Người
545563,Effect/Prefabs/JueSe/WaiZhuang/F1M1M2_W064_Body_WZ01_BiYiNiao_SR_CX.prefab,,,,Tỉ Dực Điểu-2 Người
545564,Effect/Prefabs/JueSe/WaiZhuang/F2M1M2_W064_Body_WZ01_BiYiNiao_SR_CX.prefab,,,,Tỉ Dực Điểu-2 Người
545565,UI/Prefabs/Effect/SpecialTitle/DressTitle298_Effect.prefab,,,,Danh hiệu Tỷ Dực Điểu
545566,Effect/Prefabs/JueSe/UI/Touxiangkuang44.prefab,,,,Khung Đại Diện-Trục Lộc Tây Sở
545567,Effect/Prefabs/HuoDong/Effect_QingMing_lan.prefab,,,,Hiệu Ứng Hành Đăng 1
545568,Effect/Prefabs/HuoDong/Effect_QingMing_fen.prefab,,,,Hiệu Ứng Hành Đăng 2
545569,Effect/Prefabs/HuoDong/Effect_QingMing_zi.prefab,,,,Hiệu Ứng Hành Đăng 3
545570,Effect/Prefabs/HuoDong/Effect_QingMing_cheng.prefab,,,,Hiệu Ứng Hành Đăng 4
545571,Effect/Prefabs/HuoDong/Effect_QingMing_qin.prefab,,,,Hiệu Ứng Hành Đăng 5
545572,Effect/Prefabs/HuoDong/Effect_QingMing_lv.prefab,,,,Hiệu Ứng Hành Đăng 6
545573,Effect/Prefabs/HuoDong/Effect_QingMing_huang.prefab,,,,Hiệu Ứng Hành Đăng 7
545574,Effect/Prefabs/HuoDong/Effect_QingMing_lanzi.prefab,,,,Hiệu Ứng Hành Đăng 8
545575,Effect/Prefabs/HuoDong/Effect_QingMing_hui.prefab,,,,Hiệu Ứng Hành Đăng 9
545576,Effect/Prefabs/HuoDong/Effect_taoniang_hua.prefab,,,,Nhặt Đào Hoa
545577,Effect/Prefabs/HuoDong/Effect_taoniang_jiu.prefab,,,,Nhặt Nước Gạo
545578,Effect/Prefabs/JueSe/taohua/TaoHua_c/TaoHua_JX_QieHuan.prefab,,,,
545579,UI/Prefabs/Effect/SpecialTitle/DressTitle303_Effect.prefab,,,,Danh hiệu Khốc Cẩu
545580,Effect/Prefabs/JueSe/WaiZhuang/F1F2M1M2_W066_Body_WZ01_He_CX.prefab,,,,Hạc Cá Nhân
545581,Effect/Prefabs/JueSe/WaiZhuang/F1_W066_Body_WZ01_He.prefab,,,,Hạc Cá Nhân
545582,Effect/Prefabs/JueSe/WaiZhuang/F2_W066_Body_WZ01_He.prefab,,,,Hạc Cá Nhân
545583,Effect/Prefabs/JueSe/WaiZhuang/M1M2_W066_Body_WZ01_He.prefab,,,,Hạc Cá Nhân
545584,Effect/Prefabs/JueSe/WaiZhuang/F1_W066_Body_WZ01_He_st.prefab,,,,Hạc Cá Nhân
545585,Effect/Prefabs/JueSe/WaiZhuang/F2_W066_Body_WZ01_He_st.prefab,,,,Hạc Cá Nhân
545586,Effect/Prefabs/JueSe/WaiZhuang/M1M2_W066_Body_WZ01_He_st.prefab,,,,Hạc Cá Nhân
545587,Effect/Prefabs/JueSe/WaiZhuang/F1F2M1M2_W066_Body_WZ01_He_LR.prefab,,,,Hạc Cá Nhân
545588,Effect/Prefabs/JueSe/WaiZhuang/F1F2M1M2_W066_Body_WZ01_He_LR.prefab,,,,Hạc Cá Nhân
545589,Effect/Prefabs/JueSe/WaiZhuang/F1F2M1M2_W066_Body_WZ01_He_CX_st.prefab,,,,Hạc Cá Nhân
545590,Effect/Prefabs/HuoDong/Effect_TaoYuan_buff_lan.prefab,,,,Thí Luyện Đào Duyên
545591,Effect/Prefabs/HuoDong/Effect_TaoYuan_yujingyuan10_3s.prefab,,,,Thí Luyện Đào Duyên
545592,Effect/Prefabs/HuoDong/Effect_TaoYuan_yujing_w3l50_3_3s.prefab,,,,Thí Luyện Đào Duyên
545593,Effect/Prefabs/HuoDong/Effect_TaoYuan_yujing_w3l50_2_3s.prefab,,,,Thí Luyện Đào Duyên
545594,Effect/Prefabs/HuoDong/Effect_TaoYuan_yujing_w3l50_3s.prefab,,,,Thí Luyện Đào Duyên
545595,Effect/Prefabs/HuoDong/Effect_TaoYuan_yujing_w50l25_3s.prefab,,,,Thí Luyện Đào Duyên
545596,Effect/Prefabs/HuoDong/Effect_TaoYuan_quanshui.prefab,,,,Thí Luyện Đào Duyên
545597,UI/Prefabs/Effect/SpecialTitle/DressTitle304_Effect.prefab,,,,Danh Hiệu Hạc
545598,UI/Prefabs/Effect/SpecialTitle/DressTitle305_Effect.prefab,,,,Danh hiệu đặc biệt Hôn Lễ Liên SV
545599,Effect/Prefabs/JueSe/NPC/Fuben/TongYong/Effect_9ZhouNian_jiuzhou.prefab,,,,
545600,UI/Prefabs/Effect/SpecialTitle/DressTitle306_Effect.prefab,,,,
545601,Effect/Prefabs/JueSe/UI/Touxiangkuang45.prefab,,,,
545602,Effect/Prefabs/JueSe/WaiZhuang/M2_W067_Body_WZ01_MiaoJiang_CX.prefab,,,,Miêu Cương Cá Nhân
545603,Effect/Prefabs/JueSe/WaiZhuang/F2M1_W067_Body_WZ01_MiaoJiang_CX.prefab,,,,Miêu Cương Cá Nhân
545604,Effect/Prefabs/JueSe/WaiZhuang/F1_W067_Body_WZ01_MiaoJiang_CX.prefab,,,,Miêu Cương Cá Nhân
545605,Effect/Prefabs/JueSe/WaiZhuang/M2_W067_Body_WZ01_MiaoJiang.prefab,,,,Miêu Cương Cá Nhân
545606,Effect/Prefabs/JueSe/WaiZhuang/M1_W067_Body_WZ01_MiaoJiang.prefab,,,,Miêu Cương Cá Nhân
545607,Effect/Prefabs/JueSe/WaiZhuang/F2_W067_Body_WZ01_MiaoJiang.prefab,,,,Miêu Cương Cá Nhân
545608,Effect/Prefabs/JueSe/WaiZhuang/F1_W067_Body_WZ01_MiaoJiang.prefab,,,,Miêu Cương Cá Nhân
545609,Effect/Prefabs/JueSe/WaiZhuang/F1F2M1M2_W067_Body_WZ01_MiaoJiang_LR.prefab,,,,Miêu Cương Cá Nhân
545610,Effect/Prefabs/JueSe/WaiZhuang/F1F2M1M2_W067_Body_WZ01_MiaoJiang_LR.prefab,,,,Miêu Cương Cá Nhân
545611,UI/Prefabs/Effect/SpecialTitle/DressTitle307_Effect.prefab,,,,Danh Hiệu Miêu Cương
545612,UI/Prefabs/Effect/SpecialTitle/DressTitle308_Effect.prefab,,,,Danh Hiệu-Quần Anh Quán Miện
545613,Effect/Prefabs/JueSe/other1/Effect_npcback054_zc.prefab,,,,Cao Định Sí BàngHiệu ứng
545614,Effect/Prefabs/JueSe/other1/Effect_npcback054_hx.prefab,,,,Cao Định Sí BàngHiệu ứng
545615,UI/Prefabs/Effect/SpecialTitle/DressTitle309_Effect.prefab,,,,Danh Hiệu Đại Phường Thị
545616,Effect/Prefabs/JueSe/UI/Touxiangkuang47.prefab,,,,Khung Đại Diện-Lãng Đằng Xương Đô
545617,Effect/Prefabs/JueSe/UI/Touxiangkuang46.prefab,,,,Hình Đại Diện-Bích Hải Triều Sinh
545618,UI/Prefabs/Effect/SpecialTitle/DressTitle311_Effect.prefab,,,,Danh Hiệu-Xuân Phong Tiếu
545619,Effect/Prefabs/JueSe/UI/Touxiangkuang48.prefab,,,,Hình Đại Diện-Anh Lạc Phi Thường
545620,Effect/Prefabs/JueSe/WaiZhuang/M1M2_W070_Body_WZ01_JingLing_CX.prefab,,,,Tinh Linh Cá Nhân
545621,Effect/Prefabs/JueSe/WaiZhuang/F2_W070_Body_WZ01_JingLing_CX.prefab,,,,Tinh Linh Cá Nhân
545622,Effect/Prefabs/JueSe/WaiZhuang/F1_W070_Body_WZ01_JingLing_CX.prefab,,,,Tinh Linh Cá Nhân
545623,Effect/Prefabs/JueSe/WaiZhuang/M1M2_W070_Body_WZ01_JingLing_CX_st.prefab,,,,Tinh Linh Cá Nhân
545624,Effect/Prefabs/JueSe/WaiZhuang/F2_W070_Body_WZ01_JingLing_CX_st.prefab,,,,Tinh Linh Cá Nhân
545625,Effect/Prefabs/JueSe/WaiZhuang/F1_W070_Body_WZ01_JingLing_CX_st.prefab,,,,Tinh Linh Cá Nhân
545626,Effect/Prefabs/JueSe/WaiZhuang/M1M2_W070_Body_WZ01_JingLing.prefab,,,,Tinh Linh Cá Nhân
545627,Effect/Prefabs/JueSe/WaiZhuang/F2_W070_Body_WZ01_JingLing.prefab,,,,Tinh Linh Cá Nhân
545628,Effect/Prefabs/JueSe/WaiZhuang/F1_W070_Body_WZ01_JingLing.prefab,,,,Tinh Linh Cá Nhân
545629,Effect/Prefabs/JueSe/WaiZhuang/M1M2_W070_Body_WZ01_JingLing_L.prefab,,,,Tinh Linh Cá Nhân
545630,Effect/Prefabs/JueSe/WaiZhuang/M1M2_W070_Body_WZ01_JingLing_R.prefab,,,,Tinh Linh Cá Nhân
545631,Effect/Prefabs/JueSe/WaiZhuang/F1F2_W070_Body_WZ01_JingLing_LR.prefab,,,,Tinh Linh Cá Nhân
545632,Effect/Prefabs/JueSe/WaiZhuang/F1F2_W070_Body_WZ01_JingLing_LR.prefab,,,,Tinh Linh Cá Nhân
545635,UI/Prefabs/Effect/SpecialTitle/DressTitle312_Effect.prefab,,,,Tinh Linh Cá Nhân
545636,UI/Prefabs/Effect/SpecialTitle/DressTitle310_Effect.prefab,,,,Danh hiệu Động Thiên
545637,Effect/Prefabs/HuoDong/Effect_YXDT.prefab,,,,Hiệu ứng quanh thân Thú Cưng Động Thiên
545638,Effect/Prefabs/HuoDong/Effect_TDSL8_yujingyuan60_2s.prefab,,,,Vân Hư Thí Luyện
545639,UI/Prefabs/Effect/SpecialTitle/DressTitle316_Effect.prefab,,,,Danh hiệu Tinh Linh
545640,UI/Prefabs/Effect/SpecialTitle/DressTitle314_Effect.prefab,,,,Danh Hiệu-Nhất Sam Giang Hồ
545641,UI/Prefabs/Effect/SpecialTitle/DressTitle313_Effect.prefab,,,,Danh Hiệu-Nguyệt Hoa Túy
545642,Effect/Prefabs/JueSe/UI/Touxiangkuang49.prefab,,,,Hình Đại Diện-Nguyệt Hoa Nghê Vũ
545643,Effect/Prefabs/JueSe/UI/Touxiangkuang50.prefab,,,,Hình Đại Diện-Vân Cẩm Thiên Y
545644,UI/Prefabs/Effect/SpecialTitle/DressTitle317_Effect.prefab,,,,Danh Hiệu-Tiếu Khán Nhân Gian
545645,UI/Prefabs/Effect/SpecialTitle/DressTitle318_Effect.prefab,,,,Danh Hiệu-Ta Yêu Công Chúa
545646,UI/Prefabs/Effect/SpecialTitle/DressTitle319_Effect.prefab,,,,Danh Hiệu-Phúc Khí Tất Điêu
545647,Effect/Prefabs/JueSe/NPC/Fuben/TongYong/Effect_PingXuan2025_LengYan.prefab,,,,Danh Hiệu-Tiếu Khán Nhân Gian
545648,Effect/Prefabs/JueSe/NPC/Fuben/TongYong/Effect_PingXuan2025_GongZhu.prefab,,,,Danh Hiệu-Ta Yêu Công Chúa
545649,Effect/Prefabs/JueSe/NPC/Fuben/TongYong/Effect_PingXuan2025_FuQi.prefab,,,,Danh Hiệu-Phúc Khí Tất Điêu
545650,UI/Prefabs/Effect/SpecialTitle/DressTitle324_Effect.prefab,,,,Danh Hiệu-Dư Ngô Tiên Sinh
545651,UI/Prefabs/Effect/SpecialTitle/DressTitle323_Effect.prefab,,,,Danh Hiệu-Trăng Đêm Thật Đẹp
545652,UI/Prefabs/Effect/SpecialTitle/DressTitle327_Effect.prefab,,,,Danh Hiệu-Họa Trung Tiên
545653,UI/Prefabs/Effect/SpecialTitle/DressTitle321_Effect.prefab,,,,Danh Hiệu-Nhất Đậu Định Càn Khôn
545654,UI/Prefabs/Effect/SpecialTitle/DressTitle325_Effect.prefab,,,,Danh Hiệu-Ta Là Vô Địch
545655,UI/Prefabs/Effect/SpecialTitle/DressTitle322_Effect.prefab,,,,Danh Hiệu-Cửu Chùy Tiểu Tổ Tông
545656,UI/Prefabs/Effect/SpecialTitle/DressTitle326_Effect.prefab,,,,Danh Hiệu-Siêu Phàm Nhập Thánh
545657,UI/Prefabs/Effect/SpecialTitle/DressTitle320_Effect.prefab,,,,Danh Hiệu-Nhất Kiếm Sương Hàn
545658,UI/Prefabs/Effect/SpecialTitle/VNTitle31_Effect.prefab,,,,Danh Hiệu-Phong Cách Đệ Nhất (1 Năm)
545659,UI/Prefabs/Effect/SpecialTitle/VNTitle32_Effect.prefab,,,,Danh Hiệu-Phong Cách Tuyệt Đỉnh (1 Năm)
545660,UI/Prefabs/Effect/SpecialTitle/VNTitle33_Effect.prefab,,,,Danh Hiệu-Phong Cách Cao Quý (1 Năm)
545661,UI/Prefabs/Effect/SpecialTitle/VNTitle34_Effect.prefab,,,,Danh Hiệu-Phong Cách Tinh Hoa (1 Năm)
545662,UI/Prefabs/Effect/SpecialTitle/VNTitle35_Effect.prefab,,,,Danh Hiệu-Phong Cách Danh Hiển (1 Năm)
545663,UI/Prefabs/Effect/SpecialTitle/VNTitle36_Effect.prefab,,,,Danh Hiệu-Phong Cách Minh Chủ (1 Năm)
545664,UI/Prefabs/Effect/SpecialTitle/VNTitle37_Effect.prefab,,,,Danh Hiệu-Phong Cách Anh Hào (1 Năm)
545665,UI/Prefabs/Effect/SpecialTitle/VNTitle38_Effect.prefab,,,,Danh Hiệu-Quần Hùng Ái Mộ (1 Năm)
545666,UI/Prefabs/Effect/SpecialTitle/VNTitle39_Effect.prefab,,,,Danh Hiệu-Giang Hồ Tuyệt Ảnh (1 Năm)
545667,UI/Prefabs/Effect/SpecialTitle/VNTitle40_Effect.prefab,,,,Danh Hiệu-Giang Hồ Cẩm Tú (1 Năm)
545668,UI/Prefabs/Effect/SpecialTitle/VNTitle41_Effect.prefab,,,,Danh Hiệu-Gia Viên Tuyệt Cảnh (1 Năm)
545669,UI/Prefabs/Effect/SpecialTitle/VNTitle42_Effect.prefab,,,,Danh Hiệu-Gia Viên An Nhàn (1 Năm)
545670,UI/Prefabs/Effect/SpecialTitle/VNTitle43_Effect.prefab,,,,Danh Hiệu-Phong Cách Quán Quân (1 Năm)
545671,UI/Prefabs/Effect/SpecialTitle/VNTitle44_Effect.prefab,,,,Danh Hiệu-Phong Cách Á Quân (1 Năm)
545672,UI/Prefabs/Effect/SpecialTitle/VNTitle45_Effect.prefab,,,,Danh Hiệu-Phong Cách Siêu Phàm (1 Năm)
545673,UI/Prefabs/Effect/SpecialTitle/VNTitle46_Effect.prefab,,,,Danh Hiệu-Thiên Duyên Tiền Định (1 Năm)
545674,UI/Prefabs/Effect/SpecialTitle/VNTitle47_Effect.prefab,,,,Danh Hiệu-Nhân Duyên Tri Kỷ (1 Năm)
545675,UI/Prefabs/Effect/SpecialTitle/VNTitle48_Effect.prefab,,,,Danh Hiệu-Hữu Duyên Tương Phùng (1 Năm)
545676,Effect/Prefabs/JueSe/UI/Touxiangkuang52.prefab,,,,Hình Đại Diện-Chiêu Mộ Nhân Tâm
545677,Effect/Prefabs/JueSe/UI/Touxiangkuang53.prefab,,,,Khung Đại Diện-Võ Lâm Style
545678,Effect/Prefabs/JueSe/UI/Touxiangkuang54.prefab,,,,Hình Đại Diện-Tuyệt Đại Phong Cách
545679,Effect/Prefabs/JueSe/UI/Touxiangkuang55.prefab,,,,Hình Đại Diện-Châu Quang Bảo Khí
545680,Effect/Prefabs/JueSe/UI/Touxiangkuang51.prefab,,,,Hình Đại Diện-Châu Quang Bảo Khí
545681,Effect/Prefabs/JueSe/WaiZhuang/F1F2M1M2_W072_Body_WZ01_QingLong_CX.prefab,,,,Thanh Long Cá Nhân
545682,Effect/Prefabs/JueSe/WaiZhuang/M1_W072_Body_WZ01_QingLong.prefab,,,,Thanh Long Cá Nhân
545683,Effect/Prefabs/JueSe/WaiZhuang/M2_W072_Body_WZ01_QingLong.prefab,,,,Thanh Long Cá Nhân
545684,Effect/Prefabs/JueSe/WaiZhuang/F1_W072_Body_WZ01_QingLong.prefab,,,,Thanh Long Cá Nhân
545685,Effect/Prefabs/JueSe/WaiZhuang/F2_W072_Body_WZ01_QingLong.prefab,,,,Thanh Long Cá Nhân
545686,Effect/Prefabs/JueSe/WaiZhuang/M1M2F1F2_W072_Body_WZ01_QingLong_LR.prefab,,,,Thanh Long Cá Nhân
545687,Effect/Prefabs/JueSe/WaiZhuang/M1M2F1F2_W072_Body_WZ01_QingLong_LR.prefab,,,,Thanh Long Cá Nhân
545688,UI/Prefabs/Effect/SpecialTitle/DressTitle329_Effect.prefab,,,,Danh Hiệu Thanh Long
545689,UI/Prefabs/Effect/SpecialTitle/DressTitle328_Effect.prefab,,,,Mộng Trảm Tinh Hà 
545690,Effect/Prefabs/JueSe/UI/Touxiangkuang56.prefab,,,,Hình Đại Diện-Bàn Uyên Ngọc Lân
545691,Effect/Prefabs/HuoDong/Effect_boss025_skill01_SF.prefab,,,,Thúy Vũ Thí Luyện
545692,Effect/Prefabs/HuoDong/Effect_boss025_skill01_XianJing.prefab,,,,Thúy Vũ Thí Luyện
545693,Effect/Prefabs/HuoDong/Effect_boss025_skill01_yujing.prefab,,,,Thúy Vũ Thí Luyện-Cảnh Báo Thanh Dài
545694,Effect/Prefabs/HuoDong/Effect_boss025_skill02_ZhuZi_Jin.prefab,,,,Thúy Vũ Thí Luyện
545695,Effect/Prefabs/HuoDong/Effect_boss025_skill02_ZhuZi_Mu.prefab,,,,Thúy Vũ Thí Luyện
545696,Effect/Prefabs/HuoDong/Effect_boss025_skill02_ZhuZi_Shui.prefab,,,,Thúy Vũ Thí Luyện
545697,Effect/Prefabs/HuoDong/Effect_boss025_skill02_ZhuZi_Huo.prefab,,,,Thúy Vũ Thí Luyện
545698,Effect/Prefabs/HuoDong/Effect_boss025_skill02_ZhuZi_Tu.prefab,,,,Thúy Vũ Thí Luyện
545699,Effect/Prefabs/HuoDong/Effect_boss025_skill02_Luan.prefab,,,,Thúy Vũ Thí Luyện
545700,Effect/Prefabs/HuoDong/Effect_boss025_skill02_ZhuZi.prefab,,,,Thúy Vũ Thí Luyện
545701,Effect/Prefabs/HuoDong/Effect_boss025_skill03_buff_01.prefab,,,,Thúy Vũ Thí Luyện-Trên Đầu-Âm
545702,Effect/Prefabs/HuoDong/Effect_boss025_skill03_buff_02.prefab,,,,Thúy Vũ Thí Luyện-Trên Đầu-Dương
545703,Effect/Prefabs/HuoDong/Effect_boss025_skill03_Quan_01.prefab,,,,Thúy Vũ Thí Luyện-Bẫy-Âm
545704,Effect/Prefabs/HuoDong/Effect_boss025_skill03_Quan_02.prefab,,,,Thúy Vũ Thí Luyện-Bẫy-Dương
545705,Effect/Prefabs/HuoDong/Effect_boss025_skill03_baozha.prefab,,,,Thúy Vũ Thí Luyện-Vụ Nổ
545706,Effect/Prefabs/HuoDong/Effect_boss025_skill04_XueQiu.prefab,,,,Thúy Vũ Thí Luyện
545707,Effect/Prefabs/HuoDong/Effect_boss025_skill04_yujing_5s.prefab,,,,Cảnh báo hình tròn 5 giây
545708,Effect/Prefabs/HuoDong/Effect_boss025_skill04_yujing_8s.prefab,,,,Cảnh báo hình tròn 8 giây
545709,Effect/Prefabs/HuoDong/Effect_XingChiJianPo_HuangQuan_20.prefab,,,,Độc Cô Kiếm giới hạn phạm vi 20m
545710,Effect/Prefabs/JueSe/WaiZhuang/M1M2_W073_Body_WZ01_JiSi.prefab,,,,Hiệu Ứng Tế Tư
545711,Effect/Prefabs/JueSe/WaiZhuang/F1_W073_Body_WZ01_JiSi.prefab,,,,Hiệu Ứng Tế Tư
545712,Effect/Prefabs/JueSe/WaiZhuang/F2_W073_Body_WZ01_JiSi.prefab,,,,Hiệu Ứng Tế Tư
545713,Effect/Prefabs/JueSe/WaiZhuang/F1F2M1M2_W073_Body_WZ01_JiSi_L.prefab,,,,Hiệu Ứng Tế Tư
545714,UI/Prefabs/Effect/SpecialTitle/DressTitle330_Effect.prefab,,,,Tiếp Dẫn Giang Hồ
545715,Effect/Prefabs/HuoDong/Effect_XingChiJianPo_TieLao.prefab,,,1,Tinh Trì Kiếm Phách Thiết Lao
545716,UI/Prefabs/Effect/SpecialTitle/DressTitle331_Effect.prefab,,,,Danh Hiệu Tế Tư
545717,Effect/Prefabs/HuoDong/Effect_TLY_baozha01.prefab,,,,Chiến Trường Đoạt Cờ-Bom Nhỏ
545718,Effect/Prefabs/HuoDong/Effect_TLY_baozha02.prefab,,,,Chiến Trường Đoạt Cờ-Bom
545719,Effect/Prefabs/HuoDong/Effect_TLY_baozha03.prefab,,,,Tạc đạn lớn Chiến Trường Đoạt Cờ sắp nổ  
545720,UI/Prefabs/Effect/SpecialTitle/DressTitle342_Effect.prefab,,,,Danh hiệu hoạt động tổng kết dữ liệu năm 2026  
545721,UI/Prefabs/Effect/SpecialTitle/DressTitle343_Effect.prefab,,,,Danh hiệu hoạt động tổng kết dữ liệu năm 2026  
545722,UI/Prefabs/Effect/SpecialTitle/DressTitle344_Effect.prefab,,,,Danh hiệu hoạt động tổng kết dữ liệu năm 2026  
545723,UI/Prefabs/Effect/SpecialTitle/DressTitle345_Effect.prefab,,,,Danh hiệu hoạt động tổng kết dữ liệu năm 2026  
545724,UI/Prefabs/Effect/SpecialTitle/DressTitle346_Effect.prefab,,,,Danh hiệu hoạt động tổng kết dữ liệu năm 2026  
545725,UI/Prefabs/Effect/SpecialTitle/DressTitle332_Effect.prefab,,,,Danh hiệu hoạt động nạp Ngân Sức 2025
545726,UI/Prefabs/Effect/SpecialTitle/DressTitle333_Effect.prefab,,,,Danh hiệu hoạt động nạp Ngân Sức 2025
545727,UI/Prefabs/Effect/SpecialTitle/DressTitle334_Effect.prefab,,,,Danh hiệu hoạt động nạp Ngân Sức 2025
545728,UI/Prefabs/Effect/SpecialTitle/DressTitle335_Effect.prefab,,,,Danh hiệu hoạt động nạp Ngân Sức 2025
545729,UI/Prefabs/Effect/SpecialTitle/DressTitle336_Effect.prefab,,,,Danh hiệu hoạt động nạp Ngân Sức 2025
545730,UI/Prefabs/Effect/SpecialTitle/DressTitle337_Effect.prefab,,,,Danh hiệu hoạt động nạp Ngân Sức 2025
545731,UI/Prefabs/Effect/SpecialTitle/DressTitle338_Effect.prefab,,,,Danh hiệu hoạt động nạp Ngân Sức 2025
545732,UI/Prefabs/Effect/SpecialTitle/DressTitle339_Effect.prefab,,,,Danh hiệu hoạt động nạp Ngân Sức 2025
545733,UI/Prefabs/Effect/SpecialTitle/DressTitle340_Effect.prefab,,,,Danh hiệu hoạt động nạp Ngân Sức 2025
545734,UI/Prefabs/Effect/SpecialTitle/DressTitle341_Effect.prefab,,,,Danh hiệu hoạt động nạp Ngân Sức 2025
545735,Effect/Prefabs/HuoDong/Effect_ChengChi_shuitong.prefab,,,1,Nạn Dân Sơn Hà Trục Lộc - Trên đầu - Nước  
545736,Effect/Prefabs/HuoDong/Effect_ChengChi_shadai.prefab,,,1,Nạn Dân Sơn Hà Trục Lộc - Trên đầu - Lương thực  
545737,Effect/Prefabs/JueSe/NPC/Fuben/TongYong/Effect_XiaoHaoPaiHang_TongZai.prefab,,,,Danh hiệu hoạt động nạp Ngân Sức 2025
545738,Effect/Prefabs/JueSe/NPC/Fuben/TongYong/Effect_XiaoHaoPaiHang_MoZun.prefab,,,,Danh hiệu hoạt động nạp Ngân Sức 2025
545739,Effect/Prefabs/JueSe/NPC/Fuben/TongYong/Effect_XiaoHaoPaiHang_ReSou.prefab,,,,Danh hiệu hoạt động nạp Ngân Sức 2025
545740,Effect/Prefabs/JueSe/WaiZhuang/F1F2M1M2_W075_Body_WZ01_AiShen_CX.prefab,,,,Hiệu Ứng Ngoại Trang Thần Tình Yêu
545741,Effect/Prefabs/JueSe/WaiZhuang/M1_W075_Body_WZ01_AiShen.prefab,,,,Hiệu Ứng Ngoại Trang Thần Tình Yêu
545742,Effect/Prefabs/JueSe/WaiZhuang/M2_W075_Body_WZ01_AiShen.prefab,,,,Hiệu Ứng Ngoại Trang Thần Tình Yêu
545743,Effect/Prefabs/JueSe/WaiZhuang/F1_W075_Body_WZ01_AiShen.prefab,,,,Hiệu Ứng Ngoại Trang Thần Tình Yêu
545744,Effect/Prefabs/JueSe/WaiZhuang/F2_W075_Body_WZ01_AiShen.prefab,,,,Hiệu Ứng Ngoại Trang Thần Tình Yêu
545745,Effect/Prefabs/JueSe/WaiZhuang/F1F2M1M2_W075_Body_WZ01_AiShen_LR.prefab,,,,Hiệu Ứng Ngoại Trang Thần Tình Yêu
545746,Effect/Prefabs/JueSe/WaiZhuang/F1F2M1M2_W075_Body_WZ01_AiShen_SR.prefab,,,,Hiệu Ứng Ngoại Trang Thần Tình Yêu
545747,Effect/Prefabs/JueSe/WaiZhuang/F2F1M1M2_W075_Body_WZ01_AiShen_CX.prefab,,,,Hiệu Ứng Ngoại Trang Thần Tình Yêu
545748,Effect/Prefabs/JueSe/WaiZhuang/F1F2M1M2_W075_Body_WZ01_AiShen_SR_st.prefab,,,,Hiệu Ứng Ngoại Trang Thần Tình Yêu
545749,Effect/Prefabs/JueSe/WaiZhuang/F2F1M1M2_W075_Body_WZ01_AiShen_SR_LR.prefab,,,,Hiệu Ứng Ngoại Trang Thần Tình Yêu
545750,UI/Prefabs/Effect/SpecialTitle/DressTitle347_Effect.prefab,,,,Danh Hiệu Đặc Biệt Đôi Ngựa Tâm Tình
545751,UI/Prefabs/Effect/SpecialTitle/DressTitle348_Effect.prefab,,,,Danh Hiệu Thần Tình Yêu
545752,UI/Prefabs/Effect/SpecialTitle/DressTitle349_Effect.prefab,,,,Danh hiệu hoạt động Cặp Đôi: Vô Song Tỷ Dực Khách
545753,UI/Prefabs/Effect/SpecialTitle/DressTitle350_Effect.prefab,,,,Danh hiệu hoạt động Cặp Đôi: Vô Song Tỷ Dực Khách
545754,UI/Prefabs/Effect/SpecialTitle/DressTitle351_Effect.prefab,,,,Danh hiệu hoạt động Cặp Đôi: Vô Song Tỷ Dực Khách
545755,Effect/Prefabs/HuoDong/Effect_CGtuanben_xushi_jia6.prefab,,,,Hư Thực Ảo-Ảo
545756,Effect/Prefabs/HuoDong/Effect_CGtuanben_xushi_xu6.prefab,,,,Hư Thực Ảo-Hư
545757,Effect/Prefabs/HuoDong/Effect_CGtuanben_xushi_shi6.prefab,,,,Hư Thực Ảo-Thực
545758,Effect/Prefabs/HuoDong/Effect_CGtuanben_xushi_zhiyin_hongse.prefab,,,,Đỏ-Sai
545759,Effect/Prefabs/HuoDong/Effect_CGtuanben_xushi_zhiyin_jingse.prefab,,,,Vàng-Đúng
545760,Effect/Prefabs/HuoDong/Effect_CGtuanben_yingshi_40.prefab,,,,Hiệu ứng nổ hình tròn 40 mét-Lục
545761,Effect/Prefabs/HuoDong/Effect_CGtuanben_zhiyin_Gong.prefab,,,,Cung-Buff Trôi Nổi
545762,Effect/Prefabs/HuoDong/Effect_CGtuanben_zhiyin_Shang.prefab,,,,Thương-Buff Trôi Nổi
545763,Effect/Prefabs/HuoDong/Effect_CGtuanben_zhiyin_Jue.prefab,,,,Giốc-Buff Trôi Nổi
545764,Effect/Prefabs/HuoDong/Effect_CGtuanben_zhiyin_Zhi.prefab,,,,Chủy-Buff Trôi Nổi
545765,Effect/Prefabs/HuoDong/Effect_CGtuanben_zhiyin_Yu.prefab,,,,Vũ-Buff Trôi Nổi
545766,Effect/Prefabs/HuoDong/Effect_CGtuanben_zhiyin_Gong_xianjing3.prefab,,,,Cung-Bẫy Mặt Đất
545767,Effect/Prefabs/HuoDong/Effect_CGtuanben_zhiyin_Shang_xianjing3.prefab,,,,Thương-Bẫy Mặt Đất
545768,Effect/Prefabs/HuoDong/Effect_CGtuanben_zhiyin_Jue_xianjing3.prefab,,,,Giốc-Bẫy Mặt Đất
545769,Effect/Prefabs/HuoDong/Effect_CGtuanben_zhiyin_Zhi_xianjing3.prefab,,,,Chủy-Bẫy Mặt Đất
545770,Effect/Prefabs/HuoDong/Effect_CGtuanben_zhiyin_Yu_xianjing3.prefab,,,,Vũ-Bẫy Mặt Đất
545771,Effect/Prefabs/HuoDong/Effect_CGtuanben_wunv_6.prefab,,,,Hiệu ứng nhảy múa
545772,Effect/Prefabs/JueSe/UI/Touxiangkuang57.prefab,,,,Hình Đại Diện-Vấn Đỉnh Lăng Tiêu
545773,UI/Prefabs/Effect/SpecialTitle/IDimage001_shuimu_Effect_zhoushen.prefab,,,,Sứa-Trang Trí Tên
545774,UI/Prefabs/Effect/SpecialTitle/IDimage001_shuimu_Effect_zhoushen.prefab,,,,Sứa-Quanh Thân
545775,UI/Prefabs/Effect/SpecialTitle/DressTitle352_Effect.prefab,,,,Dưới Gốc Anh Đào
545776,UI/Prefabs/Effect/SpecialTitle/DressTitle353_Effect.prefab,,,,Trượng Kiếm Thiên Hạ
545777,Effect/Prefabs/JueSe/WaiZhuang/M2_W077_Body_WZ01_ShuiMu.prefab,,,,Sứa-Hiệu Ứng Ngoại Trang
545778,Effect/Prefabs/JueSe/WaiZhuang/F2M1_W077_Body_WZ01_ShuiMu.prefab,,,,Sứa-Hiệu Ứng Ngoại Trang
545779,Effect/Prefabs/JueSe/WaiZhuang/F1_W077_Body_WZ01_ShuiMu.prefab,,,,Sứa-Hiệu Ứng Ngoại Trang
545780,Effect/Prefabs/JueSe/WaiZhuang/F1F2M1M2_W077_Body_WZ01_ShuiMu_LR.prefab,,,,Sứa-Hiệu Ứng Ngoại Trang
545781,Effect/Prefabs/JueSe/WaiZhuang/F1F2M1M2_W077_Body_WZ01_ShuiMu_LR.prefab,,,,Sứa-Hiệu Ứng Ngoại Trang
545782,Effect/Prefabs/JueSe/UI/Touxiangkuang58.prefab,,,,Sứa-Khung Hình Đại Diện
545783,Effect/Prefabs/JueSe/UI/ChatBox_0001_shuimu_LD.prefab,,,,Sứa-Khung Chat
545784,Effect/Prefabs/JueSe/UI/ChatBox_0001_shuimu_RU.prefab,,,,Sứa-Khung Chat
545785,UI/Prefabs/Effect/SpecialTitle/DressTitle354_Effect.prefab,,,,Sứa-Danh hiệu
545786,Effect/Prefabs/JueSe/ZuoQi/Effect_Sword01_run.prefab,,,,Hiệu ứng bay của Phi Kiếm
545881,UI/Prefabs/Effect/SpecialTitle/VNTitle49_Effect.prefab,,,,Danh Hiệu-Bảo Bối Khuynh Thành
545882,UI/Prefabs/Effect/SpecialTitle/VNTitle50_Effect.prefab,,,,Danh Hiệu-Bảo Bối Lộng Lẫy
545883,UI/Prefabs/Effect/SpecialTitle/VNTitle51_Effect.prefab,,,,Danh Hiệu-Bảo Bối Ngoan Xinh yêu
545884,UI/Prefabs/Effect/SpecialTitle/VNTitle52_Effect.prefab,,,,Danh Hiệu-Bảo Bối Trân Quý
545885,UI/Prefabs/Effect/SpecialTitle/VNTitle53_Effect.prefab,,,,Danh Hiệu-Bảo Bối Tuyệt Sắc
545886,UI/Prefabs/Effect/SpecialTitle/VNTitle54_Effect.prefab,,,,Danh Hiệu-Phu Thê Đồng Tâm
545887,UI/Prefabs/Effect/SpecialTitle/VNTitle55_Effect.prefab,,,,Danh Hiệu-Phu Thê Hòa Hợp
545888,UI/Prefabs/Effect/SpecialTitle/VNTitle56_Effect.prefab,,,,Danh Hiệu-Phu Thê Tương Giao
545889,UI/Prefabs/Effect/SpecialTitle/VNTitle57_Effect.prefab,,,,Danh Hiệu-Phu Thê Viên Mãn
545890,UI/Prefabs/Effect/SpecialTitle/VNTitle58_Effect.prefab,,,,Danh Hiệu-Phu Thê Vĩnh Cửu
545891,UI/Prefabs/Effect/SpecialTitle/VNTitle59_Effect.prefab,,,,Danh Hiệu-Thủ Lĩnh Chí Tôn
545892,UI/Prefabs/Effect/SpecialTitle/VNTitle60_Effect.prefab,,,,Danh Hiệu-Thủ Lĩnh Kiệt Xuất
545893,UI/Prefabs/Effect/SpecialTitle/VNTitle61_Effect.prefab,,,,Danh Hiệu-Thủ Lĩnh Oai Phong
545894,UI/Prefabs/Effect/SpecialTitle/VNTitle62_Effect.prefab,,,,Danh Hiệu-Thủ Lĩnh Tài Ba
545895,UI/Prefabs/Effect/SpecialTitle/VNTitle63_Effect.prefab,,,,Danh Hiệu-Thủ Lĩnh Vô Song
545896,UI/Prefabs/Effect/SpecialTitle/VNTitle64_Effect.prefab,,,,Danh Hiệu-Tri Âm Bền Bỉ
545897,UI/Prefabs/Effect/SpecialTitle/VNTitle65_Effect.prefab,,,,Danh Hiệu-Tri Âm Đồng Hành
545898,UI/Prefabs/Effect/SpecialTitle/VNTitle66_Effect.prefab,,,,Danh Hiệu-Tri Âm Mến Mộ
545899,UI/Prefabs/Effect/SpecialTitle/VNTitle68_Effect.prefab,,,,Danh Hiệu-Bang Hội Đệ Nhất
545900,UI/Prefabs/Effect/SpecialTitle/VNTitle67_Effect.prefab,,,,Danh Hiệu-Bang Hội Danh Chấn
545901,UI/Prefabs/Effect/SpecialTitle/VNTitle69_Effect.prefab,,,,Danh Hiệu-Bang Hội Hào Kiệt
545902,UI/Prefabs/Effect/SpecialTitle/VNTitle70_Effect.prefab,,,,Danh Hiệu-Bang Hội Kỳ Tài
545876,Effect/Prefabs/JueSe/UI/Touxiangkuang68.prefab,,,,Hình Đại Diện-Liệt Hỏa Liêu Nguyên
545877,Effect/Prefabs/JueSe/UI/Touxiangkuang69.prefab,,,,Hình Đại Diện-Minh Đỉnh Xích Bích
