StateEffectId,StateName,EffectResID1,SlotID1,EffectResID2,SlotID2,HeadResID,Alpha,ChangeSize,ChangeSizeSpeed,RunActID,HeadWord,MagicDesc,Icon,IconAtlas,NotShowTime,HideBody,HideHead,ShowSort,HightLightSkill,RequireSuperpose
84,Không thời gian chờ,,,,,,,,,,,  ,Buff_yemingzhu,UI/Atlas/NewAtlas/Buff/Buff.prefab,,,,,,
114,Khải Giáp Thép,114,,,,,,,,,,,,,,,,,,
195,Vòng Thủ Lĩnh,9031,,,,,,,,,,,,,,,,,,
197,Vòng Tinh Anh,197,,,,,,,,,,,,,,,,,,
198,Lửa Trại,198,,,,,,,,,,,,,,,,,,
199,Tu Luyện Châu,,,,,,,,,,,EXP đánh quái: x[00ff00]%s[-]\nEXP còn: [00ff00]%s[-],BUFF_xiulianzhu,UI/Atlas/NewAtlas/Buff/Buff.prefab,,,,,,
212,Huyết Chiến Bát Phương,,,,,,,,,,,Di chuyển +[00ff00]runspeed_v1[-],Tianwang_jx02_buff,UI/Atlas/NewAtlas/Buff/Buff.prefab,,,,,,
213,Kim Chung Tráo,9076,,,,,,,,,,Kháng tất cả cơ bản +[00ff00]all_series_resist_p1%[-]\nKháng tất cả +[00ff00]all_series_resist_v1[-]\nTỉ lệ kháng thuộc tính +[00ff00]resist_allseriesstate_rate_v1[-]\nTỉ lệ kháng bất lợi +[00ff00]resist_allspecialstate_rate_v1[-],TianwangSkill_03_buff,UI/Atlas/NewAtlas/Buff/Buff.prefab,,,,,,
217,Bí Kíp-Sơ: Nhất Kích Sát Thần,,,,,,,,,,,Tỉ lệ bạo kích cơ bản +[00ff00]deadlystrike_p1%[-],Tianwang_bd02_buff,UI/Atlas/NewAtlas/Buff/Buff.prefab,,,,,,
221,Bí Kíp-Sơ: Bá Vương Nộ Hống,,,,,,,,,,,Kháng sát thương cận chiến +[00ff00]melee_dmg_p1%[-]\nKháng sát thương tầm xa +[00ff00]remote_dmg_p1%[-],Tianwang_bd04_buff,UI/Atlas/NewAtlas/Buff/Buff.prefab,,,,,,
219,Phá Phủ Trầm Châu,2416,,,,,,,,,,Vô Địch,Tianwang_bd03_buff,UI/Atlas/NewAtlas/Buff/Buff.prefab,,,,,,
225,Nhất Kỵ Đương Thiên,,,,,,,,,,,Kháng tất cả cơ bản +[00ff00]all_series_resist_p1%[-],Tianwang_bd07_buff,UI/Atlas/NewAtlas/Buff/Buff.prefab,,,,,,
241,Kinh Lôi Phá Thiên,,,,,,,,,,,Tấn công cơ bản +[00ff00]physics_potentialdamage_p1%[-],Tianwang_bd08_buff,UI/Atlas/NewAtlas/Buff/Buff.prefab,,,,,,
246,Khí Cái Bát Hoang,,,,,,,,,,,Sinh lực cơ bản tối đa +[00ff00]lifemax_p1%[-],Tianwang_bd09_buff,UI/Atlas/NewAtlas/Buff/Buff.prefab,,,,,,
247,Khí Cái Bát Hoang,,,,,,,,,,,Sinh lực cơ bản tối đa +[00ff00]lifemax_p1%[-],Tianwang_bd09_buff,UI/Atlas/NewAtlas/Buff/Buff.prefab,,,,,,
265,Thập Nhị Cầm Long Thủ,,,,,,,,,,,Triệt tiêu sát thương cuối +[00ff00]reduce_final_damage_p1%[-],Sl_mj03_buff,UI/Atlas/NewAtlas/Buff/Buff.prefab,,,,,,
270,Kim Cang Phục Ma,3270,,,,,,120,5,,,Miễn dịch thuộc tính\nMiễn dịch bất lợi\nSát thương bạo kích +[00ff00]deadlystrike_damage_p1%[-]\nMiễn sát thương bạo kích + +[00ff00]weaken_deadlystrike_damage_p1%[-]\nDi chuyển +[00ff00]runspeed_v1[-],ShaolinSkill_04_buff,UI/Atlas/NewAtlas/Buff/Buff.prefab,,,,,,
273,La Hán Trận,273,,,,,,,,,,,,,,,,,,
279,Lập Địa Thành Phật,,,,,,,,,,,Kháng tất cả cơ bản +[00ff00]all_series_resist_p1%[-],Shaolin_bd04_buff,UI/Atlas/NewAtlas/Buff/Buff.prefab,,,,,,
281,Kim Cang Nộ Mục,3281,,,,,,,,,,Kháng tất cả cơ bản +[00ff00]all_series_resist_p1%[-]\nTấn công cơ bản Kim Cang Nộ Mục +[00ff00]add_usebasedmg_p12%[-],Shaolin_bd05_buff,UI/Atlas/NewAtlas/Buff/Buff.prefab,,,,,,
297,Bí Kíp-Cao: Thập Nhị Cầm Long Thủ,,,,,,,,,,,Tấn công cơ bản [FF3030]giảm physics_potentialdamage_p1%[-],Sl_mj03_buff,UI/Atlas/NewAtlas/Buff/Buff.prefab,,,,,,
306,Từ Hàng Phổ Độ,3306,,,,,,,,,,Mỗi cách [00ff00]1[-]giây hồi phục [00ff00]dir_recover_life_pp1/100%[-]sinh lực tối đa{\nPhản đòn cận chiến +[00ff00]meleedamagereturn_p1%[-]}{\nPhản đòn tầm xa +[00ff00]rangedamagereturn_p1%[-]},Emei_jx01_buff,UI/Atlas/NewAtlas/Buff/Buff.prefab,,,,,,
316,Bí Kíp: Từ Hàng Phổ Độ,,,,,,,,,,,Miễn dịch thuộc tính,Em_mj02_buff,UI/Atlas/NewAtlas/Buff/Buff.prefab,,,,,,
318,Miên Lý Tàng Châm,,,,,,,,,,,Mỗi [00ff00]recover_life_p2/15[-] giây hồi [00ff00]recover_life_p1%[-] sinh lực,Emei_bd06_buff,UI/Atlas/NewAtlas/Buff/Buff.prefab,,,,,,
332,Thiên Vũ Bảo Luân,35626,,,,,,,,,,Bị giam trong Thiên Vũ Bảo Luân,Emei_bd06_buff,UI/Atlas/NewAtlas/Buff/Buff.prefab,,,,,,
377,Bí Kíp: Thiên Vũ Bảo Luân,,,,,,,,,,,Né tránh cơ bản [FF3030] giảm defense_p1%[-],Emei_bd06_buff,UI/Atlas/NewAtlas/Buff/Buff.prefab,,,,,,
341,Phật Tâm Từ Hựu,,,,,,,,,,,Tỉ lệ kháng thuộc tính +[00ff00]resist_allseriesstate_rate_v1[-]\nThời gian kháng thuộc tính +[00ff00]resist_allseriesstate_time_v1[-]\nTỉ lệ kháng bất lợi +[00ff00]resist_allspecialstate_rate_v1[-]\nThời gian kháng bất lợi+[00ff00]resist_allspecialstate_time_v1[-],Emei_bd02_buff,UI/Atlas/NewAtlas/Buff/Buff.prefab,,,,,,
342,Phật Tâm Từ Hựu,,,,,,,,,,,Tỉ lệ kháng thuộc tính +[00ff00]resist_allseriesstate_rate_v1[-]\nThời gian kháng thuộc tính +[00ff00]resist_allseriesstate_time_v1[-]\nTỉ lệ kháng bất lợi +[00ff00]resist_allspecialstate_rate_v1[-]\nThời gian kháng bất lợi+[00ff00]resist_allspecialstate_time_v1[-],Emei_bd02_buff,UI/Atlas/NewAtlas/Buff/Buff.prefab,,,,,,
406,Hỏa Phượng Liêu Nguyên,406,,,,,,,,,,Bỏ qua kháng tính cuối +[00ff00]ignore_all_resist2%[-]\nBỏ qua kháng tính cơ bản +[00ff00]ignore_all_resist_vp1%[-]\nTốc Đánh +[00ff00]attackspeed_v1[-]\nDi chuyển +[00ff00]runspeed_v1[-]\nNé tránh cơ bản +[00ff00]defense_p1%[-],TaohuaSkill_02_buff,UI/Atlas/NewAtlas/Buff/Buff.prefab,,,,,,
414,Bí Kíp-Sơ: Hỏa Phượng Liêu Nguyên,,,,,,,,,,,Miễn hiệu quả bất lợi\nMiễn hiệu quả Bị Thương,TaohuaSkill_02_buff,UI/Atlas/NewAtlas/Buff/Buff.prefab,,,,,,
426,Dục Hỏa Trùng Sinh,,,,,,,,,,,Mỗi [00ff00]recover_life_p2/15[-] giây hồi [00ff00]recover_life_p1%[-] sinh lực,Taohua_bd07_buff,UI/Atlas/NewAtlas/Buff/Buff.prefab,,,,,,
459,Bí Kíp-Cao: Hỏa Phượng Liêu Nguyên,,,,,,,,,,,Né tránh cơ bản +[00ff00]defense_p1%[-],TaohuaSkill_02_buff,UI/Atlas/NewAtlas/Buff/Buff.prefab,,,,,,
466,Khinh Vân Tế Nguyệt,,,,,,,,,,,Tốc đánh +[00ff00]attackspeed_v1[-]\nĐào Hoa Tiễn Thuật tấn công cơ bản +[00ff00]add_usebasedmg_p12%[-]\nĐào Hoa Tiễn Thuật bỏ qua Vô Địch,Taohua_bd02_buff,UI/Atlas/NewAtlas/Buff/Buff.prefab,,,,,,
518,Bí Kíp-Cao: Thất Thám Xà Bàn,,,,,,,,,,,Tỉ lệ kháng thuộc tính [FF3030] giảm resist_allseriesstate_rate_v1[-]\nTỉ lệ kháng bất lợi [FF3030] giảm resist_allspecialstate_rate_v1[-],Xiaoyao_bd02_buff,UI/Atlas/NewAtlas/Buff/Buff.prefab,,,,,,
520,Bí Kíp-Sơ: Phong Quyển Tàn Vân,,,,,,,,,,,Kháng tất cả cơ bản [FF3030] giảm all_series_resist_p1%[-],Xiaoyao_bd02_buff,UI/Atlas/NewAtlas/Buff/Buff.prefab,,,,,,
523,Tam Nguyên Quy Nhất,523,,,,,,,,,,Tấn công cơ bản +[00ff00]physics_potentialdamage_p1%[-],Xiaoyao_bd07_buff,UI/Atlas/NewAtlas/Buff/Buff.prefab,,,,,,
542,Tiêu Dao Ngự Phong,2888,,,,,,,,,,Né tránh cơ bản +[00ff00]defense_p1%[-]\nTỉ lệ bạo kích cơ bản +[00ff00]deadlystrike_p1%[-]\nDi chuyển +[00ff00]runspeed_v1[-]\nMiễn dịch thuộc tính\nMiễn dịch bất lợi,Xiaoyao_bd02_buff,UI/Atlas/NewAtlas/Buff/Buff.prefab,,,,,,
527,Hoàn Vũ Tiêu Dao Du,527,,,,,,,,,,,,,,,,,,
562,Bi Tô Thanh Phong,,,,,,,,,,,Kháng tất cả cơ bản +[00ff00]all_series_resist_p1%[-]\nTấn công cơ bản +[00ff00]physics_potentialdamage_p1%[-],Xiaoyao_bd08_buff,UI/Atlas/NewAtlas/Buff/Buff.prefab,,,,,,
564,Tuyệt Học: Tam Nguyên Quy Nhất,,,,,,,,,,,Kháng sát thương cận chiến +[00ff00]melee_dmg_p1%[-]\nKháng sát thương tầm xa +[00ff00]remote_dmg_p1%[-],Xiaoyao_bd07_buff,UI/Atlas/NewAtlas/Buff/Buff.prefab,,,,,,
610,Vô Ngã Vô Kiếm,26707,,,,,,,,,,Tấn công 3 lần sẽ biến mất,Emei_bd06_buff,UI/Atlas/NewAtlas/Buff/Buff.prefab,,,,,,
616,Thiên Địa Vô Cực,,,,,,,,,,,Kháng tất cả cơ bản [FF3030] giảm all_series_resist_p1%[-]\nNé tránh cơ bản [FF3030] giảm defense_p1%[-],BUFF_Earth,UI/Atlas/NewAtlas/Buff/Buff.prefab,,,,,,
618,Thái Nhất Chân Khí,2849,,,,,,,,,,Giải trừ và miễn dịch thuộc tính,Wudang_bd02_buff,UI/Atlas/NewAtlas/Buff/Buff.prefab,,,,,,
622,Bí Kíp: Vô Ngã Vô Kiếm,,,,,,,,,,,Tỉ lệ kháng thuộc tính [FF3030] giảm resist_allseriesstate_rate_v1[-],Changge_bd02_buff,UI/Atlas/NewAtlas/Buff/Buff.prefab,,,,,,
625,Bí Kíp: Tọa Vọng Vô Ngã,,,,,,,,,,,Tấn công cơ bản +[00ff00]physics_potentialdamage_p1%[-],WudangSkill_04_buff,UI/Atlas/NewAtlas/Buff/Buff.prefab,,,,,,
640,Tọa Vọng Vô Ngã,,,,,,,,,,,Tổng sát thương đỡ: [00ff00]t_magicshield1[-]\nTỉ lệ miễn dịch Bùa Chú +[00ff00]ignore_dmgskill1/100%[-],WudangSkill_04_buff,UI/Atlas/NewAtlas/Buff/Buff.prefab,,,,,,
645,Chân Võ Thất Tiệt,,,,,,,,,,,Tấn công cơ bản +[00ff00]physics_potentialdamage_p1%[-],Wudang_bd04_buff,UI/Atlas/NewAtlas/Buff/Buff.prefab,,,,,,
646,Chân Võ Thất Tiệt,,,,,,,,,,,Tấn công cơ bản +[00ff00]physics_potentialdamage_p1%[-],Wudang_bd04_buff,UI/Atlas/NewAtlas/Buff/Buff.prefab,,,,,,
650,Bí Kíp: Vô Ngã Vô Kiếm,,,,,,,,,,,Tấn công cơ bản +[00ff00]physics_potentialdamage_p1%[-],Changge_bd02_buff,UI/Atlas/NewAtlas/Buff/Buff.prefab,,,,,,
653,Bí Kíp: Tọa Vọng Vô Ngã,,,,,,,,,,,Kháng sát thương cận chiến +[00ff00]melee_dmg_p1%[-]\nKháng sát thương tầm xa +[00ff00]remote_dmg_p1%[-],WudangSkill_04_buff,UI/Atlas/NewAtlas/Buff/Buff.prefab,,,,,,
662,Bí Kíp: Tọa Vọng Vô Ngã,,,,,,,,,,,Kháng sát thương cận chiến +[00ff00]melee_dmg_p1%[-]\nKháng sát thương tầm xa +[00ff00]remote_dmg_p1%[-]\nHút sinh lực +[00ff00]steallife_p1%[-],WudangSkill_04_buff,UI/Atlas/NewAtlas/Buff/Buff.prefab,,,,,,
664,Bí Kíp: Nhân Kiếm Hợp Nhất,,,,,,,,,,,Tốc đánh +[00ff00]attackspeed_v1[-]\nDi chuyển +[00ff00]runspeed_v1[-],WudangSkill_03_buff,UI/Atlas/NewAtlas/Buff/Buff.prefab,,,,,,
670,Bí Kíp: Nhân Kiếm Hợp Nhất,,,,,,,,,,,Hiệu suất hồi sinh lực [FF3030] giảm lifereplenish_p1%[-]\nTriệt tiêu sát thương cuối [FF3030] giảm reduce_final_damage_p1%[-],WudangSkill_03_buff,UI/Atlas/NewAtlas/Buff/Buff.prefab,,,,,,
669,Thất Tinh Quyết,,,,,,,,,,,Tỉ lệ bạo kích cơ bản +[00ff00]deadlystrike_p1%[-],Wudang_bd08_buff,UI/Atlas/NewAtlas/Buff/Buff.prefab,,,,,,
706,Ma Diệm Tại Thiên,706,,,,,,,,,,Tấn công 6 lần sẽ biến mất,TianrenSkill_02_buff,UI/Atlas/NewAtlas/Buff/Buff.prefab,,,,,,
707,Ma Diệm Tại Thiên,6707,,,,,,,,,,Di chuyển [FF3030] giảm runspeed_p1%[-],TianrenSkill_02_buff,UI/Atlas/NewAtlas/Buff/Buff.prefab,,,,,,
711,Huyết Nguyệt Ảnh,,,,,,,,,31,,Ẩn thân\nDi chuyển +[00ff00]runspeed_v1[-]\nTốc đánh +[00ff00]attackspeed_v1[-]\nTấn công cơ bản +[00ff00]physics_potentialdamage_p1%[-],TianrenSkill_04_buff,UI/Atlas/NewAtlas/Buff/Buff.prefab,,,,,,
712,Huyết Nguyệt Ảnh_Phá Ẩn,,,,,,,,,31,,Di chuyển +[00ff00]runspeed_v1[-]\nTốc đánh +[00ff00]attackspeed_v1[-]\nTấn công cơ bản +[00ff00]physics_potentialdamage_p1%[-],TianrenSkill_04_buff,UI/Atlas/NewAtlas/Buff/Buff.prefab,,,,,,
713,Huyết Nguyệt Ảnh_Phá Ẩn,,,,,,,,,31,,Sát thương liên chiêu Thiên Nhẫn Thích Sát Thuật +[00ff00]50%[-],TianrenSkill_04_buff,UI/Atlas/NewAtlas/Buff/Buff.prefab,,,,,,
743,Ma Diệm Thất Sát,,,,,,,,,,,Bỏ qua kháng tính cuối +[00ff00]ignore_all_resist2%[-],Tianren_bd02,UI/Atlas/SkillIcon/TR_Skill.prefab,,,,,,
746,Phá Toái Hư Không,,,,,,,,,,,Né tránh cơ bản +[00ff00]defense_p1%[-]\nTỉ lệ kháng bất lợi +[00ff00]resist_allspecialstate_rate_v1[-] điểm,Tianren_bd06_buff,UI/Atlas/NewAtlas/Buff/Buff.prefab,,,,,,
764,Bí Kíp: Ma Diệm Tại Thiên,,,,,,,,,,,Tấn công cơ bản +[00ff00]physics_potentialdamage_p1%[-],TianrenSkill_02_buff,UI/Atlas/NewAtlas/Buff/Buff.prefab,,,,,,
766,Bí Kíp: Huyết Nguyệt Ảnh,,,,,,,,,,,Né tránh cơ bản +[00ff00]defense_p1%[-]\nMiễn dịch bất lợi,TianrenSkill_04_buff,UI/Atlas/NewAtlas/Buff/Buff.prefab,,,,,,
767,Bí Kíp: Huyết Nguyệt Ảnh,,,,,,,,,,,Né tránh cơ bản +[00ff00]defense_p1%[-]\nMiễn dịch bất lợi,TianrenSkill_04_buff,UI/Atlas/NewAtlas/Buff/Buff.prefab,,,,,,
769,Bí Kíp: Nhiếp Hồn Loạn Tâm,,,,,,,,,,,Né tránh cơ bản [FF3030]giảm defense_p1%[-]\nTỉ lệ kháng thuộc tính [FF3030] giảm resist_allseriesstate_rate_v1[-]\nTỉ lệ kháng bất lợi [FF3030] giảm resist_allspecialstate_rate_v1[-],Tianren_bd02_buff,UI/Atlas/NewAtlas/Buff/Buff.prefab,,,,,,
810,Triệu Hồi Bảo Bảo,,,,,,,,,,,Bảo Bảo,CuiyanSkill_04_buff,UI/Atlas/NewAtlas/Buff/Buff.prefab,,,,,,
818,Tuyết Ảnh,,,,,,,,,,,Di chuyển +[00ff00]runspeed_v1[-]\nBỏ qua né tránh cơ bản +[00ff00]ignore_defense_vp1%[-],Cuiyan_bd02_buff,UI/Atlas/NewAtlas/Buff/Buff.prefab,,,,,,
819,Tuyết Ảnh,,,,,,,,,,,Di chuyển +[00ff00]runspeed_v1[-]\nBỏ qua né tránh cơ bản +[00ff00]ignore_defense_vp1%[-],Cuiyan_bd02_buff,UI/Atlas/NewAtlas/Buff/Buff.prefab,,,,,,
857,Bí Kíp: Băng Tung Vô Ảnh,973,,,,,,,,,,Tấn công cơ bản +[00ff00]physics_potentialdamage_p1%[-]\nTỉ lệ bỏ qua né tránh cuối của kẻ địch +[00ff00]ignore_defense_p1%[-],Emei_bd06_buff,UI/Atlas/NewAtlas/Buff/Buff.prefab,,,,,,
860,Bí Kíp: Tuyền Cơ La Vũ,,,,,,,,,,,Tấn công cơ bản Tuyền Cơ La Vũ +[00ff00]add_usebasedmg_p12%[-],Cuiyan_bd05_buff,UI/Atlas/NewAtlas/Buff/Buff.prefab,,,,,,
879,Bí Kíp: Triệu Hồi Bảo Bảo,2849,,,,,,,,,,Tăng sát thương cuối [FF3030]giảm enhance_final_damage_p1%[-],CuiyanSkill_04_buff,UI/Atlas/NewAtlas/Buff/Buff.prefab,,,,,,
927,Độc Chướng Thuật,927,,,,,,,,,,,,,,,,,,
930,Kim Cang Hộ Thể,2416,,,,,,,,,,,,,,,,,,
933,Bất Động Minh Vương,2416,,,,,,,,,,,,,,,,,,
937,Khô Mộc Phùng Xuân,6306,,,,,,,,,,,,,,,,,,
939,Niết Bàn Trùng Sinh,2849,,,,,,,,,,,,,,,,,,
948,Linh Tê,948,,,,,,,,,,,,,,,,,,
950,Tâm Nhãn,950,,,,,,,,,,,,,,,,,,
958,Niết Bàn Trùng Sinh,6306,,,,,,,,,,,,,,,,,,
970,Minh Nguyệt Quyết,970,,,,,,,,,,,,,,,,,,
973,Thanh Tâm Thuật,973,,,,,,,,,,,,,,,,,,
995,Bi Tô Thanh Phong,927,,,,,,,,,,,,,,,,,,
1001,Dấu than nhiệm vụ_Lục,,,,,1001,,,,,,,,,,,,,,
1002,Dấu than nhiệm vụ_Lam,,,,,1002,,,,,,,,,,,,,,
1003,Dấu hỏi nhiệm vụ_Xám,,,,,1003,,,,,,,,,,,,,,
1004,Dấu hỏi nhiệm vụ_Lục,,,,,1004,,,,,,,,,,,,,,
1005,Dấu hỏi nhiệm vụ_Lam,,,,,1005,,,,,,,,,,,,,,
1006,Dấu hỏi nhiệm vụ_Vàng,,,,,1006,,,,,,,,,,,,,,
1008,Gia tốc nhiệm vụ,1008,,,,,,,,31,,,,,,,,,,
1009,Đang tự tìm đường,,,,,,,,,,Golden_01|Golden_02|Golden_06|Golden_07|Golden_05,,,,,,,,,
1010,Đang tự chiến đấu,,,,,,,,,,Golden_01|Golden_02|Golden_03|Golden_04|Golden_05,,,,,,,,,
1011,Theo,,,,,,,,,,|Blue_01|Blue_02|Blue_03,,,,,,,,,
1012,Đang đào kho báu,,,,,,,,,,|Blue_04|Blue_05|Blue_03,,,,,,,,,
1013,Đang nhúng lẩu,,,,,,,,,,HuoGuo_01|HuoGuo_02|HuoGuo_03|HuoGuo_04|Golden_10,,,,,,,,,
1057,EXP đánh quái,,,,,,,,,,,EXP đánh quái: +[00ff00]enhance_exp_p1%[-],BUFF_xiulianzhu,UI/Atlas/NewAtlas/Buff/Buff.prefab,,,,,,
1059,Tỷ thí thắng,,,,,1059,,,,,,,,,,,,,,
1060,Tỷ thí thua,,,,,1060,,,,,,,,,,,,,,
1062,Hiệu ứng truyền công,1062,,,,,,,,,,,,,,,,,,
1063,Hiệu ứng truyền công_Tất cả hiệu ứng,1063,,,,,,,,,,,,,,,,,,
1085,Kết Bái: Cùng Hưởng Phúc,,,,,,,,,,,Sát thương thuộc tính +[00ff00]physical_damage_v1[-]\nSinh lực +[00ff00]lifemax_v1[-]\nKháng tất cả +[00ff00]all_series_resist_v1[-],BUFF_intimacy,UI/Atlas/NewAtlas/Buff/Buff.prefab,1,,,,,
1086,Ngồi thiền,1086,,,,,,,,,,,,,,,,,,
1087,"Cấm di chuyển, kỹ năng, vật phẩm",59,,,,,,,,,,,,,,,,,,
1092,Thức tỉnh Võ Đang,545068,,,,,,,,,,,,,,,,,,
1093,Thức Tỉnh Nga Mi,545103,,,,,,,,,,,,,,,,,,
1094,Thức tỉnh Tiêu Dao,545104,,,,,,,,,,,,,,,,,,
1095,Thiên Nhẫn Thức Tỉnh,545203,,,,,,,,,,,,,,,,,,
1096,Vòng sáng chân Đồng Hành_Trắng,9032,,,,,,,,,,,,,,,,,,
1097,Vòng sáng chân Đồng Hành_Lục,9033,,,,,,,,,,,,,,,,,,
1098,Vòng sáng chân Đồng Hành_Lam,9034,,,,,,,,,,,,,,,,,,
1099,Vòng sáng chân Đồng Hành_Tím,9035,,,,,,,,,,,,,,,,,,
1100,Vòng sáng chân Đồng Hành_Vàng,9036,,,,,,,,,,,,,,,,,,
1105,Kim Chung Tráo,9076,,,,,,,,,,,,,,,,,,
1367,Cuồng Bạo Phệ Huyết,,,,,,,133,5,,,,,,,,,,,
1457,Khóa chân (Cấm khinh công),1457,,,,,,,,,,,,,,,,,,
1500,Mũi Tên,,,,,1500,,,,,,,,,,,,,,
1501,Trạng thái Trọng Thương,,,,,4501,700,,,,,,,,,,,,,
1502,Trạng thái Khí Tuyệt,1502,,,,4502,700,,,,,,,,,,,,,
1503,Vòng Sáng_Hồi Sinh Lực,1503,,,,,,,,,,,,,,,,,,
1504,Vòng Sáng_Thêm kháng,1504,,,,,,,,,,,,,,,,,,
1505,Vòng Sáng_Thêm kháng_Phụ,1505,,,,,,,,,,,,,,,,,,
1506,Vòng Sáng_Hồi Sinh Lực_Phụ,1506,,,,,,,,,,,,,,,,,,
1507,Hồi Sinh Lực,,,,,4507,,,,,,,,,,,,,,
1508,Tấn công,,,,,4508,,,,,,,,,,,,,,
1509,Kháng tính,,,,,4509,,,,,,,,,,,,,,
1510,Tốc Chạy,,,,,4510,,,,,,,,,,,,,,
1512,buffball,1512,,,,,,,,,,,,,,,,,,
1513,buffball,1513,,,,,,,,,,,,,,,,,,
1514,Vòng Sáng Rương,9012,,,,,,,,,,,,,,,,,,
1517,Trạng thái bảo vệ,,,,,,400,,,,,Trong thời gian trạng thái bảo vệ không bị sát thương,BUFF_Protect,UI/Atlas/NewAtlas/Buff/Buff.prefab,,,,,,
1519,Lửa Trại,9044,,,,,,,,,,,,,,,,,,
1533,Vòng Sáng_Tốc đánh,1533,,,,,,,,,,,,,,,,,,
1534,Vòng Sáng_Tốc đánh_Phụ,1534,,,,,,,,,,,,,,,,,,
1535,Vòng Sáng_Sát thương,1535,,,,,,,,,,,,,,,,,,
1536,Vòng Sáng_Sát thương_Phụ,1536,,,,,,,,,,,,,,,,,,
1537,Cuồng Bạo,1367,16,7367,15,,,133,5,,,,,,,,,,,
1676,Hiệu ứng nộ khí Thiên Vương,1676,,,,,,,,,,,,,,,,,,
1677,Hiệu ứng nộ khí Nga Mi,1677,,,,,,,,,,,,,,,,,,
1678,Hiệu ứng nộ khí Đào Hoa,1678,,,,,,,,,,,,,,,,,,
1679,Hiệu ứng nộ khí Tiêu Dao,1679,,,,,,,,,,,,,,,,,,
1696,Vòng Đại Diện_Nam,1696,,,,,,,,,,,,,,,,,,
1697,Vòng Đại Diện_Nữ,1697,,,,,,,,,,,,,,,,,,
1698,Chiếm Lĩnh Buff-Tống,1698,,,,,,,,,,,,,,,,,,
1699,Chiếm Lĩnh Buff-Kim,1699,,,,,,,,,,,,,,,,,,
1705,buff_Tấn công,1705,,,,,,,,,,,,,,,,,,
1732,Cổ Vũ Chiến Hống,197,,,,,,,,,,Tấn công +[00ff00]basic_damage_v1[-]\nSinh lực +[00ff00]lifemax_v1[-]\nKháng tất cả +[00ff00]all_series_resist_v1[-]\nTỉ lệ thuộc tính +[00ff00]add_seriesstate_rate_v1[-]\nThời gian thuộc tính +[00ff00]add_seriesstate_time_v1[-],Taohua_bd02_buff,UI/Atlas/NewAtlas/Buff/Buff.prefab,,,,,,
1733,Cổ Vũ Chiến Hống,,,,,,,,,,,Tấn công +[00ff00]basic_damage_v1[-]\nSinh lực +[00ff00]lifemax_v1[-]\nKháng tất cả +[00ff00]all_series_resist_v1[-]\nTỉ lệ thuộc tính +[00ff00]add_seriesstate_rate_v1[-]\nThời gian thuộc tính +[00ff00]add_seriesstate_time_v1[-],Taohua_bd02_buff,UI/Atlas/NewAtlas/Buff/Buff.prefab,,,,,,
1772,Trung Quán Bạch Nhật,613,,,,,,,,,,Giảm sát thương: [00ff00]t_magicshield1[-],WudangSkill_04_buff,UI/Atlas/NewAtlas/Buff/Buff.prefab,,,,,,
1833,Cuồng Nhiệt,,,,,4508,,,,,,,,,,,,,,
1883,"Vòng Tầm Nhìn (Đường kính 2,8)",1883,,,,,,,,,,,,,,,,,,
1884,Vòng Tầm Nhìn (Đường kính 6m) ,1453,,,,,,,,,,,,,,,,,,
1885,Vòng Diệt Nhanh,1885,,,,,,,,,,,,,,,,,,
1889,Vòng Sáng Trúng Độc toàn màn hình_Phụ 2,1889,,,,,,,,,,,,,,,,,,
2035,Vòng Chí Mạng-Hỏa,2035,,,,,,,,,,,,,,,,,,
2037,Vòng Kháng Tính-Hỏa,1504,,,,,,,,,,,,,,,,,,
2038,Vòng Kháng Tính-Hỏa_Phụ,1505,,,,,,,,,,,,,,,,,,
2095,Vòng Hồi Phục,2070,,,,,,,,,,,,,,,,,,
2251,Cuồng Bạo Phệ Huyết,,,,,,,,,,,,,,,,,,,
2298,Vô Địch,2416,,,,,,,,,,Miễn dịch sát thương và khống chế,buff_wudi,UI/Atlas/NewAtlas/Buff/Buff.prefab,,,,,,
2301,Chúc phúc máy chủ mới: Cùng Chiến,,,,,,,,,,,EXP luyện công đánh quái ngoài thành +[00ff00]10%[-],meigui_02,UI/Atlas/Item/Item/Item2.prefab,,,,,,
2302,Chúc phúc máy chủ mới: May Mắn,,,,,,,,,,,"Bạc nhận từ Rung Cây Tiền, Mục Tiêu Ngày, Địa Cung Ngẫu Nhiên, Tu Luyện Dã Ngoại, Nhiệm Vụ Thương Hội +[00ff00]10%[-]",chongjujianghu,UI/Atlas/Item/Item/Item6.prefab,,,,,,
2303,Chúc phúc máy chủ mới: Thiên Công,,,,,,,,,,,"Cống Hiến nhận từ Góp Bang Hội, Võ Thần Điện, Nhiệm Vụ Trừng Ác, Vấn Đáp Lửa Trại Bang Hội, Minh Chủ Võ Lâm +[00ff00]10%[-]",BUFF_intimacy,UI/Atlas/NewAtlas/Buff/Buff.prefab,,,,,,
2304,Chúc Phúc-Hỏa,,,,,,,,,,,Bỏ qua né tránh +[00ff00]ignore_defense_v1[-]\nTỉ lệ bạo kích +[00ff00]deadlystrike_v1[-],BUFF_Fire,UI/Atlas/NewAtlas/Buff/Buff.prefab,,,,,,
2305,Chúc Phúc-Thổ,,,,,,,,,,,Kháng tất cả +[00ff00]all_series_resist_v1[-],BUFF_Earth,UI/Atlas/NewAtlas/Buff/Buff.prefab,,,,,,
2306,Uống Trà,,,,,,,,,,,  ,BUFF_nverhong,UI/Atlas/NewAtlas/Buff/Buff.prefab,,,,,,
2307,Chúc Phúc Ngày Lễ,,,,,,,,,,,Sát thương thuộc tính +[00ff00]physical_damage_v1[-]\nSinh lực tối đa +[00ff00]lifemax_v1[-]\nKháng tất cả +[00ff00]all_series_resist_v1[-],BUFF_zhuxiudan,UI/Atlas/NewAtlas/Buff/Buff.prefab,,,,,,
2308,Tăng thân mật,,,,,,,,,,,  ,BUFF_intimacy,UI/Atlas/NewAtlas/Buff/Buff.prefab,,,,,,
2310,Khoản nợ,,,,,,,,,,,  ,Gold,UI/Atlas/NewAtlas/Buff/Buff.prefab,1,,,,,
2311,Thời gian dừng Tần Lăng,,,,,,,,,,,  ,Buff_yemingzhu,UI/Atlas/NewAtlas/Buff/Buff.prefab,,,,,,
2312,Bảo vệ PK,,,,,,,,,,,  ,BUFF_Protect,UI/Atlas/NewAtlas/Buff/Buff.prefab,,,,,,
2313,Thương Hải Nguyệt Minh,,,,,,,,,,,EXP đánh quái: +[00ff00]enhance_exp_p1%[-],Buff_canghaiyueming,UI/Atlas/NewAtlas/Buff/Buff.prefab,,,,,,
2314,Nợ trạng thái xấu,,,,,,,,,,,EXP đánh quái: [FF3030] giảm enhance_exp_p1%[-]\nTấn công cơ bản: [FF3030] giảm physics_potentialdamage_p1%[-]\nKháng tất cả cơ bản: [FF3030] giảm all_series_resist_p1%[-],Gold,UI/Atlas/NewAtlas/Buff/Buff.prefab,1,,,,,
2316,Bánh Chưng,,,,,,,,,,,Lửa Trại Bang Hội nhận [FFFE0D]EXP cộng thêm[-],labazhou,UI/Atlas/Item/Item/Item5.prefab,,,,,,
2317,Tái Xuất,,,,,,,,,,,Thân mật nhận +[00ff00]100%[-]\nEXP đánh quái +[00ff00]enhance_exp_p1%[-]\nTấn công +[00ff00]basic_damage_v1[-]\nKháng tất cả +[00ff00]all_series_resist_v1[-]\nSinh lực +[00ff00]lifemax_v1[-],chongjujianghu,UI/Atlas/Item/Item/Item6.prefab,,,,,,
2318,Nợ trạng thái xấu,,,,,,,,,,,Lực chiến: [FF3030]Giảm fightpower_v11[-],Gold,UI/Atlas/NewAtlas/Buff/Buff.prefab,1,,,,,
2319,Nữ Hiệp Xem Trọng,,,,,,,,,,,Sát thương thuộc tính +[00ff00]physical_damage_v1[-]\nSinh lực tối đa +[00ff00]lifemax_v1[-]\nKháng tất cả +[00ff00]all_series_resist_v1[-],meigui_02,UI/Atlas/Item/Item/Item2.prefab,,,,,,
2320,Linh Quả Thần Bí,,,,,,,,,,,Sát thương quái +[00ff00]damage4npc_p1%[-],ArborDay_04,UI/Atlas/Item/Item/Item7.prefab,,,,,,
2321,Gia Viên Ẩn Thân,,,,,,,,,,,,,,,1,,,,
2322,Trạng thái Hồn Thanh Minh,1502,,,,,700,,,,,,,,,,,,,
2323,Gia Viên Ẩn Thân Trốn Tìm,,,,,,,,,,,,,,,1,,,,
2324,Vô Địch Hoa Đồng,2416,,,,,,150,3,,,Vô Địch!,Tianwang_bd03_buff,UI/Atlas/NewAtlas/Buff/Buff.prefab,,,,,,
2325,Thiên Phạt,,,,,,,,,,,  ,buff_cell,UI/Atlas/NewAtlas/Buff/Buff.prefab,,,,,,
2326,Bánh Ít Gạo Tẻ,,,,,,,,,,,EXP đánh quái: +[00ff00]enhance_exp_p1%[-],DuanwuZongzi1,UI/Atlas/Item/Item/Item13.prefab,,,,,,
2327,Bánh Ít Mứt Táo,,,,,,,,,,,Tấn công cơ bản +[00ff00]physics_potentialdamage_p1%[-],Zongzi01,UI/Atlas/Item/Item/Item20.prefab,,,,,,
2328,Bánh Ít Thập Cẩm,,,,,,,,,,,Kháng tất cả cơ bản +[00ff00]all_series_resist_p1%[-],Zongzi02,UI/Atlas/Item/Item/Item20.prefab,,,,,,
2329,Bánh Ít Khoai Mỡ,,,,,,,,,,,Né tránh cơ bản +[00ff00]defense_p1%[-],Zongzi03,UI/Atlas/Item/Item/Item20.prefab,,,,,,
2330,Bánh Ít Đậu Đỏ,,,,,,,,,,,Sinh lực cơ bản +[00ff00]lifemax_p1%[-],Zongzi04,UI/Atlas/Item/Item/Item20.prefab,,,,,,
2331,Bánh Ít Thịt Mặn,,,,,,,,,,,Bạo kích cơ bản +[00ff00]deadlystrike_p1%[-],Zongzi05,UI/Atlas/Item/Item/Item20.prefab,,,,,,
2332,Nữ Hiệp Xem Trọng,,,,,,,,,,,Tấn công cơ bản +[00ff00]physics_potentialdamage_p1%[-],hd_qicunxiaojian,UI/Atlas/Item/Item/Item3.prefab,,,,,,
2333,Bánh Ít Mật Ong,,,,,,,,,,,Tấn công cơ bản +[00ff00]physics_potentialdamage_p1%[-]\nKháng tất cả cơ bản +[00ff00]all_series_resist_p1%[-],Zongzi_buff1,UI/Atlas/NewAtlas/Buff/Buff.prefab,,,,,,
2334,Bánh Ít Tôm Hùm,,,,,,,,,,,Tấn công cơ bản +[00ff00]physics_potentialdamage_p1%[-]\nNé tránh cơ bản +[00ff00]defense_p1%[-],Zongzi_buff2,UI/Atlas/NewAtlas/Buff/Buff.prefab,,,,,,
2335,Bánh Ít Trứng Muối,,,,,,,,,,,Tấn công cơ bản +[00ff00]physics_potentialdamage_p1%[-]\nSinh lực cơ bản +[00ff00]lifemax_p1%[-],Zongzi_buff3,UI/Atlas/NewAtlas/Buff/Buff.prefab,,,,,,
2336,Chế Hằng,,,,,,,,,,,Sinh lực tối đa +[00ff00]lifemax_v1[-]\nTấn công +[00ff00]basic_damage_v1[-]\nKháng tất cả +[00ff00]all_series_resist_v1[-]\nTỉ lệ thuộc tính +[00ff00]add_seriesstate_rate_v1[-]\nThời gian thuộc tính +[00ff00]add_seriesstate_time_v1[-]\nTỉ lệ kháng thuộc tính +[00ff00]resist_allseriesstate_rate_v1[-]\nSức mạnh +[00ff00]strength_v1[-]\nThể chất +[00ff00]vitality_v1[-]\nNhanh nhẹn +[00ff00]dexterity_v1[-]\nLinh hoạt +[00ff00]energy_v1[-],BUFF_zhuxiudan,UI/Atlas/NewAtlas/Buff/Buff.prefab,,,,,,
2337,Thời gian dừng Hiệp Khách Đảo,,,,,,,,,,,  ,Buff_yemingzhu,UI/Atlas/NewAtlas/Buff/Buff.prefab,,,,,,
2338,Tiếp Dẫn Giang Hồ,,,,,,,,,,,Kinh nghiệm hoạt động Liên Hoàn +[00ff00]5%[-]\nKinh nghiệm đánh quái +[00ff00]5%[-]  ,trumpet2,UI/Atlas/Item/Item/Item7.prefab,,,,,,
2339,Tiếp Dẫn Giang Hồ,,,,,,,,,,,Kinh nghiệm hoạt động Liên Hoàn +[00ff00]5%[-]\nKinh nghiệm đánh quái +[00ff00]enhance_exp_p1%[-]  ,trumpet2,UI/Atlas/Item/Item/Item7.prefab,,,,,,
2515,Triết Biệt-Kỹ năng vòng sáng,9044,,,,,,,,,,,,,,,,,,
2522,Viên Thừa Chí-Kỹ năng vòng sáng,9044,,,,,,,,,,,,,,,,,,
2527,Diệp Vô Tâm-Kỹ năng vòng sáng,9044,,,,,,,,,,,,,,,,,,
2563,Nạp Lan Chân-Kỹ năng vòng sáng,9044,,,,,,,,,,,,,,,,,,
2554,Phách Không Chưởng,,,,,9053,,,,,,,,,,,,,,
2398,Vòng Sáng_Phản Đòn,2398,,,,,,,,,,,,,,,,,,
2399,Vòng Sáng_Phản Đòn_Phụ,2399,,,,,,,,,,,,,,,,,,
2400,Vòng Sáng_Phản Xạ,2400,,,,,,,,,,,,,,,,,,
2401,Vòng Sáng_Phản Xạ_Phụ,2401,,,,,,,,,,,,,,,,,,
2402,Vòng Tầm Nhìn (Nhỏ),1454,,,,,,,,,,,,,,,,,,
2403,Vòng Tầm Nhìn (Lớn),95,,,,,,,,,,,,,,,,,,
2404,Vòng Sáng Trúng Độc,2404,,,,,,,,,,,,,,,,,,
2405,Cường Lực (buff),2405,,,,,,,,,,,,,,,,,,
2416,Vô Địch-Bị Động,2416,,,,,,,,,,,,,,,,,,
2468,Vòng Sáng Trúng Độc,1396,,,,,,,,,,,,,,,,,,
2497,Bẫy Lửa,2497,,,,,,,,,,,,,,,,,,
2646,Bạch Lang Nhập Trận,2646,,,,,,,,,,,,,,,,,,
2708,Phản Đòn (Buff) ,2708,,,,,,,,,,,,,,,,,,
2709,Kinh Cúc (buff) ,2709,,,,,,,,,,,,,,,,,,
2776,Định Thân miễn kéo,59,,,,,,,,,,,,,,,,,,
2784,Vòng Hỗn Loạn,1883,,,,,,,,,,,,,,,,,,
2844,Long Tượng Cửu Trùng,,,,,2844,,,,,,,,,,,,,,
2845,Long Tượng Cửu Trùng_Phụ,,,,,2845,,,,,,,,,,,,,,
2849,Tuyết Ánh Hồng Trần_Hiệu ứng,2849,,,,,,,,,,,,,,,,,,
2858,Quyết Biệt,,,,,4508,,,,,,,,,,,,,,
2886,Ki Bán Phù,2886,,,,,,,,,,,,,,,,,,
2888,Phong Tuyết Bộ Pháp,2888,,,,,,,,,,,,,,,,,,
2900,Thương Hải Nguyệt Minh_Hiệu Ứng,2900,,,,,,,,,,,,,,,,,,
2978,Tận Trung Báo Quốc,1367,,,,,,130,,,,,,,,,,,,
3029,Cuồng Bạo Chiến Ý,1367,,,,,,130,,,,,,,,,,,,
3056,Thu nhỏ đến 80%,,,,,,,80,,,,,,,,,,,,
3057,Thu nhỏ đến 60%,,,,,,,60,,,,,,,,,,,,
3058,Thu nhỏ đến 40%,,,,,,,40,,,,,,,,,,,,
3059,Thu nhỏ đến 20%,,,,,,,20,,,,,,,,,,,,
3066,Trường Sinh Bất Lão,2416,,,,,,,,,,,,,,,,,,
3070,Đứng 10 giây_Vô Địch,2416,,,,,700,,,,,,,,,,,,,
3077,Thủy Hoàng Giáng Lâm,14,,,,,,,,,,,,,,,,,,
3078,Thủy Hoàng Giáng Lâm,,,,,6034,,,,,,,,,,,,,,
3106,Bẫy Toàn Phong,1887,,,,,,,,,,,,,,,,,,
3109,Bẫy Lửa,2497,,,,,,,,,,,,,,,,,,
3115,Vòng Vô Địch,13115,,13116,,,,,,,,,,,,,,,,
3116,Vòng Vô Địch_Phụ,2416,,,,,,,,,,,,,,,,,,
3166,Diệu Thủ Hồi Xuân,,,,,4507,,,,,,Mỗi [00ff00]recover_life_p2/15[-] giây hồi [00ff00]recover_life_p1%[-] sinh lực,buff_recover,UI/Atlas/NewAtlas/Buff/Buff.prefab,,,,,,
3167,Bất Diệt Kiếm Ý,,,,,4508,,,,,,Tấn công cơ bản +[00ff00]physics_potentialdamage_p1%[-],buff_adddamage,UI/Atlas/NewAtlas/Buff/Buff.prefab,,,,,,
3168,Kim Cang Bất Hoại,,,,,4509,,,,,,Kháng tất cả cơ bản +[00ff00]all_series_resist_p1%[-],buff_series,UI/Atlas/NewAtlas/Buff/Buff.prefab,,,,,,
3169,Nhanh Như Chớp,,,,,4510,,,,,,Di chuyển +[00ff00]runspeed_p1%[-],buff_runspeed,UI/Atlas/NewAtlas/Buff/Buff.prefab,,,,,,
3191,Lực Bạo Kích,970,,,,,,,,,,Bạo kích +[00ff00]deadlystrike_v1[-]\nSát thương bạo kích +[00ff00]deadlystrike_damage_p1%[-],buff_huixin,UI/Atlas/NewAtlas/Buff/Buff.prefab,,,,,,
3192,Kim Cang Hộ Thể,2416,,,,,,,,,,Miễn dịch sát thương và khống chế,buff_wudi,UI/Atlas/NewAtlas/Buff/Buff.prefab,,,,,,
3194,Diệu Thủ Hồi Xuân,,,,,4507,,,,,,Mỗi [00ff00]recover_life_p2/15[-] giây hồi [00ff00]recover_life_p1%[-] sinh lực,buff_recover,UI/Atlas/NewAtlas/Buff/Buff.prefab,,,,,,
3195,Bất Động Minh Vương,1504,,,,,,,,,,Trạng thái miễn khống chế,ShaolinSkill_04_buff,UI/Atlas/NewAtlas/Buff/Buff.prefab,,,,,,
3196,Nhanh Như Chớp,,,,,4510,,,,,,Di chuyển +[00ff00]runspeed_v1[-],buff_runspeed,UI/Atlas/NewAtlas/Buff/Buff.prefab,,,,,,
3197,Ẩn Thân,,,,,,,,,,,(Dùng kỹ năng lập tức phá Ẩn Thân),hd_changecard_gq,UI/Atlas/Item/Item/Item5.prefab,,,,,,
3198,Hiệu quả thuốc,,,,,4507,,,,,,Mỗi [00ff00]recover_life_p2/15[-] giây hồi phục [00ff00]recover_life_p1%[-] sinh lực\n(Hiệu quả sẽ mất khi bị tấn công),buff_recover,UI/Atlas/NewAtlas/Buff/Buff.prefab,,,,,,
3217,Kích Nộ,,,,,13217,,133,5,,,,,,,,,,,
3272,Thức Tỉnh_Lớn,13272,,,,,,120,120,,,,,,,,,,,
3273,Thức Tỉnh_Thường,13273,,,,,,120,120,,,,,,,,,,,
3274,Thức Tỉnh_Động vật mặt đất 1,13274,,,,,,120,120,,,,,,,,,,,
3275,Thức Tỉnh_Động vật mặt đất 2,13275,,,,,,120,120,,,,,,,,,,,
3255,Luân Hồi Vãng Sinh,2849,,,,,,,,,,,,,,,,,,
3256,Luân Hồi Vãng Sinh,6306,,,,,,,,,,,,,,,,,,
3263,Kim Cang-Cao,3306,,,,,,,,,,,,,,,,,,
3298,Thức Tỉnh_Lớn,13298,,,,,,120,120,,,,,,,,,,,
3299,Thức Tỉnh_Thường,13299,,,,,,120,120,,,,,,,,,,,
3366,Đạp Băng Quyết,13366,,,,,,,,,,Di chuyển +[00ff00]runspeed_v1[-],BUFF_Wood,UI/Atlas/NewAtlas/Buff/Buff.prefab,,,,,,
3367,Thừa Sương Thức,13367,,,,,,,,,,Tốc độ bay của Tuyết Cầu +[00ff00]100%[-],BUFF_Water,UI/Atlas/NewAtlas/Buff/Buff.prefab,,,,,,
3370,Tuyết Ảnh Vũ,13370,,,,,,,,,,Trạng thái miễn khống chế,BUFF_Gold,UI/Atlas/NewAtlas/Buff/Buff.prefab,,,,,,
3371,Kiên Băng Ngự,13371,,,,,,,,,,Sát thương -[00ff00]100%[-],BUFF_Fire,UI/Atlas/NewAtlas/Buff/Buff.prefab,,,,,,
3399,Biến thành Người Tuyết,,,,,,,,,,,,,,,1,1,,,
3446,Bí Kíp Cao: Huyết Chiến Bát Phương,,,,,,,,,,,Kháng sát thương tầm xa +[00ff00]remote_dmg_p1%[-]\nDi chuyển +[00ff00]runspeed_v1[-],Tianwang_jx02_buff,UI/Atlas/NewAtlas/Buff/Buff.prefab,,,,,,
3450,Bí Kíp-Cao: Kim Chung Tráo,,,,,,,,,,,Kháng tất cả cơ bản +[00ff00]all_series_resist_p1%[-]\nHiệu suất hồi phục +[00ff00]lifereplenish_p1%[-],TianwangSkill_03_buff,UI/Atlas/NewAtlas/Buff/Buff.prefab,,,,,,
3458,Bí Kíp-Cao: Kim Cang Phục Ma,,,,,,,,,,,Kháng sát thương tầm xa +[00ff00]remote_dmg_p1%[-]\nPhản đòn cận chiến +[00ff00]meleedamagereturn_p1%[-],Sl_mj03_buff,UI/Atlas/NewAtlas/Buff/Buff.prefab,,,,,,
3549,Ẩn tên,,,,,,,,,,,,,,,,1,,,
3550,Đồng Lòng,,,,,,,,,,,Sát thương thuộc tính +[00ff00]physical_damage_v1[-]\nSinh lực tối đa+[00ff00]lifemax_v1[-]\nKháng tất cả +[00ff00]all_series_resist_v1[-]\nNé tránh +[00ff00]defense_v1[-],tongxinguo,UI/Atlas/Item/Item/Item9.prefab,,,,,,
3551,Tân Nhân Chúc Phúc,,,,,,,,,,,Sát thương thuộc tính +[00ff00]physical_damage_v1[-]\nSinh lực tối đa +[00ff00]lifemax_v1[-]\nKháng tất cả +[00ff00]all_series_resist_v1[-],ArborDay_01,UI/Atlas/Item/Item/Item7.prefab,,,,,,
3701,Thử nghiệm-Kim,,,,,,,,,,,Bỏ qua hóa giải sát thương +[00ff00]defuse_attack1[-],BUFF_Gold,UI/Atlas/NewAtlas/Buff/Buff.prefab,,,,,,
3702,Thử nghiệm-Mộc,,,,,,,,,,,Hóa giải sát thương +[00ff00]defuse_resist1[-],BUFF_Wood,UI/Atlas/NewAtlas/Buff/Buff.prefab,,,,,,
3703,Thử nghiệm-Thủy,,,,,,,,,,,Kháng hút sinh lực +[00ff00]steallife_resist_v1[-],BUFF_Water,UI/Atlas/NewAtlas/Buff/Buff.prefab,,,,,,
3704,Thử nghiệm-Hỏa,,,,,,,,,,,Kháng hút sinh lực +[00ff00]steallife_resist_p1%[-],BUFF_Fire,UI/Atlas/NewAtlas/Buff/Buff.prefab,,,,,,
3705,Thử nghiệm-Thổ,,,,,,,,,,,Hút sinh lực tăng [00ff00]steallife_p1%[-],BUFF_Earth,UI/Atlas/NewAtlas/Buff/Buff.prefab,,,,,,
3716,Ký hiệu đối tượng hận thù,,,,,13716,,,,,,,,,,,,,,
3763,Nhanh Như Chớp,,,,,4510,,,,,,Di chuyển +[00ff00]runspeed_v1[-],buff_runspeed,UI/Atlas/NewAtlas/Buff/Buff.prefab,,,,,,
3767,Ký hiệu Tháp Phòng,,,,,13767,,,,,,,,,,,,,,
3768,Kiệt Sức Tầng 5,,,,,545037,,,,,,,,,,,,,,
3769,Kiệt Sức Tầng 4,,,,,545038,,,,,,,,,,,,,,
3770,Kiệt Sức Tầng 3,,,,,545039,,,,,,,,,,,,,,
3771,Kiệt Sức Tầng 2,,,,,545040,,,,,,,,,,,,,,
3772,Kiệt Sức Tầng 1,,,,,545041,,,,,,,,,,,,,,
3773,Vô Địch,,,,,,,,,,,Miễn dịch sát thương và khống chế,buff_wudi,UI/Atlas/NewAtlas/Buff/Buff.prefab,,,,,,
3776,Gần Tử Vong Tầng 10,,,,,545069,,,,,,,,,,,,,,
3777,Gần Tử Vong Tầng 9,,,,,545070,,,,,,,,,,,,,,
3778,Gần Tử Vong Tầng 8,,,,,545071,,,,,,,,,,,,,,
3779,Gần Tử Vong Tầng 7,,,,,545072,,,,,,,,,,,,,,
3780,Gần Tử Vong Tầng 6,,,,,545073,,,,,,,,,,,,,,
3781,Kiệt Sức Tầng 5,,,,,545074,,,,,,,,,,,,,,
3782,Kiệt Sức Tầng 4,,,,,545075,,,,,,,,,,,,,,
3783,Kiệt Sức Tầng 3,,,,,545076,,,,,,,,,,,,,,
3784,Kiệt Sức Tầng 2,,,,,545077,,,,,,,,,,,,,,
3785,Kiệt Sức Tầng 1,,,,,545078,,,,,,,,,,,,,,
3811,Xích Vũ Thương Khung,,,,,,,,,,,Tỉ lệ bạo kích cơ bản +[00ff00]deadlystrike_p1%[-],Skill_YuanSeal04,UI/Atlas/SkillIcon/YuanSealSkill.prefab,,,,,,
3817,Nghịch Thủy Hành Châu,13805,,,,,,,,,,Miễn dịch thuộc tính\nMiễn hiệu quả bất lợi,Wudang_bd02_buff,UI/Atlas/NewAtlas/Buff/Buff.prefab,,,,,,
3822,Sái Kim Giáp,,,,,,,,,,,Nhận được bảo vệ của Sái Kim Giáp,XuanBing_JinJia,UI/Atlas/SkillIcon/Firefighting.prefab,,,,,,
3824,Thạch Trung Hỏa,,,,,,,,,,,Tăng[00ff00]ignore_all_resist2%[-] bỏ qua kháng tính cuối,XuanBing_LingShi,UI/Atlas/SkillIcon/Firefighting.prefab,,,,,,
3826,Càn Khôn Lực,13806,,,,,,,,,,Tăng sát thương cuối +[00ff00]enhance_final_damage_p1%[-],ZJZYSkill_Buff1,UI/Atlas/NewAtlas/Buff/Buff.prefab,,,,,,
3828,Kim Thành Thiết Bích,13807,,,,,,,,,,Vô Địch,ZJZYSkill_Buff2,UI/Atlas/NewAtlas/Buff/Buff.prefab,,,,,,
3832,Hỗn Nguyên Linh Giáp,13809,,,,,,,,,,Kháng tất cả cơ bản +[00ff00]all_series_resist_p1%[-]\nSinh lực cơ bản tối đa +[00ff00]lifemax_p1%[-],ZJZYSkill_Buff4,UI/Atlas/NewAtlas/Buff/Buff.prefab,,,,,,
3921,Sức Mạnh Nữ Đế,13921,,,,,,,,,,,,,,,,,,
3928,Hợp Tung Liên Hoành,2886,,,,,,,,,,Triệt tiêu sát thương cuối [FF3030]giảm reduce_final_damage_p1%[-],mingcaqiuhao,UI/Atlas/NewAtlas/CompanionSkill/CompanionSkill_02.prefab,,,,,,
3932,Thuần Dương Vô Cực Công,13932,,,,,,,,,,Tấn công cơ bản +[00ff00]physics_potentialdamage_p1%[-]\nHút sinh lực +[00ff00]steallife_p1%[-],chunyangwujigong,UI/Atlas/NewAtlas/CompanionSkill/CompanionSkill_02.prefab,,,,,,
3942,Quải Ấn Phong Kim,9076,,,,,,,,,,Kháng tất cả cơ bản +[00ff00]all_series_resist_p1%[-],fuzhufangyu,UI/Atlas/NewAtlas/CompanionSkill/CompanionSkill.prefab,,,,,,
3943,Quải Ấn Phong Kim,2416,,,,,,,,,,,,,,,,,,
3947,Thiên phú Thành Cát Tư Hãn,,,,,3947,,,,,,Miễn sát thương bạo kích [FF3030]giảm weaken_deadlystrike_damage_p1%[-]\nHút sinh lực [FF3030]giảm steallife_p1%[-],duwu,UI/Atlas/NewAtlas/CompanionSkill/CompanionSkill_02.prefab,,,,,,
3970,Vạn Lý Nhung Cơ,13922,,,,,,,,,,,,,,,,,,
4015,Tôi Độc Thuật,,,,,,,,,,,Tấn công cơ bản +[00ff00]physics_potentialdamage_p1%[-]\nSát thương bạo kích +[00ff00]deadlystrike_damage_p1%[-],Tangmen_bd01_buff,UI/Atlas/NewAtlas/Buff/Buff.prefab,,,,,,
4016,Tôi Độc Thuật,,,,,,,,,,,Sát thương bạo kích +[00ff00]deadlystrike_damage_p1%[-],Tangmen_bd01_buff,UI/Atlas/NewAtlas/Buff/Buff.prefab,,,,,,
4020,Tâm Nhãn,,,,,,,,,,,Kháng sát thương cận chiến +[00ff00]melee_dmg_p1%[-]\nKháng sát thương tầm xa +[00ff00]remote_dmg_p1%[-],Tangmen_bd06_buff,UI/Atlas/NewAtlas/Buff/Buff.prefab,,,,,,
4028,Di Hình Hoán Ảnh,,,,,,,,,,,Ẩn Thân\nGiải trừ và miễn dịch hiệu quả thuộc tính\nGiải trừ và miễn dịch hiệu quả bất lợi,Tangmen_bd07_buff,UI/Atlas/NewAtlas/Buff/Buff.prefab,,,,,,
4046,Bí Kíp-Trung: Mê Ảnh Tung,,,,,,,,,,,Né tránh cơ bản +[00ff00]defense_p1%[-]\nMiễn dịch bất lợi\nMiễn dịch thuộc tính,Tm_mj02_buff,UI/Atlas/NewAtlas/Buff/Buff.prefab,,,,,,
4119,Hỗn Nguyên Càn Khôn,,,,,,,,,,,Hút sinh lực tăng [00ff00]steallife_p1%[-],Kunlun_bd02_buff,UI/Atlas/NewAtlas/Buff/Buff.prefab,,,,,,
4120,Hỗn Nguyên Càn Khôn,,,,,,,,,,,Hiệu suất hồi sinh lực [FF3030] giảm lifereplenish_p1%[-]\nDi chuyển [FF3030] giảm runspeed_p1%[-],Kunlun_bd02_buff,UI/Atlas/NewAtlas/Buff/Buff.prefab,,,,,,
4121,Ngự Phong Hành,613,,,,,,,,,,Giảm sát thương: [00ff00]t_magicshield1[-],WudangSkill_04_buff,UI/Atlas/NewAtlas/Buff/Buff.prefab,,,,,,
4131,Nhất Khí Tam Thanh,613,,,,,,,,,,Giảm sát thương: [00ff00]t_magicshield1[-],WudangSkill_04_buff,UI/Atlas/NewAtlas/Buff/Buff.prefab,,,,,,
4134,Bí Kíp-Sơ: Tiên Nhân Chỉ Lộ,,,,,,,,,,,Tỉ lệ bạo kích cơ bản +[00ff00]deadlystrike_p1%[-]\nThời gian gây Choáng +[00ff00]state_stun_attacktime1[-],Kl_mj03_buff,UI/Atlas/NewAtlas/Buff/Buff.prefab,,,,,,
4140,Bí Kíp-Trung: Tiên Nhân Chỉ Lộ,,,,,,,,,,,Miễn dịch Trì Hoãn\nMiễn hiệu quả bất lợi,Kl_mj03_buff,UI/Atlas/NewAtlas/Buff/Buff.prefab,,,,,,
4143,Bí Kíp-Trung: Hỗn Độn Kiếm Trận,,,,,,,,,,,Kháng tất cả cơ bản [FF3030] giảm all_series_resist_p1%[-],Kl_mj01_buff,UI/Atlas/NewAtlas/Buff/Buff.prefab,,,,,,
4150,Bí Kíp-Cao: Hỗn Độn Kiếm Trận,,,,,,,,,,,Kháng sát thương tầm xa +[00ff00]remote_dmg_p1%[-],Kl_mj01_buff,UI/Atlas/NewAtlas/Buff/Buff.prefab,,,,,,
4153,Thiên Thanh Địa Trọc,,,,,,,,,,,Tốc đánh -[00ff00]attackspeed_v1[-] điểm\nTấn công cơ bản-[00ff00]physics_potentialdamage_p1%[-]\nKháng cơ bản +[00ff00]all_series_resist_p1%[-]\nNé tránh cơ bản +[00ff00]defense_p1%[-],Kunlun_bd08_buff,UI/Atlas/NewAtlas/Buff/Buff.prefab,,,,,,
4155,Bí Kíp-Cao: Khiếu Phong Tam Liên Kích,14432,,,,,,,,,,Né tránh cơ bản [FF3030]giảm defense_p1%[-]\nTỉ lệ kháng thuộc tính [FF3030] giảm resist_allseriesstate_rate_v1[-]\nTỉ lệ kháng bất lợi [FF3030] giảm resist_allspecialstate_rate_v1[-],Kunlun_bd08_buff,UI/Atlas/NewAtlas/Buff/Buff.prefab,,,,,,
4156,Bí Kíp-Cao: Lôi Động Cửu Thiên,,,,,,,,,,,Giải trừ và miễn dịch thuộc tính,Kl_mj03_buff,UI/Atlas/NewAtlas/Buff/Buff.prefab,,,,,,
4211,Túy Điệp Cuồng Vũ,24211,,,,,,,,31,,Di chuyển +[00ff00]runspeed_v1[-]\nNé tránh cơ bản +[00ff00]defense_p1%[-],GaibangSkill_05_buff,UI/Atlas/NewAtlas/Buff/Buff.prefab,,,,,,
4219,Bá Vương Tạ Giáp,,,,,,,,,,,Bỏ qua kháng tính cuối +[00ff00]ignore_all_resist2%[-],Gaibang_bd06_buff,UI/Atlas/NewAtlas/Buff/Buff.prefab,,,,,,
4223,Du Long Quyết,,,,,,,,,,,Tấn công cơ bản +[00ff00]physics_potentialdamage_p1%[-],Gaibang_bd01_buff,UI/Atlas/NewAtlas/Buff/Buff.prefab,,,,,,
4241,Bí Kíp: Túy Điệp Cuồng Vũ,,,,,,,,,,,Di chuyển +[00ff00]runspeed_v1[-]\nNé tránh cơ bản +[00ff00]defense_p1%[-],Gb_mj04_buff,UI/Atlas/NewAtlas/Buff/Buff.prefab,,,,,,
4246,Bí Kíp: Túy Điệp Cuồng Vũ,,,,,,,,,,,Di chuyển +[00ff00]runspeed_v1[-]\nNé tránh cơ bản +[00ff00]defense_p1%[-]\nTốc đánh +[00ff00]attackspeed_v1[-]\nBỏ qua kháng tính cơ bản +[00ff00]ignore_all_resist_vp1%[-],Gb_mj04_buff,UI/Atlas/NewAtlas/Buff/Buff.prefab,,,,,,
4252,Bí Kíp: Túy Điệp Cuồng Vũ,,,,,,,,,,,Di chuyển +[00ff00]runspeed_v1[-]\nNé tránh cơ bản +[00ff00]defense_p1%[-]\nTốc đánh +[00ff00]attackspeed_v1[-]\nBỏ qua kháng tính cơ bản +[00ff00]ignore_all_resist_vp1%[-]\nTấn công cơ bản +[00ff00]physics_potentialdamage_p1%[-],Gb_mj04_buff,UI/Atlas/NewAtlas/Buff/Buff.prefab,,,,,,
4250,Bí Kíp: Khốn Long Công,,,,,,,,,,,Kháng tất cả cơ bản [FF3030] giảm all_series_resist_p1%[-],Gb_mj02_buff,UI/Atlas/NewAtlas/Buff/Buff.prefab,,,,,,
4301,Trúng Độc,14305,,,,,,,,,,,,,,,,,,
4312,Triệu hồi Linh Xà,,,,,,,,,,,Linh Xà,WuduSkill_02_buff,UI/Atlas/NewAtlas/Buff/Buff.prefab,,,,,,
4314,Triệu hồi Bích Thiềm,,,,,,,,,,,Kháng tất cả cơ bản +[00ff00]all_series_resist_p1%[-],WuduSkill_02_buff,UI/Atlas/NewAtlas/Buff/Buff.prefab,,,,,,
4316,Triệu Hồi Xích Hạt,,,,,,,,,,,Sát thương bạo kích +[00ff00]deadlystrike_damage_p1%[-],WuduSkill_02_buff,UI/Atlas/NewAtlas/Buff/Buff.prefab,,,,,,
4318,Triệu hồi Phong Ngô,,,,,,,,,,,Tấn công cơ bản +[00ff00]physics_potentialdamage_p1%[-],WuduSkill_02_buff,UI/Atlas/NewAtlas/Buff/Buff.prefab,,,,,,
4320,Triệu hồi Mặc Tri,,,,,,,,,,,Nhện Đen,WuduSkill_02_buff,UI/Atlas/NewAtlas/Buff/Buff.prefab,,,,,,
4336,Mê Tâm Cổ,,,,,24336,,,,,,Tăng sát thương độc công phải chịu [00ff00]recdot_wood_p1%[-],WuduSkill_04_buff,UI/Atlas/NewAtlas/Buff/Buff.prefab,,,,,,
4341,Bách Độc Xuyên Tâm,,,,,,,,,,,Tỉ lệ bạo kích cơ bản +[00ff00]deadlystrike_p1%[-],Wudu_bd05_buff,UI/Atlas/NewAtlas/Buff/Buff.prefab,,,,,,
4342,Bách Độc Xuyên Tâm,,,,,,,,,,,Tỉ lệ bạo kích cơ bản +[00ff00]deadlystrike_p1%[-],Wudu_bd05_buff,UI/Atlas/NewAtlas/Buff/Buff.prefab,,,,,,
4348,Hồi Hồn Mật Chú,14348,,,,,,,,,,Sát thương phải chịu chuyển thành hồi sinh lực,Wudu_bd07_buff,UI/Atlas/NewAtlas/Buff/Buff.prefab,,,,,,
4325,Bích Thiềm,,,,,,,,,,,Kháng Mộc [FF3030] giảm wood_resist_v1[-] điểm,WuduSkill_02_buff,UI/Atlas/NewAtlas/Buff/Buff.prefab,,,,,,
4330,Phong Ngô,,,,,,,,,,,Né tránh [FF3030] giảm defense_v1[-] điểm,WuduSkill_02_buff,UI/Atlas/NewAtlas/Buff/Buff.prefab,,,,,,
4371,Bí kíp: Âm Phong Thực Cốt,,,,,,,,,,,Tốc đánh +[00ff00]attackspeed_v1[-],Wdu_mj03_buff,UI/Atlas/NewAtlas/Buff/Buff.prefab,,,,,,
4374,Bí Kíp: Bích Thiềm,,,,,,,,,,,Kháng tất cả cơ bản +[00ff00]all_series_resist_p1%[-],Wdu_mj04_buff,UI/Atlas/NewAtlas/Buff/Buff.prefab,,,,,,
4377,Bí Kíp: Phong Ngô,,,,,,,,,,,Tấn công cơ bản +[00ff00]physics_potentialdamage_p1%[-],Wdu_mj04_buff,UI/Atlas/NewAtlas/Buff/Buff.prefab,,,,,,
4381,Bí Kíp: Mê Tâm Cổ,,,,,,,,,,,Thời gian chờ kỹ năng chủ động +[00ff00]allfactionskill_cd_point1/15[-] giây,Wdu_mj01_buff,UI/Atlas/NewAtlas/Buff/Buff.prefab,,,,,,
4385,Vô Hình Cổ,,,,,,,,,,,Kháng hút sinh lực +[00ff00]steallife_resist_p1%[-],Wudu_bd05_buff,UI/Atlas/NewAtlas/Buff/Buff.prefab,,,,,,
4386,Thánh Linh Hộ Thể,,,,,,,,,,,Triệt tiêu sát thương cuối +[00ff00]reduce_final_damage_p1%[-],WuduSkill_02_buff,UI/Atlas/NewAtlas/Buff/Buff.prefab,,,,,,
4387,Thánh Linh Hiến Tế,,,,,,,,,,,Tấn công cơ bản +[00ff00]physics_potentialdamage_p1%[-],WuduSkill_02_buff,UI/Atlas/NewAtlas/Buff/Buff.prefab,,,,,,
4388,Thánh Linh Hiến Tế,,,,,,,,,,,Miễn dịch thuộc tính\nMiễn hiệu quả bất lợi,WuduSkill_02_buff,UI/Atlas/NewAtlas/Buff/Buff.prefab,,,,,,
4410,Tâm Kiếm,34410,,,,,,,,,,Tấn công cơ bản +[00ff00]physics_potentialdamage_p1%[-]\nTỉ lệ bạo kích cơ bản +[00ff00]deadlystrike_p1%[-]\nSát thương với NPC +[00ff00]damage4npc_p1%[-],CangjianSkill_05_buff,UI/Atlas/NewAtlas/Buff/Buff.prefab,,,,,,
4418,Hạc Quy Cô Sơn,,,,,,,,,,,Tấn công cơ bản +[00ff00]physics_potentialdamage_p1%[-],Cangjian_bd02_buff,UI/Atlas/NewAtlas/Buff/Buff.prefab,,,,,,
4419,Hạc Quy Cô Sơn,,,,,,,,,,,Tấn công cơ bản [FF3030]giảm physics_potentialdamage_p1%[-]\nSát thương Độc công giảm,Cangjian_bd02_buff,UI/Atlas/NewAtlas/Buff/Buff.prefab,,,,,,
4423,Ánh Ba Tỏa Lan,2849,,,,,,,,,,Kháng tất cả cơ bản +[00ff00]all_series_resist_p1%[-]\nTriệt tiêu sát thương cuối +[00ff00]reduce_final_damage_p1%[-]\nMiễn dịch hiệu quả Tàn Phế\nMiễn dịch bất lợi\n,Cangjian_bd04_buff,UI/Atlas/NewAtlas/Buff/Buff.prefab,,,,,,
4439,Bí Kíp-Trung: Đoạn Triều,,,,,,,,,,,Đoạn Triều tăng tấn công cơ bản [00ff00]add_usebasedmg_p12%[-]\nĐoạn Triều có [00ff00]add_fixed_r2%[-] Định Thân [00ff00]add_fixed_t2/15[-] giây,Cj_mj02_buff,UI/Atlas/NewAtlas/Buff/Buff.prefab,,,,,,
4443,Bí Kíp-Cao: Tâm Kiếm ,2849,,,,,,,,,,Miễn hiệu quả Tàn phế\nMiễn hiệu quả bất lợi,CangjianSkill_05_buff,UI/Atlas/NewAtlas/Buff/Buff.prefab,,,,,,
4451,Bí Kíp-Sơ: Ngọc Tuyền Ngư Dược,14432,,,,,,,,,,Di chuyển [FF3030] giảm runspeed_v1[-],Cj_mj03_buff,UI/Atlas/NewAtlas/Buff/Buff.prefab,,,,,,
4462,Bí Kíp-Cao: Phong Tháp Vân Cảnh,,,,,,,,,,,Sát thương bạo kích [FF3030] giảm deadlystrike_damage_p1%[-],Cj_mj04_buff,UI/Atlas/NewAtlas/Buff/Buff.prefab,,,,,,
4488,Tâm Kiếm,34410,,,,,,,,,,Công thường chính xác tăng thuộc tính bản thân:\nTấn công cơ bản +[00ff00]physics_potentialdamage_p1%[-],CangjianSkill_05_buff,UI/Atlas/NewAtlas/Buff/Buff.prefab,,,,,,
4489,Tâm Kiếm,,,,,,,,,,,Tấn công cơ bản +[00ff00]physics_potentialdamage_p1%[-],CangjianSkill_05_buff,UI/Atlas/NewAtlas/Buff/Buff.prefab,,,,,,
4508,Vân Sinh Kết Hải,1008,,,,,,,,,,Di chuyển +[00ff00]runspeed_v1[-]\nTấn công cơ bản +[00ff00]physics_potentialdamage_p1%[-]\nKháng tất cả cơ bản +[00ff00]all_series_resist_p1%[-],ChanggeSkill_03_buff,UI/Atlas/NewAtlas/Buff/Buff.prefab,,,,,,
4509,Vân Sinh Kết Hải,1008,,,,,,,,,,Di chuyển +[00ff00]runspeed_v1[-]\nTấn công cơ bản +[00ff00]physics_potentialdamage_p1%[-]\nKháng tất cả cơ bản +[00ff00]all_series_resist_p1%[-],ChanggeSkill_03_buff,UI/Atlas/NewAtlas/Buff/Buff.prefab,,,,,,
4510,Vân Sinh Kết Hải,24510,,,,,,,,,,Tổng sát thương miễn trừ: [00ff00]t_magicshield_ext1[-],ChanggeSkill_03_buff,UI/Atlas/NewAtlas/Buff/Buff.prefab,,,,,,
4550,Thanh Âm Trường Khiếu,4549,,,,,,,,,,Tấn công 5 lần sẽ biến mất,ChanggeSkill_05,UI/Atlas/SkillIcon/CG_Skill.prefab,,,,,,
4519,Giang Trục Nguyệt Thiên,14528,,,,,,,,,,Chính xác cơ bản [FF3030] giảm attackrate_p1%[-],ChanggeSkill_02_buff,UI/Atlas/NewAtlas/Buff/Buff.prefab,,,,,,
4523,Dạ Dẫn Phong Lam,,,,,,,,,,,Tấn công cơ bản [FF3030] giảm physics_potentialdamage_p1%[-]\nHút sinh lực [FF3030] giảm steallife_p1%[-],Tangmen_bd07_buff,UI/Atlas/NewAtlas/Buff/Buff.prefab,,,,,,
4524,Dạ Dẫn Phong Lam,,,,,,,,,,,Kháng sát thương cận chiến +[00ff00]melee_dmg_p1%[-]\nKháng sát thương tầm xa +[00ff00]remote_dmg_p1%[-],Tangmen_bd07_buff,UI/Atlas/NewAtlas/Buff/Buff.prefab,,,,,,
4528,Ma Âm Triền Nhiễu,,,,,,,,,,,"Khi bị tấn công, giảm sức mạnh bản thân",Changge_bd05_buff,UI/Atlas/NewAtlas/Buff/Buff.prefab,,,,,,
4578,Ma Âm Triền Nhiễu,,,,,,,,,,,Tấn công cơ bản [FF3030] giảm physics_potentialdamage_p1%[-]\nChính xác cơ bản [FF3030] giảm attackrate_p1%[-]\nKháng tất cả cơ bản [FF3030] giảm all_series_resist_p1%[-]\nHiệu suất hồi sinh lực [FF3030] giảm lifereplenish_p1%[-],Changge_bd05_buff,UI/Atlas/NewAtlas/Buff/Buff.prefab,,,,,,
4540,Dương Xuân Bạch Tuyết,,,,,,,,,,,Tốc đánh +[00ff00]attackspeed_v1[-]\nTrường Ca Phiến Quyết Tấn công cơ bản +[00ff00]add_usebasedmg_p12%[-],Changge_bd02_buff,UI/Atlas/NewAtlas/Buff/Buff.prefab,,,,,,
4541,Dương Xuân Bạch Tuyết,14542,,,,,,,,,,Hiệu quả hồi phục vô hiệu,Changge_bd02_buff,UI/Atlas/NewAtlas/Buff/Buff.prefab,,,,,,
4556,Bí Kíp: Vân Sinh Kết Hải,,,,,,,,,,,Hút sinh lực tăng [00ff00]steallife_p1%[-],ChanggeSkill_03_buff,UI/Atlas/NewAtlas/Buff/Buff.prefab,,,,,,
4560,Bí Kíp: Vân Sinh Kết Hải,,,,,,,,,,,Di chuyển +[00ff00]runspeed_v1[-]\nTấn công cơ bản +[00ff00]physics_potentialdamage_p1%[-]\nMiễn dịch Bùa Chú [00ff00]ignore_dmgskill1/100%[-],ChanggeSkill_03_buff,UI/Atlas/NewAtlas/Buff/Buff.prefab,,,,,,
4567,Bí Kíp: Giang Trục Nguyệt Thiên,,,,,,,,,,,Kháng tất cả cơ bản [FF3030] giảm all_series_resist_p1%[-]\nTỉ lệ kháng thuộc tính [FF3030] giảm resist_allseriesstate_rate_v1[-]\nTỉ lệ kháng Định Thân [FF3030] giảm state_fixed_resistrate1[-],ChanggeSkill_02_buff,UI/Atlas/NewAtlas/Buff/Buff.prefab,,,,,,
4572,Bình Sa Nhạn Lạc,,,,,,,,,,,Tấn công cơ bản [FF3030]giảm physics_potentialdamage_p1%[-],Changge_bd02_buff,UI/Atlas/NewAtlas/Buff/Buff.prefab,,,,,,
4610,Ngân Bình Ngọc Toái,,,,,24610,,,,,,Tấn công cơ bản [FF3030] giảm physics_potentialdamage_p1%[-]\nBị tấn công sẽ mất 1 tầng hiệu quả,TianshanSkill_03_buff,UI/Atlas/NewAtlas/Buff/Buff.prefab,,,,,,
4620,Phượng Thê Ngô Đồng,,,,,,,,,,,Tấn công cơ bản +[00ff00]physics_potentialdamage_p1%[-],Tianshan_bd03_buff,UI/Atlas/NewAtlas/Buff/Buff.prefab,,,,,,
4624,Thủy Mộ Thiên Hoa,,,,,,,,,,,Bỏ qua tỉ lệ né tránh cuối của địch +[00ff00]ignore_defense_p1%[-]\nMiễn sát thương bạo kích +[00ff00]weaken_deadlystrike_damage_p1%[-],Tianshan_bd04_buff,UI/Atlas/NewAtlas/Buff/Buff.prefab,,,,,,
4625,Thủy Mộ Thiên Hoa,,,,,,,,,,,Miễn sát thương bạo kích +[00ff00]weaken_deadlystrike_damage_p1%[-],Tianshan_bd04_buff,UI/Atlas/NewAtlas/Buff/Buff.prefab,,,,,,
4627,Nghịch Thủy Hàn,14627,,,,,,,,,,"Hút sinh lực +[00ff00]steallife_p1%[-]\nKháng tất cả cơ bản +[00ff00]all_series_resist_p1%[-]\nGiải trừ và miễn dịch thuộc tính, hiệu quả bất lợi",Tianshan_bd07_buff,UI/Atlas/NewAtlas/Buff/Buff.prefab,,,,,,
4632,Không Sơn Ngưng Vân,24611,,,,,,,,,,Tấn công cơ bản +[00ff00]physics_potentialdamage_p1%[-]\nTốc đánh +[00ff00]attackspeed_v1[-]\nBị tấn công sẽ mất 1 tầng hiệu quả,TianshanSkill_04_buff,UI/Atlas/NewAtlas/Buff/Buff.prefab,,,,,,
4650,Bí Kíp-Cao: Phi Yến Lăng Ba,,,,,,,,,,,Tỉ lệ bạo kích cơ bản +[00ff00]deadlystrike_p1%[-],TianshanSkill_02_buff,UI/Atlas/NewAtlas/Buff/Buff.prefab,,,,,,
4652,Bí Kíp-Cao: Ngân Bình Ngọc Toái,,,,,,,,,,,Miễn sát thương bạo kích [FF3030] giảm weaken_deadlystrike_damage_p1%[-],TianshanSkill_03_buff,UI/Atlas/NewAtlas/Buff/Buff.prefab,,,,,,
4655,Bí Kíp-Cao: Không Sơn Ngưng Vân,,,,,,,,,,,Giải trừ và miễn dịch bất lợi,TianshanSkill_04_buff,UI/Atlas/NewAtlas/Buff/Buff.prefab,,,,,,
4656,Bí Kíp-Sơ: Thủy Long Ngâm,14656,,,,,,,,,,[00ff00]ignore_dmgskill1/100%[-] không nhận được một phần hiệu quả tăng ích,TianshanSkill_05_buff,UI/Atlas/NewAtlas/Buff/Buff.prefab,,,,,,
4706,Vận Hành_Thể hình tăng,,,,,,,150,3,,,Thể hình phóng to 50%,BUFF_zhuxiudan,UI/Atlas/NewAtlas/Buff/Buff.prefab,,,,,,
4707,Vận Hành_Tăng sát thương cuối,,,,,,,,,,,Tăng sát thương cuối +[00ff00]enhance_final_damage_p1%[-],BUFF_zhuxiudan,UI/Atlas/NewAtlas/Buff/Buff.prefab,,,,,,
4708,Vận Hành_HP cơ bản,,,,,,,,,,,Sinh lực cơ bản tối đa +[00ff00]lifemax_p1%[-],BUFF_zhuxiudan,UI/Atlas/NewAtlas/Buff/Buff.prefab,,,,,,
4709,Vận Hành_Sinh lực hiện tại,,,,,,,,,,,Sinh lực hiện tại +[00ff00]lifecurmax_p1%[-],BUFF_zhuxiudan,UI/Atlas/NewAtlas/Buff/Buff.prefab,,,,,,
4710,Hiệu ứng mở khóa Môn Khách 1,4710,,,,,,,,,,,,,,,,,,
4711,Hiệu ứng mở khóa Môn Khách 2,4711,,,,,,,,,,,,,,,,,,
4712,Ngươi là heo à?,,,,,,,100,10,,,Khò khò...,PetPig,UI/Atlas/Item/Item/Item19.prefab,,,,,,
4713,Phóng to đến 120%,,,,,,,120,10,,,,,,,,,,,
4714,Phóng to đến 140%,,,,,,,140,10,,,,,,,,,,,
4715,Phóng to đến 160%,,,,,,,160,10,,,,,,,,,,,
4716,Phóng to đến 180%,,,,,,,180,10,,,,,,,,,,,
4717,Phóng to đến 200%,,,,,,,200,10,,,,,,,,,,,
4718,Phóng to đến 220%,,,,,,,220,10,,,,,,,,,,,
4719,Phóng to đến 240%,,,,,,,240,10,,,,,,,,,,,
4720,Phóng to đến 260%,,,,,,,260,10,,,,,,,,,,,
4721,Phóng to đến 280%,,,,,,,280,10,,,,,,,,,,,
4722,Phóng to đến 300%,,,,,,,300,10,,,,,,,,,,,
4723,Phóng to đến 320%,,,,,,,320,10,,,,,,,,,,,
4724,Phóng to đến 340%,,,,,,,340,10,,,,,,,,,,,
4725,Phóng to đến 360%,,,,,,,360,10,,,,,,,,,,,
4726,Phóng to đến 380%,,,,,,,380,10,,,,,,,,,,,
4727,Phóng to đến 400%,,,,,,,400,10,,,,,,,,,,,
4728,Phóng to đến 420%,,,,,,,420,10,,,,,,,,,,,
4729,Phóng to đến 440%,,,,,,,440,10,,,,,,,,,,,
4730,Phóng to đến 460%,,,,,,,460,10,,,,,,,,,,,
4731,Phóng to đến 480%,,,,,,,480,10,,,,,,,,,,,
4732,Phóng to đến 500%,,,,,,,500,10,,,,,,,,,,,
4743,Diệu Thủ Hồi Xuân,,,,,4507,,,,,,Mỗi [00ff00]recover_life_p2/15[-] giây hồi [00ff00]recover_life_p1%[-] sinh lực,buff_recover,UI/Atlas/NewAtlas/Buff/Buff.prefab,,,,,,
4744,Bất Diệt Kiếm Ý,,,,,4508,,,,,,Tăng sát thương cuối +[00ff00]enhance_final_damage_p1%[-],buff_adddamage,UI/Atlas/NewAtlas/Buff/Buff.prefab,,,,,,
4745,Kim Cang Bất Hoại,,,,,4509,,,,,,Triệt tiêu sát thương cuối +[00ff00]reduce_final_damage_p1%[-],buff_series,UI/Atlas/NewAtlas/Buff/Buff.prefab,,,,,,
4751,Kẹo Hồ Lô,,,,,,,,,,,"Chua chua ngọt ngọt, rất ngon miệng",Toys_tanghulu,UI/Atlas/Item/Item/Item17.prefab,,,,,,
4752,Hiệu ứng Đầu Rồng,9298,,,,,,,,,,,,,,,,,,
4753,Hiệu ứng Mình Rồng,9299,,,,,,,,,,,,,,,,,,
4754,Hiệu ứng Đuôi Rồng,9300,,,,,,,,,,,,,,,,,,
4766,Độ No,,,,,,,,,,,Ăn no chạy nhanh hơn\nDi chuyển +[00ff00]runspeed_v1[-],binghuqiuyue,UI/Atlas/Item/Item/Item24.prefab,,,,,,
4773,Hoa Thần Nguyệt Tịch,,,,,,,,,,,Tấn công cơ bản +[00ff00]physics_potentialdamage_p1%[-]\nKháng tất cả cơ bản +[00ff00]all_series_resist_p1%[-],buff_huachenyuexi,UI/Atlas/NewAtlas/Buff/Buff.prefab,,,,,,
4774,Tễ Phong Lãng Nguyệt,,,,,,,,,,,Tấn công cơ bản +[00ff00]physics_potentialdamage_p1%[-]\nNé tránh cơ bản +[00ff00]defense_p1%[-],buff_jifenglangyue,UI/Atlas/NewAtlas/Buff/Buff.prefab,,,,,,
4775,Tùng Phong Thủy Nguyệt,,,,,,,,,,,Tấn công cơ bản +[00ff00]physics_potentialdamage_p1%[-]\nSinh lực cơ bản +[00ff00]lifemax_p1%[-],buff_songfengshuiyue,UI/Atlas/NewAtlas/Buff/Buff.prefab,,,,,,
4777,Kiệt Sức Tầng 5,,,,,545056,,,,,,,,,,,,,,
4778,Kiệt Sức Tầng 4,,,,,545057,,,,,,,,,,,,,,
4779,Kiệt Sức Tầng 3,,,,,545058,,,,,,,,,,,,,,
4780,Kiệt Sức Tầng 2,,,,,545059,,,,,,,,,,,,,,
4781,Kiệt Sức Tầng 1,,,,,545060,,,,,,,,,,,,,,
4782,Vô Địch,,,,,,,,,,,Miễn dịch sát thương và khống chế,buff_wudi,UI/Atlas/NewAtlas/Buff/Buff.prefab,,,,,,
4783,Trạng thái nguy kịch,,,,,545036,700,,,,,,,,,,,,,
4795,Giảm di chuyển,58,,,,,,,,,,,,,,,,,,
4796,Cấm di chuyển,,,,,68,,,,,,,,,,,,,,
4797,Tâm Từ Thủ Nhuyễn,,,,,,,,,,,Xác suất kích hoạt sự kiên Xin Tha trong Nhiệm Vụ Trừng Ác tăng,Buff_XinCiShouRuan,UI/Atlas/NewAtlas/Buff/Buff.prefab,,,,,,
4798,Sát Phạt Quả Đoán,,,,,,,,,,,Cống hiến nhận khi hoàn thành Nhiệm Vụ Trừng Ác tăng,Buff_ShaFaGuoDuan,UI/Atlas/NewAtlas/Buff/Buff.prefab,,,,,,
4799,Hiệu quả mở khóa Môn Khách-Thần 1,4712,,,,,,,,,,,,,,,,,,
4800,Hiệu quả mở khóa Môn Khách-Thần 2,4713,,,,,,,,,,,,,,,,,,
4808,Xung Mạch-U Môn,2849,,,,,,,,,,Miễn dịch thuộc tính và hiệu quả bất lợi,buff_jingmai1,UI/Atlas/NewAtlas/Buff/Buff.prefab,,,,,,
4812,Âm Khiêu-Công Tôn,14812,,,,,,,,,,Hiệu suất hồi sinh lực [FF3030]giảm lifereplenish_p1%[-],jm_skill05,UI/Atlas/SkillIcon/MeridianSkill.prefab,,,,,,
4814,Dương Duy-Kim Môn,7367,1,,,,,,,,,Bỏ qua kháng tất cả cơ bản +[00ff00]ignore_all_resist_vp1%[-],jm_skill06,UI/Atlas/SkillIcon/MeridianSkill.prefab,,,,,,
4817,Âm Duy-Trúc Tân,14817,,,,,,,,,,Bỏ qua kháng tất cả cơ bản [FF3030] giảm ignore_all_resist_vp1%[-],jm_skill07,UI/Atlas/SkillIcon/MeridianSkill.prefab,,,,,,
4819,Bạch Hổ Ấn,14812,,,,,,,,,,Tấn công cơ bản [FF3030]giảm physics_potentialdamage_p1%[-],BaiHuYin_Buff,UI/Atlas/NewAtlas/Buff/Buff.prefab,,,,,,
4821,Thanh Long Ấn,14817,,,,,,,,,,Hút sinh lực [FF3030]giảm steallife_p1%[-],QingLongYin_Buff,UI/Atlas/NewAtlas/Buff/Buff.prefab,,,,,,
4823,Huyền Võ Ấn,7367,1,,,,,,,,,Bỏ qua tỉ lệ né tránh cuối của kẻ địch +[00ff00]ignore_defense_p1%[-],XuanWuYin_Buff,UI/Atlas/NewAtlas/Buff/Buff.prefab,,,,,,
4825,Chu Tước Ấn,7367,1,,,,,,,,,Bỏ qua kháng tính cuối +[00ff00]ignore_all_resist2%[-],ZhuQueYin_Buff,UI/Atlas/NewAtlas/Buff/Buff.prefab,,,,,,
4827,Kỳ Lân Ấn,14817,,,,,,,,,,Hiệu suất hồi sinh lực [FF3030]giảm lifereplenish_p1%[-],QiLinYin_Buff,UI/Atlas/NewAtlas/Buff/Buff.prefab,,,,,,
4902,Vương Tọa,14902,,,,,,,,,,,,,,,,,,
4903,Trụ Vô Địch,14903,,,,,,,,,,,,,,,,,,
4905,Tâm Linh Hộ,14905,,,,,,,,,,Đỡ sát thương +[00ff00]100%[-],BUFF_zhuxiudan,UI/Atlas/NewAtlas/Buff/Buff.prefab,,,,,,
4906,Tiệc Bang Hội,,,,,,,,,,,"Trong bản đồ Tiệc Bang Hội mỗi [00ff00]15[-] giây nhận EXP 1 lần, [00ff00]đoán đúng mỗi câu thành ngữ EXP nhận tăng gấp 1 lần[-]",Head_jh_zhuozi02,UI/Atlas/Home/HomeScreenAtlas2.prefab,,,,,,
4911,Tháp Phụ Thuộc,,,,,,,,,,,Tăng sát thương cuối +[00ff00]enhance_final_damage_p1%[-]\nTriệt tiêu sát thương cuối +[00ff00]reduce_final_damage_p1%[-],Tower_buff,UI/Atlas/NewAtlas/Buff/Buff.prefab,,,,,,
4912,Hiệu ứng Tháp Chính nổ,14912,,,,,,,,,,,,,,,,,,
4913,Trụ Vô Địch,14913,,,,,,,,,,,,,,,,,,
4918,buff Trân Châu,14918,,,,,,,,,,,,,,,,,,
4932,Tăng sát thương và di chuyển theo phạm vi,4932,,,,,,,,,,Tăng sát thương cuối +[00ff00]enhance_final_damage_p1%[-]\nDi chuyển +[00ff00]runspeed_v1[-],Emei_bd02_buff,UI/Atlas/NewAtlas/Buff/Buff.prefab,,,,,,
4933,Tăng triệt tiêu sát thương cuối theo phạm vi,4933,,,,,,,,,,Triệt tiêu sát thương cuối +[00ff00]reduce_final_damage_p1%[-],Emei_bd02_buff,UI/Atlas/NewAtlas/Buff/Buff.prefab,,,,,,
4935,Cấm di chuyển và thi triển pháp thuật,,,,,68,,,,,,,Emei_bd02_buff,UI/Atlas/NewAtlas/Buff/Buff.prefab,,,,,,
4951,Chúc Phúc Thú Cưng,,,,,,,,,,,Sát thương quái +[00ff00]damage4npc_p1%[-],Buff_dog,UI/Atlas/NewAtlas/Buff/Buff.prefab,,,,,,
4952,Chúc Phúc Thú Cưng,,,,,,,,,,,EXP đánh quái +[00ff00]enhance_exp_p1%[-],Buff_dog,UI/Atlas/NewAtlas/Buff/Buff.prefab,,,,,,
4953,Chúc Phúc Thú Cưng,,,,,,,,,,,EXP đánh quái +[00ff00]enhance_exp_p1%[-]\nEXP đánh quái chia sẻ +[00ff00]userdesc_1011%[-],Buff_dog,UI/Atlas/NewAtlas/Buff/Buff.prefab,,,,,,
4954,Chúc Phúc Thú Cưng,,,,,,,,,,,Bạc nhận +[00ff00]exp_coin_contrib2%[-],Buff_dog,UI/Atlas/NewAtlas/Buff/Buff.prefab,,,,,,
4955,Chúc Phúc Thú Cưng,,,,,,,,,,,Bạc nhận +[00ff00]exp_coin_contrib2%[-]\nCống Hiến nhận +[00ff00]exp_coin_contrib3%[-],Buff_dog,UI/Atlas/NewAtlas/Buff/Buff.prefab,,,,,,
4956,Chúc Phúc Thú Cưng,,,,,,,,,,,Ngũ Hành nhược hóa +[00ff00]series_abate_v1[-],Buff_dog,UI/Atlas/NewAtlas/Buff/Buff.prefab,,,,,,
4957,Chúc Phúc Thú Cưng,,,,,,,,,,,Ngũ Hành nhược hóa +[00ff00]series_abate_v1[-]\nNgũ hành cường hóa +[00ff00]series_enhance_v1[-],Buff_dog,UI/Atlas/NewAtlas/Buff/Buff.prefab,,,,,,
4958,Chúc Phúc Thú Cưng,,,,,,,,,,,Kháng tất cả cơ bản +[00ff00]all_series_resist_p1%[-],Buff_dog,UI/Atlas/NewAtlas/Buff/Buff.prefab,,,,,,
4959,Chúc Phúc Thú Cưng,,,,,,,,,,,Kháng tất cả cơ bản +[00ff00]all_series_resist_p1%[-]\nHiệu suất hồi phục +[00ff00]lifereplenish_p1%[-],Buff_dog,UI/Atlas/NewAtlas/Buff/Buff.prefab,,,,,,
4960,Chúc Phúc Thú Cưng,,,,,,,,,,,Sinh lực cơ bản tối đa +[00ff00]lifemax_p1%[-],Buff_dog,UI/Atlas/NewAtlas/Buff/Buff.prefab,,,,,,
4961,Chúc Phúc Thú Cưng,,,,,,,,,,,Sinh lực cơ bản tối đa +[00ff00]lifemax_p1%[-]\nPhản đòn cận chiến +[00ff00]meleedamagereturn_p1%[-]\nPhản đòn tầm xa +[00ff00]rangedamagereturn_p1%[-],Buff_dog,UI/Atlas/NewAtlas/Buff/Buff.prefab,,,,,,
4962,Chúc Phúc Thú Cưng,,,,,,,,,,,Tỉ lệ kháng thuộc tính +[00ff00]resist_allseriesstate_rate_v1[-],Buff_dog,UI/Atlas/NewAtlas/Buff/Buff.prefab,,,,,,
4963,Chúc Phúc Thú Cưng,,,,,,,,,,,Tỉ lệ kháng thuộc tính +[00ff00]resist_allseriesstate_rate_v1[-]\nDi chuyển +[00ff00]runspeed_v1[-],Buff_dog,UI/Atlas/NewAtlas/Buff/Buff.prefab,,,,,,
4964,Chúc Phúc Thú Cưng,,,,,,,,,,,Bỏ qua kháng tất cả cơ bản +[00ff00]ignore_all_resist_vp1%[-],Buff_dog,UI/Atlas/NewAtlas/Buff/Buff.prefab,,,,,,
4965,Chúc Phúc Thú Cưng,,,,,,,,,,,Bỏ qua kháng tất cả cơ bản +[00ff00]ignore_all_resist_vp1%[-]\nHút sinh lực +[00ff00]steallife_p1%[-],Buff_dog,UI/Atlas/NewAtlas/Buff/Buff.prefab,,,,,,
4966,Chúc Phúc Thú Cưng,,,,,,,,,,,Bỏ qua né tránh cơ bản +[00ff00]ignore_defense_vp1%[-],Buff_dog,UI/Atlas/NewAtlas/Buff/Buff.prefab,,,,,,
4967,Chúc Phúc Thú Cưng,,,,,,,,,,,Bỏ qua né tránh cơ bản +[00ff00]ignore_defense_vp1%[-]\nTấn công cơ bản +[00ff00]physics_potentialdamage_p1%[-],Buff_dog,UI/Atlas/NewAtlas/Buff/Buff.prefab,,,,,,
4968,Chúc Phúc Thú Cưng,,,,,,,,,,,Sát thương bạo kích +[00ff00]deadlystrike_damage_p1%[-],Buff_dog,UI/Atlas/NewAtlas/Buff/Buff.prefab,,,,,,
4969,Chúc Phúc Thú Cưng,,,,,,,,,,,Sát thương bạo kích +[00ff00]deadlystrike_damage_p1%[-]\nTỉ lệ bạo kích cơ bản +[00ff00]deadlystrike_p1%[-],Buff_dog,UI/Atlas/NewAtlas/Buff/Buff.prefab,,,,,,
4970,Chúc Phúc Thú Cưng,,,,,,,,,,,Tốc Đánh +[00ff00]attackspeed_v1[-],Buff_dog,UI/Atlas/NewAtlas/Buff/Buff.prefab,,,,,,
4971,Chúc Phúc Thú Cưng,,,,,,,,,,,Tốc Đánh +[00ff00]attackspeed_v1[-]\nTỉ lệ thuộc tính +[00ff00]add_seriesstate_rate_v1[-],Buff_dog,UI/Atlas/NewAtlas/Buff/Buff.prefab,,,,,,
4972,Thú cưng tăng tốc,,,,,,,,,31,,,,,,,,,,
4973,Thú Cưng bị tấn công chỉ nhận 1 điểm sát thương,,,,,,,,,,,,,,,,,,,
4974,Hiệu ứng Thú Cưng Động Thiên,545637,,,,,,,,,,,,,,,,,,
5015,Dục Huyết Đạo Phong,25015,,,,,,120,15,,,Miễn dịch thuộc tính\nMiễn dịch bất lợi\nSinh lực cơ bản tối đa +[00ff00]lifemax_p1%[-]\nTấn công cơ bản +[00ff00]physics_potentialdamage_p1%[-]\nMỗi [00ff00]2 giây[-] giảm chờ Hóa Huyết Kiếp Quang [00ff00]reduce_cd_time_point12/15[-] giây,BadaoSkill_05_buff,UI/Atlas/NewAtlas/Buff/Buff.prefab,,,,,5005,
5019,Bĩ Cực Thái Lai,25006,,,,,,,,,,"Gần chết sẽ trừ [00ff00]1[-] tầng miễn tử, hồi [00ff00]dir_recover_life_pp1/100%[-] sinh lực tối đa, Vô Địch [00ff00]skill_statetime1/15[-] giây",Badao_bd02_buff,UI/Atlas/NewAtlas/Buff/Buff.prefab,,,,,,
5027,Tị Thực Tựu Hư,,,,,,,,,,,Kháng tất cả cơ bản [FF3030] giảm all_series_resist_p1%[-],Badao_bd06_buff,UI/Atlas/NewAtlas/Buff/Buff.prefab,,,,,,
5033,Thừa Thắng Trục Bắc,,,,,,,,,,,Sát thương bạo kích +[00ff00]deadlystrike_damage_p1%[-]\nKháng tất cả cơ bản +[00ff00]all_series_resist_p1%[-]\nTốc đánh +[00ff00]attackspeed_v1[-]\nDi chuyển +[00ff00]runspeed_v1[-],Badao_bd07_buff,UI/Atlas/NewAtlas/Buff/Buff.prefab,,,,,,
5035,Liên Hoàn Đao: Tấn công giảm,,,,,,,,,,,Tấn công cơ bản [FF3030]giảm physics_potentialdamage_p1%[-],Badao_bd04_buff,UI/Atlas/NewAtlas/Buff/Buff.prefab,,,,,,
5036,Liên Hoàn Đao: Tấn công tăng,,,,,,,,,,,Tấn công cơ bản +[00ff00]physics_potentialdamage_p1%[-],Badao_bd04_buff,UI/Atlas/NewAtlas/Buff/Buff.prefab,,,,,,
5052,Bí Kíp-Sơ: Hiệp Sơn Siêu Hải,,,,,,,,,,,Miễn dịch thuộc tính,BadaoSkill_03_buff,UI/Atlas/NewAtlas/Buff/Buff.prefab,,,,,,
5053,Bí Kíp-Cao: Hiệp Sơn Siêu Hải,,,,,,,,,,,Miễn sát thương bạo kích +[00ff00]weaken_deadlystrike_damage_p1%[-],BadaoSkill_03_buff,UI/Atlas/NewAtlas/Buff/Buff.prefab,,,,,,
5054,Bí Kíp-Sơ: Nghịch Huyết Tiệt Mạch,14432,,,,,,,,,,Kháng tất cả cơ bản [FF3030]giảm all_series_resist_p1%[-]\nDi chuyển [FF3030] giảm runspeed_v1[-],Badao_bd04_buff,UI/Atlas/NewAtlas/Buff/Buff.prefab,,,,,,
5056,Bí Kíp-Cao: Dục Huyết Đạo Phong,2416,,,,,,,,,,[00ff00]Vô Địch[-],Bd_mj04_buff,UI/Atlas/NewAtlas/Buff/Buff.prefab,,,,,,
5083,Dục Huyết Đạo Phong,25015,,,,,,120,15,,,,,,,,,,,
5100,Hủy sát thương,,,,,,,,,,,Triệt tiêu sát thương cuối +[00ff00]reduce_final_damage_p1%[-],Bd_mj04_buff,UI/Atlas/NewAtlas/Buff/Buff.prefab,,,,,,
5102,Bom-Điểm Danh,1454,,,,,,,,,,,,,,,,,,
5104,Ngũ Hành Hộ Thể_Kim,15104,,,,,,,,,,,,,,,,,,
5105,Ngũ Hành Hộ Thể_Mộc,15105,,,,,,,,,,,,,,,,,,
5106,Ngũ Hành Hộ Thể_Thủy,15106,,,,,,,,,,,,,,,,,,
5107,Ngũ Hành Hộ Thể_Hỏa,15107,,,,,,,,,,,,,,,,,,
5108,Ngũ Hành Hộ Thể_Thổ,15108,,,,,,,,,,,,,,,,,,
5109, phút,,,,,15109,,,,,,,,,,,,,,
5110,Hợp,,,,,15110,,,,,,,,,,,,,,
5111,Phản đòn cận chiến,2708,,,,,,,,,,,,,,,,,,
5112,Phản đòn tầm xa,2708,,,,,,,,,,,,,,,,,,
5113,Hấp Hồn,,,,,,,,,,,Tăng sát thương cuối +[00ff00]enhance_final_damage_p1%[-],Bd_mj04_buff,UI/Atlas/NewAtlas/Buff/Buff.prefab,,,,,,
5114,Cuồng Bạo Phệ Huyết,1367,,,,,,,,,,Tăng sát thương cuối +[00ff00]enhance_final_damage_p1%[-],Bd_mj04_buff,UI/Atlas/NewAtlas/Buff/Buff.prefab,,,,,,
5135,Bùa Truyền Tống Vàng,15135,,,,,,,,,,,,,,,,,,
5136,Bùa Truyền Tống Bạc,15136,,,,,,,,,,,,,,,,,,
5137,Đỡ sát thương,,,,,,,,,,,Đỡ sát thương +[00ff00]defuse_damage2%[-]\n(Trong thời gian ngắn bị tấn công nhiều lần sẽ là trạng thái nhận khi trọng thương),BUFF_zhuxiudan,UI/Atlas/NewAtlas/Buff/Buff.prefab,,,,,,
5138,Thiên Long Châu-2,25138,,,,,,,,,,,,,,,,,,
5139,Thiên Long Châu-4,25139,,,,,,,,,,,,,,,,,,
5140,Thiên Long Châu-4,25140,,,,,,,,,,,,,,,,,,
5144,Sĩ Khí Dâng Cao,,,,,,,,,,,Sinh lực cơ bản tối đa +[00ff00]lifemax_p1%[-]\nTấn công cơ bản +[00ff00]physics_potentialdamage_p1%[-],BUFF_shiqigaozhang,UI/Atlas/NewAtlas/Buff/Buff.prefab,,,,,,
5148,Người giữ khoáng thạch,545435,,,,,,,,,,,,,,,,,,
5172,Khí Vận Phù-Đại,6741,,,,,,,,,,,,,,,,,,
5173,Khí Vận Phù-Tiểu,6742,,,,,,,,,,,,,,,,,,
5174,Khí Vận Phù-Thuận,6743,,,,,,,,,,,,,,,,,,
5175,Khí Vận Phù-Hòa,6744,,,,,,,,,,,,,,,,,,
5218,Kiếm Ý,,,,,,,,,,,Hoa Sơn Kiếm Ý,HuashanSkill_04_buff,UI/Atlas/NewAtlas/Buff/Buff.prefab,,,,,,
5210,Thiên Thân Đảo Huyền,15210,,,,,,,,,,Tấn công cơ bản [FF3030]giảm physics_potentialdamage_p1%[-],HuashanSkill_03_buff,UI/Atlas/NewAtlas/Buff/Buff.prefab,,,,,,
5221,Phá Chiêu,15221,,,,,,,,,,Phá giải mọi chiêu thức,Huashan_bd02_buff,UI/Atlas/NewAtlas/Buff/Buff.prefab,,,,,,
5234,Tử Hà Kiếm Khí,,,,,,,,,,,Tăng số lần sát thương của Phong Tống Tử Hà,HuashanSkill_05_buff,UI/Atlas/NewAtlas/Buff/Buff.prefab,,,,,5215,5
5249,Bí Kíp-Trung: Tiêu Sử Thừa Long,,,,,,,,,,,Miễn dịch thuộc tính\nMiễn hiệu quả bất lợi,Hs_mj01_buff,UI/Atlas/NewAtlas/Buff/Buff.prefab,,,,,,
5251,Bí Kíp-Sơ: Triều Dương Nhất Khí,14432,,,,,,,,,,Di chuyển [FF3030] giảm runspeed_p1%[-],Hs_mj02_buff,UI/Atlas/NewAtlas/Buff/Buff.prefab,,,,,,
5252,Bí Kíp-Trung: Triều Dương Nhất Khí,,,,,,,,,,,Sát thương bạo kích +[00ff00]deadlystrike_damage_p1%[-],Hs_mj02_buff,UI/Atlas/NewAtlas/Buff/Buff.prefab,,,,,,
5141,Đang Tịnh Tâm,,,,,,,,,,|Blue_06|Blue_07|Blue_03,,,,,,,,,
5142,Nhập Ma,,,,,,,,,,|Red_01|Red_02,,,,,,,,,
5181,Tâm Như Minh Kính,,,,,,,,,,,Né tránh cơ bản +[00ff00]defense_p1%[-]\nTỉ lệ bạo kích cơ bản +[00ff00]deadlystrike_p1%[-],Buff_ChaBei,UI/Atlas/NewAtlas/Buff/Buff.prefab,,,,,,
5182,Kiếm Trận-Thiên,,,,,,,,,,,Sát thương với người chơi +[00ff00]damage4player_p1%[-],buff_adddamage,UI/Atlas/NewAtlas/Buff/Buff.prefab,,,,,,
5183,Kiếm Trận-Địa,,,,,,,,,,,Triệt tiêu sát thương cuối +[00ff00]reduce_final_damage_p1%[-],buff_series,UI/Atlas/NewAtlas/Buff/Buff.prefab,,,,,,
5184,Kiếm Trận-Nhân,,,,,,,,,,,Sát thương quái +[00ff00]damage4npc_p1%[-],buff_adddamage,UI/Atlas/NewAtlas/Buff/Buff.prefab,,,,,,
5185,Người Mang Thần Kiếm,15135,,,,,,,,,,,,,,,,,,
5190,Kiếm Phách Thiết Lao,545715,,,,,,,,,,,,,,,,,,
5359,Tuyệt Học: Hỏa Phượng Liêu Nguyên,,,,,,,,,,,Né tránh cơ bản +[00ff00]defense_p1%[-],Taohua_jx01_buff,UI/Atlas/NewAtlas/Buff/Buff.prefab,,,,,,
5362,Tuyệt Học: Đại Lực Kim Cang Chỉ,,,,,,,,,,,Tấn công cơ bản +[00ff00]physics_potentialdamage_p1%[-],Shaolin_jx01_buff,UI/Atlas/NewAtlas/Buff/Buff.prefab,,,,,,
5365,Tuyệt Học: Ngự Cổ Tâm Kinh,,,,,,,,,,,Sát thương bạo kích +[00ff00]deadlystrike_damage_p1%[-],Wudu_jx01_buff,UI/Atlas/NewAtlas/Buff/Buff.prefab,,,,,,
5366,Tuyệt Học: Ngọc Tuyền Ngư Dược,,,,,,,,,,,Sát thương bạo kích +[00ff00]deadlystrike_damage_p1%[-]\nMiễn sát thương bạo kích +[00ff00]weaken_deadlystrike_damage_p1%[-],Cangjian_jx01_buff,UI/Atlas/NewAtlas/Buff/Buff.prefab,,,,,,
5367,Tuyệt Học: Vân Sinh Kết Hải,,,,,,,,,,,Kháng sát thương cận chiến +[00ff00]melee_dmg_p1%[-]\nKháng sát thương tầm xa +[00ff00]remote_dmg_p1%[-],ChanggeSkill_03_buff,UI/Atlas/NewAtlas/Buff/Buff.prefab,,,,,,
5370,Tuyệt Học: Huyết Chiến Bát Phương,,,,,,,,,,,[00ff00]Huyết Chiến Bát Phương[-] tấn công cơ bản tăng [00ff00]add_usebasedmg_p12%[-],Tianwang_jx02_buff,UI/Atlas/NewAtlas/Buff/Buff.prefab,,,,,,
5371,Tuyệt Học: Bạch Lộ Ngưng Sương,,,,,,,,,,,Tấn công cơ bản +[00ff00]physics_potentialdamage_p1%[-]\nKháng sát thương cận chiến +[00ff00]melee_dmg_p1%[-]\nKháng sát thương tầm xa +[00ff00]remote_dmg_p1%[-],Emei_jx02_buff,UI/Atlas/NewAtlas/Buff/Buff.prefab,,,,,,
5372,Tuyệt Học: Đào Hoa Tiễn Thuật,,,,,,,,,,,Tấn công cơ bản +[00ff00]physics_potentialdamage_p1%[-]\nNé tránh +[00ff00]defense_p1[-],Taohua_jx02_buff,UI/Atlas/NewAtlas/Buff/Buff.prefab,,,,,,
5374,Tuyệt Học: Thất Tinh Quyết,,,,,,,,,,,Kháng sát thương cận chiến +[00ff00]melee_dmg_p1%[-]\nKháng sát thương tầm xa +[00ff00]remote_dmg_p1%[-],Wudang_jx02_buff,UI/Atlas/NewAtlas/Buff/Buff.prefab,,,,,,
5377,Tuyệt Học: Băng Tâm Tuyết Liên,,,,,,,,,,,[8dccf7]<Thúy Yên Ngự Tản Quyết>[-] tấn công cơ bản +[00ff00]add_usebasedmg_p12%[-],Cuiyan_jx02_buff,UI/Atlas/NewAtlas/Buff/Buff.prefab,,,,,,
5378,Tuyệt Học: Cửu Cung Phi Tinh,,,,,,,,,,,Sát thương bạo kích +[00ff00]deadlystrike_damage_p1%[-]\nTỉ lệ bạo kích cơ bản +[00ff00]deadlystrike_p1%[-],Tangmen_jx02_buff,UI/Atlas/NewAtlas/Buff/Buff.prefab,,,,,,
5379,Tuyệt Học: Thiên Địa Vô Cực,14542,,,,,,,,,,Hiệu quả hồi phục vô hiệu,Changge_bd02_buff,UI/Atlas/NewAtlas/Buff/Buff.prefab,,,,,,
5382,Tuyệt Học: Ánh Ba Tỏa Lan,,,,,,,,,,,Sinh lực cơ bản tối đa +[00ff00]lifemax_p1%[-],Cangjian_jx02_buff,UI/Atlas/NewAtlas/Buff/Buff.prefab,,,,,,
5385,Tuyệt Học: Hiệp Sơn Siêu Hải,,,,,,,,,,,Kháng tất cả +[00ff00]all_series_resist_p1%[-]\nPhản đòn miễn thương +[00ff00]return_resist_p1%[-],Badao_jx02_buff,UI/Atlas/NewAtlas/Buff/Buff.prefab,,,,,,
5392,Tuyệt Học: Vân Sinh Kết Hải,,,,,,,,,,,"Xóa và miễn dịch Trì Hoãn, hiệu quả bất lợi",ChanggeSkill_03_buff,UI/Atlas/NewAtlas/Buff/Buff.prefab,,,,,,
5411,Tuyệt Học: Chân Linh Hộ Thể,18012,,,,,,,,,,Kháng sát thương cận chiến +[00ff00]melee_dmg_p1%[-]\nKháng sát thương tầm xa +[00ff00]remote_dmg_p1%[-],TianXin_jx01_buff,UI/Atlas/NewAtlas/Buff/Buff.prefab,,,,,,
5416,Tuyệt Học: Hỗn Độn Kiếm Trận,,,,,,,,,,,Kháng sát thương cận chiến +[00ff00]melee_dmg_p1%[-]\nKháng sát thương tầm xa +[00ff00]remote_dmg_p1%[-],KunLunSkill_jx03_buff,UI/Atlas/NewAtlas/Buff/Buff.prefab,,,,,,
5427,Tuyệt Học: Nghịch Chuyển Càn Khôn,,,,,,,,,,,"Lưu Tinh Hãn Nguyệt, Đao Trấn Tứ Hải, Cuồng Long Quy Uyên bỏ qua Vô Địch",ZhanLie_jx02_Buff,UI/Atlas/NewAtlas/Buff/Buff.prefab,,,,,,
5433,Tuyệt Học: Huyết Chiến Bát Phương,,,,,,,,,,,[00ff00]Huyết Chiến Bát Phương[-] tấn công cơ bản tăng [00ff00]add_usebasedmg_p12%[-],Tianwang_jx02_buff,UI/Atlas/NewAtlas/Buff/Buff.prefab,,,,,,
5443,Cô Hồng-Tuyệt Học-Dương Quan Tam Điệp,,,,,,,,,,,Chính xác cơ bản [FF3030] giảm attackrate_p1%[-],buff_bukui,UI/Atlas/NewAtlas/Buff/Buff.prefab,,,,,,
5451,Bất Bại,,,,,15451,,,,,,Giảm số lượng Thiên Long Châu rơi,buff_bukui,UI/Atlas/NewAtlas/Buff/Buff.prefab,,,,,,
5452,Hồi Phục,,,,,4507,,,,,,Mỗi [00ff00]recover_life_p2/15[-] giây hồi [00ff00]recover_life_p1%[-] sinh lực,buff_recover,UI/Atlas/NewAtlas/Buff/Buff.prefab,,,,,,
5453,Tiềm Hành,,,,,,,,,,,(Dùng kỹ năng lập tức phá Ẩn Thân),hd_changecard_gq,UI/Atlas/Item/Item/Item5.prefab,,,,,,
5454,Tật Hành,,,,,4510,,,,,,Di chuyển +[00ff00]runspeed_v1[-],buff_runspeed,UI/Atlas/NewAtlas/Buff/Buff.prefab,,,,,,
5455,Vô Địch,2416,,,,,,,,,,Miễn dịch sát thương và khống chế,buff_wudi,UI/Atlas/NewAtlas/Buff/Buff.prefab,,,,,,
5512,Hỏa Quang Tàn Ảnh,,,,,,,,,31,,Di chuyển +[00ff00]runspeed_v1[-]\nNé tránh cơ bản +[00ff00]defense_p1%[-],MingjiaoSkill_04_buff,UI/Atlas/NewAtlas/Buff/Buff.prefab,,,,,,
5517,Hủy Thiên Diệt Địa,,,,,,,,,,,Bay lên,MingjiaoSkill_05_buff,UI/Atlas/NewAtlas/Buff/Buff.prefab,,,,,5515,
5529,Dẫn Hỏa Thiêu Thân,,,,,,,,,,,Bỏ qua tỉ lệ né tránh cuối của kẻ địch +[00ff00]ignore_defense_p1%[-],Mingjiao_bd04_buff,UI/Atlas/NewAtlas/Buff/Buff.prefab,,,,,,
5531,Tinh Hỏa Liêu Nguyên,,,,,,,,,,,Miễn dịch thuộc tính\nMiễn hiệu quả bất lợi,Mingjiao_bd05_buff,UI/Atlas/NewAtlas/Buff/Buff.prefab,,,,,,
5535,Hỏa Vũ Lăng Thiên,,,,,,,,,,,Né tránh cơ bản +[00ff00]defense_p1%[-]\nTấn công cơ bản +[00ff00]physics_potentialdamage_p1%[-],Mingjiao_bd07_buff,UI/Atlas/NewAtlas/Buff/Buff.prefab,,,,,,
5543,Bí Kíp: Điện Quang Thạch Hỏa,,,,,,,,,,,Miễn dịch thuộc tính\nMiễn dịch hiệu quả bất lợi trừ đóng băng ra,Mj_mj04_buff,UI/Atlas/NewAtlas/Buff/Buff.prefab,,,,,,
5545,Bí Kíp: Hỏa Quang Tàn Ảnh,,,,,,,,,,,Kháng tất cả cơ bản [FF3030]giảm all_series_resist_p1%[-]\nDi chuyển [FF3030] giảm runspeed_v1[-],Mj_mj03,UI/Atlas/SkillIcon/MJ_Skill.prefab,,,,,,
5547,Bí Kíp: Hỏa Quang Tàn Ảnh,,,,,,,,,,,Kháng tất cả cơ bản [FF3030]giảm all_series_resist_p1%[-]\nDi chuyển [FF3030]giảm runspeed_v1[-]\nTỉ lệ kháng thuộc tính [FF3030]giảm resist_allseriesstate_rate_v1[-]\nThời gian kháng thuộc tính [FF3030]giảm resist_allseriesstate_time_v1[-]\nTỉ lệ kháng bất lợi [FF3030]giảm resist_allspecialstate_rate_v1[-]\nTỉ lệ kháng bất lợi [FF3030]giảm resist_allspecialstate_time_v1[-],Mj_mj03,UI/Atlas/SkillIcon/MJ_Skill.prefab,,,,,,
5551,Bí Kíp: Hủy Thiên Diệt Địa,,,,,,,,,,,Miễn dịch thuộc tính\nMiễn hiệu quả bất lợi,Mj_mj02_buff,UI/Atlas/NewAtlas/Buff/Buff.prefab,,,,,,
5553,Bí Kíp: Hủy Thiên Diệt Địa,,,,,,,,,,,Miễn dịch thuộc tính\nMiễn dịch bất lợi\nSinh lực cơ bản tối đa +[00ff00]lifemax_p1%[-],Mj_mj02_buff,UI/Atlas/NewAtlas/Buff/Buff.prefab,,,,,,
5560,Tuyệt Học: Hỏa Quang Tàn Ảnh,,,,,,,,,,,Miễn sát thương bạo kích [FF3030]giảm weaken_deadlystrike_damage_p1%[-]\nBỏ qua né tránh cơ bản [FF3030]giảm ignore_defense_vp1%[-],Mingjiao_jx01,UI/Atlas/SkillIcon/LostKnowledge.prefab,,,,,,
5562,Tuyệt Học: Bất Diệt Quang,,,,,,,,,,,Tỉ lệ bạo kích cơ bản +[00ff00]deadlystrike_p1%[-],Mingjiao_jx02_buff,UI/Atlas/NewAtlas/Buff/Buff.prefab,,,,,,
5389,Huy Duệ Sinh Phong,15389,,,,,,,,,,Tốc đánh +[00ff00]attackspeed_v1[-]\nDi chuyển +[00ff00]runspeed_v1[-],Tongyong_jx02_buff,UI/Atlas/NewAtlas/Buff/Buff.prefab,,,,,,
5390,Huy Duệ Sinh Phong,15389,,,,,,,,,,Tốc đánh +[00ff00]attackspeed_v1[-],Tongyong_jx02_buff,UI/Atlas/NewAtlas/Buff/Buff.prefab,,,,,,
5393,Kim Bình Ngọc Thủ,,,,,,,,,,,Miễn sát thương bạo kích +[00ff00]weaken_deadlystrike_damage_p1%[-]\nTriệt tiêu sát thương cuối +[00ff00]reduce_final_damage_p1%[-],Tongyong_jx03_buff,UI/Atlas/NewAtlas/Buff/Buff.prefab,,,,,,
5626,Thủy Long Ngục,35626,,,,,,,,,,Bị giam trong Thủy Long Ngục,DuanShiSkill_05_buff,UI/Atlas/NewAtlas/Buff/Buff.prefab,,,,,,
5638,Họa Địa Vi Lao,,,,,,,,,,,Tấn công cơ bản +[00ff00]physics_potentialdamage_p1%[-]\nHiệu suất hồi sinh lực +[00ff00]lifereplenish_p1%[-],DuanShi_bd04_buff,UI/Atlas/NewAtlas/Buff/Buff.prefab,,,,,,
5639,Họa Địa Vi Lao,,,,,,,,,,,Phản đòn cận chiến +[00ff00]meleedamagereturn_p1%[-]\nPhản đòn tầm xa +[00ff00]rangedamagereturn_p1%[-]\nTốc đánh +[00ff00]attackspeed_v1[-]\nDi chuyển +[00ff00]runspeed_v1[-],DuanShi_bd04_buff,UI/Atlas/NewAtlas/Buff/Buff.prefab,,,,,,
5640,Họa Địa Vi Lao,1008,,,,,,,,,,Tốc đánh +[00ff00]attackspeed_v1[-]\nDi chuyển +[00ff00]runspeed_v1[-],DuanShi_bd04_buff,UI/Atlas/NewAtlas/Buff/Buff.prefab,,,,,,
5647,Bắc Minh Thần Công,,,,,,,,,,,Tấn công cơ bản [FF3030]giảm physics_potentialdamage_p1%[-],DuanShi_bd07_buff,UI/Atlas/NewAtlas/Buff/Buff.prefab,,,,,,
5648,Bắc Minh Thần Công,,,,,,,,,,,Công thường kích hoạt sát thương vòng băng,DuanShi_bd07_buff,UI/Atlas/NewAtlas/Buff/Buff.prefab,,,,,5601,
5657,Bí Kíp: Ngũ La Khinh Yên,1008,,,,,,,,,,Miễn dịch thuộc tính\nMiễn dịch bất lợi\nDi chuyển +[00ff00]runspeed_v1[-],DuanShiSkill_03_buff,UI/Atlas/NewAtlas/Buff/Buff.prefab,,,,,,
5667,Bí Kíp: Thủy Long Ngục,,,,,,,,,,,Sinh lực hiện tại +[00ff00]lifecurmax_p1%[-],DuanShiSkill_05_buff,UI/Atlas/NewAtlas/Buff/Buff.prefab,,,,,,
5668,Bí Kíp: Thủy Long Ngục,,,,,,,,,,,Di chuyển [FF3030]giảm runspeed_v1[-]\nMiễn sát thương bạo kích [FF3030]giảm weaken_deadlystrike_damage_p1%[-]\nNé tránh cơ bản [FF3030]giảm defense_p1%[-],DuanShiSkill_05_buff,UI/Atlas/NewAtlas/Buff/Buff.prefab,,,,,,
5675,Tuyệt Học: Ngũ La Khinh Yên,,,,,,,,,,,Mỗi 1m công thường tấn công cơ bản +[00ff00]add_adddmgbydist2/10%[-],DuanShi_jx03_buff,UI/Atlas/NewAtlas/Buff/Buff.prefab,,,,,,
5715,Siêu Quần Kim Cang,,,,,,,,,,,Mỗi giây hồi sinh lực [00ff00]thể chất xvitality_recover_life1%[-]\nTấn công cơ bản +[00ff00]physics_potentialdamage_p1%[-],chaoqunjingang,UI/Atlas/NewAtlas/CompanionSkill/CompanionSkill_02.prefab,,,,,,
5717,Siêu Quần Minh Vương,1504,,,,,,,,,,Miễn dịch thuộc tính\nMiễn dịch bất lợi\nNé tránh +[00ff00]defense_v1[-]\nSát thương bạo kích +[00ff00]deadlystrike_damage_p1%[-],chaoqunmingwang,UI/Atlas/NewAtlas/CompanionSkill/CompanionSkill_02.prefab,,,,,,
5725,Bách Niệm Câu Diệt,15725,,,,,,,,,,Tăng sát thương cuối [FF3030]giảm enhance_final_damage_p1%[-],bainianjumie,UI/Atlas/NewAtlas/CompanionSkill/CompanionSkill_02.prefab,,,,,,
5727,Độc Lang Ác Vụ,927,,,,,,,,,,Hồi phục vô hiệu\nHiệu quả hộ thuẫn giảm [FF3030]-50%[-]\nKháng tất cả [FF3030]giảm all_series_resist_v1[-] điểm\nSát thương cuối triệt tiêu [FF3030]giảm reduce_final_damage_p1%[-],dulongewu,UI/Atlas/NewAtlas/CompanionSkill/CompanionSkill_02.prefab,,,,,,
5741,Xuyên Giáp Phá Khải,,,,,15728,,,,,,Mỗi lần tấn công có [00ff00]ignore_invincible_rate2%[-] bỏ qua hộ thể kim cang của địch,chuanjiapokai,UI/Atlas/NewAtlas/CompanionSkill/CompanionSkill_02.prefab,,,,,,
5730,Đoạn Cấp,,,,,15729,,,,,,Kháng hút sinh lực +[00ff00]steallife_resist_p1%[-],duanji,UI/Atlas/NewAtlas/CompanionSkill/CompanionSkill_02.prefab,,,,,,
5742,Đoạn Cấp,,,,,15729,,,,,,Kháng hút sinh lực +[00ff00]steallife_resist_p1%[-],duanji,UI/Atlas/NewAtlas/CompanionSkill/CompanionSkill_02.prefab,,,,,,
5806,Vũ Bút Lộng Mặc,,,,,35806,,,,,,Vũ Bút Lộng Mặc,WanHuaSkill_01_buff,UI/Atlas/NewAtlas/Buff/Buff.prefab,,,,,,
5813,Hội Hổ Điểm Tinh,,,,,,,,,,,Hội Hổ Điểm Tinh{\nKháng tất cả cơ bản +[00ff00]all_series_resist_p1%[-]}{\nHút sinh lực +[00ff00]steallife_p1%[-]},WanHuaSkill_05_buff,UI/Atlas/NewAtlas/Buff/Buff.prefab,,,,,,
5832,Mặc Thủ Thành Quy,,,,,,,,,,,Mặc Thủ Thành Quy,WanHua_bd02_buff,UI/Atlas/NewAtlas/Buff/Buff.prefab,,,,,,
5833,Mặc Thủ Thành Quy (Hộ Thuẫn),613,,,,,,,,,,Giảm sát thương: [00ff00]t_magicshield1[-],WanHua_bd02_buff,UI/Atlas/NewAtlas/Buff/Buff.prefab,,,,,,
5838,Dữ Hổ Thiêm Dực,,,,,,,,,,,Số tầng cộng dồn Dữ Hổ Thiêm Dực,WanHua_bd04_buff,UI/Atlas/NewAtlas/Buff/Buff.prefab,,,,,5839,5
5840,Dữ Hổ Thiêm Dực,,,,,,,,,,,Thời gian duy trì Cự Thủy Mặc Hổ{\nKháng tất cả cơ bản +[00ff00]all_series_resist_p1%[-]}{\nHút sinh lực +[00ff00]steallife_p1%[-]},WanHua_bd04_buff,UI/Atlas/NewAtlas/Buff/Buff.prefab,,,,,,
5847,Hổ Tiếu Sơn Lâm,,,,,,,,,,,Miễn dịch thuộc tính\nMiễn dịch bất lợi\nHút sinh lực +[00ff00]steallife_p1%[-],WanHua_bd05_buff,UI/Atlas/NewAtlas/Buff/Buff.prefab,,,,,,
5851,Mặc Nhiễm Thất Sắc,,,,,,,,,,,Tấn công cơ bản +[00ff00]physics_potentialdamage_p1%[-],WanHua_bd07_buff,UI/Atlas/NewAtlas/Buff/Buff.prefab,,,,,,
5852,Mặc Nhiễm Thất Sắc,,,,,,,,,,,Hiệu suất hồi phục [FF3030]giảm lifereplenish_p1%[-],WanHua_bd07_buff,UI/Atlas/NewAtlas/Buff/Buff.prefab,,,,,,
5856,Bí Kíp: Chấp Dĩnh Điểm Mặc,,,,,,,,,,,Kháng tất cả cơ bản [FF3030] giảm all_series_resist_p1%[-],Kl_mj01_buff,UI/Atlas/NewAtlas/Buff/Buff.prefab,,,,,,
5875,Tuyệt Học: Mặc Thủ Thành Quy,,,,,,,,,,,Kháng sát thương cận chiến +[00ff00]melee_dmg_p1%[-]\nKháng sát thương tầm xa +[00ff00]remote_dmg_p1%[-],Tangmen_bd06_buff,UI/Atlas/NewAtlas/Buff/Buff.prefab,,,,,,
5876,Bí Kíp: Chấp Dĩnh Điểm Mặc,,,,,,,,,,,Sát thương bạo kích +[00ff00]deadlystrike_damage_p1%[-],WanHuaSkill_01_buff,UI/Atlas/NewAtlas/Buff/Buff.prefab,,,,,,
5901,Du Long Tường Không,,,,,,,,,,,Có [00ff00]%s[-] tỉ lệ nhận thêm 1 phần thưởng khi nhận thưởng ở [FFFE0D]Tần Lăng[-],youlongxiangkong,UI/Atlas/Item/Item/Item23.prefab,,,,,,
5902,Trứng Hấp Nấm,,,,,,,,,,,Có [00ff00]%s[-] tỉ lệ nhận thêm 1 phần thưởng khi diệt quái thường ở [FFFE0D]Tần Lăng[-],xiangguzhengdan,UI/Atlas/Item/Item/Item22.prefab,,,,,,
5903,Đậu Hủ Chiên,,,,,,,,,,,Có [00ff00]%s[-] tỉ lệ nhận thêm 1 phần thưởng khi diệt quái Tinh Anh ở [FFFE0D]Tần Lăng[-],suzhadoufu,UI/Atlas/Item/Item/Item24.prefab,,,,,,
5904,Cơm Hấp Thịt,,,,,,,,,,,Có [00ff00]%s[-] tỉ lệ nhận thêm 1 phần thưởng khi mở rương ở [FFFE0D]Tần Lăng Địa Cung[-],fenzhengrou,UI/Atlas/Item/Item/Item22.prefab,,,,,,
5905,Cá Chiên Xù,,,,,,,,,,,Có [00ff00]%s[-] tỉ lệ nhận thêm 1 phần thưởng khi nhận thưởng ở [FFFE0D]Bạch Hổ Đường[-],jinmaoshiziyu,UI/Atlas/Item/Item/Item24.prefab,,,,,,
5906,Đầu Cá Kho,,,,,,,,,,,Có [00ff00]%s[-] tỉ lệ nhận thêm 1 phần thưởng khi nhận thưởng ở [FFFE0D]Tàng Bảo Đồ[-],duojiaoyutou,UI/Atlas/Item/Item/Item22.prefab,,,,,,
5907,Cơm Nướng Cá Bạc,,,,,,,,,,,Có [00ff00]%s[-] tỉ lệ nhận thêm 1 phần thưởng khi mở rương ở [FFFE0D]Di Tích Tầm Bảo[-],kaofantuan,UI/Atlas/Item/Item/Item23.prefab,,,,,,
5908,Gà Cung Bảo,,,,,,,,,,,Có [00ff00]%s[-] tỉ lệ nhận thêm 1 phần thưởng khi diệt Thủ Lĩnh ở [FFFE0D]Di Tích Tầm Bảo[-],gongbaojiding,UI/Atlas/Item/Item/Item23.prefab,,,,,,
5909,Súp Gà Ngân Nhĩ,,,,,,,,,,,"Khi tử vong ở [FFFE0D]Di Tích Tầm Bảo[-] có thể không rơi đạo cụ thưởng, số lần dùng còn: [00ff00]%s[-]",xuehuajizhuo,UI/Atlas/Item/Item/Item23.prefab,,,,,,
5910,Mì Trứng,,,,,,,,,,,Gây cho [FFFE0D]Minh Chủ Võ Lâm[-] [00ff00]%s[-] sát thương thêm,hebaodan,UI/Atlas/Item/Item/Item22.prefab,,,,,,
5911,Cơm Thịt Viên,,,,,,,,,,,"Trong [FFFE0D]Minh Chủ Võ Lâm[-], tỉ lệ thấp nhất khi đoạt điểm của các đại hiệp khác tăng đến [00ff00]%s[-]",nuomirouwan,UI/Atlas/Item/Item/Item22.prefab,,,,,,
5912,Bánh Vong Ưu,,,,,,,,,,,"Trong [FFFE0D]Minh Chủ Võ Lâm[-], tỉ lệ tối đa khi bị các đại hiệp khác đoạt điểm của giảm đến [00ff00]%s[-]",wangyoubing,UI/Atlas/Item/Item/Item24.prefab,,,,,,
5913,Thịt Chiên Giòn,,,,,,,,,,,Hoàn thành [FFFE0D]Bí Cảnh Tổ Đội[-] được nhận thêm [00ff00]%s[-] EXP,zhasurou,UI/Atlas/Item/Item/Item24.prefab,,,,,,
5914,Đậu Hủ Cay,,,,,,,,,,,Hoàn thành [FFFE0D]Ngũ Sắc Bí Quật[-] được nhận thêm [00ff00]%s[-] EXP,mapodoufu,UI/Atlas/Item/Item/Item22.prefab,,,,,,
5915,Gà Hầm Nấm,,,,,,,,,,,Hoàn thành [FFFE0D]Lăng Tuyệt Phong[-] được nhận thêm [00ff00]%s[-] EXP,xiaojidunmogu,UI/Atlas/Item/Item/Item23.prefab,,,,,,
5916,Lăng Tuyệt Phong_Tăng tỉ lệ rơi Thẻ,,,,,,,,,,,,SkillUsual,,,,,,,
5917,Súp Trứng Cá,,,,,,,,,,,Trong [FFFE0D]Thủy Hoàng Giáng Thế[-] sát thương tăng [00ff00]%s[-],yudanshuangbaitang,UI/Atlas/Item/Item/Item23.prefab,,,,,,
5918,Bánh Trứng Muối,,,,,,,,,,,Trong [FFFE0D]Nữ Đế Hồi Sinh[-] sát thương tăng [00ff00]%s[-],danhuangsu,UI/Atlas/Item/Item/Item23.prefab,,,,,,
5919,Gà Hoàng Kim,,,,,,,,,,,Trong [FFFE0D]Công Thành Chiến[-] sát thương tăng [00ff00]%s[-],huangjinji,UI/Atlas/Item/Item/Item24.prefab,,,,,,
5920,Bánh Ít Nhân Thịt,,,,,,,,,,,Trong [FFFE0D]Công Thành Liên SV[-] sát thương tăng [00ff00]%s[-],rouzong,UI/Atlas/Item/Item/Item22.prefab,,,,,,
5921,Phong Vân Tế Hội,,,,,,,,,,,Sát thương trong [FFFE0D]Sơn Hà Trục Lộc[-] tăng [00ff00]%s[-],fengyunjihui,UI/Atlas/Item/Item/Item22.prefab,,,,,,
5922,Bột Ủ Thịt,,,,,,,,,,,Trong [FFFE0D]Danh Tướng[-] sát thương tăng [00ff00]%s[-],rouniangshengfu,UI/Atlas/Item/Item/Item22.prefab,,,,,,
5923,Trứng Chiên Thịt,,,,,,,,,,,Trong [FFFE0D]Chiến Trường Tống Kim[-] sát thương tăng [00ff00]%s[-],roumoqiedan,UI/Atlas/Item/Item/Item24.prefab,,,,,,
5924,Phóng đại sát thương,,,,,,,,,,,Tăng sát thương cuối +[00ff00]enhance_final_damage_p1%[-],BUFF_zhuxiudan,UI/Atlas/NewAtlas/Buff/Buff.prefab,,,,,,
5925,Chưởng Thượng Minh Châu,,,,,,,,,,,Sức mạnh +[00ff00]strength_v1[-],zhangshangmingzhu,UI/Atlas/Item/Item/Item23.prefab,,,,,,
5926,Cá Nóc Kho,,,,,,,,,,,Thể chất +[00ff00]vitality_v1[-],hongshaohetun,UI/Atlas/Item/Item/Item22.prefab,,,,,,
5927,Cua Thịt Viên,,,,,,,,,,,Nhanh nhẹn  +[00ff00]dexterity_v1[-],xiefenshizitou,UI/Atlas/Item/Item/Item23.prefab,,,,,,
5928,Cá Trê Hấp,,,,,,,,,,,Linh hoạt +[00ff00]energy_v1[-],qingzhengjiangtuan,UI/Atlas/Item/Item/Item22.prefab,,,,,,
5929,Canh Cua Đậu,,,,,,,,,,,Kháng tất cả +[00ff00]all_series_resist_v1[-],xiehuangdoufu,UI/Atlas/Item/Item/Item23.prefab,,,,,,
5930,Cháo Hải Sản,,,,,,,,,,,Phản đòn cận chiến +[00ff00]meleedamagereturn_v1[-]\nPhản đòn tầm xa +[00ff00]rangedamagereturn_v1[-],haixianzhou,UI/Atlas/Item/Item/Item22.prefab,,,,,,
5931,Sủi Cảo,,,,,,,,,,,Né tránh +[00ff00]defense_v1[-],sanxianshuijiao,UI/Atlas/Item/Item/Item22.prefab,,,,,,
5932,Gà Hầm Thịt,,,,,,,,,,,Bỏ qua né tránh  +[00ff00]ignore_defense_v1[-],qingzhengjifu,UI/Atlas/Item/Item/Item22.prefab,,,,,,
5933,Cá Hầm Thịt,,,,,,,,,,,Tỉ lệ bạo kích  +[00ff00]deadlystrike_v1[-],sansiqiaoyu,UI/Atlas/Item/Item/Item22.prefab,,,,,,
5934,Bánh Chả Tôm,,,,,,,,,,,Kháng bạo kích +[00ff00]weaken_deadlystrike_v1[-],xiarongjinxiangbing,UI/Atlas/Item/Item/Item24.prefab,,,,,,
5935,Tôm Chiên Bột,,,,,,,,,,,Sinh lực +[00ff00]lifemax_v1[-]\nHồi phục sinh lực +[00ff00]recover_life_v1[-],xiangzhapipaxia,UI/Atlas/Item/Item/Item24.prefab,,,,,,
5936,Súp Gà Xé,,,,,,,,,,,Ngũ hành cường hóa +{1}[00ff00]series_enhance_v1[-],jitangzhugansi,UI/Atlas/Item/Item/Item22.prefab,,,,,,
5937,Cháo Thịt Trứng,,,,,,,,,,,Ngũ Hành nhược hóa +[00ff00]series_abate_v1[-],pidanshourouzhou,UI/Atlas/Item/Item/Item22.prefab,,,,,,
5938,Hoành Thánh,,,,,,,,,,,Tỉ lệ thuộc tính  +[00ff00]add_seriesstate_rate_v1[-],hundun,UI/Atlas/Item/Item/Item22.prefab,,,,,,
5939,Thịt Viên Chiên,,,,,,,,,,,Tỉ lệ kháng thuộc tính +[00ff00]resist_allseriesstate_rate_v1[-],jinlingwanzi,UI/Atlas/Item/Item/Item24.prefab,,,,,,
5940,Tôm Thái Cực,,,,,,,,,,,Thời gian thuộc tính +[00ff00]add_seriesstate_time_v1[-],taijimingxia,UI/Atlas/Item/Item/Item22.prefab,,,,,,
5941,Tôm Gạch Cua,,,,,,,,,,,Thời gian kháng thuộc tính +[00ff00]resist_allseriesstate_time_v1[-],xiehuangxiazhong,UI/Atlas/Item/Item/Item22.prefab,,,,,,
5942,Cơm Xá Xíu,,,,,,,,,,,Tấn công +[00ff00]basic_damage_v1[-],anranxiaohunfan,UI/Atlas/Item/Item/Item22.prefab,,,,,,
5943,Gặp Nhiều May Mắn,,,,,,,,,,,Sức mạnh +[00ff00]strength_v1[-],hongyundangtou,UI/Atlas/Item/Item/Item22.prefab,,,,,,
5944,Phượng Hoàng Thai,,,,,,,,,,,Thể chất +[00ff00]vitality_v1[-],fenghuangtai,UI/Atlas/Item/Item/Item22.prefab,,,,,,
5945,Đậu Hủ Hầm Rau,,,,,,,,,,,Nhanh nhẹn  +[00ff00]dexterity_v1[-],qingcaidundoufu,UI/Atlas/Item/Item/Item22.prefab,,,,,,
5946,Giò Chả Hấp,,,,,,,,,,,Linh hoạt +[00ff00]energy_v1[-],laweihezheng,UI/Atlas/Item/Item/Item22.prefab,,,,,,
5947,Bánh Bèo Chén,,,,,,,,,,,Kháng tất cả +[00ff00]all_series_resist_v1[-],zhenwangao,UI/Atlas/Item/Item/Item22.prefab,,,,,,
5948,Súp Tôm Hấp Trứng,,,,,,,,,,,Tấn công +[00ff00]basic_damage_v1[-],xiarenzhengdangeng,UI/Atlas/Item/Item/Item22.prefab,,,,,,
5949,Thịt Cuộn Nấm,,,,,,,,,,,Né tránh +[00ff00]defense_v1[-],xiangguzhengroujuan,UI/Atlas/Item/Item/Item22.prefab,,,,,,
5950,Cơm Cá Chình,,,,,,,,,,,Bỏ qua né tránh  +[00ff00]ignore_defense_v1[-],manyufan,UI/Atlas/Item/Item/Item22.prefab,,,,,,
5951,Cá Luộc,,,,,,,,,,,Tỉ lệ bạo kích  +[00ff00]deadlystrike_v1[-],shuizhuyu,UI/Atlas/Item/Item/Item21.prefab,,,,,,
5952,Tôm Luộc,,,,,,,,,,,Kháng bạo kích +[00ff00]weaken_deadlystrike_v1[-],shuizhuxia,UI/Atlas/Item/Item/Item21.prefab,,,,,,
5953,Thịt Luộc,,,,,,,,,,,Sinh lực +[00ff00]lifemax_v1[-]\nHồi phục sinh lực +[00ff00]recover_life_v1[-],shuizhuroupian,UI/Atlas/Item/Item/Item21.prefab,,,,,,
5954,Mì Nấu,,,,,,,,,,,Ngũ hành cường hóa +{1}[00ff00]series_enhance_v1[-],yangchunmian,UI/Atlas/Item/Item/Item21.prefab,,,,,,
5955,Bánh Rán,,,,,,,,,,,Ngũ Hành nhược hóa +[00ff00]series_abate_v1[-],youbing,UI/Atlas/Item/Item/Item24.prefab,,,,,,
5956,Khô Cá Chiên,,,,,,,,,,,Tỉ lệ thuộc tính  +[00ff00]add_seriesstate_rate_v1[-],xiangsuyugan,UI/Atlas/Item/Item/Item24.prefab,,,,,,
5957,Trứng Chiên,,,,,,,,,,,Tỉ lệ kháng thuộc tính +[00ff00]resist_allseriesstate_rate_v1[-],jiandanbing,UI/Atlas/Item/Item/Item24.prefab,,,,,,
5958,Bánh Tổ,,,,,,,,,,,Thời gian thuộc tính +[00ff00]add_seriesstate_time_v1[-],niangao,UI/Atlas/Item/Item/Item24.prefab,,,,,,
5959,Bánh Bao,,,,,,,,,,,Thời gian kháng thuộc tính +[00ff00]resist_allseriesstate_time_v1[-],dabaimantou,UI/Atlas/Item/Item/Item22.prefab,,,,,,
5960,Ghẹ Hấp,,,,,,,,,,,Phản đòn cận chiến +[00ff00]meleedamagereturn_v1[-]\nPhản đòn tầm xa +[00ff00]rangedamagereturn_v1[-],qingzhengdazhaxie,UI/Atlas/Item/Item/Item22.prefab,,,,,,
5961,Thịt Nướng,,,,,,,,,,,Kháng Kim +[00ff00]metal_resist_v1[-],kaorou,UI/Atlas/Item/Item/Item23.prefab,,,,,,
5962,Tôm Nướng,,,,,,,,,,,Kháng Mộc +[00ff00]wood_resist_v1[-],kaoxia,UI/Atlas/Item/Item/Item23.prefab,,,,,,
5963,Cá Nướng,,,,,,,,,,,Kháng Thủy +[00ff00]water_resist_v1[-],kaoyu,UI/Atlas/Item/Item/Item23.prefab,,,,,,
5964,Nấm Hương Nướng,,,,,,,,,,,Kháng Hỏa +[00ff00]fire_resist_v1[-],kaoxianggu,UI/Atlas/Item/Item/Item23.prefab,,,,,,
5965,Trứng Hấp,,,,,,,,,,,Kháng Thổ +[00ff00]earth_resist_v1[-],zhengshuidan,UI/Atlas/Item/Item/Item22.prefab,,,,,,
5966,Cá Sạo Hấp,,,,,,,,,,,Tỉ lệ thuộc tính  +[00ff00]add_seriesstate_rate_v1[-],qingzhengluyu,UI/Atlas/Item/Item/Item22.prefab,,,,,,
5967,Đậu Hủ Luộc,,,,,,,,,,,Tấn công +[00ff00]basic_damage_v1[-],shuizhudoufu,UI/Atlas/Item/Item/Item21.prefab,,,,,,
5968,Rau Luộc,,,,,,,,,,,Kháng tất cả +[00ff00]all_series_resist_v1[-],shuizhuqingcai,UI/Atlas/Item/Item/Item21.prefab,,,,,,
5969,Cơm Trắng,,,,,,,,,,,Bỏ qua né tránh  +[00ff00]ignore_defense_v1[-],baifan,UI/Atlas/Item/Item/Item22.prefab,,,,,,
5970,Rau Hấp,,,,,,,,,,,Thời gian thuộc tính +[00ff00]add_seriesstate_time_v1[-],baizhenggancai,UI/Atlas/Item/Item/Item22.prefab,,,,,,
5981,Cải Trắng,,,,,15981,,,,,,,,,,,,,,
5982,Trứng Gà,,,,,15982,,,,,,,,,,,,,,
5983,Nấm,,,,,15983,,,,,,,,,,,,,,
5984,Cần Tây,,,,,15984,,,,,,,,,,,,,,
5985,Thịt,,,,,15985,,,,,,,,,,,,,,
5986,Cá,,,,,15986,,,,,,,,,,,,,,
5987,Măng,,,,,15987,,,,,,,,,,,,,,
5988,Đoạn Hành Tán,14432,,,,,,,,,,Di chuyển [FF3030] giảm runspeed_p1%[-],Cj_mj03_buff,UI/Atlas/NewAtlas/Buff/Buff.prefab,,,,,,
5989,Canh Mê Hồn,15989,,,,,,,,,,Giảm tốc độ thu thập,,,,,,,,
5991,Ớt,,,,,15991,,,,,,,,,,,,,,
5992,Đường ,,,,,15992,,,,,,,,,,,,,,
5993,Rau Hẹ,,,,,15993,,,,,,,,,,,,,,
5994,Quế Hoa,,,,,15994,,,,,,,,,,,,,,
5995,Dây Lạt,,,,,15995,,,,,,,,,,,,,,
5996,Hiệu quả tăng tốc,1008,,,,,,,,,,Di chuyển +[00ff00]runspeed_p1%[-]\nTốc độ thu thập +[00ff00]50%[-],DuanShiSkill_03_buff,UI/Atlas/NewAtlas/Buff/Buff.prefab,,,,,,
5997,Dưa hấu,,,,,15997,,,,,,,,,,,,,,
5998,Bom,,,,,15998,,,,,,,,,,,,,,
5999,Bình Nước,,,,,545079,,,,,,,,,,,,,,
6000,Phân Bón,,,,,545080,,,,,,,,,,,,,,
6001,Tưới nước,545082,,,,,,,,,,,,,,,,,,
6002,Bón phân,545081,,,,,,,,,,,,,,,,,,
6008,Khiếu Phong Quyết,26007,,,,,,,,,,Tốc Đánh +[00ff00]attackspeed_v1[-]\nDi chuyển +[00ff00]runspeed_v1[-]\nTỉ lệ thuộc tính +[00ff00]add_seriesstate_rate_v1[-]\nThời gian thuộc tính +[00ff00]add_seriesstate_time_v1[-]\nTỉ lệ hiệu quả bất lợi +[00ff00]add_allspecialstate_rate_v1[-]\nThời gian hiệu quả bất lợi +[00ff00]add_allspecialstate_time_v1[-],YangMenSkill_Arch_03_buff,UI/Atlas/NewAtlas/Buff/Buff.prefab,,,,,,
6018,Kỳ Môn Thuẫn,26018,,26019,,,,,,,,Kháng tất cả cơ bản +[00ff00]all_series_resist_p1%[-]\nTỉ lệ kháng thuộc tính +[00ff00]resist_allseriesstate_rate_v1[-]\nKháng sát thương tầm xa +[00ff00]remote_dmg_p1%[-],YangMenSkill_Halberd_03_buff,UI/Atlas/NewAtlas/Buff/Buff.prefab,,,,,,
6019,Kỳ Môn Thuẫn,,,,,,,,,,,Kháng tất cả cơ bản +[00ff00]all_series_resist_p1%[-]\nTỉ lệ kháng thuộc tính +[00ff00]resist_allseriesstate_rate_v1[-]\nKháng sát thương tầm xa +[00ff00]remote_dmg_p1%[-],YangMenSkill_Halberd_03_buff,UI/Atlas/NewAtlas/Buff/Buff.prefab,,,,,,
6028,Thương Liên Cung Ánh-Thương,,,,,,,,,,,Triệt tiêu sát thương cuối +[00ff00]reduce_final_damage_p1%[-],YangMenSkill_Halberd_04_buff,UI/Atlas/NewAtlas/Buff/Buff.prefab,,,,,,
6029,Thương Liên Cung Ánh-Cung,,,,,,,,,,,Tỉ lệ thuộc tính +[00ff00]add_seriesstate_rate_v1[-]\nThời gian thuộc tính +[00ff00]add_seriesstate_time_v1[-]\nTỉ lệ hiệu quả bất lợi +[00ff00]add_allspecialstate_rate_v1[-]\nThời gian hiệu quả bất lợi +[00ff00]add_allspecialstate_time_v1[-],YangMenSkill_Arch_04_buff,UI/Atlas/NewAtlas/Buff/Buff.prefab,,,,,,
6037,Hậu Phát Chế Nhân,9076,,,,,,,,,,Kháng tất cả cơ bản +[00ff00]all_series_resist_p1%[-],YangMenSkill_Halberd_03_buff,UI/Atlas/NewAtlas/Buff/Buff.prefab,,,,,,
6038,Hậu Phát Chế Nhân,1504,,,,,,,,,,Miễn dịch thuộc tính\nMiễn hiệu quả bất lợi,YangMenSkill_Halberd_03_buff,UI/Atlas/NewAtlas/Buff/Buff.prefab,,,,,,
6040,Bĩ Cực Dương Hồi,2416,,,,,,,,,,Vô Địch,Tianwang_bd03_buff,UI/Atlas/NewAtlas/Buff/Buff.prefab,,,,,,
6044,Lưỡng Cực Phản Chuyển-Cung,,,,,,,,,,,Tốc đánh -[00ff00]attackspeed_v1[-]\nTấn công cơ bản -[00ff00]physics_potentialdamage_p1%[-],YangMenSkill_Arch_03_buff,UI/Atlas/NewAtlas/Buff/Buff.prefab,,,,,,
6049,Lưỡng Cực Phản Chuyển-Thương,,,,,,,,,,,Kháng cơ bản +[00ff00]all_series_resist_p1%[-]\nHút sinh lực +[00ff00]steallife_p1%[-],YangMenSkill_Halberd_03_buff,UI/Atlas/NewAtlas/Buff/Buff.prefab,,,,,,
6046,Hậu Phát Chế Nhân,9076,,,,,,,,,,Kháng tất cả cơ bản +[00ff00]all_series_resist_p1%[-],YangMenSkill_Halberd_03_buff,UI/Atlas/NewAtlas/Buff/Buff.prefab,,,,,,
6055,Bí Kíp: Lưu Quang Tuyệt Ảnh/Bôn Lang Thương,14432,,,,,,,,,,Di chuyển [FF3030] giảm runspeed_v1[-],YM_mj01_buff,UI/Atlas/NewAtlas/Buff/Buff.prefab,,,,,,
6059,Bí Kíp: Khiếu Phong Quyết/Kỳ Môn Thuẫn,,,,,,,,,,,Bỏ qua bạo kích cơ bản +[00ff00]ignore_deadlystrike_vp1%[-]\nMiễn sát thương bạo kích +[00ff00]weaken_deadlystrike_damage_p1%[-],YM_mj02_buff,UI/Atlas/NewAtlas/Buff/Buff.prefab,,,,,,
6060,Bí Kíp: Khiếu Phong Quyết/Kỳ Môn Thuẫn,2416,,,,,,,,,,Vô Địch,YM_mj02_buff,UI/Atlas/NewAtlas/Buff/Buff.prefab,,,,,,
6061,Bí Kíp: Khiếu Phong Quyết/Kỳ Môn Thuẫn,,,,,,,,,,,"Ở trạng thái này, khi bị đòn chí mạng có tỉ lệ miễn tử 1 lần",YM_mj02_buff,UI/Atlas/NewAtlas/Buff/Buff.prefab,,,,,,
6062,Bí Kíp: Khiếu Phong Quyết/Kỳ Môn Thuẫn,2416,,,,,,,,,,Vô Địch,YM_mj02_buff,UI/Atlas/NewAtlas/Buff/Buff.prefab,,,,,,
6072,Bí Kíp: Thương Liên Cung Ánh,,,,,,,,,,,Tấn công cơ bản công thường của cung +[00ff00]add_usebasedmg_p12%[-],YM_mj04_buff,UI/Atlas/NewAtlas/Buff/Buff.prefab,,,,,,
6073,Bí Kíp: Thương Liên Cung Ánh,,,,,,,,,,,Tấn công cơ bản công thường của thương +[00ff00]add_usebasedmg_p12%[-],YM_mj04_buff,UI/Atlas/NewAtlas/Buff/Buff.prefab,,,,,,
6074,Bí Kíp: Thương Liên Cung Ánh,,,,,,,,,,,Kháng tính sát thương tầm xa [FF3030]giảm melee_dmg_p1%[-],YM_mj04_buff,UI/Atlas/NewAtlas/Buff/Buff.prefab,,,,,,
6075,Bí Kíp: Thương Liên Cung Ánh,,,,,,,,,,,Kháng sát thương tầm xa [FF3030]giảm remote_dmg_p1%[-],YM_mj04_buff,UI/Atlas/NewAtlas/Buff/Buff.prefab,,,,,,
6083,Kỳ Môn Thuẫn,,,,,,,,,,,Hiệu suất hồi phục [FF3030]giảm lifereplenish_p1%[-]\nTấn công cơ bản [FF3030]giảm physics_potentialdamage_p1%[-],YangMenSkill_Halberd_03_buff,UI/Atlas/NewAtlas/Buff/Buff.prefab,,,,,,
6109,Thực Giáp,14812,,,,,,,,,,Hiệu suất hồi sinh lực [FF3030]giảm lifereplenish_p1%[-],Wdu_mj03_buff,UI/Atlas/NewAtlas/Buff/Buff.prefab,,,,,,
6117,Di chuyển Thuyền Rồng,6117,,,,,,,,,,,,,,,,,,
6118,Thuyền Rồng chờ đợi,6118,,,,,,,,,,,,,,,,,,
6124,Mê Hồn Trảm,14432,,,,,,,,,,Di chuyển [FF3030] giảm runspeed_v1[-],Cj_mj03_buff,UI/Atlas/NewAtlas/Buff/Buff.prefab,,,,,,
6140,Trạng thái diễn tấu,,,,,545028,,,,,,,,,,,,,,
6141,Anh Hùng Yến-Sơ,,,,,,,,,,,Thể chất +[00ff00]vitality_v1[-]\nNhanh nhẹn +[00ff00]dexterity_v1[-]\nLinh hoạt +[00ff00]energy_v1[-]\nSát thương quái +[00ff00]damage4npc_p1%[-],Buff_JiuYan01,UI/Atlas/NewAtlas/Buff/Buff.prefab,,,,,,
6142,Anh Hùng Yến-Trung,,,,,,,,,,,Sức mạnh +[00ff00]strength_v1[-]\nThể chất +[00ff00]vitality_v1[-]\nNhanh nhẹn +[00ff00]dexterity_v1[-]\nLinh hoạt +[00ff00]energy_v1[-]\nSát thương quái +[00ff00]damage4npc_p1%[-],Buff_JiuYan02,UI/Atlas/NewAtlas/Buff/Buff.prefab,,,,,,
6143,Anh Hùng Yến-Cao,,,,,,,,,,,Sức mạnh +[00ff00]strength_v1[-]\nThể chất +[00ff00]vitality_v1[-]\nNhanh nhẹn +[00ff00]dexterity_v1[-]\nLinh hoạt +[00ff00]energy_v1[-]\nSát thương quái +[00ff00]damage4npc_p1%[-]\nCấp kỹ năng môn phái +[00ff00]1[-],Buff_JiuYan03,UI/Atlas/NewAtlas/Buff/Buff.prefab,,,,,,
6144,Anh Hùng Yến-Sơ,,,,,,,,,,,"Xuy Quân trong Anh Hùng Yến đã chuẩn bị nhiều món ngon, đây là sức mạnh nhận được sau khi ăn, có hiệu lực trong hoạt động Bang Hội lát sau mở",Buff_JiuYan01,UI/Atlas/NewAtlas/Buff/Buff.prefab,,,,,,
6145,Anh Hùng Yến-Trung,,,,,,,,,,,"Xuy Quân trong Anh Hùng Yến đã chuẩn bị nhiều món ngon, đây là sức mạnh nhận được sau khi ăn, có hiệu lực trong hoạt động Bang Hội lát sau mở",Buff_JiuYan02,UI/Atlas/NewAtlas/Buff/Buff.prefab,,,,,,
6146,Anh Hùng Yến-Cao,,,,,,,,,,,"Xuy Quân trong Anh Hùng Yến đã chuẩn bị nhiều món ngon, đây là sức mạnh nhận được sau khi ăn, có hiệu lực trong hoạt động Bang Hội lát sau mở",Buff_JiuYan03,UI/Atlas/NewAtlas/Buff/Buff.prefab,,,,,,
6154,Long Ấn,,,,,16154,,,,,,,,,,,,,,
6164,Quẻ Càn Vi Thiên,,,,,,,,,,,Giao Tử hôm đó +30%,QBWG_buff03,UI\Atlas\NewAtlas\Buff\Buff.prefab,,,,,,
6165,Quẻ Hỏa Thiên Đại Hữu,,,,,,,,,,,Hoàn trả chi phí tất cả vé vào cửa hoạt động trong ngày,QBWG_buff03,UI\Atlas\NewAtlas\Buff\Buff.prefab,,,,,,
6166,Quẻ Thủy Trạch Tiết,,,,,,,,,,,Trong ngày tham gia trò chơi khi tổng kết Giao Tử có 30% xác suất gấp bội.,QBWG_buff03,UI\Atlas\NewAtlas\Buff\Buff.prefab,,,,,,
6167,Quẻ Phong Lôi Ích,,,,,,,,,,,Giao Tử hôm đó +20%,QBWG_buff02,UI\Atlas\NewAtlas\Buff\Buff.prefab,,,,,,
6168,Quẻ Hỏa Lôi Phệ Hạp,,,,,,,,,,,Hoàn trả một nửa chi phí tất cả vé vào cửa hoạt động trong ngày,QBWG_buff02,UI\Atlas\NewAtlas\Buff\Buff.prefab,,,,,,
6169,Quẻ Sơn Lôi Di,,,,,,,,,,,Trong ngày tham gia trò chơi khi tổng kết Giao Tử có 20% xác suất gấp bội.,QBWG_buff02,UI\Atlas\NewAtlas\Buff\Buff.prefab,,,,,,
6170,Quẻ Thiên Trạch Lý,,,,,,,,,,,Giao Tử hôm đó +10%,QBWG_buff01,UI\Atlas\NewAtlas\Buff\Buff.prefab,,,,,,
6171,Quẻ Chấn Vi Lôi,,,,,,,,,,,Hoàn trả 1/4 chi phí tất cả vé vào cửa hoạt động trong ngày,QBWG_buff01,UI\Atlas\NewAtlas\Buff\Buff.prefab,,,,,,
6172,Quẻ Lôi Thủy Giải,,,,,,,,,,,Trong ngày tham gia trò chơi khi tổng kết Giao Tử có 10% xác suất gấp bội.,QBWG_buff01,UI\Atlas\NewAtlas\Buff\Buff.prefab,,,,,,
6179,Vòng Lửa Trại,9729,,,,,,,,,,,,,,,,,,
6180,Liên Y,545100,,545101,,,,,,,,,,,,,,,,
6189,Nguồn Nước Dồi Dào,,,,,,,,,,,Tăng sát thương cuối +[00ff00]enhance_final_damage_p1%[-],buff_adddamage,UI/Atlas/NewAtlas/Buff/Buff.prefab,,,,,,
6190,Sa Lệnh,545256,,,,,,,,,,,,,,,,,,
6191,Cờ Cổ Vũ,,,,,,,,,,,Tăng sát thương cuối +[00ff00]enhance_final_damage_p1%[-],buff_adddamage,UI/Atlas/NewAtlas/Buff/Buff.prefab,,,,,,
6192,Thiết Lao-Vô Địch,2416,,,,,,,,,,Miễn dịch sát thương và khống chế,buff_wudi,UI/Atlas/NewAtlas/Buff/Buff.prefab,,,,,,
6194,Thiết Lao-Nhiệt Huyết,,,,,,,,,,,Tăng sát thương cuối +[00ff00]enhance_final_damage_p1%[-],buff_adddamage,UI/Atlas/NewAtlas/Buff/Buff.prefab,,,,,,
6195,Rương Thuốc,,,,,,,,,,,Mỗi [00ff00]recover_life_p2/15[-] giây hồi [00ff00]recover_life_p1%[-] sinh lực,buff_recover,UI/Atlas/NewAtlas/Buff/Buff.prefab,,,,,,
6193,Thiết Lao-Bất Động,545257,,,,,,,,,,,,,,,,,,
6208,Mê Thần Ảo Ảnh,,,,,,,,,,,Kháng tất cả cơ bản +[00ff00]all_series_resist_p1%[-]{\nTấn công cơ bản  +[00ff00]physics_potentialdamage_p1%[-]},LongQueSkill_03_buff,UI/Atlas/NewAtlas/Buff/Buff.prefab,,,,,,
6212,Đao Thần Giáng Thế,26212,,,,,,,,31,,Di chuyển +[00ff00]runspeed_v1[-]\nNé tránh cơ bản +[00ff00]defense_p1%[-]\nTỉ lệ kháng thuộc tính +[00ff00]resist_allseriesstate_rate_v1[-]\nThời gian kháng thuộc tính +[00ff00]resist_allseriesstate_time_v1[-],LongQueSkill_05_buff,UI/Atlas/NewAtlas/Buff/Buff.prefab,,,,,6213,
6218,Đao Thần Giáng Thế_Hiệu ứng,26213,17,26214,18,,,,,,,,,,,,,,,
6219,Đao Thần Giáng Thế_Hiệu ứng,26215,19,26216,20,,,,,,,,,,,,,,,
6229,Hiểm Cảnh Phùng Sinh,,,,,,,,,,,Né tránh cơ bản +[00ff00]defense_p1%[-],LongQueSkill_05_buff,UI/Atlas/NewAtlas/Buff/Buff.prefab,,,,,,
6233,Mộ Quang Diễm,,,,,,,,,,,Né tránh cơ bản +[00ff00]defense_p1%[-]\nBỏ qua kháng tất cả cơ bản +[00ff00]ignore_all_resist_vp1%[-],LongQueSkill_04_buff,UI/Atlas/NewAtlas/Buff/Buff.prefab,,,,,6213,
6239,Tẫn Dư Sinh Huy,,,,,,,,,,,Bỏ qua kháng tất cả cơ bản +[00ff00]ignore_all_resist_vp1%[-]\nSát thương bạo kích +[00ff00]deadlystrike_damage_p1%[-],Mingjiao_bd07_buff,UI/Atlas/NewAtlas/Buff/Buff.prefab,,,,,,
6241,Tinh Hỏa Niệm,,,,,,,,,,,Di chuyển +[00ff00]runspeed_v1[-]\nNé tránh cơ bản +[00ff00]defense_p1%[-],LongQueSkill_05_buff,UI/Atlas/NewAtlas/Buff/Buff.prefab,,,,,6212,5
6245,Bí Kíp-Đạp Diễm Trục Quang,,,,,,,,,,,Tỉ lệ kháng thuộc tính +[00ff00]resist_allseriesstate_rate_v1[-]\nThời gian kháng thuộc tính +[00ff00]resist_allseriesstate_time_v1[-]\nTỉ lệ kháng bất lợi +[00ff00]resist_allspecialstate_rate_v1[-]\nThời gian kháng bất lợi+[00ff00]resist_allspecialstate_time_v1[-],LongQueSkill_02_buff,UI/Atlas/NewAtlas/Buff/Buff.prefab,,,,,,
6256,Bí Kíp: Toàn Vũ Trảm,,,,,,,,,,,Kháng tất cả cơ bản [FF3030] giảm all_series_resist_p1%[-],LongQueSkill_03_buff,UI/Atlas/NewAtlas/Buff/Buff.prefab,,,,,,
6260,Bí Kíp: Đao Thần Giáng Thế,,,,,,,,,,,Đao Thần Giáng Thế-Bỏ Qua Vô Địch,LongQueSkill_05_buff,UI/Atlas/NewAtlas/Buff/Buff.prefab,,,,,,
6262,Bí Kíp: Đao Thần Giáng Thế,,,,,,,,,,,Đao Thần Giáng Thế Xung Thích_Bỏ Qua Vô Địch\nNé tránh cơ bản +[00ff00]defense_p1%[-],LongQueSkill_05_buff,UI/Atlas/NewAtlas/Buff/Buff.prefab,,,,,,
6265,Tuyệt Học: Đao Thần Giáng Thế,14432,,,,,,,,,,Di chuyển [FF3030] giảm runspeed_v1[-] điểm,LongQueSkill_05_buff,UI/Atlas/NewAtlas/Buff/Buff.prefab,,,,,,
6267,Bí Kíp: Đao Thần Giáng Thế,,,,,,,,,,,Tấn công cơ bản[FF3030] giảm physics_potentialdamage_p1%[-]\nMiễn sát thương bạo kích[FF3030] giảm weaken_deadlystrike_damage_p1%[-],LongQueSkill_05_buff,UI/Atlas/NewAtlas/Buff/Buff.prefab,,,,,,
6270,Phong Hỏa Luân,9731,,,,,,,,,,,,,,,,,,
6274,Bánh Bao Thịt Lớn,9732,,,,,,,,,,,,,,,,,,
6306,Khôi Lỗi Ưng Phách,,,,,,,,,,,Thời gian duy trì Khôi Lỗi Ưng,ShenJiSkill_02_buff,UI/Atlas/NewAtlas/Buff/Buff.prefab,,,,,,
6307,Khôi Lỗi Ưng Phách,,,,,,,,,,,Kháng tất cả cơ bản +[00ff00]all_series_resist_p1%[-]\nTỉ lệ thuộc tính +[00ff00]add_seriesstate_rate_v1[-]\nHiệu quả bất lợi +[00ff00]add_allspecialstate_rate_v1[-],ShenJiSkill_02_buff,UI/Atlas/NewAtlas/Buff/Buff.prefab,,,,,,
6354,Khôi Lỗi Ưng Phách,,,,,,,,,,,Kháng tất cả cơ bản +[00ff00]all_series_resist_p1%[-]\nTỉ lệ thuộc tính +[00ff00]add_seriesstate_rate_v1[-]\nHiệu quả bất lợi +[00ff00]add_allspecialstate_rate_v1[-],ShenJiSkill_02_buff,UI/Atlas/NewAtlas/Buff/Buff.prefab,,,,,,
6318,Hóa Vũ Thừa Phong,16315,155,16316,156,,,,,,,Di chuyển +[00ff00]runspeed_v1[-]\nNé tránh cơ bản +[00ff00]defense_p1%[-],ShenJiSkill_05_buff,UI/Atlas/NewAtlas/Buff/Buff.prefab,,,,,6315,1
6319,Hóa Vũ Thừa Phong,26313,,,,,,,,,,,,,,,,,,
6330,Thiết Ca Hành,,,,,,,,,,,Sau khi phá thuẫn sẽ bị trừng phạt,ShenJi_bd02_buff,UI/Atlas/NewAtlas/Buff/Buff.prefab,,,,,,
6355,Thiết Ca Hành,,,,,,,,,,,Kháng sát thương tầm xa [FF3030]giảm remote_dmg_p1%[-]\nKháng sát thương cận chiến [FF3030]giảm melee_dmg_p1%[-],ShenJi_bd02_buff,UI/Atlas/NewAtlas/Buff/Buff.prefab,,,,,,
6334,Đoạt Hồn Thích,,,,,,,,,,,Hút sinh lực [FF3030]giảm steallife_p1%[-]\nTấn công cơ bản [FF3030]giảm physics_potentialdamage_p1%[-],ShenJi_bd04_buff,UI/Atlas/NewAtlas/Buff/Buff.prefab,,,,,,
6336,Vi Thiên Ý,,,,,,,,,,,Triệt tiêu sát thương cuối +[00ff00]reduce_final_damage_p1%[-],ShenJi_bd05_buff,UI/Atlas/NewAtlas/Buff/Buff.prefab,,,,,,
6337,Vi Thiên Ý,,,,,,,,,,,Tăng sát thương cuối +[00ff00]enhance_final_damage_p1%[-],ShenJi_bd05_buff,UI/Atlas/NewAtlas/Buff/Buff.prefab,,,,,,
6340,Thiên Cơ Biến,,,,,,,,,,,Tốc đánh +[00ff00]attackspeed_v1[-],ShenJi_bd07_buff,UI/Atlas/NewAtlas/Buff/Buff.prefab,,,,,6341,5
6341,Thiên Cơ Biến,523,,,,,,,,,,Tốc đánh +[00ff00]attackspeed_v1[-]\nThời gian thuộc tính +[00ff00]add_seriesstate_time_v1[-],ShenJi_bd07_buff,UI/Atlas/NewAtlas/Buff/Buff.prefab,,,,,6301,1
6364,Bí Kíp: Khôi Lỗi Ưng Phách,,,,,,,,,,,Tấn công cơ bản +[00ff00]physics_potentialdamage_p1%[-],SJ_mj01,UI/Atlas/SkillIcon/SJ_Skill.prefab,,,,,,
6365,Bí Kíp: Khôi Lỗi Ưng Phách,,,,,,,,,,,Triệt tiêu sát thương cuối +[00ff00]reduce_final_damage_p1%[-],SJ_mj01,UI/Atlas/SkillIcon/SJ_Skill.prefab,,,,,,
6372,Bí Kíp: Lăng Phong Tùy Ảnh,,,,,,,,,,,Tỉ lệ kháng thuộc tính [FF3030]giảm resist_allseriesstate_rate_v1[-]\nThời gian kháng thuộc tính [FF3030]resist_allseriesstate_time_v1[-]\nDi chuyển [FF3030]giảm runspeed_v1[-],SJ_mj03,UI/Atlas/SkillIcon/SJ_Skill.prefab,,,,,,
6373,Bí Kíp: Lăng Phong Tùy Ảnh,,,,,,,,,,,Né tránh cơ bản +[00ff00]defense_p1%[-]\nKháng tất cả cơ bản +[00ff00]all_series_resist_p1%[-]\nDi chuyển +[00ff00]runspeed_v1[-],SJ_mj03,UI/Atlas/SkillIcon/SJ_Skill.prefab,,,,,,
6377,Bí Kíp: Hóa Vũ Thừa Phong,,,,,,,,,,,Tỉ lệ kháng bất lợi [FF3030]giảm resist_allspecialstate_rate_v1[-]\nThời gian kháng bất lợi [FF3030]giảm resist_allspecialstate_time_v1[-],SJ_mj04,UI/Atlas/SkillIcon/SJ_Skill.prefab,,,,,,
6378,Bí Kíp: Hóa Vũ Thừa Phong,,,,,,,,,,,Tỉ lệ kháng bất lợi +[00ff00]resist_allspecialstate_rate_v1[-]\nThời gian kháng bất lợi +[00ff00]resist_allspecialstate_time_v1[-],SJ_mj04,UI/Atlas/SkillIcon/SJ_Skill.prefab,,,,,,
6379,Bí Kíp: Hóa Vũ Thừa Phong,,,,,,,,,,,Kháng tất cả cơ bản +[00ff00]all_series_resist_p1%[-]\nTriệt tiêu sát thương cuối +[00ff00]reduce_final_damage_p1%[-],SJ_mj04,UI/Atlas/SkillIcon/SJ_Skill.prefab,,,,,,
6381,Tuyệt Học: Khôi Lỗi Ưng Phách,,,,,,,,,,,Kháng sát thương cận chiến +[00ff00]melee_dmg_p1%[-]\nKháng sát thương tầm xa +[00ff00]remote_dmg_p1%[-],ShenJi_jx01,UI/Atlas/SkillIcon/LostKnowledge.prefab,,,,,,
6411,Huyền Hư Phù Ấn,,,,,,,,,,,Bỏ qua né tránh cơ bản +[00ff00]ignore_defense_vp1%[-]\nTốc độ di chuyển +[00ff00]runspeed_v1[-]{\nThời gian kháng thuộc tính +[00ff00]resist_allseriesstate_time_v1[-]}{\nThời gian kháng  bất lợi +[00ff00]resist_allspecialstate_time_v1[-]},XuanShuiSkill_04_buff,UI/Atlas/NewAtlas/Buff/Buff.prefab,,,,,,
6412,Huyền Hư Phù Ấn,,,,,,,,,,,Né tránh cơ bản [FF3030] giảm defense_p1%[-]\nDi chuyển [FF3030]giảm runspeed_v1[-],XuanShuiSkill_04_buff,UI/Atlas/NewAtlas/Buff/Buff.prefab,,,,,,
6415,Bàn Băng Phi Sương,26415,,,,,,,,,,Sát thương quái +[00ff00]damage4npc_p1%[-]\nĐược Bàn Băng Phi Sương bảo vệ,XuanShuiSkill_05_buff,UI/Atlas/NewAtlas/Buff/Buff.prefab,,,,,,
6422,Như Nguyệt Hàn,,,,,24610,,,,,,Tỉ lệ kháng thuộc tính [FF3030] giảm resist_allseriesstate_rate_v1[-]\nTỉ lệ kháng bất lợi [FF3030] giảm resist_allspecialstate_rate_v1[-],XuanShui_bd02_buff,UI/Atlas/NewAtlas/Buff/Buff.prefab,,,,,,
6423,Như Nguyệt Hàn,,,,,,,,,,,Tỉ lệ thuộc tính +[00ff00]add_seriesstate_rate_v1[-]\nTỉ lệ hiệu quả bất lợi +[00ff00]add_allspecialstate_rate_v1[-],XuanShui_bd02_buff,UI/Atlas/NewAtlas/Buff/Buff.prefab,,,,,,
6426,Lạc Hồng Hộ Hoa,,,,,,,,,,,Tỉ lệ hiệu quả bất lợi +[00ff00]add_allspecialstate_rate_v1[-]\nThời gian hiệu quả bất lợi +[00ff00]add_allspecialstate_time_v1[-],XuanShui_bd04_buff,UI/Atlas/NewAtlas/Buff/Buff.prefab,,,,,,
6427,Lạc Hồng Hộ Hoa,,,,,,,,,,,Tỉ lệ hiệu quả bất lợi +[00ff00]add_allspecialstate_rate_v1[-]\nThời gian hiệu quả bất lợi +[00ff00]add_allspecialstate_time_v1[-],XuanShui_bd04_buff,UI/Atlas/NewAtlas/Buff/Buff.prefab,,,,,,
6437,Lạc Hồng Hộ Hoa,13805,,,,,,,,,,Miễn dịch thuộc tính\nMiễn hiệu quả bất lợi,XuanShui_bd04_buff,UI/Atlas/NewAtlas/Buff/Buff.prefab,,,,,,
6434,Nguyệt Ngấn Sương Vựng,,,,,,,,,,,Hiệu suất hồi phục +[00ff00]lifereplenish_p1%[-]\nNgồi thiền không bị tấn công thường gián đoạn,XuanShui_bd04_buff,UI/Atlas/NewAtlas/Buff/Buff.prefab,,,,,,
6435,Nguyệt Ngấn Sương Vựng,,,,,,,,,,,Tốc đánh [FF3030]giảm attackspeed_v1[-],XuanShui_bd04_buff,UI/Atlas/NewAtlas/Buff/Buff.prefab,,,,,,
6444,Bí Kíp: Phù Âu Sơ Ảnh,,,,,,,,,,,Né tránh cơ bản [FF3030]giảm defense_p1%[-],XS_mj01_buff,UI/Atlas/NewAtlas/Buff/Buff.prefab,,,,,,
6451,Bí Kíp: Huyền Hư Phù Ấn,,,,,,,,,,,Kháng tất cả cơ bản +[00ff00]all_series_resist_p1%[-],XS_mj03_buff,UI/Atlas/NewAtlas/Buff/Buff.prefab,,,,,,
6458,Bí Kíp: Huyền Hư Phù Ấn,,,,,,,,,,,Kháng tất cả cơ bản +[00ff00]all_series_resist_p1%[-]\nBỏ qua bạo kích cơ bản +[00ff00]ignore_deadlystrike_vp1%[-]\nMiễn sát thương bạo kích +[00ff00]weaken_deadlystrike_damage_p1%[-],XS_mj03_buff,UI/Atlas/NewAtlas/Buff/Buff.prefab,,,,,,
6455,Bí Kíp: Bàn Băng Phi Sương,,,,,,,,,,,Triệt tiêu sát thương cuối +[00ff00]reduce_final_damage_p1%[-]\nDi chuyển +[00ff00]runspeed_v1[-],XuanShuiSkill_05_buff,UI/Atlas/NewAtlas/Buff/Buff.prefab,,,,,,
6456,Bí Kíp: Bàn Băng Phi Sương,,,,,,,,,,,Triệt tiêu sát thương cuối +[00ff00]reduce_final_damage_p1%[-]\nDi chuyển +[00ff00]runspeed_v1[-]\nTỉ lệ hiệu quả bất lợi +[00ff00]add_allspecialstate_rate_v1[-],XuanShuiSkill_05_buff,UI/Atlas/NewAtlas/Buff/Buff.prefab,,,,,,
6457,Bí Kíp: Bàn Băng Phi Sương,13805,,,,,,,,,,Miễn dịch thuộc tính\nMiễn hiệu quả bất lợi,XuanShuiSkill_05_buff,UI/Atlas/NewAtlas/Buff/Buff.prefab,,,,,,
6462,Tuyệt Học: Lũ Biến Tinh Sương,,,,,,,,,,,Kháng sát thương tầm gần +[00ff00]melee_dmg_p1%[-]\nKháng sát thương tầm xa +[00ff00]remote_dmg_p1%[-]\nTấn công cơ bản [FF3030]giảm physics_potentialdamage_p1%[-]\nSát thương bạo kích [FF3030]giảm deadlystrike_damage_p1%[-],XuanShui_jx01,UI/Atlas/SkillIcon/LostKnowledge.prefab,,,,,,
6464,Tuyệt Học: Bàn Băng Phi Sương,,,,,,,,,,,Phản đòn miễn thương +[00ff00]return_resist_p1%[-],XuanShui_jx02,UI/Atlas/SkillIcon/LostKnowledge2.prefab,,,,,,
6501,Xác định Tương Phàn,545052,,,,,,,,,,,,,,,,,,
6502,Hoa Hồng,,,,,16502,,,,,,,,,,,,,,
6503,Hiệu ứng Đầu Rồng,545088,,,,,,,,,,,,,,,,,,
6504,Hiệu ứng Mình Rồng,545089,,,,,,,,,,,,,,,,,,
6505,Hiệu ứng Đuôi Rồng,545090,,,,,,,,,,,,,,,,,,
6558,Định Thân theo chu kỳ,59,,,,,,,,,,,,,,,,,,
6583,Định Thân,59,,,,,,,,,,,,,,,,,,
6587,Công Thành,,,,,,,,,,,Sát thương với kiến trúc +[00ff00]special_dmg_p1%[-],Buff_gongchengying,UI/Atlas/NewAtlas/Buff/Buff.prefab,,,,,,
6588,Săn Bắt,,,,,,,,,,,Sát thương quái +[00ff00]special_dmg_p1%[-],Buff_shoulieying,UI/Atlas/NewAtlas/Buff/Buff.prefab,,,,,,
6589,Xung Phong,,,,,,,,,,,Sát thương với người chơi +[00ff00]damage4player_p1%[-],Buff_chongfengying,UI/Atlas/NewAtlas/Buff/Buff.prefab,,,,,,
6590,Binh Tinh Lương Túc,,,,,,,,,,,Sát thương với kiến trúc +[00ff00]special_dmg_p1%[-]\nSát thương với quái +[00ff00]damage4npc_p1%[-]\nTỉ lệ kháng thuộc tính +[00ff00]resist_allseriesstate_rate_v1[-]\nTỉ lệ kháng bất lợi +[00ff00]resist_allspecialstate_rate_v1[-],LuangMoXing_buff,UI/Atlas/NewAtlas/Buff/Buff.prefab,,,,,,
6591,Thành Phòng,,,,,,,,,,,Tăng sát thương cuối +[00ff00]enhance_final_damage_p1%[-]\nTriệt tiêu sát thương cuối +[00ff00]reduce_final_damage_p1%[-],Buff_chongfengying,UI/Atlas/NewAtlas/Buff/Buff.prefab,,,,,,
6624,Yên Vân Mộ,,,,,,,,,,,Triệt tiêu sát thương cuối [FF3030]giảm reduce_final_damage_p1%[-]\nHiệu quả hồi phục vô hiệu,ChongXiao_bd04,UI/Atlas/SkillIcon/CX_Skill.prefab,,,,,,
6625,Yên Vân Mộ,,,,,,,,,,,Triệt tiêu sát thương cuối +[00ff00]reduce_final_damage_p1%[-],ChongXiao_bd04,UI/Atlas/SkillIcon/CX_Skill.prefab,,,,,,
6654,Bí Kíp: Dị Lãnh Pháo Hoa,,,,,,,,,,,Xung Tiêu Pháo Pháp tấn công cơ bản +[00ff00]add_usebasedmg_p12%[-]\nXung Tiêu Pháo Pháp sát thương bạo kích +[00ff00]add_deadlydmg_p12%[-],ChongXiaoSkill_02_buff,UI/Atlas/NewAtlas/Buff/Buff.prefab,,,,,,
6661,Bí Kíp: Bình Địa Lôi,1008,,,,,,,,,,Tốc đánh +[00ff00]attackspeed_v1[-]\nDi chuyển +[00ff00]runspeed_v1[-],ChongXiaoSkill_04_buff,UI/Atlas/NewAtlas/Buff/Buff.prefab,,,,,,
6662,Bí Kíp: Bình Địa Lôi,,,,,,,,,,,Kháng tất cả cơ bản [FF3030]giảm all_series_resist_p1%[-]\nTriệt tiêu sát thương cuối [FF3030]giảm reduce_final_damage_p1%[-],ChongXiaoSkill_04_buff,UI/Atlas/NewAtlas/Buff/Buff.prefab,,,,,,
6666,Bí Kíp: Phá Khước Uyên Ương,,,,,,,,,,,Tấn công cơ bản [FF3030]giảm physics_potentialdamage_p1%[-]\nTăng sát thương cuối [FF3030]giảm enhance_final_damage_p1%[-],ChongXiaoSkill_03_buff,UI/Atlas/NewAtlas/Buff/Buff.prefab,,,,,,
6667,Bí Kíp: Phá Khước Uyên Ương,,,,,,,,,,,Phá Khước Uyên Ương tấn công cơ bản +[00ff00]add_usebasedmg_p12%[-],ChongXiaoSkill_03_buff,UI/Atlas/NewAtlas/Buff/Buff.prefab,,,,,,
6699,Sơn Hà Phá Toái,,,,,,,,,,,"Một luồng sức mạnh vô hình đè nén bạn, bạn sẽ mất một phần công lực",buff_kongju,UI/Atlas/NewAtlas/Buff/Buff.prefab,,,,,,
6707,Hiệu ứng Bé Lửa,6707,,,,,,,,,,,,,,,,,,
6706,Vô Ngã Vô Kiếm,26707,,,,,,,,,,Tấn công 3 lần sẽ biến mất,TianrenSkill_02_buff,UI/Atlas/NewAtlas/Buff/Buff.prefab,,,,,,
6712,Tọa Vọng Vô Ngã,613,,,,,,,,,,Tổng sát thương đỡ: [00ff00]t_magicshield1[-]\nTỉ lệ miễn dịch Bùa Chú +[00ff00]ignore_dmgskill1/100%[-],WudangSkill_04_buff,UI/Atlas/NewAtlas/Buff/Buff.prefab,,,,,,
6722,Chân Võ Thất Tiệt,,,,,,,,,,,Tấn công cơ bản +[00ff00]physics_potentialdamage_p1%[-],Wudang_bd04_buff,UI/Atlas/NewAtlas/Buff/Buff.prefab,,,,,,
6726,Thái Nhất Chân Khí,2849,,,,,,,,,,2 giây đầu giải trừ và miễn thuộc tính\nKháng tất cả cơ bản +[00ff00]all_series_resist_p1%[-]\nTriệt tiêu sát thương cuối +[00ff00]reduce_final_damage_p1%[-],Wudang_bd02_buff,UI/Atlas/NewAtlas/Buff/Buff.prefab,,,,,,
6730,Thất Tinh Quyết,,,,,,,,,,,Hiệu suất hồi sinh lực [FF3030]giảm lifereplenish_p1%[-]\nKháng tất cả cơ bản [FF3030]giảm all_series_resist_p1%[-]\nTriệt tiêu sát thương cuối [FF3030]giảm reduce_final_damage_p1%[-],Wudang_bd08_buff,UI/Atlas/NewAtlas/Buff/Buff.prefab,,,,,,
6734,Bí Kíp: Vô Ngã Vô Kiếm,,,,,,,,,,,Ngự Kiếm Thuật Võ Đang có tấn công cơ bản +[00ff00]add_usebasedmg_p12%[-]\nTốc đánh +[00ff00]attackspeed_v1[-],Changge_bd02_buff,UI/Atlas/NewAtlas/Buff/Buff.prefab,,,,,,
6738,Bí Kíp: Thiên Địa Vô Cực,,,,,,,,,,,Bỏ qua kháng tất cả +[00ff00]ignore_all_resist_vp1%[-]\nHút sinh lực +[00ff00]steallife_p1%[-],Tianshan_bd07_buff,UI/Atlas/NewAtlas/Buff/Buff.prefab,,,,,,
6742,Bí Kíp: Tọa Vọng Vô Ngã,,,,,,,,,,,Tấn công cơ bản +[00ff00]physics_potentialdamage_p1%[-],WudangSkill_04_buff,UI/Atlas/NewAtlas/Buff/Buff.prefab,,,,,,
6752,Tuyệt Học: Tọa Vọng Vô Ngã,,,,,,,,,,,Kháng sát thương cận chiến +[00ff00]melee_dmg_p1%[-]\nKháng sát thương tầm xa +[00ff00]remote_dmg_p1%[-],Wudang_jx02_buff,UI/Atlas/NewAtlas/Buff/Buff.prefab,,,,,,
6754,Tuyệt Học: Chân Võ Thất Tiệt,,,,,,,,,,,Hút sinh lực +[00ff00]steallife_p1%[-]\nHút sinh lực +[00ff00]steallife_v1[-],Wudang_bd04_buff,UI/Atlas/NewAtlas/Buff/Buff.prefab,,,,,,
6809,Dẫn Càn Khôn,,,,,,,,,,,,,,,,,,6808,1
6821,Thất Bộ Vẫn,,,,,34410,,,,,,Tỉ lệ kháng thuộc tính [FF3030] giảm resist_allseriesstate_rate_v1[-]\nTỉ lệ kháng bất lợi [FF3030] giảm resist_allspecialstate_rate_v1[-]\nSát thương bạo kích [FF3030]giảm deadlystrike_damage_p1%[-]\nTỉ lệ bạo kích cơ bản [FF3030]giảm deadlystrike_p1%[-]\nDi chuyển sẽ bị sát thương,LongWei_bd02_buff,UI/Atlas/NewAtlas/Buff/Buff.prefab,,,,,,
6825,Phọc Ma Sách,,,,,,,,,,,,,,,,,,6801,1
6828,Dẫn Long Huyết,2849,,,,,,,,,,Giải trừ và miễn thuộc tính\nThiên Long Bài Vĩ và Long Dược Tử Uyên chính xác địch sẽ hồi sinh lực,LongWei_bd05_buff,UI/Atlas/NewAtlas/Buff/Buff.prefab,,,,,,
6832,Định Thiên Quân,,,,,,,,,,,Tỉ lệ thuộc tính +[00ff00]add_seriesstate_rate_v1[-]\nThời gian thuộc tính +[00ff00]add_seriesstate_time_v1[-]\nXác suất hiệu quả bất lợi +[00ff00]add_allspecialstate_rate_v1[-]\nThời gian hiệu quả bất lợi +[00ff00]add_allspecialstate_time_v1[-]\nTấn công cơ bản +[00ff00]physics_potentialdamage_p1%[-],LongWei_bd07_buff,UI/Atlas/NewAtlas/Buff/Buff.prefab,,,,,,
6841,Bí Kíp: Dẫn Càn Khôn,1008,,,,,,,,,,Di chuyển +[00ff00]runspeed_v1[-]\nKháng tất cả cơ bản +[00ff00]all_series_resist_p1%[-],LongWeiSkill_02_buff,UI/Atlas/NewAtlas/Buff/Buff.prefab,,,,,,
6842,Bí Kíp: Dẫn Càn Khôn,,,,,,,,,,,Kháng tất cả cơ bản [FF3030]giảm all_series_resist_p1%[-]\nTriệt tiêu sát thương cuối [FF3030]giảm reduce_final_damage_p1%[-],LongWeiSkill_02_buff,UI/Atlas/NewAtlas/Buff/Buff.prefab,,,,,,
6843,Bí Kíp: Dẫn Càn Khôn,,,,,,,,,,,Kháng tất cả cơ bản +[00ff00]all_series_resist_p1%[-]\nTriệt tiêu sát thương cuối +[00ff00]reduce_final_damage_p1%[-],LongWeiSkill_02_buff,UI/Atlas/NewAtlas/Buff/Buff.prefab,,,,,,
6844,Bí Kíp: Dẫn Càn Khôn,1008,,,,,,,,,,Di chuyển +[00ff00]runspeed_v1[-]\nKháng tất cả cơ bản +[00ff00]all_series_resist_p1%[-]\nTấn công cơ bản +[00ff00]physics_potentialdamage_p1%[-],LongWeiSkill_02_buff,UI/Atlas/NewAtlas/Buff/Buff.prefab,,,,,,
6849,Bí Kíp: Long Dược Tử Uyên,36812,,,,,,,,,,Kháng tất cả cơ bản +[00ff00]all_series_resist_p1%[-]\nTriệt tiêu sát thương cuối +[00ff00]reduce_final_damage_p1%[-],LongWeiSkill_04_buff,UI/Atlas/NewAtlas/Buff/Buff.prefab,,,,,,
6850,Bí Kíp: Long Dược Tử Uyên,36812,,,,,,,,,,Kháng tất cả cơ bản +[00ff00]all_series_resist_p1%[-]\nTriệt tiêu sát thương cuối +[00ff00]reduce_final_damage_p1%[-]\nMiễn dịch thuộc tính\nMiễn dịch bất lợi,LongWeiSkill_04_buff,UI/Atlas/NewAtlas/Buff/Buff.prefab,,,,,,
6851,Bí Kíp: Long Dược Tử Uyên,2416,,,,,,,,,,,,,,,,,,
6855,Bí Kíp: Liệt Hồng,,,,,,,,,,,[Liệt Hồng] Tấn công cơ bản +[00ff00]add_usebasedmg_p12%[-],LongWeiSkill_05_buff,UI/Atlas/NewAtlas/Buff/Buff.prefab,,,,,,
6860,Tuyệt Học: Long Dược Tử Uyên,,,,,,,,,,,Triệt tiêu sát thương cuối +[00ff00]reduce_final_damage_p1%[-],LongWei_jx02_buff,UI/Atlas/NewAtlas/Buff/Buff.prefab,,,,,,
6925,Phật Tâm Từ Hựu,,,,,,,,,,,Phản đòn cận chiến +[00ff00]meleedamagereturn_p1%[-]\nPhản đòn tầm xa +[00ff00]rangedamagereturn_p1%[-],Emei_bd02_buff,UI/Atlas/NewAtlas/Buff/Buff.prefab,,,,,,
6926,Phật Tâm Từ Hựu,,,,,,,,,,,Phản đòn cận chiến +[00ff00]meleedamagereturn_p1%[-]\nPhản đòn tầm xa +[00ff00]rangedamagereturn_p1%[-],Emei_bd02_buff,UI/Atlas/NewAtlas/Buff/Buff.prefab,,,,,,
6928,Miên Lý Tàng Châm,364,,,,,,,,,,Mỗi [00ff00]recover_life_p2/15[-] giây hồi [00ff00]recover_life_p1%[-] sinh lực,Emei_bd06_buff,UI/Atlas/NewAtlas/Buff/Buff.prefab,,,,,,
6930,Thanh Tâm Phổ Thiện,3306,,,,,,,,,,"Mỗi cách [00ff00]recover_life_p2/15[-] giây, hồi phục [00ff00]recover_life_p1%[-]  sinh lực",Emei_bd08,UI/Atlas/SkillIcon/EM_Skill.prefab,,,,,,
6937,Bí Kíp: Thiên Vũ Bảo Luân,,,,,,,,,,,Né tránh cơ bản [FF3030]giảm defense_p1%[-],XS_mj01_buff,UI/Atlas/NewAtlas/Buff/Buff.prefab,,,,,,
6947,Tuyệt Học: Thiên Vũ Bảo Luân ,,,,,,,,,,,Kháng sát thương cận chiến +[00ff00]melee_dmg_p1%[-]\nKháng sát thương tầm xa +[00ff00]remote_dmg_p1%[-],Emei_jx02_buff,UI/Atlas/NewAtlas/Buff/Buff.prefab,,,,,,
6949,Tuyệt Học: Bạch Lộ Ngưng Sương,,,,,,,,,,,Tấn công cơ bản +[00ff00]physics_potentialdamage_p1%[-],Emei_jx02_buff,UI/Atlas/NewAtlas/Buff/Buff.prefab,,,,,,
7018,Tam Nguyên Quy Nhất,523,,,,,,,,,,Tấn công cơ bản Tiêu Dao Thương Pháp +[00ff00]add_usebasedmg_p12%[-],Xiaoyao_bd07_buff,UI/Atlas/NewAtlas/Buff/Buff.prefab,,,,,,
7023,Bi Tô Thanh Phong,,,,,,,,,,,Triệt tiêu sát thương cuối +[00ff00]reduce_final_damage_p1%[-],Xiaoyao_bd08_buff,UI/Atlas/NewAtlas/Buff/Buff.prefab,,,,,,
7030,Bí Kíp:Thất Thám Xà Bàn,,,,,,,,,,,Tỉ lệ kháng thuộc tính [FF3030] giảm resist_allseriesstate_rate_v1[-]\nTỉ lệ kháng bất lợi [FF3030] giảm resist_allspecialstate_rate_v1[-],Xiaoyao_bd02_buff,UI/Atlas/NewAtlas/Buff/Buff.prefab,,,,,,
7037,Bí Kíp: Phong Quyển Tàn Vân ,,,,,,,,,,,Kháng tất cả cơ bản [FF3030] giảm all_series_resist_p1%[-],Xiaoyao_bd02_buff,UI/Atlas/NewAtlas/Buff/Buff.prefab,,,,,,
7039,Tuyệt Học: Bi Tô Thanh Phong,,,,,,,,,,,Tấn công cơ bản +[00ff00]physics_potentialdamage_p1%[-]\nTỉ lệ bạo kích cơ bản +[00ff00]deadlystrike_p1%[-],Xiaoyao_jx03,UI/Atlas/SkillIcon/LostKnowledge3.prefab,,,,,,
7115,Triều Tịch Hội Mộng,27115,,,,,,,,,,,,,,,,,,
7124,Hóa Vũ Đồng Châu,,,,,,,,,,,Tỉ lệ thuộc tính +[00ff00]add_seriesstate_rate_v1[-]\nThời gian thuộc tính +[00ff00]add_seriesstate_time_v1[-],HuiMeng_bd02_buff,UI/Atlas/NewAtlas/Buff/Buff.prefab,,,,,,
7125,Hóa Vũ Đồng Châu,,,,,,,,,,,Tỉ lệ thuộc tính +[00ff00]add_seriesstate_rate_v1[-]\nThời gian thuộc tính +[00ff00]add_seriesstate_time_v1[-],HuiMeng_bd02_buff,UI/Atlas/NewAtlas/Buff/Buff.prefab,,,,,,
7126,Hóa Vũ Đồng Châu,14432,,,,,,,,,,Di chuyển [FF3030] giảm runspeed_p1[-],HuiMeng_bd02_buff,UI/Atlas/NewAtlas/Buff/Buff.prefab,,,,,,
7129,Ngân Quang Chiếu Tuyết,613,,,,,,,,,,Giảm sát thương: [00ff00]t_magicshield1[-],HuiMeng_bd04_buff,UI/Atlas/NewAtlas/Buff/Buff.prefab,,,,,,
7130,Ngân Quang Chiếu Tuyết,,,,,,,,,,,Triệt tiêu sát thương cuối +[00ff00]reduce_final_damage_p1%[-],HuiMeng_bd04_buff,UI/Atlas/NewAtlas/Buff/Buff.prefab,,,,,,
7132,Linh Mị Hoàn Sinh,,,,,,,,,,,Ẩn Nhập Mộng Cảnh\nGiải trừ và miễn dịch trạng thái thuộc tính\nGiải trừ/miễn dịch trạng thái bất lợi\nTriệt tiêu sát thương cuối +[00ff00]reduce_final_damage_p1%[-]\nDi chuyển +[00ff00]runspeed_v1[-]\nMỗi [00ff00]recover_life_p2/15[-] giây hồi [00ff00]recover_life_p1%[-] sinh lực,HuiMeng_bd05_buff,UI/Atlas/NewAtlas/Buff/Buff.prefab,,,,,,
7136,Trần Sương Nhiễm,,,,,,,,,,,Hiệu suất hồi phục [FF3030]giảm lifereplenish_p1%[-],HuiMeng_bd07_buff,UI/Atlas/NewAtlas/Buff/Buff.prefab,,,,,,
7137,Trần Sương Nhiễm,,,,,,,,,,,Sinh lực hiện tại [FF3030]giảm lifecurmax_p1%[-],HuiMeng_bd07_buff,UI/Atlas/NewAtlas/Buff/Buff.prefab,,,,,,
7138,Mộng Yểm 3 Điểm Huyết,,,,,17138,,,,,,,,,,,,,,
7139,Mộng Yểm 2 Điểm Huyết,,,,,17139,,,,,,,,,,,,,,
7140,Mộng Yểm 1 Điểm Huyết,,,,,17140,,,,,,,,,,,,,,
7148,Bí Kíp: Nguyên Dẫn Sinh Huy,,,,,,,,,,,Tấn công cơ bản +[00ff00]physics_potentialdamage_p1%[-],HuiMengSkill_02_buff,UI/Atlas/NewAtlas/Buff/Buff.prefab,,,,,,
7160,Bí Kíp: Triều Tịch Hội Mộng,,,,,,,,,,,Kháng tất cả cơ bản [FF3030]giảm all_series_resist_p1%[-]\nTriệt tiêu sát thương cuối [FF3030]giảm reduce_final_damage_p1%[-],ChongXiaoSkill_04_buff,UI/Atlas/NewAtlas/Buff/Buff.prefab,,,,,,
7161,Bí Kíp: Triều Tịch Hội Mộng,,,,,,,,,,,Hút sinh lực tăng [00ff00]steallife_p1%[-],ChongXiaoSkill_04_buff,UI/Atlas/NewAtlas/Buff/Buff.prefab,,,,,,
7166,Tuyệt Học: Ngân Quang Chiếu Tuyết,,,,,,,,,,,Kháng sát thương cận chiến +[00ff00]melee_dmg_p1%[-]\nKháng sát thương tầm xa +[00ff00]remote_dmg_p1%[-],WanHua_jx02,UI/Atlas/SkillIcon/LostKnowledge2.prefab,,,,,,
7188,Điểm danh Tử Hình,545305,,,,,,,,,,,,,,,,,,
7189,Tinh Anh tăng Thuẫn,545309,,,,,,,,,,,,,,,,,,
7190,Chiến bậc,,,,,,,,,,,"Thuộc tính tăng kèm Chiến Bậc, có thể xem tại Túi Ngoại Vực",YWSB_buff,UI/Atlas/NewAtlas/Buff/Buff.prefab,,,,,,
10000,EXP đánh quái,,,,,,,,,,,EXP đánh quái: +[00ff00]enhance_exp_p1%[-],BUFF_xiulianzhu,UI/Atlas/NewAtlas/Buff/Buff.prefab,,,,,,
6177,Hoa Sơn Hộ Vệ Lam,545083,,,,,,,,,,,,,,,,,,
6178,Hoa Sơn Hộ Vệ Hồng,545084,,,,,,,,,,,,,,,,,,
6599,Long Châu Loạn Đấu-Hiệu ứng nhặt được,545097,,,,,,,,,,,,,,,,,,
6600,Hiệu ứng Thần Kiếm Kết Tinh,545112,,,,,,,,,,,,,,,,,,
7171,Dự báo Cầu Đỏ gây nổ 15m,545399,,,,,,,,,,,,,,,,,,
7179,Cơ chế BOSS_Quang Thuẫn,545394,,,,,,,,,,,,,,,,,,
7180,Cơ chế BOSS_Ám Thuẫn,545395,,,,,,,,,,,,,,,,,,
7200,Truyền tống Xảo Đoạt Tiên,545171,,,,,,,,,,,,,,,,,,
7201,Kích hoạt Xảo Đoạt Thần Tiên Bồ Tát,545172,,,,,,,,,,,,,,,,,,
7202,Xảo Đoạt Tiên Hộ Tráo,545173,,,,,,,,,,,,,,,,,,
7203,Kích hoạt Xảo Đoạt Thần Tiên Lôi Công,545174,,,,,,,,,,,,,,,,,,
7204,Xảo Đoạt Thần Tiên Lôi Kích,545175,,,,,,,,,,,,,,,,,,
7205,Vàng Xảo Đoạt Thần Tiên Đại Tài Thần,545176,,,,,,,,,,,,,,,,,,
7206,Kích hoạt Xảo Đoạt Thần Tiên Đại Tài Thần,545177,,,,,,,,,,,,,,,,,,
7207,Vàng Xảo Đoạt Thần Tiên Tiểu Tài Thần,545178,,,,,,,,,,,,,,,,,,
7208,Kích hoạt Xảo Đoạt Thần Tiên Tiểu Tài Thần,545179,,,,,,,,,,,,,,,,,,
7212,Dũng Mãnh,,,,,4508,,,,,,"Vận chuyển lương hăng hái, tấn công cơ bản +[00ff00]physics_potentialdamage_p1%[-]",buff_adddamage,UI/Atlas/NewAtlas/Buff/Buff.prefab,,,,,,
7213,Buff Quái Rừng,,,,,4508,,,,,,"Diệt quái rừng, tấn công cơ bản +[00ff00]physics_potentialdamage_p1%[-]",buff_adddamage,UI/Atlas/NewAtlas/Buff/Buff.prefab,,,,,,
7214,Kiếm Ý Xuyên Thấu,,,,,4508,,,,,,"Nhặt Cự Khuyết Kiếm, [00ff00]di chuyển, bạo kích[-] tăng mạnh, tấn công cơ bản +[00ff00]physics_potentialdamage_p1%[-]",buff_huixin,UI/Atlas/NewAtlas/Buff/Buff.prefab,,,,,,
7215,Đường Vận Lương_Vòng phạm vi (Lam),545192,,545193,,,,,,,,,,,,,,,,
7216,Đường Vận Lương_Vòng phạm vi (Xám),545194,,,,,,,,,,,,,,,,,,
7217,Đường Vận Lương_Vòng phạm vi (Đỏ),545193,,,,,,,,,,,,,,,,,,
7218,Đường Vận Lương_Điểm kiểm tra duy trì,545195,,,,,,,,,,,,,,,,,,
7219,Đường Vận Lương_Chiếm điểm kiểm tra,545196,,,,,,,,,,,,,,,,,,
7220,Đường Vận Lương_Đích đến duy trì,545197,,,,,,,,,,,,,,,,,,
7221,Đường Vận Lương_Chiếm Điểm Cuối,545198,,,,,,,,,,,,,,,,,,
7222,Đường Vận Lương_Chiếm lĩnh xe đẩy,545199,,,,,,,,,,,,,,,,,,
7223,Đường Vận Lương_Thiên Hỏa,545200,,,,,,,,,,,,,,,,,,
7224,Sĩ Khí Dâng Cao,,,,,,,,,,,"Đường Vận Lương hậu cần đầy đủ, sĩ khí tăng mạnh, sát thương lên quái, người chơi và kiến trúc +[00ff00]damage4npc_p1%[-]",BUFF_intimacy,UI/Atlas/NewAtlas/Buff/Buff.prefab,,,,,,
7225,Giảm Tốc,,,,,545201,,,,,,,,,,,,,,
7229,Bảo Rương,,,,,17229,,,,,,,,,,,,,,
7249,Bất Động Lưu Huyết,545254,,,,,,,,,,,,,,,,,,
7250,Ngã,545270,,,,,,,,,,,,,,,,,,
7253,Vô Địch,545230,,,,,,,,,,,,,,,,,,
7258,Hồi Sinh Lực,545224,,,,,,,,,,,,,,,,,,
7260,Cảnh Báo Bom,545260,,,,,,,,,,,,,,,,,,
7267,Cảnh Báo Vòng Đỏ 5m,545266,,,,,,,,,,,,,,,,,,
7268,Cảnh Báo Vòng Đỏ 10m,545267,,,,,,,,,,,,,,,,,,
7269,Cảnh Báo Vòng Đỏ 15m,545258,,,,,,,,,,,,,,,,,,
7270,Cảnh Báo Vòng Đỏ 20m,545268,,,,,,,,,,,,,,,,,,
7273,Liên Đấu-Nhiệt Huyết,,,,,,,,,,,"Dựa theo tấn công của người nhặt, tăng tấn công cho toàn bộ thành viên phe ta",buff_adddamage,UI/Atlas/NewAtlas/Buff/Buff.prefab,,,,,,
7274,Liên Đấu-Thiết Cốt,,,,,,,,,,,"Dựa theo sinh lực của người nhặt, tăng sinh lực cho toàn bộ thành viên phe ta",buff_recover,UI/Atlas/NewAtlas/Buff/Buff.prefab,,,,,,
7275,Liên Đấu-Hàn Giáp,,,,,,,,,,,"Dựa theo tỉ lệ kháng bạo kích của người nhặt, tăng tỉ lệ kháng bạo kích cho toàn bộ thành viên phe ta",buff_series,UI/Atlas/NewAtlas/Buff/Buff.prefab,,,,,,
7276,Liên Đấu-Nhuệ Nhẫn,,,,,,,,,,,"Dựa theo tỉ lệ bạo kích của người nhặt, tăng tỉ lệ bạo kích cho toàn bộ thành viên phe ta",buff_huixin,UI/Atlas/NewAtlas/Buff/Buff.prefab,,,,,,
7285,Đình Toái Côn Cương,,,,,,,,,,,Bỏ qua kháng tất cả cơ bản +[00ff00]ignore_all_resist_vp1%[-],TDMQSkill_2,UI/Atlas/SkillIcon/ZhenyuanSkill.prefab,,,,,,
7287,Chân Linh Hộ Thể,,,,,,,,,,,Kháng tất cả cơ bản +[00ff00]all_series_resist_p1%[-],TDMQSkill_3,UI/Atlas/SkillIcon/ZhenyuanSkill.prefab,,,,,,
7289,Câu Vẫn Đoạn Hồn,,,,,,,,,,,Hiệu suất hồi sinh lực [FF3030]giảm lifereplenish_p1%[-],TDMQSkill_1,UI/Atlas/SkillIcon/ZhenyuanSkill.prefab,,,,,,
7290,Nhiệt Huyết Công Thành,,,,,,,,,,,Kháng tất cả cơ bản +[00ff00]all_series_resist_p1%[-]\nTấn công cơ bản +[00ff00]physics_potentialdamage_p1%[-]\nSinh lực cơ bản tối đa +[00ff00]lifemax_p1%[-],buff_adddamage,UI/Atlas/NewAtlas/Buff/Buff.prefab,,,,,,
7291,Hồi Sinh Lực,,,,,,,,,,,Mỗi giây hồi phục Long Châu 0.2% sinh lực,buff_recover,UI/Atlas/NewAtlas/Buff/Buff.prefab,,,,,,
7292,Kỹ năng người chơi_Hồi sinh lực phạm vi,545302,,,,,,,,,,,,,,,,,,
7293,Kỹ năng người chơi_Vô Địch phạm vi,545303,,,,,,,,,,,,,,,,,,
7296,Cơ chế BOSS_Hộ Thuẫn,545306,,,,,,,,,,,,,,,,,,
7300,Tinh Anh Hồi Sinh Lực,1507,,,,,,,,,,,,,,,,,,
7306,Ma Diệm Tại Thiên,706,,,,,,,,,,Tấn công 6 lần sẽ biến mất,TianrenSkill_02_buff,UI/Atlas/NewAtlas/Buff/Buff.prefab,,,,,,
7307,Ma Diệm Tại Thiên,6707,,,,,,,,,,Di chuyển [FF3030] giảm runspeed_p1%[-],TianrenSkill_02_buff,UI/Atlas/NewAtlas/Buff/Buff.prefab,,,,,,
7311,Huyết Nguyệt Ảnh,,,,,,,,,31,,Ẩn thân\nDi chuyển +[00ff00]runspeed_v1[-]\nTốc đánh +[00ff00]attackspeed_v1[-]\nTấn công cơ bản +[00ff00]physics_potentialdamage_p1%[-],TianrenSkill_04_buff,UI/Atlas/NewAtlas/Buff/Buff.prefab,,,,,,
7312,Huyết Nguyệt Ảnh_Phá Ẩn,,,,,,,,,31,,Di chuyển +[00ff00]runspeed_v1[-]\nTốc đánh +[00ff00]attackspeed_v1[-]\nTấn công cơ bản +[00ff00]physics_potentialdamage_p1%[-],TianrenSkill_04_buff,UI/Atlas/NewAtlas/Buff/Buff.prefab,,,,,,
7313,Huyết Nguyệt Ảnh_Phá Ẩn,,,,,,,,,31,,Sát thương liên chiêu Thiên Nhẫn Thích Sát Thuật +[00ff00]50%[-],TianrenSkill_04_buff,UI/Atlas/NewAtlas/Buff/Buff.prefab,,,,,,
7343,Ma Diệm Thất Sát,,,,,,,,,,,Bỏ qua kháng tính cuối +[00ff00]ignore_all_resist2%[-],Tianren_bd02,UI/Atlas/SkillIcon/TR_Skill.prefab,,,,,,
7346,Phá Toái Hư Không,,,,,,,,,,,Né tránh cơ bản +[00ff00]defense_p1%[-]\nTỉ lệ kháng bất lợi +[00ff00]resist_allspecialstate_rate_v1[-] điểm,Tianren_bd06_buff,UI/Atlas/NewAtlas/Buff/Buff.prefab,,,,,,
7364,Bí Kíp: Ma Diệm Tại Thiên,,,,,,,,,,,Tấn công cơ bản +[00ff00]physics_potentialdamage_p1%[-],TianrenSkill_02_buff,UI/Atlas/NewAtlas/Buff/Buff.prefab,,,,,,
7366,Bí Kíp: Huyết Nguyệt Ảnh,,,,,,,,,,,Né tránh cơ bản +[00ff00]defense_p1%[-]\nMiễn dịch bất lợi,TianrenSkill_04_buff,UI/Atlas/NewAtlas/Buff/Buff.prefab,,,,,,
7367,Bí Kíp: Huyết Nguyệt Ảnh,,,,,,,,,,,Né tránh cơ bản +[00ff00]defense_p1%[-]\nMiễn dịch bất lợi,TianrenSkill_04_buff,UI/Atlas/NewAtlas/Buff/Buff.prefab,,,,,,
7369,Bí Kíp: Luyện Ngục Đoạt Phách,,,,,,,,,,,Né tránh cơ bản [FF3030]giảm defense_p1%[-]\nTỉ lệ kháng thuộc tính [FF3030] giảm resist_allseriesstate_rate_v1[-]\nTỉ lệ kháng bất lợi [FF3030] giảm resist_allspecialstate_rate_v1[-],Tianren_bd02_buff,UI/Atlas/NewAtlas/Buff/Buff.prefab,,,,,,
7410,Tâm Kiếm,34410,,,,,,,,,,Tấn công cơ bản +[00ff00]physics_potentialdamage_p1%[-]\nTỉ lệ bạo kích cơ bản +[00ff00]deadlystrike_p1%[-]\nSát thương lên địch tăng +[00ff00]damage4player_p1%[-],CangjianSkill_05_buff,UI/Atlas/NewAtlas/Buff/Buff.prefab,,,,,,
7418,Hạc Quy Cô Sơn,,,,,,,,,,,Tấn công cơ bản +[00ff00]physics_potentialdamage_p1%[-],Cangjian_bd02_buff,UI/Atlas/NewAtlas/Buff/Buff.prefab,,,,,,
7419,Hạc Quy Cô Sơn,,,,,,,,,,,Tấn công cơ bản [FF3030]giảm physics_potentialdamage_p1%[-]\nSát thương Độc công giảm,Cangjian_bd02_buff,UI/Atlas/NewAtlas/Buff/Buff.prefab,,,,,,
7423,Ánh Ba Tỏa Lan,2849,,,,,,,,,,Kháng tất cả cơ bản +[00ff00]all_series_resist_p1%[-]\nTriệt tiêu sát thương cuối +[00ff00]reduce_final_damage_p1%[-]\nMiễn dịch hiệu quả Tàn Phế\nMiễn dịch bất lợi\n,Cangjian_bd04_buff,UI/Atlas/NewAtlas/Buff/Buff.prefab,,,,,,
7439,Bí Kíp-Trung: Đoạn Triều,,,,,,,,,,,Đoạn Triều tăng tấn công cơ bản [00ff00]add_usebasedmg_p12%[-]\nĐoạn Triều có [00ff00]add_fixed_r2%[-] Định Thân [00ff00]add_fixed_t2/15[-] giây,Cj_mj02_buff,UI/Atlas/NewAtlas/Buff/Buff.prefab,,,,,,
7443,Bí Kíp Sơ: Tâm Kiếm,34411,,,,,,,,,,Vô Địch,CangjianSkill_05_buff,UI/Atlas/NewAtlas/Buff/Buff.prefab,,,,,,
7451,Bí Kíp-Sơ: Ngọc Tuyền Ngư Dược,14432,,,,,,,,,,Di chuyển [FF3030] giảm runspeed_v1[-],Cj_mj03_buff,UI/Atlas/NewAtlas/Buff/Buff.prefab,,,,,,
7462,Bí Kíp-Cao: Phong Tháp Vân Cảnh,,,,,,,,,,,Sát thương bạo kích [FF3030] giảm deadlystrike_damage_p1%[-],Cj_mj04_buff,UI/Atlas/NewAtlas/Buff/Buff.prefab,,,,,,
7500,Tàng Kiếm Thức Tỉnh,545221,,,,,,,,,,,,,,,,,,
7501,Thức Tỉnh Thiên Sơn,545265,,,,,,,,,,,,,,,,,,
7502,Côn Lôn Thức Tỉnh,545392,,,,,,,,,,,,,,,,,,
7503,Đường Môn Thức Tỉnh,545421,,,,,,,,,,,,,,,,,,
7504,Thiên Vương Thức Tỉnh,545538,,,,,,,,,,,,,,,,,,
7505,Đào Hoa Thức Tỉnh,545578,,,,,,,,,,,,,,,,,,
7506,Thúy Yên Thức Tỉnh,886,,,,,,,,,,,,,,,,,,
7507,Thức Tỉnh Trường Ca,4552,,,,,,,,,,,,,,,,,,
7600,Nữ Thần Giá Đáo_Vòng Sáng Nhỏ,545222,,,,,,,,,,,,,,,,,,
7601,Nữ Thần Giá Đáo_Vòng Sáng Lớn,545223,,,,,,,,,,,,,,,,,,
7602,Nữ Thần Giá Đáo_Nhặt,545224,,,,,,,,,,,,,,,,,,
7603,Buff Tấn Công Nữ Thần,545229,,,,,,,,,,,,,,,,,,
7604,Buff Hộ Thuẫn Nữ Thần,545230,,,,,,,,,,,,,,,,,,
7605,Buff Miễn Dịch Nữ Thần,545231,,,,,,,,,,,,,,,,,,
7606,Thủy Tinh Nổ,545228,,,,,,,,,,,,,,,,,,
7607,Vòng Sáng Nữ Thần kích hoạt tấn công,545232,,,,,,,,,,,,,,,,,,
7608,Vòng Sáng Nữ Thần kích hoạt bảo vệ,545233,,,,,,,,,,,,,,,,,,
7609,Vòng Sáng Nữ Thần kích hoạt miễn dịch,545234,,,,,,,,,,,,,,,,,,
7610,Ngân Bình Ngọc Toái,,,,,24610,,,,,,Tấn công cơ bản [FF3030] giảm physics_potentialdamage_p1%[-]\nBị tấn công sẽ mất 1 tầng hiệu quả,TianshanSkill_03_buff,UI/Atlas/NewAtlas/Buff/Buff.prefab,,,,,,
7620,Phượng Thê Ngô Đồng,14657,,,,,,,,,,Tấn công cơ bản +[00ff00]physics_potentialdamage_p1%[-],Tianshan_bd03_buff,UI/Atlas/NewAtlas/Buff/Buff.prefab,,,,,,
7624,Thủy Mộ Thiên Hoa,,,,,,,,,,,Bỏ qua tỉ lệ né tránh cuối của địch +[00ff00]ignore_defense_p1%[-]\nMiễn sát thương bạo kích +[00ff00]weaken_deadlystrike_damage_p1%[-],Tianshan_bd04_buff,UI/Atlas/NewAtlas/Buff/Buff.prefab,,,,,,
7625,Thủy Mộ Thiên Hoa,,,,,,,,,,,Miễn sát thương bạo kích +[00ff00]weaken_deadlystrike_damage_p1%[-],Tianshan_bd04_buff,UI/Atlas/NewAtlas/Buff/Buff.prefab,,,,,,
7627,Nghịch Thủy Hàn,14627,,,,,,,,,,"Hút sinh lực +[00ff00]steallife_p1%[-]\nKháng tất cả cơ bản +[00ff00]all_series_resist_p1%[-]\nGiải trừ và miễn dịch thuộc tính, hiệu quả bất lợi",Tianshan_bd07_buff,UI/Atlas/NewAtlas/Buff/Buff.prefab,,,,,,
7632,Không Sơn Ngưng Vân,24611,,,,,,,,,,Tấn công cơ bản +[00ff00]physics_potentialdamage_p1%[-]\nTốc đánh +[00ff00]attackspeed_v1[-]\nBị tấn công sẽ mất 1 tầng hiệu quả,TianshanSkill_04_buff,UI/Atlas/NewAtlas/Buff/Buff.prefab,,,,,,
7650,Bí Kíp-Cao: Phi Yến Lăng Ba,,,,,,,,,,,Tỉ lệ bạo kích cơ bản +[00ff00]deadlystrike_p1%[-],TianshanSkill_02_buff,UI/Atlas/NewAtlas/Buff/Buff.prefab,,,,,,
7652,Bí Kíp-Cao: Ngân Bình Ngọc Toái,,,,,,,,,,,Miễn sát thương bạo kích [FF3030] giảm weaken_deadlystrike_damage_p1%[-],TianshanSkill_03_buff,UI/Atlas/NewAtlas/Buff/Buff.prefab,,,,,,
7655,Bí Kíp-Cao: Không Sơn Ngưng Vân,,,,,,,,,,,Giải trừ và miễn dịch bất lợi,TianshanSkill_04_buff,UI/Atlas/NewAtlas/Buff/Buff.prefab,,,,,,
7656,Bí Kíp-Sơ: Thủy Long Ngâm,14656,,,,,,,,,,[00ff00]ignore_dmgskill1/100%[-] không nhận được một phần hiệu quả tăng ích,TianshanSkill_05_buff,UI/Atlas/NewAtlas/Buff/Buff.prefab,,,,,,
7657,Linh Hồn Xuất Khiếu,545264,,,,,,,,,,,,,,,,,,
7658,Linh Hồn Nhập Khiếu,545263,,,,,,,,,,,,,,,,,,
7660,Hoa Hải Mịch Duyên_Đỏ,,,,,545275,,,,,,,,,,,,,,
7661,Hoa Hải Mịch Duyên_Tím,,,,,545276,,,,,,,,,,,,,,
7662,Hoa Hải Mịch Duyên_Lam,,,,,545277,,,,,,,,,,,,,,
7663,Hoa Hải Mịch Duyên_Lục,,,,,545278,,,,,,,,,,,,,,
7670,Cảnh Báo Vòng Đỏ 5m,545279,,,,,,,,,,,,,,,,,,
7675,Dân chạy nạn nhặt nước,545735,,,,,,,,,,,,,,,,,,
7676,Dân chạy nạn nhặt lương thực,545736,,,,,,,,,,,,,,,,,,
7677,Tử Chiến,,,,,,,,,,,"Quyết chiến đến cùng, thuộc tính tăng mạnh",buff_adddamage,UI/Atlas/NewAtlas/Buff/Buff.prefab,,,,,,
7710,Đài Tinh Hộ Thân,18011,,,,,,,,31,,Di chuyển +[00ff00]runspeed_v1[-]\nTấn công cơ bản +[00ff00]physics_potentialdamage_p1%[-]\nTỉ lệ bạo kích cơ bản +[00ff00]deadlystrike_p1%[-],TianXinSkill_TaiXing_buff,UI/Atlas/NewAtlas/Buff/Buff.prefab,,,,,,
7715,Thái Huyền Tịnh Thiên,18014,,,,,,,,,,Bay lên,TianXinSkill_TaiXuan_buff,UI/Atlas/NewAtlas/Buff/Buff.prefab,,,,,7716,
7722,Kim Quang Chú,18016,,,,,,,,,,Tỉ lệ kháng thuộc tính [FF3030] giảm resist_allseriesstate_rate_v1[-]\nTỉ lệ kháng bất lợi [FF3030] giảm resist_allspecialstate_rate_v1[-]\nDi chuyển -[FF3030]runspeed_v1[-],TianXin_JinGuang_buff,UI/Atlas/NewAtlas/Buff/Buff.prefab,,,,,,
7744,Bí Kíp: Ngũ Hi Tráo Đỉnh,,,,,,,,,,,Né tránh cơ bản [FF3030]giảm defense_p1%[-],TianXinSkill_WQZD_buff,UI/Atlas/NewAtlas/Buff/Buff.prefab,,,,,,
7751,Bí Kíp: Đài Tinh Hộ Thân,,,,,,,,,,,Miễn dịch bất lợi và hiệu quả thuộc tính,TianXinSkill_TaiXing_buff,UI/Atlas/NewAtlas/Buff/Buff.prefab,,,,,,
7755,Bí Kíp: Thái Huyền Tịnh Thiên,,,,,,,,,,,Miễn sát thương bạo kích [FF3030] giảm weaken_deadlystrike_damage_p1%[-],TianXinSkill_TaiXuan_buff,UI/Atlas/NewAtlas/Buff/Buff.prefab,,,,,,
7908,Hỗn Độn Kiếm Trận,24126,,,,,,,,31,,Miễn dịch phần lớn hiệu quả bất lợi và hiệu quả thuộc tính\nGiảm Sát Thương Cuối [00ff00]tăng reduce_final_damage_p1%[-],KunLunSkill_jx03_buff,UI/Atlas/NewAtlas/Buff/Buff.prefab,,,,,,
7919,Hỗn Nguyên Càn Khôn,,,,,,,,,,,Hút sinh lực tăng [00ff00]steallife_p1%[-],Kunlun_bd02_buff,UI/Atlas/NewAtlas/Buff/Buff.prefab,,,,,,
7920,Hỗn Nguyên Càn Khôn,,,,,,,,,,,Hiệu suất hồi sinh lực [FF3030] giảm lifereplenish_p1%[-]\nDi chuyển [FF3030] giảm runspeed_p1%[-],Kunlun_bd02_buff,UI/Atlas/NewAtlas/Buff/Buff.prefab,,,,,,
7921,Ngự Phong Hành,613,,,,,,,,,,Giảm sát thương: [00ff00]t_magicshield1[-],WudangSkill_04_buff,UI/Atlas/NewAtlas/Buff/Buff.prefab,,,,,,
7931,Nhất Khí Tam Thanh,613,,,,,,,,,,Giảm sát thương: [00ff00]t_magicshield1[-],WudangSkill_04_buff,UI/Atlas/NewAtlas/Buff/Buff.prefab,,,,,,
7934,Bí Kíp-Sơ: Tiên Nhân Chỉ Lộ,,,,,,,,,,,Tỉ lệ bạo kích cơ bản +[00ff00]deadlystrike_p1%[-]\nThời gian gây Choáng +[00ff00]state_stun_attacktime1[-],Kl_mj03_buff,UI/Atlas/NewAtlas/Buff/Buff.prefab,,,,,,
7940,Bí Kíp-Trung: Tiên Nhân Chỉ Lộ,,,,,,,,,,,Miễn dịch Trì Hoãn\nMiễn hiệu quả bất lợi,Kl_mj03_buff,UI/Atlas/NewAtlas/Buff/Buff.prefab,,,,,,
7943,Bí Kíp-Trung: Hỗn Độn Kiếm Trận,34129,,,,,,,,,,Hiệu suất hồi sinh lực [FF3030]giảm lifereplenish_p1%[-],Kl_mj01_buff,UI/Atlas/NewAtlas/Buff/Buff.prefab,,,,,,
7950,Bí Kíp-Cao: Hỗn Độn Kiếm Trận,,,,,,,,,,,Kháng sát thương tầm xa +[00ff00]remote_dmg_p1%[-],Kl_mj01_buff,UI/Atlas/NewAtlas/Buff/Buff.prefab,,,,,,
7953,Thiên Thanh Địa Trọc,,,,,,,,,,,Tốc đánh -[00ff00]attackspeed_v1[-] điểm\nTấn công cơ bản-[00ff00]physics_potentialdamage_p1%[-]\nKháng cơ bản +[00ff00]all_series_resist_p1%[-]\nNé tránh cơ bản +[00ff00]defense_p1%[-],Kunlun_bd08_buff,UI/Atlas/NewAtlas/Buff/Buff.prefab,,,,,,
7955,Bí Kíp-Cao: Khiếu Phong Tam Liên Kích,14432,,,,,,,,,,Né tránh cơ bản [FF3030]giảm defense_p1%[-]\nTỉ lệ kháng thuộc tính [FF3030] giảm resist_allseriesstate_rate_v1[-]\nTỉ lệ kháng bất lợi [FF3030] giảm resist_allspecialstate_rate_v1[-],Kunlun_bd08_buff,UI/Atlas/NewAtlas/Buff/Buff.prefab,,,,,,
7956,Bí Kíp-Cao: Kiếm Đãng Bát Hoang,,,,,,,,,,,Giải trừ và miễn dịch thuộc tính,Kl_mj03_buff,UI/Atlas/NewAtlas/Buff/Buff.prefab,,,,,,
7967,Giang Hồ Tiểu Hiệp,,,,,,,,,,,Sát thương thuộc tính +[00ff00]physical_damage_v1[-] điểm\nKháng tất cả cơ bản +[00ff00]all_series_resist_v1[-] điểm\nEXP đánh quái: Tăng [00ff00]enhance_exp_p1%[-]\nEXP đánh quái dùng chung: Tăng [00ff00]enhance_exp_team_p1%[-],QiaQiaYaoShui_buff,UI/Atlas/NewAtlas/Buff/Buff.prefab,,,,,,
7968,Long Mạch Phụ Thể,,,,,545389,,,,,,"Hấp thu Long Mạch Tinh Hồn, thân mang Long Mạch, thuộc tính tăng. \nTấn công cơ bản +[00ff00]physics_potentialdamage_p1%[-]\nKháng tất cả cơ bản +[00ff00]all_series_resist_p1%[-]\n[00ff00]Sát thương tạo ra cho Boss Chân Long Vòng Trong tăng và điểm nhận được tăng[-]",buff_LMZZ02,UI/Atlas/NewAtlas/Buff/Buff.prefab,,,,,,
7969,Thức tỉnh Long Mạch,545390,,,,,,,,,,"Thức tỉnh Long Mạch trong cơ thể, thuộc tính tăng. \nTấn công cơ bản +[00ff00]physics_potentialdamage_p1%[-]\nKháng tất cả cơ bản +[00ff00]all_series_resist_p1%[-]",buff_LMZZ01,UI/Atlas/NewAtlas/Buff/Buff.prefab,,,,,,
7970,Long Chủ Giáng Lâm,,,,,545391,,,,,,Thân mang Long Mạch giáng lâm phàm thế. \nTăng sát thương cuối +[00ff00]enhance_final_damage_p1%[-]\nTốc độ chạy +[00ff00]runspeed_p1%[-]\nKháng tất cả cơ bản -[00ff00]all_series_resist_p1%[-]\n[00ff00]Điểm nhận tăng cao[-]\n[00ff00]Sinh lực giảm liên tục[-],buff_LMZZ03,UI/Atlas/NewAtlas/Buff/Buff.prefab,,,,,,
7971,Long Mạch-Quái Rừng,,,,,,,,,,,Diệt quái rừng.\nTốc Chạy +[00ff00]runspeed_p1%[-]\nTấn công cơ bản +[00ff00]physics_potentialdamage_p1%[-],buff_adddamage,UI/Atlas/NewAtlas/Buff/Buff.prefab,,,,,,
7972,Long Mạch-Chi Viện,,,,,,,,,,,Bang Hội diệt quái rừng nhận buff thuộc tính chi viện. \nTấn công cơ bản +[00ff00]physics_potentialdamage_p1%[-]\nSinh lực cơ bản tối đa +[00ff00]lifemax_p1%[-],buff_adddamage,UI/Atlas/NewAtlas/Buff/Buff.prefab,,,,,,
7974,Bàn Vận Long Mạch,,,,,545393,,,,,,,,,,,,,,
8001,Tranh Bá Phe-Đồng Tâm,,,,,,,,,,,HP tối đa +[00ff00]10%[-]\nTriệt tiêu sát thương cuối +[00ff00]10%[-],buff_series,UI/Atlas/NewAtlas/Buff/Buff.prefab,,,,,,
8002,Tranh Bá Phe-Đồng Tâm,,,,,,,,,,,HP tối đa +[00ff00]10%[-]\nTriệt tiêu sát thương cuối +[00ff00]10%[-],buff_series,UI/Atlas/NewAtlas/Buff/Buff.prefab,,,,,,
8003,Tranh Bá Phe-Sĩ Khí,,,,,,,,,,,Sát thương bạo kích +[00ff00]deadlystrike_damage_p1%[-],buff_huixin,UI/Atlas/NewAtlas/Buff/Buff.prefab,,,,,,
8004,Môn phái may mắn,,,,,,,,,,,Tăng sát thương cuối +[00ff00]enhance_final_damage_p1%[-]\nTriệt tiêu sát thương cuối +[00ff00]reduce_final_damage_p1%[-]\nSát thương bạo kích +[00ff00]deadlystrike_damage_p1%[-]\nMiễn sát thương bạo kích +[00ff00]weaken_deadlystrike_damage_p1%[-],buff_adddamage,UI/Atlas/NewAtlas/Buff/Buff.prefab,,,,,,
8005,Môn phái may mắn,,,,,,,,,,,Tăng sát thương cuối +[00ff00]enhance_final_damage_p1%[-]\nTriệt tiêu sát thương cuối +[00ff00]reduce_final_damage_p1%[-]\nKháng cơ bản tất cả +[00ff00]all_series_resist_p1%[-]\nPhản đòn miễn thương +[00ff00]return_resist_p1%[-],buff_adddamage,UI/Atlas/NewAtlas/Buff/Buff.prefab,,,,,,
8006,Vô Địch-Kim,2416,,,,,,,,,,Vô Địch!,buff_wudi,UI/Atlas/NewAtlas/Buff/Buff.prefab,,,,,,
8007,Vô Địch-Mộc,2416,,,,,,,,,,Vô Địch!,buff_wudi,UI/Atlas/NewAtlas/Buff/Buff.prefab,,,,,,
8008,Vô Địch-Thủy,2416,,,,,,,,,,Vô Địch!,buff_wudi,UI/Atlas/NewAtlas/Buff/Buff.prefab,,,,,,
8009,Vô Địch-Hỏa,2416,,,,,,,,,,Vô Địch!,buff_wudi,UI/Atlas/NewAtlas/Buff/Buff.prefab,,,,,,
8010,Vô Địch-Thổ,2416,,,,,,,,,,Vô Địch!,buff_wudi,UI/Atlas/NewAtlas/Buff/Buff.prefab,,,,,,
8011,Giảm sát thương,,,,,,,,,,,Triệt tiêu sát thương cuối +[00ff00]reduce_final_damage_p1%[-],buff_series,UI/Atlas/NewAtlas/Buff/Buff.prefab,,,,,,
8062,Thức Tỉnh_Lớn,13300,,,,,,120,120,,,,,,,,,,,
8063,Thức Tỉnh_Thường,13301,,,,,,120,120,,,,,,,,,,,
8081,Bất Tử Tộc,,,,,,,120,15,,,,,,,,,,,
8215,Tôi Độc Thuật,,,,,,,,,,,Tấn công cơ bản +[00ff00]physics_potentialdamage_p1%[-]\nSát thương bạo kích +[00ff00]deadlystrike_damage_p1%[-],Tangmen_bd01_buff,UI/Atlas/NewAtlas/Buff/Buff.prefab,,,,,,
8216,Tôi Độc Thuật,,,,,,,,,,,Sát thương bạo kích +[00ff00]deadlystrike_damage_p1%[-],Tangmen_bd01_buff,UI/Atlas/NewAtlas/Buff/Buff.prefab,,,,,,
8220,Tâm Nhãn,,,,,,,,,,,Kháng sát thương cận chiến +[00ff00]melee_dmg_p1%[-]\nKháng sát thương tầm xa +[00ff00]remote_dmg_p1%[-],Tangmen_bd06_buff,UI/Atlas/NewAtlas/Buff/Buff.prefab,,,,,,
8228,Di Hình Hoán Ảnh,,,,,,,,,,,Ẩn Thân\nGiải trừ và miễn dịch hiệu quả thuộc tính\nGiải trừ và miễn dịch hiệu quả bất lợi,Tangmen_bd07_buff,UI/Atlas/NewAtlas/Buff/Buff.prefab,,,,,,
8246,Bí Kíp-Trung: Mê Ảnh Tung,14034,,,,,,,,,,Triệt tiêu sát thương cuối [00ff00]tăng reduce_final_damage_p1%[-]\nMiễn dịch bất lợi\nMiễn dịch thuộc tính,Tm_mj02_buff,UI/Atlas/NewAtlas/Buff/Buff.prefab,,,,,,
8121,Chướng Khí,,,,,,,,,,,"Bị chướng khí của Tà Hồn vấy bẩn giảm sinh lực liên tục, [00ff00]số tầng cộng dồn càng nhiều, sinh lực mất mỗi giây càng nhanh.[-]\nCó thể dùng [00ff00]Cỏ Giải Độc xóa số tầng[-]",buff_YuFengXing,UI/Atlas/NewAtlas/Buff/Buff.prefab,,,,,,
8128,Tăng tốc,,,,,,,,,,,Di chuyển +[00ff00]runspeed_p1%[-],buff_runspeed,UI/Atlas/NewAtlas/Buff/Buff.prefab,,,,,,
8129,Ẩn Thân,,,,,545430,700,,,,,(Dùng kỹ năng lập tức phá Ẩn Thân),hd_changecard_gq,UI/Atlas/Item/Item/Item5.prefab,,,,,,
8133,Định Thân miễn kéo,545435,,,,,,,,,,,,,,,,,,
8154,buff_Đỏ,545457,,,,,,,,,,,,,,,,,,
8155,buff_Đen,545458,,,,,,,,,,,,,,,,,,
8180,Tỵ Chướng,613,,,,,,,,,,Khi xuyên qua Màn Chắn Chướng Khí không trừ điểm Tỵ Chướng Chân Khí,Buff_JiuYan01,UI/Atlas/NewAtlas/Buff/Buff.prefab,,,,,,
8281,Bí Dược Tấn Công,,,,,,,,,,,Trong trận này tăng nhiều tấn công,buff_adddamage,UI/Atlas/NewAtlas/Buff/Buff.prefab,,,,,,
8282,Thuốc Tốc Độ,,,,,,,,,,,Trong trận này tăng nhiều di chuyển,buff_runspeed,UI/Atlas/NewAtlas/Buff/Buff.prefab,,,,,,
8311,Nghịch Chuyển Càn Khôn,18030,,,,,,120,15,,,Sát thương phải chịu chuyển hóa thành hồi phục sinh lực,ZhanLieSkill_05_Buff,UI/Atlas/NewAtlas/Buff/Buff.prefab,,,,,,
8347,Cuồng Long Quy Uyên,18028,,,,,,,,,,Hộ Thuẫn Sinh Lực,ZhanLieSkill_04_Buff,UI/Atlas/NewAtlas/Buff/Buff.prefab,,,,,,
8314,Dũng Võ Ý,,,,,,,,,,,Tốc đánh +[00ff00]attackspeed_v1[-]\nSinh lực cơ bản tối đa +[00ff00]lifemax_p1%[-]\nTấn công cơ bản +[00ff00]physics_potentialdamage_p1%,ZhanLie_bd02_Buff,UI/Atlas/NewAtlas/Buff/Buff.prefab,,,,,,
8355,Bí Kíp-Cao: Lưu Tinh Hãn Nguyệt,,,,,,,,,,,Kháng tất cả cơ bản giảm [FF3030]all_series_resist_p1%[-]\nKhấu trừ Sát Thương Cuối giảm [FF3030]reduce_final_damage_p1[-]%,ZhanLie_mj01_Buff,UI/Atlas/NewAtlas/Buff/Buff.prefab,,,,,,
8360,Bí Kíp-Sơ: Lưu Tinh Hãn Nguyệt,,,,,,,,,,,Miễn dịch thuộc tính\nMiễn hiệu quả bất lợi,ZhanLie_mj01_Buff,UI/Atlas/NewAtlas/Buff/Buff.prefab,,,,,,
8408,Bá Vương Nộ Hống,9081,,,,,,,,,,Kháng tất cả cơ bản +[00ff00]all_series_resist_p1%[-],TianwangSkill_jx05_Buff,UI/Atlas/NewAtlas/Buff/Buff.prefab,,,,,,
8412,Huyết Chiến Bát Phương,,,,,,,,,,,Di chuyển +[00ff00]runspeed_v1[-],Tianwang_jx02_buff,UI/Atlas/NewAtlas/Buff/Buff.prefab,,,,,,
8413,Kim Chung Tráo,9076,,,,,,,,,,Kháng tất cả cơ bản +[00ff00]all_series_resist_p1%[-]\nKháng tất cả +[00ff00]all_series_resist_v1[-]\nTỉ lệ kháng thuộc tính +[00ff00]resist_allseriesstate_rate_v1[-]\nTỉ lệ kháng bất lợi +[00ff00]resist_allspecialstate_rate_v1[-],TianwangSkill_03_buff,UI/Atlas/NewAtlas/Buff/Buff.prefab,,,,,,
8417,Bí Kíp-Sơ: Nhất Kích Sát Thần,,,,,,,,,,,Tỉ lệ bạo kích cơ bản +[00ff00]deadlystrike_p1%[-],Tianwang_bd02_buff,UI/Atlas/NewAtlas/Buff/Buff.prefab,,,,,,
8421,Bí Kíp-Sơ: Bá Vương Nộ Hống,,,,,,,,,,,Kháng sát thương cận chiến +[00ff00]melee_dmg_p1%[-]\nKháng sát thương tầm xa +[00ff00]remote_dmg_p1%[-],Tianwang_bd04_buff,UI/Atlas/NewAtlas/Buff/Buff.prefab,,,,,,
8419,Phá Phủ Trầm Châu,2416,,,,,,,,,,Vô Địch,Tianwang_bd03_buff,UI/Atlas/NewAtlas/Buff/Buff.prefab,,,,,,
8425,Nhất Kỵ Đương Thiên,,,,,,,,,,,Kháng tất cả cơ bản +[00ff00]all_series_resist_p1%[-],Tianwang_bd07_buff,UI/Atlas/NewAtlas/Buff/Buff.prefab,,,,,,
8441,Kinh Lôi Phá Thiên,,,,,,,,,,,Tấn công cơ bản +[00ff00]physics_potentialdamage_p1%[-],Tianwang_bd08_buff,UI/Atlas/NewAtlas/Buff/Buff.prefab,,,,,,
8452,Bí Kíp Cao: Huyết Chiến Bát Phương,,,,,,,,,,,Kháng sát thương tầm xa +[00ff00]remote_dmg_p1%[-]\nDi chuyển +[00ff00]runspeed_v1[-],Tianwang_jx02_buff,UI/Atlas/NewAtlas/Buff/Buff.prefab,,,,,,
8450,Bí Kíp-Cao: Kim Chung Tráo,,,,,,,,,,,Kháng tất cả cơ bản +[00ff00]all_series_resist_p1%[-]\nHiệu suất hồi phục +[00ff00]lifereplenish_p1%[-],TianwangSkill_03_buff,UI/Atlas/NewAtlas/Buff/Buff.prefab,,,,,,
8458,Bí Kíp-Cao: Bá Vương Nộ Hống,,,,,,,,,,,Triệt tiêu sát thương cuối +[00ff00]reduce_final_damage_p1%[-],TianwangSkill_jx05_Buff,UI/Atlas/NewAtlas/Buff/Buff.prefab,,,,,,
8183,Cấp Hành Quân,,,,,4510,,,,,,Di chuyển tăng,Xiaoyao_bd02_buff,UI/Atlas/NewAtlas/Buff/Buff.prefab,,,,,,
8186,Giáng Linh,2416,,,,,,,,,,Miễn dịch kỹ năng xung phong của những người chơi khác,Tianwang_bd03_buff,UI/Atlas/NewAtlas/Buff/Buff.prefab,,,,,,
8190,Thánh Cảnh-Quái rừng,,,,,,,,,,,"Diệt Quái Rừng Thánh Cảnh, tăng tấn công.",buff_adddamage,UI/Atlas/NewAtlas/Buff/Buff.prefab,,,,,,
8191,Thánh Cảnh-Quái rừng,,,,,,,,,,,"Diệt Quái Rừng Thánh Cảnh, tăng tấn công.",buff_adddamage,UI/Atlas/NewAtlas/Buff/Buff.prefab,,,,,,
8192,Linh Thạch Kích Hoạt,,,,,,,,,,,"Kích hoạt Linh khí, tăng tấn công.",buff_LMZZ01,UI/Atlas/NewAtlas/Buff/Buff.prefab,,,,,,
8193,Trận Pháp Kích Hoạt,,,,,,,,,,,"Chiếm lĩnh trận pháp, tăng tấn công.",buff_LMZZ02,UI/Atlas/NewAtlas/Buff/Buff.prefab,,,,,,
8194,Linh Đài Chúc Đảo ,,,,,,,,,,,"Chiếm lĩnh linh đài, tăng tấn công.",buff_wudi,UI/Atlas/NewAtlas/Buff/Buff.prefab,,,,,,
8195,Vạn Thú Vương Chúc Đảo ,,,,,,,,,,,"Đánh bại Thú Vương, tăng mạnh thuộc tính bản thân.",buff_wudi,UI/Atlas/NewAtlas/Buff/Buff.prefab,,,,,,
8297,Lam,545535,,,,,,,,,,,,,,,,,,
8298,Đỏ,545536,,,,,,,,,,,,,,,,,,
8373,Vân Hư Trùng Phùng,18034,,,,,,,,,,EXP đánh quái +[00ff00]enhance_exp_p1%[-]\nSát thương thuộc tính +[00ff00]physical_damage_v1[-]\nKháng tất cả +[00ff00]all_series_resist_v1[-]\nSinh lực +[00ff00]lifemax_v1[-],chongjujianghu,UI/Atlas/Item/Item/Item6.prefab,,,,,,
8374,Vân Hư Trùng Phùng,18035,,,,,,,,,,EXP đánh quái +[00ff00]enhance_exp_p1%[-]\nSát thương thuộc tính +[00ff00]physical_damage_v1[-]\nKháng tất cả +[00ff00]all_series_resist_v1[-]\nSinh lực +[00ff00]lifemax_v1[-],chongjujianghu,UI/Atlas/Item/Item/Item6.prefab,,,,,,
8375,Vân Hư Trùng Phùng,18036,,,,,,,,,,EXP đánh quái +[00ff00]enhance_exp_p1%[-]\nSát thương thuộc tính +[00ff00]physical_damage_v1[-]\nKháng tất cả +[00ff00]all_series_resist_v1[-]\nSinh lực +[00ff00]lifemax_v1[-],chongjujianghu,UI/Atlas/Item/Item/Item6.prefab,,,,,,
8196,Tức Tử (Tầng 1),,,,,,,,,,,"Tức Tử đạt đến tầng 1, nếu tích lũy đủ 4 tầng, nhân vật sẽ rơi vào trạng thái không thể chiến đấu.",buff_YuFengXing,UI/Atlas/NewAtlas/Buff/Buff.prefab,,,,,,
8197,Tức Tử (Tầng 2),,,,,,,,,,,"Tức Tử đạt đến tầng 2, nếu tích lũy đủ 4 tầng, nhân vật sẽ rơi vào trạng thái không thể chiến đấu.",buff_YuFengXing,UI/Atlas/NewAtlas/Buff/Buff.prefab,,,,,,
8198,Tức Tử (Tầng 3),,,,,,,,,,,"Tức Tử đạt đến tầng 3, nếu tích lũy đủ 4 tầng, nhân vật sẽ rơi vào trạng thái không thể chiến đấu.",buff_YuFengXing,UI/Atlas/NewAtlas/Buff/Buff.prefab,,,,,,
8380,Cảnh Báo Vòng Đỏ 10m 2 giây,545537,,,,,,,,,,,,,,,,,,
8300,Chỉnh Đốn,,,,,4507,,,,,,,,,,,,,,
8513,Hiệu Ứng Hành Đăng 1,,,,,545567,,,,,,,,,,,,,,
8514,Hiệu Ứng Hành Đăng 2,,,,,545568,,,,,,,,,,,,,,
8515,Hiệu Ứng Hành Đăng 3,,,,,545569,,,,,,,,,,,,,,
8516,Hiệu Ứng Hành Đăng 4,,,,,545570,,,,,,,,,,,,,,
8517,Hiệu Ứng Hành Đăng 5,,,,,545571,,,,,,,,,,,,,,
8518,Hiệu Ứng Hành Đăng 6,,,,,545572,,,,,,,,,,,,,,
8519,Hiệu Ứng Hành Đăng 7,,,,,545573,,,,,,,,,,,,,,
8520,Hiệu Ứng Hành Đăng 8,,,,,545574,,,,,,,,,,,,,,
8521,Hiệu Ứng Hành Đăng 9,,,,,545575,,,,,,,,,,,,,,
8564,Cõi Mộng Chiến Ý,,,,,4508,,,,,,Triệt tiêu sát thương cuối +[00ff00]reduce_final_damage_p1%[-]\nTăng sát thương cuối +[00ff00]enhance_final_damage_p1%[-],buff_adddamage,UI/Atlas/NewAtlas/Buff/Buff.prefab,,,,,,
8565,Chiến Hồn,,,,,4507,,,,,,Mỗi [00ff00]recover_life_p2/15[-] giây hồi [00ff00]recover_life_p1%[-] sinh lực,buff_recover,UI/Atlas/NewAtlas/Buff/Buff.prefab,,,,,,
8566,Vòng Cường Kích,,,,,,,,,,,Sát thương quái +[00ff00]damage4npc_p1%[-],buff_adddamage,UI/Atlas/NewAtlas/Buff/Buff.prefab,,,,,,
8567,Vòng Cường Kích,,,,,,,,,,,Sát thương quái +[00ff00]damage4npc_p1%[-],buff_adddamage,UI/Atlas/NewAtlas/Buff/Buff.prefab,,,,,,
8568,Sa Bạo Tống Táng,,,,,,,,,,,Mỗi giây tiêu hao khí huyết [00ff00]dotdamage_maxlife_p1%[-]\n Hiệu quả hồi phục vô hiệu,buff_kongju,UI/Atlas/NewAtlas/Buff/Buff.prefab,,,,,,
8606,Hỏa Phượng Liêu Nguyên,406,,,,,,,,,,Bỏ qua kháng tính cuối +[00ff00]ignore_all_resist2%[-]\nBỏ qua kháng tính cơ bản +[00ff00]ignore_all_resist_vp1%[-]\nTốc Đánh +[00ff00]attackspeed_v1[-]\nDi chuyển +[00ff00]runspeed_v1[-]\nNé tránh cơ bản +[00ff00]defense_p1%[-],TaohuaSkill_02_buff,UI/Atlas/NewAtlas/Buff/Buff.prefab,,,,,,
8614,Bí Kíp-Sơ: Hỏa Phượng Liêu Nguyên,,,,,,,,,,,Miễn hiệu quả bất lợi\nMiễn hiệu quả Bị Thương,TaohuaSkill_02_buff,UI/Atlas/NewAtlas/Buff/Buff.prefab,,,,,,
8624,Bí Kíp-Sơ: Liệt Hỏa Phong Toại,,,,,,,,,,,Tấn công cơ bản +[00ff00]physics_potentialdamage_p1%[-],TaohuaSkill_jx05_buff,UI/Atlas/NewAtlas/Buff/Buff.prefab,,,,,,
8626,Dục Hỏa Trùng Sinh,,,,,,,,,,,Mỗi [00ff00]recover_life_p2/15[-] giây hồi [00ff00]recover_life_p1%[-] sinh lực,Taohua_bd07_buff,UI/Atlas/NewAtlas/Buff/Buff.prefab,,,,,,
8659,Bí Kíp-Cao: Hỏa Phượng Liêu Nguyên,,,,,,,,,,,Né tránh cơ bản +[00ff00]defense_p1%[-],TaohuaSkill_02_buff,UI/Atlas/NewAtlas/Buff/Buff.prefab,,,,,,
8666,Khinh Vân Tế Nguyệt,,,,,,,,,,,Tốc đánh +[00ff00]attackspeed_v1[-]\nĐào Hoa Tiễn Thuật tấn công cơ bản +[00ff00]add_usebasedmg_p12%[-]\nĐào Hoa Tiễn Thuật bỏ qua Vô Địch,Taohua_bd02_buff,UI/Atlas/NewAtlas/Buff/Buff.prefab,,,,,,
8524,Nhặt Đào Hoa,,,,,545576,,,,,,,,,,,,,,
8525,Nhặt Nước Gạo,,,,,545577,,,,,,,,,,,,,,
8394,Diều Giấy Lướt Gió,,,,,4510,,,,,,Di chuyển tăng,buff_runspeed,UI/Atlas/NewAtlas/Buff/Buff.prefab,,,,,,
8395,Hàn Thực Che Chở,2416,,,,,,,,,,Vô Địch một khoảng thời gian,Tianwang_bd03_buff,UI/Atlas/NewAtlas/Buff/Buff.prefab,,,,,,
8396,Vọng Khí Tầm Tung,,,,,,,,,,,Giải Trừ Khói Mù Thanh Minh,Tianwang_bd03_buff,UI/Atlas/NewAtlas/Buff/Buff.prefab,,,,,,
8529,Chụp Bảo Vệ,545230,,,,,,,,,,"Trong thời gian Chụp Bảo Vệ hiệu lực, có thể chống đỡ 1 lần phạt rơi bùa",buff_bukui,UI/Atlas/NewAtlas/Buff/Buff.prefab,,,,,,
8539,Giảm Tốc_Được cộng dồn,545590,,,,,,,,,,,,,,,,,,
8135,Ly Hỏa,545457,,,,,,,,,,,,,,,,,,
8556,Giảm Tốc,14432,,,,,,,,,,,,,,,,,,
8558,Giảm sát thương 40%,9076,,,,4509,,,,,,,,,,,,,,
8708,Trường Hà Đoạn Nguyệt ,18045,,,,,,,,,,Đao Ý ,GuhongSkill_02_buff,UI/Atlas/NewAtlas/Buff/Buff.prefab,,,,,,
8709,Tiến cấp Trường Hà Đoạn Nguyệt,18046,,,,,,,,,,Tiến Cấp Trường Hà Đoạn Nguyệt,GuhongSkill_02_buff,UI/Atlas/NewAtlas/Buff/Buff.prefab,,,,,8706,
8711,Hắc Phong Quyển Kỳ ,18048,,,,,,,,,,Kháng Sát Thương của mỗi tầng: [00ff00]t_magicshield1[-],GuhongSkill_03_buff,UI/Atlas/NewAtlas/Buff/Buff.prefab,,,,,,
8717,Dương Quan Tam Điệp,18050,,,,,,,,,,Ấn Ký Dương Quan Tam Điệp,Guhong_bd01_buff,UI/Atlas/NewAtlas/Buff/Buff.prefab,,,,,,
8737,Bí Kíp-Trung: Cô Hồng Lược Ảnh,,,,,,,,,,,Né tránh cơ bản +[00ff00]defense_p1%[-],Guhong_bd01_buff,UI/Atlas/NewAtlas/Buff/Buff.prefab,,,,,,
8738,Bí Kíp-Cao: Cô Hồng Lược Ảnh,,,,,,,,,,,Sát thương bạo kích +[00ff00]deadlystrike_damage_p1%[-]\nMiễn dịch bất lợi\nMiễn dịch thuộc tính,GuhongSkill_02_buff,UI/Atlas/NewAtlas/Buff/Buff.prefab,,,,,,
8739,Tây Xuất Ngọc Môn ,,,,,,,,,,,Kháng tất cả cơ bản [FF3030] giảm all_series_resist_p1%[-],Guhong_bd01_buff,UI/Atlas/NewAtlas/Buff/Buff.prefab,,,,,,
8744,Quy Hồng Ý ,,,,,,,,,,,Kháng tất cả cơ bản +[00ff00]all_series_resist_p1%[-]\nTấn công cơ bản +[00ff00]physics_potentialdamage_p1%[-],Guhong_bd01_buff,UI/Atlas/NewAtlas/Buff/Buff.prefab,,,,,,
8746,Quan Sơn Độ ,18048,,,,,,,,,,Giảm sát thương: [00ff00]t_magicshield1[-],GuhongSkill_03_buff,UI/Atlas/NewAtlas/Buff/Buff.prefab,,,,,,
8749,Cô Thành Bế,,,,,,,,,,,Tăng sát thương cuối +[00ff00]enhance_final_damage_p1%[-]\nTriệt tiêu sát thương cuối +[00ff00]reduce_final_damage_p1%[-],Guhong_bd01_buff,UI/Atlas/NewAtlas/Buff/Buff.prefab,,,,,,
8759,Tây Xuất Ngọc Môn ,,,,,,,,,,,Tỉ lệ bạo kích cơ bản +[00ff00]deadlystrike_p1%[-]\nSát thương bạo kích +[00ff00]deadlystrike_damage_p1%[-]\nMiễn dịch bất lợi\nMiễn dịch thuộc tính,Guhong_bd01_buff,UI/Atlas/NewAtlas/Buff/Buff.prefab,,,,,,
8801,Huyền Khung Ngự Cửu Uyên ,18055,,,,,,,,,,Giảm sát thương: [00ff00]t_magicshield1[-],CanJuan_Skill01,UI/Atlas/SkillIcon/DuomaomaoSkill.prefab,,,,,,
8803,Thanh Loan Niết Hàn Ca,18056,,,,,,,,,,Mỗi [00ff00]recover_life_p2/15[-] giây hồi [00ff00]recover_life_p1%[-] sinh lực,CanJuan_Skill02,UI/Atlas/SkillIcon/DuomaomaoSkill.prefab,,,,,,
8804,Thanh Loan Niết Hàn Ca,,,,,,,,,,,Sinh lực hiện tại +[00ff00]lifecurmax_p1%[-],CanJuan_Skill02,UI/Atlas/SkillIcon/DuomaomaoSkill.prefab,,,,,,
8808,Thiên La Sách Mệnh Kiếp,18059,,,,,,,,,,Bỏ qua tỉ lệ né tránh cuối của kẻ địch +[00ff00]ignore_defense_p1%[-],CanJuan_Skill04,UI/Atlas/SkillIcon/DuomaomaoSkill.prefab,,,,,,
8809,Nghiệp Hỏa Phần Tâm Ngục,18060,,,,,,,,,,Tăng sát thương cuối +[00ff00]enhance_final_damage_p1%[-],CanJuan_Skill05,UI/Atlas/SkillIcon/DuomaomaoSkill.prefab,,,,,,
8810,Cửu U Phệ Hồn Chú,18062,,,,,,,,,,Tăng sát thương cuối [FF3030]giảm enhance_final_damage_p1%[-],CanJuan_Skill06,UI/Atlas/SkillIcon/DuomaomaoSkill.prefab,,,,,,
9013,Vũ Đả Lê Hoa,882,,,,,,,,,,,,,,,,,,
9015,Triệu Hồi Bảo Bảo,,,,,,,,,,,Bảo Bảo,CuiyanSkill_04_buff,UI/Atlas/NewAtlas/Buff/Buff.prefab,,,,,,
9029,Tuyền Cơ La Vũ,,,,,,,,,,,Miễn dịch thuộc tính\nMiễn dịch bất lợi\nTriệt tiêu sát thương cuối +[00ff00]reduce_final_damage_p1%[-],Cuiyan_jx02_buff,UI/Atlas/NewAtlas/Buff/Buff.prefab,,,,,,
9030,Tuyền Cơ La Vũ,,,,,887,,,,,,Tăng sát thương cuối +[00ff00]enhance_final_damage_p1%[-]\nDi chuyển +[00ff00]runspeed_v1[-],Cuiyan_jx02_buff,UI/Atlas/NewAtlas/Buff/Buff.prefab,,,,,,
9033,Tuyết Ảnh,,,,,,,,,,,Di chuyển +[00ff00]runspeed_v1[-]\nBỏ qua né tránh cơ bản +[00ff00]ignore_defense_vp1%[-],Cuiyan_bd02_buff,UI/Atlas/NewAtlas/Buff/Buff.prefab,,,,,,
9034,Tuyết Ảnh,,,,,,,,,,,Di chuyển +[00ff00]runspeed_v1[-]\nBỏ qua né tránh cơ bản +[00ff00]ignore_defense_vp1%[-],Cuiyan_bd02_buff,UI/Atlas/NewAtlas/Buff/Buff.prefab,,,,,,
9050,Bí Kíp: Vũ Đả Lê Hoa,973,,,,,,,,,,Tấn công cơ bản +[00ff00]physics_potentialdamage_p1%[-]\nTỉ lệ bỏ qua né tránh cuối của kẻ địch +[00ff00]ignore_defense_p1%[-],Emei_bd06_buff,UI/Atlas/NewAtlas/Buff/Buff.prefab,,,,,,
9056,Bí Kíp: Triệu Hồi Bảo Bảo,2849,,,,,,,,,,Tăng sát thương cuối [FF3030]giảm enhance_final_damage_p1%[-],CuiyanSkill_04_buff,UI/Atlas/NewAtlas/Buff/Buff.prefab,,,,,,
9057,Bí Kíp: Triệu Hồi Bảo Bảo,973,,,,,,,,,,Tấn công cơ bản +[00ff00]physics_potentialdamage_p1%[-],DuanShi_bd07_buff,UI/Atlas/NewAtlas/Buff/Buff.prefab,,,,,,
9061,Bí Kíp Tuyền Cơ La Vũ,,,,,,,,,,,Triệt tiêu sát thương cuối +[00ff00]reduce_final_damage_p1%[-],Cuiyan_bd05_buff,UI/Atlas/NewAtlas/Buff/Buff.prefab,,,,,,
9062,Bí Kíp Tuyền Cơ La Vũ,,,,,,,,,,,[FF3030]Ẩn thân đã bị lộ[-],Cuiyan_bd05_buff,UI/Atlas/NewAtlas/Buff/Buff.prefab,,,,,,
9065,Bí Kíp Tuyền Cơ La Vũ,,,,,,,,,,,Tăng sát thương cuối +[00ff00]enhance_final_damage_p1%[-]\nDi chuyển +[00ff00]runspeed_v1[-],Cuiyan_jx02_buff,UI/Atlas/NewAtlas/Buff/Buff.prefab,,,,,,
9100,Kháng Thủy,,,,,,,,,,,Kháng Thủy +[00ff00]water_resist_v1%[-],Tianwang_bd04_buff,UI/Atlas/NewAtlas/Buff/Buff.prefab,,,,,,
9101,Sát thương Mộc,,,,,,,,,,,Sát thương Mộc +[00ff00]physical_wooddamage_v1%[-],CanJuan_Skill02,UI/Atlas/SkillIcon/DuomaomaoSkill.prefab,,,,,,
9102,Kháng Hỏa,,,,,,,,,,,Kháng Hỏa +[00ff00]fire_resist_v1%[-],ZhanLieSkill_05_Buff,UI/Atlas/NewAtlas/Buff/Buff.prefab,,,,,,
9103,Sát thương Thổ,,,,,,,,,,,Sát thương Thổ +[00ff00]physical_earthdamage_v1%[-],ZhanLieSkill_04_Buff,UI/Atlas/NewAtlas/Buff/Buff.prefab,,,,,,
9104,Kháng Mộc,,,,,,,,,,,Kháng Mộc +[00ff00]wood_resist_v1%[-],ZhanLie_bd02_Buff,UI/Atlas/NewAtlas/Buff/Buff.prefab,,,,,,
9105,Sát thương Hỏa,,,,,,,,,,,Sát thương Hỏa +[00ff00]physical_firedamage_v1%[-],ZhanLie_mj01_Buff,UI/Atlas/NewAtlas/Buff/Buff.prefab,,,,,,
9106,Kháng Thổ,,,,,,,,,,,Kháng Thổ +[00ff00]water_resist_v1%[-],ZhanLie_mj01_Buff,UI/Atlas/NewAtlas/Buff/Buff.prefab,,,,,,
9107,Sát thương Kim,,,,,,,,,,,Sát thương Kim +[00ff00]physical_metaldamage_v1%[-],TianwangSkill_jx05_Buff,UI/Atlas/NewAtlas/Buff/Buff.prefab,,,,,,
9108,Kháng Kim,,,,,,,,,,,Kháng Kim +[00ff00]metal_resist_v1%[-],Tianwang_jx02_buff,UI/Atlas/NewAtlas/Buff/Buff.prefab,,,,,,
9109,Sát thương Thủy,,,,,,,,,,,Sát thương Thủy +[00ff00]physical_waterdamage_v1%[-],TianwangSkill_03_buff,UI/Atlas/NewAtlas/Buff/Buff.prefab,,,,,,
9110,Dị Thương,545230,,,,,,,,,,Sát thương Kim gây cho mục tiêu +[00ff00]physical_metaldamage_v1%[-]\nCó xác suất khiến mục tiêu bị Dị Thương-Chậm,CanJuan_Skill02,UI/Atlas/SkillIcon/DuomaomaoSkill.prefab,,,,,,
9111,Trì Hoãn,545590,,,,,,,,,,Sát thương Thủy gây cho mục tiêu +[00ff00]physical_waterdamage_v1%[-]\nCó xác suất khiến mục tiêu bị Hoãn Thương-Chậm,chongjujianghu,UI/Atlas/Item/Item/Item6.prefab,,,,,,
9112,Tàn Phế,545457,,,,,,,,,,Sát thương Mộc gây cho mục tiêu +[00ff00]physical_wooddamage_v1%[-]\nCó xác suất khiến mục tiêu bị Tàn Phế-Chậm,Guhong_bd01_buff,UI/Atlas/NewAtlas/Buff/Buff.prefab,,,,,,
9113,Tê Liệt,14432,,,,,,,,,,Sát thương Hỏa gây cho mục tiêu +[00ff00]physical_earthdamage_v1%[-]\nCó xác suất khiến mục tiêu bị Tê Liệt-Chậm,GuhongSkill_02_buff,UI/Atlas/NewAtlas/Buff/Buff.prefab,,,,,,
9114,Choáng,9076,,,,,,,,,,Sát thương Thổ gây cho mục tiêu +[00ff00]physical_firedamage_v1%[-]\nCó xác suất khiến mục tiêu bị Choáng-Chậm,Guhong_bd01_buff,UI/Atlas/NewAtlas/Buff/Buff.prefab,,,,,,
9115,Khắc Chế Tầm xa,545535,,,,,,,,,,"Khi chịu sát thương tầm xa, giảm 50% sát thương và phản đòn 5% sát thương phải chịu",TaohuaSkill_02_buff,UI/Atlas/NewAtlas/Buff/Buff.prefab,,,,,,
9116,Khắc chế cận chiến,545536,,,,,,,,,,"Khi chịu sát thương cận chiến, giảm 50% sát thương và phản đòn 5% sát thương phải chịu",TaohuaSkill_jx05_buff,UI/Atlas/NewAtlas/Buff/Buff.prefab,,,,,,
9117,Gia tăng sát thương,545390,,,,,,,,,,Tăng +[00ff00]enhance_final_damage_p1%[-] sát thương cuối;,TianwangSkill_jx05_Buff,UI/Atlas/NewAtlas/Buff/Buff.prefab,,,,,,
9118,Miễn hiệu quả bất lợi,545421,,,,,,,,,,"Miễn nhiễm hiệu ứng khống chế như Phù Không, Suy Yếu, Hỗn Loạn, Bất Lực, Đóng Băng, Đẩy Lùi, Thiêu Đốt",Tianwang_bd03_buff,UI/Atlas/NewAtlas/Buff/Buff.prefab,,,,,,
9119,Hộ Thuẫn Xuyên Thấu,18014,,,,,,,,,,Tấn công mục tiêu đang có hiệu ứng lá chắn sẽ bỏ qua lá chắn và gây 200% sát thương,QiaQiaYaoShui_buff,UI/Atlas/NewAtlas/Buff/Buff.prefab,,,,,,
9120,Cấm hồi phục,2888,,,,,,,,,,Không thể nhận hiệu ứng hồi phục,WudangSkill_04_buff,UI/Atlas/NewAtlas/Buff/Buff.prefab,,,,,,
9121,Kích Nộ,14034,,,,,,,,,,Tấn công cơ bản +[00ff00]physics_potentialdamage_p1%[-]\nSát thương cuối phải chịu +[00ff00]reduce_final_damage_p1%[-],Changge_bd02_buff,UI/Atlas/NewAtlas/Buff/Buff.prefab,,,,,,
9122,Giải Trừ Dị Thường,18059,,,,,,,,,,"Xóa toàn bộ hiệu ứng khống chế do kỹ năng gây ra. [Phù Không, Suy Yếu, Hỗn Loạn, Câm Lặng, Đóng Băng, Đẩy Lùi, Thiêu Đốt và các hiệu ứng khống chế khác]",buff_runspeed,UI/Atlas/NewAtlas/Buff/Buff.prefab,,,,,,
9123,Miễn Sát Thương Bùng Nổ,545578,,,,,,,,,,Miễn dịch sát thương\nTấn công cơ bản +[00ff00]physics_potentialdamage_p1%[-],ZhanLie_bd02_Buff,UI/Atlas/NewAtlas/Buff/Buff.prefab,,,,,,
9124,Suy Yếu,545390,,,,,,,,,,Sát thương cuối nhận vào tăng 50%  ,Guhong_bd01_buff,UI/Atlas/NewAtlas/Buff/Buff.prefab,,,,,,
9125,Sát Thương Đứng Yên,545535,,,,,,,,,,"Bản thân nhận +[00ff00]attackspeed_v1%[-] tốc độ đánh thường\nNhận +[00ff00]deadlystrike_v1%[-] tỉ lệ bạo kích\nNhận +[00ff00]deadlystrike_damage_p1%[-] sát thương bạo kích;\nNhưng giảm [00ff00]runspeed_p1%[-] tốc độ di chuyển,\nvà tăng [00ff00]reduce_final_damage_p1%[-] sát thương cuối phải chịu.",TaohuaSkill_02_buff,UI/Atlas/NewAtlas/Buff/Buff.prefab,,,,,,
9127,Hạn Chế Kỹ Năng,545421,,,,,,,,,,Giảm sát thương gây ra+[00ff00]enhance_final_damage_p1%[-] ,Tianwang_bd03_buff,UI/Atlas/NewAtlas/Buff/Buff.prefab,,,,,,
9128,Vòng miễn sát thương,545390,,,,,,,,,,,Guhong_bd01_buff,UI/Atlas/NewAtlas/Buff/Buff.prefab,,,,,,
9129,Vòng miễn sát thương,545535,,,,,,,,,,,TaohuaSkill_02_buff,UI/Atlas/NewAtlas/Buff/Buff.prefab,,,,,,
9133,Vòng tăng sát thương tầm xa,14034,,,,,,,,,,,Changge_bd02_buff,UI/Atlas/NewAtlas/Buff/Buff.prefab,,,,,,
8570,Kháng Tất Cả Sát Thương Thủy,545390,,,,,,,,,,Giảm Kháng Thủy +[00ff00]water_resist_v1%[-];,TianwangSkill_jx05_Buff,UI/Atlas/NewAtlas/Buff/Buff.prefab,,,,,,
8571,Kháng Tất Cả Sát Thương Hỏa,545421,,,,,,,,,,Giảm Kháng Hỏa +[00ff00]fire_resist_v1%[-];,Tianwang_bd03_buff,UI/Atlas/NewAtlas/Buff/Buff.prefab,,,,,,
8572,Kháng Tất Cả Sát Thương Thổ,18014,,,,,,,,,,Giảm Kháng Thổ +[00ff00]earth_resist_v1%[-];,QiaQiaYaoShui_buff,UI/Atlas/NewAtlas/Buff/Buff.prefab,,,,,,
8573,Kháng Tất Cả Sát Thương Kim,2888,,,,,,,,,,Giảm Kháng Kim +[00ff00]metal_resist_v1%[-];,WudangSkill_04_buff,UI/Atlas/NewAtlas/Buff/Buff.prefab,,,,,,
8574,Kháng Tất Cả Sát Thương Mộc,14034,,,,,,,,,,Giảm Kháng Mộc +[00ff00]wood_resist_v1%[-];,Changge_bd02_buff,UI/Atlas/NewAtlas/Buff/Buff.prefab,,,,,,
8575,Buff_Âm Chú,545701,,,,,,,,,,,,,,,,,,
8576,Buff_Dương Chú,545702,,,,,,,,,,,,,,,,,,
8589,Cổ vũ,,,,,4508,,,,,,Tăng sát thương cuối +[00ff00]enhance_final_damage_p1%[-],buff_adddamage,UI/Atlas/NewAtlas/Buff/Buff.prefab,,,,,,
9140,Đại An,,,,,,,,,,,"Vận thế vững như bàn thạch, mọi việc hanh thông không nhiễu loạn, gia trạch an khang tài lộc ổn định, tĩnh tâm chờ đợi tự có phúc duyên đến.",QBWG_buff01,UI\Atlas\NewAtlas\Buff\Buff.prefab,,,,,,
9141,Tốc Hỉ,,,,,,,,,,,"Tin vui đến nhanh mang theo cát tường, cầu tài làm việc đều thuận lợi, tin tốt chốc lát kề bên, hành sự như gió việc gì cũng thành.",QBWG_buff01,UI\Atlas\NewAtlas\Buff\Buff.prefab,,,,,,
9142,Tiểu Cát,,,,,,,,,,,"Tiểu cát lâm môn, vạn sự suôn sẻ, người đi có tin, việc việc hòa hợp, cầu tài được trợ gặp cơ duyên, mọi việc tùy tâm ít phiền não.",QBWG_buff01,UI\Atlas\NewAtlas\Buff\Buff.prefab,,,,,,
9143,Buff Đèn Lồng,545717,,,,,,,,,,"Tiếp cận Xích Vũ Tinh Phách, có thể gây sát thương lớn",,,,,,,,
9144,buff Đèn Lồng Lớn,545718,,,,,,,,,,"Tiếp cận Xích Vũ Tinh Phách, có thể gây sát thương lớn",,,,,,,,
9145,Đèn lồng lớn sắp nổ buff  ,545719,,,,,,,,,,"Tiếp cận Xích Vũ Tinh Phách, có thể gây sát thương lớn",,,,,,,,
9152,buff_Cung,545761,,,,,,,,,,,,,,,,,,
9153,buff_Thương,545762,,,,,,,,,,,,,,,,,,
9154,buff_Giốc,545763,,,,,,,,,,,,,,,,,,
9155,buff_Chủy,545764,,,,,,,,,,,,,,,,,,
9156,buff_Vũ,545765,,,,,,,,,,,,,,,,,,
9207,Vân Sinh Kết Hải,24571,,,,,,,,,,Di chuyển +[00ff00]runspeed_v1[-]\nTấn công cơ bản +[00ff00]physics_potentialdamage_p1%[-]\nKháng tất cả cơ bản +[00ff00]all_series_resist_p1%[-],ChanggeSkill_03_buff,UI/Atlas/NewAtlas/Buff/Buff.prefab,,,,,,
9208,Vân Sinh Kết Hải,1008,,,,,,,,,,Di chuyển +[00ff00]runspeed_v1[-]\nTấn công cơ bản +[00ff00]physics_potentialdamage_p1%[-]\nKháng tất cả cơ bản +[00ff00]all_series_resist_p1%[-],ChanggeSkill_03_buff,UI/Atlas/NewAtlas/Buff/Buff.prefab,,,,,,
9219,Thanh Âm Trường Khiếu,4549,,,,,,,,,,Tấn công 5 lần sẽ biến mất,ChanggeSkill_05,UI/Atlas/SkillIcon/CG_Skill.prefab,,,,,,
9226,Giang Trục Nguyệt Thiên,14528,,,,,,,,,,Chính xác cơ bản [FF3030] giảm attackrate_p1%[-],ChanggeSkill_02_buff,UI/Atlas/NewAtlas/Buff/Buff.prefab,,,,,,
9230,Dạ Dẫn Phong Lam,,,,,,,,,,,Kháng sát thương cận chiến [FF3030]giảm meelee_dmg_p1%[-]\n Kháng sát thương tầm xa [FF3030]giảm remote_dmg_p1%[-]\n Tấn công cơ bản +[00ff00]physics_potentialdamage_p1%[-]\n Hút sinh lực +[00ff00]steallife_p1%[-],Tangmen_bd07_buff,UI/Atlas/NewAtlas/Buff/Buff.prefab,,,,,,
9235,Ma Âm Triền Nhiễu,,,,,,,,,,,Tấn công cơ bản [FF3030] giảm physics_potentialdamage_p1%[-]\nChính xác cơ bản [FF3030] giảm attackrate_p1%[-]\nKháng tất cả cơ bản [FF3030] giảm all_series_resist_p1%[-]\nHiệu suất hồi sinh lực [FF3030] giảm lifereplenish_p1%[-],Changge_bd05_buff,UI/Atlas/NewAtlas/Buff/Buff.prefab,,,,,,
9241,Ơn Người Vung Xới,4550,,,,,,,,,,Sát Thương Cuối tăng +[00ff00]enhance_final_damage_p1%[-]\n Tấn công cơ bản +[00ff00]physics_potentialdamage_p1%[-]\n Tốc Đánh +[00ff00]attackspeed_v1[-],Changge_bd02_buff,UI/Atlas/NewAtlas/Buff/Buff.prefab,,,,,,
9256,Bí Kíp: Vân Sinh Kết Hải,,,,,,,,,,,Hút sinh lực tăng [00ff00]steallife_p1%[-],ChanggeSkill_03_buff,UI/Atlas/NewAtlas/Buff/Buff.prefab,,,,,,
9259,Bí Kíp: Vân Sinh Kết Hải,,,,,,,,,,,Vân Khí,ChanggeSkill_03_buff,UI/Atlas/NewAtlas/Buff/Buff.prefab,,,,,,
9260,Tụ Vân Nhất Kích,,,,,,,,,,,,ChanggeSkill_03_buff,UI/Atlas/NewAtlas/Buff/Buff.prefab,,,,,9261,
9268,Bí Kíp: Thanh Âm Trường Khiếu-Cung,,,,,,,,,,,Kháng tất cả cơ bản [FF3030] giảm all_series_resist_p1%[-],Changge_bd05_buff,UI/Atlas/NewAtlas/Buff/Buff.prefab,,,,,,
9269,Bí Kíp: Thanh Âm Trường Khiếu-Thương,,,,,,,,,,,Tỉ lệ hiệu quả thuộc tính [FF3030]giảm resist_allseriesstate_rate_v1[-]\n Tỉ lệ kháng hiệu quả bất lợi [FF3030]giảm resist_allspecialstate_rate_v1[-]\n Tốc độ di chuyển [FF3030]giảm runspeed_v1[-],Changge_bd05_buff,UI/Atlas/NewAtlas/Buff/Buff.prefab,,,,,,
9270,Bí Kíp: Thanh Âm Trường Khiếu-Giốc,,,,,,,,,,,Hiệu suất hồi sinh lực [FF3030]giảm lifereplenish_p1%[-],Changge_bd05_buff,UI/Atlas/NewAtlas/Buff/Buff.prefab,,,,,,
9271,Bí Kíp: Thanh Âm Trường Khiếu-Chủy,,,,,,,,,,,Né tránh cơ bản [FF3030] giảm defense_p1%[-],Changge_bd05_buff,UI/Atlas/NewAtlas/Buff/Buff.prefab,,,,,,
9272,Bí Kíp: Thanh Âm Trường Khiếu-Vũ,,,,,,,,,,,Hút sinh lực [FF3030]giảm steallife_p1%[-],Changge_bd05_buff,UI/Atlas/NewAtlas/Buff/Buff.prefab,,,,,,
9278,Bí Kíp: Giang Trục Nguyệt Thiên,,,,,,,,,,,Né tránh cơ bản [FF3030] giảm defense_p1%[-],ChanggeSkill_02_buff,UI/Atlas/NewAtlas/Buff/Buff.prefab,,,,,,
9279,Giang Trục Nguyệt Thiên,14542,,,,,,,,,,Hiệu quả hồi phục vô hiệu,ChanggeSkill_02_buff,UI/Atlas/NewAtlas/Buff/Buff.prefab,,,,,,
9167,Sát Thương Giảm,,,,,,,,,,,Giảm sát thương gây ra-[00ff00]enhance_final_damage_p1%[-],Tianwang_bd03_buff,UI/Atlas/NewAtlas/Buff/Buff.prefab,,,,,,
