Index,Name,AttribID,AttackSpeed,MaxLife,MaxStolenLifes,FightPower,Miss,HitRate,MinBaseAttack,MaxBaseAttack,WoodDamage,WaterDamage,FireDamage,EarthDamage,MetalResist,WoodResist,WaterResist,FireResist,EarthResist,DeadlyStrike,MetalDamage,SeriesDamageValue
1s,,1,15,"{1,188},{10,255},{20,439},{30,580}",,0,0,"{10,1000},{100,2800},{150,7000}",30,30,0,0,0,0,,0,0,0,0,"{1,50},{10,100},{50,150},{70,200},{110,800}",,
3s,,2,15,"{1,563},{10,902},{20,1317},{30,1500}",,0,0,"{10,1000},{100,2800},{150,7000}","{10,5},{30,70}","{10,5},{30,70}",0,0,0,0,,0,0,0,0,"{1,50},{10,100},{50,150},{70,200},{110,800}",,
5s,,3,15,"{1,250},{2,360},{3,410},{4,460},{5,410},{6,860},{7,910},{8,960},{9,1010},{10,1060},{20,2196},{30,3800},{100,100000}",,0,0,"{10,1000},{100,2800},{150,7000}","{10,5},{30,70}","{10,5},{30,70}",0,0,0,0,,0,0,0,0,"{1,50},{10,100},{50,150},{70,200},{110,800}",,
10s,,4,15,"{1,1878},{10,3006},{20,4391},{30,10000}",,0,0,"{10,1000},{100,2800},{150,7000}","{10,5},{30,70}","{10,5},{30,70}",0,0,0,0,,0,0,0,0,"{1,50},{10,100},{50,150},{70,200},{110,800}",,
15s,,5,15,"{1,2871},{10,4509},{20,6587},{30,15000}",,0,0,"{10,1000},{100,2800},{150,7000}","{10,5},{30,70}","{10,5},{30,70}",0,0,0,0,,0,0,0,0,"{1,50},{10,100},{50,150},{70,200},{110,800}",,
20s,,6,15,"{1,3756},{10,6011},{20,8782},{30,60000}",,0,0,"{10,1000},{100,2800},{150,7000}","{10,5},{30,100}","{10,5},{30,100}",0,0,0,0,,0,0,0,0,"{1,50},{10,100},{50,150},{70,200},{110,800}",,
wuxingxiangke,Dùng Ngũ Hành Tương Khắc,20000,15,"{1,10000},{10,6011},{20,8782},{30,300000}",,0,0,"{10,1000},{100,2800},{150,7000}","{10,5},{30,40000}","{10,5},{30,40000}",0,0,0,0,,0,0,0,0,"{1,50},{10,100},{50,150},{70,200},{110,800}",,
Xisuidao_Gold,Rối Thiên Cơ-Kim,8,15,"{1,1500},{2,1800},{3,2200},{4,2600},{5,4000},{6,7500},{7,8500},{8,9500},{9,12000},{10,14000},{15,20000},{20,36000},{30,56000},{40,76000},{100,60000*12},{110,75000*12}",,0,0,"{10,1000},{100,2800},{150,7000}","{1,3},{2,3},{3,4},{4,5},{5,12},{6,18},{7,30},{8,35},{9,50},{10,70},{15,110},{20,160},{21,110*2},{30,230*2},{31,196*2},{40,380*2},{41,420*2},{50,600*2}","{1,3},{2,3},{3,4},{4,5},{5,12},{6,18},{7,30},{8,35},{9,50},{10,70},{15,110},{20,160},{21,110*2},{30,230*2},{31,196*2},{40,380*2},{41,420*2},{50,600*2}",0,0,0,0,200,1000,200,0,200,,,1000
Xisuidao_Wood,Rối Thiên Cơ-Mộc,9,15,"{1,1500},{2,1800},{3,2200},{4,2600},{5,4000},{6,7500},{7,8500},{8,9500},{9,12000},{10,14000},{15,20000},{20,36000},{30,56000},{40,76000},{100,60000*12},{110,75000*12}",,0,0,"{10,1000},{100,2800},{150,7000}","{1,3},{2,3},{3,4},{4,5},{5,12},{6,18},{7,30},{8,35},{9,50},{10,70},{15,110},{20,160},{21,110*2},{30,230*2},{31,196*2},{40,380*2},{41,420*2},{50,600*2}","{1,3},{2,3},{3,4},{4,5},{5,12},{6,18},{7,30},{8,35},{9,50},{10,70},{15,110},{20,160},{21,110*2},{30,230*2},{31,196*2},{40,380*2},{41,420*2},{50,600*2}",0,0,0,0,0,200,200,200,1000,,,1000
Xisuidao_Water,Rối Thiên Cơ-Thủy,10,15,"{1,1500},{2,1800},{3,2200},{4,2600},{5,4000},{6,7500},{7,8500},{8,9500},{9,12000},{10,14000},{15,20000},{20,36000},{30,56000},{40,76000},{100,60000*12},{110,75000*12}",,0,0,"{10,1000},{100,2800},{150,7000}","{1,3},{2,3},{3,4},{4,5},{5,12},{6,18},{7,30},{8,35},{9,50},{10,70},{15,110},{20,160},{21,110*2},{30,230*2},{31,196*2},{40,380*2},{41,420*2},{50,600*2}","{1,3},{2,3},{3,4},{4,5},{5,12},{6,18},{7,30},{8,35},{9,50},{10,70},{15,110},{20,160},{21,110*2},{30,230*2},{31,196*2},{40,380*2},{41,420*2},{50,600*2}",0,0,0,0,200,200,200,1000,0,,,1000
fuben_boss_60s,fuben_boss_60,11,15,"{1,3756},{10,6011},{20,8782},{30,80000}",,0,0,"{10,1000},{100,2800},{150,7000}","{10,5},{30,100}","{10,5},{30,100}",0,0,0,0,,0,0,0,0,"{1,50},{10,100},{50,150},{70,200},{110,800}",,
Xisuidao_Fire,Rối Thiên Cơ-Hỏa,13,15,"{1,1500},{2,1800},{3,2200},{4,2600},{5,4000},{6,7500},{7,8500},{8,9500},{9,12000},{10,14000},{15,20000},{20,36000},{30,56000},{40,76000},{100,60000*12},{110,75000*12}",,0,0,"{10,1000},{100,2800},{150,7000}","{1,3},{2,3},{3,4},{4,5},{5,12},{6,18},{7,30},{8,35},{9,50},{10,70},{15,110},{20,160},{21,110*2},{30,230*2},{31,196*2},{40,380*2},{41,420*2},{50,600*2}","{1,3},{2,3},{3,4},{4,5},{5,12},{6,18},{7,30},{8,35},{9,50},{10,70},{15,110},{20,160},{21,110*2},{30,230*2},{31,196*2},{40,380*2},{41,420*2},{50,600*2}",0,0,0,0,1000,200,0,200,200,,,1000
Xisuidao_Earth,Rối Thiên Cơ-Thổ,12,15,"{1,1500},{2,1800},{3,2200},{4,2600},{5,4000},{6,7500},{7,8500},{8,9500},{9,12000},{10,14000},{15,20000},{20,36000},{30,56000},{40,76000},{100,60000*12},{110,75000*12}",,0,0,"{10,1000},{100,2800},{150,7000}","{1,3},{2,3},{3,4},{4,5},{5,12},{6,18},{7,30},{8,35},{9,50},{10,70},{15,110},{20,160},{21,110*2},{30,230*2},{31,196*2},{40,380*2},{41,420*2},{50,600*2}","{1,3},{2,3},{3,4},{4,5},{5,12},{6,18},{7,30},{8,35},{9,50},{10,70},{15,110},{20,160},{21,110*2},{30,230*2},{31,196*2},{40,380*2},{41,420*2},{50,600*2}",0,0,0,0,200,0,1000,200,200,,,1000
3000s,boss,21,15,"{1,75300},{10,120220},{20,175640},{30,1500000}",,0,0,"{10,1000},{100,2800},{150,7000}","{1,200},{30,300}","{1,200},{30,300}",0,0,0,0,,0,0,0,0,"{1,50},{10,100},{50,150},{70,200},{110,800}",,
Cuiyan_baby,Thúy Yên Bảo Bối,31,15,2000000000,,0,0,"{10,1000},{100,2800},{150,7000}",1,1,0,0,0,0,,0,0,0,0,"{1,50},{10,100},{50,150},{70,200},{110,800}",,
Team_dadao_10s,Đạo Tặc,51,15,"{10,20000},{20,60000},{30,150000},{40,200000},{50,350000},{60,550000},{70,800000},{80,1350000},{90,2150000},{100,3650000},{120,7650000},{140,12500000},{160,18150000},{180,26760000},{200,40450000}",,0,0,"{10,50000}","{10,30},{20,120*1.5},{30,250*1.5},{40,400*1.5}","{10,30},{20,120*1.5},{30,250*1.5},{40,400*1.5}",0,0,0,0,"{10,200},{20,400},{30,600},{40,800},{50,1000},{60,1300},{70,1600},{80,2000},{100,3000},{110,4000},{120,5000},{130,6000},{140,7000},{150,7500},{160,8000},{170,8500},{180,9000},{190,9500},{200,10000}","{10,200},{20,400},{30,600},{40,800},{50,1000},{60,1300},{70,1600},{80,2000},{100,3000},{110,4000},{120,5000},{130,6000},{140,7000},{150,7500},{160,8000},{170,8500},{180,9000},{190,9500},{200,10000}","{10,200},{20,400},{30,600},{40,800},{50,1000},{60,1300},{70,1600},{80,2000},{100,3000},{110,4000},{120,5000},{130,6000},{140,7000},{150,7500},{160,8000},{170,8500},{180,9000},{190,9500},{200,10000}","{10,200},{20,400},{30,600},{40,800},{50,1000},{60,1300},{70,1600},{80,2000},{100,3000},{110,4000},{120,5000},{130,6000},{140,7000},{150,7500},{160,8000},{170,8500},{180,9000},{190,9500},{200,10000}","{10,200},{20,400},{30,600},{40,800},{50,1000},{60,1300},{70,1600},{80,2000},{100,3000},{110,4000},{120,5000},{130,6000},{140,7000},{150,7500},{160,8000},{170,8500},{180,9000},{190,9500},{200,10000}","{10,257},{20,300},{30,342},{40,385},{50,428},{60,471},{70,514},{80,557},{100,642},{110,685},{120,728},{130,771},{140,1103},{150,1214},{160,1335},{170,1468},{180,1615},{190,1777},{200,1955}",,
Team_dadao_15s,Đạo Tặc,52,15,"{10,30000},{20,80000},{30,200000},{40,350000},{50,350000*1.5},{60,550000*1.5},{70,800000*1.5},{80,1350000*1.5},{90,2150000*1.5},{100,3650000*1.5},{120,7650000*1.5},{140,12500000*1.5},{160,18150000*1.5},{180,26760000*1.5},{200,40450000*1.5}",,0,0,"{10,50000}","{10,30},{20,120*2},{30,250*2},{40,400*2}","{10,30},{20,120*2},{30,250*2},{40,400*2}",0,0,0,0,"{10,200},{20,400},{30,600},{40,800},{50,1000},{60,1300},{70,1600},{80,2000},{100,3000},{110,4000},{120,5000},{130,6000},{140,7000},{150,7500},{160,8000},{170,8500},{180,9000},{190,9500},{200,10000}","{10,200},{20,400},{30,600},{40,800},{50,1000},{60,1300},{70,1600},{80,2000},{100,3000},{110,4000},{120,5000},{130,6000},{140,7000},{150,7500},{160,8000},{170,8500},{180,9000},{190,9500},{200,10000}","{10,200},{20,400},{30,600},{40,800},{50,1000},{60,1300},{70,1600},{80,2000},{100,3000},{110,4000},{120,5000},{130,6000},{140,7000},{150,7500},{160,8000},{170,8500},{180,9000},{190,9500},{200,10000}","{10,200},{20,400},{30,600},{40,800},{50,1000},{60,1300},{70,1600},{80,2000},{100,3000},{110,4000},{120,5000},{130,6000},{140,7000},{150,7500},{160,8000},{170,8500},{180,9000},{190,9500},{200,10000}","{10,200},{20,400},{30,600},{40,800},{50,1000},{60,1300},{70,1600},{80,2000},{100,3000},{110,4000},{120,5000},{130,6000},{140,7000},{150,7500},{160,8000},{170,8500},{180,9000},{190,9500},{200,10000}","{10,257},{20,300},{30,342},{40,385},{50,428},{60,471},{70,514},{80,557},{100,642},{110,685},{120,728},{130,771},{140,1103},{150,1214},{160,1335},{170,1468},{180,1615},{190,1777},{200,1955}",,
Team_dadao_20s,Đạo Tặc,53,15,"{10,40000},{20,100000},{30,250000},{40,400000},{50,350000*2},{60,550000*2},{70,800000*2},{80,1350000*2},{90,2150000*2},{100,3650000*2},{120,7650000*2},{140,12500000*2},{160,18150000*2},{180,26760000*2},{200,40450000*2}",,0,0,"{10,50000}","{10,30},{20,120*2},{30,250*2},{40,400*2}","{10,30},{20,120*2},{30,250*2},{40,400*2}",0,0,0,0,"{10,200},{20,400},{30,600},{40,800},{50,1000},{60,1300},{70,1600},{80,2000},{100,3000},{110,4000},{120,5000},{130,6000},{140,7000},{150,7500},{160,8000},{170,8500},{180,9000},{190,9500},{200,10000}","{10,200},{20,400},{30,600},{40,800},{50,1000},{60,1300},{70,1600},{80,2000},{100,3000},{110,4000},{120,5000},{130,6000},{140,7000},{150,7500},{160,8000},{170,8500},{180,9000},{190,9500},{200,10000}","{10,200},{20,400},{30,600},{40,800},{50,1000},{60,1300},{70,1600},{80,2000},{100,3000},{110,4000},{120,5000},{130,6000},{140,7000},{150,7500},{160,8000},{170,8500},{180,9000},{190,9500},{200,10000}","{10,200},{20,400},{30,600},{40,800},{50,1000},{60,1300},{70,1600},{80,2000},{100,3000},{110,4000},{120,5000},{130,6000},{140,7000},{150,7500},{160,8000},{170,8500},{180,9000},{190,9500},{200,10000}","{10,200},{20,400},{30,600},{40,800},{50,1000},{60,1300},{70,1600},{80,2000},{100,3000},{110,4000},{120,5000},{130,6000},{140,7000},{150,7500},{160,8000},{170,8500},{180,9000},{190,9500},{200,10000}","{10,257},{20,300},{30,342},{40,385},{50,428},{60,471},{70,514},{80,557},{100,642},{110,685},{120,728},{130,771},{140,1103},{150,1214},{160,1335},{170,1468},{180,1615},{190,1777},{200,1955}",,
Kin_Theif,Bang Hội Đạo Tặc,61,15,"{10,40000},{20,80000*1.3},{30,150000*1.3},{40,250000*1.3}",,0,0,"{10,1000},{100,2800},{150,7000}","{10,30},{20,120*2},{30,250*2},{40,400*2}","{10,30},{20,120*2},{30,250*2},{40,400*2}",0,0,0,0,,0,0,0,0,"{1,50},{10,100},{50,150},{70,200},{110,800}",,
Kin_Tasknpc,NPC Nhiệm vụ Bang Hội,62,15,"{10,27500},{20,80000},{30,110000},{40,160000}",,0,0,"{10,1000},{100,2800},{150,7000}","{10,30},{20,120*2},{30,250*2},{40,400*2}","{10,30},{20,120*2},{30,250*2},{40,400*2}",0,0,0,0,,0,0,0,0,"{1,50},{10,100},{50,150},{70,200},{110,800}",,
newrole_boss,Bí Cảnh Tân Thủ-BOSS,91,15,"{1,84000},{10,320000}",,0,0,"{10,1000},{100,2800},{150,7000}","{1,6},{2,7},{3,12},{4,14},{5,18},{6,24},{7,36},{8,42},{9,48},{10,54},{30,120},{40,180}","{1,6},{2,7},{3,12},{4,14},{5,18},{6,24},{7,36},{8,42},{9,48},{10,54},{30,120},{40,180}",0,0,0,0,,0,0,0,0,"{1,50},{10,100},{50,150},{70,200},{110,800}",,
newrole_normal,Bí Cảnh Tân Thủ-Thường,92,15,"{1,6800},{10,24800}",,0,0,"{10,1000},{100,2800},{150,7000}","{1,5},{2,6},{3,10},{4,12},{5,15},{6,20},{7,30},{8,35},{9,40},{10,45},{30,100},{40,150}","{1,5},{2,6},{3,10},{4,12},{5,15},{6,20},{7,30},{8,35},{9,40},{10,45},{30,100},{40,150}",0,0,0,0,,0,0,0,0,"{1,50},{10,100},{50,150},{70,200},{110,800}",,
newrole_jy,Bí Cảnh Tân Thủ-Tinh Anh,93,15,"{1,10200},{10,37200}",,0,0,"{10,1000},{100,2800},{150,7000}","{1,5},{2,6},{3,10},{4,12},{5,15},{6,20},{7,30},{8,35},{9,40},{10,45},{30,100},{40,150}","{1,5},{2,6},{3,10},{4,12},{5,15},{6,20},{7,30},{8,35},{9,40},{10,45},{30,100},{40,150}",0,0,0,0,,0,0,0,0,"{1,50},{10,100},{50,150},{70,200},{110,800}",,
,Cọc Gỗ,100,15,"{10,100000},{200,2000000000}",,0,,,,,,,,,,,,,,,,
,,101,15,10,,0,,,,,,,,,,,,,,,,
muzhuang_gold,Cọc Gỗ-Kim,111,15,"{5,320*0.5},{10,650*0.5},{20,2500*0.5},{30,3500*0.5},{40,6000*0.5},{50,9000*0.5},{60,13500*0.5},{70,20000*0.5},{80,30000*0.5},{100,60000*0.5},{110,75000*0.5}",,,,,,,,,,,200,1000,200,0,200,,,1000
muzhuang_wood,Cọc Gỗ-Mộc,112,15,"{5,320*0.5},{10,650*0.5},{20,2500*0.5},{30,3500*0.5},{40,6000*0.5},{50,9000*0.5},{60,13500*0.5},{70,20000*0.5},{80,30000*0.5},{100,60000*0.5},{110,75000*0.5}",,,,,,,,,,,0,200,200,200,1000,,,1000
muzhuang_water,Cọc Gỗ-Thủy,113,15,"{5,320*0.5},{10,650*0.5},{20,2500*0.5},{30,3500*0.5},{40,6000*0.5},{50,9000*0.5},{60,13500*0.5},{70,20000*0.5},{80,30000*0.5},{100,60000*0.5},{110,75000*0.5}",,,,,,,,,,,200,200,200,1000,0,,,1000
muzhuang_fire,Cọc Gỗ-Hỏa,114,15,"{5,320*0.5},{10,650*0.5},{20,2500*0.5},{30,3500*0.5},{40,6000*0.5},{50,9000*0.5},{60,13500*0.5},{70,20000*0.5},{80,30000*0.5},{100,60000*0.5},{110,75000*0.5}",,,,,,,,,,,1000,200,0,200,200,,,1000
muzhuang_earth,Cọc Gỗ-Thổ,115,15,"{5,320*0.5},{10,650*0.5},{20,2500*0.5},{30,3500*0.5},{40,6000*0.5},{50,9000*0.5},{60,13500*0.5},{70,20000*0.5},{80,30000*0.5},{100,60000*0.5},{110,75000*0.5}",,,,,,,,,,,200,0,1000,200,200,,,1000
Battle_Solider,Lính Chiến Trường,131,15,"{10,3000*3},{20,5000*3},{30,10000*3},{40,16000*3},{50,30000*3},{100,150000*3},{110,200000*3},{120,747261},{130,915971},{140,1050443},{150,1202651},{160,1374795},{170,1569341},{180,1789049},{190,2037005},{200,2316662}",,0,0,"{10,1140},{20,2090},{30,3040},{40,3990},{50,4940},{60,5889},{70,6839},{80,7789},{100,9689},{110,10640},{120,11590},{130,12540},{140,13699},{150,15086},{160,16587},{170,18240},{180,20083},{190,22078},{200,24282}","{10,60},{20,120},{30,300},{40,500}","{10,60},{20,120},{30,300},{40,500}",0,0,0,0,"{10,210},{20,410},{30,610},{40,810},{50,1010},{60,1210},{70,1410},{80,1610},{100,2010},{110,2210},{120,2410},{130,2610},{140,2860},{150,3146},{160,3461},{170,3807},{180,4188},{190,4607},{200,5068}","{10,210},{20,410},{30,610},{40,810},{50,1010},{60,1210},{70,1410},{80,1610},{100,2010},{110,2210},{120,2410},{130,2610},{140,2860},{150,3146},{160,3461},{170,3807},{180,4188},{190,4607},{200,5068}","{10,210},{20,410},{30,610},{40,810},{50,1010},{60,1210},{70,1410},{80,1610},{100,2010},{110,2210},{120,2410},{130,2610},{140,2860},{150,3146},{160,3461},{170,3807},{180,4188},{190,4607},{200,5068}","{10,210},{20,410},{30,610},{40,810},{50,1010},{60,1210},{70,1410},{80,1610},{100,2010},{110,2210},{120,2410},{130,2610},{140,2860},{150,3146},{160,3461},{170,3807},{180,4188},{190,4607},{200,5068}","{10,210},{20,410},{30,610},{40,810},{50,1010},{60,1210},{70,1410},{80,1610},{100,2010},{110,2210},{120,2410},{130,2610},{140,2860},{150,3146},{160,3461},{170,3807},{180,4188},{190,4607},{200,5068}","{10,257},{20,300},{30,342},{40,385},{50,428},{60,471},{70,514},{80,557},{100,642},{110,685},{120,728},{130,771},{140,1103},{150,1214},{160,1335},{170,1468},{180,1615},{190,1777},{200,1955}",,
Battle_Tower,Tiễn Tháp Chiến Trường,132,15,"{10,3000*10},{20,5000*10},{30,10000*10},{40,16000*10},{50,30000*10},{100,150000*10},{110,200000*10},{120,2490870},{130,3053238},{140,3501479},{150,4008837},{160,4582651},{170,5231139},{180,5963499},{190,6790019},{200,7722208}",,0,0,"{10,1140},{20,2090},{30,3040},{40,3990},{50,4940},{60,5889},{70,6839},{80,7789},{100,9689},{110,10640},{120,11590},{130,12540},{140,13699},{150,15086},{160,16587},{170,18240},{180,20083},{190,22078},{200,24282}","{10,60*4},{20,120*4},{30,300*4},{40,500*4}","{10,60*4},{20,120*4},{30,300*4},{40,500*4}",0,0,0,0,"{10,210},{20,410},{30,610},{40,810},{50,1010},{60,1210},{70,1410},{80,1610},{100,2010},{110,2210},{120,2410},{130,2610},{140,2860},{150,3146},{160,3461},{170,3807},{180,4188},{190,4607},{200,5068}","{10,210},{20,410},{30,610},{40,810},{50,1010},{60,1210},{70,1410},{80,1610},{100,2010},{110,2210},{120,2410},{130,2610},{140,2860},{150,3146},{160,3461},{170,3807},{180,4188},{190,4607},{200,5068}","{10,210},{20,410},{30,610},{40,810},{50,1010},{60,1210},{70,1410},{80,1610},{100,2010},{110,2210},{120,2410},{130,2610},{140,2860},{150,3146},{160,3461},{170,3807},{180,4188},{190,4607},{200,5068}","{10,210},{20,410},{30,610},{40,810},{50,1010},{60,1210},{70,1410},{80,1610},{100,2010},{110,2210},{120,2410},{130,2610},{140,2860},{150,3146},{160,3461},{170,3807},{180,4188},{190,4607},{200,5068}","{10,210},{20,410},{30,610},{40,810},{50,1010},{60,1210},{70,1410},{80,1610},{100,2010},{110,2210},{120,2410},{130,2610},{140,2860},{150,3146},{160,3461},{170,3807},{180,4188},{190,4607},{200,5068}","{10,257},{20,300},{30,342},{40,385},{50,428},{60,471},{70,514},{80,557},{100,642},{110,685},{120,728},{130,771},{140,1103},{150,1214},{160,1335},{170,1468},{180,1615},{190,1777},{200,1955}",,
Battle_Wild,Dã Quái Chiến Trường,133,15,"{10,3000*5},{20,5000*5},{30,10000*5},{40,16000*5},{50,30000*5},{100,150000*5},{110,200000*5},{120,1245435},{130,1526619},{140,1750739},{150,2004418},{160,2291325},{170,2615569},{180,2981749},{190,3395009},{200,3861104}",,0,0,"{10,1140},{20,2090},{30,3040},{40,3990},{50,4940},{60,5889},{70,6839},{80,7789},{100,9689},{110,10640},{120,11590},{130,12540},{140,13699},{150,15086},{160,16587},{170,18240},{180,20083},{190,22078},{200,24282}","{10,60},{20,120},{30,300},{40,500}","{10,60},{20,120},{30,300},{40,500}",0,0,0,0,"{10,210},{20,410},{30,610},{40,810},{50,1010},{60,1210},{70,1410},{80,1610},{100,2010},{110,2210},{120,2410},{130,2610},{140,2860},{150,3146},{160,3461},{170,3807},{180,4188},{190,4607},{200,5068}","{10,210},{20,410},{30,610},{40,810},{50,1010},{60,1210},{70,1410},{80,1610},{100,2010},{110,2210},{120,2410},{130,2610},{140,2860},{150,3146},{160,3461},{170,3807},{180,4188},{190,4607},{200,5068}","{10,210},{20,410},{30,610},{40,810},{50,1010},{60,1210},{70,1410},{80,1610},{100,2010},{110,2210},{120,2410},{130,2610},{140,2860},{150,3146},{160,3461},{170,3807},{180,4188},{190,4607},{200,5068}","{10,210},{20,410},{30,610},{40,810},{50,1010},{60,1210},{70,1410},{80,1610},{100,2010},{110,2210},{120,2410},{130,2610},{140,2860},{150,3146},{160,3461},{170,3807},{180,4188},{190,4607},{200,5068}","{10,210},{20,410},{30,610},{40,810},{50,1010},{60,1210},{70,1410},{80,1610},{100,2010},{110,2210},{120,2410},{130,2610},{140,2860},{150,3146},{160,3461},{170,3807},{180,4188},{190,4607},{200,5068}","{10,257},{20,300},{30,342},{40,385},{50,428},{60,471},{70,514},{80,557},{100,642},{110,685},{120,728},{130,771},{140,1103},{150,1214},{160,1335},{170,1468},{180,1615},{190,1777},{200,1955}",,
Battle_Home,Đại Doanh Chiến Trường,134,15,"{10,3000*20},{20,5000*30},{30,10000*30},{40,16000*30},{50,30000*30},{100,150000*30},{110,200000*30},{120,7472611},{130,9159715},{140,10504439},{150,12026511},{160,13747953},{170,15693418},{180,17890497},{190,20370057},{200,23166624}",,0,0,"{10,1140},{20,2090},{30,3040},{40,3990},{50,4940},{60,5889},{70,6839},{80,7789},{100,9689},{110,10640},{120,11590},{130,12540},{140,13699},{150,15086},{160,16587},{170,18240},{180,20083},{190,22078},{200,24282}","{10,60*4},{20,120*4},{30,300*4},{40,500*4}","{10,60*4},{20,120*4},{30,300*4},{40,500*4}",0,0,0,0,"{10,210},{20,410},{30,610},{40,810},{50,1010},{60,1210},{70,1410},{80,1610},{100,2010},{110,2210},{120,2410},{130,2610},{140,2860},{150,3146},{160,3461},{170,3807},{180,4188},{190,4607},{200,5068}","{10,210},{20,410},{30,610},{40,810},{50,1010},{60,1210},{70,1410},{80,1610},{100,2010},{110,2210},{120,2410},{130,2610},{140,2860},{150,3146},{160,3461},{170,3807},{180,4188},{190,4607},{200,5068}","{10,210},{20,410},{30,610},{40,810},{50,1010},{60,1210},{70,1410},{80,1610},{100,2010},{110,2210},{120,2410},{130,2610},{140,2860},{150,3146},{160,3461},{170,3807},{180,4188},{190,4607},{200,5068}","{10,210},{20,410},{30,610},{40,810},{50,1010},{60,1210},{70,1410},{80,1610},{100,2010},{110,2210},{120,2410},{130,2610},{140,2860},{150,3146},{160,3461},{170,3807},{180,4188},{190,4607},{200,5068}","{10,210},{20,410},{30,610},{40,810},{50,1010},{60,1210},{70,1410},{80,1610},{100,2010},{110,2210},{120,2410},{130,2610},{140,2860},{150,3146},{160,3461},{170,3807},{180,4188},{190,4607},{200,5068}","{10,257},{20,300},{30,342},{40,385},{50,428},{60,471},{70,514},{80,557},{100,642},{110,685},{120,728},{130,771},{140,1103},{150,1214},{160,1335},{170,1468},{180,1615},{190,1777},{200,1955}",,
Battle_Tower_M,Tiễn Tháp Chiến Trường,135,15,"{10,3000*100},{20,5000*100},{30,10000*100},{40,16000*100},{50,30000*100},{100,150000*100},{110,200000*100},{120,24908706},{130,30532385},{140,35014799},{150,40088372},{160,45826511},{170,52311395},{180,59634990},{190,67900191},{200,77222081}",,0,0,"{10,1140},{20,2090},{30,3040},{40,3990},{50,4940},{60,5889},{70,6839},{80,7789},{100,9689},{110,10640},{120,11590},{130,12540},{140,13699},{150,15086},{160,16587},{170,18240},{180,20083},{190,22078},{200,24282}","{10,60*8},{20,120*8},{30,300*8},{40,500*8}","{10,60*8},{20,120*8},{30,300*8},{40,500*8}",0,0,0,0,"{10,210},{20,410},{30,610},{40,810},{50,1010},{60,1210},{70,1410},{80,1610},{100,2010},{110,2210},{120,2410},{130,2610},{140,2860},{150,3146},{160,3461},{170,3807},{180,4188},{190,4607},{200,5068}","{10,210},{20,410},{30,610},{40,810},{50,1010},{60,1210},{70,1410},{80,1610},{100,2010},{110,2210},{120,2410},{130,2610},{140,2860},{150,3146},{160,3461},{170,3807},{180,4188},{190,4607},{200,5068}","{10,210},{20,410},{30,610},{40,810},{50,1010},{60,1210},{70,1410},{80,1610},{100,2010},{110,2210},{120,2410},{130,2610},{140,2860},{150,3146},{160,3461},{170,3807},{180,4188},{190,4607},{200,5068}","{10,210},{20,410},{30,610},{40,810},{50,1010},{60,1210},{70,1410},{80,1610},{100,2010},{110,2210},{120,2410},{130,2610},{140,2860},{150,3146},{160,3461},{170,3807},{180,4188},{190,4607},{200,5068}","{10,210},{20,410},{30,610},{40,810},{50,1010},{60,1210},{70,1410},{80,1610},{100,2010},{110,2210},{120,2410},{130,2610},{140,2860},{150,3146},{160,3461},{170,3807},{180,4188},{190,4607},{200,5068}","{10,257},{20,300},{30,342},{40,385},{50,428},{60,471},{70,514},{80,557},{100,642},{110,685},{120,728},{130,771},{140,1103},{150,1214},{160,1335},{170,1468},{180,1615},{190,1777},{200,1955}",,
Battle_Home_M,Đại Doanh Chiến Trường (Phe ta đặc biệt) ,136,15,"{10,3000*300},{20,5000*300},{30,10000*300},{40,16000*300},{50,30000*300},{100,150000*300},{110,200000*300},{120,74726119},{130,91597155},{140,105044397},{150,120265116},{160,137479534},{170,156934186},{180,178904972},{190,203700573},{200,231666245}",,0,0,"{10,1140},{20,2090},{30,3040},{40,3990},{50,4940},{60,5889},{70,6839},{80,7789},{100,9689},{110,10640},{120,11590},{130,12540},{140,13699},{150,15086},{160,16587},{170,18240},{180,20083},{190,22078},{200,24282}","{10,60*8},{20,120*8},{30,300*8},{40,500*8}","{10,60*8},{20,120*8},{30,300*8},{40,500*8}",0,0,0,0,"{10,210},{20,410},{30,610},{40,810},{50,1010},{60,1210},{70,1410},{80,1610},{100,2010},{110,2210},{120,2410},{130,2610},{140,2860},{150,3146},{160,3461},{170,3807},{180,4188},{190,4607},{200,5068}","{10,210},{20,410},{30,610},{40,810},{50,1010},{60,1210},{70,1410},{80,1610},{100,2010},{110,2210},{120,2410},{130,2610},{140,2860},{150,3146},{160,3461},{170,3807},{180,4188},{190,4607},{200,5068}","{10,210},{20,410},{30,610},{40,810},{50,1010},{60,1210},{70,1410},{80,1610},{100,2010},{110,2210},{120,2410},{130,2610},{140,2860},{150,3146},{160,3461},{170,3807},{180,4188},{190,4607},{200,5068}","{10,210},{20,410},{30,610},{40,810},{50,1010},{60,1210},{70,1410},{80,1610},{100,2010},{110,2210},{120,2410},{130,2610},{140,2860},{150,3146},{160,3461},{170,3807},{180,4188},{190,4607},{200,5068}","{10,210},{20,410},{30,610},{40,810},{50,1010},{60,1210},{70,1410},{80,1610},{100,2010},{110,2210},{120,2410},{130,2610},{140,2860},{150,3146},{160,3461},{170,3807},{180,4188},{190,4607},{200,5068}","{10,257},{20,300},{30,342},{40,385},{50,428},{60,471},{70,514},{80,557},{100,642},{110,685},{120,728},{130,771},{140,1103},{150,1214},{160,1335},{170,1468},{180,1615},{190,1777},{200,1955}",,
Battle_Cannon,Chiến Pháo Xa,137,15,"{10,3000*300},{20,5000*300},{30,10000*300},{40,16000*300},{50,30000*300},{100,150000*300},{110,200000*300},{120,74726119},{130,91597155},{140,105044397},{150,120265116},{160,137479534},{170,156934186},{180,178904972},{190,203700573},{200,231666245}",,0,0,"{10,1140},{20,2090},{30,3040},{40,3990},{50,4940},{60,5889},{70,6839},{80,7789},{100,9689},{110,10640},{120,11590},{130,12540},{140,13699},{150,15086},{160,16587},{170,18240},{180,20083},{190,22078},{200,24282}","{10,60},{20,120},{30,300},{40,500}","{10,60},{20,120},{30,300},{40,500}",0,0,0,0,"{10,210},{20,410},{30,610},{40,810},{50,1010},{60,1210},{70,1410},{80,1610},{100,2010},{110,2210},{120,2410},{130,2610},{140,2860},{150,3146},{160,3461},{170,3807},{180,4188},{190,4607},{200,5068}","{10,210},{20,410},{30,610},{40,810},{50,1010},{60,1210},{70,1410},{80,1610},{100,2010},{110,2210},{120,2410},{130,2610},{140,2860},{150,3146},{160,3461},{170,3807},{180,4188},{190,4607},{200,5068}","{10,210},{20,410},{30,610},{40,810},{50,1010},{60,1210},{70,1410},{80,1610},{100,2010},{110,2210},{120,2410},{130,2610},{140,2860},{150,3146},{160,3461},{170,3807},{180,4188},{190,4607},{200,5068}","{10,210},{20,410},{30,610},{40,810},{50,1010},{60,1210},{70,1410},{80,1610},{100,2010},{110,2210},{120,2410},{130,2610},{140,2860},{150,3146},{160,3461},{170,3807},{180,4188},{190,4607},{200,5068}","{10,210},{20,410},{30,610},{40,810},{50,1010},{60,1210},{70,1410},{80,1610},{100,2010},{110,2210},{120,2410},{130,2610},{140,2860},{150,3146},{160,3461},{170,3807},{180,4188},{190,4607},{200,5068}","{10,257},{20,300},{30,342},{40,385},{50,428},{60,471},{70,514},{80,557},{100,642},{110,685},{120,728},{130,771},{140,1103},{150,1214},{160,1335},{170,1468},{180,1615},{190,1777},{200,1955}",,
Battle_leader,Tướng Chiến Trường,138,15,"{10,3000*20},{20,5000*20},{30,10000*20},{40,16000*20},{50,30000*20},{100,150000*20},{110,200000*20},{120,4981741},{130,6106477},{140,7002959},{150,8017674},{160,9165302},{170,10462279},{180,11926998},{190,13580038},{200,15444416}",,0,0,"{10,1140},{20,2090},{30,3040},{40,3990},{50,4940},{60,5889},{70,6839},{80,7789},{100,9689},{110,10640},{120,11590},{130,12540},{140,13699},{150,15086},{160,16587},{170,18240},{180,20083},{190,22078},{200,24282}","{10,60*2},{20,120*2},{30,300*2},{40,500*2},{100,2000*2},{110,2500*2}","{10,60*2},{20,120*2},{30,300*2},{40,500*2},{100,2000*2},{110,2500*2}",0,0,0,0,"{10,210},{20,410},{30,610},{40,810},{50,1010},{60,1210},{70,1410},{80,1610},{100,2010},{110,2210},{120,2410},{130,2610},{140,2860},{150,3146},{160,3461},{170,3807},{180,4188},{190,4607},{200,5068}","{10,210},{20,410},{30,610},{40,810},{50,1010},{60,1210},{70,1410},{80,1610},{100,2010},{110,2210},{120,2410},{130,2610},{140,2860},{150,3146},{160,3461},{170,3807},{180,4188},{190,4607},{200,5068}","{10,210},{20,410},{30,610},{40,810},{50,1010},{60,1210},{70,1410},{80,1610},{100,2010},{110,2210},{120,2410},{130,2610},{140,2860},{150,3146},{160,3461},{170,3807},{180,4188},{190,4607},{200,5068}","{10,210},{20,410},{30,610},{40,810},{50,1010},{60,1210},{70,1410},{80,1610},{100,2010},{110,2210},{120,2410},{130,2610},{140,2860},{150,3146},{160,3461},{170,3807},{180,4188},{190,4607},{200,5068}","{10,210},{20,410},{30,610},{40,810},{50,1010},{60,1210},{70,1410},{80,1610},{100,2010},{110,2210},{120,2410},{130,2610},{140,2860},{150,3146},{160,3461},{170,3807},{180,4188},{190,4607},{200,5068}","{10,257},{20,300},{30,342},{40,385},{50,428},{60,471},{70,514},{80,557},{100,642},{110,685},{120,728},{130,771},{140,1103},{150,1214},{160,1335},{170,1468},{180,1615},{190,1777},{200,1955}",,
Battle_Boss,Nguyên Soái Chiến Trường,139,15,"{10,3000*100},{20,5000*100},{30,10000*100},{40,16000*100},{50,30000*100},{100,150000*100},{110,200000*100},{120,24908706},{130,30532385},{140,35014799},{150,40088372},{160,45826511},{170,52311395},{180,59634990},{190,67900191},{200,77222081}",,0,0,"{10,1140},{20,2090},{30,3040},{40,3990},{50,4940},{60,5889},{70,6839},{80,7789},{100,9689},{110,10640},{120,11590},{130,12540},{140,13699},{150,15086},{160,16587},{170,18240},{180,20083},{190,22078},{200,24282}","{10,60*4},{20,120*4},{30,300*4},{40,500*4},{100,2000*4},{110,2500*4}","{10,60*4},{20,120*4},{30,300*4},{40,500*4},{100,2000*4},{110,2500*4}",0,0,0,0,"{10,210},{20,410},{30,610},{40,810},{50,1010},{60,1210},{70,1410},{80,1610},{100,2010},{110,2210},{120,2410},{130,2610},{140,2860},{150,3146},{160,3461},{170,3807},{180,4188},{190,4607},{200,5068}","{10,210},{20,410},{30,610},{40,810},{50,1010},{60,1210},{70,1410},{80,1610},{100,2010},{110,2210},{120,2410},{130,2610},{140,2860},{150,3146},{160,3461},{170,3807},{180,4188},{190,4607},{200,5068}","{10,210},{20,410},{30,610},{40,810},{50,1010},{60,1210},{70,1410},{80,1610},{100,2010},{110,2210},{120,2410},{130,2610},{140,2860},{150,3146},{160,3461},{170,3807},{180,4188},{190,4607},{200,5068}","{10,210},{20,410},{30,610},{40,810},{50,1010},{60,1210},{70,1410},{80,1610},{100,2010},{110,2210},{120,2410},{130,2610},{140,2860},{150,3146},{160,3461},{170,3807},{180,4188},{190,4607},{200,5068}","{10,210},{20,410},{30,610},{40,810},{50,1010},{60,1210},{70,1410},{80,1610},{100,2010},{110,2210},{120,2410},{130,2610},{140,2860},{150,3146},{160,3461},{170,3807},{180,4188},{190,4607},{200,5068}","{10,257},{20,300},{30,342},{40,385},{50,428},{60,471},{70,514},{80,557},{100,642},{110,685},{120,728},{130,771},{140,1103},{150,1214},{160,1335},{170,1468},{180,1615},{190,1777},{200,1955}",,
MobaBattle_Solider1,Ma Bá Chiến Trường-Lính (Sơ),140,15,"{90,680000*0.7},{100,800000*0.7},{110,960000*0.7},{120,1120000*0.7},{130,1280000*0.7},{140,1440000*0.7},{150,1600000*0.7},{160,1465828},{170,1673257},{180,1907513},{190,2171887},{200,2470062}",,0,0,"{10,1140},{20,2090},{30,3040},{40,3990},{50,4940},{60,5889},{70,6839},{80,7789},{100,9689},{110,10640},{120,11590},{130,12540},{140,13699},{150,15086},{160,16587},{170,18240},{180,20083},{190,22078},{200,24282}","{90,680000*0.7*0.06},{100,800000*0.7*0.06},{110,960000*0.7*0.06},{120,1120000*0.7*0.06},{130,1280000*0.7*0.06},{140,1440000*0.7*0.06},{150,1600000*0.7*0.06}","{90,680000*0.7*0.06},{100,800000*0.7*0.06},{110,960000*0.7*0.06},{120,1120000*0.7*0.06},{130,1280000*0.7*0.06},{140,1440000*0.7*0.06},{150,1600000*0.7*0.06}",0,0,0,0,"{10,210},{20,410},{30,610},{40,810},{50,1010},{60,1210},{70,1410},{80,1610},{100,2010},{110,2210},{120,2410},{130,2610},{140,2860},{150,3146},{160,3461},{170,3807},{180,4188},{190,4607},{200,5068}","{10,210},{20,410},{30,610},{40,810},{50,1010},{60,1210},{70,1410},{80,1610},{100,2010},{110,2210},{120,2410},{130,2610},{140,2860},{150,3146},{160,3461},{170,3807},{180,4188},{190,4607},{200,5068}","{10,210},{20,410},{30,610},{40,810},{50,1010},{60,1210},{70,1410},{80,1610},{100,2010},{110,2210},{120,2410},{130,2610},{140,2860},{150,3146},{160,3461},{170,3807},{180,4188},{190,4607},{200,5068}","{10,210},{20,410},{30,610},{40,810},{50,1010},{60,1210},{70,1410},{80,1610},{100,2010},{110,2210},{120,2410},{130,2610},{140,2860},{150,3146},{160,3461},{170,3807},{180,4188},{190,4607},{200,5068}","{10,210},{20,410},{30,610},{40,810},{50,1010},{60,1210},{70,1410},{80,1610},{100,2010},{110,2210},{120,2410},{130,2610},{140,2860},{150,3146},{160,3461},{170,3807},{180,4188},{190,4607},{200,5068}","{10,257},{20,300},{30,342},{40,385},{50,428},{60,471},{70,514},{80,557},{100,642},{110,685},{120,728},{130,771},{140,1103},{150,1214},{160,1335},{170,1468},{180,1615},{190,1777},{200,1955}",,
MobaBattle_Solider2,Ma Bá Chiến Trường-Lính (Trung),141,15,"{90,680000*1},{100,800000*1},{110,960000*1},{120,1120000*1},{130,1280000*1},{140,1440000*1},{150,1600000*1},{160,2094040},{170,2390367},{180,2725018},{190,3102696},{200,3528660}",,0,0,"{10,1140},{20,2090},{30,3040},{40,3990},{50,4940},{60,5889},{70,6839},{80,7789},{100,9689},{110,10640},{120,11590},{130,12540},{140,13699},{150,15086},{160,16587},{170,18240},{180,20083},{190,22078},{200,24282}","{90,680000*1*0.06},{100,800000*1*0.06},{110,960000*1*0.06},{120,1120000*1*0.06},{130,1280000*1*0.06},{140,1440000*1*0.06},{150,1600000*1*0.06}","{90,680000*1*0.06},{100,800000*1*0.06},{110,960000*1*0.06},{120,1120000*1*0.06},{130,1280000*1*0.06},{140,1440000*1*0.06},{150,1600000*1*0.06}",0,0,0,0,"{10,210},{20,410},{30,610},{40,810},{50,1010},{60,1210},{70,1410},{80,1610},{100,2010},{110,2210},{120,2410},{130,2610},{140,2860},{150,3146},{160,3461},{170,3807},{180,4188},{190,4607},{200,5068}","{10,210},{20,410},{30,610},{40,810},{50,1010},{60,1210},{70,1410},{80,1610},{100,2010},{110,2210},{120,2410},{130,2610},{140,2860},{150,3146},{160,3461},{170,3807},{180,4188},{190,4607},{200,5068}","{10,210},{20,410},{30,610},{40,810},{50,1010},{60,1210},{70,1410},{80,1610},{100,2010},{110,2210},{120,2410},{130,2610},{140,2860},{150,3146},{160,3461},{170,3807},{180,4188},{190,4607},{200,5068}","{10,210},{20,410},{30,610},{40,810},{50,1010},{60,1210},{70,1410},{80,1610},{100,2010},{110,2210},{120,2410},{130,2610},{140,2860},{150,3146},{160,3461},{170,3807},{180,4188},{190,4607},{200,5068}","{10,210},{20,410},{30,610},{40,810},{50,1010},{60,1210},{70,1410},{80,1610},{100,2010},{110,2210},{120,2410},{130,2610},{140,2860},{150,3146},{160,3461},{170,3807},{180,4188},{190,4607},{200,5068}","{10,257},{20,300},{30,342},{40,385},{50,428},{60,471},{70,514},{80,557},{100,642},{110,685},{120,728},{130,771},{140,1103},{150,1214},{160,1335},{170,1468},{180,1615},{190,1777},{200,1955}",,
MobaBattle_Solider3,Ma Bá Chiến Trường-Lính (Cao),142,15,"{90,680000*1.2},{100,800000*1.2},{110,960000*1.2},{120,1120000*1.2},{130,1280000*1.2},{140,1440000*1.2},{150,1600000*1.2},{160,2512848},{170,2868440},{180,3270022},{190,3723236},{200,4234392}",,0,0,"{10,1140},{20,2090},{30,3040},{40,3990},{50,4940},{60,5889},{70,6839},{80,7789},{100,9689},{110,10640},{120,11590},{130,12540},{140,13699},{150,15086},{160,16587},{170,18240},{180,20083},{190,22078},{200,24282}","{90,680000*1.2*0.06},{100,800000*1.2*0.06},{110,960000*1.2*0.06},{120,1120000*1.2*0.06},{130,1280000*1.2*0.06},{140,1440000*1.2*0.06},{150,1600000*1.2*0.06}","{90,680000*1.2*0.06},{100,800000*1.2*0.06},{110,960000*1.2*0.06},{120,1120000*1.2*0.06},{130,1280000*1.2*0.06},{140,1440000*1.2*0.06},{150,1600000*1.2*0.06}",0,0,0,0,"{10,210},{20,410},{30,610},{40,810},{50,1010},{60,1210},{70,1410},{80,1610},{100,2010},{110,2210},{120,2410},{130,2610},{140,2860},{150,3146},{160,3461},{170,3807},{180,4188},{190,4607},{200,5068}","{10,210},{20,410},{30,610},{40,810},{50,1010},{60,1210},{70,1410},{80,1610},{100,2010},{110,2210},{120,2410},{130,2610},{140,2860},{150,3146},{160,3461},{170,3807},{180,4188},{190,4607},{200,5068}","{10,210},{20,410},{30,610},{40,810},{50,1010},{60,1210},{70,1410},{80,1610},{100,2010},{110,2210},{120,2410},{130,2610},{140,2860},{150,3146},{160,3461},{170,3807},{180,4188},{190,4607},{200,5068}","{10,210},{20,410},{30,610},{40,810},{50,1010},{60,1210},{70,1410},{80,1610},{100,2010},{110,2210},{120,2410},{130,2610},{140,2860},{150,3146},{160,3461},{170,3807},{180,4188},{190,4607},{200,5068}","{10,210},{20,410},{30,610},{40,810},{50,1010},{60,1210},{70,1410},{80,1610},{100,2010},{110,2210},{120,2410},{130,2610},{140,2860},{150,3146},{160,3461},{170,3807},{180,4188},{190,4607},{200,5068}","{10,257},{20,300},{30,342},{40,385},{50,428},{60,471},{70,514},{80,557},{100,642},{110,685},{120,728},{130,771},{140,1103},{150,1214},{160,1335},{170,1468},{180,1615},{190,1777},{200,1955}",,
MobaBattle_Tower1,Ma Bá Chiến Trường-Tháp Phòng Thủ (Sơ),143,15,"{90,680000*0.7*10},{100,800000*0.7*10},{110,960000*0.7*10},{120,1120000*0.7*10},{130,1280000*0.7*10},{140,1440000*0.7*10},{150,1600000*0.7*10},{160,14658285},{170,16732571},{180,19075131},{190,21718877},{200,24700621}",,0,0,"{10,1140},{20,2090},{30,3040},{40,3990},{50,4940},{60,5889},{70,6839},{80,7789},{100,9689},{110,10640},{120,11590},{130,12540},{140,13699},{150,15086},{160,16587},{170,18240},{180,20083},{190,22078},{200,24282}","{10,45},{20,100},{30,200},{40,500},{50,700}","{10,45},{20,100},{30,200},{40,500},{50,700}",0,0,0,0,"{10,210},{20,410},{30,610},{40,810},{50,1010},{60,1210},{70,1410},{80,1610},{100,2010},{110,2210},{120,2410},{130,2610},{140,2860},{150,3146},{160,3461},{170,3807},{180,4188},{190,4607},{200,5068}","{10,210},{20,410},{30,610},{40,810},{50,1010},{60,1210},{70,1410},{80,1610},{100,2010},{110,2210},{120,2410},{130,2610},{140,2860},{150,3146},{160,3461},{170,3807},{180,4188},{190,4607},{200,5068}","{10,210},{20,410},{30,610},{40,810},{50,1010},{60,1210},{70,1410},{80,1610},{100,2010},{110,2210},{120,2410},{130,2610},{140,2860},{150,3146},{160,3461},{170,3807},{180,4188},{190,4607},{200,5068}","{10,210},{20,410},{30,610},{40,810},{50,1010},{60,1210},{70,1410},{80,1610},{100,2010},{110,2210},{120,2410},{130,2610},{140,2860},{150,3146},{160,3461},{170,3807},{180,4188},{190,4607},{200,5068}","{10,210},{20,410},{30,610},{40,810},{50,1010},{60,1210},{70,1410},{80,1610},{100,2010},{110,2210},{120,2410},{130,2610},{140,2860},{150,3146},{160,3461},{170,3807},{180,4188},{190,4607},{200,5068}","{10,257},{20,300},{30,342},{40,385},{50,428},{60,471},{70,514},{80,557},{100,642},{110,685},{120,728},{130,771},{140,1103},{150,1214},{160,1335},{170,1468},{180,1615},{190,1777},{200,1955}",,
MobaBattle_Tower2,Ma Bá Chiến Trường-Tháp Phòng Thủ (Trung),144,15,"{90,680000*1*10},{100,800000*1*10},{110,960000*1*10},{120,1120000*1*10},{130,1280000*1*10},{140,1440000*1*10},{150,1600000*1*10},{160,20940408},{170,23903673},{180,27250187},{190,31026968},{200,35286602}",,0,0,"{10,1140},{20,2090},{30,3040},{40,3990},{50,4940},{60,5889},{70,6839},{80,7789},{100,9689},{110,10640},{120,11590},{130,12540},{140,13699},{150,15086},{160,16587},{170,18240},{180,20083},{190,22078},{200,24282}","{10,45},{20,100},{30,200},{40,500},{50,700}","{10,45},{20,100},{30,200},{40,500},{50,700}",0,0,0,0,"{10,210},{20,410},{30,610},{40,810},{50,1010},{60,1210},{70,1410},{80,1610},{100,2010},{110,2210},{120,2410},{130,2610},{140,2860},{150,3146},{160,3461},{170,3807},{180,4188},{190,4607},{200,5068}","{10,210},{20,410},{30,610},{40,810},{50,1010},{60,1210},{70,1410},{80,1610},{100,2010},{110,2210},{120,2410},{130,2610},{140,2860},{150,3146},{160,3461},{170,3807},{180,4188},{190,4607},{200,5068}","{10,210},{20,410},{30,610},{40,810},{50,1010},{60,1210},{70,1410},{80,1610},{100,2010},{110,2210},{120,2410},{130,2610},{140,2860},{150,3146},{160,3461},{170,3807},{180,4188},{190,4607},{200,5068}","{10,210},{20,410},{30,610},{40,810},{50,1010},{60,1210},{70,1410},{80,1610},{100,2010},{110,2210},{120,2410},{130,2610},{140,2860},{150,3146},{160,3461},{170,3807},{180,4188},{190,4607},{200,5068}","{10,210},{20,410},{30,610},{40,810},{50,1010},{60,1210},{70,1410},{80,1610},{100,2010},{110,2210},{120,2410},{130,2610},{140,2860},{150,3146},{160,3461},{170,3807},{180,4188},{190,4607},{200,5068}","{10,257},{20,300},{30,342},{40,385},{50,428},{60,471},{70,514},{80,557},{100,642},{110,685},{120,728},{130,771},{140,1103},{150,1214},{160,1335},{170,1468},{180,1615},{190,1777},{200,1955}",,
MobaBattle_Tower3,Ma Bá Chiến Trường-Tháp Phòng Thủ (Cao),145,15,"{90,680000*1.8*10},{100,800000*1.8*10},{110,960000*1.8*10},{120,1120000*1.8*10},{130,1280000*1.8*10},{140,1440000*1.8*10},{150,1600000*1.8*10},{160,37692734},{170,43026612},{180,49050337},{190,55848542},{200,63515884}",,0,0,"{10,1140},{20,2090},{30,3040},{40,3990},{50,4940},{60,5889},{70,6839},{80,7789},{100,9689},{110,10640},{120,11590},{130,12540},{140,13699},{150,15086},{160,16587},{170,18240},{180,20083},{190,22078},{200,24282}","{10,45},{20,100},{30,200},{40,500},{50,700}","{10,45},{20,100},{30,200},{40,500},{50,700}",0,0,0,0,"{10,210},{20,410},{30,610},{40,810},{50,1010},{60,1210},{70,1410},{80,1610},{100,2010},{110,2210},{120,2410},{130,2610},{140,2860},{150,3146},{160,3461},{170,3807},{180,4188},{190,4607},{200,5068}","{10,210},{20,410},{30,610},{40,810},{50,1010},{60,1210},{70,1410},{80,1610},{100,2010},{110,2210},{120,2410},{130,2610},{140,2860},{150,3146},{160,3461},{170,3807},{180,4188},{190,4607},{200,5068}","{10,210},{20,410},{30,610},{40,810},{50,1010},{60,1210},{70,1410},{80,1610},{100,2010},{110,2210},{120,2410},{130,2610},{140,2860},{150,3146},{160,3461},{170,3807},{180,4188},{190,4607},{200,5068}","{10,210},{20,410},{30,610},{40,810},{50,1010},{60,1210},{70,1410},{80,1610},{100,2010},{110,2210},{120,2410},{130,2610},{140,2860},{150,3146},{160,3461},{170,3807},{180,4188},{190,4607},{200,5068}","{10,210},{20,410},{30,610},{40,810},{50,1010},{60,1210},{70,1410},{80,1610},{100,2010},{110,2210},{120,2410},{130,2610},{140,2860},{150,3146},{160,3461},{170,3807},{180,4188},{190,4607},{200,5068}","{10,257},{20,300},{30,342},{40,385},{50,428},{60,471},{70,514},{80,557},{100,642},{110,685},{120,728},{130,771},{140,1103},{150,1214},{160,1335},{170,1468},{180,1615},{190,1777},{200,1955}",,
MobaBattle_BOSS1,Ma Bá Chiến Trường-BOSS (Sơ),146,15,"{90,680000*0.7*10},{100,800000*0.7*10},{110,960000*0.7*10},{120,1120000*0.7*10},{130,1280000*0.7*10},{140,1440000*0.7*10},{150,1600000*0.7*10},{160,14658285},{170,16732571},{180,19075131},{190,21718877},{200,24700621}",,0,0,"{10,1140},{20,2090},{30,3040},{40,3990},{50,4940},{60,5889},{70,6839},{80,7789},{100,9689},{110,10640},{120,11590},{130,12540},{140,13699},{150,15086},{160,16587},{170,18240},{180,20083},{190,22078},{200,24282}","{10,45},{20,100},{30,200},{40,500},{50,700}","{10,45},{20,100},{30,200},{40,500},{50,700}",0,0,0,0,"{10,210},{20,410},{30,610},{40,810},{50,1010},{60,1210},{70,1410},{80,1610},{100,2010},{110,2210},{120,2410},{130,2610},{140,2860},{150,3146},{160,3461},{170,3807},{180,4188},{190,4607},{200,5068}","{10,210},{20,410},{30,610},{40,810},{50,1010},{60,1210},{70,1410},{80,1610},{100,2010},{110,2210},{120,2410},{130,2610},{140,2860},{150,3146},{160,3461},{170,3807},{180,4188},{190,4607},{200,5068}","{10,210},{20,410},{30,610},{40,810},{50,1010},{60,1210},{70,1410},{80,1610},{100,2010},{110,2210},{120,2410},{130,2610},{140,2860},{150,3146},{160,3461},{170,3807},{180,4188},{190,4607},{200,5068}","{10,210},{20,410},{30,610},{40,810},{50,1010},{60,1210},{70,1410},{80,1610},{100,2010},{110,2210},{120,2410},{130,2610},{140,2860},{150,3146},{160,3461},{170,3807},{180,4188},{190,4607},{200,5068}","{10,210},{20,410},{30,610},{40,810},{50,1010},{60,1210},{70,1410},{80,1610},{100,2010},{110,2210},{120,2410},{130,2610},{140,2860},{150,3146},{160,3461},{170,3807},{180,4188},{190,4607},{200,5068}","{10,257},{20,300},{30,342},{40,385},{50,428},{60,471},{70,514},{80,557},{100,642},{110,685},{120,728},{130,771},{140,1103},{150,1214},{160,1335},{170,1468},{180,1615},{190,1777},{200,1955}",,
MobaBattle_BOSS2,Ma Bá Chiến Trường-BOSS (Trung),147,15,"{90,680000*1*10},{100,800000*1*10},{110,960000*1*10},{120,1120000*1*10},{130,1280000*1*10},{140,1440000*1*10},{150,1600000*1*10},{160,20940408},{170,23903673},{180,27250187},{190,31026968},{200,35286602}",,0,0,"{10,1140},{20,2090},{30,3040},{40,3990},{50,4940},{60,5889},{70,6839},{80,7789},{100,9689},{110,10640},{120,11590},{130,12540},{140,13699},{150,15086},{160,16587},{170,18240},{180,20083},{190,22078},{200,24282}","{10,45},{20,100},{30,200},{40,500},{50,700}","{10,45},{20,100},{30,200},{40,500},{50,700}",0,0,0,0,"{10,210},{20,410},{30,610},{40,810},{50,1010},{60,1210},{70,1410},{80,1610},{100,2010},{110,2210},{120,2410},{130,2610},{140,2860},{150,3146},{160,3461},{170,3807},{180,4188},{190,4607},{200,5068}","{10,210},{20,410},{30,610},{40,810},{50,1010},{60,1210},{70,1410},{80,1610},{100,2010},{110,2210},{120,2410},{130,2610},{140,2860},{150,3146},{160,3461},{170,3807},{180,4188},{190,4607},{200,5068}","{10,210},{20,410},{30,610},{40,810},{50,1010},{60,1210},{70,1410},{80,1610},{100,2010},{110,2210},{120,2410},{130,2610},{140,2860},{150,3146},{160,3461},{170,3807},{180,4188},{190,4607},{200,5068}","{10,210},{20,410},{30,610},{40,810},{50,1010},{60,1210},{70,1410},{80,1610},{100,2010},{110,2210},{120,2410},{130,2610},{140,2860},{150,3146},{160,3461},{170,3807},{180,4188},{190,4607},{200,5068}","{10,210},{20,410},{30,610},{40,810},{50,1010},{60,1210},{70,1410},{80,1610},{100,2010},{110,2210},{120,2410},{130,2610},{140,2860},{150,3146},{160,3461},{170,3807},{180,4188},{190,4607},{200,5068}","{10,257},{20,300},{30,342},{40,385},{50,428},{60,471},{70,514},{80,557},{100,642},{110,685},{120,728},{130,771},{140,1103},{150,1214},{160,1335},{170,1468},{180,1615},{190,1777},{200,1955}",,
MobaBattle_BOSS3,Ma Bá Chiến Trường-BOSS (Cao),148,15,"{90,680000*1.2*10},{100,800000*1.2*10},{110,960000*1.2*10},{120,1120000*1.2*10},{130,1280000*1.2*10},{140,1440000*1.2*10},{150,1600000*1.2*10},{160,25128489},{170,28684408},{180,32700225},{190,37232361},{200,42343923}",,0,0,"{10,1140},{20,2090},{30,3040},{40,3990},{50,4940},{60,5889},{70,6839},{80,7789},{100,9689},{110,10640},{120,11590},{130,12540},{140,13699},{150,15086},{160,16587},{170,18240},{180,20083},{190,22078},{200,24282}","{10,45},{20,100},{30,200},{40,500},{50,700}","{10,45},{20,100},{30,200},{40,500},{50,700}",0,0,0,0,"{10,210},{20,410},{30,610},{40,810},{50,1010},{60,1210},{70,1410},{80,1610},{100,2010},{110,2210},{120,2410},{130,2610},{140,2860},{150,3146},{160,3461},{170,3807},{180,4188},{190,4607},{200,5068}","{10,210},{20,410},{30,610},{40,810},{50,1010},{60,1210},{70,1410},{80,1610},{100,2010},{110,2210},{120,2410},{130,2610},{140,2860},{150,3146},{160,3461},{170,3807},{180,4188},{190,4607},{200,5068}","{10,210},{20,410},{30,610},{40,810},{50,1010},{60,1210},{70,1410},{80,1610},{100,2010},{110,2210},{120,2410},{130,2610},{140,2860},{150,3146},{160,3461},{170,3807},{180,4188},{190,4607},{200,5068}","{10,210},{20,410},{30,610},{40,810},{50,1010},{60,1210},{70,1410},{80,1610},{100,2010},{110,2210},{120,2410},{130,2610},{140,2860},{150,3146},{160,3461},{170,3807},{180,4188},{190,4607},{200,5068}","{10,210},{20,410},{30,610},{40,810},{50,1010},{60,1210},{70,1410},{80,1610},{100,2010},{110,2210},{120,2410},{130,2610},{140,2860},{150,3146},{160,3461},{170,3807},{180,4188},{190,4607},{200,5068}","{10,257},{20,300},{30,342},{40,385},{50,428},{60,471},{70,514},{80,557},{100,642},{110,685},{120,728},{130,771},{140,1103},{150,1214},{160,1335},{170,1468},{180,1615},{190,1777},{200,1955}",,
MobaBattle_monster1,Ma Bá Chiến Trường-Dã Quái (Sơ),149,15,"{90,680000*0.7*0.5},{100,800000*0.7*0.5},{110,960000*0.7*0.5},{120,1120000*0.7*0.5},{130,1280000*0.7*0.5},{140,1440000*0.7*0.5},{150,1600000*0.7*0.5},{160,732914},{170,836628},{180,953756},{190,1085943},{200,1235031}",,0,0,"{10,1140},{20,2090},{30,3040},{40,3990},{50,4940},{60,5889},{70,6839},{80,7789},{100,9689},{110,10640},{120,11590},{130,12540},{140,13699},{150,15086},{160,16587},{170,18240},{180,20083},{190,22078},{200,24282}","{90,680000*0.7*0.06},{100,800000*0.7*0.06},{110,960000*0.7*0.06},{120,1120000*0.7*0.06},{130,1280000*0.7*0.06},{140,1440000*0.7*0.06},{150,1600000*0.7*0.06}","{90,680000*0.7*0.06},{100,800000*0.7*0.06},{110,960000*0.7*0.06},{120,1120000*0.7*0.06},{130,1280000*0.7*0.06},{140,1440000*0.7*0.06},{150,1600000*0.7*0.06}",0,0,0,0,"{10,210},{20,410},{30,610},{40,810},{50,1010},{60,1210},{70,1410},{80,1610},{100,2010},{110,2210},{120,2410},{130,2610},{140,2860},{150,3146},{160,3461},{170,3807},{180,4188},{190,4607},{200,5068}","{10,210},{20,410},{30,610},{40,810},{50,1010},{60,1210},{70,1410},{80,1610},{100,2010},{110,2210},{120,2410},{130,2610},{140,2860},{150,3146},{160,3461},{170,3807},{180,4188},{190,4607},{200,5068}","{10,210},{20,410},{30,610},{40,810},{50,1010},{60,1210},{70,1410},{80,1610},{100,2010},{110,2210},{120,2410},{130,2610},{140,2860},{150,3146},{160,3461},{170,3807},{180,4188},{190,4607},{200,5068}","{10,210},{20,410},{30,610},{40,810},{50,1010},{60,1210},{70,1410},{80,1610},{100,2010},{110,2210},{120,2410},{130,2610},{140,2860},{150,3146},{160,3461},{170,3807},{180,4188},{190,4607},{200,5068}","{10,210},{20,410},{30,610},{40,810},{50,1010},{60,1210},{70,1410},{80,1610},{100,2010},{110,2210},{120,2410},{130,2610},{140,2860},{150,3146},{160,3461},{170,3807},{180,4188},{190,4607},{200,5068}","{10,257},{20,300},{30,342},{40,385},{50,428},{60,471},{70,514},{80,557},{100,642},{110,685},{120,728},{130,771},{140,1103},{150,1214},{160,1335},{170,1468},{180,1615},{190,1777},{200,1955}",,
MobaBattle_monster2,Ma Bá Chiến Trường-Dã Quái (Trung),150,15,"{90,680000*1*0.5},{100,800000*1*0.5},{110,960000*1*0.5},{120,1120000*1*0.5},{130,1280000*1*0.5},{140,1440000*1*0.5},{150,1600000*1*0.5},{160,1047020},{170,1195183},{180,1362509},{190,1551348},{200,1764330}",,0,0,"{10,1140},{20,2090},{30,3040},{40,3990},{50,4940},{60,5889},{70,6839},{80,7789},{100,9689},{110,10640},{120,11590},{130,12540},{140,13699},{150,15086},{160,16587},{170,18240},{180,20083},{190,22078},{200,24282}","{90,680000*1*0.06},{100,800000*1*0.06},{110,960000*1*0.06},{120,1120000*1*0.06},{130,1280000*1*0.06},{140,1440000*1*0.06},{150,1600000*1*0.06}","{90,680000*1*0.06},{100,800000*1*0.06},{110,960000*1*0.06},{120,1120000*1*0.06},{130,1280000*1*0.06},{140,1440000*1*0.06},{150,1600000*1*0.06}",0,0,0,0,"{10,210},{20,410},{30,610},{40,810},{50,1010},{60,1210},{70,1410},{80,1610},{100,2010},{110,2210},{120,2410},{130,2610},{140,2860},{150,3146},{160,3461},{170,3807},{180,4188},{190,4607},{200,5068}","{10,210},{20,410},{30,610},{40,810},{50,1010},{60,1210},{70,1410},{80,1610},{100,2010},{110,2210},{120,2410},{130,2610},{140,2860},{150,3146},{160,3461},{170,3807},{180,4188},{190,4607},{200,5068}","{10,210},{20,410},{30,610},{40,810},{50,1010},{60,1210},{70,1410},{80,1610},{100,2010},{110,2210},{120,2410},{130,2610},{140,2860},{150,3146},{160,3461},{170,3807},{180,4188},{190,4607},{200,5068}","{10,210},{20,410},{30,610},{40,810},{50,1010},{60,1210},{70,1410},{80,1610},{100,2010},{110,2210},{120,2410},{130,2610},{140,2860},{150,3146},{160,3461},{170,3807},{180,4188},{190,4607},{200,5068}","{10,210},{20,410},{30,610},{40,810},{50,1010},{60,1210},{70,1410},{80,1610},{100,2010},{110,2210},{120,2410},{130,2610},{140,2860},{150,3146},{160,3461},{170,3807},{180,4188},{190,4607},{200,5068}","{10,257},{20,300},{30,342},{40,385},{50,428},{60,471},{70,514},{80,557},{100,642},{110,685},{120,728},{130,771},{140,1103},{150,1214},{160,1335},{170,1468},{180,1615},{190,1777},{200,1955}",,
act_shouwei_gold,Thủ Vệ Danh Hiệp-Quái Kim,151,15,"{10,700*2.4},{14,1500*2.4},{20,3000*2.4},{30,8000*2.4},{40,10000*2.4},{100,100000*3},{110,120000*3},{120,144000*3},{130,172800*3},{140,207360*3},{150,248830*3},{160,258598*3},{170,358320*3},{180,429980*3},{190,516000*3},{200,620000*3}",,,,"{10,1000},{100,2800},{150,7000}",100,100,,,,,"{10,500*0.7},{20,1000*0.7},{30,1500*0.7},{40,1900*0.7},{50,2400*0.7},{60,2800*0.7},{70,3300*0.7},{80,3800*0.7},{90,4250*0.7},{100,4700*0.7},{110,5170*0.7},{120,5687*0.7},{130,6255*0.7},{140,6880*0.7},{150,7568*0.7},{160,8324*0.7},{170,9156*0.7},{180,10071*0.7},{190,11078*0.7},{200,12185*0.7}","{10,500},{20,1000},{30,1500},{40,1900},{50,2400},{60,2800},{70,3300},{80,3800},{90,4250},{100,4700},{110,5170},{120,5687},{130,6255},{140,6880},{150,7568},{160,8324},{170,9156},{180,10071},{190,11078},{200,12185}","{10,500*0.7},{20,1000*0.7},{30,1500*0.7},{40,1900*0.7},{50,2400*0.7},{60,2800*0.7},{70,3300*0.7},{80,3800*0.7},{90,4250*0.7},{100,4700*0.7},{110,5170*0.7},{120,5687*0.7},{130,6255*0.7},{140,6880*0.7},{150,7568*0.7},{160,8324*0.7},{170,9156*0.7},{180,10071*0.7},{190,11078*0.7},{200,12185*0.7}",0,"{10,500*0.7},{20,1000*0.7},{30,1500*0.7},{40,1900*0.7},{50,2400*0.7},{60,2800*0.7},{70,3300*0.7},{80,3800*0.7},{90,4250*0.7},{100,4700*0.7},{110,5170*0.7},{120,5687*0.7},{130,6255*0.7},{140,6880*0.7},{150,7568*0.7},{160,8324*0.7},{170,9156*0.7},{180,10071*0.7},{190,11078*0.7},{200,12185*0.7}",,,1000
act_shouwei_wood,Thủ Vệ Danh Hiệp-Quái Mộc,152,15,"{10,700*2.4},{14,1500*2.4},{20,3000*2.4},{30,8000*2.4},{40,10000*2.4},{100,100000*3},{110,120000*3},{120,144000*3},{130,172800*3},{140,207360*3},{150,248830*3},{160,258598*3},{170,358320*3},{180,429980*3},{190,516000*3},{200,620000*3}",,,,"{10,1000},{100,2800},{150,7000}",100,100,,,,,0,"{10,500*0.7},{20,1000*0.7},{30,1500*0.7},{40,1900*0.7},{50,2400*0.7},{60,2800*0.7},{70,3300*0.7},{80,3800*0.7},{90,4250*0.7},{100,4700*0.7},{110,5170*0.7},{120,5687*0.7},{130,6255*0.7},{140,6880*0.7},{150,7568*0.7},{160,8324*0.7},{170,9156*0.7},{180,10071*0.7},{190,11078*0.7},{200,12185*0.7}","{10,500*0.7},{20,1000*0.7},{30,1500*0.7},{40,1900*0.7},{50,2400*0.7},{60,2800*0.7},{70,3300*0.7},{80,3800*0.7},{90,4250*0.7},{100,4700*0.7},{110,5170*0.7},{120,5687*0.7},{130,6255*0.7},{140,6880*0.7},{150,7568*0.7},{160,8324*0.7},{170,9156*0.7},{180,10071*0.7},{190,11078*0.7},{200,12185*0.7}","{10,500*0.7},{20,1000*0.7},{30,1500*0.7},{40,1900*0.7},{50,2400*0.7},{60,2800*0.7},{70,3300*0.7},{80,3800*0.7},{90,4250*0.7},{100,4700*0.7},{110,5170*0.7},{120,5687*0.7},{130,6255*0.7},{140,6880*0.7},{150,7568*0.7},{160,8324*0.7},{170,9156*0.7},{180,10071*0.7},{190,11078*0.7},{200,12185*0.7}","{10,500},{20,1000},{30,1500},{40,1900},{50,2400},{60,2800},{70,3300},{80,3800},{90,4250},{100,4700},{110,5170},{120,5687},{130,6255},{140,6880},{150,7568},{160,8324},{170,9156},{180,10071},{190,11078},{200,12185}",,,1000
act_shouwei_water,Thủ Vệ Danh Hiệp-Quái Thủy,153,15,"{10,700*2.4},{14,1500*2.4},{20,3000*2.4},{30,8000*2.4},{40,10000*2.4},{100,100000*3},{110,120000*3},{120,144000*3},{130,172800*3},{140,207360*3},{150,248830*3},{160,258598*3},{170,358320*3},{180,429980*3},{190,516000*3},{200,620000*3}",,,,"{10,1000},{100,2800},{150,7000}",100,100,,,,,"{10,500*0.7},{20,1000*0.7},{30,1500*0.7},{40,1900*0.7},{50,2400*0.7},{60,2800*0.7},{70,3300*0.7},{80,3800*0.7},{90,4250*0.7},{100,4700*0.7},{110,5170*0.7},{120,5687*0.7},{130,6255*0.7},{140,6880*0.7},{150,7568*0.7},{160,8324*0.7},{170,9156*0.7},{180,10071*0.7},{190,11078*0.7},{200,12185*0.7}","{10,500*0.7},{20,1000*0.7},{30,1500*0.7},{40,1900*0.7},{50,2400*0.7},{60,2800*0.7},{70,3300*0.7},{80,3800*0.7},{90,4250*0.7},{100,4700*0.7},{110,5170*0.7},{120,5687*0.7},{130,6255*0.7},{140,6880*0.7},{150,7568*0.7},{160,8324*0.7},{170,9156*0.7},{180,10071*0.7},{190,11078*0.7},{200,12185*0.7}","{10,500*0.7},{20,1000*0.7},{30,1500*0.7},{40,1900*0.7},{50,2400*0.7},{60,2800*0.7},{70,3300*0.7},{80,3800*0.7},{90,4250*0.7},{100,4700*0.7},{110,5170*0.7},{120,5687*0.7},{130,6255*0.7},{140,6880*0.7},{150,7568*0.7},{160,8324*0.7},{170,9156*0.7},{180,10071*0.7},{190,11078*0.7},{200,12185*0.7}","{10,500},{20,1000},{30,1500},{40,1900},{50,2400},{60,2800},{70,3300},{80,3800},{90,4250},{100,4700},{110,5170},{120,5687},{130,6255},{140,6880},{150,7568},{160,8324},{170,9156},{180,10071},{190,11078},{200,12185}",0,,,1000
act_shouwei_fire,Thủ Vệ Danh Hiệp-Quái Hỏa,154,15,"{10,700*2.4},{14,1500*2.4},{20,3000*2.4},{30,8000*2.4},{40,10000*2.4},{100,100000*3},{110,120000*3},{120,144000*3},{130,172800*3},{140,207360*3},{150,248830*3},{160,258598*3},{170,358320*3},{180,429980*3},{190,516000*3},{200,620000*3}",,,,"{10,1000},{100,2800},{150,7000}",100,100,,,,,"{10,500},{20,1000},{30,1500},{40,1900},{50,2400},{60,2800},{70,3300},{80,3800},{90,4250},{100,4700},{110,5170},{120,5687},{130,6255},{140,6880},{150,7568},{160,8324},{170,9156},{180,10071},{190,11078},{200,12185}","{10,500*0.7},{20,1000*0.7},{30,1500*0.7},{40,1900*0.7},{50,2400*0.7},{60,2800*0.7},{70,3300*0.7},{80,3800*0.7},{90,4250*0.7},{100,4700*0.7},{110,5170*0.7},{120,5687*0.7},{130,6255*0.7},{140,6880*0.7},{150,7568*0.7},{160,8324*0.7},{170,9156*0.7},{180,10071*0.7},{190,11078*0.7},{200,12185*0.7}",0,"{10,500*0.7},{20,1000*0.7},{30,1500*0.7},{40,1900*0.7},{50,2400*0.7},{60,2800*0.7},{70,3300*0.7},{80,3800*0.7},{90,4250*0.7},{100,4700*0.7},{110,5170*0.7},{120,5687*0.7},{130,6255*0.7},{140,6880*0.7},{150,7568*0.7},{160,8324*0.7},{170,9156*0.7},{180,10071*0.7},{190,11078*0.7},{200,12185*0.7}","{10,500*0.7},{20,1000*0.7},{30,1500*0.7},{40,1900*0.7},{50,2400*0.7},{60,2800*0.7},{70,3300*0.7},{80,3800*0.7},{90,4250*0.7},{100,4700*0.7},{110,5170*0.7},{120,5687*0.7},{130,6255*0.7},{140,6880*0.7},{150,7568*0.7},{160,8324*0.7},{170,9156*0.7},{180,10071*0.7},{190,11078*0.7},{200,12185*0.7}",,,1000
act_shouwei_earth,Thủ Vệ Danh Hiệp-Quái Thổ,155,15,"{10,700*2.4},{14,1500*2.4},{20,3000*2.4},{30,8000*2.4},{40,10000*2.4},{100,100000*3},{110,120000*3},{120,144000*3},{130,172800*3},{140,207360*3},{150,248830*3},{160,258598*3},{170,358320*3},{180,429980*3},{190,516000*3},{200,620000*3}",,,,"{10,1000},{100,2800},{150,7000}",100,100,,,,,"{10,500*0.7},{20,1000*0.7},{30,1500*0.7},{40,1900*0.7},{50,2400*0.7},{60,2800*0.7},{70,3300*0.7},{80,3800*0.7},{90,4250*0.7},{100,4700*0.7},{110,5170*0.7},{120,5687*0.7},{130,6255*0.7},{140,6880*0.7},{150,7568*0.7},{160,8324*0.7},{170,9156*0.7},{180,10071*0.7},{190,11078*0.7},{200,12185*0.7}",0,"{10,500},{20,1000},{30,1500},{40,1900},{50,2400},{60,2800},{70,3300},{80,3800},{90,4250},{100,4700},{110,5170},{120,5687},{130,6255},{140,6880},{150,7568},{160,8324},{170,9156},{180,10071},{190,11078},{200,12185}","{10,500*0.7},{20,1000*0.7},{30,1500*0.7},{40,1900*0.7},{50,2400*0.7},{60,2800*0.7},{70,3300*0.7},{80,3800*0.7},{90,4250*0.7},{100,4700*0.7},{110,5170*0.7},{120,5687*0.7},{130,6255*0.7},{140,6880*0.7},{150,7568*0.7},{160,8324*0.7},{170,9156*0.7},{180,10071*0.7},{190,11078*0.7},{200,12185*0.7}","{10,500*0.7},{20,1000*0.7},{30,1500*0.7},{40,1900*0.7},{50,2400*0.7},{60,2800*0.7},{70,3300*0.7},{80,3800*0.7},{90,4250*0.7},{100,4700*0.7},{110,5170*0.7},{120,5687*0.7},{130,6255*0.7},{140,6880*0.7},{150,7568*0.7},{160,8324*0.7},{170,9156*0.7},{180,10071*0.7},{190,11078*0.7},{200,12185*0.7}",,,1000
act_mingxia_gold,Thủ Vệ Danh Hiệp-Danh Hiệp Kim,156,15,"{20,3000*33},{30,4000*33},{40,5000*33},{50,10000*33},{60,15000*33},{70,25000*33},{80,35000*33},{90,55000*33},{100,60000*33},{110,75000*33}",,0,,"{10,1000},{100,2800},{150,7000}","{20,1000},{30,1800},{40,2500},{50,3500},{60,4800},{70,6500},{80,9300},{90,12000},{100,14000},{110,17000},{120,20400},{130,24480},{140,29376},{150,35251},{160,42301},{170,50761},{180,60913},{190,73095},{200,87714}","{20,1000},{30,1800},{40,2500},{50,3500},{60,4800},{70,6500},{80,9300},{90,12000},{100,14000},{110,17000},{120,20400},{130,24480},{140,29376},{150,35251},{160,42301},{170,50761},{180,60913},{190,73095},{200,87714}",0,0,0,0,,"{10,100},{30,150},{40,200},{50,250},{60,300},{70,350},{80,400}","{10,100},{30,150},{40,200},{50,250},{60,300},{70,350},{80,400}","{10,100},{30,150},{40,200},{50,250},{60,300},{70,350},{80,400}","{10,100},{30,150},{40,200},{50,250},{60,300},{70,350},{80,400}","{1,50},{10,100},{50,150},{70,200},{110,800}",,
act_mingxia_wood,Thủ Vệ Danh Hiệp-Danh Hiệp Mộc,157,15,"{20,3000*33},{30,4000*33},{40,5000*33},{50,10000*33},{60,15000*33},{70,25000*33},{80,35000*33},{90,55000*33},{100,60000*33},{110,75000*33}",,0,,"{10,1000},{100,2800},{150,7000}","{20,1000},{30,1800},{40,2500},{50,3500},{60,4800},{70,6500},{80,9300},{90,12000},{100,14000},{110,17000},{120,20400},{130,24480},{140,29376},{150,35251},{160,42301},{170,50761},{180,60913},{190,73095},{200,87714}","{20,1000},{30,1800},{40,2500},{50,3500},{60,4800},{70,6500},{80,9300},{90,12000},{100,14000},{110,17000},{120,20400},{130,24480},{140,29376},{150,35251},{160,42301},{170,50761},{180,60913},{190,73095},{200,87714}",0,0,0,0,,"{10,100},{30,150},{40,200},{50,250},{60,300},{70,350},{80,400}","{10,100},{30,150},{40,200},{50,250},{60,300},{70,350},{80,400}","{10,100},{30,150},{40,200},{50,250},{60,300},{70,350},{80,400}","{10,100},{30,150},{40,200},{50,250},{60,300},{70,350},{80,400}","{1,50},{10,100},{50,150},{70,200},{110,800}",,
act_mingxia_water,Thủ Vệ Danh Hiệp-Danh Hiệp Thủy,158,15,"{20,3000*33},{30,4000*33},{40,5000*33},{50,10000*33},{60,15000*33},{70,25000*33},{80,35000*33},{90,55000*33},{100,60000*33},{110,75000*33}",,0,,"{10,1000},{100,2800},{150,7000}","{20,1000},{30,1800},{40,2500},{50,3500},{60,4800},{70,6500},{80,9300},{90,12000},{100,14000},{110,17000},{120,20400},{130,24480},{140,29376},{150,35251},{160,42301},{170,50761},{180,60913},{190,73095},{200,87714}","{20,1000},{30,1800},{40,2500},{50,3500},{60,4800},{70,6500},{80,9300},{90,12000},{100,14000},{110,17000},{120,20400},{130,24480},{140,29376},{150,35251},{160,42301},{170,50761},{180,60913},{190,73095},{200,87714}",0,0,0,0,,"{10,100},{30,150},{40,200},{50,250},{60,300},{70,350},{80,400}","{10,100},{30,150},{40,200},{50,250},{60,300},{70,350},{80,400}","{10,100},{30,150},{40,200},{50,250},{60,300},{70,350},{80,400}","{10,100},{30,150},{40,200},{50,250},{60,300},{70,350},{80,400}","{1,50},{10,100},{50,150},{70,200},{110,800}",,
act_mingxia_fire,Thủ Vệ Danh Hiệp-Danh Hiệp Hỏa,159,15,"{20,3000*33},{30,4000*33},{40,5000*33},{50,10000*33},{60,15000*33},{70,25000*33},{80,35000*33},{90,55000*33},{100,60000*33},{110,75000*33}",,0,,"{10,1000},{100,2800},{150,7000}","{20,1000},{30,1800},{40,2500},{50,3500},{60,4800},{70,6500},{80,9300},{90,12000},{100,14000},{110,17000},{120,20400},{130,24480},{140,29376},{150,35251},{160,42301},{170,50761},{180,60913},{190,73095},{200,87714}","{20,1000},{30,1800},{40,2500},{50,3500},{60,4800},{70,6500},{80,9300},{90,12000},{100,14000},{110,17000},{120,20400},{130,24480},{140,29376},{150,35251},{160,42301},{170,50761},{180,60913},{190,73095},{200,87714}",0,0,0,0,,"{10,100},{30,150},{40,200},{50,250},{60,300},{70,350},{80,400}","{10,100},{30,150},{40,200},{50,250},{60,300},{70,350},{80,400}","{10,100},{30,150},{40,200},{50,250},{60,300},{70,350},{80,400}","{10,100},{30,150},{40,200},{50,250},{60,300},{70,350},{80,400}","{1,50},{10,100},{50,150},{70,200},{110,800}",,
act_mingxia_earth,Thủ Vệ Danh Hiệp-Danh Hiệp Thổ,160,15,"{20,3000*33},{30,4000*33},{40,5000*33},{50,10000*33},{60,15000*33},{70,25000*33},{80,35000*33},{90,55000*33},{100,60000*33},{110,75000*33}",,0,,"{10,1000},{100,2800},{150,7000}","{20,1000},{30,1800},{40,2500},{50,3500},{60,4800},{70,6500},{80,9300},{90,12000},{100,14000},{110,17000},{120,20400},{130,24480},{140,29376},{150,35251},{160,42301},{170,50761},{180,60913},{190,73095},{200,87714}","{20,1000},{30,1800},{40,2500},{50,3500},{60,4800},{70,6500},{80,9300},{90,12000},{100,14000},{110,17000},{120,20400},{130,24480},{140,29376},{150,35251},{160,42301},{170,50761},{180,60913},{190,73095},{200,87714}",0,0,0,0,,"{10,100},{30,150},{40,200},{50,250},{60,300},{70,350},{80,400}","{10,100},{30,150},{40,200},{50,250},{60,300},{70,350},{80,400}","{10,100},{30,150},{40,200},{50,250},{60,300},{70,350},{80,400}","{10,100},{30,150},{40,200},{50,250},{60,300},{70,350},{80,400}","{1,50},{10,100},{50,150},{70,200},{110,800}",,
act_mingxia_zrm,Thủ Vệ Danh Hiệp-Trương Như Mộng,161,15,50000,,0,,"{10,1000},{100,2800},{150,7000}","{20,1000},{30,1800},{40,2500},{50,3500},{60,4800},{70,6500},{80,9300},{90,12000},{100,14000},{110,17000},{120,20400},{130,24480},{140,29376},{150,35251},{160,42301},{170,50761},{180,60913},{190,73095},{200,87714}","{20,1000},{30,1800},{40,2500},{50,3500},{60,4800},{70,6500},{80,9300},{90,12000},{100,14000},{110,17000},{120,20400},{130,24480},{140,29376},{150,35251},{160,42301},{170,50761},{180,60913},{190,73095},{200,87714}",0,0,0,0,,,,,,,,
ArborDay_Enemy,Tết Trồng Cây-Quái,162,15,"{10,650*8},{20,5000*10},{30,12000*10},{40,28000*10},{50,40000*10},{60,60000*10},{70,80000*10},{80,160000*10},{90,270000*10},{100,350000*10},{110,450000*10}",,0,0,"{10,1000},{100,2800},{150,7000}","{10,5},{20,10},{30,40},{40,80},{50,200},{60,250},{70,350},{80,600},{110,1200}","{10,5},{20,10},{30,40},{40,80},{50,200},{60,250},{70,350},{80,600},{110,1200}",0,0,0,0,,"{10,100},{30,150},{40,200},{50,250},{60,300},{70,350},{80,400},{110,800}","{10,100},{30,150},{40,200},{50,250},{60,300},{70,350},{80,400},{110,800}","{10,100},{30,150},{40,200},{50,250},{60,300},{70,350},{80,400},{110,800}","{10,100},{30,150},{40,200},{50,250},{60,300},{70,350},{80,400},{110,800}","{1,50},{10,100},{50,150},{70,200},{110,800}",,
Spokesperson_Enemy,Nhục Thuẫn Hoạt Động Đại Diện,163,15,"{1,3000},{20,3000*33},{30,4000*33},{40,5000*33},{50,10000*33},{60,15000*33},{70,25000*33},{80,35000*33},{90,55000*33},{100,60000*33},{110,75000*33}",,0,,"{10,1000},{100,2800},{150,7000}","{20,1000},{30,1800},{40,2500},{50,3500},{60,4800},{70,6500},{80,9300},{90,12000},{100,14000},{110,17000}","{20,1000},{30,1800},{40,2500},{50,3500},{60,4800},{70,6500},{80,9300},{90,12000},{100,14000},{110,17000}",0,0,0,0,,"{10,100},{30,150},{40,200},{50,250},{60,300},{70,350},{80,400}","{10,100},{30,150},{40,200},{50,250},{60,300},{70,350},{80,400}","{10,100},{30,150},{40,200},{50,250},{60,300},{70,350},{80,400}","{10,100},{30,150},{40,200},{50,250},{60,300},{70,350},{80,400}","{1,50},{10,100},{50,150},{70,200},{110,800}",,
MobaBattle_monster3,Ma Bá Chiến Trường-Dã Quái (Cao),171,15,"{90,680000*1.2*0.5},{100,800000*1.2*0.5},{110,960000*1.2*0.5},{120,1120000*1.2*0.5},{130,1280000*1.2*0.5},{140,1440000*1.2*0.5},{150,1600000*1.2*0.5},{160,1256424},{170,1434220},{180,1635011},{190,1861618},{200,2117196}",,0,0,"{10,1140},{20,2090},{30,3040},{40,3990},{50,4940},{60,5889},{70,6839},{80,7789},{100,9689},{110,10640},{120,11590},{130,12540},{140,13699},{150,15086},{160,16587},{170,18240},{180,20083},{190,22078},{200,24282}","{90,680000*1.2*0.06},{100,800000*1.2*0.06},{110,960000*1.2*0.06},{120,1120000*1.2*0.06},{130,1280000*1.2*0.06},{140,1440000*1.2*0.06},{150,1600000*1.2*0.06}","{90,680000*1.2*0.06},{100,800000*1.2*0.06},{110,960000*1.2*0.06},{120,1120000*1.2*0.06},{130,1280000*1.2*0.06},{140,1440000*1.2*0.06},{150,1600000*1.2*0.06}",0,0,0,0,"{10,210},{20,410},{30,610},{40,810},{50,1010},{60,1210},{70,1410},{80,1610},{100,2010},{110,2210},{120,2410},{130,2610},{140,2860},{150,3146},{160,3461},{170,3807},{180,4188},{190,4607},{200,5068}","{10,210},{20,410},{30,610},{40,810},{50,1010},{60,1210},{70,1410},{80,1610},{100,2010},{110,2210},{120,2410},{130,2610},{140,2860},{150,3146},{160,3461},{170,3807},{180,4188},{190,4607},{200,5068}","{10,210},{20,410},{30,610},{40,810},{50,1010},{60,1210},{70,1410},{80,1610},{100,2010},{110,2210},{120,2410},{130,2610},{140,2860},{150,3146},{160,3461},{170,3807},{180,4188},{190,4607},{200,5068}","{10,210},{20,410},{30,610},{40,810},{50,1010},{60,1210},{70,1410},{80,1610},{100,2010},{110,2210},{120,2410},{130,2610},{140,2860},{150,3146},{160,3461},{170,3807},{180,4188},{190,4607},{200,5068}","{10,210},{20,410},{30,610},{40,810},{50,1010},{60,1210},{70,1410},{80,1610},{100,2010},{110,2210},{120,2410},{130,2610},{140,2860},{150,3146},{160,3461},{170,3807},{180,4188},{190,4607},{200,5068}","{10,257},{20,300},{30,342},{40,385},{50,428},{60,471},{70,514},{80,557},{100,642},{110,685},{120,728},{130,771},{140,1103},{150,1214},{160,1335},{170,1468},{180,1615},{190,1777},{200,1955}",,
Personal_fb_normal,Ải Cá Nhân-Thường,201,15,"{1,150},{2,180},{3,200},{4,230},{5,320},{6,400},{7,450},{8,500},{9,560},{10,650},{20,2500},{30,3500},{40,6000},{50,9000},{60,13500},{70,20000},{80,30000},{100,60000},{110,75000}",,0,0,"{10,1000},{100,2800},{150,7000}","{1,3},{2,3},{3,4},{4,5},{5,8},{6,15},{7,20},{8,25},{9,35},{10,40},{20,80},{21,110},{30,190},{31,230},{40,380},{41,420},{50,600}","{1,3},{2,3},{3,4},{4,5},{5,8},{6,15},{7,20},{8,25},{9,35},{10,40},{20,80},{21,110},{30,190},{31,230},{40,380},{41,420},{50,600}",0,0,0,0,,0,0,0,0,"{1,50},{10,100},{50,150},{70,200},{110,800}",,
Personal_fb_tiny,Ải Cá Nhân-Yếu,202,15,"{1,150*0.5},{5,320*0.5},{10,650*0.5},{20,2500*0.5},{30,3500*0.5},{40,6000*0.5},{100,60000*0.5},{110,75000*0.5}",,0,0,"{10,1000},{100,2800},{150,7000}","{1,3*0.5},{10,40*0.5},{20,80*0.5},{30,130*0.5},{40,250*0.5},{50,350*0.5}","{1,3*0.5},{10,40*0.5},{20,80*0.5},{30,130*0.5},{40,250*0.5},{50,350*0.5}",0,0,0,0,,0,0,0,0,"{1,50},{10,100},{50,150},{70,200},{110,800}",,
Personal_fb_elite,Ải Cá Nhân-Tinh Anh,203,15,"{1,400},{30,7600},{40,8000},{100,60000*1.3},{110,75000*1.3}",,0,0,"{10,1000},{100,2800},{150,7000}","{1,3},{2,3},{3,4},{4,5},{5,8},{6,15},{7,20},{8,25},{9,35},{10,40},{20,80},{21,110},{30,190},{31,230},{40,380},{41,420},{50,600}","{1,3},{2,3},{3,4},{4,5},{5,8},{6,15},{7,20},{8,25},{9,35},{10,40},{20,80},{21,110},{30,190},{31,230},{40,380},{41,420},{50,600}",0,0,0,0,,0,0,0,0,"{1,50},{10,100},{50,150},{70,200},{110,800}",,
Personal_fb_captain,Thủ Lĩnh Ải Cá Nhân,204,15,"{1,800},{30,11400},{40,12000},{100,60000*2},{110,75000*2}",,0,0,"{10,1000},{100,2800},{150,7000}","{1,3},{2,3},{3,4},{4,5},{5,8},{6,15},{7,20},{8,25},{9,35},{10,40},{20,80},{21,110},{30,190},{31,230},{40,380},{41,420},{50,600}","{1,3},{2,3},{3,4},{4,5},{5,8},{6,15},{7,20},{8,25},{9,35},{10,40},{20,80},{21,110},{30,190},{31,230},{40,380},{41,420},{50,600}",0,0,0,0,,0,0,0,0,"{1,50},{10,100},{50,150},{70,200},{110,800}",,
Personal_fb_boss,BOSS Ải Cá Nhân,205,15,"{1,1500},{2,1800},{3,2200},{4,2600},{5,4000},{6,7500},{7,8500},{8,9500},{9,12000},{10,14000},{15,20000},{20,36000},{30,56000},{40,76000},{100,60000*12},{110,75000*12}",,0,0,"{10,1000},{100,2800},{150,7000}","{1,3},{2,3},{3,4},{4,5},{5,12},{6,18},{7,30},{8,35},{9,50},{10,70},{15,110},{20,160},{21,110*2},{30,230*2},{31,196*2},{40,380*2},{41,420*2},{50,600*2}","{1,3},{2,3},{3,4},{4,5},{5,12},{6,18},{7,30},{8,35},{9,50},{10,70},{15,110},{20,160},{21,110*2},{30,230*2},{31,196*2},{40,380*2},{41,420*2},{50,600*2}",0,0,0,0,,0,0,0,0,"{1,50},{10,100},{50,150},{70,200},{110,800}",,
Personal_fb_special,Ải Cá Nhân Tiêu Động Trần,206,15,"{1,1500},{2,1800},{3,2200},{4,2600},{5,11000}",,0,0,"{10,1000},{100,2800},{150,7000}","{1,3},{2,3},{3,4},{4,5},{5,12},{6,18},{7,30},{8,35},{9,50},{10,70},{15,110},{20,160},{21,110*2},{30,230*2},{31,196*2},{40,380*2},{41,420*2},{50,600*2}","{1,3},{2,3},{3,4},{4,5},{5,12},{6,18},{7,30},{8,35},{9,50},{10,70},{15,110},{20,160},{21,110*2},{30,230*2},{31,196*2},{40,380*2},{41,420*2},{50,600*2}",0,0,0,0,,0,0,0,0,"{1,50},{10,100},{50,150},{70,200},{110,800}",,
Guanka_Tiny,Quái nhỏ,210,15,"{1,150*0.5},{5,350*0.5},{10,900*0.5},{20,3500*0.5},{30,4000*0.5},{40,7000*0.5},{50,10000*0.5},{60,13500*0.5},{70,20000*0.5},{80,30000*0.5},{100,60000*0.5},{110,75000*0.5}",,0,0,"{10,1000},{100,2800},{150,7000}","{1,3},{5,8},{6,15},{7,18},{8,20},{9,25},{10,30},{20,40},{30,150},{40,350},{41,420},{50,600}","{1,3},{5,8},{6,15},{7,18},{8,20},{9,25},{10,30},{20,40},{30,150},{40,350},{41,420},{50,600}",0,0,0,0,,0,0,0,0,"{1,50},{10,100},{50,150},{70,200},{110,800}",,
Guanka_Normal_1,Quái 1,211,15,"{1,180},{5,350},{10,900},{20,3500},{30,4000},{40,7000},{50,10000},{60,13500},{70,20000},{80,30000},{100,60000},{110,75000}",,0,0,"{10,1000},{100,2800},{150,7000}","{1,3},{5,8},{6,15},{7,18},{8,20},{9,25},{10,30},{20,40},{30,150},{40,350},{41,420},{50,600}","{1,3},{5,8},{6,15},{7,18},{8,20},{9,25},{10,30},{20,40},{30,150},{40,350},{41,420},{50,600}",0,0,0,0,,0,0,0,0,"{1,50},{10,100},{50,150},{70,200},{110,800}",,
Guanka_Normal_2,Quái 2,212,15,"{1,180*1.5},{5,350*1.5},{10,900*1.5},{20,3500*1.5},{30,4000*1.5},{40,7000*1.5},{50,10000*1.5},{60,13500*1.5},{70,20000*1.5},{80,30000*1.5},{100,60000*1.5},{110,75000*1.5}",,0,0,"{10,1000},{100,2800},{150,7000}","{1,3},{5,8},{6,15},{7,18},{8,20},{9,25},{10,30},{20,40},{30,150},{40,350},{41,420},{50,600}","{1,3},{5,8},{6,15},{7,18},{8,20},{9,25},{10,30},{20,40},{30,150},{40,350},{41,420},{50,600}",0,0,0,0,,0,0,0,0,"{1,50},{10,100},{50,150},{70,200},{110,800}",,
Guanka_Elite_1,Tinh Anh 1,213,15,"{1,180*2.5},{5,350*2.5},{10,900*2.5},{20,3500*2.5},{30,4000*2.5},{40,7000*2.5},{50,10000*2.5},{60,13500*2.5},{70,20000*2.5},{80,30000*2.5},{100,60000*2.5},{110,75000*2.5}",,0,0,"{10,1000},{100,2800},{150,7000}","{1,3},{5,8},{6,15},{7,18},{8,20},{9,25},{10,30},{20,40},{30,150},{40,350},{41,420},{50,600}","{1,3},{5,8},{6,15},{7,18},{8,20},{9,25},{10,30},{20,40},{30,150},{40,350},{41,420},{50,600}",0,0,0,0,,0,0,0,0,"{1,50},{10,100},{50,150},{70,200},{110,800}",,
Guanka_Elite_2,Tinh Anh 2,214,15,"{1,180*5},{5,350*5},{10,900*5},{20,3500*5},{30,4000*5},{40,7000*5},{50,10000*5},{60,13500*5},{70,20000*5},{80,30000*5},{100,60000*5},{110,75000*5}",,0,0,"{10,1000},{100,2800},{150,7000}","{1,3},{5,8},{6,15},{7,18},{8,20},{9,25},{10,30},{20,40},{30,150},{40,350},{41,420},{50,600}","{1,3},{5,8},{6,15},{7,18},{8,20},{9,25},{10,30},{20,40},{30,150},{40,350},{41,420},{50,600}",0,0,0,0,,0,0,0,0,"{1,50},{10,100},{50,150},{70,200},{110,800}",,
Guanka_Captain_1,Thủ Lĩnh 1,215,15,"{1,180*7.5},{5,350*7.5},{10,900*7.5},{20,3500*7.5},{30,4000*7.5},{40,7000*7.5},{50,10000*7.5},{60,13500*7.5},{70,20000*7.5},{80,30000*7.5},{100,60000*7.5},{110,75000*7.5}",,0,0,"{10,1000},{100,2800},{150,7000}","{1,3},{5,8},{6,15},{7,18},{8,20},{9,25},{10,30},{20,40},{30,150},{40,350},{41,420},{50,600}","{1,3},{5,8},{6,15},{7,18},{8,20},{9,25},{10,30},{20,40},{30,150},{40,350},{41,420},{50,600}",0,0,0,0,,0,0,0,0,"{1,50},{10,100},{50,150},{70,200},{110,800}",,
Guanka_Captain_2,Thủ Lĩnh 2,216,15,"{1,180*10},{5,350*10},{10,900*10},{20,3500*10},{30,4000*10},{40,7000*10},{50,10000*10},{60,13500*10},{70,20000*10},{80,30000*10},{100,60000*10},{110,75000*10}",,0,0,"{10,1000},{100,2800},{150,7000}","{1,3},{5,8},{6,15},{7,18},{8,20},{9,25},{10,30},{20,40},{30,150},{40,350},{41,420},{50,600}","{1,3},{5,8},{6,15},{7,18},{8,20},{9,25},{10,30},{20,40},{30,150},{40,350},{41,420},{50,600}",0,0,0,0,,0,0,0,0,"{1,50},{10,100},{50,150},{70,200},{110,800}",,
Guanka_Boss_1,boss1,217,15,"{1,180*12},{5,350*12},{10,900*12},{20,3500*12},{30,4000*12},{40,7000*12},{50,10000*12},{60,13500*12},{70,20000*12},{80,30000*12},{100,60000*12},{110,75000*12}",,0,0,"{10,1000},{100,2800},{150,7000}","{1,3},{5,12},{6,18},{7,25},{8,30},{9,50},{10,60},{20,100},{30,150*2},{40,350*2},{41,420*2},{50,600*2}","{1,3},{5,12},{6,18},{7,25},{8,30},{9,50},{10,60},{20,100},{30,150*2},{40,350*2},{41,420*2},{50,600*2}",0,0,0,0,,0,0,0,0,"{1,50},{10,100},{50,150},{70,200},{110,800}",,
Guanka_Boss_2,boss1,218,15,"{1,180*15},{5,350*15},{10,900*15},{20,3500*15},{30,4000*15},{40,7000*15},{50,10000*15},{60,13500*15},{70,20000*15},{80,30000*15},{100,60000*15},{110,75000*15}",,0,0,"{10,1000},{100,2800},{150,7000}","{1,3},{5,12},{6,18},{7,25},{8,30},{9,50},{10,60},{20,100},{30,150*2},{40,350*2},{41,420*2},{50,600*2}","{1,3},{5,12},{6,18},{7,25},{8,30},{9,50},{10,60},{20,100},{30,150*2},{40,350*2},{41,420*2},{50,600*2}",0,0,0,0,,0,0,0,0,"{1,50},{10,100},{50,150},{70,200},{110,800}",,
Random_fb_key,Bí cảnh ngẫu nhiên-Diệt Nhanh,300,15,"{1,1000},{10,1000}",,0,0,"{10,1000},{100,2800},{150,7000}","{10,5},{20,120*1.5},{30,250*1.5},{40,400*1.5},{50,600*1.5}","{10,5},{20,120*1.5},{30,250*1.5},{40,400*1.5},{50,600*1.5}",0,0,0,0,"{10,165},{45,715},{80,1265},{115,1815}","{10,165},{45,715},{80,1265},{115,1815}","{10,165},{45,715},{80,1265},{115,1815}","{10,165},{45,715},{80,1265},{115,1815}","{10,165},{45,715},{80,1265},{115,1815}","{1,50},{10,100},{50,150},{70,200},{110,800}",,
Random_fb_normal,Bí cảnh ngẫu nhiên-Thường,301,15,"{20,10000*1.2},{30,12000*1.2},{40,30000*1.2},{50,60000*1.2}",,0,0,"{10,1000},{100,2800},{150,7000}","{10,5},{20,120*1.2},{30,250*1.2},{40,400*1.2},{50,500*1.2}","{10,5},{20,120*1.2},{30,250*1.2},{40,400*1.2},{50,500*1.2}",0,0,0,0,"{10,165},{45,715},{80,1265},{115,1815}","{10,165},{45,715},{80,1265},{115,1815}","{10,165},{45,715},{80,1265},{115,1815}","{10,165},{45,715},{80,1265},{115,1815}","{10,165},{45,715},{80,1265},{115,1815}","{1,50},{10,100},{50,150},{70,200},{110,800}",,
Random_fb_tiny,Bí cảnh ngẫu nhiên-Yếu,302,15,"{20,10000*0.5},{30,12000*0.5},{40,30000*0.5},{50,60000*0.5}",,0,0,"{10,1000},{100,2800},{150,7000}","{10,5},{20,120},{30,250},{40,400},{50,600}","{10,5},{20,120},{30,250},{40,400},{50,600}",0,0,0,0,"{10,165},{45,715},{80,1265},{115,1815}","{10,165},{45,715},{80,1265},{115,1815}","{10,165},{45,715},{80,1265},{115,1815}","{10,165},{45,715},{80,1265},{115,1815}","{10,165},{45,715},{80,1265},{115,1815}","{1,50},{10,100},{50,150},{70,200},{110,800}",,
Random_fb_elite,Bí cảnh ngẫu nhiên-Tinh Anh,303,15,"{20,10000*2},{30,12000*2},{40,30000*2},{50,60000*2}",,0,0,"{10,1000},{100,2800},{150,7000}","{10,5},{20,120*1.5},{30,250*1.5},{40,400*1.5},{50,600*1.5}","{10,5},{20,120*1.5},{30,250*1.5},{40,400*1.5},{50,600*1.5}",0,0,0,0,"{10,165},{45,715},{80,1265},{115,1815}","{10,165},{45,715},{80,1265},{115,1815}","{10,165},{45,715},{80,1265},{115,1815}","{10,165},{45,715},{80,1265},{115,1815}","{10,165},{45,715},{80,1265},{115,1815}","{1,50},{10,100},{50,150},{70,200},{110,800}",,
Random_fb_captain,Bí cảnh ngẫu nhiên-Thủ Lĩnh,304,15,"{20,10000*15},{30,12000*15},{40,30000*15},{50,60000*15}",,0,0,"{10,1000},{100,2800},{150,7000}","{10,5},{20,120*2},{30,250*2},{40,400*2},{50,600*2}","{10,5},{20,120*2},{30,250*2},{40,400*2},{50,600*2}",0,0,0,0,"{10,165},{45,715},{80,1265},{115,1815}","{10,165},{45,715},{80,1265},{115,1815}","{10,165},{45,715},{80,1265},{115,1815}","{10,165},{45,715},{80,1265},{115,1815}","{10,165},{45,715},{80,1265},{115,1815}","{1,50},{10,100},{50,150},{70,200},{110,800}",,
Random_fb_boss1,BOSS Bí cảnh ngẫu nhiên (Tầng 5),305,15,"{20,10000*40},{30,12000*40},{40,30000*40},{50,60000*40}",,0,0,"{10,1000},{100,2800},{150,7000}","{10,5},{20,120*5.5},{30,250*5.5},{40,400*5.5},{50,600*5.5}","{10,5},{20,120*5.5},{30,250*5.5},{40,400*5.5},{50,600*5.5}",0,0,0,0,"{10,165},{45,715},{80,1265},{115,1815}","{10,165},{45,715},{80,1265},{115,1815}","{10,165},{45,715},{80,1265},{115,1815}","{10,165},{45,715},{80,1265},{115,1815}","{10,165},{45,715},{80,1265},{115,1815}","{1,50},{10,100},{50,150},{70,200},{110,800}",,
Random_fb_boss2,BOSS Bí cảnh ngẫu nhiên (Tầng 4),306,15,"{20,10000*25},{30,12000*25},{40,30000*25},{50,60000*25}",,0,0,"{10,1000},{100,2800},{150,7000}","{10,5},{20,120*3},{30,250*3},{40,400*3},{50,600*3}","{10,5},{20,120*3},{30,250*3},{40,400*3},{50,600*3}",0,0,0,0,"{10,165},{45,715},{80,1265},{115,1815}","{10,165},{45,715},{80,1265},{115,1815}","{10,165},{45,715},{80,1265},{115,1815}","{10,165},{45,715},{80,1265},{115,1815}","{10,165},{45,715},{80,1265},{115,1815}","{1,50},{10,100},{50,150},{70,200},{110,800}",,
Random_fb_boss3,BOSS Bí cảnh ngẫu nhiên (Tầng 3),307,15,"{20,10000*20},{30,12000*20},{40,30000*20},{50,60000*20}",,0,0,"{10,1000},{100,2800},{150,7000}","{10,5},{20,120*3},{30,250*3},{40,400*3},{50,600*3}","{10,5},{20,120*3},{30,250*3},{40,400*3},{50,600*3}",0,0,0,0,"{10,165},{45,715},{80,1265},{115,1815}","{10,165},{45,715},{80,1265},{115,1815}","{10,165},{45,715},{80,1265},{115,1815}","{10,165},{45,715},{80,1265},{115,1815}","{10,165},{45,715},{80,1265},{115,1815}","{1,50},{10,100},{50,150},{70,200},{110,800}",,
Random_fb_boss4,BOSS Bí cảnh ngẫu nhiên (Tầng 2),308,15,"{20,10000*15},{30,12000*15},{40,30000*15},{50,60000*15}",,0,0,"{10,1000},{100,2800},{150,7000}","{10,5},{20,120*3},{30,250*3},{40,400*3},{50,600*3}","{10,5},{20,120*3},{30,250*3},{40,400*3},{50,600*3}",0,0,0,0,"{10,165},{45,715},{80,1265},{115,1815}","{10,165},{45,715},{80,1265},{115,1815}","{10,165},{45,715},{80,1265},{115,1815}","{10,165},{45,715},{80,1265},{115,1815}","{10,165},{45,715},{80,1265},{115,1815}","{1,50},{10,100},{50,150},{70,200},{110,800}",,
LJF_enemy_1,Lăng Tuyệt Phong-Quái nhỏ,311,15,"{20,3000},{30,4000},{40,5000},{50,10000},{60,16500},{70,28750},{80,42000},{90,66000},{100,87500},{110,106250},{120,156000},{130,195000},{140,243000},{150,297000},{160,364000},{170,420000},{180,490000},{190,574000},{200,672000}",,0,,"{10,50000}","{20,120*1.2},{30,250*1.2},{40,400*1.2},{50,650*1.2},{60,1100*1.2},{70,1600*1.2},{100,2000*1.2},{110,2500*1.2},{120,3000*1.2},{130,3500*1.2},{140,4000*1.2},{150,5000*1.2},{160,5500*1.2},{170,6000*1.2}","{20,120*1.2},{30,250*1.2},{40,400*1.2},{50,650*1.2},{60,1100*1.2},{70,1600*1.2},{100,2000*1.2},{110,2500*1.2}",0,0,0,0,"{10,210},{20,410},{30,610},{40,810},{50,1010},{60,1210},{70,1410},{80,1610},{100,2010},{110,2210},{120,2600},{130,2800},{140,3100},{150,3500},{160,3900},{170,4300},{180,4800},{190,5500},{200,6200}","{10,210},{20,410},{30,610},{40,810},{50,1010},{60,1210},{70,1410},{80,1610},{100,2010},{110,2210},{120,2600},{130,2800},{140,3100},{150,3500},{160,3900},{170,4300},{180,4800},{190,5500},{200,6200}","{10,210},{20,410},{30,610},{40,810},{50,1010},{60,1210},{70,1410},{80,1610},{100,2010},{110,2210},{120,2600},{130,2800},{140,3100},{150,3500},{160,3900},{170,4300},{180,4800},{190,5500},{200,6200}","{10,210},{20,410},{30,610},{40,810},{50,1010},{60,1210},{70,1410},{80,1610},{100,2010},{110,2210},{120,2600},{130,2800},{140,3100},{150,3500},{160,3900},{170,4300},{180,4800},{190,5500},{200,6200}","{10,210},{20,410},{30,610},{40,810},{50,1010},{60,1210},{70,1410},{80,1610},{100,2010},{110,2210},{120,2600},{130,2800},{140,3100},{150,3500},{160,3900},{170,4300},{180,4800},{190,5500},{200,6200}","{10,257},{20,300},{30,342},{40,385},{50,428},{60,471},{70,514},{80,557},{100,642},{110,685},{120,728},{130,771},{140,1103},{150,1214},{160,1335},{170,1468},{180,1615},{190,1777},{200,1955}",,
LJF_enemy_2,Lăng Tuyệt Phong-Quái 1,312,15,"{20,3000*2.5},{30,4000*2.5},{40,5000*2.5},{50,10000*2.5},{60,16500*2.5},{70,28750*2.5},{80,42000*2.5},{90,66000*2.5},{100,87500*2.5},{110,106250*2.5},{120,156000*2.5},{130,195000*2.5},{140,243000*2.5},{150,297000*2.5},{160,364000*2.5},{170,420000*2.5},{180,490000*2.5},{190,574000*2.5},{200,672000*2.5}",,0,,"{10,50000}","{20,120*1.2},{30,250*1.2},{40,400*1.2},{50,650*1.2},{60,1100*1.2},{70,1600*1.2},{100,2000*1.2},{110,2500*1.2},{120,3000*1.2},{130,3500*1.2},{140,4000*1.2},{150,5000*1.2},{160,5500*1.2},{170,6000*1.2}","{20,120*1.2},{30,250*1.2},{40,400*1.2},{50,650*1.2},{60,1100*1.2},{70,1600*1.2},{100,2000*1.2},{110,2500*1.2}",0,0,0,0,"{10,210},{20,410},{30,610},{40,810},{50,1010},{60,1210},{70,1410},{80,1610},{100,2010},{110,2210},{120,2600},{130,2800},{140,3100},{150,3500},{160,3900},{170,4300},{180,4800},{190,5500},{200,6200}","{10,210},{20,410},{30,610},{40,810},{50,1010},{60,1210},{70,1410},{80,1610},{100,2010},{110,2210},{120,2600},{130,2800},{140,3100},{150,3500},{160,3900},{170,4300},{180,4800},{190,5500},{200,6200}","{10,210},{20,410},{30,610},{40,810},{50,1010},{60,1210},{70,1410},{80,1610},{100,2010},{110,2210},{120,2600},{130,2800},{140,3100},{150,3500},{160,3900},{170,4300},{180,4800},{190,5500},{200,6200}","{10,210},{20,410},{30,610},{40,810},{50,1010},{60,1210},{70,1410},{80,1610},{100,2010},{110,2210},{120,2600},{130,2800},{140,3100},{150,3500},{160,3900},{170,4300},{180,4800},{190,5500},{200,6200}","{10,210},{20,410},{30,610},{40,810},{50,1010},{60,1210},{70,1410},{80,1610},{100,2010},{110,2210},{120,2600},{130,2800},{140,3100},{150,3500},{160,3900},{170,4300},{180,4800},{190,5500},{200,6200}","{10,257},{20,300},{30,342},{40,385},{50,428},{60,471},{70,514},{80,557},{100,642},{110,685},{120,728},{130,771},{140,1103},{150,1214},{160,1335},{170,1468},{180,1615},{190,1777},{200,1955}",,
LJF_enemy_3,Lăng Tuyệt Phong-Quái 2,313,15,"{20,3000*4},{30,4000*4},{40,5000*4},{50,10000*4},{60,16500*4},{70,28750*4},{80,42000*4},{90,66000*4},{100,87500*4},{110,106250*4},{120,156000*4},{130,195000*4},{140,243000*4},{150,297000*4},{160,364000*4},{170,420000*4},{180,490000*4},{190,574000*4},{200,672000*4}",,0,,"{10,50000}","{20,120*1.2},{30,250*1.2},{40,400*1.2},{50,650*1.2},{60,1100*1.2},{70,1600*1.2},{100,2000*1.2},{110,2500*1.2},{120,3000*1.2},{130,3500*1.2},{140,4000*1.2},{150,5000*1.2},{160,5500*1.2},{170,6000*1.2}","{20,120*1.2},{30,250*1.2},{40,400*1.2},{50,650*1.2},{60,1100*1.2},{70,1600*1.2},{100,2000*1.2},{110,2500*1.2}",0,0,0,0,"{10,210},{20,410},{30,610},{40,810},{50,1010},{60,1210},{70,1410},{80,1610},{100,2010},{110,2210},{120,2600},{130,2800},{140,3100},{150,3500},{160,3900},{170,4300},{180,4800},{190,5500},{200,6200}","{10,210},{20,410},{30,610},{40,810},{50,1010},{60,1210},{70,1410},{80,1610},{100,2010},{110,2210},{120,2600},{130,2800},{140,3100},{150,3500},{160,3900},{170,4300},{180,4800},{190,5500},{200,6200}","{10,210},{20,410},{30,610},{40,810},{50,1010},{60,1210},{70,1410},{80,1610},{100,2010},{110,2210},{120,2600},{130,2800},{140,3100},{150,3500},{160,3900},{170,4300},{180,4800},{190,5500},{200,6200}","{10,210},{20,410},{30,610},{40,810},{50,1010},{60,1210},{70,1410},{80,1610},{100,2010},{110,2210},{120,2600},{130,2800},{140,3100},{150,3500},{160,3900},{170,4300},{180,4800},{190,5500},{200,6200}","{10,210},{20,410},{30,610},{40,810},{50,1010},{60,1210},{70,1410},{80,1610},{100,2010},{110,2210},{120,2600},{130,2800},{140,3100},{150,3500},{160,3900},{170,4300},{180,4800},{190,5500},{200,6200}","{10,257},{20,300},{30,342},{40,385},{50,428},{60,471},{70,514},{80,557},{100,642},{110,685},{120,728},{130,771},{140,1103},{150,1214},{160,1335},{170,1468},{180,1615},{190,1777},{200,1955}",,
LJF_enemy_4,Lăng Tuyệt Phong-Quái 3,314,15,"{20,3000*7},{30,4000*7},{40,5000*7},{50,10000*7},{60,16500*7},{70,28750*7},{80,42000*7},{90,66000*7},{100,87500*7},{110,106250*7},{120,156000*7},{130,195000*7},{140,243000*7},{150,297000*7},{160,364000*7},{170,420000*7},{180,490000*7},{190,574000*7},{200,672000*7}",,0,,"{10,50000}","{20,120*1.2},{30,250*1.2},{40,400*1.2},{50,650*1.2},{60,1100*1.2},{70,1600*1.2},{100,2000*1.2},{110,2500*1.2},{120,3000*1.2},{130,3500*1.2},{140,4000*1.2},{150,5000*1.2},{160,5500*1.2},{170,6000*1.2}","{20,120*1.2},{30,250*1.2},{40,400*1.2},{50,650*1.2},{60,1100*1.2},{70,1600*1.2},{100,2000*1.2},{110,2500*1.2}",0,0,0,0,"{10,210},{20,410},{30,610},{40,810},{50,1010},{60,1210},{70,1410},{80,1610},{100,2010},{110,2210},{120,2600},{130,2800},{140,3100},{150,3500},{160,3900},{170,4300},{180,4800},{190,5500},{200,6200}","{10,210},{20,410},{30,610},{40,810},{50,1010},{60,1210},{70,1410},{80,1610},{100,2010},{110,2210},{120,2600},{130,2800},{140,3100},{150,3500},{160,3900},{170,4300},{180,4800},{190,5500},{200,6200}","{10,210},{20,410},{30,610},{40,810},{50,1010},{60,1210},{70,1410},{80,1610},{100,2010},{110,2210},{120,2600},{130,2800},{140,3100},{150,3500},{160,3900},{170,4300},{180,4800},{190,5500},{200,6200}","{10,210},{20,410},{30,610},{40,810},{50,1010},{60,1210},{70,1410},{80,1610},{100,2010},{110,2210},{120,2600},{130,2800},{140,3100},{150,3500},{160,3900},{170,4300},{180,4800},{190,5500},{200,6200}","{10,210},{20,410},{30,610},{40,810},{50,1010},{60,1210},{70,1410},{80,1610},{100,2010},{110,2210},{120,2600},{130,2800},{140,3100},{150,3500},{160,3900},{170,4300},{180,4800},{190,5500},{200,6200}","{10,257},{20,300},{30,342},{40,385},{50,428},{60,471},{70,514},{80,557},{100,642},{110,685},{120,728},{130,771},{140,1103},{150,1214},{160,1335},{170,1468},{180,1615},{190,1777},{200,1955}",,
LJF_elite_1,Lăng Tuyệt Phong Tinh Anh 1,321,15,"{20,3000*10},{30,4000*10},{40,5000*10},{50,10000*10},{60,16500*10},{70,28750*10},{80,42000*10},{90,66000*10},{100,87500*10},{110,106250*10},{120,156000*10},{130,195000*10},{140,243000*10},{150,297000*10},{160,364000*10},{170,420000*10},{180,490000*10},{190,574000*10},{200,672000*10}",,0,,"{10,50000}","{20,120*1.5},{30,250*1.5},{40,400*1.5},{50,650*2},{60,1100*2},{70,1600*2},{100,2000*2},{110,2500*2},{120,3000*2},{130,3500*2},{140,4000*2},{150,5000*2},{160,5500*2},{170,6000*2}","{20,120*1.5},{30,250*1.5},{40,400*1.5},{50,650*2},{60,1100*2},{70,1600*2},{100,2000*2},{110,2500*2}",0,0,0,0,"{10,210},{20,410},{30,610},{40,810},{50,1010},{60,1210},{70,1410},{80,1610},{100,2010},{110,2210},{120,2600},{130,2800},{140,3100},{150,3500},{160,3900},{170,4300},{180,4800},{190,5500},{200,6200}","{10,210},{20,410},{30,610},{40,810},{50,1010},{60,1210},{70,1410},{80,1610},{100,2010},{110,2210},{120,2600},{130,2800},{140,3100},{150,3500},{160,3900},{170,4300},{180,4800},{190,5500},{200,6200}","{10,210},{20,410},{30,610},{40,810},{50,1010},{60,1210},{70,1410},{80,1610},{100,2010},{110,2210},{120,2600},{130,2800},{140,3100},{150,3500},{160,3900},{170,4300},{180,4800},{190,5500},{200,6200}","{10,210},{20,410},{30,610},{40,810},{50,1010},{60,1210},{70,1410},{80,1610},{100,2010},{110,2210},{120,2600},{130,2800},{140,3100},{150,3500},{160,3900},{170,4300},{180,4800},{190,5500},{200,6200}","{10,210},{20,410},{30,610},{40,810},{50,1010},{60,1210},{70,1410},{80,1610},{100,2010},{110,2210},{120,2600},{130,2800},{140,3100},{150,3500},{160,3900},{170,4300},{180,4800},{190,5500},{200,6200}","{10,257},{20,300},{30,342},{40,385},{50,428},{60,471},{70,514},{80,557},{100,642},{110,685},{120,728},{130,771},{140,1103},{150,1214},{160,1335},{170,1468},{180,1615},{190,1777},{200,1955}",,
LJF_elite_2,Lăng Tuyệt Phong Tinh Anh 2,322,15,"{20,3000*16},{30,4000*16},{40,5000*16},{50,10000*16},{60,16500*16},{70,28750*16},{80,42000*16},{90,66000*16},{100,87500*16},{110,106250*16},{120,156000*16},{130,195000*16},{140,243000*16},{150,297000*16},{160,364000*16},{170,420000*16},{180,490000*16},{190,574000*16},{200,672000*16}",,0,,"{10,50000}","{20,120*1.5},{30,250*1.5},{40,400*1.5},{50,650*2},{60,1100*2},{70,1600*2},{100,2000*2},{110,2500*2},{120,3000*2},{130,3500*2},{140,4000*2},{150,5000*2},{160,5500*2},{170,6000*2}","{20,120*1.5},{30,250*1.5},{40,400*1.5},{50,650*2},{60,1100*2},{70,1600*2},{100,2000*2},{110,2500*2}",0,0,0,0,"{10,210},{20,410},{30,610},{40,810},{50,1010},{60,1210},{70,1410},{80,1610},{100,2010},{110,2210},{120,2600},{130,2800},{140,3100},{150,3500},{160,3900},{170,4300},{180,4800},{190,5500},{200,6200}","{10,210},{20,410},{30,610},{40,810},{50,1010},{60,1210},{70,1410},{80,1610},{100,2010},{110,2210},{120,2600},{130,2800},{140,3100},{150,3500},{160,3900},{170,4300},{180,4800},{190,5500},{200,6200}","{10,210},{20,410},{30,610},{40,810},{50,1010},{60,1210},{70,1410},{80,1610},{100,2010},{110,2210},{120,2600},{130,2800},{140,3100},{150,3500},{160,3900},{170,4300},{180,4800},{190,5500},{200,6200}","{10,210},{20,410},{30,610},{40,810},{50,1010},{60,1210},{70,1410},{80,1610},{100,2010},{110,2210},{120,2600},{130,2800},{140,3100},{150,3500},{160,3900},{170,4300},{180,4800},{190,5500},{200,6200}","{10,210},{20,410},{30,610},{40,810},{50,1010},{60,1210},{70,1410},{80,1610},{100,2010},{110,2210},{120,2600},{130,2800},{140,3100},{150,3500},{160,3900},{170,4300},{180,4800},{190,5500},{200,6200}","{10,257},{20,300},{30,342},{40,385},{50,428},{60,471},{70,514},{80,557},{100,642},{110,685},{120,728},{130,771},{140,1103},{150,1214},{160,1335},{170,1468},{180,1615},{190,1777},{200,1955}",,
LJF_elite_3,Lăng Tuyệt Phong Tinh Anh 3,323,15,"{20,3000*26},{30,4000*26},{40,5000*26},{50,10000*26},{60,16500*26},{70,28750*26},{80,42000*26},{90,66000*26},{100,87500*26},{110,106250*26},{120,156000*26},{130,195000*26},{140,243000*26},{150,297000*26},{160,364000*26},{170,420000*26},{180,490000*26},{190,574000*26},{200,672000*26}",,0,,"{10,50000}","{20,120*1.5},{30,250*1.5},{40,400*1.5},{50,650*2},{60,1100*2},{70,1600*2},{100,2000*2},{110,2500*2},{120,3000*2},{130,3500*2},{140,4000*2},{150,5000*2},{160,5500*2},{170,6000*2}","{20,120*1.5},{30,250*1.5},{40,400*1.5},{50,650*2},{60,1100*2},{70,1600*2},{100,2000*2},{110,2500*2}",0,0,0,0,"{10,210},{20,410},{30,610},{40,810},{50,1010},{60,1210},{70,1410},{80,1610},{100,2010},{110,2210},{120,2600},{130,2800},{140,3100},{150,3500},{160,3900},{170,4300},{180,4800},{190,5500},{200,6200}","{10,210},{20,410},{30,610},{40,810},{50,1010},{60,1210},{70,1410},{80,1610},{100,2010},{110,2210},{120,2600},{130,2800},{140,3100},{150,3500},{160,3900},{170,4300},{180,4800},{190,5500},{200,6200}","{10,210},{20,410},{30,610},{40,810},{50,1010},{60,1210},{70,1410},{80,1610},{100,2010},{110,2210},{120,2600},{130,2800},{140,3100},{150,3500},{160,3900},{170,4300},{180,4800},{190,5500},{200,6200}","{10,210},{20,410},{30,610},{40,810},{50,1010},{60,1210},{70,1410},{80,1610},{100,2010},{110,2210},{120,2600},{130,2800},{140,3100},{150,3500},{160,3900},{170,4300},{180,4800},{190,5500},{200,6200}","{10,210},{20,410},{30,610},{40,810},{50,1010},{60,1210},{70,1410},{80,1610},{100,2010},{110,2210},{120,2600},{130,2800},{140,3100},{150,3500},{160,3900},{170,4300},{180,4800},{190,5500},{200,6200}","{10,257},{20,300},{30,342},{40,385},{50,428},{60,471},{70,514},{80,557},{100,642},{110,685},{120,728},{130,771},{140,1103},{150,1214},{160,1335},{170,1468},{180,1615},{190,1777},{200,1955}",,
LJF_captain_1,Lăng Tuyệt Phong Thủ Lĩnh 1,331,15,"{20,3000*33},{30,4000*33},{40,5000*33},{50,10000*33},{60,16500*33},{70,28750*33},{80,42000*33},{90,66000*33},{100,87500*33},{110,106250*33},{120,156000*33},{130,195000*33},{140,243000*33},{150,297000*33},{160,364000*33},{170,420000*33},{180,490000*33},{190,574000*33},{200,672000*33}",,0,,"{10,50000}","{20,120*2},{30,250*2},{40,400*2},{50,650*3},{60,1100*3},{70,1600*3},{100,2000*3},{110,2500*3},{120,3000*3},{130,3500*3},{140,4000*3},{150,5000*3},{160,5500*3},{170,6000*3}","{20,120*2},{30,250*2},{40,400*2},{50,650*3},{60,1100*3},{70,1600*3},{100,2000*3},{110,2500*3}",0,0,0,0,"{10,210},{20,410},{30,610},{40,810},{50,1010},{60,1210},{70,1410},{80,1610},{100,2010},{110,2210},{120,2600},{130,2800},{140,3100},{150,3500},{160,3900},{170,4300},{180,4800},{190,5500},{200,6200}","{10,210},{20,410},{30,610},{40,810},{50,1010},{60,1210},{70,1410},{80,1610},{100,2010},{110,2210},{120,2600},{130,2800},{140,3100},{150,3500},{160,3900},{170,4300},{180,4800},{190,5500},{200,6200}","{10,210},{20,410},{30,610},{40,810},{50,1010},{60,1210},{70,1410},{80,1610},{100,2010},{110,2210},{120,2600},{130,2800},{140,3100},{150,3500},{160,3900},{170,4300},{180,4800},{190,5500},{200,6200}","{10,210},{20,410},{30,610},{40,810},{50,1010},{60,1210},{70,1410},{80,1610},{100,2010},{110,2210},{120,2600},{130,2800},{140,3100},{150,3500},{160,3900},{170,4300},{180,4800},{190,5500},{200,6200}","{10,210},{20,410},{30,610},{40,810},{50,1010},{60,1210},{70,1410},{80,1610},{100,2010},{110,2210},{120,2600},{130,2800},{140,3100},{150,3500},{160,3900},{170,4300},{180,4800},{190,5500},{200,6200}","{10,257},{20,300},{30,342},{40,385},{50,428},{60,471},{70,514},{80,557},{100,642},{110,685},{120,728},{130,771},{140,1103},{150,1214},{160,1335},{170,1468},{180,1615},{190,1777},{200,1955}",,
LJF_captain_2,Lăng Tuyệt Phong Thủ Lĩnh 2,332,15,"{20,3000*50},{30,4000*50},{40,5000*50},{50,10000*50},{60,16500*50},{70,28750*50},{80,42000*50},{90,66000*50},{100,87500*50},{110,106250*50},{120,156000*50},{130,195000*50},{140,243000*50},{150,297000*50},{160,364000*50},{170,420000*50},{180,490000*50},{190,574000*50},{200,672000*50}",,0,,"{10,50000}","{20,120*2},{30,250*2},{40,400*2},{50,650*3},{60,1100*3},{70,1600*3},{100,2000*3},{110,2500*3},{120,3000*3},{130,3500*3},{140,4000*3},{150,5000*3},{160,5500*3},{170,6000*3}","{20,120*2},{30,250*2},{40,400*2},{50,650*3},{60,1100*3},{70,1600*3},{100,2000*3},{110,2500*3}",0,0,0,0,"{10,210},{20,410},{30,610},{40,810},{50,1010},{60,1210},{70,1410},{80,1610},{100,2010},{110,2210},{120,2600},{130,2800},{140,3100},{150,3500},{160,3900},{170,4300},{180,4800},{190,5500},{200,6200}","{10,210},{20,410},{30,610},{40,810},{50,1010},{60,1210},{70,1410},{80,1610},{100,2010},{110,2210},{120,2600},{130,2800},{140,3100},{150,3500},{160,3900},{170,4300},{180,4800},{190,5500},{200,6200}","{10,210},{20,410},{30,610},{40,810},{50,1010},{60,1210},{70,1410},{80,1610},{100,2010},{110,2210},{120,2600},{130,2800},{140,3100},{150,3500},{160,3900},{170,4300},{180,4800},{190,5500},{200,6200}","{10,210},{20,410},{30,610},{40,810},{50,1010},{60,1210},{70,1410},{80,1610},{100,2010},{110,2210},{120,2600},{130,2800},{140,3100},{150,3500},{160,3900},{170,4300},{180,4800},{190,5500},{200,6200}","{10,210},{20,410},{30,610},{40,810},{50,1010},{60,1210},{70,1410},{80,1610},{100,2010},{110,2210},{120,2600},{130,2800},{140,3100},{150,3500},{160,3900},{170,4300},{180,4800},{190,5500},{200,6200}","{10,257},{20,300},{30,342},{40,385},{50,428},{60,471},{70,514},{80,557},{100,642},{110,685},{120,728},{130,771},{140,1103},{150,1214},{160,1335},{170,1468},{180,1615},{190,1777},{200,1955}",,
LJF_boss_1,Lăng Tuyệt Phong boss 1,341,15,"{20,3000*70},{30,4000*70},{40,5000*70},{50,10000*70},{60,16500*70},{70,28750*70},{80,42000*70},{90,66000*70},{100,87500*70},{110,106250*70},{120,156000*70},{130,195000*70},{140,243000*70},{150,297000*70},{160,364000*70},{170,420000*70},{180,490000*70},{190,574000*70},{200,672000*70}",,0,,"{10,50000}","{20,120*3.5},{30,250*3.5},{40,400*4},{50,650*4},{60,1100*4},{70,1600*4},{100,2000*4},{110,2500*4},{120,3000*4},{130,3500*4},{140,4000*4},{150,5000*4},{160,5500*4},{170,6000*4}","{20,120*3.5},{30,250*3.5},{40,400*4},{50,650*4},{60,1100*4},{70,1600*4},{100,2000*4},{110,2500*4}",0,0,0,0,"{10,210},{20,410},{30,610},{40,810},{50,1010},{60,1210},{70,1410},{80,1610},{100,2010},{110,2210},{120,2600},{130,2800},{140,3100},{150,3500},{160,3900},{170,4300},{180,4800},{190,5500},{200,6200}","{10,210},{20,410},{30,610},{40,810},{50,1010},{60,1210},{70,1410},{80,1610},{100,2010},{110,2210},{120,2600},{130,2800},{140,3100},{150,3500},{160,3900},{170,4300},{180,4800},{190,5500},{200,6200}","{10,210},{20,410},{30,610},{40,810},{50,1010},{60,1210},{70,1410},{80,1610},{100,2010},{110,2210},{120,2600},{130,2800},{140,3100},{150,3500},{160,3900},{170,4300},{180,4800},{190,5500},{200,6200}","{10,210},{20,410},{30,610},{40,810},{50,1010},{60,1210},{70,1410},{80,1610},{100,2010},{110,2210},{120,2600},{130,2800},{140,3100},{150,3500},{160,3900},{170,4300},{180,4800},{190,5500},{200,6200}","{10,210},{20,410},{30,610},{40,810},{50,1010},{60,1210},{70,1410},{80,1610},{100,2010},{110,2210},{120,2600},{130,2800},{140,3100},{150,3500},{160,3900},{170,4300},{180,4800},{190,5500},{200,6200}","{10,257},{20,300},{30,342},{40,385},{50,428},{60,471},{70,514},{80,557},{100,642},{110,685},{120,728},{130,771},{140,1103},{150,1214},{160,1335},{170,1468},{180,1615},{190,1777},{200,1955}",,
LJF_boss_2,Lăng Tuyệt Phong boss 2,342,15,"{20,3000*100},{30,4000*100},{40,5000*100},{50,10000*100},{60,16500*100},{70,28750*100},{80,42000*100},{90,66000*100},{100,87500*100},{110,106250*100},{120,156000*100},{130,195000*100},{140,243000*100},{150,297000*100},{160,364000*100},{170,420000*100},{180,490000*100},{190,574000*100},{200,672000*100}",,0,,"{10,50000}","{20,120*4},{30,250*4},{40,400*4},{50,650*4.5},{60,1100*4.5},{70,1600*4.5},{100,2000*4.5},{110,2500*4.5},{120,3000*4.5},{130,3500*4.5},{140,4000*4.5},{150,5000*4.5},{160,5500*4.5},{170,6000*4.5}","{20,120*4},{30,250*4},{40,400*4},{50,650*4.5},{60,1100*4.5},{70,1600*4.5},{100,2000*4.5},{110,2500*4.5}",0,0,0,0,"{10,210},{20,410},{30,610},{40,810},{50,1010},{60,1210},{70,1410},{80,1610},{100,2010},{110,2210},{120,2600},{130,2800},{140,3100},{150,3500},{160,3900},{170,4300},{180,4800},{190,5500},{200,6200}","{10,210},{20,410},{30,610},{40,810},{50,1010},{60,1210},{70,1410},{80,1610},{100,2010},{110,2210},{120,2600},{130,2800},{140,3100},{150,3500},{160,3900},{170,4300},{180,4800},{190,5500},{200,6200}","{10,210},{20,410},{30,610},{40,810},{50,1010},{60,1210},{70,1410},{80,1610},{100,2010},{110,2210},{120,2600},{130,2800},{140,3100},{150,3500},{160,3900},{170,4300},{180,4800},{190,5500},{200,6200}","{10,210},{20,410},{30,610},{40,810},{50,1010},{60,1210},{70,1410},{80,1610},{100,2010},{110,2210},{120,2600},{130,2800},{140,3100},{150,3500},{160,3900},{170,4300},{180,4800},{190,5500},{200,6200}","{10,210},{20,410},{30,610},{40,810},{50,1010},{60,1210},{70,1410},{80,1610},{100,2010},{110,2210},{120,2600},{130,2800},{140,3100},{150,3500},{160,3900},{170,4300},{180,4800},{190,5500},{200,6200}","{10,257},{20,300},{30,342},{40,385},{50,428},{60,471},{70,514},{80,557},{100,642},{110,685},{120,728},{130,771},{140,1103},{150,1214},{160,1335},{170,1468},{180,1615},{190,1777},{200,1955}",,
LJF_boss_3,Lăng Tuyệt Phong boss 3,343,15,"{20,3000*200},{30,4000*200},{40,5000*200},{50,10000*200},{60,16500*200},{70,28750*200},{80,42000*200},{90,66000*200},{100,87500*200},{110,106250*200},{120,156000*200},{130,195000*200},{140,243000*200},{150,297000*200},{160,364000*200},{170,420000*200},{180,490000*200},{190,574000*200},{200,672000*200}",,0,,"{10,50000}","{20,120*5},{30,250*5},{40,400*5},{50,650*5},{60,1100*5},{70,1600*5},{100,2000*5},{110,2500*5},{120,3000*5},{130,3500*5},{140,4000*5},{150,5000*5},{160,5500*5},{170,6000*5}","{20,120*5},{30,250*5},{40,400*5},{50,650*5},{60,1100*5},{70,1600*5},{100,2000*5},{110,2500*5}",0,0,0,0,"{10,210},{20,410},{30,610},{40,810},{50,1010},{60,1210},{70,1410},{80,1610},{100,2010},{110,2210},{120,2600},{130,2800},{140,3100},{150,3500},{160,3900},{170,4300},{180,4800},{190,5500},{200,6200}","{10,210},{20,410},{30,610},{40,810},{50,1010},{60,1210},{70,1410},{80,1610},{100,2010},{110,2210},{120,2600},{130,2800},{140,3100},{150,3500},{160,3900},{170,4300},{180,4800},{190,5500},{200,6200}","{10,210},{20,410},{30,610},{40,810},{50,1010},{60,1210},{70,1410},{80,1610},{100,2010},{110,2210},{120,2600},{130,2800},{140,3100},{150,3500},{160,3900},{170,4300},{180,4800},{190,5500},{200,6200}","{10,210},{20,410},{30,610},{40,810},{50,1010},{60,1210},{70,1410},{80,1610},{100,2010},{110,2210},{120,2600},{130,2800},{140,3100},{150,3500},{160,3900},{170,4300},{180,4800},{190,5500},{200,6200}","{10,210},{20,410},{30,610},{40,810},{50,1010},{60,1210},{70,1410},{80,1610},{100,2010},{110,2210},{120,2600},{130,2800},{140,3100},{150,3500},{160,3900},{170,4300},{180,4800},{190,5500},{200,6200}","{10,257},{20,300},{30,342},{40,385},{50,428},{60,471},{70,514},{80,557},{100,642},{110,685},{120,728},{130,771},{140,1103},{150,1214},{160,1335},{170,1468},{180,1615},{190,1777},{200,1955}",,
LJF_boss_4,Lăng Tuyệt Phong boss 4,344,15,"{20,3000*240},{30,4000*240},{40,5000*240},{50,10000*240},{60,16500*240},{70,28750*240},{80,42000*240},{90,66000*240},{100,87500*240},{110,106250*240},{120,156000*240},{130,195000*240},{140,243000*240},{150,297000*240},{160,364000*240},{170,420000*240},{180,490000*240},{190,574000*240},{200,672000*240}",,0,,"{10,50000}","{20,120*5.5},{30,250*5.5},{40,400*5.5},{50,650*5.5},{60,1100*5.5},{70,1600*5.5},{100,2000*5.5},{110,2500*5.5},{120,3000*5.5},{130,3500*5.5},{140,4000*5.5},{150,5000*5.5},{160,5500*5.5},{170,6000*5.5}","{20,120*5.5},{30,250*5.5},{40,400*5.5},{50,650*5.5},{60,1100*5.5},{70,1600*5.5},{100,2000*5.5},{110,2500*5.5}",0,0,0,0,"{10,210},{20,410},{30,610},{40,810},{50,1010},{60,1210},{70,1410},{80,1610},{100,2010},{110,2210},{120,2600},{130,2800},{140,3100},{150,3500},{160,3900},{170,4300},{180,4800},{190,5500},{200,6200}","{10,210},{20,410},{30,610},{40,810},{50,1010},{60,1210},{70,1410},{80,1610},{100,2010},{110,2210},{120,2600},{130,2800},{140,3100},{150,3500},{160,3900},{170,4300},{180,4800},{190,5500},{200,6200}","{10,210},{20,410},{30,610},{40,810},{50,1010},{60,1210},{70,1410},{80,1610},{100,2010},{110,2210},{120,2600},{130,2800},{140,3100},{150,3500},{160,3900},{170,4300},{180,4800},{190,5500},{200,6200}","{10,210},{20,410},{30,610},{40,810},{50,1010},{60,1210},{70,1410},{80,1610},{100,2010},{110,2210},{120,2600},{130,2800},{140,3100},{150,3500},{160,3900},{170,4300},{180,4800},{190,5500},{200,6200}","{10,210},{20,410},{30,610},{40,810},{50,1010},{60,1210},{70,1410},{80,1610},{100,2010},{110,2210},{120,2600},{130,2800},{140,3100},{150,3500},{160,3900},{170,4300},{180,4800},{190,5500},{200,6200}","{10,257},{20,300},{30,342},{40,385},{50,428},{60,471},{70,514},{80,557},{100,642},{110,685},{120,728},{130,771},{140,1103},{150,1214},{160,1335},{170,1468},{180,1615},{190,1777},{200,1955}",,
LJF_Fantan,Quái Phản Đòn Lăng Tuyệt Phong,345,15,"{1,3000},{10,3000}",,0,,"{10,50000}","{20,120*1.2},{30,250*1.2},{40,400*1.2},{50,500*1.2},{60,1100*1.2},{70,1600*1.2},{100,2000*1.2},{110,2500*1.2}","{20,120*1.2},{30,250*1.2},{40,400*1.2},{50,500*1.2},{60,1100*1.2},{70,1600*1.2},{100,2000*1.2},{110,2500*1.2}",0,0,0,0,"{10,210},{20,410},{30,610},{40,810},{50,1010},{60,1210},{70,1410},{80,1610},{100,2010},{110,2210},{120,2410},{130,2610},{140,2860},{150,3146},{160,3461},{170,3807},{180,4188},{190,4607},{200,5068}","{10,210},{20,410},{30,610},{40,810},{50,1010},{60,1210},{70,1410},{80,1610},{100,2010},{110,2210},{120,2410},{130,2610},{140,2860},{150,3146},{160,3461},{170,3807},{180,4188},{190,4607},{200,5068}","{10,210},{20,410},{30,610},{40,810},{50,1010},{60,1210},{70,1410},{80,1610},{100,2010},{110,2210},{120,2410},{130,2610},{140,2860},{150,3146},{160,3461},{170,3807},{180,4188},{190,4607},{200,5068}","{10,210},{20,410},{30,610},{40,810},{50,1010},{60,1210},{70,1410},{80,1610},{100,2010},{110,2210},{120,2410},{130,2610},{140,2860},{150,3146},{160,3461},{170,3807},{180,4188},{190,4607},{200,5068}","{10,210},{20,410},{30,610},{40,810},{50,1010},{60,1210},{70,1410},{80,1610},{100,2010},{110,2210},{120,2410},{130,2610},{140,2860},{150,3146},{160,3461},{170,3807},{180,4188},{190,4607},{200,5068}","{10,257},{20,300},{30,342},{40,385},{50,428},{60,471},{70,514},{80,557},{100,642},{110,685},{120,728},{130,771},{140,1103},{150,1214},{160,1335},{170,1468},{180,1615},{190,1777},{200,1955}",,
JZLJF_enemy_1,Quyết Chiến Lăng Tuyệt-Quái nhỏ,365,15,"{20,3000},{30,4000},{40,5000},{50,10000},{60,15000},{70,25000},{80,35000},{90,55000},{100,60000},{110,75000},{120,95000},{130,116448},{140,133543},{150,152894},{160,174778},{170,199511},{180,227443},{190,258966},{200,294519}",,0,,"{10,1140},{20,2090},{30,3040},{40,3990},{50,4940},{60,5889},{70,6839},{80,7789},{100,9689},{110,10640},{120,11590},{130,12540},{140,13699},{150,15086},{160,16587},{170,18240},{180,20083},{190,22078},{200,24282}","{20,120*1.2},{30,250*1.2},{40,400*1.2},{50,650*1.2},{60,1100*1.2},{70,1600*1.2},{100,2000*1.2},{110,1500*1.2}","{20,120*1.2},{30,250*1.2},{40,400*1.2},{50,650*1.2},{60,1100*1.2},{70,1600*1.2},{100,2000*1.2},{110,1500*1.2}",0,0,0,0,"{10,210},{20,410},{30,610},{40,810},{50,1010},{60,1210},{70,1410},{80,1610},{100,2010},{110,2210},{120,2410},{130,2610},{140,2860},{150,3146},{160,3461},{170,3807},{180,4188},{190,4607},{200,5068}","{10,210},{20,410},{30,610},{40,810},{50,1010},{60,1210},{70,1410},{80,1610},{100,2010},{110,2210},{120,2410},{130,2610},{140,2860},{150,3146},{160,3461},{170,3807},{180,4188},{190,4607},{200,5068}","{10,210},{20,410},{30,610},{40,810},{50,1010},{60,1210},{70,1410},{80,1610},{100,2010},{110,2210},{120,2410},{130,2610},{140,2860},{150,3146},{160,3461},{170,3807},{180,4188},{190,4607},{200,5068}","{10,210},{20,410},{30,610},{40,810},{50,1010},{60,1210},{70,1410},{80,1610},{100,2010},{110,2210},{120,2410},{130,2610},{140,2860},{150,3146},{160,3461},{170,3807},{180,4188},{190,4607},{200,5068}","{10,210},{20,410},{30,610},{40,810},{50,1010},{60,1210},{70,1410},{80,1610},{100,2010},{110,2210},{120,2410},{130,2610},{140,2860},{150,3146},{160,3461},{170,3807},{180,4188},{190,4607},{200,5068}","{10,257},{20,300},{30,342},{40,385},{50,428},{60,471},{70,514},{80,557},{100,642},{110,685},{120,728},{130,771},{140,1103},{150,1214},{160,1335},{170,1468},{180,1615},{190,1777},{200,1955}",,
JZLJF_enemy_2,Quyết Chiến Lăng Tuyệt-Quái 1,353,15,"{20,3000*2.5},{30,4000*2.5},{40,5000*2.5},{50,10000*2.5},{60,15000*2.5},{70,25000*2.5},{80,35000*2.5},{90,55000*2.5},{100,60000*2.5},{110,75000*2.5},{120,95000*2.5},{130,291120},{140,333859},{150,382235},{160,436947},{170,498779},{180,568608},{190,647416},{200,736298}",,0,,"{10,1140},{20,2090},{30,3040},{40,3990},{50,4940},{60,5889},{70,6839},{80,7789},{100,9689},{110,10640},{120,11590},{130,12540},{140,13699},{150,15086},{160,16587},{170,18240},{180,20083},{190,22078},{200,24282}","{20,120*1.2},{30,250*1.2},{40,400*1.2},{50,650*1.2},{60,1100*1.2},{70,1600*1.2},{100,2000*1.2},{110,2500*1.2}","{20,120*1.2},{30,250*1.2},{40,400*1.2},{50,650*1.2},{60,1100*1.2},{70,1600*1.2},{100,2000*1.2},{110,2500*1.2}",0,0,0,0,"{10,210},{20,410},{30,610},{40,810},{50,1010},{60,1210},{70,1410},{80,1610},{100,2010},{110,2210},{120,2410},{130,2610},{140,2860},{150,3146},{160,3461},{170,3807},{180,4188},{190,4607},{200,5068}","{10,210},{20,410},{30,610},{40,810},{50,1010},{60,1210},{70,1410},{80,1610},{100,2010},{110,2210},{120,2410},{130,2610},{140,2860},{150,3146},{160,3461},{170,3807},{180,4188},{190,4607},{200,5068}","{10,210},{20,410},{30,610},{40,810},{50,1010},{60,1210},{70,1410},{80,1610},{100,2010},{110,2210},{120,2410},{130,2610},{140,2860},{150,3146},{160,3461},{170,3807},{180,4188},{190,4607},{200,5068}","{10,210},{20,410},{30,610},{40,810},{50,1010},{60,1210},{70,1410},{80,1610},{100,2010},{110,2210},{120,2410},{130,2610},{140,2860},{150,3146},{160,3461},{170,3807},{180,4188},{190,4607},{200,5068}","{10,210},{20,410},{30,610},{40,810},{50,1010},{60,1210},{70,1410},{80,1610},{100,2010},{110,2210},{120,2410},{130,2610},{140,2860},{150,3146},{160,3461},{170,3807},{180,4188},{190,4607},{200,5068}","{10,257},{20,300},{30,342},{40,385},{50,428},{60,471},{70,514},{80,557},{100,642},{110,685},{120,728},{130,771},{140,1103},{150,1214},{160,1335},{170,1468},{180,1615},{190,1777},{200,1955}",,
JZLJF_enemy_3,Quyết Chiến Lăng Tuyệt-Quái 2,354,15,"{20,3000*4},{30,4000*4},{40,5000*4},{50,10000*4},{60,15000*4},{70,25000*4},{80,35000*4},{90,55000*4},{100,60000*4},{110,75000*4},{120,95000*4},{130,465793},{140,534175},{150,611576},{160,699115},{170,798047},{180,909774},{190,1035865},{200,1178077}",,0,,"{10,1140},{20,2090},{30,3040},{40,3990},{50,4940},{60,5889},{70,6839},{80,7789},{100,9689},{110,10640},{120,11590},{130,12540},{140,13699},{150,15086},{160,16587},{170,18240},{180,20083},{190,22078},{200,24282}","{20,120*1.2},{30,250*1.2},{40,400*1.2},{50,650*1.2},{60,1100*1.2},{70,1600*1.2},{100,2000*1.2},{110,2500*1.2}","{20,120*1.2},{30,250*1.2},{40,400*1.2},{50,650*1.2},{60,1100*1.2},{70,1600*1.2},{100,2000*1.2},{110,2500*1.2}",0,0,0,0,"{10,210},{20,410},{30,610},{40,810},{50,1010},{60,1210},{70,1410},{80,1610},{100,2010},{110,2210},{120,2410},{130,2610},{140,2860},{150,3146},{160,3461},{170,3807},{180,4188},{190,4607},{200,5068}","{10,210},{20,410},{30,610},{40,810},{50,1010},{60,1210},{70,1410},{80,1610},{100,2010},{110,2210},{120,2410},{130,2610},{140,2860},{150,3146},{160,3461},{170,3807},{180,4188},{190,4607},{200,5068}","{10,210},{20,410},{30,610},{40,810},{50,1010},{60,1210},{70,1410},{80,1610},{100,2010},{110,2210},{120,2410},{130,2610},{140,2860},{150,3146},{160,3461},{170,3807},{180,4188},{190,4607},{200,5068}","{10,210},{20,410},{30,610},{40,810},{50,1010},{60,1210},{70,1410},{80,1610},{100,2010},{110,2210},{120,2410},{130,2610},{140,2860},{150,3146},{160,3461},{170,3807},{180,4188},{190,4607},{200,5068}","{10,210},{20,410},{30,610},{40,810},{50,1010},{60,1210},{70,1410},{80,1610},{100,2010},{110,2210},{120,2410},{130,2610},{140,2860},{150,3146},{160,3461},{170,3807},{180,4188},{190,4607},{200,5068}","{10,257},{20,300},{30,342},{40,385},{50,428},{60,471},{70,514},{80,557},{100,642},{110,685},{120,728},{130,771},{140,1103},{150,1214},{160,1335},{170,1468},{180,1615},{190,1777},{200,1955}",,
JZLJF_enemy_4,Quyết Chiến Lăng Tuyệt-Quái 3,355,15,"{20,3000*7},{30,4000*7},{40,5000*7},{50,10000*7},{60,15000*7},{70,25000*7},{80,35000*7},{90,55000*7},{100,60000*7},{110,75000*7},{120,95000*7},{130,815138},{140,934807},{150,1070259},{160,1223452},{170,1396583},{180,1592104},{190,1812764},{200,2061635}",,0,,"{10,1140},{20,2090},{30,3040},{40,3990},{50,4940},{60,5889},{70,6839},{80,7789},{100,9689},{110,10640},{120,11590},{130,12540},{140,13699},{150,15086},{160,16587},{170,18240},{180,20083},{190,22078},{200,24282}","{20,120*1.2},{30,250*1.2},{40,400*1.2},{50,650*1.2},{60,1100*1.2},{70,1600*1.2},{100,2000*1.2},{110,2500*1.2}","{20,120*1.2},{30,250*1.2},{40,400*1.2},{50,650*1.2},{60,1100*1.2},{70,1600*1.2},{100,2000*1.2},{110,2500*1.2}",0,0,0,0,"{10,210},{20,410},{30,610},{40,810},{50,1010},{60,1210},{70,1410},{80,1610},{100,2010},{110,2210},{120,2410},{130,2610},{140,2860},{150,3146},{160,3461},{170,3807},{180,4188},{190,4607},{200,5068}","{10,210},{20,410},{30,610},{40,810},{50,1010},{60,1210},{70,1410},{80,1610},{100,2010},{110,2210},{120,2410},{130,2610},{140,2860},{150,3146},{160,3461},{170,3807},{180,4188},{190,4607},{200,5068}","{10,210},{20,410},{30,610},{40,810},{50,1010},{60,1210},{70,1410},{80,1610},{100,2010},{110,2210},{120,2410},{130,2610},{140,2860},{150,3146},{160,3461},{170,3807},{180,4188},{190,4607},{200,5068}","{10,210},{20,410},{30,610},{40,810},{50,1010},{60,1210},{70,1410},{80,1610},{100,2010},{110,2210},{120,2410},{130,2610},{140,2860},{150,3146},{160,3461},{170,3807},{180,4188},{190,4607},{200,5068}","{10,210},{20,410},{30,610},{40,810},{50,1010},{60,1210},{70,1410},{80,1610},{100,2010},{110,2210},{120,2410},{130,2610},{140,2860},{150,3146},{160,3461},{170,3807},{180,4188},{190,4607},{200,5068}","{10,257},{20,300},{30,342},{40,385},{50,428},{60,471},{70,514},{80,557},{100,642},{110,685},{120,728},{130,771},{140,1103},{150,1214},{160,1335},{170,1468},{180,1615},{190,1777},{200,1955}",,
JZLJF_elite_1,Quyết Chiến Lăng Tuyệt-Tinh Anh1,356,15,"{20,3000*10},{30,4000*10},{40,5000*10},{50,10000*10},{60,15000*10},{70,25000*10},{80,35000*10},{90,55000*10},{100,60000*10},{110,75000*10},{120,95000*10},{130,1164483},{140,1335439},{150,1528941},{160,1747789},{170,1995118},{180,2274435},{190,2589664},{200,2945194}",,0,,"{10,1140},{20,2090},{30,3040},{40,3990},{50,4940},{60,5889},{70,6839},{80,7789},{100,9689},{110,10640},{120,11590},{130,12540},{140,13699},{150,15086},{160,16587},{170,18240},{180,20083},{190,22078},{200,24282}","{20,120*1.5},{30,250*1.5},{40,400*1.5},{50,650*2},{60,1100*2},{70,1600*2},{100,2000*2},{110,2500*2}","{20,120*1.5},{30,250*1.5},{40,400*1.5},{50,650*2},{60,1100*2},{70,1600*2},{100,2000*2},{110,2500*2}",0,0,0,0,"{10,210},{20,410},{30,610},{40,810},{50,1010},{60,1210},{70,1410},{80,1610},{100,2010},{110,2210},{120,2410},{130,2610},{140,2860},{150,3146},{160,3461},{170,3807},{180,4188},{190,4607},{200,5068}","{10,210},{20,410},{30,610},{40,810},{50,1010},{60,1210},{70,1410},{80,1610},{100,2010},{110,2210},{120,2410},{130,2610},{140,2860},{150,3146},{160,3461},{170,3807},{180,4188},{190,4607},{200,5068}","{10,210},{20,410},{30,610},{40,810},{50,1010},{60,1210},{70,1410},{80,1610},{100,2010},{110,2210},{120,2410},{130,2610},{140,2860},{150,3146},{160,3461},{170,3807},{180,4188},{190,4607},{200,5068}","{10,210},{20,410},{30,610},{40,810},{50,1010},{60,1210},{70,1410},{80,1610},{100,2010},{110,2210},{120,2410},{130,2610},{140,2860},{150,3146},{160,3461},{170,3807},{180,4188},{190,4607},{200,5068}","{10,210},{20,410},{30,610},{40,810},{50,1010},{60,1210},{70,1410},{80,1610},{100,2010},{110,2210},{120,2410},{130,2610},{140,2860},{150,3146},{160,3461},{170,3807},{180,4188},{190,4607},{200,5068}","{10,257},{20,300},{30,342},{40,385},{50,428},{60,471},{70,514},{80,557},{100,642},{110,685},{120,728},{130,771},{140,1103},{150,1214},{160,1335},{170,1468},{180,1615},{190,1777},{200,1955}",,
JZLJF_elite_2,Quyết Chiến Lăng Tuyệt-Tinh Anh2,357,15,"{20,3000*16},{30,4000*16},{40,5000*16},{50,10000*16},{60,15000*16},{70,25000*16},{80,35000*16},{90,55000*16},{100,60000*16},{110,75000*16},{120,95000*16},{130,1863172},{140,2136702},{150,2446306},{160,2796463},{170,3192189},{180,3639096},{190,4143462},{200,4712310}",,0,,"{10,1140},{20,2090},{30,3040},{40,3990},{50,4940},{60,5889},{70,6839},{80,7789},{100,9689},{110,10640},{120,11590},{130,12540},{140,13699},{150,15086},{160,16587},{170,18240},{180,20083},{190,22078},{200,24282}","{20,120*1.5},{30,250*1.5},{40,400*1.5},{50,650*2},{60,1100*2},{70,1600*2},{100,2000*2},{110,2500*2}","{20,120*1.5},{30,250*1.5},{40,400*1.5},{50,650*2},{60,1100*2},{70,1600*2},{100,2000*2},{110,2500*2}",0,0,0,0,"{10,210},{20,410},{30,610},{40,810},{50,1010},{60,1210},{70,1410},{80,1610},{100,2010},{110,2210},{120,2410},{130,2610},{140,2860},{150,3146},{160,3461},{170,3807},{180,4188},{190,4607},{200,5068}","{10,210},{20,410},{30,610},{40,810},{50,1010},{60,1210},{70,1410},{80,1610},{100,2010},{110,2210},{120,2410},{130,2610},{140,2860},{150,3146},{160,3461},{170,3807},{180,4188},{190,4607},{200,5068}","{10,210},{20,410},{30,610},{40,810},{50,1010},{60,1210},{70,1410},{80,1610},{100,2010},{110,2210},{120,2410},{130,2610},{140,2860},{150,3146},{160,3461},{170,3807},{180,4188},{190,4607},{200,5068}","{10,210},{20,410},{30,610},{40,810},{50,1010},{60,1210},{70,1410},{80,1610},{100,2010},{110,2210},{120,2410},{130,2610},{140,2860},{150,3146},{160,3461},{170,3807},{180,4188},{190,4607},{200,5068}","{10,210},{20,410},{30,610},{40,810},{50,1010},{60,1210},{70,1410},{80,1610},{100,2010},{110,2210},{120,2410},{130,2610},{140,2860},{150,3146},{160,3461},{170,3807},{180,4188},{190,4607},{200,5068}","{10,257},{20,300},{30,342},{40,385},{50,428},{60,471},{70,514},{80,557},{100,642},{110,685},{120,728},{130,771},{140,1103},{150,1214},{160,1335},{170,1468},{180,1615},{190,1777},{200,1955}",,
JZLJF_elite_3,Quyết Chiến Lăng Tuyệt-Tinh Anh3,358,15,"{20,3000*26},{30,4000*26},{40,5000*26},{50,10000*26},{60,15000*26},{70,25000*26},{80,35000*26},{90,55000*26},{100,60000*26},{110,75000*26},{120,95000*26},{130,3027655},{140,3472141},{150,3975247},{160,4544253},{170,5187308},{180,5913531},{190,6733126},{200,7657504}",,0,,"{10,1140},{20,2090},{30,3040},{40,3990},{50,4940},{60,5889},{70,6839},{80,7789},{100,9689},{110,10640},{120,11590},{130,12540},{140,13699},{150,15086},{160,16587},{170,18240},{180,20083},{190,22078},{200,24282}","{20,120*1.5},{30,250*1.5},{40,400*1.5},{50,650*2},{60,1100*2},{70,1600*2},{100,2000*2},{110,2500*2}","{20,120*1.5},{30,250*1.5},{40,400*1.5},{50,650*2},{60,1100*2},{70,1600*2},{100,2000*2},{110,2500*2}",0,0,0,0,"{10,210},{20,410},{30,610},{40,810},{50,1010},{60,1210},{70,1410},{80,1610},{100,2010},{110,2210},{120,2410},{130,2610},{140,2860},{150,3146},{160,3461},{170,3807},{180,4188},{190,4607},{200,5068}","{10,210},{20,410},{30,610},{40,810},{50,1010},{60,1210},{70,1410},{80,1610},{100,2010},{110,2210},{120,2410},{130,2610},{140,2860},{150,3146},{160,3461},{170,3807},{180,4188},{190,4607},{200,5068}","{10,210},{20,410},{30,610},{40,810},{50,1010},{60,1210},{70,1410},{80,1610},{100,2010},{110,2210},{120,2410},{130,2610},{140,2860},{150,3146},{160,3461},{170,3807},{180,4188},{190,4607},{200,5068}","{10,210},{20,410},{30,610},{40,810},{50,1010},{60,1210},{70,1410},{80,1610},{100,2010},{110,2210},{120,2410},{130,2610},{140,2860},{150,3146},{160,3461},{170,3807},{180,4188},{190,4607},{200,5068}","{10,210},{20,410},{30,610},{40,810},{50,1010},{60,1210},{70,1410},{80,1610},{100,2010},{110,2210},{120,2410},{130,2610},{140,2860},{150,3146},{160,3461},{170,3807},{180,4188},{190,4607},{200,5068}","{10,257},{20,300},{30,342},{40,385},{50,428},{60,471},{70,514},{80,557},{100,642},{110,685},{120,728},{130,771},{140,1103},{150,1214},{160,1335},{170,1468},{180,1615},{190,1777},{200,1955}",,
JZLJF_captain_1,Quyết Chiến Lăng Tuyệt-Thủ Lĩnh 1,359,15,"{20,3000*33},{30,4000*33},{40,5000*33},{50,10000*33},{60,15000*33},{70,25000*33},{80,35000*33},{90,55000*33},{100,60000*33},{110,75000*33},{120,95000*33},{130,3842793},{140,4406948},{150,5045506},{160,5767706},{170,6583891},{180,7505636},{190,8545891},{200,9719140}",,0,,"{10,1140},{20,2090},{30,3040},{40,3990},{50,4940},{60,5889},{70,6839},{80,7789},{100,9689},{110,10640},{120,11590},{130,12540},{140,13699},{150,15086},{160,16587},{170,18240},{180,20083},{190,22078},{200,24282}","{20,120*2},{30,250*2},{40,400*2},{50,650*3},{60,1100*3},{70,1600*3},{100,2000*3},{110,2500*3}","{20,120*2},{30,250*2},{40,400*2},{50,650*3},{60,1100*3},{70,1600*3},{100,2000*3},{110,2500*3}",0,0,0,0,"{10,210},{20,410},{30,610},{40,810},{50,1010},{60,1210},{70,1410},{80,1610},{100,2010},{110,2210},{120,2410},{130,2610},{140,2860},{150,3146},{160,3461},{170,3807},{180,4188},{190,4607},{200,5068}","{10,210},{20,410},{30,610},{40,810},{50,1010},{60,1210},{70,1410},{80,1610},{100,2010},{110,2210},{120,2410},{130,2610},{140,2860},{150,3146},{160,3461},{170,3807},{180,4188},{190,4607},{200,5068}","{10,210},{20,410},{30,610},{40,810},{50,1010},{60,1210},{70,1410},{80,1610},{100,2010},{110,2210},{120,2410},{130,2610},{140,2860},{150,3146},{160,3461},{170,3807},{180,4188},{190,4607},{200,5068}","{10,210},{20,410},{30,610},{40,810},{50,1010},{60,1210},{70,1410},{80,1610},{100,2010},{110,2210},{120,2410},{130,2610},{140,2860},{150,3146},{160,3461},{170,3807},{180,4188},{190,4607},{200,5068}","{10,210},{20,410},{30,610},{40,810},{50,1010},{60,1210},{70,1410},{80,1610},{100,2010},{110,2210},{120,2410},{130,2610},{140,2860},{150,3146},{160,3461},{170,3807},{180,4188},{190,4607},{200,5068}","{10,257},{20,300},{30,342},{40,385},{50,428},{60,471},{70,514},{80,557},{100,642},{110,685},{120,728},{130,771},{140,1103},{150,1214},{160,1335},{170,1468},{180,1615},{190,1777},{200,1955}",,
JZLJF_captain_2,Quyết Chiến Lăng Tuyệt-Thủ Lĩnh 2,360,15,"{20,3000*50},{30,4000*50},{40,5000*50},{50,10000*50},{60,15000*50},{70,25000*50},{80,35000*50},{90,55000*50},{100,60000*50},{110,75000*50},{120,95000*50},{130,5822415},{140,6677195},{150,7644707},{160,8738949},{170,9975593},{180,11372176},{190,12948320},{200,14725970}",,0,,"{10,1140},{20,2090},{30,3040},{40,3990},{50,4940},{60,5889},{70,6839},{80,7789},{100,9689},{110,10640},{120,11590},{130,12540},{140,13699},{150,15086},{160,16587},{170,18240},{180,20083},{190,22078},{200,24282}","{20,120*2},{30,250*2},{40,400*2},{50,650*3},{60,1100*3},{70,1600*3},{100,2000*3},{110,2500*3}","{20,120*2},{30,250*2},{40,400*2},{50,650*3},{60,1100*3},{70,1600*3},{100,2000*3},{110,2500*3}",0,0,0,0,"{10,210},{20,410},{30,610},{40,810},{50,1010},{60,1210},{70,1410},{80,1610},{100,2010},{110,2210},{120,2410},{130,2610},{140,2860},{150,3146},{160,3461},{170,3807},{180,4188},{190,4607},{200,5068}","{10,210},{20,410},{30,610},{40,810},{50,1010},{60,1210},{70,1410},{80,1610},{100,2010},{110,2210},{120,2410},{130,2610},{140,2860},{150,3146},{160,3461},{170,3807},{180,4188},{190,4607},{200,5068}","{10,210},{20,410},{30,610},{40,810},{50,1010},{60,1210},{70,1410},{80,1610},{100,2010},{110,2210},{120,2410},{130,2610},{140,2860},{150,3146},{160,3461},{170,3807},{180,4188},{190,4607},{200,5068}","{10,210},{20,410},{30,610},{40,810},{50,1010},{60,1210},{70,1410},{80,1610},{100,2010},{110,2210},{120,2410},{130,2610},{140,2860},{150,3146},{160,3461},{170,3807},{180,4188},{190,4607},{200,5068}","{10,210},{20,410},{30,610},{40,810},{50,1010},{60,1210},{70,1410},{80,1610},{100,2010},{110,2210},{120,2410},{130,2610},{140,2860},{150,3146},{160,3461},{170,3807},{180,4188},{190,4607},{200,5068}","{10,257},{20,300},{30,342},{40,385},{50,428},{60,471},{70,514},{80,557},{100,642},{110,685},{120,728},{130,771},{140,1103},{150,1214},{160,1335},{170,1468},{180,1615},{190,1777},{200,1955}",,
JZLJF_boss_1,Quyết Chiến Lăng Tuyệt-Boss nhỏ 1,361,15,"{20,3000*70},{30,4000*70},{40,5000*70},{50,10000*70},{60,15000*70},{70,25000*70},{80,35000*70},{90,55000*70},{100,60000*70},{110,75000*70},{120,95000*70},{130,8151381},{140,9348073},{150,10702590},{160,12234529},{170,13965830},{180,15921047},{190,18127648},{200,20616359}",,0,,"{10,1140},{20,2090},{30,3040},{40,3990},{50,4940},{60,5889},{70,6839},{80,7789},{100,9689},{110,10640},{120,11590},{130,12540},{140,13699},{150,15086},{160,16587},{170,18240},{180,20083},{190,22078},{200,24282}","{20,120*3.5},{30,250*3.5},{40,400*4},{50,650*4},{60,1100*4},{70,1600*4},{100,2000*4},{110,2500*4}","{20,120*3.5},{30,250*3.5},{40,400*4},{50,650*4},{60,1100*4},{70,1600*4},{100,2000*4},{110,2500*4}",0,0,0,0,"{10,210},{20,410},{30,610},{40,810},{50,1010},{60,1210},{70,1410},{80,1610},{100,2010},{110,2210},{120,2410},{130,2610},{140,2860},{150,3146},{160,3461},{170,3807},{180,4188},{190,4607},{200,5068}","{10,210},{20,410},{30,610},{40,810},{50,1010},{60,1210},{70,1410},{80,1610},{100,2010},{110,2210},{120,2410},{130,2610},{140,2860},{150,3146},{160,3461},{170,3807},{180,4188},{190,4607},{200,5068}","{10,210},{20,410},{30,610},{40,810},{50,1010},{60,1210},{70,1410},{80,1610},{100,2010},{110,2210},{120,2410},{130,2610},{140,2860},{150,3146},{160,3461},{170,3807},{180,4188},{190,4607},{200,5068}","{10,210},{20,410},{30,610},{40,810},{50,1010},{60,1210},{70,1410},{80,1610},{100,2010},{110,2210},{120,2410},{130,2610},{140,2860},{150,3146},{160,3461},{170,3807},{180,4188},{190,4607},{200,5068}","{10,210},{20,410},{30,610},{40,810},{50,1010},{60,1210},{70,1410},{80,1610},{100,2010},{110,2210},{120,2410},{130,2610},{140,2860},{150,3146},{160,3461},{170,3807},{180,4188},{190,4607},{200,5068}","{10,257},{20,300},{30,342},{40,385},{50,428},{60,471},{70,514},{80,557},{100,642},{110,685},{120,728},{130,771},{140,1103},{150,1214},{160,1335},{170,1468},{180,1615},{190,1777},{200,1955}",,
JZLJF_boss_2,Quyết Chiến Lăng Tuyệt-Boss nhỏ 2,362,15,"{20,3000*100},{30,4000*100},{40,5000*100},{50,10000*100},{60,15000*100},{70,25000*100},{80,35000*100},{90,55000*100},{100,60000*100},{110,75000*100},{120,95000*100},{130,11644830},{140,13354390},{150,15289414},{160,17477899},{170,19951186},{180,22744352},{190,25896640},{200,29451941}",,0,,"{10,1140},{20,2090},{30,3040},{40,3990},{50,4940},{60,5889},{70,6839},{80,7789},{100,9689},{110,10640},{120,11590},{130,12540},{140,13699},{150,15086},{160,16587},{170,18240},{180,20083},{190,22078},{200,24282}","{20,120*4},{30,250*4},{40,400*4},{50,650*4.5},{60,1100*4.5},{70,1600*4.5},{100,2000*4.5},{110,2500*4.5}","{20,120*4},{30,250*4},{40,400*4},{50,650*4.5},{60,1100*4.5},{70,1600*4.5},{100,2000*4.5},{110,2500*4.5}",0,0,0,0,"{10,210},{20,410},{30,610},{40,810},{50,1010},{60,1210},{70,1410},{80,1610},{100,2010},{110,2210},{120,2410},{130,2610},{140,2860},{150,3146},{160,3461},{170,3807},{180,4188},{190,4607},{200,5068}","{10,210},{20,410},{30,610},{40,810},{50,1010},{60,1210},{70,1410},{80,1610},{100,2010},{110,2210},{120,2410},{130,2610},{140,2860},{150,3146},{160,3461},{170,3807},{180,4188},{190,4607},{200,5068}","{10,210},{20,410},{30,610},{40,810},{50,1010},{60,1210},{70,1410},{80,1610},{100,2010},{110,2210},{120,2410},{130,2610},{140,2860},{150,3146},{160,3461},{170,3807},{180,4188},{190,4607},{200,5068}","{10,210},{20,410},{30,610},{40,810},{50,1010},{60,1210},{70,1410},{80,1610},{100,2010},{110,2210},{120,2410},{130,2610},{140,2860},{150,3146},{160,3461},{170,3807},{180,4188},{190,4607},{200,5068}","{10,210},{20,410},{30,610},{40,810},{50,1010},{60,1210},{70,1410},{80,1610},{100,2010},{110,2210},{120,2410},{130,2610},{140,2860},{150,3146},{160,3461},{170,3807},{180,4188},{190,4607},{200,5068}","{10,257},{20,300},{30,342},{40,385},{50,428},{60,471},{70,514},{80,557},{100,642},{110,685},{120,728},{130,771},{140,1103},{150,1214},{160,1335},{170,1468},{180,1615},{190,1777},{200,1955}",,
JZLJF_boss_3,Quyết Chiến Lăng Tuyệt-Boss nhỏ 3,363,15,"{20,3000*200},{30,4000*200},{40,5000*200},{50,10000*200},{60,15000*200},{70,25000*200},{80,35000*200},{90,55000*200},{100,60000*200},{110,75000*200},{120,95000*200},{130,23289660},{140,26708780},{150,30578828},{160,34955798},{170,39902373},{180,45488705},{190,51793280},{200,58903883}",,0,,"{10,1140},{20,2090},{30,3040},{40,3990},{50,4940},{60,5889},{70,6839},{80,7789},{100,9689},{110,10640},{120,11590},{130,12540},{140,13699},{150,15086},{160,16587},{170,18240},{180,20083},{190,22078},{200,24282}","{20,120*5},{30,250*5},{40,400*5},{50,650*5},{60,1100*5},{70,1600*5},{100,2000*5},{110,2500*5}","{20,120*5},{30,250*5},{40,400*5},{50,650*5},{60,1100*5},{70,1600*5},{100,2000*5},{110,2500*5}",0,0,0,0,"{10,210},{20,410},{30,610},{40,810},{50,1010},{60,1210},{70,1410},{80,1610},{100,2010},{110,2210},{120,2410},{130,2610},{140,2860},{150,3146},{160,3461},{170,3807},{180,4188},{190,4607},{200,5068}","{10,210},{20,410},{30,610},{40,810},{50,1010},{60,1210},{70,1410},{80,1610},{100,2010},{110,2210},{120,2410},{130,2610},{140,2860},{150,3146},{160,3461},{170,3807},{180,4188},{190,4607},{200,5068}","{10,210},{20,410},{30,610},{40,810},{50,1010},{60,1210},{70,1410},{80,1610},{100,2010},{110,2210},{120,2410},{130,2610},{140,2860},{150,3146},{160,3461},{170,3807},{180,4188},{190,4607},{200,5068}","{10,210},{20,410},{30,610},{40,810},{50,1010},{60,1210},{70,1410},{80,1610},{100,2010},{110,2210},{120,2410},{130,2610},{140,2860},{150,3146},{160,3461},{170,3807},{180,4188},{190,4607},{200,5068}","{10,210},{20,410},{30,610},{40,810},{50,1010},{60,1210},{70,1410},{80,1610},{100,2010},{110,2210},{120,2410},{130,2610},{140,2860},{150,3146},{160,3461},{170,3807},{180,4188},{190,4607},{200,5068}","{10,257},{20,300},{30,342},{40,385},{50,428},{60,471},{70,514},{80,557},{100,642},{110,685},{120,728},{130,771},{140,1103},{150,1214},{160,1335},{170,1468},{180,1615},{190,1777},{200,1955}",,
JZLJF_boss_4,Quyết Chiến Lăng Tuyệt-Boss nhỏ 4,364,15,"{20,3000*240},{30,4000*240},{40,5000*240},{50,10000*240},{60,15000*240},{70,25000*240},{80,35000*240},{90,55000*240},{100,60000*240},{110,75000*240},{120,95000*240},{130,27947592},{140,32050537},{150,36694594},{160,41946957},{170,47882848},{180,54586446},{190,62151937},{200,70684660}",,0,,"{10,1140},{20,2090},{30,3040},{40,3990},{50,4940},{60,5889},{70,6839},{80,7789},{100,9689},{110,10640},{120,11590},{130,12540},{140,13699},{150,15086},{160,16587},{170,18240},{180,20083},{190,22078},{200,24282}","{20,120*5.5},{30,250*5.5},{40,400*5.5},{50,650*5.5},{60,1100*5.5},{70,1600*5.5},{100,2000*5.5},{110,2500*5.5}","{20,120*5.5},{30,250*5.5},{40,400*5.5},{50,650*5.5},{60,1100*5.5},{70,1600*5.5},{100,2000*5.5},{110,2500*5.5}",0,0,0,0,"{10,210},{20,410},{30,610},{40,810},{50,1010},{60,1210},{70,1410},{80,1610},{100,2010},{110,2210},{120,2410},{130,2610},{140,2860},{150,3146},{160,3461},{170,3807},{180,4188},{190,4607},{200,5068}","{10,210},{20,410},{30,610},{40,810},{50,1010},{60,1210},{70,1410},{80,1610},{100,2010},{110,2210},{120,2410},{130,2610},{140,2860},{150,3146},{160,3461},{170,3807},{180,4188},{190,4607},{200,5068}","{10,210},{20,410},{30,610},{40,810},{50,1010},{60,1210},{70,1410},{80,1610},{100,2010},{110,2210},{120,2410},{130,2610},{140,2860},{150,3146},{160,3461},{170,3807},{180,4188},{190,4607},{200,5068}","{10,210},{20,410},{30,610},{40,810},{50,1010},{60,1210},{70,1410},{80,1610},{100,2010},{110,2210},{120,2410},{130,2610},{140,2860},{150,3146},{160,3461},{170,3807},{180,4188},{190,4607},{200,5068}","{10,210},{20,410},{30,610},{40,810},{50,1010},{60,1210},{70,1410},{80,1610},{100,2010},{110,2210},{120,2410},{130,2610},{140,2860},{150,3146},{160,3461},{170,3807},{180,4188},{190,4607},{200,5068}","{10,257},{20,300},{30,342},{40,385},{50,428},{60,471},{70,514},{80,557},{100,642},{110,685},{120,728},{130,771},{140,1103},{150,1214},{160,1335},{170,1468},{180,1615},{190,1777},{200,1955}",,
JZLJF_boss_1,Quyết Chiến Lăng Tuyệt-BOSS 1,346,15,"{20,3000*200},{30,4000*200},{40,5000*200},{50,10000*200},{60,15000*200},{70,25000*200},{80,35000*200},{90,55000*200},{100,60000*200},{110,75000*200},{120,95000*200},{130,23289660},{140,26708780},{150,30578828},{160,34955798},{170,39902373},{180,45488705},{190,51793280},{200,58903883}",,0,,"{10,1140},{20,2090},{30,3040},{40,3990},{50,4940},{60,5889},{70,6839},{80,7789},{100,9689},{110,10640},{120,11590},{130,12540},{140,13699},{150,15086},{160,16587},{170,18240},{180,20083},{190,22078},{200,24282}","{20,120*1.2},{30,250*1.2},{40,400*1.2},{50,500*1.2},{60,1100*1.2},{70,1600*1.2},{100,2000*1.2},{110,2500*1.2}","{20,120*5},{30,250*5},{40,400*5},{50,650*5},{60,1100*5},{70,1600*5},{100,2000*5},{110,2500*5}",0,0,0,0,"{10,210},{20,410},{30,610},{40,810},{50,1010},{60,1210},{70,1410},{80,1610},{100,2010},{110,2210},{120,2410},{130,2610},{140,2860},{150,3146},{160,3461},{170,3807},{180,4188},{190,4607},{200,5068}","{10,210},{20,410},{30,610},{40,810},{50,1010},{60,1210},{70,1410},{80,1610},{100,2010},{110,2210},{120,2410},{130,2610},{140,2860},{150,3146},{160,3461},{170,3807},{180,4188},{190,4607},{200,5068}","{10,210},{20,410},{30,610},{40,810},{50,1010},{60,1210},{70,1410},{80,1610},{100,2010},{110,2210},{120,2410},{130,2610},{140,2860},{150,3146},{160,3461},{170,3807},{180,4188},{190,4607},{200,5068}","{10,210},{20,410},{30,610},{40,810},{50,1010},{60,1210},{70,1410},{80,1610},{100,2010},{110,2210},{120,2410},{130,2610},{140,2860},{150,3146},{160,3461},{170,3807},{180,4188},{190,4607},{200,5068}","{10,210},{20,410},{30,610},{40,810},{50,1010},{60,1210},{70,1410},{80,1610},{100,2010},{110,2210},{120,2410},{130,2610},{140,2860},{150,3146},{160,3461},{170,3807},{180,4188},{190,4607},{200,5068}","{10,257},{20,300},{30,342},{40,385},{50,428},{60,471},{70,514},{80,557},{100,642},{110,685},{120,728},{130,771},{140,1103},{150,1214},{160,1335},{170,1468},{180,1615},{190,1777},{200,1955}",,
JZLJF_boss_2,Quyết Chiến Lăng Tuyệt-BOSS 2,347,15,"{20,3000*200},{30,4000*200},{40,5000*200},{50,10000*200},{60,15000*200},{70,25000*200},{80,35000*200},{90,55000*200},{100,70000*200},{110,85000*200},{120,120000*200},{130,150000*135},{140,180000*200},{150,220000*200},{160,260000*200},{170,300000*200},{180,350000*200},{190,410000*200},{200,480000*200}",,0,,"{10,1140},{20,2090},{30,3040},{40,3990},{50,4940},{60,5889},{70,6839},{80,7789},{100,9689},{110,10640},{120,11590},{130,12540},{140,13699},{150,15086},{160,16587},{170,18240},{180,20083},{190,22078},{200,24282}","{20,120*5},{30,250*5},{40,400*5},{50,650*5},{60,1100*5},{70,1600*5},{100,2000*5},{110,2500*5},{120,3000*5},{130,2500*5},{140,4000*5},{150,5000*5},{160,5500*5},{170,6000*5}","{20,120*4},{30,250*4},{40,400*4},{50,650*4.5},{60,1100*4.5},{70,1600*4.5},{100,2000*4.5},{110,2500*4.5}",0,0,0,0,"{10,210},{20,410},{30,610},{40,810},{50,1010},{60,1210},{70,1410},{80,1610},{100,2010},{110,2210},{120,2410},{130,2610},{140,2860},{150,3146},{160,3461},{170,3807},{180,4188},{190,4607},{200,5068}","{10,210},{20,410},{30,610},{40,810},{50,1010},{60,1210},{70,1410},{80,1610},{100,2010},{110,2210},{120,2410},{130,2610},{140,2860},{150,3146},{160,3461},{170,3807},{180,4188},{190,4607},{200,5068}","{10,210},{20,410},{30,610},{40,810},{50,1010},{60,1210},{70,1410},{80,1610},{100,2010},{110,2210},{120,2410},{130,2610},{140,2860},{150,3146},{160,3461},{170,3807},{180,4188},{190,4607},{200,5068}","{10,210},{20,410},{30,610},{40,810},{50,1010},{60,1210},{70,1410},{80,1610},{100,2010},{110,2210},{120,2410},{130,2610},{140,2860},{150,3146},{160,3461},{170,3807},{180,4188},{190,4607},{200,5068}","{10,210},{20,410},{30,610},{40,810},{50,1010},{60,1210},{70,1410},{80,1610},{100,2010},{110,2210},{120,2410},{130,2610},{140,2860},{150,3146},{160,3461},{170,3807},{180,4188},{190,4607},{200,5068}","{10,257},{20,300},{30,342},{40,385},{50,428},{60,471},{70,514},{80,557},{100,642},{110,685},{120,728},{130,771},{140,1103},{150,1214},{160,1335},{170,1468},{180,1615},{190,1777},{200,1955}",,
JZLJF_boss_3,Quyết Chiến Lăng Tuyệt-BOSS 3,348,15,"{20,3000*200},{30,4000*200},{40,5000*200},{50,10000*200},{60,15000*200},{70,25000*200},{80,35000*200},{90,55000*200},{100,60000*200},{110,75000*200},{120,95000*200},{130,18289414},{140,26708780},{150,30578828},{160,34955798},{170,39902373},{180,45488705},{190,51793280},{200,58903883}",,0,,"{10,1140},{20,2090},{30,3040},{40,3990},{50,4940},{60,5889},{70,6839},{80,7789},{100,9689},{110,10640},{120,11590},{130,12540},{140,13699},{150,15086},{160,16587},{170,18240},{180,20083},{190,22078},{200,24282}","{20,120*5},{30,250*5},{40,400*5},{50,650*5},{60,1100*5},{70,1600*5},{100,2000*5},{110,2500*5}","{20,120*5},{30,250*5},{40,400*5},{50,650*5},{60,1100*5},{70,1600*5},{100,2000*5},{110,2500*5}",0,0,0,0,"{10,210},{20,410},{30,610},{40,810},{50,1010},{60,1210},{70,1410},{80,1610},{100,2010},{110,2210},{120,2410},{130,2610},{140,2860},{150,3146},{160,3461},{170,3807},{180,4188},{190,4607},{200,5068}","{10,210},{20,410},{30,610},{40,810},{50,1010},{60,1210},{70,1410},{80,1610},{100,2010},{110,2210},{120,2410},{130,2610},{140,2860},{150,3146},{160,3461},{170,3807},{180,4188},{190,4607},{200,5068}","{10,210},{20,410},{30,610},{40,810},{50,1010},{60,1210},{70,1410},{80,1610},{100,2010},{110,2210},{120,2410},{130,2610},{140,2860},{150,3146},{160,3461},{170,3807},{180,4188},{190,4607},{200,5068}","{10,210},{20,410},{30,610},{40,810},{50,1010},{60,1210},{70,1410},{80,1610},{100,2010},{110,2210},{120,2410},{130,2610},{140,2860},{150,3146},{160,3461},{170,3807},{180,4188},{190,4607},{200,5068}","{10,210},{20,410},{30,610},{40,810},{50,1010},{60,1210},{70,1410},{80,1610},{100,2010},{110,2210},{120,2410},{130,2610},{140,2860},{150,3146},{160,3461},{170,3807},{180,4188},{190,4607},{200,5068}","{10,257},{20,300},{30,342},{40,385},{50,428},{60,471},{70,514},{80,557},{100,642},{110,685},{120,728},{130,771},{140,1103},{150,1214},{160,1335},{170,1468},{180,1615},{190,1777},{200,1955}",,
JZLJF_boss_4,Quyết Chiến Lăng Tuyệt BOSS 4,349,15,"{20,3000*200},{30,4000*200},{40,5000*200},{50,10000*200},{60,15000*200},{70,25000*200},{80,35000*200},{90,55000*200},{100,70000*200},{110,85000*200},{120,120000*200},{130,150000*200},{140,180000*200},{150,220000*200},{160,260000*200},{170,300000*200},{180,350000*200},{190,410000*200},{200,480000*200}",,0,,"{10,1140},{20,2090},{30,3040},{40,3990},{50,4940},{60,5889},{70,6839},{80,7789},{100,9689},{110,10640},{120,11590},{130,12540},{140,13699},{150,15086},{160,16587},{170,18240},{180,20083},{190,22078},{200,24282}","{20,120*5},{30,250*5},{40,400*5},{50,650*5},{60,1100*5},{70,1600*5},{100,2000*5},{110,2500*5},{120,3000*5},{130,2500*5},{140,4000*5},{150,5000*5},{160,5500*5},{170,6000*5}","{20,120*5},{30,250*5},{40,400*5},{50,650*5},{60,1100*5},{70,1600*5},{100,2000*5},{110,2500*5}",0,0,0,0,"{10,210},{20,410},{30,610},{40,810},{50,1010},{60,1210},{70,1410},{80,1610},{100,2010},{110,2210},{120,2410},{130,2610},{140,2860},{150,3146},{160,3461},{170,3807},{180,4188},{190,4607},{200,5068}","{10,210},{20,410},{30,610},{40,810},{50,1010},{60,1210},{70,1410},{80,1610},{100,2010},{110,2210},{120,2410},{130,2610},{140,2860},{150,3146},{160,3461},{170,3807},{180,4188},{190,4607},{200,5068}","{10,210},{20,410},{30,610},{40,810},{50,1010},{60,1210},{70,1410},{80,1610},{100,2010},{110,2210},{120,2410},{130,2610},{140,2860},{150,3146},{160,3461},{170,3807},{180,4188},{190,4607},{200,5068}","{10,210},{20,410},{30,610},{40,810},{50,1010},{60,1210},{70,1410},{80,1610},{100,2010},{110,2210},{120,2410},{130,2610},{140,2860},{150,3146},{160,3461},{170,3807},{180,4188},{190,4607},{200,5068}","{10,210},{20,410},{30,610},{40,810},{50,1010},{60,1210},{70,1410},{80,1610},{100,2010},{110,2210},{120,2410},{130,2610},{140,2860},{150,3146},{160,3461},{170,3807},{180,4188},{190,4607},{200,5068}","{10,257},{20,300},{30,342},{40,385},{50,428},{60,471},{70,514},{80,557},{100,642},{110,685},{120,728},{130,771},{140,1103},{150,1214},{160,1335},{170,1468},{180,1615},{190,1777},{200,1955}",,
JZLJF_boss_5,Quyết Chiến Lăng Tuyệt BOSS 5,350,15,"{20,3000*200},{30,4000*200},{40,5000*200},{50,10000*200},{60,15000*200},{70,25000*200},{80,35000*200},{90,55000*200},{100,70000*200},{110,85000*200},{120,120000*200},{130,150000*220},{140,180000*200},{150,220000*200},{160,260000*200},{170,300000*200},{180,350000*200},{190,410000*200},{200,480000*200}",,0,,"{10,1140},{20,2090},{30,3040},{40,3990},{50,4940},{60,5889},{70,6839},{80,7789},{100,9689},{110,10640},{120,11590},{130,12540},{140,13699},{150,15086},{160,16587},{170,18240},{180,20083},{190,22078},{200,24282}","{20,120*5},{30,250*5},{40,400*5},{50,650*5},{60,1100*5},{70,1600*5},{100,2000*5},{110,2500*5},{120,3000*5},{130,3000*5},{140,4000*5},{150,5000*5},{160,5500*5},{170,6000*5}","{20,120*5},{30,250*5},{40,400*5},{50,650*5},{60,1100*5},{70,1600*5},{100,2000*5},{110,2500*5}",0,0,0,0,"{10,210},{20,410},{30,610},{40,810},{50,1010},{60,1210},{70,1410},{80,1610},{100,2010},{110,2210},{120,2410},{130,2610},{140,2860},{150,3146},{160,3461},{170,3807},{180,4188},{190,4607},{200,5068}","{10,210},{20,410},{30,610},{40,810},{50,1010},{60,1210},{70,1410},{80,1610},{100,2010},{110,2210},{120,2410},{130,2610},{140,2860},{150,3146},{160,3461},{170,3807},{180,4188},{190,4607},{200,5068}","{10,210},{20,410},{30,610},{40,810},{50,1010},{60,1210},{70,1410},{80,1610},{100,2010},{110,2210},{120,2410},{130,2610},{140,2860},{150,3146},{160,3461},{170,3807},{180,4188},{190,4607},{200,5068}","{10,210},{20,410},{30,610},{40,810},{50,1010},{60,1210},{70,1410},{80,1610},{100,2010},{110,2210},{120,2410},{130,2610},{140,2860},{150,3146},{160,3461},{170,3807},{180,4188},{190,4607},{200,5068}","{10,210},{20,410},{30,610},{40,810},{50,1010},{60,1210},{70,1410},{80,1610},{100,2010},{110,2210},{120,2410},{130,2610},{140,2860},{150,3146},{160,3461},{170,3807},{180,4188},{190,4607},{200,5068}","{10,257},{20,300},{30,342},{40,385},{50,428},{60,471},{70,514},{80,557},{100,642},{110,685},{120,728},{130,771},{140,1103},{150,1214},{160,1335},{170,1468},{180,1615},{190,1777},{200,1955}",,
JZLJF_boss_6,Quyết Chiến Lăng Tuyệt BOSS 6,351,15,"{20,3000*200},{30,4000*200},{40,5000*200},{50,10000*200},{60,15000*200},{70,25000*200},{80,35000*200},{90,55000*200},{100,70000*200},{110,85000*200},{120,120000*200},{130,150000*145},{140,180000*200},{150,220000*200},{160,260000*200},{170,300000*200},{180,350000*200},{190,410000*200},{200,480000*200}",,0,,"{10,1140},{20,2090},{30,3040},{40,3990},{50,4940},{60,5889},{70,6839},{80,7789},{100,9689},{110,10640},{120,11590},{130,12540},{140,13699},{150,15086},{160,16587},{170,18240},{180,20083},{190,22078},{200,24282}","{20,120*5},{30,250*5},{40,400*5},{50,650*5},{60,1100*5},{70,1600*5},{100,2000*5},{110,2500*5},{120,3000*5},{130,2500*5},{140,4000*5},{150,5000*5},{160,5500*5},{170,6000*5}","{20,120*5},{30,250*5},{40,400*5},{50,650*5},{60,1100*5},{70,1600*5},{100,2000*5},{110,2500*5}",0,0,0,0,"{10,210},{20,410},{30,610},{40,810},{50,1010},{60,1210},{70,1410},{80,1610},{100,2010},{110,2210},{120,2410},{130,2610},{140,2860},{150,3146},{160,3461},{170,3807},{180,4188},{190,4607},{200,5068}","{10,210},{20,410},{30,610},{40,810},{50,1010},{60,1210},{70,1410},{80,1610},{100,2010},{110,2210},{120,2410},{130,2610},{140,2860},{150,3146},{160,3461},{170,3807},{180,4188},{190,4607},{200,5068}","{10,210},{20,410},{30,610},{40,810},{50,1010},{60,1210},{70,1410},{80,1610},{100,2010},{110,2210},{120,2410},{130,2610},{140,2860},{150,3146},{160,3461},{170,3807},{180,4188},{190,4607},{200,5068}","{10,210},{20,410},{30,610},{40,810},{50,1010},{60,1210},{70,1410},{80,1610},{100,2010},{110,2210},{120,2410},{130,2610},{140,2860},{150,3146},{160,3461},{170,3807},{180,4188},{190,4607},{200,5068}","{10,210},{20,410},{30,610},{40,810},{50,1010},{60,1210},{70,1410},{80,1610},{100,2010},{110,2210},{120,2410},{130,2610},{140,2860},{150,3146},{160,3461},{170,3807},{180,4188},{190,4607},{200,5068}","{10,257},{20,300},{30,342},{40,385},{50,428},{60,471},{70,514},{80,557},{100,642},{110,685},{120,728},{130,771},{140,1103},{150,1214},{160,1335},{170,1468},{180,1615},{190,1777},{200,1955}",,
JZLJF_boss_7,Quyết Chiến Lăng Tuyệt BOSS 7,352,15,"{20,3000*200},{30,4000*200},{40,5000*200},{50,10000*200},{60,15000*200},{70,25000*200},{80,35000*200},{90,55000*200},{100,70000*200},{110,85000*200},{120,120000*200},{130,150000*160},{140,180000*200},{150,220000*200},{160,260000*200},{170,300000*200},{180,350000*200},{190,410000*200},{200,480000*200}",,0,,"{10,1140},{20,2090},{30,3040},{40,3990},{50,4940},{60,5889},{70,6839},{80,7789},{100,9689},{110,10640},{120,11590},{130,12540},{140,13699},{150,15086},{160,16587},{170,18240},{180,20083},{190,22078},{200,24282}","{20,120*5},{30,250*5},{40,400*5},{50,650*5},{60,1100*5},{70,1600*5},{100,2000*5},{110,2500*5},{120,3000*5},{130,3000*5},{140,4000*5},{150,5000*5},{160,5500*5},{170,6000*5}","{20,120*5},{30,250*5},{40,400*5},{50,650*5},{60,1100*5},{70,1600*5},{100,2000*5},{110,2500*5}",0,0,0,0,"{10,210},{20,410},{30,610},{40,810},{50,1010},{60,1210},{70,1410},{80,1610},{100,2010},{110,2210},{120,2410},{130,2610},{140,2860},{150,3146},{160,3461},{170,3807},{180,4188},{190,4607},{200,5068}","{10,210},{20,410},{30,610},{40,810},{50,1010},{60,1210},{70,1410},{80,1610},{100,2010},{110,2210},{120,2410},{130,2610},{140,2860},{150,3146},{160,3461},{170,3807},{180,4188},{190,4607},{200,5068}","{10,210},{20,410},{30,610},{40,810},{50,1010},{60,1210},{70,1410},{80,1610},{100,2010},{110,2210},{120,2410},{130,2610},{140,2860},{150,3146},{160,3461},{170,3807},{180,4188},{190,4607},{200,5068}","{10,210},{20,410},{30,610},{40,810},{50,1010},{60,1210},{70,1410},{80,1610},{100,2010},{110,2210},{120,2410},{130,2610},{140,2860},{150,3146},{160,3461},{170,3807},{180,4188},{190,4607},{200,5068}","{10,210},{20,410},{30,610},{40,810},{50,1010},{60,1210},{70,1410},{80,1610},{100,2010},{110,2210},{120,2410},{130,2610},{140,2860},{150,3146},{160,3461},{170,3807},{180,4188},{190,4607},{200,5068}","{10,257},{20,300},{30,342},{40,385},{50,428},{60,471},{70,514},{80,557},{100,642},{110,685},{120,728},{130,771},{140,1103},{150,1214},{160,1335},{170,1468},{180,1615},{190,1777},{200,1955}",,
JZLJF_xinmo,Quyết Chiến Lăng Tuyệt-Tâm Ma,366,15,"{20,3000*50},{30,4000*50},{40,5000*50},{50,10000*50},{60,15000*50},{70,25000*50},{80,35000*50},{90,55000*50},{100,60000*50},{110,75000*50},{120,95000*50},{130,5822415},{140,6677195},{150,7644707},{160,8738949},{170,9975593},{180,11372176},{190,12948320},{200,14725970}",,0,,"{10,1140},{20,2090},{30,3040},{40,3990},{50,4940},{60,5889},{70,6839},{80,7789},{100,9689},{110,10640},{120,11590},{130,12540},{140,13699},{150,15086},{160,16587},{170,18240},{180,20083},{190,22078},{200,24282}","{20,120*5},{30,250*5},{40,400*5},{50,650*5},{60,1100*5},{70,1600*5},{100,2000*5},{110,2500*5},{120,3000*5},{130,500*5},{140,4000*5},{150,5000*5},{160,5500*5},{170,6000*5}","{20,120*5},{30,250*5},{40,400*5},{50,650*5},{60,1100*5},{70,1600*5},{100,2000*5},{110,1000*5}",0,0,0,0,"{10,210},{20,410},{30,610},{40,810},{50,1010},{60,1210},{70,1410},{80,1610},{100,2010},{110,2210},{120,2410},{130,2610},{140,2860},{150,3146},{160,3461},{170,3807},{180,4188},{190,4607},{200,5068}","{10,210},{20,410},{30,610},{40,810},{50,1010},{60,1210},{70,1410},{80,1610},{100,2010},{110,2210},{120,2410},{130,2610},{140,2860},{150,3146},{160,3461},{170,3807},{180,4188},{190,4607},{200,5068}","{10,210},{20,410},{30,610},{40,810},{50,1010},{60,1210},{70,1410},{80,1610},{100,2010},{110,2210},{120,2410},{130,2610},{140,2860},{150,3146},{160,3461},{170,3807},{180,4188},{190,4607},{200,5068}","{10,210},{20,410},{30,610},{40,810},{50,1010},{60,1210},{70,1410},{80,1610},{100,2010},{110,2210},{120,2410},{130,2610},{140,2860},{150,3146},{160,3461},{170,3807},{180,4188},{190,4607},{200,5068}","{10,210},{20,410},{30,610},{40,810},{50,1010},{60,1210},{70,1410},{80,1610},{100,2010},{110,2210},{120,2410},{130,2610},{140,2860},{150,3146},{160,3461},{170,3807},{180,4188},{190,4607},{200,5068}","{10,257},{20,300},{30,342},{40,385},{50,428},{60,471},{70,514},{80,557},{100,642},{110,685},{120,728},{130,771},{140,1103},{150,1214},{160,1335},{170,1468},{180,1615},{190,1777},{200,1955}",,
Team_fb_nuche,Bí cảnh tổ đội (Nỏ Xa),400,15,"{1,3000},{40,3000}",,0,0,"{10,50000}","{10,5},{20,100},{30,300},{40,500},{50,600},{60,900},{70,1400},{100,1800},{110,2200}","{10,5},{20,100},{30,300},{40,500},{50,600},{60,900},{70,1400},{100,1800},{110,2200}",0,0,0,0,"{10,200},{20,400},{30,600},{40,800},{50,1000},{60,1300},{70,1600},{80,2000},{100,3000},{110,4000},{120,5000},{130,6000},{140,7000},{150,7500},{160,8000},{170,8500},{180,9000},{190,9500},{200,10000}","{10,200},{20,400},{30,600},{40,800},{50,1000},{60,1300},{70,1600},{80,2000},{100,3000},{110,4000},{120,5000},{130,6000},{140,7000},{150,7500},{160,8000},{170,8500},{180,9000},{190,9500},{200,10000}","{10,200},{20,400},{30,600},{40,800},{50,1000},{60,1300},{70,1600},{80,2000},{100,3000},{110,4000},{120,5000},{130,6000},{140,7000},{150,7500},{160,8000},{170,8500},{180,9000},{190,9500},{200,10000}","{10,200},{20,400},{30,600},{40,800},{50,1000},{60,1300},{70,1600},{80,2000},{100,3000},{110,4000},{120,5000},{130,6000},{140,7000},{150,7500},{160,8000},{170,8500},{180,9000},{190,9500},{200,10000}","{10,200},{20,400},{30,600},{40,800},{50,1000},{60,1300},{70,1600},{80,2000},{100,3000},{110,4000},{120,5000},{130,6000},{140,7000},{150,7500},{160,8000},{170,8500},{180,9000},{190,9500},{200,10000}","{10,257},{20,300},{30,342},{40,385},{50,428},{60,471},{70,514},{80,557},{100,642},{110,685},{120,728},{130,771},{140,1103},{150,1214},{160,1335},{170,1468},{180,1615},{190,1777},{200,1955}",,
Team_fb_normal,Bí Cảnh Tổ Đội-Thường,401,15,"{1,220},{20,8000},{40,30000},{50,40000},{60,80000},{70,120000},{80,200000},{90,300000},{100,400000},{110,500000},{120,750000},{130,1000000},{140,1150000},{150,1350000},{160,1600000},{170,2000000},{180,2250000},{190,2650000},{200,3250000}",,0,0,"{10,50000}","{10,5},{20,100},{30,300},{40,500},{50,600},{60,900},{70,1400},{100,1800},{110,2200}","{10,5},{20,100},{30,300},{40,500},{50,600},{60,900},{70,1400},{100,1800},{110,2200}",0,0,0,0,"{10,200},{20,400},{30,600},{40,800},{50,1000},{60,1300},{70,1600},{80,2000},{100,3000},{110,4000},{120,5000},{130,6000},{140,7000},{150,7500},{160,8000},{170,8500},{180,9000},{190,9500},{200,10000}","{10,200},{20,400},{30,600},{40,800},{50,1000},{60,1300},{70,1600},{80,2000},{100,3000},{110,4000},{120,5000},{130,6000},{140,7000},{150,7500},{160,8000},{170,8500},{180,9000},{190,9500},{200,10000}","{10,200},{20,400},{30,600},{40,800},{50,1000},{60,1300},{70,1600},{80,2000},{100,3000},{110,4000},{120,5000},{130,6000},{140,7000},{150,7500},{160,8000},{170,8500},{180,9000},{190,9500},{200,10000}","{10,200},{20,400},{30,600},{40,800},{50,1000},{60,1300},{70,1600},{80,2000},{100,3000},{110,4000},{120,5000},{130,6000},{140,7000},{150,7500},{160,8000},{170,8500},{180,9000},{190,9500},{200,10000}","{10,200},{20,400},{30,600},{40,800},{50,1000},{60,1300},{70,1600},{80,2000},{100,3000},{110,4000},{120,5000},{130,6000},{140,7000},{150,7500},{160,8000},{170,8500},{180,9000},{190,9500},{200,10000}","{10,257},{20,300},{30,342},{40,385},{50,428},{60,471},{70,514},{80,557},{100,642},{110,685},{120,728},{130,771},{140,1103},{150,1214},{160,1335},{170,1468},{180,1615},{190,1777},{200,1955}",,
Team_fb_tiny,Bí Cảnh Tổ Đội-Dễ,402,15,"{1,220*0.5},{20,8000*0.5},{40,30000*0.5},{50,40000*0.5},{60,80000*0.5},{70,120000*0.5},{80,200000*0.5},{90,300000*0.5},{100,400000*0.5},{110,500000*0.5},{120,750000*0.5},{130,1000000*0.5},{140,1150000*0.5},{150,1350000*0.5},{160,1600000*0.5},{170,2000000*0.5},{180,2250000*0.5},{190,2650000*0.5},{200,3250000*0.5}",,0,0,"{10,50000}","{10,5*0.5},{20,100*0.5},{30,300*0.5},{40,500*0.5},{50,600*0.5},{60,900*0.5},{70,1400*0.5},{100,1800*0.5},{110,2200*0.5}","{10,5*0.5},{20,100*0.5},{30,300*0.5},{40,500*0.5},{50,600*0.5},{60,900*0.5},{70,1400*0.5},{100,1800*0.5},{110,2200*0.5}",0,0,0,0,"{10,200},{20,400},{30,600},{40,800},{50,1000},{60,1300},{70,1600},{80,2000},{100,3000},{110,4000},{120,5000},{130,6000},{140,7000},{150,7500},{160,8000},{170,8500},{180,9000},{190,9500},{200,10000}","{10,200},{20,400},{30,600},{40,800},{50,1000},{60,1300},{70,1600},{80,2000},{100,3000},{110,4000},{120,5000},{130,6000},{140,7000},{150,7500},{160,8000},{170,8500},{180,9000},{190,9500},{200,10000}","{10,200},{20,400},{30,600},{40,800},{50,1000},{60,1300},{70,1600},{80,2000},{100,3000},{110,4000},{120,5000},{130,6000},{140,7000},{150,7500},{160,8000},{170,8500},{180,9000},{190,9500},{200,10000}","{10,200},{20,400},{30,600},{40,800},{50,1000},{60,1300},{70,1600},{80,2000},{100,3000},{110,4000},{120,5000},{130,6000},{140,7000},{150,7500},{160,8000},{170,8500},{180,9000},{190,9500},{200,10000}","{10,200},{20,400},{30,600},{40,800},{50,1000},{60,1300},{70,1600},{80,2000},{100,3000},{110,4000},{120,5000},{130,6000},{140,7000},{150,7500},{160,8000},{170,8500},{180,9000},{190,9500},{200,10000}","{10,257},{20,300},{30,342},{40,385},{50,428},{60,471},{70,514},{80,557},{100,642},{110,685},{120,728},{130,771},{140,1103},{150,1214},{160,1335},{170,1468},{180,1615},{190,1777},{200,1955}",,
Team_fb_elite,Bí Cảnh Tổ Đội-Tinh Anh,403,15,"{1,220*2},{20,8000*2},{40,30000*2},{50,40000*2},{60,80000*2},{70,120000*2},{80,200000*2},{90,300000*2},{100,400000*2},{110,500000*2},{120,750000*2},{130,1000000*2},{140,1150000*2},{150,1350000*2},{160,1600000*2},{170,2000000*2},{180,2250000*2},{190,2650000*2},{200,3250000*2}",,0,0,"{10,50000}","{10,5},{20,100},{30,300},{40,500},{50,600},{60,900},{70,1400},{100,1800},{110,2200}","{10,5},{20,100},{30,300},{40,500},{50,600},{60,900},{70,1400},{100,1800},{110,2200}",0,0,0,0,"{10,200},{20,400},{30,600},{40,800},{50,1000},{60,1300},{70,1600},{80,2000},{100,3000},{110,4000},{120,5000},{130,6000},{140,7000},{150,7500},{160,8000},{170,8500},{180,9000},{190,9500},{200,10000}","{10,200},{20,400},{30,600},{40,800},{50,1000},{60,1300},{70,1600},{80,2000},{100,3000},{110,4000},{120,5000},{130,6000},{140,7000},{150,7500},{160,8000},{170,8500},{180,9000},{190,9500},{200,10000}","{10,200},{20,400},{30,600},{40,800},{50,1000},{60,1300},{70,1600},{80,2000},{100,3000},{110,4000},{120,5000},{130,6000},{140,7000},{150,7500},{160,8000},{170,8500},{180,9000},{190,9500},{200,10000}","{10,200},{20,400},{30,600},{40,800},{50,1000},{60,1300},{70,1600},{80,2000},{100,3000},{110,4000},{120,5000},{130,6000},{140,7000},{150,7500},{160,8000},{170,8500},{180,9000},{190,9500},{200,10000}","{10,200},{20,400},{30,600},{40,800},{50,1000},{60,1300},{70,1600},{80,2000},{100,3000},{110,4000},{120,5000},{130,6000},{140,7000},{150,7500},{160,8000},{170,8500},{180,9000},{190,9500},{200,10000}","{10,257},{20,300},{30,342},{40,385},{50,428},{60,471},{70,514},{80,557},{100,642},{110,685},{120,728},{130,771},{140,1103},{150,1214},{160,1335},{170,1468},{180,1615},{190,1777},{200,1955}",,
Team_fb_captain,Thủ Lĩnh Bí Cảnh Tổ Đội,404,15,"{1,220*10},{20,8000*10},{40,30000*10},{50,40000*10},{60,80000*10},{70,120000*10},{80,200000*10},{90,300000*10},{100,400000*10},{110,500000*10},{120,750000*10},{130,1000000*10},{140,1150000*10},{150,1350000*10},{160,1600000*10},{170,2000000*10},{180,2250000*10},{190,2650000*10},{200,3250000*10}",,0,0,"{10,50000}","{10,5*1.5},{20,100*1.5},{30,300*2},{40,500*2},{50,600*1.5},{60,900*1.5},{70,1400*1.5},{100,1800*1.5},{110,2200*1.5}","{10,5*1.5},{20,100*1.5},{30,300*2},{40,500*2},{50,600*1.5},{60,900*1.5},{70,1400*1.5},{100,1800*1.5},{110,2200*1.5}",0,0,0,0,"{10,200},{20,400},{30,600},{40,800},{50,1000},{60,1300},{70,1600},{80,2000},{100,3000},{110,4000},{120,5000},{130,6000},{140,7000},{150,7500},{160,8000},{170,8500},{180,9000},{190,9500},{200,10000}","{10,200},{20,400},{30,600},{40,800},{50,1000},{60,1300},{70,1600},{80,2000},{100,3000},{110,4000},{120,5000},{130,6000},{140,7000},{150,7500},{160,8000},{170,8500},{180,9000},{190,9500},{200,10000}","{10,200},{20,400},{30,600},{40,800},{50,1000},{60,1300},{70,1600},{80,2000},{100,3000},{110,4000},{120,5000},{130,6000},{140,7000},{150,7500},{160,8000},{170,8500},{180,9000},{190,9500},{200,10000}","{10,200},{20,400},{30,600},{40,800},{50,1000},{60,1300},{70,1600},{80,2000},{100,3000},{110,4000},{120,5000},{130,6000},{140,7000},{150,7500},{160,8000},{170,8500},{180,9000},{190,9500},{200,10000}","{10,200},{20,400},{30,600},{40,800},{50,1000},{60,1300},{70,1600},{80,2000},{100,3000},{110,4000},{120,5000},{130,6000},{140,7000},{150,7500},{160,8000},{170,8500},{180,9000},{190,9500},{200,10000}","{10,257},{20,300},{30,342},{40,385},{50,428},{60,471},{70,514},{80,557},{100,642},{110,685},{120,728},{130,771},{140,1103},{150,1214},{160,1335},{170,1468},{180,1615},{190,1777},{200,1955}",,
Team_fb_boss,BOSS Bí Cảnh Tổ Đội,405,15,"{1,220*20},{20,8000*20},{40,30000*20},{50,40000*20},{60,80000*20},{70,120000*20},{80,200000*20},{90,300000*20},{100,400000*20},{110,500000*20},{120,750000*20},{130,1000000*20},{140,1150000*20},{150,1350000*20},{160,1600000*20},{170,2000000*20},{180,2250000*20},{190,2650000*20},{200,3250000*20}",,0,0,"{10,50000}","{10,5*2.5},{20,100*2.5},{30,300*3},{40,500*3},{50,600*2.5},{60,900*2.5},{70,1400*2.5},{100,1800*2.5},{110,2200*2.5}","{10,5*2.5},{20,100*2.5},{30,300*3},{40,500*3},{50,600*2.5},{60,900*2.5},{70,1400*2.5},{100,1800*2.5},{110,2200*2.5}",0,0,0,0,"{10,200},{20,400},{30,600},{40,800},{50,1000},{60,1300},{70,1600},{80,2000},{100,3000},{110,4000},{120,5000},{130,6000},{140,7000},{150,7500},{160,8000},{170,8500},{180,9000},{190,9500},{200,10000}","{10,200},{20,400},{30,600},{40,800},{50,1000},{60,1300},{70,1600},{80,2000},{100,3000},{110,4000},{120,5000},{130,6000},{140,7000},{150,7500},{160,8000},{170,8500},{180,9000},{190,9500},{200,10000}","{10,200},{20,400},{30,600},{40,800},{50,1000},{60,1300},{70,1600},{80,2000},{100,3000},{110,4000},{120,5000},{130,6000},{140,7000},{150,7500},{160,8000},{170,8500},{180,9000},{190,9500},{200,10000}","{10,200},{20,400},{30,600},{40,800},{50,1000},{60,1300},{70,1600},{80,2000},{100,3000},{110,4000},{120,5000},{130,6000},{140,7000},{150,7500},{160,8000},{170,8500},{180,9000},{190,9500},{200,10000}","{10,200},{20,400},{30,600},{40,800},{50,1000},{60,1300},{70,1600},{80,2000},{100,3000},{110,4000},{120,5000},{130,6000},{140,7000},{150,7500},{160,8000},{170,8500},{180,9000},{190,9500},{200,10000}","{10,257},{20,300},{30,342},{40,385},{50,428},{60,471},{70,514},{80,557},{100,642},{110,685},{120,728},{130,771},{140,1103},{150,1214},{160,1335},{170,1468},{180,1615},{190,1777},{200,1955}",,
Elite_fb_normal,Ải Tinh Anh-Thường,501,15,"{10,700},{14,1500},{20,3000},{30,8000},{40,10000},{100,100000},{110,120000}",,0,0,"{10,50000}","{10,45},{20,100},{30,200},{40,500},{50,700}","{10,45},{20,100},{30,200},{40,500},{50,700}",0,0,0,0,"{10,165},{45,715},{80,1265},{115,1815}","{10,165},{45,715},{80,1265},{115,1815}","{10,165},{45,715},{80,1265},{115,1815}","{10,165},{45,715},{80,1265},{115,1815}","{10,165},{45,715},{80,1265},{115,1815}","{1,50},{10,100},{50,150},{70,200},{110,800}",,
Elite_fb_tiny,Ải Tinh Anh-Yếu,502,15,"{10,700*0.5},{14,1500*0.5},{20,3000*0.5},{30,8000*0.5},{40,10000*0.5},{100,100000*0.5},{110,120000*0.5}",,0,0,"{10,50000}","{10,45},{20,100},{30,200},{40,500},{50,700}","{10,45},{20,100},{30,200},{40,500},{50,700}",0,0,0,0,"{10,165},{45,715},{80,1265},{115,1815}","{10,165},{45,715},{80,1265},{115,1815}","{10,165},{45,715},{80,1265},{115,1815}","{10,165},{45,715},{80,1265},{115,1815}","{10,165},{45,715},{80,1265},{115,1815}","{1,50},{10,100},{50,150},{70,200},{110,800}",,
Elite_fb_elite,Ải Tinh Anh-Tinh Anh,503,15,"{10,700*2},{14,1500*2},{20,3000*2},{30,8000*2},{40,10000*2},{100,100000*2},{110,120000*2}",,0,0,"{10,50000}","{10,45},{20,100},{30,200},{40,500},{50,700}","{10,45},{20,100},{30,200},{40,500},{50,700}",0,0,0,0,"{10,165},{45,715},{80,1265},{115,1815}","{10,165},{45,715},{80,1265},{115,1815}","{10,165},{45,715},{80,1265},{115,1815}","{10,165},{45,715},{80,1265},{115,1815}","{10,165},{45,715},{80,1265},{115,1815}","{1,50},{10,100},{50,150},{70,200},{110,800}",,
Elite_fb_captain,Ải Tinh Anh-Thủ Lĩnh,504,15,"{10,700*3},{14,1500*3},{20,3000*3},{30,8000*3},{40,10000*3},{100,100000*3},{110,120000*3}",,0,0,"{10,50000}","{10,45},{20,100},{30,200},{40,500},{50,700}","{10,45},{20,100},{30,200},{40,500},{50,700}",0,0,0,0,"{10,165},{45,715},{80,1265},{115,1815}","{10,165},{45,715},{80,1265},{115,1815}","{10,165},{45,715},{80,1265},{115,1815}","{10,165},{45,715},{80,1265},{115,1815}","{10,165},{45,715},{80,1265},{115,1815}","{1,50},{10,100},{50,150},{70,200},{110,800}",,
Elite_fb_boss,Ải Tinh Anh BOSS,505,15,"{10,700*10},{14,1500*10},{20,3000*10},{30,8000*13},{40,10000*13},{100,100000*13},{110,120000*13}",,0,0,"{10,50000}","{10,45*2},{20,100*2},{30,200*2},{40,500*2},{50,700*2}","{10,45*2},{20,100*2},{30,200*2},{40,500*2},{50,700*2}",0,0,0,0,"{10,165},{45,715},{80,1265},{115,1815}","{10,165},{45,715},{80,1265},{115,1815}","{10,165},{45,715},{80,1265},{115,1815}","{10,165},{45,715},{80,1265},{115,1815}","{10,165},{45,715},{80,1265},{115,1815}","{1,50},{10,100},{50,150},{70,200},{110,800}",,
Leader,Địa Cung Thủ Lĩnh,601,15,"{20,8000*30},{30,12000*30},{40,30000*30},{50,60000*30},{60,120000*30},{70,180000*30},{80,250000*30},{90,300000*30},{100,360000*30},{110,450000*30},{120,600000*30},{130,22063888},{140,25303055},{150,28969416},{160,33116019},{170,37802248},{180,43094563},{190,49067318},{200,55803679}",,0,0,"{10,50000}","{20,120},{30,200},{40,700},{50,1200},{60,1600},{70,2000},{80,2400},{90,2800},{100,3200},{110,4000}","{20,120},{30,200},{40,700},{50,1200},{60,1600},{70,2000},{80,2400},{90,2800},{100,3200},{110,4000}",0,0,0,0,"{10,200},{20,400},{30,600},{40,800},{50,1000},{60,1300},{70,1600},{80,2000},{100,3000},{110,4000},{120,5000},{130,6000},{140,7000},{150,7500},{160,8000},{170,8500},{180,9000},{190,9500},{200,10000}","{10,200},{20,400},{30,600},{40,800},{50,1000},{60,1300},{70,1600},{80,2000},{100,3000},{110,4000},{120,5000},{130,6000},{140,7000},{150,7500},{160,8000},{170,8500},{180,9000},{190,9500},{200,10000}","{10,200},{20,400},{30,600},{40,800},{50,1000},{60,1300},{70,1600},{80,2000},{100,3000},{110,4000},{120,5000},{130,6000},{140,7000},{150,7500},{160,8000},{170,8500},{180,9000},{190,9500},{200,10000}","{10,200},{20,400},{30,600},{40,800},{50,1000},{60,1300},{70,1600},{80,2000},{100,3000},{110,4000},{120,5000},{130,6000},{140,7000},{150,7500},{160,8000},{170,8500},{180,9000},{190,9500},{200,10000}","{10,200},{20,400},{30,600},{40,800},{50,1000},{60,1300},{70,1600},{80,2000},{100,3000},{110,4000},{120,5000},{130,6000},{140,7000},{150,7500},{160,8000},{170,8500},{180,9000},{190,9500},{200,10000}","{10,257},{20,300},{30,342},{40,385},{50,428},{60,471},{70,514},{80,557},{100,642},{110,685},{120,728},{130,771},{140,1103},{150,1214},{160,1335},{170,1468},{180,1615},{190,1777},{200,1955}",,
Leader2,Thủ Lĩnh Dã Ngoại,602,15,"{20,10000*120},{30,12000*120},{40,30000*120},{50,60000*120},{60,120000*120},{70,180000*120},{80,250000*120},{90,300000*120},{100,360000*120},{110,450000*120},{120,600000*120},{130,88255555},{140,101212222},{150,115877666},{160,132464077},{170,151208994},{180,172378253},{190,196269274},{200,223214717},{220,277105603*2},{240,330996489*3},{260,384887375*4},{280,438778261*5},{300,492669147*5},{320,546560033*7},{340,600450919*9},{350,627396362*10},{360,654341805*10},{370,681287248*10},{380,708232691*10}",,0,0,"{10,50000}","{20,120},{30,200},{40,700},{50,1200},{60,1600},{70,2000},{80,2400},{90,2800},{100,3200},{110,4000}","{20,120},{30,200},{40,700},{50,1200},{60,1600},{70,2000},{80,2400},{90,2800},{100,3200},{110,4000}",0,0,0,0,"{10,200},{20,400},{30,600},{40,800},{50,1000},{60,1300},{70,1600},{80,2000},{100,3000},{110,4000},{120,5000},{130,6000},{140,7000},{150,7500},{160,8000},{170,8500},{180,9000},{190,9500},{200,10000}","{10,200},{20,400},{30,600},{40,800},{50,1000},{60,1300},{70,1600},{80,2000},{100,3000},{110,4000},{120,5000},{130,6000},{140,7000},{150,7500},{160,8000},{170,8500},{180,9000},{190,9500},{200,10000}","{10,200},{20,400},{30,600},{40,800},{50,1000},{60,1300},{70,1600},{80,2000},{100,3000},{110,4000},{120,5000},{130,6000},{140,7000},{150,7500},{160,8000},{170,8500},{180,9000},{190,9500},{200,10000}","{10,200},{20,400},{30,600},{40,800},{50,1000},{60,1300},{70,1600},{80,2000},{100,3000},{110,4000},{120,5000},{130,6000},{140,7000},{150,7500},{160,8000},{170,8500},{180,9000},{190,9500},{200,10000}","{10,200},{20,400},{30,600},{40,800},{50,1000},{60,1300},{70,1600},{80,2000},{100,3000},{110,4000},{120,5000},{130,6000},{140,7000},{150,7500},{160,8000},{170,8500},{180,9000},{190,9500},{200,10000}","{10,257},{20,300},{30,342},{40,385},{50,428},{60,471},{70,514},{80,557},{100,642},{110,685},{120,728},{130,771},{140,1103},{150,1214},{160,1335},{170,1468},{180,1615},{190,1777},{200,1955}",,
Leader_superboss,Tàng Bảo Đồ-BOSS Hoàng Kim,603,15,"{20,30000*120},{30,36000*120},{40,90000*120},{50,300000*120},{60,500000*120},{70,800000*120},{80,1000000*120},{100,1800000*156},{110,2800000*156},{120,4250000*156},{130,5400000*156},{140,6500000*156},{150,8000000*156},{160,9200000*156},{170,11000000*156},{180,15000000*156},{190,20000000*156},{200,25000000*156},{210,30000000*156},{220,36000000*156},{230,42000000*156},{240,48000000*156},{250,55000000*156},{260,65000000*156},{270,78000000*156},{280,95000000*156},{290,105000000*156},{300,125000000*156},{310,145000000*156},{320,170000000*156},{330,200000000*156},{340,230000000*156},{350,300000000*156},{360,400000000*156},{370,500000000*156},{380,600000000*156}",,0,0,"{10,50000}","{20,120},{30,200},{40,700},{50,1200},{60,1600},{70,2000},{80,2400},{90,2800},{100,3200},{110,4000}","{20,120},{30,200},{40,700},{50,1200},{60,1600},{70,2000},{80,2400},{90,2800},{100,3200},{110,4000}",0,0,0,0,"{10,200},{20,400},{30,600},{40,800},{50,1000},{60,1300},{70,1600},{80,2000},{100,3000},{110,4000},{120,5000},{130,6000},{140,7000},{150,7500},{160,8000},{170,8500},{180,9000},{190,9500},{200,10000}","{10,200},{20,400},{30,600},{40,800},{50,1000},{60,1300},{70,1600},{80,2000},{100,3000},{110,4000},{120,5000},{130,6000},{140,7000},{150,7500},{160,8000},{170,8500},{180,9000},{190,9500},{200,10000}","{10,200},{20,400},{30,600},{40,800},{50,1000},{60,1300},{70,1600},{80,2000},{100,3000},{110,4000},{120,5000},{130,6000},{140,7000},{150,7500},{160,8000},{170,8500},{180,9000},{190,9500},{200,10000}","{10,200},{20,400},{30,600},{40,800},{50,1000},{60,1300},{70,1600},{80,2000},{100,3000},{110,4000},{120,5000},{130,6000},{140,7000},{150,7500},{160,8000},{170,8500},{180,9000},{190,9500},{200,10000}","{10,200},{20,400},{30,600},{40,800},{50,1000},{60,1300},{70,1600},{80,2000},{100,3000},{110,4000},{120,5000},{130,6000},{140,7000},{150,7500},{160,8000},{170,8500},{180,9000},{190,9500},{200,10000}","{10,257},{20,300},{30,342},{40,385},{50,428},{60,471},{70,514},{80,557},{100,642},{110,685},{120,728},{130,771},{140,1103},{150,1214},{160,1335},{170,1468},{180,1615},{190,1777},{200,1955}",,
Leader_singleboss,BOSS Cá Nhân bản chiến đấu,604,15,"{20,10000*120},{30,12000*120},{40,30000*120},{50,60000*120},{60,120000*120},{70,180000*120},{80,250000*120},{90,300000*120},{100,360000*120},{110,450000*120},{120,600000*120},{130,88255555},{140,101212222},{150,115877666},{160,132464077},{170,151208994},{180,172378253},{190,196269274},{200,223214717},{220,277105603*2},{240,330996489*3},{260,384887375*4},{280,438778261*5},{300,492669147*5},{320,546560033*7},{340,600450919*9},{350,627396362*10},{360,654341805*10},{370,681287248*10},{380,708232691*10}",,0,0,"{10,50000}","{20,120},{30,200},{40,700},{50,1200},{60,1600},{70,2000},{80,2400},{90,2800},{100,3200},{110,4000}","{20,120},{30,200},{40,700},{50,1200},{60,1600},{70,2000},{80,2400},{90,2800},{100,3200},{110,4000}",0,0,0,0,"{10,200},{20,400},{30,600},{40,800},{50,1000},{60,1300},{70,1600},{80,2000},{100,3000},{110,4000},{120,5000},{130,6000},{140,7000},{150,7500},{160,8000},{170,8500},{180,9000},{190,9500},{200,10000}","{10,200},{20,400},{30,600},{40,800},{50,1000},{60,1300},{70,1600},{80,2000},{100,3000},{110,4000},{120,5000},{130,6000},{140,7000},{150,7500},{160,8000},{170,8500},{180,9000},{190,9500},{200,10000}","{10,200},{20,400},{30,600},{40,800},{50,1000},{60,1300},{70,1600},{80,2000},{100,3000},{110,4000},{120,5000},{130,6000},{140,7000},{150,7500},{160,8000},{170,8500},{180,9000},{190,9500},{200,10000}","{10,200},{20,400},{30,600},{40,800},{50,1000},{60,1300},{70,1600},{80,2000},{100,3000},{110,4000},{120,5000},{130,6000},{140,7000},{150,7500},{160,8000},{170,8500},{180,9000},{190,9500},{200,10000}","{10,200},{20,400},{30,600},{40,800},{50,1000},{60,1300},{70,1600},{80,2000},{100,3000},{110,4000},{120,5000},{130,6000},{140,7000},{150,7500},{160,8000},{170,8500},{180,9000},{190,9500},{200,10000}","{10,257},{20,300},{30,342},{40,385},{50,428},{60,471},{70,514},{80,557},{100,642},{110,685},{120,728},{130,771},{140,1103},{150,1214},{160,1335},{170,1468},{180,1615},{190,1777},{200,1955}",,
Wild_Normal,Quái Dã Ngoại,611,15,"{10,650},{20,5000},{30,12000},{40,28000},{50,40000},{60,60000},{70,80000},{80,175000},{90,325000},{100,455000},{110,630000},{120,870000},{130,1025000},{140,1200000},{150,1400000},{160,1650000},{170,2000000},{180,2250000},{190,2750000},{200,3400000}",,0,0,"{10,50000}","{10,5},{20,10},{30,40},{40,80},{50,200},{60,250},{70,350},{80,600},{110,1200},{130,1500},{140,1650}","{10,5},{20,10},{30,40},{40,80},{50,200},{60,250},{70,350},{80,600},{110,1200},{130,1500},{140,1650}",0,0,0,0,"{10,200},{20,400},{30,600},{40,800},{50,1000},{60,1300},{70,1600},{80,2000},{100,3000},{110,4000},{120,5000},{130,6000},{140,7000},{150,7500},{160,8000},{170,8500},{180,9000},{190,9500},{200,10000}","{10,200},{20,400},{30,600},{40,800},{50,1000},{60,1300},{70,1600},{80,2000},{100,3000},{110,4000},{120,5000},{130,6000},{140,7000},{150,7500},{160,8000},{170,8500},{180,9000},{190,9500},{200,10000}","{10,200},{20,400},{30,600},{40,800},{50,1000},{60,1300},{70,1600},{80,2000},{100,3000},{110,4000},{120,5000},{130,6000},{140,7000},{150,7500},{160,8000},{170,8500},{180,9000},{190,9500},{200,10000}","{10,200},{20,400},{30,600},{40,800},{50,1000},{60,1300},{70,1600},{80,2000},{100,3000},{110,4000},{120,5000},{130,6000},{140,7000},{150,7500},{160,8000},{170,8500},{180,9000},{190,9500},{200,10000}","{10,200},{20,400},{30,600},{40,800},{50,1000},{60,1300},{70,1600},{80,2000},{100,3000},{110,4000},{120,5000},{130,6000},{140,7000},{150,7500},{160,8000},{170,8500},{180,9000},{190,9500},{200,10000}","{10,257},{20,300},{30,342},{40,385},{50,428},{60,471},{70,514},{80,557},{100,642},{110,685},{120,728},{130,771},{140,1103},{150,1214},{160,1335},{170,1468},{180,1615},{190,1777},{200,1955}",,
Wlld_Elite,Tinh Anh Dã Ngoại,612,15,"{10,650*16},{20,5000*20},{30,12000*20},{40,28000*20},{50,40000*20},{60,60000*20},{70,80000*20},{80,175000*20},{90,325000*20},{100,455000*20},{110,630000*20},{120,870000*20},{130,1025000*20},{140,1200000*20},{150,1400000*20},{160,1650000*20},{170,2000000*20},{180,2250000*20},{190,2750000*20},{200,3400000*20}",,0,0,"{10,50000}","{10,5},{20,10},{30,40},{40,80},{50,200},{60,250},{70,350},{80,600},{110,1200},{130,1500},{140,1650}","{10,5},{20,10},{30,40},{40,80},{50,200},{60,250},{70,350},{80,600},{110,1200},{130,1500},{140,1650}",0,0,0,0,"{10,200},{20,400},{30,600},{40,800},{50,1000},{60,1300},{70,1600},{80,2000},{100,3000},{110,4000},{120,5000},{130,6000},{140,7000},{150,7500},{160,8000},{170,8500},{180,9000},{190,9500},{200,10000}","{10,200},{20,400},{30,600},{40,800},{50,1000},{60,1300},{70,1600},{80,2000},{100,3000},{110,4000},{120,5000},{130,6000},{140,7000},{150,7500},{160,8000},{170,8500},{180,9000},{190,9500},{200,10000}","{10,200},{20,400},{30,600},{40,800},{50,1000},{60,1300},{70,1600},{80,2000},{100,3000},{110,4000},{120,5000},{130,6000},{140,7000},{150,7500},{160,8000},{170,8500},{180,9000},{190,9500},{200,10000}","{10,200},{20,400},{30,600},{40,800},{50,1000},{60,1300},{70,1600},{80,2000},{100,3000},{110,4000},{120,5000},{130,6000},{140,7000},{150,7500},{160,8000},{170,8500},{180,9000},{190,9500},{200,10000}","{10,200},{20,400},{30,600},{40,800},{50,1000},{60,1300},{70,1600},{80,2000},{100,3000},{110,4000},{120,5000},{130,6000},{140,7000},{150,7500},{160,8000},{170,8500},{180,9000},{190,9500},{200,10000}","{10,257},{20,300},{30,342},{40,385},{50,428},{60,471},{70,514},{80,557},{100,642},{110,685},{120,728},{130,771},{140,1103},{150,1214},{160,1335},{170,1468},{180,1615},{190,1777},{200,1955}",,
Tomb_Normal,Quái Tần Lăng,651,15,"{60,70000*12},{70,90000*12},{80,220000*12},{85,264000*12},{95,400000*12},{105,500000*12},{115,650000*13},{125,800000*14},{130,1000000*15},{140,1200000*15},{160,1700000*15},{180,2400000*15},{200,3360000*15},{300,8960000*20},{330,10640000*25},{340,11200000*30},{350,11760000*35},{360,12320000*35}",,0,"{60,1000},{70,1400},{80,1600},{90,2000},{100,4000},{110,5000},{120,6000},{130,7000},{140,8000},{150,9000},{160,10000},{170,11000},{180,12000},{190,13000},{200,15000}","{10,50000}","{60,1000*3},{70,1600*3},{80,2400*3},{90,4000*3},{100,6000*3},{110,9000*3},{120,13000*3}","{60,1000*3},{70,1600*3},{80,2400*3},{90,4000*3},{100,6000*3},{110,9000*3},{120,13000*3}",0,0,0,0,"{10,200},{20,400},{30,600},{40,800},{50,1000},{60,1300},{70,1600},{80,2000},{100,3000},{110,4000},{120,5000},{130,6000},{140,7000},{150,7500},{160,8000},{170,8500},{180,9000},{190,9500},{200,10000}","{10,200},{20,400},{30,600},{40,800},{50,1000},{60,1300},{70,1600},{80,2000},{100,3000},{110,4000},{120,5000},{130,6000},{140,7000},{150,7500},{160,8000},{170,8500},{180,9000},{190,9500},{200,10000}","{10,200},{20,400},{30,600},{40,800},{50,1000},{60,1300},{70,1600},{80,2000},{100,3000},{110,4000},{120,5000},{130,6000},{140,7000},{150,7500},{160,8000},{170,8500},{180,9000},{190,9500},{200,10000}","{10,200},{20,400},{30,600},{40,800},{50,1000},{60,1300},{70,1600},{80,2000},{100,3000},{110,4000},{120,5000},{130,6000},{140,7000},{150,7500},{160,8000},{170,8500},{180,9000},{190,9500},{200,10000}","{10,200},{20,400},{30,600},{40,800},{50,1000},{60,1300},{70,1600},{80,2000},{100,3000},{110,4000},{120,5000},{130,6000},{140,7000},{150,7500},{160,8000},{170,8500},{180,9000},{190,9500},{200,10000}","{10,257},{20,300},{30,342},{40,385},{50,428},{60,471},{70,514},{80,557},{100,642},{110,685},{120,728},{130,771},{140,1103},{150,1214},{160,1335},{170,1468},{180,1615},{190,1777},{200,1955}",,
Tomb_Elite,Tần Lăng Thủ Lĩnh,652,15,"{60,70000*35},{70,90000*35},{80,220000*35},{85,264000*35},{95,374000*35},{105,412500*35},{115,533500*39},{125,605000*42},{130,750000*45},{140,900000*45},{150,1080000*45},{160,1300000*45},{170,1560000*45},{180,1870000*45},{190,2240000*45},{200,2700000*45},{300,8960000*50},{330,10640000*60},{340,11200000*75},{350,11760000*90},{360,12320000*90}",,0,"{60,1000},{70,1400},{80,1600},{90,2000},{100,4000},{110,5000},{120,6000},{130,7000},{140,8000},{150,9000},{160,10000},{170,11000},{180,12000},{190,13000},{200,15000}","{10,50000}","{60,1000*6},{70,1600*6},{80,2400*6},{90,4000*6},{100,6000*6},{110,9000*6},{120,13000*6}","{60,1000*6},{70,1600*6},{80,2400*6},{90,4000*6},{100,6000*6},{110,9000*6},{120,13000*6}",0,0,0,0,"{10,200},{20,400},{30,600},{40,800},{50,1000},{60,1300},{70,1600},{80,2000},{100,3000},{110,4000},{120,5000},{130,6000},{140,7000},{150,7500},{160,8000},{170,8500},{180,9000},{190,9500},{200,10000}","{10,200},{20,400},{30,600},{40,800},{50,1000},{60,1300},{70,1600},{80,2000},{100,3000},{110,4000},{120,5000},{130,6000},{140,7000},{150,7500},{160,8000},{170,8500},{180,9000},{190,9500},{200,10000}","{10,200},{20,400},{30,600},{40,800},{50,1000},{60,1300},{70,1600},{80,2000},{100,3000},{110,4000},{120,5000},{130,6000},{140,7000},{150,7500},{160,8000},{170,8500},{180,9000},{190,9500},{200,10000}","{10,200},{20,400},{30,600},{40,800},{50,1000},{60,1300},{70,1600},{80,2000},{100,3000},{110,4000},{120,5000},{130,6000},{140,7000},{150,7500},{160,8000},{170,8500},{180,9000},{190,9500},{200,10000}","{10,200},{20,400},{30,600},{40,800},{50,1000},{60,1300},{70,1600},{80,2000},{100,3000},{110,4000},{120,5000},{130,6000},{140,7000},{150,7500},{160,8000},{170,8500},{180,9000},{190,9500},{200,10000}","{10,257},{20,300},{30,342},{40,385},{50,428},{60,471},{70,514},{80,557},{100,642},{110,685},{120,728},{130,771},{140,1103},{150,1214},{160,1335},{170,1468},{180,1615},{190,1777},{200,1955}",,
Tomb_captain,Tần Lăng Mật Thất Thủ Lĩnh,653,15,"{60,15000*640},{70,25000*640},{80,35000*640},{90,55000*640},{100,60000*640},{110,90000*640},{120,130000*640},{130,101984197},{140,116956345},{150,133903081},{160,153069600},{170,174730393},{180,199192648},{190,226800050},{200,257937007}","{230,100},{249,100},{250,3},{260,3}",0,0,"{10,50000}","{20,120*5},{30,250*5},{40,400*5},{50,650*5},{60,1100*5},{70,1600*5},{80,2100*5},{90,2600*5},{100,3100*5},{110,4000*5}","{20,120*5},{30,250*5},{40,400*5},{50,650*5},{60,1100*5},{70,1600*5},{80,2100*5},{90,2600*5},{100,3100*5},{110,4000*5}",0,0,0,0,"{10,200},{20,400},{30,600},{40,800},{50,1000},{60,1300},{70,1600},{80,2000},{100,3000},{110,4000},{120,5000},{130,6000},{140,7000},{150,7500},{160,8000},{170,8500},{180,9000},{190,9500},{200,10000}","{10,200},{20,400},{30,600},{40,800},{50,1000},{60,1300},{70,1600},{80,2000},{100,3000},{110,4000},{120,5000},{130,6000},{140,7000},{150,7500},{160,8000},{170,8500},{180,9000},{190,9500},{200,10000}","{10,200},{20,400},{30,600},{40,800},{50,1000},{60,1300},{70,1600},{80,2000},{100,3000},{110,4000},{120,5000},{130,6000},{140,7000},{150,7500},{160,8000},{170,8500},{180,9000},{190,9500},{200,10000}","{10,200},{20,400},{30,600},{40,800},{50,1000},{60,1300},{70,1600},{80,2000},{100,3000},{110,4000},{120,5000},{130,6000},{140,7000},{150,7500},{160,8000},{170,8500},{180,9000},{190,9500},{200,10000}","{10,200},{20,400},{30,600},{40,800},{50,1000},{60,1300},{70,1600},{80,2000},{100,3000},{110,4000},{120,5000},{130,6000},{140,7000},{150,7500},{160,8000},{170,8500},{180,9000},{190,9500},{200,10000}","{10,257},{20,300},{30,342},{40,385},{50,428},{60,471},{70,514},{80,557},{100,642},{110,685},{120,728},{130,771},{140,1103},{150,1214},{160,1335},{170,1468},{180,1615},{190,1777},{200,1955}",,
Tomb_Boss1,3 Thủ Lĩnh Tần Lăng,654,15,"{60,500000*420},{70,800000*420},{80,1000000*420},{100,1200000*550},{110,1800000*550},{120,2500000*550},{130,3000000*550},{140,3500000*550},{150,4000000*550},{160,4500000*550},{170,5200000*550},{180,5900000*550},{190,6700000*550},{200,7500000*550}","{230,100},{249,100},{250,3},{260,3}",0,0,"{10,50000}","{20,120*2},{30,200*2},{40,700*2},{50,1200*2},{60,1600*2},{70,2000*2},{80,2400*2},{90,2800*2},{100,3200*2},{110,4000*2}","{20,120*2},{30,200*2},{40,700*2},{50,1200*2},{60,1600*2},{70,2000*2},{80,2400*2},{90,2800*2},{100,3200*2},{110,4000*2}",0,0,0,0,"{10,210},{20,410},{30,610},{40,810},{50,1010},{60,1210},{70,1410},{80,1610},{100,2010},{110,2210},{120,2410},{130,2610},{140,2860},{150,3146},{160,3461},{170,3807},{180,4188},{190,4607},{200,5068}","{10,210},{20,410},{30,610},{40,810},{50,1010},{60,1210},{70,1410},{80,1610},{100,2010},{110,2210},{120,2410},{130,2610},{140,2860},{150,3146},{160,3461},{170,3807},{180,4188},{190,4607},{200,5068}","{10,210},{20,410},{30,610},{40,810},{50,1010},{60,1210},{70,1410},{80,1610},{100,2010},{110,2210},{120,2410},{130,2610},{140,2860},{150,3146},{160,3461},{170,3807},{180,4188},{190,4607},{200,5068}","{10,210},{20,410},{30,610},{40,810},{50,1010},{60,1210},{70,1410},{80,1610},{100,2010},{110,2210},{120,2410},{130,2610},{140,2860},{150,3146},{160,3461},{170,3807},{180,4188},{190,4607},{200,5068}","{10,210},{20,410},{30,610},{40,810},{50,1010},{60,1210},{70,1410},{80,1610},{100,2010},{110,2210},{120,2410},{130,2610},{140,2860},{150,3146},{160,3461},{170,3807},{180,4188},{190,4607},{200,5068}","{10,257},{20,300},{30,342},{40,385},{50,428},{60,471},{70,514},{80,557},{100,642},{110,685},{120,728},{130,771},{140,1103},{150,1214},{160,1335},{170,1468},{180,1615},{190,1777},{200,1955}",,
Tomb_Boss2,BOSS Tần Lăng-Tần Thủy Hoàng,655,15,"{60,500000*600},{70,800000*600},{80,1000000*600},{100,1200000*780},{110,1800000*780},{120,2500000*780},{130,3000000*780},{140,3500000*780},{150,4000000*780},{160,4500000*780},{170,5200000*780},{180,5900000*780},{190,6700000*780},{200,7500000*780}","{230,100},{249,100},{250,3},{260,3}",0,0,"{10,50000}","{20,120*2},{30,200*2},{40,700*2},{50,1200*2},{60,1600*2},{70,2000*2},{80,2400*2},{90,2800*2},{100,3200*2},{110,4000*2}","{20,120*2},{30,200*2},{40,700*2},{50,1200*2},{60,1600*2},{70,2000*2},{80,2400*2},{90,2800*2},{100,3200*2},{110,4000*2}",0,0,0,0,"{10,210},{20,410},{30,610},{40,810},{50,1010},{60,1210},{70,1410},{80,1610},{100,2010},{110,2210},{120,2410},{130,2610},{140,2860},{150,3146},{160,3461},{170,3807},{180,4188},{190,4607},{200,5068}","{10,210},{20,410},{30,610},{40,810},{50,1010},{60,1210},{70,1410},{80,1610},{100,2010},{110,2210},{120,2410},{130,2610},{140,2860},{150,3146},{160,3461},{170,3807},{180,4188},{190,4607},{200,5068}","{10,210},{20,410},{30,610},{40,810},{50,1010},{60,1210},{70,1410},{80,1610},{100,2010},{110,2210},{120,2410},{130,2610},{140,2860},{150,3146},{160,3461},{170,3807},{180,4188},{190,4607},{200,5068}","{10,210},{20,410},{30,610},{40,810},{50,1010},{60,1210},{70,1410},{80,1610},{100,2010},{110,2210},{120,2410},{130,2610},{140,2860},{150,3146},{160,3461},{170,3807},{180,4188},{190,4607},{200,5068}","{10,210},{20,410},{30,610},{40,810},{50,1010},{60,1210},{70,1410},{80,1610},{100,2010},{110,2210},{120,2410},{130,2610},{140,2860},{150,3146},{160,3461},{170,3807},{180,4188},{190,4607},{200,5068}","{10,257},{20,300},{30,342},{40,385},{50,428},{60,471},{70,514},{80,557},{100,642},{110,685},{120,728},{130,771},{140,1103},{150,1214},{160,1335},{170,1468},{180,1615},{190,1777},{200,1955}",,
Tomb_Callnpc1,Tần Lăng triệu hồi quái,656,15,"{1,220*2},{20,8000*2},{40,30000*2},{50,40000*2},{60,55000*2},{70,75000*2},{100,100000*2},{110,130000*2},{120,160000*2},{130,392246},{140,449832},{150,515011},{160,588729},{170,672039},{180,766125},{190,872307},{200,992065}","{230,100},{249,100},{250,3},{260,3}",0,0,"{10,50000}","{20,120*2},{30,200*2},{40,700*2},{50,1200*2},{60,1600*2},{70,2000*2},{80,2400*2},{90,2800*2},{100,3200*2},{110,4000*2}","{20,120*2},{30,200*2},{40,700*2},{50,1200*2},{60,1600*2},{70,2000*2},{80,2400*2},{90,2800*2},{100,3200*2},{110,4000*2}",0,0,0,0,"{10,210},{20,410},{30,610},{40,810},{50,1010},{60,1210},{70,1410},{80,1610},{100,2010},{110,2210},{120,2410},{130,2610},{140,2860},{150,3146},{160,3461},{170,3807},{180,4188},{190,4607},{200,5068}","{10,210},{20,410},{30,610},{40,810},{50,1010},{60,1210},{70,1410},{80,1610},{100,2010},{110,2210},{120,2410},{130,2610},{140,2860},{150,3146},{160,3461},{170,3807},{180,4188},{190,4607},{200,5068}","{10,210},{20,410},{30,610},{40,810},{50,1010},{60,1210},{70,1410},{80,1610},{100,2010},{110,2210},{120,2410},{130,2610},{140,2860},{150,3146},{160,3461},{170,3807},{180,4188},{190,4607},{200,5068}","{10,210},{20,410},{30,610},{40,810},{50,1010},{60,1210},{70,1410},{80,1610},{100,2010},{110,2210},{120,2410},{130,2610},{140,2860},{150,3146},{160,3461},{170,3807},{180,4188},{190,4607},{200,5068}","{10,210},{20,410},{30,610},{40,810},{50,1010},{60,1210},{70,1410},{80,1610},{100,2010},{110,2210},{120,2410},{130,2610},{140,2860},{150,3146},{160,3461},{170,3807},{180,4188},{190,4607},{200,5068}","{10,257},{20,300},{30,342},{40,385},{50,428},{60,471},{70,514},{80,557},{100,642},{110,685},{120,728},{130,771},{140,1103},{150,1214},{160,1335},{170,1468},{180,1615},{190,1777},{200,1955}",,
Tomb_Callnpc2,Tần Lăng triệu hồi Bạch Khởi,657,15,"{1,220*2},{20,8000*2},{40,30000*2},{50,40000*2},{60,55000*2},{70,75000*2},{100,100000*2},{110,130000*2},{120,160000*2},{130,392246},{140,449832},{150,515011},{160,588729},{170,672039},{180,766125},{190,872307},{200,992065}","{230,100},{249,100},{250,3},{260,3}",0,0,"{10,50000}","{20,120*1},{30,200*1},{40,700*1},{50,1200*1},{60,1600*1},{70,2000*1},{80,2400*1},{90,2800*1},{100,3200*1},{110,4000*1}","{20,120*1},{30,200*1},{40,700*1},{50,1200*1},{60,1600*1},{70,2000*1},{80,2400*1},{90,2800*1},{100,3200*1},{110,4000*1}",0,0,0,0,"{10,210},{20,410},{30,610},{40,810},{50,1010},{60,1210},{70,1410},{80,1610},{100,2010},{110,2210},{120,2410},{130,2610},{140,2860},{150,3146},{160,3461},{170,3807},{180,4188},{190,4607},{200,5068}","{10,210},{20,410},{30,610},{40,810},{50,1010},{60,1210},{70,1410},{80,1610},{100,2010},{110,2210},{120,2410},{130,2610},{140,2860},{150,3146},{160,3461},{170,3807},{180,4188},{190,4607},{200,5068}","{10,210},{20,410},{30,610},{40,810},{50,1010},{60,1210},{70,1410},{80,1610},{100,2010},{110,2210},{120,2410},{130,2610},{140,2860},{150,3146},{160,3461},{170,3807},{180,4188},{190,4607},{200,5068}","{10,210},{20,410},{30,610},{40,810},{50,1010},{60,1210},{70,1410},{80,1610},{100,2010},{110,2210},{120,2410},{130,2610},{140,2860},{150,3146},{160,3461},{170,3807},{180,4188},{190,4607},{200,5068}","{10,210},{20,410},{30,610},{40,810},{50,1010},{60,1210},{70,1410},{80,1610},{100,2010},{110,2210},{120,2410},{130,2610},{140,2860},{150,3146},{160,3461},{170,3807},{180,4188},{190,4607},{200,5068}","{10,257},{20,300},{30,342},{40,385},{50,428},{60,471},{70,514},{80,557},{100,642},{110,685},{120,728},{130,771},{140,1103},{150,1214},{160,1335},{170,1468},{180,1615},{190,1777},{200,1955}",,
Tomb_Boss3,BOSS Tần Lăng-Tần Thủy Hoàng Ngụy Đế,658,15,"{60,500000*240},{70,800000*240},{80,1000000*240},{100,1200000*240},{110,1800000*240},{120,2500000*240},{130,3000000*240},{140,825702127},{150,945344680},{160,1080658723},{170,1233582127},{180,1406283625},{190,1601189601},{200,1821013936}","{230,100},{249,100},{250,3},{260,3}",0,0,"{10,50000}","{20,120*2},{30,200*2},{40,700*2},{50,1200*2},{60,1600*2},{70,2000*2},{80,2400*2},{90,2800*2},{100,3200*2},{110,4000*2}","{20,120*2},{30,200*2},{40,700*2},{50,1200*2},{60,1600*2},{70,2000*2},{80,2400*2},{90,2800*2},{100,3200*2},{110,4000*2}",0,0,0,0,"{10,210},{20,410},{30,610},{40,810},{50,1010},{60,1210},{70,1410},{80,1610},{100,2010},{110,2210},{120,2410},{130,2610},{140,2860},{150,3146},{160,3461},{170,3807},{180,4188},{190,4607},{200,5068}","{10,210},{20,410},{30,610},{40,810},{50,1010},{60,1210},{70,1410},{80,1610},{100,2010},{110,2210},{120,2410},{130,2610},{140,2860},{150,3146},{160,3461},{170,3807},{180,4188},{190,4607},{200,5068}","{10,210},{20,410},{30,610},{40,810},{50,1010},{60,1210},{70,1410},{80,1610},{100,2010},{110,2210},{120,2410},{130,2610},{140,2860},{150,3146},{160,3461},{170,3807},{180,4188},{190,4607},{200,5068}","{10,210},{20,410},{30,610},{40,810},{50,1010},{60,1210},{70,1410},{80,1610},{100,2010},{110,2210},{120,2410},{130,2610},{140,2860},{150,3146},{160,3461},{170,3807},{180,4188},{190,4607},{200,5068}","{10,210},{20,410},{30,610},{40,810},{50,1010},{60,1210},{70,1410},{80,1610},{100,2010},{110,2210},{120,2410},{130,2610},{140,2860},{150,3146},{160,3461},{170,3807},{180,4188},{190,4607},{200,5068}","{10,257},{20,300},{30,342},{40,385},{50,428},{60,471},{70,514},{80,557},{100,642},{110,685},{120,728},{130,771},{140,1103},{150,1214},{160,1335},{170,1468},{180,1615},{190,1777},{200,1955}",,
Tomb_Boss4,3 Thủ Lĩnh Nữ Đế,659,15,"{30,50000*588},{60,500000*588},{70,800000*588},{80,1000000*588},{100,1200000*765},{110,1800000*765},{120,2500000*765},{130,3000000*765},{140,3500000*765},{150,4000000*765},{160,4500000*765},{170,5200000*765},{180,5900000*765},{190,6700000*765},{200,7500000*765}","{230,100},{249,100},{250,3},{260,3}",0,0,"{10,50000}","{20,120*2},{30,200*2},{40,700*2},{50,1200*2},{60,1600*2},{70,2000*2},{80,2400*2},{90,2800*2},{100,3200*2},{110,4000*2}","{20,120*2},{30,200*2},{40,700*2},{50,1200*2},{60,1600*2},{70,2000*2},{80,2400*2},{90,2800*2},{100,3200*2},{110,4000*2}",0,0,0,0,"{10,210},{20,410},{30,610},{40,810},{50,1010},{60,1210},{70,1410},{80,1610},{100,2010},{110,2210},{120,2410},{130,2610},{140,2860},{150,3146},{160,3461},{170,3807},{180,4188},{190,4607},{200,5068}","{10,210},{20,410},{30,610},{40,810},{50,1010},{60,1210},{70,1410},{80,1610},{100,2010},{110,2210},{120,2410},{130,2610},{140,2860},{150,3146},{160,3461},{170,3807},{180,4188},{190,4607},{200,5068}","{10,210},{20,410},{30,610},{40,810},{50,1010},{60,1210},{70,1410},{80,1610},{100,2010},{110,2210},{120,2410},{130,2610},{140,2860},{150,3146},{160,3461},{170,3807},{180,4188},{190,4607},{200,5068}","{10,210},{20,410},{30,610},{40,810},{50,1010},{60,1210},{70,1410},{80,1610},{100,2010},{110,2210},{120,2410},{130,2610},{140,2860},{150,3146},{160,3461},{170,3807},{180,4188},{190,4607},{200,5068}","{10,210},{20,410},{30,610},{40,810},{50,1010},{60,1210},{70,1410},{80,1610},{100,2010},{110,2210},{120,2410},{130,2610},{140,2860},{150,3146},{160,3461},{170,3807},{180,4188},{190,4607},{200,5068}","{10,257},{20,300},{30,342},{40,385},{50,428},{60,471},{70,514},{80,557},{100,642},{110,685},{120,728},{130,771},{140,1103},{150,1214},{160,1335},{170,1468},{180,1615},{190,1777},{200,1955}",,
Boss,BOSS Dã Ngoại,701,15,"{20,30000*120},{30,36000*120},{40,90000*120},{50,300000*120},{60,500000*120},{70,800000*120},{80,1000000*120},{100,1800000*156},{110,2800000*156},{120,4250000*156},{130,5400000*156},{140,6500000*156},{150,8000000*156},{160,9200000*156},{170,11000000*156},{180,13000000*156},{190,15000000*156},{200,18000000*156}","{230,100},{249,100},{250,3},{260,3}",0,0,"{10,50000}","{20,120*2},{30,200*2},{40,700*2},{50,1200*2},{60,1600*2},{70,2000*2},{100,2500*2},{110,3000*2}","{20,120*2},{30,200*2},{40,700*2},{50,1200*2},{60,1600*2},{70,2000*2},{100,2500*2},{110,3000*2}",0,0,0,0,"{10,210},{20,410},{30,610},{40,810},{50,1010},{60,1210},{70,1410},{80,1610},{100,2010},{110,2210},{120,2410},{130,2610},{140,2860},{150,3146},{160,3461},{170,3807},{180,4188},{190,4607},{200,5068}","{10,210},{20,410},{30,610},{40,810},{50,1010},{60,1210},{70,1410},{80,1610},{100,2010},{110,2210},{120,2410},{130,2610},{140,2860},{150,3146},{160,3461},{170,3807},{180,4188},{190,4607},{200,5068}","{10,210},{20,410},{30,610},{40,810},{50,1010},{60,1210},{70,1410},{80,1610},{100,2010},{110,2210},{120,2410},{130,2610},{140,2860},{150,3146},{160,3461},{170,3807},{180,4188},{190,4607},{200,5068}","{10,210},{20,410},{30,610},{40,810},{50,1010},{60,1210},{70,1410},{80,1610},{100,2010},{110,2210},{120,2410},{130,2610},{140,2860},{150,3146},{160,3461},{170,3807},{180,4188},{190,4607},{200,5068}","{10,210},{20,410},{30,610},{40,810},{50,1010},{60,1210},{70,1410},{80,1610},{100,2010},{110,2210},{120,2410},{130,2610},{140,2860},{150,3146},{160,3461},{170,3807},{180,4188},{190,4607},{200,5068}","{10,257},{20,300},{30,342},{40,385},{50,428},{60,471},{70,514},{80,557},{100,642},{110,685},{120,728},{130,771},{140,1103},{150,1214},{160,1335},{170,1468},{180,1615},{190,1777},{200,1955}",,
Boss2,BOSS Dã Ngoại,702,15,"{20,30000*150},{30,36000*150},{40,90000*150},{50,300000*150},{60,500000*150},{70,800000*150},{80,1000000*150},{100,1800000*195},{110,2800000*195},{120,4250000*195},{130,5400000*195},{140,6500000*195},{150,8000000*195},{160,9200000*195},{170,11000000*195},{180,13000000*195},{190,15000000*195},{200,18000000*195}","{230,100},{249,100},{250,3},{260,3}",0,0,"{10,50000}","{20,120*2},{30,200*2},{40,700*2},{50,1200*2},{60,1600*2},{70,2000*2},{100,2500*2},{110,3000*2}","{20,120*2},{30,200*2},{40,700*2},{50,1200*2},{60,1600*2},{70,2000*2},{100,2500*2},{110,3000*2}",0,0,0,0,"{10,210},{20,410},{30,610},{40,810},{50,1010},{60,1210},{70,1410},{80,1610},{100,2010},{110,2210},{120,2410},{130,2610},{140,2860},{150,3146},{160,3461},{170,3807},{180,4188},{190,4607},{200,5068}","{10,210},{20,410},{30,610},{40,810},{50,1010},{60,1210},{70,1410},{80,1610},{100,2010},{110,2210},{120,2410},{130,2610},{140,2860},{150,3146},{160,3461},{170,3807},{180,4188},{190,4607},{200,5068}","{10,210},{20,410},{30,610},{40,810},{50,1010},{60,1210},{70,1410},{80,1610},{100,2010},{110,2210},{120,2410},{130,2610},{140,2860},{150,3146},{160,3461},{170,3807},{180,4188},{190,4607},{200,5068}","{10,210},{20,410},{30,610},{40,810},{50,1010},{60,1210},{70,1410},{80,1610},{100,2010},{110,2210},{120,2410},{130,2610},{140,2860},{150,3146},{160,3461},{170,3807},{180,4188},{190,4607},{200,5068}","{10,210},{20,410},{30,610},{40,810},{50,1010},{60,1210},{70,1410},{80,1610},{100,2010},{110,2210},{120,2410},{130,2610},{140,2860},{150,3146},{160,3461},{170,3807},{180,4188},{190,4607},{200,5068}","{10,257},{20,300},{30,342},{40,385},{50,428},{60,471},{70,514},{80,557},{100,642},{110,685},{120,728},{130,771},{140,1103},{150,1214},{160,1335},{170,1468},{180,1615},{190,1777},{200,1955}",,
Boss3,BOSS Dã Ngoại,703,15,"{20,30000*180},{30,36000*180},{40,90000*180},{50,300000*180},{60,500000*180},{70,800000*180},{80,1000000*180},{100,1800000*234},{110,2800000*234},{120,4250000*234},{130,5400000*234},{140,6500000*234},{150,8000000*234},{160,9200000*234},{170,11000000*234},{180,13000000*234},{190,15000000*234},{200,18000000*234}","{230,100},{249,100},{250,3},{260,3}",0,0,"{10,50000}","{20,120*2},{30,200*2},{40,700*2},{50,1200*2},{60,1600*2},{70,2000*2},{100,2500*2},{110,3000*2}","{20,120*2},{30,200*2},{40,700*2},{50,1200*2},{60,1600*2},{70,2000*2},{100,2500*2},{110,3000*2}",0,0,0,0,"{10,210},{20,410},{30,610},{40,810},{50,1010},{60,1210},{70,1410},{80,1610},{100,2010},{110,2210},{120,2410},{130,2610},{140,2860},{150,3146},{160,3461},{170,3807},{180,4188},{190,4607},{200,5068}","{10,210},{20,410},{30,610},{40,810},{50,1010},{60,1210},{70,1410},{80,1610},{100,2010},{110,2210},{120,2410},{130,2610},{140,2860},{150,3146},{160,3461},{170,3807},{180,4188},{190,4607},{200,5068}","{10,210},{20,410},{30,610},{40,810},{50,1010},{60,1210},{70,1410},{80,1610},{100,2010},{110,2210},{120,2410},{130,2610},{140,2860},{150,3146},{160,3461},{170,3807},{180,4188},{190,4607},{200,5068}","{10,210},{20,410},{30,610},{40,810},{50,1010},{60,1210},{70,1410},{80,1610},{100,2010},{110,2210},{120,2410},{130,2610},{140,2860},{150,3146},{160,3461},{170,3807},{180,4188},{190,4607},{200,5068}","{10,210},{20,410},{30,610},{40,810},{50,1010},{60,1210},{70,1410},{80,1610},{100,2010},{110,2210},{120,2410},{130,2610},{140,2860},{150,3146},{160,3461},{170,3807},{180,4188},{190,4607},{200,5068}","{10,257},{20,300},{30,342},{40,385},{50,428},{60,471},{70,514},{80,557},{100,642},{110,685},{120,728},{130,771},{140,1103},{150,1214},{160,1335},{170,1468},{180,1615},{190,1777},{200,1955}",,
Boss4,Danh Tướng Liên SV triệu hồi quái,704,15,"{20,30000*180*0.333},{30,36000*180*0.333},{40,90000*180*0.333},{50,300000*180*0.333},{60,500000*180*0.333},{70,800000*180*0.333},{80,1000000*180*0.333},{100,1200000*78},{110,1500000*78},{120,1800000*78},{130,2200000*78},{140,2500000*78},{150,2900000*78},{160,3300000*78},{170,3800000*78},{180,4300000*78},{190,4900000*78},{200,5600000*78}","{230,100},{249,100},{250,3},{260,3}",0,0,"{10,1140},{20,2090},{30,3040},{40,3990},{50,4940},{60,5889},{70,6839},{80,7789},{100,9689},{110,10640},{120,11590},{130,12540},{140,13699},{150,15086},{160,16587},{170,18240},{180,20083},{190,22078},{200,24282}","{20,120*2},{30,200*2},{40,700*2},{50,1200*2},{60,1600*2},{70,2000*2},{100,2500*2},{110,3000*2}","{20,120*2},{30,200*2},{40,700*2},{50,1200*2},{60,1600*2},{70,2000*2},{100,2500*2},{110,3000*2}",0,0,0,0,"{10,210},{20,410},{30,610},{40,810},{50,1010},{60,1210},{70,1410},{80,1610},{100,2010},{110,2210},{120,2410},{130,2610},{140,2860},{150,3146},{160,3461},{170,3807},{180,4188},{190,4607},{200,5068}","{10,210},{20,410},{30,610},{40,810},{50,1010},{60,1210},{70,1410},{80,1610},{100,2010},{110,2210},{120,2410},{130,2610},{140,2860},{150,3146},{160,3461},{170,3807},{180,4188},{190,4607},{200,5068}","{10,210},{20,410},{30,610},{40,810},{50,1010},{60,1210},{70,1410},{80,1610},{100,2010},{110,2210},{120,2410},{130,2610},{140,2860},{150,3146},{160,3461},{170,3807},{180,4188},{190,4607},{200,5068}","{10,210},{20,410},{30,610},{40,810},{50,1010},{60,1210},{70,1410},{80,1610},{100,2010},{110,2210},{120,2410},{130,2610},{140,2860},{150,3146},{160,3461},{170,3807},{180,4188},{190,4607},{200,5068}","{10,210},{20,410},{30,610},{40,810},{50,1010},{60,1210},{70,1410},{80,1610},{100,2010},{110,2210},{120,2410},{130,2610},{140,2860},{150,3146},{160,3461},{170,3807},{180,4188},{190,4607},{200,5068}","{10,257},{20,300},{30,342},{40,385},{50,428},{60,471},{70,514},{80,557},{100,642},{110,685},{120,728},{130,771},{140,1103},{150,1214},{160,1335},{170,1468},{180,1615},{190,1777},{200,1955}",,
XMHJ_Normal,Tâm Ma Ảo Cảnh-Quái nhỏ,751,15,320000*1,,0,0,"{10,1000},{100,2800},{150,7000}","{80,500}","{80,500}",0,0,0,0,"{10,165},{45,715},{80,1265},{115,1815}","{10,165},{45,715},{80,1265},{115,1815}","{10,165},{45,715},{80,1265},{115,1815}","{10,165},{45,715},{80,1265},{115,1815}","{10,165},{45,715},{80,1265},{115,1815}","{1,50},{10,100},{50,150},{70,200},{110,800}",,
XMHJ_Leader,Tâm Ma Ảo Cảnh-Thủ Lĩnh,752,15,500000*3.5,,0,0,"{10,1000},{100,2800},{150,7000}","{80,800}","{80,800}",0,0,0,0,"{10,165},{45,715},{80,1265},{115,1815}","{10,165},{45,715},{80,1265},{115,1815}","{10,165},{45,715},{80,1265},{115,1815}","{10,165},{45,715},{80,1265},{115,1815}","{10,165},{45,715},{80,1265},{115,1815}","{1,50},{10,100},{50,150},{70,200},{110,800}",,
XMHJ_Boss,Tâm Ma Ảo Cảnh-BOSS,753,15,500000*10,,0,0,"{10,1000},{100,2800},{150,7000}","{80,1200}","{80,1200}",0,0,0,0,"{10,165},{45,715},{80,1265},{115,1815}","{10,165},{45,715},{80,1265},{115,1815}","{10,165},{45,715},{80,1265},{115,1815}","{10,165},{45,715},{80,1265},{115,1815}","{10,165},{45,715},{80,1265},{115,1815}","{1,50},{10,100},{50,150},{70,200},{110,800}",,
XMHJ_Trap,Tâm Ma Ảo Cảnh-Bẫy,754,15,"{20,3000*70},{30,4000*70},{40,5000*70},{50,10000*70},{60,15000*70},{70,25000*70},{80,35000*70},{90,55000*70},{100,60000*70},{110,75000*70}",,0,,"{10,1000},{100,2800},{150,7000}","{80,3000}","{80,3000}",0,0,0,0,"{10,165},{45,715},{80,1265},{115,1815}","{10,165},{45,715},{80,1265},{115,1815}","{10,165},{45,715},{80,1265},{115,1815}","{10,165},{45,715},{80,1265},{115,1815}","{10,165},{45,715},{80,1265},{115,1815}","{1,50},{10,100},{50,150},{70,200},{110,800}",,
NHGC_Normal,Thủy Tặc,755,15,640000*1,,0,0,"{10,1000},{100,2800},{150,7000}","{80,500}","{80,500}",0,0,0,0,"{10,165},{45,715},{80,1265},{115,1815}","{10,165},{45,715},{80,1265},{115,1815}","{10,165},{45,715},{80,1265},{115,1815}","{10,165},{45,715},{80,1265},{115,1815}","{10,165},{45,715},{80,1265},{115,1815}","{1,50},{10,100},{50,150},{70,200},{110,800}",,
NHGC_Leader,Thủy Tặc Đầu Mục,756,15,500000*3.5,,0,0,"{10,1000},{100,2800},{150,7000}","{80,800}","{80,800}",0,0,0,0,"{10,165},{45,715},{80,1265},{115,1815}","{10,165},{45,715},{80,1265},{115,1815}","{10,165},{45,715},{80,1265},{115,1815}","{10,165},{45,715},{80,1265},{115,1815}","{10,165},{45,715},{80,1265},{115,1815}","{1,50},{10,100},{50,150},{70,200},{110,800}",,
Wlmz,Minh Chủ Võ Lâm,801,15,"{20,5000000},{40,5000000}",,0,0,"{10,1140},{20,2090},{30,3040},{40,3990},{50,4940},{60,5889},{70,6839},{80,7789},{100,9689},{110,10640},{120,11590},{130,12540},{140,13699},{150,15086},{160,16587},{170,18240},{180,20083},{190,22078},{200,24282}","{20,2000},{30,3500},{40,4500},{50,6600},{60,8400},{70,10000},{80,12000},{90,15000},{100,18000},{110,25000}","{20,2000},{30,3500},{40,4500},{50,6600},{60,8400},{70,10000},{80,12000},{90,15000},{100,18000},{110,25000}",0,0,0,0,"{10,210},{20,410},{30,610},{40,810},{50,1010},{60,1210},{70,1410},{80,1610},{100,2010},{110,2210},{120,2410},{130,2610},{140,2860},{150,3146},{160,3461},{170,3807},{180,4188},{190,4607},{200,5068}","{10,210},{20,410},{30,610},{40,810},{50,1010},{60,1210},{70,1410},{80,1610},{100,2010},{110,2210},{120,2410},{130,2610},{140,2860},{150,3146},{160,3461},{170,3807},{180,4188},{190,4607},{200,5068}","{10,210},{20,410},{30,610},{40,810},{50,1010},{60,1210},{70,1410},{80,1610},{100,2010},{110,2210},{120,2410},{130,2610},{140,2860},{150,3146},{160,3461},{170,3807},{180,4188},{190,4607},{200,5068}","{10,210},{20,410},{30,610},{40,810},{50,1010},{60,1210},{70,1410},{80,1610},{100,2010},{110,2210},{120,2410},{130,2610},{140,2860},{150,3146},{160,3461},{170,3807},{180,4188},{190,4607},{200,5068}","{10,210},{20,410},{30,610},{40,810},{50,1010},{60,1210},{70,1410},{80,1610},{100,2010},{110,2210},{120,2410},{130,2610},{140,2860},{150,3146},{160,3461},{170,3807},{180,4188},{190,4607},{200,5068}","{10,257},{20,300},{30,342},{40,385},{50,428},{60,471},{70,514},{80,557},{100,642},{110,685},{120,728},{130,771},{140,1103},{150,1214},{160,1335},{170,1468},{180,1615},{190,1777},{200,1955}",,
KinFuben_Normal,Thí Luyện Bang Hội-Thường,811,15,"{1,220},{20,8000},{40,35000},{50,60000},{60,80000},{70,100000},{80,140000},{90,140000},{100,160000},{110,200000},{120,250000},{130,306442},{140,351431},{150,402353},{160,459944},{170,525031},{180,598535},{190,681490},{200,775051}",,0,0,"{10,1140},{20,2090},{30,3040},{40,3990},{50,4940},{60,5889},{70,6839},{80,7789},{100,9689},{110,10640},{120,11590},{130,12540},{140,13699},{150,15086},{160,16587},{170,18240},{180,20083},{190,22078},{200,24282}","{20,100},{30,300},{40,550},{50,800},{100,1200},{110,1800}","{20,100},{30,300},{40,550},{50,800},{100,1200},{110,1800}",0,0,0,0,"{10,210},{20,410},{30,610},{40,810},{50,1010},{60,1210},{70,1410},{80,1610},{100,2010},{110,2210},{120,2410},{130,2610},{140,2860},{150,3146},{160,3461},{170,3807},{180,4188},{190,4607},{200,5068}","{10,210},{20,410},{30,610},{40,810},{50,1010},{60,1210},{70,1410},{80,1610},{100,2010},{110,2210},{120,2410},{130,2610},{140,2860},{150,3146},{160,3461},{170,3807},{180,4188},{190,4607},{200,5068}","{10,210},{20,410},{30,610},{40,810},{50,1010},{60,1210},{70,1410},{80,1610},{100,2010},{110,2210},{120,2410},{130,2610},{140,2860},{150,3146},{160,3461},{170,3807},{180,4188},{190,4607},{200,5068}","{10,210},{20,410},{30,610},{40,810},{50,1010},{60,1210},{70,1410},{80,1610},{100,2010},{110,2210},{120,2410},{130,2610},{140,2860},{150,3146},{160,3461},{170,3807},{180,4188},{190,4607},{200,5068}","{10,210},{20,410},{30,610},{40,810},{50,1010},{60,1210},{70,1410},{80,1610},{100,2010},{110,2210},{120,2410},{130,2610},{140,2860},{150,3146},{160,3461},{170,3807},{180,4188},{190,4607},{200,5068}","{10,257},{20,300},{30,342},{40,385},{50,428},{60,471},{70,514},{80,557},{100,642},{110,685},{120,728},{130,771},{140,1103},{150,1214},{160,1335},{170,1468},{180,1615},{190,1777},{200,1955}",,
KinFuben_captain_1,Thủ Lĩnh Thí Luyện Bang Hội,812,15,"{1,220*8},{20,8000*8},{40,35000*8},{50,60000*8},{60,80000*8},{70,100000*8},{80,140000*8},{90,140000*8},{100,160000*8},{110,200000*8},{120,250000*8},{130,2451543},{140,2811450},{150,3218824},{160,3679557},{170,4200249},{180,4788284},{190,5451924},{200,6200408}",,0,0,"{10,1140},{20,2090},{30,3040},{40,3990},{50,4940},{60,5889},{70,6839},{80,7789},{100,9689},{110,10640},{120,11590},{130,12540},{140,13699},{150,15086},{160,16587},{170,18240},{180,20083},{190,22078},{200,24282}","{20,100*1.5},{30,300*2},{40,550*2},{50,800*1.5},{100,1200*1.5},{110,1800*1.5}","{20,100*1.5},{30,300*2},{40,550*2},{50,800*1.5},{100,1200*1.5},{110,1800*1.5}",0,0,0,0,"{10,210},{20,410},{30,610},{40,810},{50,1010},{60,1210},{70,1410},{80,1610},{100,2010},{110,2210},{120,2410},{130,2610},{140,2860},{150,3146},{160,3461},{170,3807},{180,4188},{190,4607},{200,5068}","{10,210},{20,410},{30,610},{40,810},{50,1010},{60,1210},{70,1410},{80,1610},{100,2010},{110,2210},{120,2410},{130,2610},{140,2860},{150,3146},{160,3461},{170,3807},{180,4188},{190,4607},{200,5068}","{10,210},{20,410},{30,610},{40,810},{50,1010},{60,1210},{70,1410},{80,1610},{100,2010},{110,2210},{120,2410},{130,2610},{140,2860},{150,3146},{160,3461},{170,3807},{180,4188},{190,4607},{200,5068}","{10,210},{20,410},{30,610},{40,810},{50,1010},{60,1210},{70,1410},{80,1610},{100,2010},{110,2210},{120,2410},{130,2610},{140,2860},{150,3146},{160,3461},{170,3807},{180,4188},{190,4607},{200,5068}","{10,210},{20,410},{30,610},{40,810},{50,1010},{60,1210},{70,1410},{80,1610},{100,2010},{110,2210},{120,2410},{130,2610},{140,2860},{150,3146},{160,3461},{170,3807},{180,4188},{190,4607},{200,5068}","{10,257},{20,300},{30,342},{40,385},{50,428},{60,471},{70,514},{80,557},{100,642},{110,685},{120,728},{130,771},{140,1103},{150,1214},{160,1335},{170,1468},{180,1615},{190,1777},{200,1955}",,
KinFuben_captain_2,Thủ Lĩnh Thí Luyện Bang Hội (Yếu) ,813,15,"{1,220*5},{20,8000*5},{40,35000*5},{50,60000*5},{60,80000*5},{70,100000*5},{80,140000*5},{90,140000*5},{100,160000*5},{110,200000*5},{120,250000*5},{130,1532214},{140,1757156},{150,2011765},{160,2299723},{170,2625156},{180,2992678},{190,3407452},{200,3875255}",,0,0,"{10,1140},{20,2090},{30,3040},{40,3990},{50,4940},{60,5889},{70,6839},{80,7789},{100,9689},{110,10640},{120,11590},{130,12540},{140,13699},{150,15086},{160,16587},{170,18240},{180,20083},{190,22078},{200,24282}","{20,100*1.3},{30,300*1.7},{40,550*1.7},{50,800*1.5},{100,1200*1.5},{110,1800*1.5}","{20,100*1.3},{30,300*1.7},{40,550*1.7},{50,800*1.5},{100,1200*1.5},{110,1800*1.5}",0,0,0,0,"{10,210},{20,410},{30,610},{40,810},{50,1010},{60,1210},{70,1410},{80,1610},{100,2010},{110,2210},{120,2410},{130,2610},{140,2860},{150,3146},{160,3461},{170,3807},{180,4188},{190,4607},{200,5068}","{10,210},{20,410},{30,610},{40,810},{50,1010},{60,1210},{70,1410},{80,1610},{100,2010},{110,2210},{120,2410},{130,2610},{140,2860},{150,3146},{160,3461},{170,3807},{180,4188},{190,4607},{200,5068}","{10,210},{20,410},{30,610},{40,810},{50,1010},{60,1210},{70,1410},{80,1610},{100,2010},{110,2210},{120,2410},{130,2610},{140,2860},{150,3146},{160,3461},{170,3807},{180,4188},{190,4607},{200,5068}","{10,210},{20,410},{30,610},{40,810},{50,1010},{60,1210},{70,1410},{80,1610},{100,2010},{110,2210},{120,2410},{130,2610},{140,2860},{150,3146},{160,3461},{170,3807},{180,4188},{190,4607},{200,5068}","{10,210},{20,410},{30,610},{40,810},{50,1010},{60,1210},{70,1410},{80,1610},{100,2010},{110,2210},{120,2410},{130,2610},{140,2860},{150,3146},{160,3461},{170,3807},{180,4188},{190,4607},{200,5068}","{10,257},{20,300},{30,342},{40,385},{50,428},{60,471},{70,514},{80,557},{100,642},{110,685},{120,728},{130,771},{140,1103},{150,1214},{160,1335},{170,1468},{180,1615},{190,1777},{200,1955}",,
KinFuben_captain_3,Thủ Lĩnh Thí Luyện Bang Hội (Suy Yếu) ,814,15,"{1,220*3},{20,8000*3},{40,35000*3},{50,60000*3},{60,80000*3},{70,100000*3},{80,140000*3},{90,140000*3},{100,160000*3},{110,200000*3},{120,250000*3},{130,919328},{140,1054293},{150,1207059},{160,1379834},{170,1575093},{180,1795606},{190,2044471},{200,2325153}",,0,0,"{10,1140},{20,2090},{30,3040},{40,3990},{50,4940},{60,5889},{70,6839},{80,7789},{100,9689},{110,10640},{120,11590},{130,12540},{140,13699},{150,15086},{160,16587},{170,18240},{180,20083},{190,22078},{200,24282}","{20,100*1.3},{30,300*1.7},{40,550*1.7},{50,800*1.5},{100,1200*1.5},{110,1800*1.5}","{20,100*1.3},{30,300*1.7},{40,550*1.7},{50,800*1.5},{100,1200*1.5},{110,1800*1.5}",0,0,0,0,"{10,210},{20,410},{30,610},{40,810},{50,1010},{60,1210},{70,1410},{80,1610},{100,2010},{110,2210},{120,2410},{130,2610},{140,2860},{150,3146},{160,3461},{170,3807},{180,4188},{190,4607},{200,5068}","{10,210},{20,410},{30,610},{40,810},{50,1010},{60,1210},{70,1410},{80,1610},{100,2010},{110,2210},{120,2410},{130,2610},{140,2860},{150,3146},{160,3461},{170,3807},{180,4188},{190,4607},{200,5068}","{10,210},{20,410},{30,610},{40,810},{50,1010},{60,1210},{70,1410},{80,1610},{100,2010},{110,2210},{120,2410},{130,2610},{140,2860},{150,3146},{160,3461},{170,3807},{180,4188},{190,4607},{200,5068}","{10,210},{20,410},{30,610},{40,810},{50,1010},{60,1210},{70,1410},{80,1610},{100,2010},{110,2210},{120,2410},{130,2610},{140,2860},{150,3146},{160,3461},{170,3807},{180,4188},{190,4607},{200,5068}","{10,210},{20,410},{30,610},{40,810},{50,1010},{60,1210},{70,1410},{80,1610},{100,2010},{110,2210},{120,2410},{130,2610},{140,2860},{150,3146},{160,3461},{170,3807},{180,4188},{190,4607},{200,5068}","{10,257},{20,300},{30,342},{40,385},{50,428},{60,471},{70,514},{80,557},{100,642},{110,685},{120,728},{130,771},{140,1103},{150,1214},{160,1335},{170,1468},{180,1615},{190,1777},{200,1955}",,
KinFuben_Boss,BOSS Dã Ngoại,815,15,"{20,30000*120},{30,36000*120},{40,90000*120},{50,180000*120},{60,240000*120},{70,300000*120},{80,360000*120},{100,420000*120},{110,500000*120},{120,650000*120},{130,95610185},{140,109646574},{150,125534138},{160,143502750},{170,163809743},{180,186743108},{190,212625047},{200,241815944}",,0,0,"{10,1140},{20,2090},{30,3040},{40,3990},{50,4940},{60,5889},{70,6839},{80,7789},{100,9689},{110,10640},{120,11590},{130,12540},{140,13699},{150,15086},{160,16587},{170,18240},{180,20083},{190,22078},{200,24282}","{20,120*2},{30,200*2},{40,700*2}","{20,120*2},{30,200*2},{40,700*2}",0,0,0,0,"{10,210},{20,410},{30,610},{40,810},{50,1010},{60,1210},{70,1410},{80,1610},{100,2010},{110,2210},{120,2410},{130,2610},{140,2860},{150,3146},{160,3461},{170,3807},{180,4188},{190,4607},{200,5068}","{10,210},{20,410},{30,610},{40,810},{50,1010},{60,1210},{70,1410},{80,1610},{100,2010},{110,2210},{120,2410},{130,2610},{140,2860},{150,3146},{160,3461},{170,3807},{180,4188},{190,4607},{200,5068}","{10,210},{20,410},{30,610},{40,810},{50,1010},{60,1210},{70,1410},{80,1610},{100,2010},{110,2210},{120,2410},{130,2610},{140,2860},{150,3146},{160,3461},{170,3807},{180,4188},{190,4607},{200,5068}","{10,210},{20,410},{30,610},{40,810},{50,1010},{60,1210},{70,1410},{80,1610},{100,2010},{110,2210},{120,2410},{130,2610},{140,2860},{150,3146},{160,3461},{170,3807},{180,4188},{190,4607},{200,5068}","{10,210},{20,410},{30,610},{40,810},{50,1010},{60,1210},{70,1410},{80,1610},{100,2010},{110,2210},{120,2410},{130,2610},{140,2860},{150,3146},{160,3461},{170,3807},{180,4188},{190,4607},{200,5068}","{10,257},{20,300},{30,342},{40,385},{50,428},{60,471},{70,514},{80,557},{100,642},{110,685},{120,728},{130,771},{140,1103},{150,1214},{160,1335},{170,1468},{180,1615},{190,1777},{200,1955}",,
KinTrain_captain_1,"Thí Luyện Bang Hội-Mới, Thủ Lĩnh Giai Đoạn 1",816,15,"{90,55000*250},{100,60000*250},{110,75000*250},{120,95000*250},{130,29112075},{140,33385976},{150,38223535},{160,43694747},{170,49877966},{180,56860882},{190,64741601},{200,73629854}",,0,,"{10,1140},{20,2090},{30,3040},{40,3990},{50,4940},{60,5889},{70,6839},{80,7789},{100,9689},{110,10640},{120,11590},{130,12540},{140,13699},{150,15086},{160,16587},{170,18240},{180,20083},{190,22078},{200,24282}","{20,120*2},{30,250*2},{40,400*2},{50,650*3},{60,1100*3},{70,1600*3},{100,2000*3},{110,2500*3}","{20,120*2},{30,250*2},{40,400*2},{50,650*3},{60,1100*3},{70,1600*3},{100,2000*3},{110,2500*3}",0,0,0,0,"{10,210},{20,410},{30,610},{40,810},{50,1010},{60,1210},{70,1410},{80,1610},{100,2010},{110,2210},{120,2410},{130,2610},{140,2860},{150,3146},{160,3461},{170,3807},{180,4188},{190,4607},{200,5068}","{10,210},{20,410},{30,610},{40,810},{50,1010},{60,1210},{70,1410},{80,1610},{100,2010},{110,2210},{120,2410},{130,2610},{140,2860},{150,3146},{160,3461},{170,3807},{180,4188},{190,4607},{200,5068}","{10,210},{20,410},{30,610},{40,810},{50,1010},{60,1210},{70,1410},{80,1610},{100,2010},{110,2210},{120,2410},{130,2610},{140,2860},{150,3146},{160,3461},{170,3807},{180,4188},{190,4607},{200,5068}","{10,210},{20,410},{30,610},{40,810},{50,1010},{60,1210},{70,1410},{80,1610},{100,2010},{110,2210},{120,2410},{130,2610},{140,2860},{150,3146},{160,3461},{170,3807},{180,4188},{190,4607},{200,5068}","{10,210},{20,410},{30,610},{40,810},{50,1010},{60,1210},{70,1410},{80,1610},{100,2010},{110,2210},{120,2410},{130,2610},{140,2860},{150,3146},{160,3461},{170,3807},{180,4188},{190,4607},{200,5068}","{10,257},{20,300},{30,342},{40,385},{50,428},{60,471},{70,514},{80,557},{100,642},{110,685},{120,728},{130,771},{140,1103},{150,1214},{160,1335},{170,1468},{180,1615},{190,1777},{200,1955}",,
KinTrain_captain_2,"Thí Luyện Bang Hội-Mới, Thủ Lĩnh Giai Đoạn 1 (Yếu)",817,15,"{90,55000*100},{100,60000*100},{110,75000*100},{120,95000*100},{130,11644830},{140,13354390},{150,15289414},{160,17477899},{170,19951186},{180,22744352},{190,25896640},{200,29451941}",,0,,"{10,1140},{20,2090},{30,3040},{40,3990},{50,4940},{60,5889},{70,6839},{80,7789},{100,9689},{110,10640},{120,11590},{130,12540},{140,13699},{150,15086},{160,16587},{170,18240},{180,20083},{190,22078},{200,24282}","{20,120*2},{30,250*2},{40,400*2},{50,650*3},{60,1100*3},{70,1600*3},{100,2000*3},{110,2500*3}","{20,120*2},{30,250*2},{40,400*2},{50,650*3},{60,1100*3},{70,1600*3},{100,2000*3},{110,2500*3}",0,0,0,0,"{10,210},{20,410},{30,610},{40,810},{50,1010},{60,1210},{70,1410},{80,1610},{100,2010},{110,2210},{120,2410},{130,2610},{140,2860},{150,3146},{160,3461},{170,3807},{180,4188},{190,4607},{200,5068}","{10,210},{20,410},{30,610},{40,810},{50,1010},{60,1210},{70,1410},{80,1610},{100,2010},{110,2210},{120,2410},{130,2610},{140,2860},{150,3146},{160,3461},{170,3807},{180,4188},{190,4607},{200,5068}","{10,210},{20,410},{30,610},{40,810},{50,1010},{60,1210},{70,1410},{80,1610},{100,2010},{110,2210},{120,2410},{130,2610},{140,2860},{150,3146},{160,3461},{170,3807},{180,4188},{190,4607},{200,5068}","{10,210},{20,410},{30,610},{40,810},{50,1010},{60,1210},{70,1410},{80,1610},{100,2010},{110,2210},{120,2410},{130,2610},{140,2860},{150,3146},{160,3461},{170,3807},{180,4188},{190,4607},{200,5068}","{10,210},{20,410},{30,610},{40,810},{50,1010},{60,1210},{70,1410},{80,1610},{100,2010},{110,2210},{120,2410},{130,2610},{140,2860},{150,3146},{160,3461},{170,3807},{180,4188},{190,4607},{200,5068}","{10,257},{20,300},{30,342},{40,385},{50,428},{60,471},{70,514},{80,557},{100,642},{110,685},{120,728},{130,771},{140,1103},{150,1214},{160,1335},{170,1468},{180,1615},{190,1777},{200,1955}",,
KinTrain_captain_3,"Thí Luyện Bang Hội-Mới, Thủ Lĩnh Giai Đoạn 1 (Cực yếu)",818,15,"{90,55000*38},{100,60000*38},{110,75000*38},{120,95000*38},{130,4425035},{140,5074668},{150,5809977},{160,6641601},{170,7581450},{180,8642854},{190,9840723},{200,11191737}",,0,,"{10,1140},{20,2090},{30,3040},{40,3990},{50,4940},{60,5889},{70,6839},{80,7789},{100,9689},{110,10640},{120,11590},{130,12540},{140,13699},{150,15086},{160,16587},{170,18240},{180,20083},{190,22078},{200,24282}","{20,120*2},{30,250*2},{40,400*2},{50,650*3},{60,1100*3},{70,1600*3},{100,2000*3},{110,2500*3}","{20,120*2},{30,250*2},{40,400*2},{50,650*3},{60,1100*3},{70,1600*3},{100,2000*3},{110,2500*3}",0,0,0,0,"{10,210},{20,410},{30,610},{40,810},{50,1010},{60,1210},{70,1410},{80,1610},{100,2010},{110,2210},{120,2410},{130,2610},{140,2860},{150,3146},{160,3461},{170,3807},{180,4188},{190,4607},{200,5068}","{10,210},{20,410},{30,610},{40,810},{50,1010},{60,1210},{70,1410},{80,1610},{100,2010},{110,2210},{120,2410},{130,2610},{140,2860},{150,3146},{160,3461},{170,3807},{180,4188},{190,4607},{200,5068}","{10,210},{20,410},{30,610},{40,810},{50,1010},{60,1210},{70,1410},{80,1610},{100,2010},{110,2210},{120,2410},{130,2610},{140,2860},{150,3146},{160,3461},{170,3807},{180,4188},{190,4607},{200,5068}","{10,210},{20,410},{30,610},{40,810},{50,1010},{60,1210},{70,1410},{80,1610},{100,2010},{110,2210},{120,2410},{130,2610},{140,2860},{150,3146},{160,3461},{170,3807},{180,4188},{190,4607},{200,5068}","{10,210},{20,410},{30,610},{40,810},{50,1010},{60,1210},{70,1410},{80,1610},{100,2010},{110,2210},{120,2410},{130,2610},{140,2860},{150,3146},{160,3461},{170,3807},{180,4188},{190,4607},{200,5068}","{10,257},{20,300},{30,342},{40,385},{50,428},{60,471},{70,514},{80,557},{100,642},{110,685},{120,728},{130,771},{140,1103},{150,1214},{160,1335},{170,1468},{180,1615},{190,1777},{200,1955}",,
KinFuben_Boss_2928,Phó Bản Bí Cảnh Bang Hội,819,15,"{70,16744*3*60*50},{80,23119*3*60*50},{100,40029*3*60*50},{110,50798*3*60*50},{120,63266*3*60*50},{130,77550*3*60*50},{140,88935*3*60*50},{150,101821*3*60*50},{160,1199347481},{170,1369066464},{180,1560735769},{190,1777048270},{200,2021015914}",,0,"{70,1191},{80,1323},{100,1588},{110,1720},{120,1852},{130,1985},{140,2246},{150,2471}","{10,1140},{20,2090},{30,3040},{40,3990},{50,4940},{60,5889},{70,6839},{80,7789},{100,9689},{110,10640},{120,11590},{130,12540},{140,13699},{150,15086},{160,16587},{170,18240},{180,20083},{190,22078},{200,24282}","{70,13047},{80,17041},{100,26627},{110,32218},{120,38343},{130,45000},{140,49500},{150,54450}","{70,13047},{80,17041},{100,26627},{110,32218},{120,38343},{130,45000},{140,49500},{150,54450}",0,0,0,0,"{10,210},{20,410},{30,610},{40,810},{50,1010},{60,1210},{70,1410},{80,1610},{100,2010},{110,2210},{120,2410},{130,2610},{140,2860},{150,3146},{160,3461},{170,3807},{180,4188},{190,4607},{200,5068}","{10,210},{20,410},{30,610},{40,810},{50,1010},{60,1210},{70,1410},{80,1610},{100,2010},{110,2210},{120,2410},{130,2610},{140,2860},{150,3146},{160,3461},{170,3807},{180,4188},{190,4607},{200,5068}","{10,210},{20,410},{30,610},{40,810},{50,1010},{60,1210},{70,1410},{80,1610},{100,2010},{110,2210},{120,2410},{130,2610},{140,2860},{150,3146},{160,3461},{170,3807},{180,4188},{190,4607},{200,5068}","{10,210},{20,410},{30,610},{40,810},{50,1010},{60,1210},{70,1410},{80,1610},{100,2010},{110,2210},{120,2410},{130,2610},{140,2860},{150,3146},{160,3461},{170,3807},{180,4188},{190,4607},{200,5068}","{10,210},{20,410},{30,610},{40,810},{50,1010},{60,1210},{70,1410},{80,1610},{100,2010},{110,2210},{120,2410},{130,2610},{140,2860},{150,3146},{160,3461},{170,3807},{180,4188},{190,4607},{200,5068}","{10,257},{20,300},{30,342},{40,385},{50,428},{60,471},{70,514},{80,557},{100,642},{110,685},{120,728},{130,771},{140,1103},{150,1214},{160,1335},{170,1468},{180,1615},{190,1777},{200,1955}",,
KinFuben_Boss_2929,Phó Bản Bí Cảnh Bang Hội,820,15,"{70,16744*3*60*50},{80,23119*3*60*50},{100,40029*3*60*50},{110,50798*3*60*50},{120,63266*3*60*50},{130,77550*3*60*50},{140,88935*3*60*50},{150,101821*3*60*50},{160,1199347481},{170,1369066464},{180,1560735769},{190,1777048270},{200,2021015914}",,0,"{70,1191},{80,1323},{100,1588},{110,1720},{120,1852},{130,1985},{140,2246},{150,2471}","{10,1140},{20,2090},{30,3040},{40,3990},{50,4940},{60,5889},{70,6839},{80,7789},{100,9689},{110,10640},{120,11590},{130,12540},{140,13699},{150,15086},{160,16587},{170,18240},{180,20083},{190,22078},{200,24282}","{70,13047},{80,17041},{100,26627},{110,32218},{120,38343},{130,45000},{140,49500},{150,54450}","{70,13047},{80,17041},{100,26627},{110,32218},{120,38343},{130,45000},{140,49500},{150,54450}",0,0,0,0,"{10,210},{20,410},{30,610},{40,810},{50,1010},{60,1210},{70,1410},{80,1610},{100,2010},{110,2210},{120,2410},{130,2610},{140,2860},{150,3146},{160,3461},{170,3807},{180,4188},{190,4607},{200,5068}","{10,210},{20,410},{30,610},{40,810},{50,1010},{60,1210},{70,1410},{80,1610},{100,2010},{110,2210},{120,2410},{130,2610},{140,2860},{150,3146},{160,3461},{170,3807},{180,4188},{190,4607},{200,5068}","{10,210},{20,410},{30,610},{40,810},{50,1010},{60,1210},{70,1410},{80,1610},{100,2010},{110,2210},{120,2410},{130,2610},{140,2860},{150,3146},{160,3461},{170,3807},{180,4188},{190,4607},{200,5068}","{10,210},{20,410},{30,610},{40,810},{50,1010},{60,1210},{70,1410},{80,1610},{100,2010},{110,2210},{120,2410},{130,2610},{140,2860},{150,3146},{160,3461},{170,3807},{180,4188},{190,4607},{200,5068}","{10,210},{20,410},{30,610},{40,810},{50,1010},{60,1210},{70,1410},{80,1610},{100,2010},{110,2210},{120,2410},{130,2610},{140,2860},{150,3146},{160,3461},{170,3807},{180,4188},{190,4607},{200,5068}","{10,257},{20,300},{30,342},{40,385},{50,428},{60,471},{70,514},{80,557},{100,642},{110,685},{120,728},{130,771},{140,1103},{150,1214},{160,1335},{170,1468},{180,1615},{190,1777},{200,1955}",,
KinFuben_Boss_2930,Phó Bản Bí Cảnh Bang Hội,821,15,"{70,16744*3*60*25},{80,23119*3*60*25},{100,40029*3*60*25},{110,50798*3*60*25},{120,63266*3*60*25},{130,77550*3*60*25},{140,88935*3*60*25},{150,101821*3*60*25},{160,599673740},{170,684533232},{180,780367884},{190,888524135},{200,1010507957}",,0,"{70,1191},{80,1323},{100,1588},{110,1720},{120,1852},{130,1985},{140,2246},{150,2471}","{10,1140},{20,2090},{30,3040},{40,3990},{50,4940},{60,5889},{70,6839},{80,7789},{100,9689},{110,10640},{120,11590},{130,12540},{140,13699},{150,15086},{160,16587},{170,18240},{180,20083},{190,22078},{200,24282}","{70,13047},{80,17041},{100,26627},{110,32218},{120,38343},{130,45000},{140,49500},{150,54450}","{70,13047},{80,17041},{100,26627},{110,32218},{120,38343},{130,45000},{140,49500},{150,54450}",0,0,0,0,"{10,210},{20,410},{30,610},{40,810},{50,1010},{60,1210},{70,1410},{80,1610},{100,2010},{110,2210},{120,2410},{130,2610},{140,2860},{150,3146},{160,3461},{170,3807},{180,4188},{190,4607},{200,5068}","{10,210},{20,410},{30,610},{40,810},{50,1010},{60,1210},{70,1410},{80,1610},{100,2010},{110,2210},{120,2410},{130,2610},{140,2860},{150,3146},{160,3461},{170,3807},{180,4188},{190,4607},{200,5068}","{10,210},{20,410},{30,610},{40,810},{50,1010},{60,1210},{70,1410},{80,1610},{100,2010},{110,2210},{120,2410},{130,2610},{140,2860},{150,3146},{160,3461},{170,3807},{180,4188},{190,4607},{200,5068}","{10,210},{20,410},{30,610},{40,810},{50,1010},{60,1210},{70,1410},{80,1610},{100,2010},{110,2210},{120,2410},{130,2610},{140,2860},{150,3146},{160,3461},{170,3807},{180,4188},{190,4607},{200,5068}","{10,210},{20,410},{30,610},{40,810},{50,1010},{60,1210},{70,1410},{80,1610},{100,2010},{110,2210},{120,2410},{130,2610},{140,2860},{150,3146},{160,3461},{170,3807},{180,4188},{190,4607},{200,5068}","{10,257},{20,300},{30,342},{40,385},{50,428},{60,471},{70,514},{80,557},{100,642},{110,685},{120,728},{130,771},{140,1103},{150,1214},{160,1335},{170,1468},{180,1615},{190,1777},{200,1955}",,
KinFuben_Boss_2931,Phó Bản Bí Cảnh Bang Hội,822,15,"{70,16744*3*60*25},{80,23119*3*60*25},{100,40029*3*60*25},{110,50798*3*60*25},{120,63266*3*60*25},{130,77550*3*60*25},{140,88935*3*60*25},{150,101821*3*60*25},{160,599673740},{170,684533232},{180,780367884},{190,888524135},{200,1010507957}",,0,"{70,1191},{80,1323},{100,1588},{110,1720},{120,1852},{130,1985},{140,2246},{150,2471}","{10,1140},{20,2090},{30,3040},{40,3990},{50,4940},{60,5889},{70,6839},{80,7789},{100,9689},{110,10640},{120,11590},{130,12540},{140,13699},{150,15086},{160,16587},{170,18240},{180,20083},{190,22078},{200,24282}","{70,13047},{80,17041},{100,26627},{110,32218},{120,38343},{130,45000},{140,49500},{150,54450}","{70,13047},{80,17041},{100,26627},{110,32218},{120,38343},{130,45000},{140,49500},{150,54450}",0,0,0,0,"{10,210},{20,410},{30,610},{40,810},{50,1010},{60,1210},{70,1410},{80,1610},{100,2010},{110,2210},{120,2410},{130,2610},{140,2860},{150,3146},{160,3461},{170,3807},{180,4188},{190,4607},{200,5068}","{10,210},{20,410},{30,610},{40,810},{50,1010},{60,1210},{70,1410},{80,1610},{100,2010},{110,2210},{120,2410},{130,2610},{140,2860},{150,3146},{160,3461},{170,3807},{180,4188},{190,4607},{200,5068}","{10,210},{20,410},{30,610},{40,810},{50,1010},{60,1210},{70,1410},{80,1610},{100,2010},{110,2210},{120,2410},{130,2610},{140,2860},{150,3146},{160,3461},{170,3807},{180,4188},{190,4607},{200,5068}","{10,210},{20,410},{30,610},{40,810},{50,1010},{60,1210},{70,1410},{80,1610},{100,2010},{110,2210},{120,2410},{130,2610},{140,2860},{150,3146},{160,3461},{170,3807},{180,4188},{190,4607},{200,5068}","{10,210},{20,410},{30,610},{40,810},{50,1010},{60,1210},{70,1410},{80,1610},{100,2010},{110,2210},{120,2410},{130,2610},{140,2860},{150,3146},{160,3461},{170,3807},{180,4188},{190,4607},{200,5068}","{10,257},{20,300},{30,342},{40,385},{50,428},{60,471},{70,514},{80,557},{100,642},{110,685},{120,728},{130,771},{140,1103},{150,1214},{160,1335},{170,1468},{180,1615},{190,1777},{200,1955}",,
NewKinFuben_P1_Soldier_Easy,Bí Cảnh Bang-Quái Giai Đoạn 1-Dễ,823,15,"{55,2700000*4*0.75},{65,3780000*4*0.75},{75,5400000*4*0.75},{85,7020000*4*0.75},{95,8640000*4*0.75},{105,10350000*4*0.75},{115,13500000*4*0.75},{125,16200000*4*0.75},{130,19857499*4*0.75},{140,22772749*4*0.75},{150,26072475*4*0.75},{160,29804417*4*0.75},{170,34022023*4*0.75},{180,38785107*4*0.75},{190,44160586*4*0.75},{200,50223311*4*0.75}",,0,,"{10,1140},{20,2090},{30,3040},{40,3990},{50,4940},{60,5889},{70,6839},{80,7789},{100,9689},{110,10640},{120,11590},{130,12540},{140,13699},{150,15086},{160,16587},{170,18240},{180,20083},{190,22078},{200,24282}","{20,120*5.5},{30,250*5.5},{40,400*5.5},{50,600*5.5}","{20,120*5.5},{30,250*5.5},{40,400*5.5},{50,600*5.5}",0,0,0,0,"{10,210},{20,410},{30,610},{40,810},{50,1010},{60,1210},{70,1410},{80,1610},{100,2010},{110,2210},{120,2410},{130,2610},{140,2860},{150,3146},{160,3461},{170,3807},{180,4188},{190,4607},{200,5068}","{10,210},{20,410},{30,610},{40,810},{50,1010},{60,1210},{70,1410},{80,1610},{100,2010},{110,2210},{120,2410},{130,2610},{140,2860},{150,3146},{160,3461},{170,3807},{180,4188},{190,4607},{200,5068}","{10,210},{20,410},{30,610},{40,810},{50,1010},{60,1210},{70,1410},{80,1610},{100,2010},{110,2210},{120,2410},{130,2610},{140,2860},{150,3146},{160,3461},{170,3807},{180,4188},{190,4607},{200,5068}","{10,210},{20,410},{30,610},{40,810},{50,1010},{60,1210},{70,1410},{80,1610},{100,2010},{110,2210},{120,2410},{130,2610},{140,2860},{150,3146},{160,3461},{170,3807},{180,4188},{190,4607},{200,5068}","{10,210},{20,410},{30,610},{40,810},{50,1010},{60,1210},{70,1410},{80,1610},{100,2010},{110,2210},{120,2410},{130,2610},{140,2860},{150,3146},{160,3461},{170,3807},{180,4188},{190,4607},{200,5068}","{10,257},{20,300},{30,342},{40,385},{50,428},{60,471},{70,514},{80,557},{100,642},{110,685},{120,728},{130,771},{140,1103},{150,1214},{160,1335},{170,1468},{180,1615},{190,1777},{200,1955}",,
NewKinFuben_P2_Boss_Easy,Bí Cảnh Bang-Thủ Lĩnh Giai Đoạn 2-Dễ,824,15,"{55,2700000*5*20*0.75},{65,3780000*5*20*0.75},{75,5400000*5*20*0.75},{85,7020000*5*20*0.75},{95,8640000*5*20*0.75},{105,10350000*5*20*0.75},{115,13500000*5*20*0.75},{125,16200000*5*20*0.75},{130,19857499*5*20*0.75},{140,22772749*5*20*0.75},{150,26072475*5*20*0.75},{160,29804417*5*20*0.75},{170,34022023*5*20*0.75},{180,38785107*5*20*0.75},{190,44160586*5*20*0.75},{200,50223311*5*20*0.75}",,0,,"{10,1140},{20,2090},{30,3040},{40,3990},{50,4940},{60,5889},{70,6839},{80,7789},{100,9689},{110,10640},{120,11590},{130,12540},{140,13699},{150,15086},{160,16587},{170,18240},{180,20083},{190,22078},{200,24282}","{20,120*5.5},{30,250*5.5},{40,400*5.5},{50,600*5.5}","{20,120*5.5},{30,250*5.5},{40,400*5.5},{50,600*5.5}",0,0,0,0,"{10,210},{20,410},{30,610},{40,810},{50,1010},{60,1210},{70,1410},{80,1610},{100,2010},{110,2210},{120,2410},{130,2610},{140,2860},{150,3146},{160,3461},{170,3807},{180,4188},{190,4607},{200,5068}","{10,210},{20,410},{30,610},{40,810},{50,1010},{60,1210},{70,1410},{80,1610},{100,2010},{110,2210},{120,2410},{130,2610},{140,2860},{150,3146},{160,3461},{170,3807},{180,4188},{190,4607},{200,5068}","{10,210},{20,410},{30,610},{40,810},{50,1010},{60,1210},{70,1410},{80,1610},{100,2010},{110,2210},{120,2410},{130,2610},{140,2860},{150,3146},{160,3461},{170,3807},{180,4188},{190,4607},{200,5068}","{10,210},{20,410},{30,610},{40,810},{50,1010},{60,1210},{70,1410},{80,1610},{100,2010},{110,2210},{120,2410},{130,2610},{140,2860},{150,3146},{160,3461},{170,3807},{180,4188},{190,4607},{200,5068}","{10,210},{20,410},{30,610},{40,810},{50,1010},{60,1210},{70,1410},{80,1610},{100,2010},{110,2210},{120,2410},{130,2610},{140,2860},{150,3146},{160,3461},{170,3807},{180,4188},{190,4607},{200,5068}","{10,257},{20,300},{30,342},{40,385},{50,428},{60,471},{70,514},{80,557},{100,642},{110,685},{120,728},{130,771},{140,1103},{150,1214},{160,1335},{170,1468},{180,1615},{190,1777},{200,1955}",,
NewKinFuben_P3_Boss_Easy,Bí Cảnh Bang-Thủ Lĩnh Giai Đoạn 3-Dễ,825,15,"{55,2700000*5*2*0.75},{65,3780000*5*2*0.75},{75,5400000*5*2*0.75},{85,7020000*5*2*0.75},{95,8640000*5*2*0.75},{105,10350000*5*2*0.75},{115,13500000*5*2*0.75},{125,16200000*5*2*0.75},{130,19857499*5*2*0.75},{140,22772749*5*2*0.75},{150,26072475*5*2*0.75},{160,29804417*5*2*0.75},{170,34022023*5*2*0.75},{180,38785107*5*2*0.75},{190,44160586*5*2*0.75},{200,50223311*5*2*0.75}",,0,,"{10,1140},{20,2090},{30,3040},{40,3990},{50,4940},{60,5889},{70,6839},{80,7789},{100,9689},{110,10640},{120,11590},{130,12540},{140,13699},{150,15086},{160,16587},{170,18240},{180,20083},{190,22078},{200,24282}","{20,120*5.5},{30,250*5.5},{40,400*5.5},{50,600*5.5}","{20,120*5.5},{30,250*5.5},{40,400*5.5},{50,600*5.5}",0,0,0,0,"{10,210},{20,410},{30,610},{40,810},{50,1010},{60,1210},{70,1410},{80,1610},{100,2010},{110,2210},{120,2410},{130,2610},{140,2860},{150,3146},{160,3461},{170,3807},{180,4188},{190,4607},{200,5068}","{10,210},{20,410},{30,610},{40,810},{50,1010},{60,1210},{70,1410},{80,1610},{100,2010},{110,2210},{120,2410},{130,2610},{140,2860},{150,3146},{160,3461},{170,3807},{180,4188},{190,4607},{200,5068}","{10,210},{20,410},{30,610},{40,810},{50,1010},{60,1210},{70,1410},{80,1610},{100,2010},{110,2210},{120,2410},{130,2610},{140,2860},{150,3146},{160,3461},{170,3807},{180,4188},{190,4607},{200,5068}","{10,210},{20,410},{30,610},{40,810},{50,1010},{60,1210},{70,1410},{80,1610},{100,2010},{110,2210},{120,2410},{130,2610},{140,2860},{150,3146},{160,3461},{170,3807},{180,4188},{190,4607},{200,5068}","{10,210},{20,410},{30,610},{40,810},{50,1010},{60,1210},{70,1410},{80,1610},{100,2010},{110,2210},{120,2410},{130,2610},{140,2860},{150,3146},{160,3461},{170,3807},{180,4188},{190,4607},{200,5068}","{10,257},{20,300},{30,342},{40,385},{50,428},{60,471},{70,514},{80,557},{100,642},{110,685},{120,728},{130,771},{140,1103},{150,1214},{160,1335},{170,1468},{180,1615},{190,1777},{200,1955}",,
NewKinFuben_P3_Captain_Easy,Bí Cảnh Bang-Tinh Anh Giai Đoạn 3-Dễ,826,15,"{55,2700000*0.33*4*0.75},{65,3780000*0.33*4*0.75},{75,5400000*0.33*4*0.75},{85,7020000*0.33*4*0.75},{95,8640000*0.33*4*0.75},{105,10350000*0.33*4*0.75},{115,13500000*0.33*4*0.75},{125,16200000*0.33*4*0.75},{130,19857499*0.33*4*0.75},{140,22772749*0.33*4*0.75},{150,26072475*0.33*4*0.75},{160,29804417*0.33*4*0.75},{170,34022023*0.33*4*0.75},{180,38785107*0.33*4*0.75},{190,44160586*0.33*4*0.75},{200,50223311*0.33*4*0.75}",,0,,"{10,1140},{20,2090},{30,3040},{40,3990},{50,4940},{60,5889},{70,6839},{80,7789},{100,9689},{110,10640},{120,11590},{130,12540},{140,13699},{150,15086},{160,16587},{170,18240},{180,20083},{190,22078},{200,24282}","{20,120*5.5},{30,250*5.5},{40,400*5.5},{50,600*5.5}","{20,120*5.5},{30,250*5.5},{40,400*5.5},{50,600*5.5}",0,0,0,0,"{10,210},{20,410},{30,610},{40,810},{50,1010},{60,1210},{70,1410},{80,1610},{100,2010},{110,2210},{120,2410},{130,2610},{140,2860},{150,3146},{160,3461},{170,3807},{180,4188},{190,4607},{200,5068}","{10,210},{20,410},{30,610},{40,810},{50,1010},{60,1210},{70,1410},{80,1610},{100,2010},{110,2210},{120,2410},{130,2610},{140,2860},{150,3146},{160,3461},{170,3807},{180,4188},{190,4607},{200,5068}","{10,210},{20,410},{30,610},{40,810},{50,1010},{60,1210},{70,1410},{80,1610},{100,2010},{110,2210},{120,2410},{130,2610},{140,2860},{150,3146},{160,3461},{170,3807},{180,4188},{190,4607},{200,5068}","{10,210},{20,410},{30,610},{40,810},{50,1010},{60,1210},{70,1410},{80,1610},{100,2010},{110,2210},{120,2410},{130,2610},{140,2860},{150,3146},{160,3461},{170,3807},{180,4188},{190,4607},{200,5068}","{10,210},{20,410},{30,610},{40,810},{50,1010},{60,1210},{70,1410},{80,1610},{100,2010},{110,2210},{120,2410},{130,2610},{140,2860},{150,3146},{160,3461},{170,3807},{180,4188},{190,4607},{200,5068}","{10,257},{20,300},{30,342},{40,385},{50,428},{60,471},{70,514},{80,557},{100,642},{110,685},{120,728},{130,771},{140,1103},{150,1214},{160,1335},{170,1468},{180,1615},{190,1777},{200,1955}",,
NewKinFuben_P3_Soldier_Easy,Bí Cảnh Bang-Quái Giai Đoạn 3-Dễ,827,15,"{55,2700000*0.15*0.75},{65,3780000*0.15*0.75},{75,5400000*0.15*0.75},{85,7020000*0.15*0.75},{95,8640000*0.15*0.75},{105,10350000*0.15*0.75},{115,13500000*0.15*0.75},{125,16200000*0.15*0.75},{130,19857499*0.15*0.75},{140,22772749*0.15*0.75},{150,26072475*0.15*0.75},{160,29804417*0.15*0.75},{170,34022023*0.15*0.75},{180,38785107*0.15*0.75},{190,44160586*0.15*0.75},{200,50223311*0.15*0.75}",,0,,"{10,1140},{20,2090},{30,3040},{40,3990},{50,4940},{60,5889},{70,6839},{80,7789},{100,9689},{110,10640},{120,11590},{130,12540},{140,13699},{150,15086},{160,16587},{170,18240},{180,20083},{190,22078},{200,24282}","{20,120*5.5},{30,250*5.5},{40,400*5.5},{50,600*5.5}","{20,120*5.5},{30,250*5.5},{40,400*5.5},{50,600*5.5}",0,0,0,0,"{10,210},{20,410},{30,610},{40,810},{50,1010},{60,1210},{70,1410},{80,1610},{100,2010},{110,2210},{120,2410},{130,2610},{140,2860},{150,3146},{160,3461},{170,3807},{180,4188},{190,4607},{200,5068}","{10,210},{20,410},{30,610},{40,810},{50,1010},{60,1210},{70,1410},{80,1610},{100,2010},{110,2210},{120,2410},{130,2610},{140,2860},{150,3146},{160,3461},{170,3807},{180,4188},{190,4607},{200,5068}","{10,210},{20,410},{30,610},{40,810},{50,1010},{60,1210},{70,1410},{80,1610},{100,2010},{110,2210},{120,2410},{130,2610},{140,2860},{150,3146},{160,3461},{170,3807},{180,4188},{190,4607},{200,5068}","{10,210},{20,410},{30,610},{40,810},{50,1010},{60,1210},{70,1410},{80,1610},{100,2010},{110,2210},{120,2410},{130,2610},{140,2860},{150,3146},{160,3461},{170,3807},{180,4188},{190,4607},{200,5068}","{10,210},{20,410},{30,610},{40,810},{50,1010},{60,1210},{70,1410},{80,1610},{100,2010},{110,2210},{120,2410},{130,2610},{140,2860},{150,3146},{160,3461},{170,3807},{180,4188},{190,4607},{200,5068}","{10,257},{20,300},{30,342},{40,385},{50,428},{60,471},{70,514},{80,557},{100,642},{110,685},{120,728},{130,771},{140,1103},{150,1214},{160,1335},{170,1468},{180,1615},{190,1777},{200,1955}",,
NewKinFuben_P1_Soldier_Normal,Bí Cảnh Bang-Quái Giai Đoạn 1-Thường,828,15,"{55,2700000*4*3},{65,3780000*4*3},{75,5400000*4*3},{85,7020000*4*3},{95,8640000*4*3},{105,10350000*4*3},{115,13500000*4*3},{125,16200000*4*3},{130,19857499*4*3},{140,22772749*4*3},{150,26072475*4*3},{160,29804417*4*3},{170,34022023*4*3},{180,38785107*4*3},{190,44160586*4*3},{200,50223311*4*3}",,0,,"{10,1140},{20,2090},{30,3040},{40,3990},{50,4940},{60,5889},{70,6839},{80,7789},{100,9689},{110,10640},{120,11590},{130,12540},{140,13699},{150,15086},{160,16587},{170,18240},{180,20083},{190,22078},{200,24282}","{20,120*5.5},{30,250*5.5},{40,400*5.5},{50,600*5.5}","{20,120*5.5},{30,250*5.5},{40,400*5.5},{50,600*5.5}",0,0,0,0,"{10,210},{20,410},{30,610},{40,810},{50,1010},{60,1210},{70,1410},{80,1610},{100,2010},{110,2210},{120,2410},{130,2610},{140,2860},{150,3146},{160,3461},{170,3807},{180,4188},{190,4607},{200,5068}","{10,210},{20,410},{30,610},{40,810},{50,1010},{60,1210},{70,1410},{80,1610},{100,2010},{110,2210},{120,2410},{130,2610},{140,2860},{150,3146},{160,3461},{170,3807},{180,4188},{190,4607},{200,5068}","{10,210},{20,410},{30,610},{40,810},{50,1010},{60,1210},{70,1410},{80,1610},{100,2010},{110,2210},{120,2410},{130,2610},{140,2860},{150,3146},{160,3461},{170,3807},{180,4188},{190,4607},{200,5068}","{10,210},{20,410},{30,610},{40,810},{50,1010},{60,1210},{70,1410},{80,1610},{100,2010},{110,2210},{120,2410},{130,2610},{140,2860},{150,3146},{160,3461},{170,3807},{180,4188},{190,4607},{200,5068}","{10,210},{20,410},{30,610},{40,810},{50,1010},{60,1210},{70,1410},{80,1610},{100,2010},{110,2210},{120,2410},{130,2610},{140,2860},{150,3146},{160,3461},{170,3807},{180,4188},{190,4607},{200,5068}","{10,257},{20,300},{30,342},{40,385},{50,428},{60,471},{70,514},{80,557},{100,642},{110,685},{120,728},{130,771},{140,1103},{150,1214},{160,1335},{170,1468},{180,1615},{190,1777},{200,1955}",,
NewKinFuben_P2_Boss_Normal,Bí Cảnh Bang-Thủ Lĩnh Giai Đoạn 2-Thường,829,15,"{55,2700000*5*60},{65,3780000*5*60},{75,5400000*5*60},{85,7020000*5*60},{95,8640000*5*60},{105,10350000*5*60},{115,13500000*5*60},{125,16200000*5*60},{130,19857499*5*60},{140,22772749*5*60},{150,26072475*5*60},{160,29804417*5*60},{170,34022023*5*60},{180,38785107*5*60},{190,44160586*5*60},{200,50223311*5*60}",,0,,"{10,1140},{20,2090},{30,3040},{40,3990},{50,4940},{60,5889},{70,6839},{80,7789},{100,9689},{110,10640},{120,11590},{130,12540},{140,13699},{150,15086},{160,16587},{170,18240},{180,20083},{190,22078},{200,24282}","{20,120*5.5},{30,250*5.5},{40,400*5.5},{50,600*5.5}","{20,120*5.5},{30,250*5.5},{40,400*5.5},{50,600*5.5}",0,0,0,0,"{10,210},{20,410},{30,610},{40,810},{50,1010},{60,1210},{70,1410},{80,1610},{100,2010},{110,2210},{120,2410},{130,2610},{140,2860},{150,3146},{160,3461},{170,3807},{180,4188},{190,4607},{200,5068}","{10,210},{20,410},{30,610},{40,810},{50,1010},{60,1210},{70,1410},{80,1610},{100,2010},{110,2210},{120,2410},{130,2610},{140,2860},{150,3146},{160,3461},{170,3807},{180,4188},{190,4607},{200,5068}","{10,210},{20,410},{30,610},{40,810},{50,1010},{60,1210},{70,1410},{80,1610},{100,2010},{110,2210},{120,2410},{130,2610},{140,2860},{150,3146},{160,3461},{170,3807},{180,4188},{190,4607},{200,5068}","{10,210},{20,410},{30,610},{40,810},{50,1010},{60,1210},{70,1410},{80,1610},{100,2010},{110,2210},{120,2410},{130,2610},{140,2860},{150,3146},{160,3461},{170,3807},{180,4188},{190,4607},{200,5068}","{10,210},{20,410},{30,610},{40,810},{50,1010},{60,1210},{70,1410},{80,1610},{100,2010},{110,2210},{120,2410},{130,2610},{140,2860},{150,3146},{160,3461},{170,3807},{180,4188},{190,4607},{200,5068}","{10,257},{20,300},{30,342},{40,385},{50,428},{60,471},{70,514},{80,557},{100,642},{110,685},{120,728},{130,771},{140,1103},{150,1214},{160,1335},{170,1468},{180,1615},{190,1777},{200,1955}",,
NewKinFuben_P3_Boss_Normal,Bí Cảnh Bang-Thủ Lĩnh Giai Đoạn 3-Thường,830,15,"{55,2700000*5*2},{65,3780000*5*2},{75,5400000*5*2},{85,7020000*5*2},{95,8640000*5*2},{105,10350000*5*2},{115,13500000*5*2},{125,16200000*5*2},{130,19857499*5*2},{140,22772749*5*2},{150,26072475*5*2},{160,29804417*5*2},{170,34022023*5*2},{180,38785107*5*2},{190,44160586*5*2},{200,50223311*5*2}",,0,,"{10,1140},{20,2090},{30,3040},{40,3990},{50,4940},{60,5889},{70,6839},{80,7789},{100,9689},{110,10640},{120,11590},{130,12540},{140,13699},{150,15086},{160,16587},{170,18240},{180,20083},{190,22078},{200,24282}","{20,120*5.5},{30,250*5.5},{40,400*5.5},{50,600*5.5}","{20,120*5.5},{30,250*5.5},{40,400*5.5},{50,600*5.5}",0,0,0,0,"{10,210},{20,410},{30,610},{40,810},{50,1010},{60,1210},{70,1410},{80,1610},{100,2010},{110,2210},{120,2410},{130,2610},{140,2860},{150,3146},{160,3461},{170,3807},{180,4188},{190,4607},{200,5068}","{10,210},{20,410},{30,610},{40,810},{50,1010},{60,1210},{70,1410},{80,1610},{100,2010},{110,2210},{120,2410},{130,2610},{140,2860},{150,3146},{160,3461},{170,3807},{180,4188},{190,4607},{200,5068}","{10,210},{20,410},{30,610},{40,810},{50,1010},{60,1210},{70,1410},{80,1610},{100,2010},{110,2210},{120,2410},{130,2610},{140,2860},{150,3146},{160,3461},{170,3807},{180,4188},{190,4607},{200,5068}","{10,210},{20,410},{30,610},{40,810},{50,1010},{60,1210},{70,1410},{80,1610},{100,2010},{110,2210},{120,2410},{130,2610},{140,2860},{150,3146},{160,3461},{170,3807},{180,4188},{190,4607},{200,5068}","{10,210},{20,410},{30,610},{40,810},{50,1010},{60,1210},{70,1410},{80,1610},{100,2010},{110,2210},{120,2410},{130,2610},{140,2860},{150,3146},{160,3461},{170,3807},{180,4188},{190,4607},{200,5068}","{10,257},{20,300},{30,342},{40,385},{50,428},{60,471},{70,514},{80,557},{100,642},{110,685},{120,728},{130,771},{140,1103},{150,1214},{160,1335},{170,1468},{180,1615},{190,1777},{200,1955}",,
NewKinFuben_P3_Captain_Normal,Bí Cảnh Bang-Tinh Anh Giai Đoạn 3-Thường,831,15,"{55,2700000*0.33*12},{65,3780000*0.33*12},{75,5400000*0.33*12},{85,7020000*0.33*12},{95,8640000*0.33*12},{105,10350000*0.33*12},{115,13500000*0.33*12},{125,16200000*0.33*12},{130,19857499*0.33*12},{140,22772749*0.33*12},{150,26072475*0.33*12},{160,29804417*0.33*12},{170,34022023*0.33*12},{180,38785107*0.33*12},{190,44160586*0.33*12},{200,50223311*0.33*12}",,0,,"{10,1140},{20,2090},{30,3040},{40,3990},{50,4940},{60,5889},{70,6839},{80,7789},{100,9689},{110,10640},{120,11590},{130,12540},{140,13699},{150,15086},{160,16587},{170,18240},{180,20083},{190,22078},{200,24282}","{20,120*5.5},{30,250*5.5},{40,400*5.5},{50,600*5.5}","{20,120*5.5},{30,250*5.5},{40,400*5.5},{50,600*5.5}",0,0,0,0,"{10,210},{20,410},{30,610},{40,810},{50,1010},{60,1210},{70,1410},{80,1610},{100,2010},{110,2210},{120,2410},{130,2610},{140,2860},{150,3146},{160,3461},{170,3807},{180,4188},{190,4607},{200,5068}","{10,210},{20,410},{30,610},{40,810},{50,1010},{60,1210},{70,1410},{80,1610},{100,2010},{110,2210},{120,2410},{130,2610},{140,2860},{150,3146},{160,3461},{170,3807},{180,4188},{190,4607},{200,5068}","{10,210},{20,410},{30,610},{40,810},{50,1010},{60,1210},{70,1410},{80,1610},{100,2010},{110,2210},{120,2410},{130,2610},{140,2860},{150,3146},{160,3461},{170,3807},{180,4188},{190,4607},{200,5068}","{10,210},{20,410},{30,610},{40,810},{50,1010},{60,1210},{70,1410},{80,1610},{100,2010},{110,2210},{120,2410},{130,2610},{140,2860},{150,3146},{160,3461},{170,3807},{180,4188},{190,4607},{200,5068}","{10,210},{20,410},{30,610},{40,810},{50,1010},{60,1210},{70,1410},{80,1610},{100,2010},{110,2210},{120,2410},{130,2610},{140,2860},{150,3146},{160,3461},{170,3807},{180,4188},{190,4607},{200,5068}","{10,257},{20,300},{30,342},{40,385},{50,428},{60,471},{70,514},{80,557},{100,642},{110,685},{120,728},{130,771},{140,1103},{150,1214},{160,1335},{170,1468},{180,1615},{190,1777},{200,1955}",,
NewKinFuben_P3_Soldier_Normal,Bí Cảnh Bang-Quái Giai Đoạn 3-Thường,832,15,"{55,2700000*0.15*3},{65,3780000*0.15*3},{75,5400000*0.15*3},{85,7020000*0.15*3},{95,8640000*0.15*3},{105,10350000*0.15*3},{115,13500000*0.15*3},{125,16200000*0.15*3},{130,19857499*0.15*3},{140,22772749*0.15*3},{150,26072475*0.15*3},{160,29804417*0.15*3},{170,34022023*0.15*3},{180,38785107*0.15*3},{190,44160586*0.15*3},{200,50223311*0.15*3}",,0,,"{10,1140},{20,2090},{30,3040},{40,3990},{50,4940},{60,5889},{70,6839},{80,7789},{100,9689},{110,10640},{120,11590},{130,12540},{140,13699},{150,15086},{160,16587},{170,18240},{180,20083},{190,22078},{200,24282}","{20,120*5.5},{30,250*5.5},{40,400*5.5},{50,600*5.5}","{20,120*5.5},{30,250*5.5},{40,400*5.5},{50,600*5.5}",0,0,0,0,"{10,210},{20,410},{30,610},{40,810},{50,1010},{60,1210},{70,1410},{80,1610},{100,2010},{110,2210},{120,2410},{130,2610},{140,2860},{150,3146},{160,3461},{170,3807},{180,4188},{190,4607},{200,5068}","{10,210},{20,410},{30,610},{40,810},{50,1010},{60,1210},{70,1410},{80,1610},{100,2010},{110,2210},{120,2410},{130,2610},{140,2860},{150,3146},{160,3461},{170,3807},{180,4188},{190,4607},{200,5068}","{10,210},{20,410},{30,610},{40,810},{50,1010},{60,1210},{70,1410},{80,1610},{100,2010},{110,2210},{120,2410},{130,2610},{140,2860},{150,3146},{160,3461},{170,3807},{180,4188},{190,4607},{200,5068}","{10,210},{20,410},{30,610},{40,810},{50,1010},{60,1210},{70,1410},{80,1610},{100,2010},{110,2210},{120,2410},{130,2610},{140,2860},{150,3146},{160,3461},{170,3807},{180,4188},{190,4607},{200,5068}","{10,210},{20,410},{30,610},{40,810},{50,1010},{60,1210},{70,1410},{80,1610},{100,2010},{110,2210},{120,2410},{130,2610},{140,2860},{150,3146},{160,3461},{170,3807},{180,4188},{190,4607},{200,5068}","{10,257},{20,300},{30,342},{40,385},{50,428},{60,471},{70,514},{80,557},{100,642},{110,685},{120,728},{130,771},{140,1103},{150,1214},{160,1335},{170,1468},{180,1615},{190,1777},{200,1955}",,
NewKinFuben_P1_Soldier_Hard,Bí Cảnh Bang-Quái Giai Đoạn 1-Khó,833,15,"{55,2700000*4*4.5},{65,3780000*4*4.5},{75,5400000*4*4.5},{85,7020000*4*4.5},{95,8640000*4*4.5},{105,10350000*4*4.5},{115,13500000*4*4.5},{125,16200000*4*4.5},{130,19857499*4*4.5},{140,22772749*4*4.5},{150,26072475*4*4.5},{160,29804417*4*4.5},{170,34022023*4*4.5},{180,38785107*4*4.5},{190,44160586*4*4.5},{200,50223311*4*4.5}",,0,,"{10,1140},{20,2090},{30,3040},{40,3990},{50,4940},{60,5889},{70,6839},{80,7789},{100,9689},{110,10640},{120,11590},{130,12540},{140,13699},{150,15086},{160,16587},{170,18240},{180,20083},{190,22078},{200,24282}","{20,120*5.5},{30,250*5.5},{40,400*5.5},{50,600*5.5}","{20,120*5.5},{30,250*5.5},{40,400*5.5},{50,600*5.5}",0,0,0,0,"{10,210},{20,410},{30,610},{40,810},{50,1010},{60,1210},{70,1410},{80,1610},{100,2010},{110,2210},{120,2410},{130,2610},{140,2860},{150,3146},{160,3461},{170,3807},{180,4188},{190,4607},{200,5068}","{10,210},{20,410},{30,610},{40,810},{50,1010},{60,1210},{70,1410},{80,1610},{100,2010},{110,2210},{120,2410},{130,2610},{140,2860},{150,3146},{160,3461},{170,3807},{180,4188},{190,4607},{200,5068}","{10,210},{20,410},{30,610},{40,810},{50,1010},{60,1210},{70,1410},{80,1610},{100,2010},{110,2210},{120,2410},{130,2610},{140,2860},{150,3146},{160,3461},{170,3807},{180,4188},{190,4607},{200,5068}","{10,210},{20,410},{30,610},{40,810},{50,1010},{60,1210},{70,1410},{80,1610},{100,2010},{110,2210},{120,2410},{130,2610},{140,2860},{150,3146},{160,3461},{170,3807},{180,4188},{190,4607},{200,5068}","{10,210},{20,410},{30,610},{40,810},{50,1010},{60,1210},{70,1410},{80,1610},{100,2010},{110,2210},{120,2410},{130,2610},{140,2860},{150,3146},{160,3461},{170,3807},{180,4188},{190,4607},{200,5068}","{10,257},{20,300},{30,342},{40,385},{50,428},{60,471},{70,514},{80,557},{100,642},{110,685},{120,728},{130,771},{140,1103},{150,1214},{160,1335},{170,1468},{180,1615},{190,1777},{200,1955}",,
NewKinFuben_P2_Boss_Hard,Bí Cảnh Bang-Thủ Lĩnh Giai Đoạn 2-Khó,834,15,"{55,2700000*5*90},{65,3780000*5*90},{75,5400000*5*90},{85,7020000*5*90},{95,8640000*5*90},{105,10350000*5*90},{115,13500000*5*90},{125,16200000*5*90},{130,19857499*5*90},{140,22772749*5*90},{150,26072475*5*90},{160,29804417*5*90},{170,34022023*5*90},{180,38785107*5*90},{190,44160586*5*90},{200,50223311*5*90}",,0,,"{10,1140},{20,2090},{30,3040},{40,3990},{50,4940},{60,5889},{70,6839},{80,7789},{100,9689},{110,10640},{120,11590},{130,12540},{140,13699},{150,15086},{160,16587},{170,18240},{180,20083},{190,22078},{200,24282}","{20,120*5.5},{30,250*5.5},{40,400*5.5},{50,600*5.5}","{20,120*5.5},{30,250*5.5},{40,400*5.5},{50,600*5.5}",0,0,0,0,"{10,210},{20,410},{30,610},{40,810},{50,1010},{60,1210},{70,1410},{80,1610},{100,2010},{110,2210},{120,2410},{130,2610},{140,2860},{150,3146},{160,3461},{170,3807},{180,4188},{190,4607},{200,5068}","{10,210},{20,410},{30,610},{40,810},{50,1010},{60,1210},{70,1410},{80,1610},{100,2010},{110,2210},{120,2410},{130,2610},{140,2860},{150,3146},{160,3461},{170,3807},{180,4188},{190,4607},{200,5068}","{10,210},{20,410},{30,610},{40,810},{50,1010},{60,1210},{70,1410},{80,1610},{100,2010},{110,2210},{120,2410},{130,2610},{140,2860},{150,3146},{160,3461},{170,3807},{180,4188},{190,4607},{200,5068}","{10,210},{20,410},{30,610},{40,810},{50,1010},{60,1210},{70,1410},{80,1610},{100,2010},{110,2210},{120,2410},{130,2610},{140,2860},{150,3146},{160,3461},{170,3807},{180,4188},{190,4607},{200,5068}","{10,210},{20,410},{30,610},{40,810},{50,1010},{60,1210},{70,1410},{80,1610},{100,2010},{110,2210},{120,2410},{130,2610},{140,2860},{150,3146},{160,3461},{170,3807},{180,4188},{190,4607},{200,5068}","{10,257},{20,300},{30,342},{40,385},{50,428},{60,471},{70,514},{80,557},{100,642},{110,685},{120,728},{130,771},{140,1103},{150,1214},{160,1335},{170,1468},{180,1615},{190,1777},{200,1955}",,
NewKinFuben_P3_Boss_Hard,Bí Cảnh Bang-Thủ Lĩnh Giai Đoạn 3-Khó,835,15,"{55,2700000*5*2},{65,3780000*5*2},{75,5400000*5*2},{85,7020000*5*2},{95,8640000*5*2},{105,10350000*5*2},{115,13500000*5*2},{125,16200000*5*2},{130,19857499*5*2},{140,22772749*5*2},{150,26072475*5*2},{160,29804417*5*2},{170,34022023*5*2},{180,38785107*5*2},{190,44160586*5*2},{200,50223311*5*2}",,0,,"{10,1140},{20,2090},{30,3040},{40,3990},{50,4940},{60,5889},{70,6839},{80,7789},{100,9689},{110,10640},{120,11590},{130,12540},{140,13699},{150,15086},{160,16587},{170,18240},{180,20083},{190,22078},{200,24282}","{20,120*5.5},{30,250*5.5},{40,400*5.5},{50,600*5.5}","{20,120*5.5},{30,250*5.5},{40,400*5.5},{50,600*5.5}",0,0,0,0,"{10,210},{20,410},{30,610},{40,810},{50,1010},{60,1210},{70,1410},{80,1610},{100,2010},{110,2210},{120,2410},{130,2610},{140,2860},{150,3146},{160,3461},{170,3807},{180,4188},{190,4607},{200,5068}","{10,210},{20,410},{30,610},{40,810},{50,1010},{60,1210},{70,1410},{80,1610},{100,2010},{110,2210},{120,2410},{130,2610},{140,2860},{150,3146},{160,3461},{170,3807},{180,4188},{190,4607},{200,5068}","{10,210},{20,410},{30,610},{40,810},{50,1010},{60,1210},{70,1410},{80,1610},{100,2010},{110,2210},{120,2410},{130,2610},{140,2860},{150,3146},{160,3461},{170,3807},{180,4188},{190,4607},{200,5068}","{10,210},{20,410},{30,610},{40,810},{50,1010},{60,1210},{70,1410},{80,1610},{100,2010},{110,2210},{120,2410},{130,2610},{140,2860},{150,3146},{160,3461},{170,3807},{180,4188},{190,4607},{200,5068}","{10,210},{20,410},{30,610},{40,810},{50,1010},{60,1210},{70,1410},{80,1610},{100,2010},{110,2210},{120,2410},{130,2610},{140,2860},{150,3146},{160,3461},{170,3807},{180,4188},{190,4607},{200,5068}","{10,257},{20,300},{30,342},{40,385},{50,428},{60,471},{70,514},{80,557},{100,642},{110,685},{120,728},{130,771},{140,1103},{150,1214},{160,1335},{170,1468},{180,1615},{190,1777},{200,1955}",,
NewKinFuben_P3_Captain_Hard,Bí Cảnh Bang-Tinh Anh Giai Đoạn 3-Khó,836,15,"{55,2700000*0.33*18},{65,3780000*0.33*18},{75,5400000*0.33*18},{85,7020000*0.33*18},{95,8640000*0.33*18},{105,10350000*0.33*18},{115,13500000*0.33*18},{125,16200000*0.33*18},{130,19857499*0.33*18},{140,22772749*0.33*18},{150,26072475*0.33*18},{160,29804417*0.33*18},{170,34022023*0.33*18},{180,38785107*0.33*18},{190,44160586*0.33*18},{200,50223311*0.33*18}",,0,,"{10,1140},{20,2090},{30,3040},{40,3990},{50,4940},{60,5889},{70,6839},{80,7789},{100,9689},{110,10640},{120,11590},{130,12540},{140,13699},{150,15086},{160,16587},{170,18240},{180,20083},{190,22078},{200,24282}","{20,120*5.5},{30,250*5.5},{40,400*5.5},{50,600*5.5}","{20,120*5.5},{30,250*5.5},{40,400*5.5},{50,600*5.5}",0,0,0,0,"{10,210},{20,410},{30,610},{40,810},{50,1010},{60,1210},{70,1410},{80,1610},{100,2010},{110,2210},{120,2410},{130,2610},{140,2860},{150,3146},{160,3461},{170,3807},{180,4188},{190,4607},{200,5068}","{10,210},{20,410},{30,610},{40,810},{50,1010},{60,1210},{70,1410},{80,1610},{100,2010},{110,2210},{120,2410},{130,2610},{140,2860},{150,3146},{160,3461},{170,3807},{180,4188},{190,4607},{200,5068}","{10,210},{20,410},{30,610},{40,810},{50,1010},{60,1210},{70,1410},{80,1610},{100,2010},{110,2210},{120,2410},{130,2610},{140,2860},{150,3146},{160,3461},{170,3807},{180,4188},{190,4607},{200,5068}","{10,210},{20,410},{30,610},{40,810},{50,1010},{60,1210},{70,1410},{80,1610},{100,2010},{110,2210},{120,2410},{130,2610},{140,2860},{150,3146},{160,3461},{170,3807},{180,4188},{190,4607},{200,5068}","{10,210},{20,410},{30,610},{40,810},{50,1010},{60,1210},{70,1410},{80,1610},{100,2010},{110,2210},{120,2410},{130,2610},{140,2860},{150,3146},{160,3461},{170,3807},{180,4188},{190,4607},{200,5068}","{10,257},{20,300},{30,342},{40,385},{50,428},{60,471},{70,514},{80,557},{100,642},{110,685},{120,728},{130,771},{140,1103},{150,1214},{160,1335},{170,1468},{180,1615},{190,1777},{200,1955}",,
NewKinFuben_P3_Soldier_Hard,Bí Cảnh Bang-Quái Giai Đoạn 3-Khó,837,15,"{55,2700000*0.15*3},{65,3780000*0.15*3},{75,5400000*0.15*3},{85,7020000*0.15*3},{95,8640000*0.15*3},{105,10350000*0.15*3},{115,13500000*0.15*3},{125,16200000*0.15*3},{130,19857499*0.15*3},{140,22772749*0.15*3},{150,26072475*0.15*3},{160,29804417*0.15*3},{170,34022023*0.15*3},{180,38785107*0.15*3},{190,44160586*0.15*3},{200,50223311*0.15*3}",,0,,"{10,1140},{20,2090},{30,3040},{40,3990},{50,4940},{60,5889},{70,6839},{80,7789},{100,9689},{110,10640},{120,11590},{130,12540},{140,13699},{150,15086},{160,16587},{170,18240},{180,20083},{190,22078},{200,24282}","{20,120*5.5},{30,250*5.5},{40,400*5.5},{50,600*5.5}","{20,120*5.5},{30,250*5.5},{40,400*5.5},{50,600*5.5}",0,0,0,0,"{10,210},{20,410},{30,610},{40,810},{50,1010},{60,1210},{70,1410},{80,1610},{100,2010},{110,2210},{120,2410},{130,2610},{140,2860},{150,3146},{160,3461},{170,3807},{180,4188},{190,4607},{200,5068}","{10,210},{20,410},{30,610},{40,810},{50,1010},{60,1210},{70,1410},{80,1610},{100,2010},{110,2210},{120,2410},{130,2610},{140,2860},{150,3146},{160,3461},{170,3807},{180,4188},{190,4607},{200,5068}","{10,210},{20,410},{30,610},{40,810},{50,1010},{60,1210},{70,1410},{80,1610},{100,2010},{110,2210},{120,2410},{130,2610},{140,2860},{150,3146},{160,3461},{170,3807},{180,4188},{190,4607},{200,5068}","{10,210},{20,410},{30,610},{40,810},{50,1010},{60,1210},{70,1410},{80,1610},{100,2010},{110,2210},{120,2410},{130,2610},{140,2860},{150,3146},{160,3461},{170,3807},{180,4188},{190,4607},{200,5068}","{10,210},{20,410},{30,610},{40,810},{50,1010},{60,1210},{70,1410},{80,1610},{100,2010},{110,2210},{120,2410},{130,2610},{140,2860},{150,3146},{160,3461},{170,3807},{180,4188},{190,4607},{200,5068}","{10,257},{20,300},{30,342},{40,385},{50,428},{60,471},{70,514},{80,557},{100,642},{110,685},{120,728},{130,771},{140,1103},{150,1214},{160,1335},{170,1468},{180,1615},{190,1777},{200,1955}",,
KinFuben_TanLong_1,Quái nhỏ Thám Long Uyên,838,15,"{20,3000*40},{30,4000*40},{40,6000*40},{50,12000*40},{60,20000*40},{70,30000*40},{80,55000*40},{90,80000*40},{100,130000*40},{110,200000*40},{120,300000*40},{130,350000*40},{140,450000*40},{150,550000*40},{160,650000*40},{170,750000*40},{180,900000*40},{190,1200000*40},{200,1500000*50},{220,2100000*70},{240,2700000*90},{260,3300000*120},{280,3900000*140},{300,4500000*160},{310,4800000*180},{320,5100000*200},{330,5200000*200}",,0,0,"{10,50000}","{20,120},{30,200},{40,700},{50,1200},{60,1600},{70,2000},{80,2400},{90,2800},{100,3200},{110,4000}","{20,120},{30,200},{40,700},{50,1200},{60,1600},{70,2000},{80,2400},{90,2800},{100,3200},{110,4000}",0,0,0,0,"{10,200},{20,400},{30,600},{40,800},{50,1000},{60,1300},{70,1600},{80,2000},{100,3000},{110,4000},{120,5000},{130,6000},{140,7000},{150,7500},{160,8000},{170,8500},{180,9000},{190,9500},{200,10000}","{10,200},{20,400},{30,600},{40,800},{50,1000},{60,1300},{70,1600},{80,2000},{100,3000},{110,4000},{120,5000},{130,6000},{140,7000},{150,7500},{160,8000},{170,8500},{180,9000},{190,9500},{200,10000}","{10,200},{20,400},{30,600},{40,800},{50,1000},{60,1300},{70,1600},{80,2000},{100,3000},{110,4000},{120,5000},{130,6000},{140,7000},{150,7500},{160,8000},{170,8500},{180,9000},{190,9500},{200,10000}","{10,200},{20,400},{30,600},{40,800},{50,1000},{60,1300},{70,1600},{80,2000},{100,3000},{110,4000},{120,5000},{130,6000},{140,7000},{150,7500},{160,8000},{170,8500},{180,9000},{190,9500},{200,10000}","{10,200},{20,400},{30,600},{40,800},{50,1000},{60,1300},{70,1600},{80,2000},{100,3000},{110,4000},{120,5000},{130,6000},{140,7000},{150,7500},{160,8000},{170,8500},{180,9000},{190,9500},{200,10000}","{10,257},{20,300},{30,342},{40,385},{50,428},{60,471},{70,514},{80,557},{100,642},{110,685},{120,728},{130,771},{140,1103},{150,1214},{160,1335},{170,1468},{180,1615},{190,1777},{200,1955}",,
KinFuben_TanLong_2,BOSS Thám Long Uyên,839,15,"{20,1200000*0.5},{30,1440000*0.5},{40,3600000*0.5},{50,7200000*0.5},{60,14400000*0.5},{70,21600000*0.5},{80,30000000*0.5},{90,36000000*0.5},{100,43200000*0.5},{110,54000000*2},{120,72000000*2},{130,88000000*2},{140,101000000*2},{150,115000000*2},{160,132000000*2},{170,151000000*2},{180,172000000*2},{190,196000000*2},{200,223000000*2},{220,554000000*2},{240,992000000*2},{260,1530000000*2},{280,2190000000*2},{300,2460000000*2},{320,3820000000*2},{340,5400000000*2},{350,6270000000*2},{360,6540000000*2}",,0,0,"{10,50000}","{20,120},{30,200},{40,700},{50,1200},{60,1600},{70,2000},{80,2400},{90,2800},{100,3200},{110,4000}","{20,120},{30,200},{40,700},{50,1200},{60,1600},{70,2000},{80,2400},{90,2800},{100,3200},{110,4000}",0,0,0,0,"{10,200},{20,400},{30,600},{40,800},{50,1000},{60,1300},{70,1600},{80,2000},{100,3000},{110,4000},{120,5000},{130,6000},{140,7000},{150,7500},{160,8000},{170,8500},{180,9000},{190,9500},{200,10000}","{10,200},{20,400},{30,600},{40,800},{50,1000},{60,1300},{70,1600},{80,2000},{100,3000},{110,4000},{120,5000},{130,6000},{140,7000},{150,7500},{160,8000},{170,8500},{180,9000},{190,9500},{200,10000}","{10,200},{20,400},{30,600},{40,800},{50,1000},{60,1300},{70,1600},{80,2000},{100,3000},{110,4000},{120,5000},{130,6000},{140,7000},{150,7500},{160,8000},{170,8500},{180,9000},{190,9500},{200,10000}","{10,200},{20,400},{30,600},{40,800},{50,1000},{60,1300},{70,1600},{80,2000},{100,3000},{110,4000},{120,5000},{130,6000},{140,7000},{150,7500},{160,8000},{170,8500},{180,9000},{190,9500},{200,10000}","{10,200},{20,400},{30,600},{40,800},{50,1000},{60,1300},{70,1600},{80,2000},{100,3000},{110,4000},{120,5000},{130,6000},{140,7000},{150,7500},{160,8000},{170,8500},{180,9000},{190,9500},{200,10000}","{10,257},{20,300},{30,342},{40,385},{50,428},{60,471},{70,514},{80,557},{100,642},{110,685},{120,728},{130,771},{140,1105},{150,1214},{160,1335},{170,1468},{180,1615},{190,1777},{200,1955}",,
Qymj_normal,Bí Cảnh Kỳ Ngộ-Thường,901,15,"{5,300},{10,600},{20,3000},{30,4000},{40,6000},{100,80000},{110,150000},{120,200000},{130,300000},{140,400000},{150,500000},{160,600000},{170,750000},{180,900000},{190,1000000},{200,1200000}",,0,0,"{10,50000}","{10,60},{20,120},{30,180},{40,350},{50,520},{100,1000},{110,1100}","{10,60},{20,120},{30,180},{40,350},{50,520},{100,1000},{110,1100}",0,0,0,0,"{10,200},{20,400},{30,600},{40,800},{50,1000},{60,1300},{70,1600},{80,2000},{100,3000},{110,4000},{120,5000},{130,6000},{140,7000},{150,7500},{160,8000},{170,8500},{180,9000},{190,9500},{200,10000}","{10,200},{20,400},{30,600},{40,800},{50,1000},{60,1300},{70,1600},{80,2000},{100,3000},{110,4000},{120,5000},{130,6000},{140,7000},{150,7500},{160,8000},{170,8500},{180,9000},{190,9500},{200,10000}","{10,200},{20,400},{30,600},{40,800},{50,1000},{60,1300},{70,1600},{80,2000},{100,3000},{110,4000},{120,5000},{130,6000},{140,7000},{150,7500},{160,8000},{170,8500},{180,9000},{190,9500},{200,10000}","{10,200},{20,400},{30,600},{40,800},{50,1000},{60,1300},{70,1600},{80,2000},{100,3000},{110,4000},{120,5000},{130,6000},{140,7000},{150,7500},{160,8000},{170,8500},{180,9000},{190,9500},{200,10000}","{10,200},{20,400},{30,600},{40,800},{50,1000},{60,1300},{70,1600},{80,2000},{100,3000},{110,4000},{120,5000},{130,6000},{140,7000},{150,7500},{160,8000},{170,8500},{180,9000},{190,9500},{200,10000}","{10,257},{20,300},{30,342},{40,385},{50,428},{60,471},{70,514},{80,557},{100,642},{110,685},{120,728},{130,771},{140,1103},{150,1214},{160,1335},{170,1468},{180,1615},{190,1777},{200,1955}",,
Qymj_elite,Bí Cảnh Kỳ Ngộ Tinh Anh,903,15,"{5,300*2},{10,600*2},{20,3000*2.5},{100,80000*2.5},{110,150000*2.5},{120,200000*2.5},{130,300000*2.5},{140,400000*2.5},{150,500000*2.5},{160,600000*2.5},{170,750000*2.5},{180,900000*2.5},{190,1000000*2.5},{200,1200000*2.5}",,0,0,"{10,50000}","{10,60},{20,120},{30,180},{40,350},{50,520},{100,1000},{110,1100}","{10,60},{20,120},{30,180},{40,350},{50,520},{100,1000},{110,1100}",0,0,0,0,"{10,200},{20,400},{30,600},{40,800},{50,1000},{60,1300},{70,1600},{80,2000},{100,3000},{110,4000},{120,5000},{130,6000},{140,7000},{150,7500},{160,8000},{170,8500},{180,9000},{190,9500},{200,10000}","{10,200},{20,400},{30,600},{40,800},{50,1000},{60,1300},{70,1600},{80,2000},{100,3000},{110,4000},{120,5000},{130,6000},{140,7000},{150,7500},{160,8000},{170,8500},{180,9000},{190,9500},{200,10000}","{10,200},{20,400},{30,600},{40,800},{50,1000},{60,1300},{70,1600},{80,2000},{100,3000},{110,4000},{120,5000},{130,6000},{140,7000},{150,7500},{160,8000},{170,8500},{180,9000},{190,9500},{200,10000}","{10,200},{20,400},{30,600},{40,800},{50,1000},{60,1300},{70,1600},{80,2000},{100,3000},{110,4000},{120,5000},{130,6000},{140,7000},{150,7500},{160,8000},{170,8500},{180,9000},{190,9500},{200,10000}","{10,200},{20,400},{30,600},{40,800},{50,1000},{60,1300},{70,1600},{80,2000},{100,3000},{110,4000},{120,5000},{130,6000},{140,7000},{150,7500},{160,8000},{170,8500},{180,9000},{190,9500},{200,10000}","{10,257},{20,300},{30,342},{40,385},{50,428},{60,471},{70,514},{80,557},{100,642},{110,685},{120,728},{130,771},{140,1103},{150,1214},{160,1335},{170,1468},{180,1615},{190,1777},{200,1955}",,
Qymj_captain,Thủ Lĩnh Bí Cảnh Kỳ Ngộ,904,15,"{10,650*8},{20,3000*8},{30,4000*8},{40,6000*8},{100,80000*8},{110,150000*8},{120,200000*8},{130,300000*8},{140,400000*8},{150,500000*8},{160,600000*8},{170,750000*8},{180,900000*8},{190,1000000*8},{200,1200000*8}",,0,0,"{10,50000}","{10,60},{20,120},{30,180},{40,350},{50,520},{100,1000},{110,1100}","{10,60},{20,120},{30,180},{40,350},{50,520},{100,1000},{110,1100}",0,0,0,0,"{10,200},{20,400},{30,600},{40,800},{50,1000},{60,1300},{70,1600},{80,2000},{100,3000},{110,4000},{120,5000},{130,6000},{140,7000},{150,7500},{160,8000},{170,8500},{180,9000},{190,9500},{200,10000}","{10,200},{20,400},{30,600},{40,800},{50,1000},{60,1300},{70,1600},{80,2000},{100,3000},{110,4000},{120,5000},{130,6000},{140,7000},{150,7500},{160,8000},{170,8500},{180,9000},{190,9500},{200,10000}","{10,200},{20,400},{30,600},{40,800},{50,1000},{60,1300},{70,1600},{80,2000},{100,3000},{110,4000},{120,5000},{130,6000},{140,7000},{150,7500},{160,8000},{170,8500},{180,9000},{190,9500},{200,10000}","{10,200},{20,400},{30,600},{40,800},{50,1000},{60,1300},{70,1600},{80,2000},{100,3000},{110,4000},{120,5000},{130,6000},{140,7000},{150,7500},{160,8000},{170,8500},{180,9000},{190,9500},{200,10000}","{10,200},{20,400},{30,600},{40,800},{50,1000},{60,1300},{70,1600},{80,2000},{100,3000},{110,4000},{120,5000},{130,6000},{140,7000},{150,7500},{160,8000},{170,8500},{180,9000},{190,9500},{200,10000}","{10,257},{20,300},{30,342},{40,385},{50,428},{60,471},{70,514},{80,557},{100,642},{110,685},{120,728},{130,771},{140,1103},{150,1214},{160,1335},{170,1468},{180,1615},{190,1777},{200,1955}",,
Qymj_boss,BOSS Bí Cảnh Kỳ Ngộ,905,15,"{10,650*16},{20,3000*16},{30,4000*16},{40,6000*16},{100,80000*16},{110,150000*16},{120,200000*16},{130,300000*16},{140,400000*16},{150,500000*16},{160,600000*16},{170,750000*16},{180,900000*16},{190,1000000*16},{200,1200000*16}",,0,0,"{10,50000}","{10,60*1.5},{20,120*1.5},{30,180*1.5},{40,350*1.5},{50,520*1.5},{100,1200*1.5},{110,1500*1.5}","{10,60*1.5},{20,120*1.5},{30,180*1.5},{40,350*1.5},{50,520*1.5},{100,1200*1.5},{110,1500*1.5}",0,0,0,0,"{10,200},{20,400},{30,600},{40,800},{50,1000},{60,1300},{70,1600},{80,2000},{100,3000},{110,4000},{120,5000},{130,6000},{140,7000},{150,7500},{160,8000},{170,8500},{180,9000},{190,9500},{200,10000}","{10,200},{20,400},{30,600},{40,800},{50,1000},{60,1300},{70,1600},{80,2000},{100,3000},{110,4000},{120,5000},{130,6000},{140,7000},{150,7500},{160,8000},{170,8500},{180,9000},{190,9500},{200,10000}","{10,200},{20,400},{30,600},{40,800},{50,1000},{60,1300},{70,1600},{80,2000},{100,3000},{110,4000},{120,5000},{130,6000},{140,7000},{150,7500},{160,8000},{170,8500},{180,9000},{190,9500},{200,10000}","{10,200},{20,400},{30,600},{40,800},{50,1000},{60,1300},{70,1600},{80,2000},{100,3000},{110,4000},{120,5000},{130,6000},{140,7000},{150,7500},{160,8000},{170,8500},{180,9000},{190,9500},{200,10000}","{10,200},{20,400},{30,600},{40,800},{50,1000},{60,1300},{70,1600},{80,2000},{100,3000},{110,4000},{120,5000},{130,6000},{140,7000},{150,7500},{160,8000},{170,8500},{180,9000},{190,9500},{200,10000}","{10,257},{20,300},{30,342},{40,385},{50,428},{60,471},{70,514},{80,557},{100,642},{110,685},{120,728},{130,771},{140,1103},{150,1214},{160,1335},{170,1468},{180,1615},{190,1777},{200,1955}",,
Yunbiao_Carriage,Tiêu Xa,911,15,"{20,10000*200},{30,12000*200},{40,30000*200},{50,80000*200},{60,120000*200},{70,1800000*30},{80,2500000*50},{90,3000000*70},{100,4000000*90},{110,5000000*120},{120,8000000*150},{140,13000000*180},{160,20000000*200},{180,26500000*200},{200,36500000*200}",,0,0,"{10,50000}","{10,5},{20,120*3},{30,250*3},{40,400*3},{50,600*3}","{10,5},{20,120*3},{30,250*3},{40,400*3},{50,600*3}",0,0,0,0,"{10,200},{20,400},{30,600},{40,800},{50,1000},{60,1300},{70,1600},{80,2000},{100,3000},{110,4000},{120,5000},{130,6000},{140,7000},{150,7500},{160,8000},{170,8500},{180,9000},{190,9500},{200,10000}","{10,200},{20,400},{30,600},{40,800},{50,1000},{60,1300},{70,1600},{80,2000},{100,3000},{110,4000},{120,5000},{130,6000},{140,7000},{150,7500},{160,8000},{170,8500},{180,9000},{190,9500},{200,10000}","{10,200},{20,400},{30,600},{40,800},{50,1000},{60,1300},{70,1600},{80,2000},{100,3000},{110,4000},{120,5000},{130,6000},{140,7000},{150,7500},{160,8000},{170,8500},{180,9000},{190,9500},{200,10000}","{10,200},{20,400},{30,600},{40,800},{50,1000},{60,1300},{70,1600},{80,2000},{100,3000},{110,4000},{120,5000},{130,6000},{140,7000},{150,7500},{160,8000},{170,8500},{180,9000},{190,9500},{200,10000}","{10,200},{20,400},{30,600},{40,800},{50,1000},{60,1300},{70,1600},{80,2000},{100,3000},{110,4000},{120,5000},{130,6000},{140,7000},{150,7500},{160,8000},{170,8500},{180,9000},{190,9500},{200,10000}","{10,257},{20,300},{30,342},{40,385},{50,428},{60,471},{70,514},{80,557},{100,642},{110,685},{120,728},{130,771},{140,1103},{150,1214},{160,1335},{170,1468},{180,1615},{190,1777},{200,1955}",,
BHT_Enmey1,Bạch Hổ Đường 1-Quái,921,15,"{20,3000*3.5},{30,4000*3.5},{40,6000*3.5},{50,9000*3.5},{60,12000*3.5},{70,18000*3.5},{100,50000*3.5},{110,60000*3.5},{120,80000*3.5},{130,120000*3.5},{140,481659},{150,551451},{160,630384},{170,719589},{180,820332},{190,934027},{200,1062258}",,0,0,"{10,1140},{20,2090},{30,3040},{40,3990},{50,4940},{60,5889},{70,6839},{80,7789},{100,9689},{110,10640},{120,11590},{130,12540},{140,13699},{150,15086},{160,16587},{170,18240},{180,20083},{190,22078},{200,24282}","{10,45},{20,100},{30,200},{40,500},{50,700},{100,1500},{110,2000}","{10,45},{20,100},{30,200},{40,500},{50,700},{100,1500},{110,2000}",0,0,0,0,"{10,200},{20,400},{30,600},{40,800},{50,1000},{60,1300},{70,1600},{80,2000},{100,3000},{110,4000},{120,5000},{130,6000},{140,7000},{150,7500},{160,8000},{170,8500},{180,9000},{190,9500},{200,10000}","{10,200},{20,400},{30,600},{40,800},{50,1000},{60,1300},{70,1600},{80,2000},{100,3000},{110,4000},{120,5000},{130,6000},{140,7000},{150,7500},{160,8000},{170,8500},{180,9000},{190,9500},{200,10000}","{10,200},{20,400},{30,600},{40,800},{50,1000},{60,1300},{70,1600},{80,2000},{100,3000},{110,4000},{120,5000},{130,6000},{140,7000},{150,7500},{160,8000},{170,8500},{180,9000},{190,9500},{200,10000}","{10,200},{20,400},{30,600},{40,800},{50,1000},{60,1300},{70,1600},{80,2000},{100,3000},{110,4000},{120,5000},{130,6000},{140,7000},{150,7500},{160,8000},{170,8500},{180,9000},{190,9500},{200,10000}","{10,200},{20,400},{30,600},{40,800},{50,1000},{60,1300},{70,1600},{80,2000},{100,3000},{110,4000},{120,5000},{130,6000},{140,7000},{150,7500},{160,8000},{170,8500},{180,9000},{190,9500},{200,10000}","{10,257},{20,300},{30,342},{40,385},{50,428},{60,471},{70,514},{80,557},{100,642},{110,685},{120,728},{130,771},{140,1103},{150,1214},{160,1335},{170,1468},{180,1615},{190,1777},{200,1955}",,
BHT_Enmey2,Bạch Hổ Đường 2-Quái,922,15,"{20,3000*3.5},{30,4000*3.5},{40,6000*3.5},{50,9000*3.5},{60,12000*3.5},{70,18000*3.5},{100,50000*3.5},{110,60000*3.5},{120,80000*3.5},{130,120000*3.5},{140,481659},{150,551451},{160,630384},{170,719589},{180,820332},{190,934027},{200,1062258}",,0,0,"{10,1140},{20,2090},{30,3040},{40,3990},{50,4940},{60,5889},{70,6839},{80,7789},{100,9689},{110,10640},{120,11590},{130,12540},{140,13699},{150,15086},{160,16587},{170,18240},{180,20083},{190,22078},{200,24282}","{10,45},{20,100},{30,200},{40,500},{50,700},{100,1500},{110,2000}","{10,45},{20,100},{30,200},{40,500},{50,700},{100,1500},{110,2000}",0,0,0,0,"{10,200},{20,400},{30,600},{40,800},{50,1000},{60,1300},{70,1600},{80,2000},{100,3000},{110,4000},{120,5000},{130,6000},{140,7000},{150,7500},{160,8000},{170,8500},{180,9000},{190,9500},{200,10000}","{10,200},{20,400},{30,600},{40,800},{50,1000},{60,1300},{70,1600},{80,2000},{100,3000},{110,4000},{120,5000},{130,6000},{140,7000},{150,7500},{160,8000},{170,8500},{180,9000},{190,9500},{200,10000}","{10,200},{20,400},{30,600},{40,800},{50,1000},{60,1300},{70,1600},{80,2000},{100,3000},{110,4000},{120,5000},{130,6000},{140,7000},{150,7500},{160,8000},{170,8500},{180,9000},{190,9500},{200,10000}","{10,200},{20,400},{30,600},{40,800},{50,1000},{60,1300},{70,1600},{80,2000},{100,3000},{110,4000},{120,5000},{130,6000},{140,7000},{150,7500},{160,8000},{170,8500},{180,9000},{190,9500},{200,10000}","{10,200},{20,400},{30,600},{40,800},{50,1000},{60,1300},{70,1600},{80,2000},{100,3000},{110,4000},{120,5000},{130,6000},{140,7000},{150,7500},{160,8000},{170,8500},{180,9000},{190,9500},{200,10000}","{10,257},{20,300},{30,342},{40,385},{50,428},{60,471},{70,514},{80,557},{100,642},{110,685},{120,728},{130,771},{140,1103},{150,1214},{160,1335},{170,1468},{180,1615},{190,1777},{200,1955}",,
BHT_Enmey3,Bạch Hổ Đường 3-Quái,923,15,"{20,3000*3.5},{30,4000*3.5},{40,6000*3.5},{50,9000*3.5},{60,12000*3.5},{70,18000*3.5},{100,50000*3.5},{110,60000*3.5},{120,80000*3.5},{130,120000*3.5},{140,481659},{150,551451},{160,630384},{170,719589},{180,820332},{190,934027},{200,1062258}",,0,0,"{10,1140},{20,2090},{30,3040},{40,3990},{50,4940},{60,5889},{70,6839},{80,7789},{100,9689},{110,10640},{120,11590},{130,12540},{140,13699},{150,15086},{160,16587},{170,18240},{180,20083},{190,22078},{200,24282}","{10,45},{20,100},{30,200},{40,500},{50,700},{100,1500},{110,2000}","{10,45},{20,100},{30,200},{40,500},{50,700},{100,1500},{110,2000}",0,0,0,0,"{10,200},{20,400},{30,600},{40,800},{50,1000},{60,1300},{70,1600},{80,2000},{100,3000},{110,4000},{120,5000},{130,6000},{140,7000},{150,7500},{160,8000},{170,8500},{180,9000},{190,9500},{200,10000}","{10,200},{20,400},{30,600},{40,800},{50,1000},{60,1300},{70,1600},{80,2000},{100,3000},{110,4000},{120,5000},{130,6000},{140,7000},{150,7500},{160,8000},{170,8500},{180,9000},{190,9500},{200,10000}","{10,200},{20,400},{30,600},{40,800},{50,1000},{60,1300},{70,1600},{80,2000},{100,3000},{110,4000},{120,5000},{130,6000},{140,7000},{150,7500},{160,8000},{170,8500},{180,9000},{190,9500},{200,10000}","{10,200},{20,400},{30,600},{40,800},{50,1000},{60,1300},{70,1600},{80,2000},{100,3000},{110,4000},{120,5000},{130,6000},{140,7000},{150,7500},{160,8000},{170,8500},{180,9000},{190,9500},{200,10000}","{10,200},{20,400},{30,600},{40,800},{50,1000},{60,1300},{70,1600},{80,2000},{100,3000},{110,4000},{120,5000},{130,6000},{140,7000},{150,7500},{160,8000},{170,8500},{180,9000},{190,9500},{200,10000}","{10,257},{20,300},{30,342},{40,385},{50,428},{60,471},{70,514},{80,557},{100,642},{110,685},{120,728},{130,771},{140,1103},{150,1214},{160,1335},{170,1468},{180,1615},{190,1777},{200,1955}",,
BHT_Enmey4,Bạch Hổ Đường 4-Quái,924,15,"{20,3000*3.5},{30,4000*3.5},{40,6000*3.5},{50,9000*3.5},{60,12000*3.5},{70,18000*3.5},{100,50000*3.5},{110,60000*3.5},{120,80000*3.5},{130,120000*3.5},{140,481659},{150,551451},{160,630384},{170,719589},{180,820332},{190,934027},{200,1062258}",,0,0,"{10,1140},{20,2090},{30,3040},{40,3990},{50,4940},{60,5889},{70,6839},{80,7789},{100,9689},{110,10640},{120,11590},{130,12540},{140,13699},{150,15086},{160,16587},{170,18240},{180,20083},{190,22078},{200,24282}","{10,45},{20,100},{30,200},{40,500},{50,700},{100,1500},{110,2000}","{10,45},{20,100},{30,200},{40,500},{50,700},{100,1500},{110,2000}",0,0,0,0,"{10,200},{20,400},{30,600},{40,800},{50,1000},{60,1300},{70,1600},{80,2000},{100,3000},{110,4000},{120,5000},{130,6000},{140,7000},{150,7500},{160,8000},{170,8500},{180,9000},{190,9500},{200,10000}","{10,200},{20,400},{30,600},{40,800},{50,1000},{60,1300},{70,1600},{80,2000},{100,3000},{110,4000},{120,5000},{130,6000},{140,7000},{150,7500},{160,8000},{170,8500},{180,9000},{190,9500},{200,10000}","{10,200},{20,400},{30,600},{40,800},{50,1000},{60,1300},{70,1600},{80,2000},{100,3000},{110,4000},{120,5000},{130,6000},{140,7000},{150,7500},{160,8000},{170,8500},{180,9000},{190,9500},{200,10000}","{10,200},{20,400},{30,600},{40,800},{50,1000},{60,1300},{70,1600},{80,2000},{100,3000},{110,4000},{120,5000},{130,6000},{140,7000},{150,7500},{160,8000},{170,8500},{180,9000},{190,9500},{200,10000}","{10,200},{20,400},{30,600},{40,800},{50,1000},{60,1300},{70,1600},{80,2000},{100,3000},{110,4000},{120,5000},{130,6000},{140,7000},{150,7500},{160,8000},{170,8500},{180,9000},{190,9500},{200,10000}","{10,257},{20,300},{30,342},{40,385},{50,428},{60,471},{70,514},{80,557},{100,642},{110,685},{120,728},{130,771},{140,1103},{150,1214},{160,1335},{170,1468},{180,1615},{190,1777},{200,1955}",,
BHT_Boss1,Bạch Hổ Đường 1-BOSS,925,15,"{20,3000*30},{30,4000*30},{40,6000*30},{50,12000*30},{60,20000*30},{70,30000*30},{80,55000*30},{90,80000*30},{100,130000*30},{110,200000*30},{120,300000*30},{130,350000*30},{140,450000*30},{150,550000*30},{160,650000*30},{170,750000*30},{180,900000*30},{190,1200000*30},{200,1500000*30},{220,2100000*50},{240,2700000*70},{260,3300000*90},{280,3900000*110},{300,4500000*130},{310,4800000*140},{320,5100000*150},{330,5200000*150}",,0,0,"{10,1140},{20,2090},{30,3040},{40,3990},{50,4940},{60,5889},{70,6839},{80,7789},{100,9689},{110,10640},{120,11590},{130,12540},{140,13699},{150,15086},{160,16587},{170,18240},{180,20083},{190,22078},{200,24282}","{10,60*1.5},{20,120*1.5},{30,180*1.5},{40,350*1.5},{50,520*1.5},{60,600*1.5},{70,700*1.5},{80,800*1.5},{90,900*1.5},{110,1500*1.5}","{10,60*1.5},{20,120*1.5},{30,180*1.5},{40,350*1.5},{50,520*1.5},{60,600*1.5},{70,700*1.5},{80,800*1.5},{90,900*1.5},{110,1500*1.5}",0,0,0,0,"{10,200},{20,400},{30,600},{40,800},{50,1000},{60,1300},{70,1600},{80,2000},{100,3000},{110,4000},{120,5000},{130,6000},{140,7000},{150,7500},{160,8000},{170,8500},{180,9000},{190,9500},{200,10000}","{10,200},{20,400},{30,600},{40,800},{50,1000},{60,1300},{70,1600},{80,2000},{100,3000},{110,4000},{120,5000},{130,6000},{140,7000},{150,7500},{160,8000},{170,8500},{180,9000},{190,9500},{200,10000}","{10,200},{20,400},{30,600},{40,800},{50,1000},{60,1300},{70,1600},{80,2000},{100,3000},{110,4000},{120,5000},{130,6000},{140,7000},{150,7500},{160,8000},{170,8500},{180,9000},{190,9500},{200,10000}","{10,200},{20,400},{30,600},{40,800},{50,1000},{60,1300},{70,1600},{80,2000},{100,3000},{110,4000},{120,5000},{130,6000},{140,7000},{150,7500},{160,8000},{170,8500},{180,9000},{190,9500},{200,10000}","{10,200},{20,400},{30,600},{40,800},{50,1000},{60,1300},{70,1600},{80,2000},{100,3000},{110,4000},{120,5000},{130,6000},{140,7000},{150,7500},{160,8000},{170,8500},{180,9000},{190,9500},{200,10000}","{10,257},{20,300},{30,342},{40,385},{50,428},{60,471},{70,514},{80,557},{100,642},{110,685},{120,728},{130,771},{140,1103},{150,1214},{160,1335},{170,1468},{180,1615},{190,1777},{200,1955}",,
BHT_Boss2,Bạch Hổ Đường 2-BOSS,926,15,"{20,3000*40},{30,4000*40},{40,6000*40},{50,12000*40},{60,20000*40},{70,30000*40},{80,55000*40},{90,80000*40},{100,130000*40},{110,200000*40},{120,300000*40},{130,350000*40},{140,450000*40},{150,550000*40},{160,650000*40},{170,750000*40},{180,900000*40},{190,1200000*40},{200,1500000*50},{220,2100000*70},{240,2700000*90},{260,3300000*120},{280,3900000*140},{300,4500000*160},{310,4800000*180},{320,5100000*200},{330,5200000*200}",,0,0,"{10,1140},{20,2090},{30,3040},{40,3990},{50,4940},{60,5889},{70,6839},{80,7789},{100,9689},{110,10640},{120,11590},{130,12540},{140,13699},{150,15086},{160,16587},{170,18240},{180,20083},{190,22078},{200,24282}","{10,60*1.8},{20,120*1.8},{30,180*1.8},{40,350*1.8},{50,520*1.8},{60,600*1.8},{70,700*1.8},{80,800*1.8},{90,900*1.8},{110,1500*1.8}","{10,60*1.8},{20,120*1.8},{30,180*1.8},{40,350*1.8},{50,520*1.8},{60,600*1.8},{70,700*1.8},{80,800*1.8},{90,900*1.8},{110,1500*1.8}",0,0,0,0,"{10,200},{20,400},{30,600},{40,800},{50,1000},{60,1300},{70,1600},{80,2000},{100,3000},{110,4000},{120,5000},{130,6000},{140,7000},{150,7500},{160,8000},{170,8500},{180,9000},{190,9500},{200,10000}","{10,200},{20,400},{30,600},{40,800},{50,1000},{60,1300},{70,1600},{80,2000},{100,3000},{110,4000},{120,5000},{130,6000},{140,7000},{150,7500},{160,8000},{170,8500},{180,9000},{190,9500},{200,10000}","{10,200},{20,400},{30,600},{40,800},{50,1000},{60,1300},{70,1600},{80,2000},{100,3000},{110,4000},{120,5000},{130,6000},{140,7000},{150,7500},{160,8000},{170,8500},{180,9000},{190,9500},{200,10000}","{10,200},{20,400},{30,600},{40,800},{50,1000},{60,1300},{70,1600},{80,2000},{100,3000},{110,4000},{120,5000},{130,6000},{140,7000},{150,7500},{160,8000},{170,8500},{180,9000},{190,9500},{200,10000}","{10,200},{20,400},{30,600},{40,800},{50,1000},{60,1300},{70,1600},{80,2000},{100,3000},{110,4000},{120,5000},{130,6000},{140,7000},{150,7500},{160,8000},{170,8500},{180,9000},{190,9500},{200,10000}","{10,257},{20,300},{30,342},{40,385},{50,428},{60,471},{70,514},{80,557},{100,642},{110,685},{120,728},{130,771},{140,1103},{150,1214},{160,1335},{170,1468},{180,1615},{190,1777},{200,1955}",,
BHT_Boss3,Bạch Hổ Đường 3-BOSS,927,15,"{20,3000*50},{30,4000*50},{40,6000*50},{50,12000*50},{60,20000*50},{70,30000*50},{80,55000*50},{90,80000*50},{100,130000*50},{110,200000*50},{120,300000*50},{130,350000*50},{140,450000*50},{150,550000*50},{160,650000*50},{170,750000*50},{180,900000*60},{190,1200000*70},{200,1500000*80},{220,2100000*100},{240,2700000*120},{260,3300000*140},{280,3900000*170},{300,4500000*210},{310,4800000*230},{320,5100000*250},{330,5200000*250}",,0,0,"{10,1140},{20,2090},{30,3040},{40,3990},{50,4940},{60,5889},{70,6839},{80,7789},{100,9689},{110,10640},{120,11590},{130,12540},{140,13699},{150,15086},{160,16587},{170,18240},{180,20083},{190,22078},{200,24282}","{10,60*2},{20,120*2},{30,180*2},{40,350*2},{50,520*2},{60,600*2},{70,700*2},{80,800*2},{90,900*2},{110,1500*2}","{10,60*2},{20,120*2},{30,180*2},{40,350*2},{50,520*2},{60,600*2},{70,700*2},{80,800*2},{90,900*2},{110,1500*2}",0,0,0,0,"{10,200},{20,400},{30,600},{40,800},{50,1000},{60,1300},{70,1600},{80,2000},{100,3000},{110,4000},{120,5000},{130,6000},{140,7000},{150,7500},{160,8000},{170,8500},{180,9000},{190,9500},{200,10000}","{10,200},{20,400},{30,600},{40,800},{50,1000},{60,1300},{70,1600},{80,2000},{100,3000},{110,4000},{120,5000},{130,6000},{140,7000},{150,7500},{160,8000},{170,8500},{180,9000},{190,9500},{200,10000}","{10,200},{20,400},{30,600},{40,800},{50,1000},{60,1300},{70,1600},{80,2000},{100,3000},{110,4000},{120,5000},{130,6000},{140,7000},{150,7500},{160,8000},{170,8500},{180,9000},{190,9500},{200,10000}","{10,200},{20,400},{30,600},{40,800},{50,1000},{60,1300},{70,1600},{80,2000},{100,3000},{110,4000},{120,5000},{130,6000},{140,7000},{150,7500},{160,8000},{170,8500},{180,9000},{190,9500},{200,10000}","{10,200},{20,400},{30,600},{40,800},{50,1000},{60,1300},{70,1600},{80,2000},{100,3000},{110,4000},{120,5000},{130,6000},{140,7000},{150,7500},{160,8000},{170,8500},{180,9000},{190,9500},{200,10000}","{10,257},{20,300},{30,342},{40,385},{50,428},{60,471},{70,514},{80,557},{100,642},{110,685},{120,728},{130,771},{140,1103},{150,1214},{160,1335},{170,1468},{180,1615},{190,1777},{200,1955}",,
BHT_Boss4,Bạch Hổ Đường 4-BOSS,928,15,"{20,3000*70},{30,4000*70},{40,6000*70},{50,12000*70},{60,20000*70},{70,30000*70},{80,55000*70},{90,80000*70},{100,130000*70},{110,200000*70},{120,300000*70},{130,350000*70},{140,450000*80},{150,550000*90},{160,650000*100},{170,750000*110},{180,900000*120},{190,1200000*130},{200,1500000*140},{220,2100000*150},{240,2700000*170},{260,3300000*190},{280,3900000*220},{300,4500000*260},{310,4800000*280},{320,5100000*300},{330,5200000*300}",,0,0,"{10,1140},{20,2090},{30,3040},{40,3990},{50,4940},{60,5889},{70,6839},{80,7789},{100,9689},{110,10640},{120,11590},{130,12540},{140,13699},{150,15086},{160,16587},{170,18240},{180,20083},{190,22078},{200,24282}","{10,60*2.2},{20,120*2.2},{30,180*2.2},{40,350*2.2},{50,520*2.2},{60,600*2.2},{70,700*2.2},{80,800*2.2},{90,900*2.2},{110,1500*2.2}","{10,60*2.2},{20,120*2.2},{30,180*2.2},{40,350*2.2},{50,520*2.2},{60,600*2.2},{70,700*2.2},{80,800*2.2},{90,900*2.2},{110,1500*2.2}",0,0,0,0,"{10,200},{20,400},{30,600},{40,800},{50,1000},{60,1300},{70,1600},{80,2000},{100,3000},{110,4000},{120,5000},{130,6000},{140,7000},{150,7500},{160,8000},{170,8500},{180,9000},{190,9500},{200,10000}","{10,200},{20,400},{30,600},{40,800},{50,1000},{60,1300},{70,1600},{80,2000},{100,3000},{110,4000},{120,5000},{130,6000},{140,7000},{150,7500},{160,8000},{170,8500},{180,9000},{190,9500},{200,10000}","{10,200},{20,400},{30,600},{40,800},{50,1000},{60,1300},{70,1600},{80,2000},{100,3000},{110,4000},{120,5000},{130,6000},{140,7000},{150,7500},{160,8000},{170,8500},{180,9000},{190,9500},{200,10000}","{10,200},{20,400},{30,600},{40,800},{50,1000},{60,1300},{70,1600},{80,2000},{100,3000},{110,4000},{120,5000},{130,6000},{140,7000},{150,7500},{160,8000},{170,8500},{180,9000},{190,9500},{200,10000}","{10,200},{20,400},{30,600},{40,800},{50,1000},{60,1300},{70,1600},{80,2000},{100,3000},{110,4000},{120,5000},{130,6000},{140,7000},{150,7500},{160,8000},{170,8500},{180,9000},{190,9500},{200,10000}","{10,257},{20,300},{30,342},{40,385},{50,428},{60,471},{70,514},{80,557},{100,642},{110,685},{120,728},{130,771},{140,1103},{150,1214},{160,1335},{170,1468},{180,1615},{190,1777},{200,1955}",,
BHT_Boss5,BOSS Bạch Hổ Đường 5,929,15,"{70,30000*120},{80,55000*120},{90,80000*120},{100,130000*120},{110,200000*120},{120,300000*120},{130,350000*120},{140,450000*120},{150,550000*120},{160,650000*120},{170,750000*120},{180,900000*140},{190,1200000*160},{200,1500000*180},{210,1800000*200},{220,2100000*200},{230,2400000*210},{240,2700000*220},{250,3000000*240},{260,3300000*260},{270,3600000*280},{280,3900000*300},{290,4200000*330},{300,4500000*350},{310,4800000*400},{320,5100000*500},{330,5200000*500}",,0,0,"{10,1140},{20,2090},{30,3040},{40,3990},{50,4940},{60,5889},{70,6839},{80,7789},{100,9689},{110,10640},{120,11590},{130,12540},{140,13699},{150,15086},{160,16587},{170,18240},{180,20083},{190,22078},{200,24282}","{10,60*3},{20,120*3},{30,180*3},{40,350*3},{50,520*3},{60,600*3},{70,700*3},{80,800*3},{90,900*3},{110,1500*3}","{10,60*3},{20,120*3},{30,180*3},{40,350*3},{50,520*3},{60,600*3},{70,700*3},{80,800*3},{90,900*3},{110,1500*3}",0,0,0,0,"{10,200},{20,400},{30,600},{40,800},{50,1000},{60,1300},{70,1600},{80,2000},{100,3000},{110,4000},{120,5000},{130,6000},{140,7000},{150,7500},{160,8000},{170,8500},{180,9000},{190,9500},{200,10000}","{10,200},{20,400},{30,600},{40,800},{50,1000},{60,1300},{70,1600},{80,2000},{100,3000},{110,4000},{120,5000},{130,6000},{140,7000},{150,7500},{160,8000},{170,8500},{180,9000},{190,9500},{200,10000}","{10,200},{20,400},{30,600},{40,800},{50,1000},{60,1300},{70,1600},{80,2000},{100,3000},{110,4000},{120,5000},{130,6000},{140,7000},{150,7500},{160,8000},{170,8500},{180,9000},{190,9500},{200,10000}","{10,200},{20,400},{30,600},{40,800},{50,1000},{60,1300},{70,1600},{80,2000},{100,3000},{110,4000},{120,5000},{130,6000},{140,7000},{150,7500},{160,8000},{170,8500},{180,9000},{190,9500},{200,10000}","{10,200},{20,400},{30,600},{40,800},{50,1000},{60,1300},{70,1600},{80,2000},{100,3000},{110,4000},{120,5000},{130,6000},{140,7000},{150,7500},{160,8000},{170,8500},{180,9000},{190,9500},{200,10000}","{10,257},{20,300},{30,342},{40,385},{50,428},{60,471},{70,514},{80,557},{100,642},{110,685},{120,728},{130,771},{140,1103},{150,1214},{160,1335},{170,1468},{180,1615},{190,1777},{200,1955}",,
JHSL_Enemy,Quái Thí Luyện Giang Hồ,951,15,"{16,3000},{20,6000},{25,10000},{30,16000},{40,60000},{50,100000},{100,100000}",,"{20,4000},{25,5000},{30,7000},{35,9000},{40,10000},{45,30000},{50,50000},{55,80000},{60,100000}",0,"{10,1000},{100,2800},{150,7000}","{10,80},{20,100},{25,150},{30,280},{40,1000},{50,2000}","{10,80},{20,100},{25,150},{30,280},{40,1000},{50,2000}",0,0,0,0,,"{10,100},{30,150},{40,200},{50,250},{60,300},{70,350},{80,400},{110,800},{120,1000}","{10,100},{30,150},{40,200},{50,250},{60,300},{70,350},{80,400},{110,800},{120,1000}","{10,100},{30,150},{40,200},{50,250},{60,300},{70,350},{80,400},{110,800},{120,1000}","{10,100},{30,150},{40,200},{50,250},{60,300},{70,350},{80,400},{110,800},{120,1000}","{1,50},{10,100},{50,150},{70,200},{110,800}",,
JHSL_Boss,BOSS Thí Luyện Giang Hồ,952,15,"{16,3000*7},{20,6000*7},{25,10000*7},{30,16000*7},{40,60000*7},{50,100000*7},{100,100000*7}",,"{20,4000},{25,5000},{30,7000},{35,9000},{40,10000},{45,30000},{50,50000},{55,80000},{60,100000}",0,"{10,1000},{100,2800},{150,7000}","{10,80*2},{20,100*2},{25,150*2},{30,280*2},{40,1000*2},{50,2000*2}","{10,80*2},{20,100*2},{25,150*2},{30,280*2},{40,1000*2},{50,2000*2}",0,0,0,0,,"{10,100},{30,150},{40,200},{50,250},{60,300},{70,350},{80,400},{110,800},{120,1000}","{10,100},{30,150},{40,200},{50,250},{60,300},{70,350},{80,400},{110,800},{120,1000}","{10,100},{30,150},{40,200},{50,250},{60,300},{70,350},{80,400},{110,800},{120,1000}","{10,100},{30,150},{40,200},{50,250},{60,300},{70,350},{80,400},{110,800},{120,1000}","{1,50},{10,100},{50,150},{70,200},{110,800}",,
Siege_Wall_City,Cổng Chính,1001,15,"{55,300000*160},{65,420000*160},{75,600000*160},{85,780000*160},{95,960000*160},{105,1150000*160},{115,1500000*160},{125,1800000*160},{130,353022222},{140,404848888},{150,463510666},{160,529856311},{170,604835977},{180,689513014},{190,785077099},{200,892858870}",,0,,"{10,1140},{20,2090},{30,3040},{40,3990},{50,4940},{60,5889},{70,6839},{80,7789},{100,9689},{110,10640},{120,11590},{130,12540},{140,13699},{150,15086},{160,16587},{170,18240},{180,20083},{190,22078},{200,24282}","{20,120*5.5},{30,250*5.5},{40,400*5.5},{50,600*5.5}","{20,120*5.5},{30,250*5.5},{40,400*5.5},{50,600*5.5}",0,0,0,0,"{10,210},{20,410},{30,610},{40,810},{50,1010},{60,1210},{70,1410},{80,1610},{100,2010},{110,2210},{120,2410},{130,2610},{140,2860},{150,3146},{160,3461},{170,3807},{180,4188},{190,4607},{200,5068}","{10,210},{20,410},{30,610},{40,810},{50,1010},{60,1210},{70,1410},{80,1610},{100,2010},{110,2210},{120,2410},{130,2610},{140,2860},{150,3146},{160,3461},{170,3807},{180,4188},{190,4607},{200,5068}","{10,210},{20,410},{30,610},{40,810},{50,1010},{60,1210},{70,1410},{80,1610},{100,2010},{110,2210},{120,2410},{130,2610},{140,2860},{150,3146},{160,3461},{170,3807},{180,4188},{190,4607},{200,5068}","{10,210},{20,410},{30,610},{40,810},{50,1010},{60,1210},{70,1410},{80,1610},{100,2010},{110,2210},{120,2410},{130,2610},{140,2860},{150,3146},{160,3461},{170,3807},{180,4188},{190,4607},{200,5068}","{10,210},{20,410},{30,610},{40,810},{50,1010},{60,1210},{70,1410},{80,1610},{100,2010},{110,2210},{120,2410},{130,2610},{140,2860},{150,3146},{160,3461},{170,3807},{180,4188},{190,4607},{200,5068}","{10,257},{20,300},{30,342},{40,385},{50,428},{60,471},{70,514},{80,557},{100,642},{110,685},{120,728},{130,771},{140,1103},{150,1214},{160,1335},{170,1468},{180,1615},{190,1777},{200,1955}",,
Siege_Wall_Town,Cổng Thôn Trấn,1002,15,"{55,300000*100},{65,420000*100},{75,600000*100},{85,780000*100},{95,960000*160},{105,1150000*160},{115,1500000*160},{125,1800000*160},{130,353022222},{140,404848888},{150,463510666},{160,529856311},{170,604835977},{180,689513014},{190,785077099},{200,892858870}",,0,,"{10,1140},{20,2090},{30,3040},{40,3990},{50,4940},{60,5889},{70,6839},{80,7789},{100,9689},{110,10640},{120,11590},{130,12540},{140,13699},{150,15086},{160,16587},{170,18240},{180,20083},{190,22078},{200,24282}","{20,120*5.5},{30,250*5.5},{40,400*5.5},{50,600*5.5}","{20,120*5.5},{30,250*5.5},{40,400*5.5},{50,600*5.5}",0,0,0,0,"{10,210},{20,410},{30,610},{40,810},{50,1010},{60,1210},{70,1410},{80,1610},{100,2010},{110,2210},{120,2410},{130,2610},{140,2860},{150,3146},{160,3461},{170,3807},{180,4188},{190,4607},{200,5068}","{10,210},{20,410},{30,610},{40,810},{50,1010},{60,1210},{70,1410},{80,1610},{100,2010},{110,2210},{120,2410},{130,2610},{140,2860},{150,3146},{160,3461},{170,3807},{180,4188},{190,4607},{200,5068}","{10,210},{20,410},{30,610},{40,810},{50,1010},{60,1210},{70,1410},{80,1610},{100,2010},{110,2210},{120,2410},{130,2610},{140,2860},{150,3146},{160,3461},{170,3807},{180,4188},{190,4607},{200,5068}","{10,210},{20,410},{30,610},{40,810},{50,1010},{60,1210},{70,1410},{80,1610},{100,2010},{110,2210},{120,2410},{130,2610},{140,2860},{150,3146},{160,3461},{170,3807},{180,4188},{190,4607},{200,5068}","{10,210},{20,410},{30,610},{40,810},{50,1010},{60,1210},{70,1410},{80,1610},{100,2010},{110,2210},{120,2410},{130,2610},{140,2860},{150,3146},{160,3461},{170,3807},{180,4188},{190,4607},{200,5068}","{10,257},{20,300},{30,342},{40,385},{50,428},{60,471},{70,514},{80,557},{100,642},{110,685},{120,728},{130,771},{140,1103},{150,1214},{160,1335},{170,1468},{180,1615},{190,1777},{200,1955}",,
Siege_Ram,Công Thành,1003,15,"{55,70000*10},{65,100000*10},{75,140000*10},{85,180000*10},{95,230000*10},{105,270000*10},{115,350000*10},{125,400000*10},{130,4903086},{140,5622901},{150,6437648},{160,7359115},{170,8400499},{180,9576569},{190,10903848},{200,12400817}",,0,,"{10,1140},{20,2090},{30,3040},{40,3990},{50,4940},{60,5889},{70,6839},{80,7789},{100,9689},{110,10640},{120,11590},{130,12540},{140,13699},{150,15086},{160,16587},{170,18240},{180,20083},{190,22078},{200,24282}","{20,120*5.5},{30,250*5.5},{40,400*5.5},{50,600*5.5}","{20,120*5.5},{30,250*5.5},{40,400*5.5},{50,600*5.5}",0,0,0,0,"{10,210},{20,410},{30,610},{40,810},{50,1010},{60,1210},{70,1410},{80,1610},{100,2010},{110,2210},{120,2410},{130,2610},{140,2860},{150,3146},{160,3461},{170,3807},{180,4188},{190,4607},{200,5068}","{10,210},{20,410},{30,610},{40,810},{50,1010},{60,1210},{70,1410},{80,1610},{100,2010},{110,2210},{120,2410},{130,2610},{140,2860},{150,3146},{160,3461},{170,3807},{180,4188},{190,4607},{200,5068}","{10,210},{20,410},{30,610},{40,810},{50,1010},{60,1210},{70,1410},{80,1610},{100,2010},{110,2210},{120,2410},{130,2610},{140,2860},{150,3146},{160,3461},{170,3807},{180,4188},{190,4607},{200,5068}","{10,210},{20,410},{30,610},{40,810},{50,1010},{60,1210},{70,1410},{80,1610},{100,2010},{110,2210},{120,2410},{130,2610},{140,2860},{150,3146},{160,3461},{170,3807},{180,4188},{190,4607},{200,5068}","{10,210},{20,410},{30,610},{40,810},{50,1010},{60,1210},{70,1410},{80,1610},{100,2010},{110,2210},{120,2410},{130,2610},{140,2860},{150,3146},{160,3461},{170,3807},{180,4188},{190,4607},{200,5068}","{10,257},{20,300},{30,342},{40,385},{50,428},{60,471},{70,514},{80,557},{100,642},{110,685},{120,728},{130,771},{140,1103},{150,1214},{160,1335},{170,1468},{180,1615},{190,1777},{200,1955}",,
Siege_Ballista,Nỏ Xa,1004,15,"{55,70000*6},{65,100000*6},{75,140000*6},{85,180000*6},{95,230000*6},{105,270000*6},{115,350000*6},{125,400000*6},{130,2941851},{140,3373740},{150,3862588},{160,4415469},{170,5040299},{180,5745941},{190,6542309},{200,7440490}",,0,,"{10,1140},{20,2090},{30,3040},{40,3990},{50,4940},{60,5889},{70,6839},{80,7789},{100,9689},{110,10640},{120,11590},{130,12540},{140,13699},{150,15086},{160,16587},{170,18240},{180,20083},{190,22078},{200,24282}","{20,120*5.5},{30,250*5.5},{40,400*5.5},{50,600*5.5}","{20,120*5.5},{30,250*5.5},{40,400*5.5},{50,600*5.5}",0,0,0,0,"{10,210},{20,410},{30,610},{40,810},{50,1010},{60,1210},{70,1410},{80,1610},{100,2010},{110,2210},{120,2410},{130,2610},{140,2860},{150,3146},{160,3461},{170,3807},{180,4188},{190,4607},{200,5068}","{10,210},{20,410},{30,610},{40,810},{50,1010},{60,1210},{70,1410},{80,1610},{100,2010},{110,2210},{120,2410},{130,2610},{140,2860},{150,3146},{160,3461},{170,3807},{180,4188},{190,4607},{200,5068}","{10,210},{20,410},{30,610},{40,810},{50,1010},{60,1210},{70,1410},{80,1610},{100,2010},{110,2210},{120,2410},{130,2610},{140,2860},{150,3146},{160,3461},{170,3807},{180,4188},{190,4607},{200,5068}","{10,210},{20,410},{30,610},{40,810},{50,1010},{60,1210},{70,1410},{80,1610},{100,2010},{110,2210},{120,2410},{130,2610},{140,2860},{150,3146},{160,3461},{170,3807},{180,4188},{190,4607},{200,5068}","{10,210},{20,410},{30,610},{40,810},{50,1010},{60,1210},{70,1410},{80,1610},{100,2010},{110,2210},{120,2410},{130,2610},{140,2860},{150,3146},{160,3461},{170,3807},{180,4188},{190,4607},{200,5068}","{10,257},{20,300},{30,342},{40,385},{50,428},{60,471},{70,514},{80,557},{100,642},{110,685},{120,728},{130,771},{140,1103},{150,1214},{160,1335},{170,1468},{180,1615},{190,1777},{200,1955}",,
Siege_Cannon,Pháo Xa,1005,15,"{55,70000*6},{65,100000*6},{75,140000*6},{85,180000*6},{95,230000*6},{105,270000*6},{115,350000*6},{125,400000*6},{130,2941851},{140,3373740},{150,3862588},{160,4415469},{170,5040299},{180,5745941},{190,6542309},{200,7440490}",,0,,"{10,1140},{20,2090},{30,3040},{40,3990},{50,4940},{60,5889},{70,6839},{80,7789},{100,9689},{110,10640},{120,11590},{130,12540},{140,13699},{150,15086},{160,16587},{170,18240},{180,20083},{190,22078},{200,24282}","{20,120*5.5},{30,250*5.5},{40,400*5.5},{50,600*5.5}","{20,120*5.5},{30,250*5.5},{40,400*5.5},{50,600*5.5}",0,0,0,0,"{10,210},{20,410},{30,610},{40,810},{50,1010},{60,1210},{70,1410},{80,1610},{100,2010},{110,2210},{120,2410},{130,2610},{140,2860},{150,3146},{160,3461},{170,3807},{180,4188},{190,4607},{200,5068}","{10,210},{20,410},{30,610},{40,810},{50,1010},{60,1210},{70,1410},{80,1610},{100,2010},{110,2210},{120,2410},{130,2610},{140,2860},{150,3146},{160,3461},{170,3807},{180,4188},{190,4607},{200,5068}","{10,210},{20,410},{30,610},{40,810},{50,1010},{60,1210},{70,1410},{80,1610},{100,2010},{110,2210},{120,2410},{130,2610},{140,2860},{150,3146},{160,3461},{170,3807},{180,4188},{190,4607},{200,5068}","{10,210},{20,410},{30,610},{40,810},{50,1010},{60,1210},{70,1410},{80,1610},{100,2010},{110,2210},{120,2410},{130,2610},{140,2860},{150,3146},{160,3461},{170,3807},{180,4188},{190,4607},{200,5068}","{10,210},{20,410},{30,610},{40,810},{50,1010},{60,1210},{70,1410},{80,1610},{100,2010},{110,2210},{120,2410},{130,2610},{140,2860},{150,3146},{160,3461},{170,3807},{180,4188},{190,4607},{200,5068}","{10,257},{20,300},{30,342},{40,385},{50,428},{60,471},{70,514},{80,557},{100,642},{110,685},{120,728},{130,771},{140,1103},{150,1214},{160,1335},{170,1468},{180,1615},{190,1777},{200,1955}",,
Siege_Marksman,Thần Xạ Thủ,1006,15,"{55,70000*3},{65,100000*3},{75,140000*3},{85,180000*3},{95,230000*6},{105,270000*6},{115,350000*6},{125,400000*6},{130,2941851},{140,3373740},{150,3862588},{160,4415469},{170,5040299},{180,5745941},{190,6542309},{200,7440490}",,0,,"{10,1140},{20,2090},{30,3040},{40,3990},{50,4940},{60,5889},{70,6839},{80,7789},{100,9689},{110,10640},{120,11590},{130,12540},{140,13699},{150,15086},{160,16587},{170,18240},{180,20083},{190,22078},{200,24282}","{55,4500*1},{65,6500*1},{75,9500*1},{85,13000*1},{95,15000*1},{105,20000*1}","{55,4500*1},{65,6500*1},{75,9500*1},{85,13000*1},{95,15000*1},{105,20000*1}",0,0,0,0,"{10,210},{20,410},{30,610},{40,810},{50,1010},{60,1210},{70,1410},{80,1610},{100,2010},{110,2210},{120,2410},{130,2610},{140,2860},{150,3146},{160,3461},{170,3807},{180,4188},{190,4607},{200,5068}","{10,210},{20,410},{30,610},{40,810},{50,1010},{60,1210},{70,1410},{80,1610},{100,2010},{110,2210},{120,2410},{130,2610},{140,2860},{150,3146},{160,3461},{170,3807},{180,4188},{190,4607},{200,5068}","{10,210},{20,410},{30,610},{40,810},{50,1010},{60,1210},{70,1410},{80,1610},{100,2010},{110,2210},{120,2410},{130,2610},{140,2860},{150,3146},{160,3461},{170,3807},{180,4188},{190,4607},{200,5068}","{10,210},{20,410},{30,610},{40,810},{50,1010},{60,1210},{70,1410},{80,1610},{100,2010},{110,2210},{120,2410},{130,2610},{140,2860},{150,3146},{160,3461},{170,3807},{180,4188},{190,4607},{200,5068}","{10,210},{20,410},{30,610},{40,810},{50,1010},{60,1210},{70,1410},{80,1610},{100,2010},{110,2210},{120,2410},{130,2610},{140,2860},{150,3146},{160,3461},{170,3807},{180,4188},{190,4607},{200,5068}","{10,257},{20,300},{30,342},{40,385},{50,428},{60,471},{70,514},{80,557},{100,642},{110,685},{120,728},{130,771},{140,1103},{150,1214},{160,1335},{170,1468},{180,1615},{190,1777},{200,1955}",,
Siege_Flag,Cờ Cổ Vũ,1007,15,"{55,300000*6},{65,420000*6},{75,600000*6},{85,780000*6},{95,960000*6},{105,1150000*6},{115,1500000*6},{125,1800000*6},{130,13238333},{140,15181833},{150,17381650},{160,19869611},{170,22681349},{180,25856738},{190,29440391},{200,33482207}",,0,,"{10,1140},{20,2090},{30,3040},{40,3990},{50,4940},{60,5889},{70,6839},{80,7789},{100,9689},{110,10640},{120,11590},{130,12540},{140,13699},{150,15086},{160,16587},{170,18240},{180,20083},{190,22078},{200,24282}","{20,120*5.5},{30,250*5.5},{40,400*5.5},{50,600*5.5}","{20,120*5.5},{30,250*5.5},{40,400*5.5},{50,600*5.5}",0,0,0,0,"{10,210},{20,410},{30,610},{40,810},{50,1010},{60,1210},{70,1410},{80,1610},{100,2010},{110,2210},{120,2410},{130,2610},{140,2860},{150,3146},{160,3461},{170,3807},{180,4188},{190,4607},{200,5068}","{10,210},{20,410},{30,610},{40,810},{50,1010},{60,1210},{70,1410},{80,1610},{100,2010},{110,2210},{120,2410},{130,2610},{140,2860},{150,3146},{160,3461},{170,3807},{180,4188},{190,4607},{200,5068}","{10,210},{20,410},{30,610},{40,810},{50,1010},{60,1210},{70,1410},{80,1610},{100,2010},{110,2210},{120,2410},{130,2610},{140,2860},{150,3146},{160,3461},{170,3807},{180,4188},{190,4607},{200,5068}","{10,210},{20,410},{30,610},{40,810},{50,1010},{60,1210},{70,1410},{80,1610},{100,2010},{110,2210},{120,2410},{130,2610},{140,2860},{150,3146},{160,3461},{170,3807},{180,4188},{190,4607},{200,5068}","{10,210},{20,410},{30,610},{40,810},{50,1010},{60,1210},{70,1410},{80,1610},{100,2010},{110,2210},{120,2410},{130,2610},{140,2860},{150,3146},{160,3461},{170,3807},{180,4188},{190,4607},{200,5068}","{10,257},{20,300},{30,342},{40,385},{50,428},{60,471},{70,514},{80,557},{100,642},{110,685},{120,728},{130,771},{140,1103},{150,1214},{160,1335},{170,1468},{180,1615},{190,1777},{200,1955}",,
Siege_Totem_1,Long Trụ-Chính,1008,15,"{55,300000*50},{65,420000*50},{75,600000*50},{85,780000*50},{95,960000*50},{105,1150000*50},{115,1500000*50},{125,1800000*50},{130,110319444},{140,126515277},{150,144847083},{160,165580097},{170,189011243},{180,215472817},{190,245336593},{200,279018396},{220,277105603*3},{240,330996489*4},{260,384887375*5},{280,438778261*6},{300,492669147*6},{310,519614590*7},{320,546560033*8},{330,573505476*9},{340,600450919*10},{350,627396362*11},{360,654341805*12}",,0,,"{10,1140},{20,2090},{30,3040},{40,3990},{50,4940},{60,5889},{70,6839},{80,7789},{100,9689},{110,10640},{120,11590},{130,12540},{140,13699},{150,15086},{160,16587},{170,18240},{180,20083},{190,22078},{200,24282}","{20,120*5.5},{30,250*5.5},{40,400*5.5},{50,600*5.5}","{20,120*5.5},{30,250*5.5},{40,400*5.5},{50,600*5.5}",0,0,0,0,"{10,210},{20,410},{30,610},{40,810},{50,1010},{60,1210},{70,1410},{80,1610},{100,2010},{110,2210},{120,2410},{130,2610},{140,2860},{150,3146},{160,3461},{170,3807},{180,4188},{190,4607},{200,5068}","{10,210},{20,410},{30,610},{40,810},{50,1010},{60,1210},{70,1410},{80,1610},{100,2010},{110,2210},{120,2410},{130,2610},{140,2860},{150,3146},{160,3461},{170,3807},{180,4188},{190,4607},{200,5068}","{10,210},{20,410},{30,610},{40,810},{50,1010},{60,1210},{70,1410},{80,1610},{100,2010},{110,2210},{120,2410},{130,2610},{140,2860},{150,3146},{160,3461},{170,3807},{180,4188},{190,4607},{200,5068}","{10,210},{20,410},{30,610},{40,810},{50,1010},{60,1210},{70,1410},{80,1610},{100,2010},{110,2210},{120,2410},{130,2610},{140,2860},{150,3146},{160,3461},{170,3807},{180,4188},{190,4607},{200,5068}","{10,210},{20,410},{30,610},{40,810},{50,1010},{60,1210},{70,1410},{80,1610},{100,2010},{110,2210},{120,2410},{130,2610},{140,2860},{150,3146},{160,3461},{170,3807},{180,4188},{190,4607},{200,5068}","{10,257},{20,300},{30,342},{40,385},{50,428},{60,471},{70,514},{80,557},{100,642},{110,685},{120,728},{130,771},{140,1103},{150,1214},{160,1335},{170,1468},{180,1615},{190,1777},{200,1955}",,
Siege_Totem_2, lần Long Trụ,1009,15,"{55,300000*30},{65,420000*30},{75,600000*30},{85,780000*30},{95,960000*30},{105,1150000*30},{115,1500000*30},{125,1800000*30},{130,66191666},{140,75909166},{150,86908250},{160,99348058},{170,113406745},{180,129283690},{190,147201956},{200,167411038},{220,277105603*1.5},{240,330996489*2},{260,384887375*3},{280,438778261*4},{300,492669147*4},{310,519614590*5},{320,546560033*6},{330,573505476*7},{340,600450919*8},{350,627396362*9},{360,654341805*9}",,0,,"{10,1140},{20,2090},{30,3040},{40,3990},{50,4940},{60,5889},{70,6839},{80,7789},{100,9689},{110,10640},{120,11590},{130,12540},{140,13699},{150,15086},{160,16587},{170,18240},{180,20083},{190,22078},{200,24282}","{20,120*5.5},{30,250*5.5},{40,400*5.5},{50,600*5.5}","{20,120*5.5},{30,250*5.5},{40,400*5.5},{50,600*5.5}",0,0,0,0,"{10,210},{20,410},{30,610},{40,810},{50,1010},{60,1210},{70,1410},{80,1610},{100,2010},{110,2210},{120,2410},{130,2610},{140,2860},{150,3146},{160,3461},{170,3807},{180,4188},{190,4607},{200,5068}","{10,210},{20,410},{30,610},{40,810},{50,1010},{60,1210},{70,1410},{80,1610},{100,2010},{110,2210},{120,2410},{130,2610},{140,2860},{150,3146},{160,3461},{170,3807},{180,4188},{190,4607},{200,5068}","{10,210},{20,410},{30,610},{40,810},{50,1010},{60,1210},{70,1410},{80,1610},{100,2010},{110,2210},{120,2410},{130,2610},{140,2860},{150,3146},{160,3461},{170,3807},{180,4188},{190,4607},{200,5068}","{10,210},{20,410},{30,610},{40,810},{50,1010},{60,1210},{70,1410},{80,1610},{100,2010},{110,2210},{120,2410},{130,2610},{140,2860},{150,3146},{160,3461},{170,3807},{180,4188},{190,4607},{200,5068}","{10,210},{20,410},{30,610},{40,810},{50,1010},{60,1210},{70,1410},{80,1610},{100,2010},{110,2210},{120,2410},{130,2610},{140,2860},{150,3146},{160,3461},{170,3807},{180,4188},{190,4607},{200,5068}","{10,257},{20,300},{30,342},{40,385},{50,428},{60,471},{70,514},{80,557},{100,642},{110,685},{120,728},{130,771},{140,1103},{150,1214},{160,1335},{170,1468},{180,1615},{190,1777},{200,1955}",,
KFSiege_Totem_1,Long Trụ Nội Thành Liên SV,1010,15,"{55,300000*250},{65,420000*250},{75,600000*250},{85,780000*250},{95,960000*250},{105,1150000*250},{115,1500000*250},{125,1800000*250},{130,3000000*250},{140,3500000*250},{150,4200000*250},{160,5000000*250},{170,6000000*250},{180,7000000*250},{190,8000000*250},{200,10000000*250}",,0,,"{10,1140},{20,2090},{30,3040},{40,3990},{50,4940},{60,5889},{70,6839},{80,7789},{100,9689},{110,10640},{120,11590},{130,12540},{140,13699},{150,15086},{160,16587},{170,18240},{180,20083},{190,22078},{200,24282}","{20,120*5.5},{30,250*5.5},{40,400*5.5},{50,600*5.5}","{20,120*5.5},{30,250*5.5},{40,400*5.5},{50,600*5.5}",0,0,0,0,"{10,210},{20,410},{30,610},{40,810},{50,1010},{60,1210},{70,1410},{80,1610},{100,2010},{110,2210},{120,2410},{130,2610},{140,2860},{150,3146},{160,3461},{170,3807},{180,4188},{190,4607},{200,5068}","{10,210},{20,410},{30,610},{40,810},{50,1010},{60,1210},{70,1410},{80,1610},{100,2010},{110,2210},{120,2410},{130,2610},{140,2860},{150,3146},{160,3461},{170,3807},{180,4188},{190,4607},{200,5068}","{10,210},{20,410},{30,610},{40,810},{50,1010},{60,1210},{70,1410},{80,1610},{100,2010},{110,2210},{120,2410},{130,2610},{140,2860},{150,3146},{160,3461},{170,3807},{180,4188},{190,4607},{200,5068}","{10,210},{20,410},{30,610},{40,810},{50,1010},{60,1210},{70,1410},{80,1610},{100,2010},{110,2210},{120,2410},{130,2610},{140,2860},{150,3146},{160,3461},{170,3807},{180,4188},{190,4607},{200,5068}","{10,210},{20,410},{30,610},{40,810},{50,1010},{60,1210},{70,1410},{80,1610},{100,2010},{110,2210},{120,2410},{130,2610},{140,2860},{150,3146},{160,3461},{170,3807},{180,4188},{190,4607},{200,5068}","{10,257},{20,300},{30,342},{40,385},{50,428},{60,471},{70,514},{80,557},{100,642},{110,685},{120,728},{130,771},{140,1103},{150,1214},{160,1335},{170,1468},{180,1615},{190,1777},{200,1955}",,
KFSiege_Totem_2,Long Trụ Ngoại Thành Liên SV,1011,15,"{55,300000*150},{65,420000*150},{75,600000*150},{85,780000*150},{95,960000*150},{105,1150000*150},{115,1500000*150},{125,1800000*150},{130,3000000*150},{140,3500000*150},{150,4200000*150},{160,5000000*150},{170,6000000*150},{180,7000000*150},{190,8000000*150},{200,10000000*150}",,0,,"{10,1140},{20,2090},{30,3040},{40,3990},{50,4940},{60,5889},{70,6839},{80,7789},{100,9689},{110,10640},{120,11590},{130,12540},{140,13699},{150,15086},{160,16587},{170,18240},{180,20083},{190,22078},{200,24282}","{20,120*5.5},{30,250*5.5},{40,400*5.5},{50,600*5.5}","{20,120*5.5},{30,250*5.5},{40,400*5.5},{50,600*5.5}",0,0,0,0,"{10,210},{20,410},{30,610},{40,810},{50,1010},{60,1210},{70,1410},{80,1610},{100,2010},{110,2210},{120,2410},{130,2610},{140,2860},{150,3146},{160,3461},{170,3807},{180,4188},{190,4607},{200,5068}","{10,210},{20,410},{30,610},{40,810},{50,1010},{60,1210},{70,1410},{80,1610},{100,2010},{110,2210},{120,2410},{130,2610},{140,2860},{150,3146},{160,3461},{170,3807},{180,4188},{190,4607},{200,5068}","{10,210},{20,410},{30,610},{40,810},{50,1010},{60,1210},{70,1410},{80,1610},{100,2010},{110,2210},{120,2410},{130,2610},{140,2860},{150,3146},{160,3461},{170,3807},{180,4188},{190,4607},{200,5068}","{10,210},{20,410},{30,610},{40,810},{50,1010},{60,1210},{70,1410},{80,1610},{100,2010},{110,2210},{120,2410},{130,2610},{140,2860},{150,3146},{160,3461},{170,3807},{180,4188},{190,4607},{200,5068}","{10,210},{20,410},{30,610},{40,810},{50,1010},{60,1210},{70,1410},{80,1610},{100,2010},{110,2210},{120,2410},{130,2610},{140,2860},{150,3146},{160,3461},{170,3807},{180,4188},{190,4607},{200,5068}","{10,257},{20,300},{30,342},{40,385},{50,428},{60,471},{70,514},{80,557},{100,642},{110,685},{120,728},{130,771},{140,1103},{150,1214},{160,1335},{170,1468},{180,1615},{190,1777},{200,1955}",,
KFSiege_Gate,Ngoại Môn Liên SV,1012,15,"{55,300000*300},{65,420000*300},{75,600000*300},{85,780000*300},{95,960000*300},{105,1150000*300},{115,1500000*300},{125,1800000*300},{130,3000000*300},{140,3500000*300},{150,4200000*300},{160,5000000*300},{170,6000000*300},{180,7000000*300},{190,8000000*300},{200,10000000*300}",,0,,"{10,1140},{20,2090},{30,3040},{40,3990},{50,4940},{60,5889},{70,6839},{80,7789},{100,9689},{110,10640},{120,11590},{130,12540},{140,13699},{150,15086},{160,16587},{170,18240},{180,20083},{190,22078},{200,24282}","{20,120*5.5},{30,250*5.5},{40,400*5.5},{50,600*5.5}","{20,120*5.5},{30,250*5.5},{40,400*5.5},{50,600*5.5}",0,0,0,0,"{10,210},{20,410},{30,610},{40,810},{50,1010},{60,1210},{70,1410},{80,1610},{100,2010},{110,2210},{120,2410},{130,2610},{140,2860},{150,3146},{160,3461},{170,3807},{180,4188},{190,4607},{200,5068}","{10,210},{20,410},{30,610},{40,810},{50,1010},{60,1210},{70,1410},{80,1610},{100,2010},{110,2210},{120,2410},{130,2610},{140,2860},{150,3146},{160,3461},{170,3807},{180,4188},{190,4607},{200,5068}","{10,210},{20,410},{30,610},{40,810},{50,1010},{60,1210},{70,1410},{80,1610},{100,2010},{110,2210},{120,2410},{130,2610},{140,2860},{150,3146},{160,3461},{170,3807},{180,4188},{190,4607},{200,5068}","{10,210},{20,410},{30,610},{40,810},{50,1010},{60,1210},{70,1410},{80,1610},{100,2010},{110,2210},{120,2410},{130,2610},{140,2860},{150,3146},{160,3461},{170,3807},{180,4188},{190,4607},{200,5068}","{10,210},{20,410},{30,610},{40,810},{50,1010},{60,1210},{70,1410},{80,1610},{100,2010},{110,2210},{120,2410},{130,2610},{140,2860},{150,3146},{160,3461},{170,3807},{180,4188},{190,4607},{200,5068}","{10,257},{20,300},{30,342},{40,385},{50,428},{60,471},{70,514},{80,557},{100,642},{110,685},{120,728},{130,771},{140,1103},{150,1214},{160,1335},{170,1468},{180,1615},{190,1777},{200,1955}",,
KFSiege_Monument,Bia Thủ Nội Thành Liên SV,1013,15,"{55,300000*200},{65,420000*200},{75,600000*200},{85,780000*200},{95,960000*200},{105,1150000*200},{115,1500000*200},{125,1800000*200},{130,3000000*200},{140,3500000*200},{150,4200000*200},{160,5000000*200},{170,6000000*200},{180,7000000*200},{190,8000000*200},{200,10000000*200}",,0,,"{10,1140},{20,2090},{30,3040},{40,3990},{50,4940},{60,5889},{70,6839},{80,7789},{100,9689},{110,10640},{120,11590},{130,12540},{140,13699},{150,15086},{160,16587},{170,18240},{180,20083},{190,22078},{200,24282}","{20,120*5.5},{30,250*5.5},{40,400*5.5},{50,600*5.5}","{20,120*5.5},{30,250*5.5},{40,400*5.5},{50,600*5.5}",0,0,0,0,"{10,210},{20,410},{30,610},{40,810},{50,1010},{60,1210},{70,1410},{80,1610},{100,2010},{110,2210},{120,2410},{130,2610},{140,2860},{150,3146},{160,3461},{170,3807},{180,4188},{190,4607},{200,5068}","{10,210},{20,410},{30,610},{40,810},{50,1010},{60,1210},{70,1410},{80,1610},{100,2010},{110,2210},{120,2410},{130,2610},{140,2860},{150,3146},{160,3461},{170,3807},{180,4188},{190,4607},{200,5068}","{10,210},{20,410},{30,610},{40,810},{50,1010},{60,1210},{70,1410},{80,1610},{100,2010},{110,2210},{120,2410},{130,2610},{140,2860},{150,3146},{160,3461},{170,3807},{180,4188},{190,4607},{200,5068}","{10,210},{20,410},{30,610},{40,810},{50,1010},{60,1210},{70,1410},{80,1610},{100,2010},{110,2210},{120,2410},{130,2610},{140,2860},{150,3146},{160,3461},{170,3807},{180,4188},{190,4607},{200,5068}","{10,210},{20,410},{30,610},{40,810},{50,1010},{60,1210},{70,1410},{80,1610},{100,2010},{110,2210},{120,2410},{130,2610},{140,2860},{150,3146},{160,3461},{170,3807},{180,4188},{190,4607},{200,5068}","{10,257},{20,300},{30,342},{40,385},{50,428},{60,471},{70,514},{80,557},{100,642},{110,685},{120,728},{130,771},{140,1103},{150,1214},{160,1335},{170,1468},{180,1615},{190,1777},{200,1955}",,
KFSiege_Throne,Vương Tọa Nội Thành Liên SV,1014,15,"{55,300000*120},{65,420000*120},{75,600000*120},{85,780000*120},{95,960000*120},{105,1150000*120},{115,1500000*120},{125,1800000*120},{130,3000000*120},{140,3500000*120},{150,4200000*120},{160,5000000*120},{170,6000000*120},{180,7000000*120},{190,8000000*120},{200,10000000*120}",,0,,"{10,1140},{20,2090},{30,3040},{40,3990},{50,4940},{60,5889},{70,6839},{80,7789},{100,9689},{110,10640},{120,11590},{130,12540},{140,13699},{150,15086},{160,16587},{170,18240},{180,20083},{190,22078},{200,24282}","{20,120*5.5},{30,250*5.5},{40,400*5.5},{50,600*5.5}","{20,120*5.5},{30,250*5.5},{40,400*5.5},{50,600*5.5}",0,0,0,0,"{10,210},{20,410},{30,610},{40,810},{50,1010},{60,1210},{70,1410},{80,1610},{100,2010},{110,2210},{120,2410},{130,2610},{140,2860},{150,3146},{160,3461},{170,3807},{180,4188},{190,4607},{200,5068}","{10,210},{20,410},{30,610},{40,810},{50,1010},{60,1210},{70,1410},{80,1610},{100,2010},{110,2210},{120,2410},{130,2610},{140,2860},{150,3146},{160,3461},{170,3807},{180,4188},{190,4607},{200,5068}","{10,210},{20,410},{30,610},{40,810},{50,1010},{60,1210},{70,1410},{80,1610},{100,2010},{110,2210},{120,2410},{130,2610},{140,2860},{150,3146},{160,3461},{170,3807},{180,4188},{190,4607},{200,5068}","{10,210},{20,410},{30,610},{40,810},{50,1010},{60,1210},{70,1410},{80,1610},{100,2010},{110,2210},{120,2410},{130,2610},{140,2860},{150,3146},{160,3461},{170,3807},{180,4188},{190,4607},{200,5068}","{10,210},{20,410},{30,610},{40,810},{50,1010},{60,1210},{70,1410},{80,1610},{100,2010},{110,2210},{120,2410},{130,2610},{140,2860},{150,3146},{160,3461},{170,3807},{180,4188},{190,4607},{200,5068}","{10,257},{20,300},{30,342},{40,385},{50,428},{60,471},{70,514},{80,557},{100,642},{110,685},{120,728},{130,771},{140,1103},{150,1214},{160,1335},{170,1468},{180,1615},{190,1777},{200,1955}",,
KinBattle_Totem1,Long Trụ,1101,15,"{55,21600000},{65,30240000},{75,43200000},{85,56160000},{95,69120000},{105,82800000},{115,108000000},{125,129600000},{130,158859998},{140,182181998},{150,208579800},{160,238435339},{170,272176188},{180,310280856},{190,353284694},{200,401786491}",,0,,"{10,1140},{20,2090},{30,3040},{40,3990},{50,4940},{60,5889},{70,6839},{80,7789},{100,9689},{110,10640},{120,11590},{130,12540},{140,13699},{150,15086},{160,16587},{170,18240},{180,20083},{190,22078},{200,24282}","{20,120*5.5},{30,250*5.5},{40,400*5.5},{50,600*5.5}","{20,120*5.5},{30,250*5.5},{40,400*5.5},{50,600*5.5}",0,0,0,0,"{10,210},{20,410},{30,610},{40,810},{50,1010},{60,1210},{70,1410},{80,1610},{100,2010},{110,2210},{120,2410},{130,2610},{140,2860},{150,3146},{160,3461},{170,3807},{180,4188},{190,4607},{200,5068}","{10,210},{20,410},{30,610},{40,810},{50,1010},{60,1210},{70,1410},{80,1610},{100,2010},{110,2210},{120,2410},{130,2610},{140,2860},{150,3146},{160,3461},{170,3807},{180,4188},{190,4607},{200,5068}","{10,210},{20,410},{30,610},{40,810},{50,1010},{60,1210},{70,1410},{80,1610},{100,2010},{110,2210},{120,2410},{130,2610},{140,2860},{150,3146},{160,3461},{170,3807},{180,4188},{190,4607},{200,5068}","{10,210},{20,410},{30,610},{40,810},{50,1010},{60,1210},{70,1410},{80,1610},{100,2010},{110,2210},{120,2410},{130,2610},{140,2860},{150,3146},{160,3461},{170,3807},{180,4188},{190,4607},{200,5068}","{10,210},{20,410},{30,610},{40,810},{50,1010},{60,1210},{70,1410},{80,1610},{100,2010},{110,2210},{120,2410},{130,2610},{140,2860},{150,3146},{160,3461},{170,3807},{180,4188},{190,4607},{200,5068}","{10,257},{20,300},{30,342},{40,385},{50,428},{60,471},{70,514},{80,557},{100,642},{110,685},{120,728},{130,771},{140,1103},{150,1214},{160,1335},{170,1468},{180,1615},{190,1777},{200,1955}",,
KinBattle_Totem2,Long Trụ,1102,15,"{55,21600000*2},{65,30240000*2},{75,43200000*2},{85,56160000*2},{95,69120000*2},{105,82800000*2},{115,108000000*2},{125,129600000*2},{130,158859998*2},{140,182181998*2},{150,208579800*2},{160,238435339*2},{170,272176188*2},{180,310280856*2},{190,353284694*2},{200,401786491*2}",,0,,"{10,1140},{20,2090},{30,3040},{40,3990},{50,4940},{60,5889},{70,6839},{80,7789},{100,9689},{110,10640},{120,11590},{130,12540},{140,13699},{150,15086},{160,16587},{170,18240},{180,20083},{190,22078},{200,24282}","{20,120*5.5},{30,250*5.5},{40,400*5.5},{50,600*5.5}","{20,120*5.5},{30,250*5.5},{40,400*5.5},{50,600*5.5}",0,0,0,0,"{10,210},{20,410},{30,610},{40,810},{50,1010},{60,1210},{70,1410},{80,1610},{100,2010},{110,2210},{120,2410},{130,2610},{140,2860},{150,3146},{160,3461},{170,3807},{180,4188},{190,4607},{200,5068}","{10,210},{20,410},{30,610},{40,810},{50,1010},{60,1210},{70,1410},{80,1610},{100,2010},{110,2210},{120,2410},{130,2610},{140,2860},{150,3146},{160,3461},{170,3807},{180,4188},{190,4607},{200,5068}","{10,210},{20,410},{30,610},{40,810},{50,1010},{60,1210},{70,1410},{80,1610},{100,2010},{110,2210},{120,2410},{130,2610},{140,2860},{150,3146},{160,3461},{170,3807},{180,4188},{190,4607},{200,5068}","{10,210},{20,410},{30,610},{40,810},{50,1010},{60,1210},{70,1410},{80,1610},{100,2010},{110,2210},{120,2410},{130,2610},{140,2860},{150,3146},{160,3461},{170,3807},{180,4188},{190,4607},{200,5068}","{10,210},{20,410},{30,610},{40,810},{50,1010},{60,1210},{70,1410},{80,1610},{100,2010},{110,2210},{120,2410},{130,2610},{140,2860},{150,3146},{160,3461},{170,3807},{180,4188},{190,4607},{200,5068}","{10,257},{20,300},{30,342},{40,385},{50,428},{60,471},{70,514},{80,557},{100,642},{110,685},{120,728},{130,771},{140,1103},{150,1214},{160,1335},{170,1468},{180,1615},{190,1777},{200,1955}",,
KinBattle_Totem3,Long Trụ,1103,15,"{55,21600000*3},{65,30240000*3},{75,43200000*3},{85,56160000*3},{95,69120000*3},{105,82800000*3},{115,108000000*3},{125,129600000*3},{130,158859998*3},{140,182181998*3},{150,208579800*3},{160,238435339*3},{170,272176188*3},{180,310280856*3},{190,353284694*3},{200,401786491*3}",,0,,"{10,1140},{20,2090},{30,3040},{40,3990},{50,4940},{60,5889},{70,6839},{80,7789},{100,9689},{110,10640},{120,11590},{130,12540},{140,13699},{150,15086},{160,16587},{170,18240},{180,20083},{190,22078},{200,24282}","{20,120*5.5},{30,250*5.5},{40,400*5.5},{50,600*5.5}","{20,120*5.5},{30,250*5.5},{40,400*5.5},{50,600*5.5}",0,0,0,0,"{10,210},{20,410},{30,610},{40,810},{50,1010},{60,1210},{70,1410},{80,1610},{100,2010},{110,2210},{120,2410},{130,2610},{140,2860},{150,3146},{160,3461},{170,3807},{180,4188},{190,4607},{200,5068}","{10,210},{20,410},{30,610},{40,810},{50,1010},{60,1210},{70,1410},{80,1610},{100,2010},{110,2210},{120,2410},{130,2610},{140,2860},{150,3146},{160,3461},{170,3807},{180,4188},{190,4607},{200,5068}","{10,210},{20,410},{30,610},{40,810},{50,1010},{60,1210},{70,1410},{80,1610},{100,2010},{110,2210},{120,2410},{130,2610},{140,2860},{150,3146},{160,3461},{170,3807},{180,4188},{190,4607},{200,5068}","{10,210},{20,410},{30,610},{40,810},{50,1010},{60,1210},{70,1410},{80,1610},{100,2010},{110,2210},{120,2410},{130,2610},{140,2860},{150,3146},{160,3461},{170,3807},{180,4188},{190,4607},{200,5068}","{10,210},{20,410},{30,610},{40,810},{50,1010},{60,1210},{70,1410},{80,1610},{100,2010},{110,2210},{120,2410},{130,2610},{140,2860},{150,3146},{160,3461},{170,3807},{180,4188},{190,4607},{200,5068}","{10,257},{20,300},{30,342},{40,385},{50,428},{60,471},{70,514},{80,557},{100,642},{110,685},{120,728},{130,771},{140,1103},{150,1214},{160,1335},{170,1468},{180,1615},{190,1777},{200,1955}",,
KinBattle_Totem4,Long Trụ,1104,15,"{55,21600000*4},{65,30240000*4},{75,43200000*4},{85,56160000*4},{95,69120000*4},{105,82800000*4},{115,108000000*4},{125,129600000*4},{130,158859998*4},{140,182181998*4},{150,208579800*4},{160,238435339*4},{170,272176188*4},{180,310280856*4},{190,353284694*4},{200,401786491*4}",,0,,"{10,1140},{20,2090},{30,3040},{40,3990},{50,4940},{60,5889},{70,6839},{80,7789},{100,9689},{110,10640},{120,11590},{130,12540},{140,13699},{150,15086},{160,16587},{170,18240},{180,20083},{190,22078},{200,24282}","{20,120*5.5},{30,250*5.5},{40,400*5.5},{50,600*5.5}","{20,120*5.5},{30,250*5.5},{40,400*5.5},{50,600*5.5}",0,0,0,0,"{10,210},{20,410},{30,610},{40,810},{50,1010},{60,1210},{70,1410},{80,1610},{100,2010},{110,2210},{120,2410},{130,2610},{140,2860},{150,3146},{160,3461},{170,3807},{180,4188},{190,4607},{200,5068}","{10,210},{20,410},{30,610},{40,810},{50,1010},{60,1210},{70,1410},{80,1610},{100,2010},{110,2210},{120,2410},{130,2610},{140,2860},{150,3146},{160,3461},{170,3807},{180,4188},{190,4607},{200,5068}","{10,210},{20,410},{30,610},{40,810},{50,1010},{60,1210},{70,1410},{80,1610},{100,2010},{110,2210},{120,2410},{130,2610},{140,2860},{150,3146},{160,3461},{170,3807},{180,4188},{190,4607},{200,5068}","{10,210},{20,410},{30,610},{40,810},{50,1010},{60,1210},{70,1410},{80,1610},{100,2010},{110,2210},{120,2410},{130,2610},{140,2860},{150,3146},{160,3461},{170,3807},{180,4188},{190,4607},{200,5068}","{10,210},{20,410},{30,610},{40,810},{50,1010},{60,1210},{70,1410},{80,1610},{100,2010},{110,2210},{120,2410},{130,2610},{140,2860},{150,3146},{160,3461},{170,3807},{180,4188},{190,4607},{200,5068}","{10,257},{20,300},{30,342},{40,385},{50,428},{60,471},{70,514},{80,557},{100,642},{110,685},{120,728},{130,771},{140,1103},{150,1214},{160,1335},{170,1468},{180,1615},{190,1777},{200,1955}",,
KinBattle_Totem5,Long Trụ,1105,15,"{55,21600000*5},{65,30240000*5},{75,43200000*5},{85,56160000*5},{95,69120000*5},{105,82800000*5},{115,108000000*5},{125,129600000*5},{130,158859998*5},{140,182181998*5},{150,208579800*5},{160,238435339*5},{170,272176188*5},{180,310280856*5},{190,353284694*5},{200,401786491*5}",,0,,"{10,1140},{20,2090},{30,3040},{40,3990},{50,4940},{60,5889},{70,6839},{80,7789},{100,9689},{110,10640},{120,11590},{130,12540},{140,13699},{150,15086},{160,16587},{170,18240},{180,20083},{190,22078},{200,24282}","{20,120*5.5},{30,250*5.5},{40,400*5.5},{50,600*5.5}","{20,120*5.5},{30,250*5.5},{40,400*5.5},{50,600*5.5}",0,0,0,0,"{10,210},{20,410},{30,610},{40,810},{50,1010},{60,1210},{70,1410},{80,1610},{100,2010},{110,2210},{120,2410},{130,2610},{140,2860},{150,3146},{160,3461},{170,3807},{180,4188},{190,4607},{200,5068}","{10,210},{20,410},{30,610},{40,810},{50,1010},{60,1210},{70,1410},{80,1610},{100,2010},{110,2210},{120,2410},{130,2610},{140,2860},{150,3146},{160,3461},{170,3807},{180,4188},{190,4607},{200,5068}","{10,210},{20,410},{30,610},{40,810},{50,1010},{60,1210},{70,1410},{80,1610},{100,2010},{110,2210},{120,2410},{130,2610},{140,2860},{150,3146},{160,3461},{170,3807},{180,4188},{190,4607},{200,5068}","{10,210},{20,410},{30,610},{40,810},{50,1010},{60,1210},{70,1410},{80,1610},{100,2010},{110,2210},{120,2410},{130,2610},{140,2860},{150,3146},{160,3461},{170,3807},{180,4188},{190,4607},{200,5068}","{10,210},{20,410},{30,610},{40,810},{50,1010},{60,1210},{70,1410},{80,1610},{100,2010},{110,2210},{120,2410},{130,2610},{140,2860},{150,3146},{160,3461},{170,3807},{180,4188},{190,4607},{200,5068}","{10,257},{20,300},{30,342},{40,385},{50,428},{60,471},{70,514},{80,557},{100,642},{110,685},{120,728},{130,771},{140,1103},{150,1214},{160,1335},{170,1468},{180,1615},{190,1777},{200,1955}",,
KinBattle_Totem6,Long Trụ,1106,15,"{55,21600000*6},{65,30240000*6},{75,43200000*6},{85,56160000*6},{95,69120000*6},{105,82800000*6},{115,108000000*6},{125,129600000*6},{130,158859998*6},{140,182181998*6},{150,208579800*6},{160,238435339*6},{170,272176188*6},{180,310280856*6},{190,353284694*6},{200,401786491*6}",,0,,"{10,1140},{20,2090},{30,3040},{40,3990},{50,4940},{60,5889},{70,6839},{80,7789},{100,9689},{110,10640},{120,11590},{130,12540},{140,13699},{150,15086},{160,16587},{170,18240},{180,20083},{190,22078},{200,24282}","{20,120*5.5},{30,250*5.5},{40,400*5.5},{50,600*5.5}","{20,120*5.5},{30,250*5.5},{40,400*5.5},{50,600*5.5}",0,0,0,0,"{10,210},{20,410},{30,610},{40,810},{50,1010},{60,1210},{70,1410},{80,1610},{100,2010},{110,2210},{120,2410},{130,2610},{140,2860},{150,3146},{160,3461},{170,3807},{180,4188},{190,4607},{200,5068}","{10,210},{20,410},{30,610},{40,810},{50,1010},{60,1210},{70,1410},{80,1610},{100,2010},{110,2210},{120,2410},{130,2610},{140,2860},{150,3146},{160,3461},{170,3807},{180,4188},{190,4607},{200,5068}","{10,210},{20,410},{30,610},{40,810},{50,1010},{60,1210},{70,1410},{80,1610},{100,2010},{110,2210},{120,2410},{130,2610},{140,2860},{150,3146},{160,3461},{170,3807},{180,4188},{190,4607},{200,5068}","{10,210},{20,410},{30,610},{40,810},{50,1010},{60,1210},{70,1410},{80,1610},{100,2010},{110,2210},{120,2410},{130,2610},{140,2860},{150,3146},{160,3461},{170,3807},{180,4188},{190,4607},{200,5068}","{10,210},{20,410},{30,610},{40,810},{50,1010},{60,1210},{70,1410},{80,1610},{100,2010},{110,2210},{120,2410},{130,2610},{140,2860},{150,3146},{160,3461},{170,3807},{180,4188},{190,4607},{200,5068}","{10,257},{20,300},{30,342},{40,385},{50,428},{60,471},{70,514},{80,557},{100,642},{110,685},{120,728},{130,771},{140,1103},{150,1214},{160,1335},{170,1468},{180,1615},{190,1777},{200,1955}",,
KinBattle_Totem7,Long Trụ,1107,15,"{55,21600000*7},{65,30240000*7},{75,43200000*7},{85,56160000*7},{95,69120000*7},{105,82800000*7},{115,108000000*7},{125,129600000*7},{130,158859998*7},{140,182181998*7},{150,208579800*7},{160,238435339*7},{170,272176188*7},{180,310280856*7},{190,353284694*7},{200,401786491*7}",,0,,"{10,1140},{20,2090},{30,3040},{40,3990},{50,4940},{60,5889},{70,6839},{80,7789},{100,9689},{110,10640},{120,11590},{130,12540},{140,13699},{150,15086},{160,16587},{170,18240},{180,20083},{190,22078},{200,24282}","{20,120*5.5},{30,250*5.5},{40,400*5.5},{50,600*5.5}","{20,120*5.5},{30,250*5.5},{40,400*5.5},{50,600*5.5}",0,0,0,0,"{10,210},{20,410},{30,610},{40,810},{50,1010},{60,1210},{70,1410},{80,1610},{100,2010},{110,2210},{120,2410},{130,2610},{140,2860},{150,3146},{160,3461},{170,3807},{180,4188},{190,4607},{200,5068}","{10,210},{20,410},{30,610},{40,810},{50,1010},{60,1210},{70,1410},{80,1610},{100,2010},{110,2210},{120,2410},{130,2610},{140,2860},{150,3146},{160,3461},{170,3807},{180,4188},{190,4607},{200,5068}","{10,210},{20,410},{30,610},{40,810},{50,1010},{60,1210},{70,1410},{80,1610},{100,2010},{110,2210},{120,2410},{130,2610},{140,2860},{150,3146},{160,3461},{170,3807},{180,4188},{190,4607},{200,5068}","{10,210},{20,410},{30,610},{40,810},{50,1010},{60,1210},{70,1410},{80,1610},{100,2010},{110,2210},{120,2410},{130,2610},{140,2860},{150,3146},{160,3461},{170,3807},{180,4188},{190,4607},{200,5068}","{10,210},{20,410},{30,610},{40,810},{50,1010},{60,1210},{70,1410},{80,1610},{100,2010},{110,2210},{120,2410},{130,2610},{140,2860},{150,3146},{160,3461},{170,3807},{180,4188},{190,4607},{200,5068}","{10,257},{20,300},{30,342},{40,385},{50,428},{60,471},{70,514},{80,557},{100,642},{110,685},{120,728},{130,771},{140,1103},{150,1214},{160,1335},{170,1468},{180,1615},{190,1777},{200,1955}",,
KinBattle_Building1,Kho Lương&Thần Mộc,1108,15,"{55,10800000},{65,15120000},{75,21600000},{85,28080000},{95,34560000},{105,41400000},{115,54000000},{125,64800000},{130,79429999},{140,91090999},{150,104289900},{160,119217669},{170,136088094},{180,155140428},{190,176642347},{200,200893245}",,0,,"{10,1140},{20,2090},{30,3040},{40,3990},{50,4940},{60,5889},{70,6839},{80,7789},{100,9689},{110,10640},{120,11590},{130,12540},{140,13699},{150,15086},{160,16587},{170,18240},{180,20083},{190,22078},{200,24282}","{20,120*5.5},{30,250*5.5},{40,400*5.5},{50,600*5.5}","{20,120*5.5},{30,250*5.5},{40,400*5.5},{50,600*5.5}",0,0,0,0,"{10,210},{20,410},{30,610},{40,810},{50,1010},{60,1210},{70,1410},{80,1610},{100,2010},{110,2210},{120,2410},{130,2610},{140,2860},{150,3146},{160,3461},{170,3807},{180,4188},{190,4607},{200,5068}","{10,210},{20,410},{30,610},{40,810},{50,1010},{60,1210},{70,1410},{80,1610},{100,2010},{110,2210},{120,2410},{130,2610},{140,2860},{150,3146},{160,3461},{170,3807},{180,4188},{190,4607},{200,5068}","{10,210},{20,410},{30,610},{40,810},{50,1010},{60,1210},{70,1410},{80,1610},{100,2010},{110,2210},{120,2410},{130,2610},{140,2860},{150,3146},{160,3461},{170,3807},{180,4188},{190,4607},{200,5068}","{10,210},{20,410},{30,610},{40,810},{50,1010},{60,1210},{70,1410},{80,1610},{100,2010},{110,2210},{120,2410},{130,2610},{140,2860},{150,3146},{160,3461},{170,3807},{180,4188},{190,4607},{200,5068}","{10,210},{20,410},{30,610},{40,810},{50,1010},{60,1210},{70,1410},{80,1610},{100,2010},{110,2210},{120,2410},{130,2610},{140,2860},{150,3146},{160,3461},{170,3807},{180,4188},{190,4607},{200,5068}","{10,257},{20,300},{30,342},{40,385},{50,428},{60,471},{70,514},{80,557},{100,642},{110,685},{120,728},{130,771},{140,1103},{150,1214},{160,1335},{170,1468},{180,1615},{190,1777},{200,1955}",,
KinBattle_Building2,Kho Lương&Thần Mộc,1109,15,"{55,10800000*2},{65,15120000*2},{75,21600000*2},{85,28080000*2},{95,34560000*2},{105,41400000*2},{115,54000000*2},{125,64800000*2},{130,79429999*2},{140,91090999*2},{150,104289900*2},{160,119217669*2},{170,136088094*2},{180,155140428*2},{190,176642347*2},{200,200893245*2}",,0,,"{10,1140},{20,2090},{30,3040},{40,3990},{50,4940},{60,5889},{70,6839},{80,7789},{100,9689},{110,10640},{120,11590},{130,12540},{140,13699},{150,15086},{160,16587},{170,18240},{180,20083},{190,22078},{200,24282}","{20,120*5.5},{30,250*5.5},{40,400*5.5},{50,600*5.5}","{20,120*5.5},{30,250*5.5},{40,400*5.5},{50,600*5.5}",0,0,0,0,"{10,210},{20,410},{30,610},{40,810},{50,1010},{60,1210},{70,1410},{80,1610},{100,2010},{110,2210},{120,2410},{130,2610},{140,2860},{150,3146},{160,3461},{170,3807},{180,4188},{190,4607},{200,5068}","{10,210},{20,410},{30,610},{40,810},{50,1010},{60,1210},{70,1410},{80,1610},{100,2010},{110,2210},{120,2410},{130,2610},{140,2860},{150,3146},{160,3461},{170,3807},{180,4188},{190,4607},{200,5068}","{10,210},{20,410},{30,610},{40,810},{50,1010},{60,1210},{70,1410},{80,1610},{100,2010},{110,2210},{120,2410},{130,2610},{140,2860},{150,3146},{160,3461},{170,3807},{180,4188},{190,4607},{200,5068}","{10,210},{20,410},{30,610},{40,810},{50,1010},{60,1210},{70,1410},{80,1610},{100,2010},{110,2210},{120,2410},{130,2610},{140,2860},{150,3146},{160,3461},{170,3807},{180,4188},{190,4607},{200,5068}","{10,210},{20,410},{30,610},{40,810},{50,1010},{60,1210},{70,1410},{80,1610},{100,2010},{110,2210},{120,2410},{130,2610},{140,2860},{150,3146},{160,3461},{170,3807},{180,4188},{190,4607},{200,5068}","{10,257},{20,300},{30,342},{40,385},{50,428},{60,471},{70,514},{80,557},{100,642},{110,685},{120,728},{130,771},{140,1103},{150,1214},{160,1335},{170,1468},{180,1615},{190,1777},{200,1955}",,
KinBattle_Building3,Kho Lương&Thần Mộc,1110,15,"{55,10800000*3},{65,15120000*3},{75,21600000*3},{85,28080000*3},{95,34560000*3},{105,41400000*3},{115,54000000*3},{125,64800000*3},{130,79429999*3},{140,91090999*3},{150,104289900*3},{160,119217669*3},{170,136088094*3},{180,155140428*3},{190,176642347*3},{200,200893245*3}",,0,,"{10,1140},{20,2090},{30,3040},{40,3990},{50,4940},{60,5889},{70,6839},{80,7789},{100,9689},{110,10640},{120,11590},{130,12540},{140,13699},{150,15086},{160,16587},{170,18240},{180,20083},{190,22078},{200,24282}","{20,120*5.5},{30,250*5.5},{40,400*5.5},{50,600*5.5}","{20,120*5.5},{30,250*5.5},{40,400*5.5},{50,600*5.5}",0,0,0,0,"{10,210},{20,410},{30,610},{40,810},{50,1010},{60,1210},{70,1410},{80,1610},{100,2010},{110,2210},{120,2410},{130,2610},{140,2860},{150,3146},{160,3461},{170,3807},{180,4188},{190,4607},{200,5068}","{10,210},{20,410},{30,610},{40,810},{50,1010},{60,1210},{70,1410},{80,1610},{100,2010},{110,2210},{120,2410},{130,2610},{140,2860},{150,3146},{160,3461},{170,3807},{180,4188},{190,4607},{200,5068}","{10,210},{20,410},{30,610},{40,810},{50,1010},{60,1210},{70,1410},{80,1610},{100,2010},{110,2210},{120,2410},{130,2610},{140,2860},{150,3146},{160,3461},{170,3807},{180,4188},{190,4607},{200,5068}","{10,210},{20,410},{30,610},{40,810},{50,1010},{60,1210},{70,1410},{80,1610},{100,2010},{110,2210},{120,2410},{130,2610},{140,2860},{150,3146},{160,3461},{170,3807},{180,4188},{190,4607},{200,5068}","{10,210},{20,410},{30,610},{40,810},{50,1010},{60,1210},{70,1410},{80,1610},{100,2010},{110,2210},{120,2410},{130,2610},{140,2860},{150,3146},{160,3461},{170,3807},{180,4188},{190,4607},{200,5068}","{10,257},{20,300},{30,342},{40,385},{50,428},{60,471},{70,514},{80,557},{100,642},{110,685},{120,728},{130,771},{140,1103},{150,1214},{160,1335},{170,1468},{180,1615},{190,1777},{200,1955}",,
KinBattle_Building4,Kho Lương&Thần Mộc,1111,15,"{55,10800000*4},{65,15120000*4},{75,21600000*4},{85,28080000*4},{95,34560000*4},{105,41400000*4},{115,54000000*4},{125,64800000*4},{130,79429999*4},{140,91090999*4},{150,104289900*4},{160,119217669*4},{170,136088094*4},{180,155140428*4},{190,176642347*4},{200,200893245*4}",,0,,"{10,1140},{20,2090},{30,3040},{40,3990},{50,4940},{60,5889},{70,6839},{80,7789},{100,9689},{110,10640},{120,11590},{130,12540},{140,13699},{150,15086},{160,16587},{170,18240},{180,20083},{190,22078},{200,24282}","{20,120*5.5},{30,250*5.5},{40,400*5.5},{50,600*5.5}","{20,120*5.5},{30,250*5.5},{40,400*5.5},{50,600*5.5}",0,0,0,0,"{10,210},{20,410},{30,610},{40,810},{50,1010},{60,1210},{70,1410},{80,1610},{100,2010},{110,2210},{120,2410},{130,2610},{140,2860},{150,3146},{160,3461},{170,3807},{180,4188},{190,4607},{200,5068}","{10,210},{20,410},{30,610},{40,810},{50,1010},{60,1210},{70,1410},{80,1610},{100,2010},{110,2210},{120,2410},{130,2610},{140,2860},{150,3146},{160,3461},{170,3807},{180,4188},{190,4607},{200,5068}","{10,210},{20,410},{30,610},{40,810},{50,1010},{60,1210},{70,1410},{80,1610},{100,2010},{110,2210},{120,2410},{130,2610},{140,2860},{150,3146},{160,3461},{170,3807},{180,4188},{190,4607},{200,5068}","{10,210},{20,410},{30,610},{40,810},{50,1010},{60,1210},{70,1410},{80,1610},{100,2010},{110,2210},{120,2410},{130,2610},{140,2860},{150,3146},{160,3461},{170,3807},{180,4188},{190,4607},{200,5068}","{10,210},{20,410},{30,610},{40,810},{50,1010},{60,1210},{70,1410},{80,1610},{100,2010},{110,2210},{120,2410},{130,2610},{140,2860},{150,3146},{160,3461},{170,3807},{180,4188},{190,4607},{200,5068}","{10,257},{20,300},{30,342},{40,385},{50,428},{60,471},{70,514},{80,557},{100,642},{110,685},{120,728},{130,771},{140,1103},{150,1214},{160,1335},{170,1468},{180,1615},{190,1777},{200,1955}",,
KinBattle_Building5,Kho Lương&Thần Mộc,1112,15,"{55,10800000*5},{65,15120000*5},{75,21600000*5},{85,28080000*5},{95,34560000*5},{105,41400000*5},{115,54000000*5},{125,64800000*5},{130,79429999*5},{140,91090999*5},{150,104289900*5},{160,119217669*5},{170,136088094*5},{180,155140428*5},{190,176642347*5},{200,200893245*5}",,0,,"{10,1140},{20,2090},{30,3040},{40,3990},{50,4940},{60,5889},{70,6839},{80,7789},{100,9689},{110,10640},{120,11590},{130,12540},{140,13699},{150,15086},{160,16587},{170,18240},{180,20083},{190,22078},{200,24282}","{20,120*5.5},{30,250*5.5},{40,400*5.5},{50,600*5.5}","{20,120*5.5},{30,250*5.5},{40,400*5.5},{50,600*5.5}",0,0,0,0,"{10,210},{20,410},{30,610},{40,810},{50,1010},{60,1210},{70,1410},{80,1610},{100,2010},{110,2210},{120,2410},{130,2610},{140,2860},{150,3146},{160,3461},{170,3807},{180,4188},{190,4607},{200,5068}","{10,210},{20,410},{30,610},{40,810},{50,1010},{60,1210},{70,1410},{80,1610},{100,2010},{110,2210},{120,2410},{130,2610},{140,2860},{150,3146},{160,3461},{170,3807},{180,4188},{190,4607},{200,5068}","{10,210},{20,410},{30,610},{40,810},{50,1010},{60,1210},{70,1410},{80,1610},{100,2010},{110,2210},{120,2410},{130,2610},{140,2860},{150,3146},{160,3461},{170,3807},{180,4188},{190,4607},{200,5068}","{10,210},{20,410},{30,610},{40,810},{50,1010},{60,1210},{70,1410},{80,1610},{100,2010},{110,2210},{120,2410},{130,2610},{140,2860},{150,3146},{160,3461},{170,3807},{180,4188},{190,4607},{200,5068}","{10,210},{20,410},{30,610},{40,810},{50,1010},{60,1210},{70,1410},{80,1610},{100,2010},{110,2210},{120,2410},{130,2610},{140,2860},{150,3146},{160,3461},{170,3807},{180,4188},{190,4607},{200,5068}","{10,257},{20,300},{30,342},{40,385},{50,428},{60,471},{70,514},{80,557},{100,642},{110,685},{120,728},{130,771},{140,1103},{150,1214},{160,1335},{170,1468},{180,1615},{190,1777},{200,1955}",,
KinBattle_Building6,Kho Lương&Thần Mộc,1113,15,"{55,10800000*6},{65,15120000*6},{75,21600000*6},{85,28080000*6},{95,34560000*6},{105,41400000*6},{115,54000000*6},{125,64800000*6},{130,79429999*6},{140,91090999*6},{150,104289900*6},{160,119217669*6},{170,136088094*6},{180,155140428*6},{190,176642347*6},{200,200893245*6}",,0,,"{10,1140},{20,2090},{30,3040},{40,3990},{50,4940},{60,5889},{70,6839},{80,7789},{100,9689},{110,10640},{120,11590},{130,12540},{140,13699},{150,15086},{160,16587},{170,18240},{180,20083},{190,22078},{200,24282}","{20,120*5.5},{30,250*5.5},{40,400*5.5},{50,600*5.5}","{20,120*5.5},{30,250*5.5},{40,400*5.5},{50,600*5.5}",0,0,0,0,"{10,210},{20,410},{30,610},{40,810},{50,1010},{60,1210},{70,1410},{80,1610},{100,2010},{110,2210},{120,2410},{130,2610},{140,2860},{150,3146},{160,3461},{170,3807},{180,4188},{190,4607},{200,5068}","{10,210},{20,410},{30,610},{40,810},{50,1010},{60,1210},{70,1410},{80,1610},{100,2010},{110,2210},{120,2410},{130,2610},{140,2860},{150,3146},{160,3461},{170,3807},{180,4188},{190,4607},{200,5068}","{10,210},{20,410},{30,610},{40,810},{50,1010},{60,1210},{70,1410},{80,1610},{100,2010},{110,2210},{120,2410},{130,2610},{140,2860},{150,3146},{160,3461},{170,3807},{180,4188},{190,4607},{200,5068}","{10,210},{20,410},{30,610},{40,810},{50,1010},{60,1210},{70,1410},{80,1610},{100,2010},{110,2210},{120,2410},{130,2610},{140,2860},{150,3146},{160,3461},{170,3807},{180,4188},{190,4607},{200,5068}","{10,210},{20,410},{30,610},{40,810},{50,1010},{60,1210},{70,1410},{80,1610},{100,2010},{110,2210},{120,2410},{130,2610},{140,2860},{150,3146},{160,3461},{170,3807},{180,4188},{190,4607},{200,5068}","{10,257},{20,300},{30,342},{40,385},{50,428},{60,471},{70,514},{80,557},{100,642},{110,685},{120,728},{130,771},{140,1103},{150,1214},{160,1335},{170,1468},{180,1615},{190,1777},{200,1955}",,
KinBattle_Building7,Kho Lương&Thần Mộc,1114,15,"{55,10800000*7},{65,15120000*7},{75,21600000*7},{85,28080000*7},{95,34560000*7},{105,41400000*7},{115,54000000*7},{125,64800000*7},{130,79429999*7},{140,91090999*7},{150,104289900*7},{160,119217669*7},{170,136088094*7},{180,155140428*7},{190,176642347*7},{200,200893245*7}",,0,,"{10,1140},{20,2090},{30,3040},{40,3990},{50,4940},{60,5889},{70,6839},{80,7789},{100,9689},{110,10640},{120,11590},{130,12540},{140,13699},{150,15086},{160,16587},{170,18240},{180,20083},{190,22078},{200,24282}","{20,120*5.5},{30,250*5.5},{40,400*5.5},{50,600*5.5}","{20,120*5.5},{30,250*5.5},{40,400*5.5},{50,600*5.5}",0,0,0,0,"{10,210},{20,410},{30,610},{40,810},{50,1010},{60,1210},{70,1410},{80,1610},{100,2010},{110,2210},{120,2410},{130,2610},{140,2860},{150,3146},{160,3461},{170,3807},{180,4188},{190,4607},{200,5068}","{10,210},{20,410},{30,610},{40,810},{50,1010},{60,1210},{70,1410},{80,1610},{100,2010},{110,2210},{120,2410},{130,2610},{140,2860},{150,3146},{160,3461},{170,3807},{180,4188},{190,4607},{200,5068}","{10,210},{20,410},{30,610},{40,810},{50,1010},{60,1210},{70,1410},{80,1610},{100,2010},{110,2210},{120,2410},{130,2610},{140,2860},{150,3146},{160,3461},{170,3807},{180,4188},{190,4607},{200,5068}","{10,210},{20,410},{30,610},{40,810},{50,1010},{60,1210},{70,1410},{80,1610},{100,2010},{110,2210},{120,2410},{130,2610},{140,2860},{150,3146},{160,3461},{170,3807},{180,4188},{190,4607},{200,5068}","{10,210},{20,410},{30,610},{40,810},{50,1010},{60,1210},{70,1410},{80,1610},{100,2010},{110,2210},{120,2410},{130,2610},{140,2860},{150,3146},{160,3461},{170,3807},{180,4188},{190,4607},{200,5068}","{10,257},{20,300},{30,342},{40,385},{50,428},{60,471},{70,514},{80,557},{100,642},{110,685},{120,728},{130,771},{140,1103},{150,1214},{160,1335},{170,1468},{180,1615},{190,1777},{200,1955}",,
NianShou,Niên Thú Năm Mới,10000,15,"{1,15000000},{10,15000000}",,0,0,"{10,7000},{150,7000}",0,0,0,0,0,0,0,0,0,0,0,0,0,
LoveTask_gongjian,Kim Quốc Tiễn Thủ,1115,15,"{20,3000*40},{30,4000*40},{40,7000*40},{50,10000*40},{60,15000*40},{70,25000*40},{80,35000*40},{90,55000*40},{100,60000*40},{110,75000*40},{120,95000*40},{130,465793},{140,534175},{150,611576},{160,699115},{170,798047},{180,9097740},{190,1035865},{200,1178077}",,0,,"{10,1140},{20,2090},{30,3040},{40,3990},{50,4940},{60,5889},{70,6839},{80,7789},{100,9689},{110,10640},{120,11590},{130,12540},{140,13699},{150,15086},{160,16587},{170,18240},{180,20083},{190,22078},{200,24282}","{20,180*18},{30,500*18},{40,700*30},{50,900*23},{60,1100*20},{70,1300*20},{100,1600*20},{110,2500*20}","{20,180*18},{30,500*18},{40,700*30},{50,900*23},{60,1100*20},{70,1300*20},{100,1600*20},{110,2500*20}",0,0,0,0,"{10,210},{20,410},{30,610},{40,810},{50,1010},{60,1210},{70,1410},{80,1610},{100,2010},{110,2210},{120,2410},{130,2610},{140,2860},{150,3146},{160,3461},{170,3807},{180,4188},{190,4607},{200,5068}","{10,210},{20,410},{30,610},{40,810},{50,1010},{60,1210},{70,1410},{80,1610},{100,2010},{110,2210},{120,2410},{130,2610},{140,2860},{150,3146},{160,3461},{170,3807},{180,4188},{190,4607},{200,5068}","{10,210},{20,410},{30,610},{40,810},{50,1010},{60,1210},{70,1410},{80,1610},{100,2010},{110,2210},{120,2410},{130,2610},{140,2860},{150,3146},{160,3461},{170,3807},{180,4188},{190,4607},{200,5068}","{10,210},{20,410},{30,610},{40,810},{50,1010},{60,1210},{70,1410},{80,1610},{100,2010},{110,2210},{120,2410},{130,2610},{140,2860},{150,3146},{160,3461},{170,3807},{180,4188},{190,4607},{200,5068}","{10,210},{20,410},{30,610},{40,810},{50,1010},{60,1210},{70,1410},{80,1610},{100,2010},{110,2210},{120,2410},{130,2610},{140,2860},{150,3146},{160,3461},{170,3807},{180,4188},{190,4607},{200,5068}","{10,257},{20,300},{30,342},{40,385},{50,428},{60,471},{70,514},{80,557},{100,642},{110,685},{120,728},{130,771},{140,1103},{150,1214},{160,1335},{170,1468},{180,1615},{190,1777},{200,1955}",,
LoveTask_nangong,Tình Duyên Nam Cung Phi,1116,15,"{20,3000*2},{30,4000*1.5},{40,6000*1.5},{50,14250*3},{60,27500*4},{70,45000*4},{80,65000*4},{90,75000*4}",,0,,"{10,1140},{20,2090},{30,3040},{40,3990},{50,4940},{60,5889},{70,6839},{80,7789},{100,9689},{110,10640},{120,11590},{130,12540},{140,13699},{150,15086},{160,16587},{170,18240},{180,20083},{190,22078},{200,24282}","{20,120*10},{30,250*10},{40,300*10},{50,650*300},{60,1100*300},{70,1600*300},{100,2500*300},{110,2500*300}","{20,120*10},{30,250*10},{40,300*10},{50,650*300},{60,1100*300},{70,1600*300},{100,2500*300},{110,2500*300}",0,0,0,0,"{10,210},{20,410},{30,610},{40,810},{50,1010},{60,1210},{70,1410},{80,1610},{100,2010},{110,2210},{120,2410},{130,2610},{140,2860},{150,3146},{160,3461},{170,3807},{180,4188},{190,4607},{200,5068}","{10,210},{20,410},{30,610},{40,810},{50,1010},{60,1210},{70,1410},{80,1610},{100,2010},{110,2210},{120,2410},{130,2610},{140,2860},{150,3146},{160,3461},{170,3807},{180,4188},{190,4607},{200,5068}","{10,210},{20,410},{30,610},{40,810},{50,1010},{60,1210},{70,1410},{80,1610},{100,2010},{110,2210},{120,2410},{130,2610},{140,2860},{150,3146},{160,3461},{170,3807},{180,4188},{190,4607},{200,5068}","{10,210},{20,410},{30,610},{40,810},{50,1010},{60,1210},{70,1410},{80,1610},{100,2010},{110,2210},{120,2410},{130,2610},{140,2860},{150,3146},{160,3461},{170,3807},{180,4188},{190,4607},{200,5068}","{10,210},{20,410},{30,610},{40,810},{50,1010},{60,1210},{70,1410},{80,1610},{100,2010},{110,2210},{120,2410},{130,2610},{140,2860},{150,3146},{160,3461},{170,3807},{180,4188},{190,4607},{200,5068}","{10,257},{20,300},{30,342},{40,385},{50,428},{60,471},{70,514},{80,557},{100,642},{110,685},{120,728},{130,771},{140,1103},{150,1214},{160,1335},{170,1468},{180,1615},{190,1777},{200,1955}",,
LoveTask_ruoxue,Tình Duyên Yên Nhược Tuyết,1117,15,"{20,6000*40},{30,12250*40},{40,20000*40},{50,32250*40},{60,54500*40},{70,80000*40},{80,155000*40},{90,158000*40},{100,160000*40},{110,175000*40},{120,195000*40}",,0,,"{10,1140},{20,2090},{30,3040},{40,3990},{50,4940},{60,5889},{70,6839},{80,7789},{100,9689},{110,10640},{120,11590},{130,12540},{140,13699},{150,15086},{160,16587},{170,18240},{180,20083},{190,22078},{200,24282}","{20,120*15},{30,250*15},{40,400*15},{50,650*15},{60,1100*15},{70,1600*15},{100,2000*15},{110,2500*15}","{20,120*15},{30,250*15},{40,400*15},{50,650*15},{60,1100*15},{70,1600*15},{100,2000*15},{110,2500*15}",0,0,0,0,"{10,210},{20,410},{30,610},{40,810},{50,1010},{60,1210},{70,1410},{80,1610},{100,2010},{110,2210},{120,2410},{130,2610},{140,2860},{150,3146},{160,3461},{170,3807},{180,4188},{190,4607},{200,5068}","{10,210},{20,410},{30,610},{40,810},{50,1010},{60,1210},{70,1410},{80,1610},{100,2010},{110,2210},{120,2410},{130,2610},{140,2860},{150,3146},{160,3461},{170,3807},{180,4188},{190,4607},{200,5068}","{10,210},{20,410},{30,610},{40,810},{50,1010},{60,1210},{70,1410},{80,1610},{100,2010},{110,2210},{120,2410},{130,2610},{140,2860},{150,3146},{160,3461},{170,3807},{180,4188},{190,4607},{200,5068}","{10,210},{20,410},{30,610},{40,810},{50,1010},{60,1210},{70,1410},{80,1610},{100,2010},{110,2210},{120,2410},{130,2610},{140,2860},{150,3146},{160,3461},{170,3807},{180,4188},{190,4607},{200,5068}","{10,210},{20,410},{30,610},{40,810},{50,1010},{60,1210},{70,1410},{80,1610},{100,2010},{110,2210},{120,2410},{130,2610},{140,2860},{150,3146},{160,3461},{170,3807},{180,4188},{190,4607},{200,5068}","{10,257},{20,300},{30,342},{40,385},{50,428},{60,471},{70,514},{80,557},{100,642},{110,685},{120,728},{130,771},{140,1103},{150,1214},{160,1335},{170,1468},{180,1615},{190,1777},{200,1955}",,
LTZ_liukou,Lưu Khấu Lãnh Thổ Chiến,1118,15,"{55,2700000*4*1},{65,3780000*4*1},{75,5400000*4*1},{85,7020000*4*1},{95,8640000*4*1},{105,10350000*4*1},{115,13500000*4*1},{125,16200000*4*1},{130,19857499*4*1},{140,22772749*4*1},{150,26072475*4*1},{160,29804417*4*1},{170,34022023*4*1},{180,38785107*4*1},{190,44160586*4*1},{200,50223311*4*1}",,0,,"{10,1140},{20,2090},{30,3040},{40,3990},{50,4940},{60,5889},{70,6839},{80,7789},{100,9689},{110,10640},{120,11590},{130,12540},{140,13699},{150,15086},{160,16587},{170,18240},{180,20083},{190,22078},{200,24282}","{60,1000*13},{70,1600*13},{80,2400*13},{90,4000*13},{100,6000*13},{110,9000*13},{120,13000*13}","{60,1000*13},{70,1600*13},{80,2400*13},{90,4000*13},{100,6000*13},{110,9000*13},{120,13000*13}",0,0,0,0,"{10,210},{20,410},{30,610},{40,810},{50,1010},{60,1210},{70,1410},{80,1610},{100,2010},{110,2210},{120,2410},{130,2610},{140,2860},{150,3146},{160,3461},{170,3807},{180,4188},{190,4607},{200,5068}","{10,210},{20,410},{30,610},{40,810},{50,1010},{60,1210},{70,1410},{80,1610},{100,2010},{110,2210},{120,2410},{130,2610},{140,2860},{150,3146},{160,3461},{170,3807},{180,4188},{190,4607},{200,5068}","{10,210},{20,410},{30,610},{40,810},{50,1010},{60,1210},{70,1410},{80,1610},{100,2010},{110,2210},{120,2410},{130,2610},{140,2860},{150,3146},{160,3461},{170,3807},{180,4188},{190,4607},{200,5068}","{10,210},{20,410},{30,610},{40,810},{50,1010},{60,1210},{70,1410},{80,1610},{100,2010},{110,2210},{120,2410},{130,2610},{140,2860},{150,3146},{160,3461},{170,3807},{180,4188},{190,4607},{200,5068}","{10,210},{20,410},{30,610},{40,810},{50,1010},{60,1210},{70,1410},{80,1610},{100,2010},{110,2210},{120,2410},{130,2610},{140,2860},{150,3146},{160,3461},{170,3807},{180,4188},{190,4607},{200,5068}","{10,257},{20,300},{30,342},{40,385},{50,428},{60,471},{70,514},{80,557},{100,642},{110,685},{120,728},{130,771},{140,1103},{150,1214},{160,1335},{170,1468},{180,1615},{190,1777},{200,1955}",,
LTZ_gongchengche,Lãnh Thổ Công Thành Xa,1119,15,"{55,70000*1000},{65,100000*1000},{75,140000*1000},{85,180000*1000},{95,230000*1000},{105,270000*1000},{115,350000*1000},{125,400000*1000},{130,490308600},{140,562290100},{150,643764800},{160,735911500},{170,840049900},{180,957656900},{190,1090384800},{200,1240081700}",,0,,"{10,1140},{20,2090},{30,3040},{40,3990},{50,4940},{60,5889},{70,6839},{80,7789},{100,9689},{110,10640},{120,11590},{130,12540},{140,13699},{150,15086},{160,16587},{170,18240},{180,20083},{190,22078},{200,24282}","{20,120*5.5},{30,250*5.5},{40,400*5.5},{50,600*5.5}","{20,120*5.5},{30,250*5.5},{40,400*5.5},{50,600*5.5}",0,0,0,0,"{10,210},{20,410},{30,610},{40,810},{50,1010},{60,1210},{70,1410},{80,1610},{100,2010},{110,2210},{120,2410},{130,2610},{140,2860},{150,3146},{160,3461},{170,3807},{180,4188},{190,4607},{200,5068}","{10,210},{20,410},{30,610},{40,810},{50,1010},{60,1210},{70,1410},{80,1610},{100,2010},{110,2210},{120,2410},{130,2610},{140,2860},{150,3146},{160,3461},{170,3807},{180,4188},{190,4607},{200,5068}","{10,210},{20,410},{30,610},{40,810},{50,1010},{60,1210},{70,1410},{80,1610},{100,2010},{110,2210},{120,2410},{130,2610},{140,2860},{150,3146},{160,3461},{170,3807},{180,4188},{190,4607},{200,5068}","{10,210},{20,410},{30,610},{40,810},{50,1010},{60,1210},{70,1410},{80,1610},{100,2010},{110,2210},{120,2410},{130,2610},{140,2860},{150,3146},{160,3461},{170,3807},{180,4188},{190,4607},{200,5068}","{10,210},{20,410},{30,610},{40,810},{50,1010},{60,1210},{70,1410},{80,1610},{100,2010},{110,2210},{120,2410},{130,2610},{140,2860},{150,3146},{160,3461},{170,3807},{180,4188},{190,4607},{200,5068}","{10,257},{20,300},{30,342},{40,385},{50,428},{60,471},{70,514},{80,557},{100,642},{110,685},{120,728},{130,771},{140,1103},{150,1214},{160,1335},{170,1468},{180,1615},{190,1777},{200,1955}",,
LongMen_Flag,Long Môn Chiến-Cờ,1120,15,"{55,2700000*1.5},{65,3780000*1.5},{75,5400000*1.5},{85,7020000*1.5},{95,8640000*1.5},{105,10350000*1.5},{115,13500000*1.5},{125,16200000*1.5},{130,19857499*1.5},{140,22772749*1.5},{150,26072475*1.5},{160,29804417*1.5},{170,34022023*1.5},{180,38785107*1.5},{190,44160586*1.5},{200,50223311*1.5}",,0,,"{10,1140},{20,2090},{30,3040},{40,3990},{50,4940},{60,5889},{70,6839},{80,7789},{100,9689},{110,10640},{120,11590},{130,12540},{140,13699},{150,15086},{160,16587},{170,18240},{180,20083},{190,22078},{200,24282}","{20,120*5.5},{30,250*5.5},{40,400*5.5},{50,600*5.5}","{20,120*5.5},{30,250*5.5},{40,400*5.5},{50,600*5.5}",0,0,0,0,"{10,210},{20,410},{30,610},{40,810},{50,1010},{60,1210},{70,1410},{80,1610},{100,2010},{110,2210},{120,2410},{130,2610},{140,2860},{150,3146},{160,3461},{170,3807},{180,4188},{190,4607},{200,5068}","{10,210},{20,410},{30,610},{40,810},{50,1010},{60,1210},{70,1410},{80,1610},{100,2010},{110,2210},{120,2410},{130,2610},{140,2860},{150,3146},{160,3461},{170,3807},{180,4188},{190,4607},{200,5068}","{10,210},{20,410},{30,610},{40,810},{50,1010},{60,1210},{70,1410},{80,1610},{100,2010},{110,2210},{120,2410},{130,2610},{140,2860},{150,3146},{160,3461},{170,3807},{180,4188},{190,4607},{200,5068}","{10,210},{20,410},{30,610},{40,810},{50,1010},{60,1210},{70,1410},{80,1610},{100,2010},{110,2210},{120,2410},{130,2610},{140,2860},{150,3146},{160,3461},{170,3807},{180,4188},{190,4607},{200,5068}","{10,210},{20,410},{30,610},{40,810},{50,1010},{60,1210},{70,1410},{80,1610},{100,2010},{110,2210},{120,2410},{130,2610},{140,2860},{150,3146},{160,3461},{170,3807},{180,4188},{190,4607},{200,5068}","{10,257},{20,300},{30,342},{40,385},{50,428},{60,471},{70,514},{80,557},{100,642},{110,685},{120,728},{130,771},{140,1103},{150,1214},{160,1335},{170,1468},{180,1615},{190,1777},{200,1955}",,
CBZD_Normal,Đỉnh Trường Bạch NPC,1121,15,960000*1,,0,0,"{10,1000},{100,2800},{150,7000}","{80,500}","{80,500}",0,0,0,0,"{10,165},{45,715},{80,1265},{115,1815}","{10,165},{45,715},{80,1265},{115,1815}","{10,165},{45,715},{80,1265},{115,1815}","{10,165},{45,715},{80,1265},{115,1815}","{10,165},{45,715},{80,1265},{115,1815}","{1,50},{10,100},{50,150},{70,200},{110,800}",,
Damo,Đạt Ma,1122,15,"{20,30000*150},{30,36000*150},{40,90000*200},{50,300000*250},{60,500000*300},{70,800000*350},{80,1000000*400},{100,1800000*500},{110,2800000*500},{120,4250000*500},{130,5400000*500},{140,10114851060},{150,11580472340},{160,13238069360},{170,15111381060},{180,17226974410},{190,19614572620},{200,22307420725}","{230,100},{249,100},{250,3},{260,3}",0,0,"{10,50000}","{20,120*2},{30,200*2},{40,700*2},{50,1200*2},{60,1600*2},{70,2000*2},{80,2400*2},{90,2800*2},{100,3200*2},{110,4000*2}","{20,120*2},{30,200*2},{40,700*2},{50,1200*2},{60,1600*2},{70,2000*2},{80,2400*2},{90,2800*2},{100,3200*2},{110,4000*2}",0,0,0,0,"{10,210},{20,410},{30,610},{40,810},{50,1010},{60,1210},{70,1410},{80,1610},{100,2010},{110,2210},{120,2410},{130,2610},{140,2860},{150,3146},{160,3461},{170,3807},{180,4188},{190,4607},{200,5068}","{10,210},{20,410},{30,610},{40,810},{50,1010},{60,1210},{70,1410},{80,1610},{100,2010},{110,2210},{120,2410},{130,2610},{140,2860},{150,3146},{160,3461},{170,3807},{180,4188},{190,4607},{200,5068}","{10,210},{20,410},{30,610},{40,810},{50,1010},{60,1210},{70,1410},{80,1610},{100,2010},{110,2210},{120,2410},{130,2610},{140,2860},{150,3146},{160,3461},{170,3807},{180,4188},{190,4607},{200,5068}","{10,210},{20,410},{30,610},{40,810},{50,1010},{60,1210},{70,1410},{80,1610},{100,2010},{110,2210},{120,2410},{130,2610},{140,2860},{150,3146},{160,3461},{170,3807},{180,4188},{190,4607},{200,5068}","{10,210},{20,410},{30,610},{40,810},{50,1010},{60,1210},{70,1410},{80,1610},{100,2010},{110,2210},{120,2410},{130,2610},{140,2860},{150,3146},{160,3461},{170,3807},{180,4188},{190,4607},{200,5068}","{10,257},{20,300},{30,342},{40,385},{50,428},{60,471},{70,514},{80,557},{100,642},{110,685},{120,728},{130,771},{140,1103},{150,1214},{160,1335},{170,1468},{180,1615},{190,1777},{200,1955}",,
Judianzhan_zhuta1,Tháp Chính Lv1,1123,15,"{30,1500000*588},{49,2550000*588},{70,8000000*588},{80,12800000*588},{90,16000000*588},{110,19200000*588},{120,28800000*588},{130,40000000*588},{140,48000000*588},{150,32048510600},{160,36004723400},{170,40580693600},{180,48013810600},{185,54069744100},{190,63045726200},{200,68074207250}",,0,0,"{10,50000}","{20,120*2},{30,200*2},{40,700*2},{50,1200*2},{60,1600*2},{70,2000*2},{80,2400*2},{90,2800*2},{100,3200*2},{110,4000*2}","{20,120*2},{30,200*2},{40,700*2},{50,1200*2},{60,1600*2},{70,2000*2},{80,2400*2},{90,2800*2},{100,3200*2},{110,4000*2}",0,0,0,0,"{10,210},{20,410},{30,610},{40,810},{50,1010},{60,1210},{70,1410},{80,1610},{100,2010},{110,2210},{120,2410},{130,2610},{140,2860},{150,3146},{160,3461},{170,3807},{180,4188},{190,4607},{200,5068}","{10,210},{20,410},{30,610},{40,810},{50,1010},{60,1210},{70,1410},{80,1610},{100,2010},{110,2210},{120,2410},{130,2610},{140,2860},{150,3146},{160,3461},{170,3807},{180,4188},{190,4607},{200,5068}","{10,210},{20,410},{30,610},{40,810},{50,1010},{60,1210},{70,1410},{80,1610},{100,2010},{110,2210},{120,2410},{130,2610},{140,2860},{150,3146},{160,3461},{170,3807},{180,4188},{190,4607},{200,5068}","{10,210},{20,410},{30,610},{40,810},{50,1010},{60,1210},{70,1410},{80,1610},{100,2010},{110,2210},{120,2410},{130,2610},{140,2860},{150,3146},{160,3461},{170,3807},{180,4188},{190,4607},{200,5068}","{10,210},{20,410},{30,610},{40,810},{50,1010},{60,1210},{70,1410},{80,1610},{100,2010},{110,2210},{120,2410},{130,2610},{140,2860},{150,3146},{160,3461},{170,3807},{180,4188},{190,4607},{200,5068}","{10,257},{20,300},{30,342},{40,385},{50,428},{60,471},{70,514},{80,557},{100,642},{110,685},{120,728},{130,771},{140,1103},{150,1214},{160,1335},{170,1468},{180,1615},{190,1777},{200,1955}",,
Judianzhan_chengmen,Cổng Thành,1124,15,"{30,1800000*588},{49,2750000*588},{60,10000000*588},{70,16000000*588},{80,20000000*588},{110,24000000*588},{120,36000000*588},{130,50000000*588},{140,60000000*588},{150,40148510600},{160,45804723400},{170,52380693600},{180,60113810600},{185,68269744100},{190,79145726200},{200,88074207250}",,0,0,"{10,50000}","{20,120*2},{30,200*2},{40,700*2},{50,1200*2},{60,1600*2},{70,2000*2},{80,2400*2},{90,2800*2},{100,3200*2},{110,4000*2}","{20,120*2},{30,200*2},{40,700*2},{50,1200*2},{60,1600*2},{70,2000*2},{80,2400*2},{90,2800*2},{100,3200*2},{110,4000*2}",0,0,0,0,"{10,210},{20,410},{30,610},{40,810},{50,1010},{60,1210},{70,1410},{80,1610},{100,2010},{110,2210},{120,2410},{130,2610},{140,2860},{150,3146},{160,3461},{170,3807},{180,4188},{190,4607},{200,5068}","{10,210},{20,410},{30,610},{40,810},{50,1010},{60,1210},{70,1410},{80,1610},{100,2010},{110,2210},{120,2410},{130,2610},{140,2860},{150,3146},{160,3461},{170,3807},{180,4188},{190,4607},{200,5068}","{10,210},{20,410},{30,610},{40,810},{50,1010},{60,1210},{70,1410},{80,1610},{100,2010},{110,2210},{120,2410},{130,2610},{140,2860},{150,3146},{160,3461},{170,3807},{180,4188},{190,4607},{200,5068}","{10,210},{20,410},{30,610},{40,810},{50,1010},{60,1210},{70,1410},{80,1610},{100,2010},{110,2210},{120,2410},{130,2610},{140,2860},{150,3146},{160,3461},{170,3807},{180,4188},{190,4607},{200,5068}","{10,210},{20,410},{30,610},{40,810},{50,1010},{60,1210},{70,1410},{80,1610},{100,2010},{110,2210},{120,2410},{130,2610},{140,2860},{150,3146},{160,3461},{170,3807},{180,4188},{190,4607},{200,5068}","{10,257},{20,300},{30,342},{40,385},{50,428},{60,471},{70,514},{80,557},{100,642},{110,685},{120,728},{130,771},{140,1103},{150,1214},{160,1335},{170,1468},{180,1615},{190,1777},{200,1955}",,
Judianzhan_zhuta2,Tháp Chính Lv2,1125,15,"{30,1100000*588},{49,1750000*588},{60,6400000*588},{70,9600000*588},{80,14400000*588},{100,16000000*588},{110,17500000*588},{120,32000000*588},{130,39000000*588},{140,25648510600},{150,28804723400},{160,32080693600},{170,38413810600},{180,43269744100},{190,50445726200},{200,56474207250}",,0,0,"{10,50000}","{20,120*2},{30,200*2},{40,700*2},{50,1200*2},{60,1600*2},{70,2000*2},{80,2400*2},{90,2800*2},{100,3200*2},{110,4000*2}","{20,120*2},{30,200*2},{40,700*2},{50,1200*2},{60,1600*2},{70,2000*2},{80,2400*2},{90,2800*2},{100,3200*2},{110,4000*2}",0,0,0,0,"{10,210},{20,410},{30,610},{40,810},{50,1010},{60,1210},{70,1410},{80,1610},{100,2010},{110,2210},{120,2410},{130,2610},{140,2860},{150,3146},{160,3461},{170,3807},{180,4188},{190,4607},{200,5068}","{10,210},{20,410},{30,610},{40,810},{50,1010},{60,1210},{70,1410},{80,1610},{100,2010},{110,2210},{120,2410},{130,2610},{140,2860},{150,3146},{160,3461},{170,3807},{180,4188},{190,4607},{200,5068}","{10,210},{20,410},{30,610},{40,810},{50,1010},{60,1210},{70,1410},{80,1610},{100,2010},{110,2210},{120,2410},{130,2610},{140,2860},{150,3146},{160,3461},{170,3807},{180,4188},{190,4607},{200,5068}","{10,210},{20,410},{30,610},{40,810},{50,1010},{60,1210},{70,1410},{80,1610},{100,2010},{110,2210},{120,2410},{130,2610},{140,2860},{150,3146},{160,3461},{170,3807},{180,4188},{190,4607},{200,5068}","{10,210},{20,410},{30,610},{40,810},{50,1010},{60,1210},{70,1410},{80,1610},{100,2010},{110,2210},{120,2410},{130,2610},{140,2860},{150,3146},{160,3461},{170,3807},{180,4188},{190,4607},{200,5068}","{10,257},{20,300},{30,342},{40,385},{50,428},{60,471},{70,514},{80,557},{100,642},{110,685},{120,728},{130,771},{140,1103},{150,1214},{160,1335},{170,1468},{180,1615},{190,1777},{200,1955}",,
Judianzhan_zhuta3,Tháp Chính Lv3,1126,15,"{30,400000*588},{49,900000*588},{60,1800000*588},{70,3600000*588},{80,7200000*588},{100,12800000*588},{110,14000000*588},{120,25600000*588},{130,31200000*588},{140,20048510600},{150,22604723400},{160,25280693600},{170,27813810600},{180,30469744100},{190,33045726200},{200,35674207250}",,0,0,"{10,50000}","{20,120*2},{30,200*2},{40,700*2},{50,1200*2},{60,1600*2},{70,2000*2},{80,2400*2},{90,2800*2},{100,3200*2},{110,4000*2}","{20,120*2},{30,200*2},{40,700*2},{50,1200*2},{60,1600*2},{70,2000*2},{80,2400*2},{90,2800*2},{100,3200*2},{110,4000*2}",0,0,0,0,"{10,210},{20,410},{30,610},{40,810},{50,1010},{60,1210},{70,1410},{80,1610},{100,2010},{110,2210},{120,2410},{130,2610},{140,2860},{150,3146},{160,3461},{170,3807},{180,4188},{190,4607},{200,5068}","{10,210},{20,410},{30,610},{40,810},{50,1010},{60,1210},{70,1410},{80,1610},{100,2010},{110,2210},{120,2410},{130,2610},{140,2860},{150,3146},{160,3461},{170,3807},{180,4188},{190,4607},{200,5068}","{10,210},{20,410},{30,610},{40,810},{50,1010},{60,1210},{70,1410},{80,1610},{100,2010},{110,2210},{120,2410},{130,2610},{140,2860},{150,3146},{160,3461},{170,3807},{180,4188},{190,4607},{200,5068}","{10,210},{20,410},{30,610},{40,810},{50,1010},{60,1210},{70,1410},{80,1610},{100,2010},{110,2210},{120,2410},{130,2610},{140,2860},{150,3146},{160,3461},{170,3807},{180,4188},{190,4607},{200,5068}","{10,210},{20,410},{30,610},{40,810},{50,1010},{60,1210},{70,1410},{80,1610},{100,2010},{110,2210},{120,2410},{130,2610},{140,2860},{150,3146},{160,3461},{170,3807},{180,4188},{190,4607},{200,5068}","{10,257},{20,300},{30,342},{40,385},{50,428},{60,471},{70,514},{80,557},{100,642},{110,685},{120,728},{130,771},{140,1103},{150,1214},{160,1335},{170,1468},{180,1615},{190,1777},{200,1955}",,
Judianzhan_zhuta4,Tháp Chính Lv4,1127,15,"{30,600000*588},{49,1350000*588},{60,3100000*588},{70,5600000*588},{80,9500000*588},{110,10800000*588},{120,12000000*588},{130,16000000*588},{140,20000000*588},{150,12848510600},{160,13604723400},{170,16080693600},{180,18613810600},{185,21269744100},{190,23845726200},{200,26474207250}",,0,0,"{10,50000}","{20,120*2},{30,200*2},{40,700*2},{50,1200*2},{60,1600*2},{70,2000*2},{80,2400*2},{90,2800*2},{100,3200*2},{110,4000*2}","{20,120*2},{30,200*2},{40,700*2},{50,1200*2},{60,1600*2},{70,2000*2},{80,2400*2},{90,2800*2},{100,3200*2},{110,4000*2}",0,0,0,0,"{10,210},{20,410},{30,610},{40,810},{50,1010},{60,1210},{70,1410},{80,1610},{100,2010},{110,2210},{120,2410},{130,2610},{140,2860},{150,3146},{160,3461},{170,3807},{180,4188},{190,4607},{200,5068}","{10,210},{20,410},{30,610},{40,810},{50,1010},{60,1210},{70,1410},{80,1610},{100,2010},{110,2210},{120,2410},{130,2610},{140,2860},{150,3146},{160,3461},{170,3807},{180,4188},{190,4607},{200,5068}","{10,210},{20,410},{30,610},{40,810},{50,1010},{60,1210},{70,1410},{80,1610},{100,2010},{110,2210},{120,2410},{130,2610},{140,2860},{150,3146},{160,3461},{170,3807},{180,4188},{190,4607},{200,5068}","{10,210},{20,410},{30,610},{40,810},{50,1010},{60,1210},{70,1410},{80,1610},{100,2010},{110,2210},{120,2410},{130,2610},{140,2860},{150,3146},{160,3461},{170,3807},{180,4188},{190,4607},{200,5068}","{10,210},{20,410},{30,610},{40,810},{50,1010},{60,1210},{70,1410},{80,1610},{100,2010},{110,2210},{120,2410},{130,2610},{140,2860},{150,3146},{160,3461},{170,3807},{180,4188},{190,4607},{200,5068}","{10,257},{20,300},{30,342},{40,385},{50,428},{60,471},{70,514},{80,557},{100,642},{110,685},{120,728},{130,771},{140,1103},{150,1214},{160,1335},{170,1468},{180,1615},{190,1777},{200,1955}",,
Judianzhan_zhuta5,Tháp Chính Lv5,1128,15,"{30,200000*588},{49,500000*588},{60,2500000*588},{70,4000000*588},{80,5000000*588},{100,6000000*588},{110,9000000*588},{120,12500000*588},{130,15000000*588},{140,10114851060},{150,11580472340},{160,13238069360},{170,15111381060},{180,17226974410},{190,19614572620},{200,22307420725}",,0,0,"{10,50000}","{20,120*2},{30,200*2},{40,700*2},{50,1200*2},{60,1600*2},{70,2000*2},{80,2400*2},{90,2800*2},{100,3200*2},{110,4000*2}","{20,120*2},{30,200*2},{40,700*2},{50,1200*2},{60,1600*2},{70,2000*2},{80,2400*2},{90,2800*2},{100,3200*2},{110,4000*2}",0,0,0,0,"{10,210},{20,410},{30,610},{40,810},{50,1010},{60,1210},{70,1410},{80,1610},{100,2010},{110,2210},{120,2410},{130,2610},{140,2860},{150,3146},{160,3461},{170,3807},{180,4188},{190,4607},{200,5068}","{10,210},{20,410},{30,610},{40,810},{50,1010},{60,1210},{70,1410},{80,1610},{100,2010},{110,2210},{120,2410},{130,2610},{140,2860},{150,3146},{160,3461},{170,3807},{180,4188},{190,4607},{200,5068}","{10,210},{20,410},{30,610},{40,810},{50,1010},{60,1210},{70,1410},{80,1610},{100,2010},{110,2210},{120,2410},{130,2610},{140,2860},{150,3146},{160,3461},{170,3807},{180,4188},{190,4607},{200,5068}","{10,210},{20,410},{30,610},{40,810},{50,1010},{60,1210},{70,1410},{80,1610},{100,2010},{110,2210},{120,2410},{130,2610},{140,2860},{150,3146},{160,3461},{170,3807},{180,4188},{190,4607},{200,5068}","{10,210},{20,410},{30,610},{40,810},{50,1010},{60,1210},{70,1410},{80,1610},{100,2010},{110,2210},{120,2410},{130,2610},{140,2860},{150,3146},{160,3461},{170,3807},{180,4188},{190,4607},{200,5068}","{10,257},{20,300},{30,342},{40,385},{50,428},{60,471},{70,514},{80,557},{100,642},{110,685},{120,728},{130,771},{140,1103},{150,1214},{160,1335},{170,1468},{180,1615},{190,1777},{200,1955}",,
Judianzhan_tuteng,Vật Tổ,1129,15,"{55,300000*240},{65,420000*240},{75,600000*240},{85,780000*240},{95,960000*240},{105,1150000*240},{115,1500000*240},{125,1800000*240},{130,3000000*240},{140,3500000*240},{150,4200000*240},{160,5000000*240},{170,6000000*240},{180,7000000*240},{190,8000000*240},{200,10000000*240}",,0,,"{10,1140},{20,2090},{30,3040},{40,3990},{50,4940},{60,5889},{70,6839},{80,7789},{100,9689},{110,10640},{120,11590},{130,12540},{140,13699},{150,15086},{160,16587},{170,18240},{180,20083},{190,22078},{200,24282}","{20,120*5.5},{30,250*5.5},{40,400*5.5},{50,600*5.5}","{20,120*5.5},{30,250*5.5},{40,400*5.5},{50,600*5.5}",0,0,0,0,"{10,210},{20,410},{30,610},{40,810},{50,1010},{60,1210},{70,1410},{80,1610},{100,2010},{110,2210},{120,2410},{130,2610},{140,2860},{150,3146},{160,3461},{170,3807},{180,4188},{190,4607},{200,5068}","{10,210},{20,410},{30,610},{40,810},{50,1010},{60,1210},{70,1410},{80,1610},{100,2010},{110,2210},{120,2410},{130,2610},{140,2860},{150,3146},{160,3461},{170,3807},{180,4188},{190,4607},{200,5068}","{10,210},{20,410},{30,610},{40,810},{50,1010},{60,1210},{70,1410},{80,1610},{100,2010},{110,2210},{120,2410},{130,2610},{140,2860},{150,3146},{160,3461},{170,3807},{180,4188},{190,4607},{200,5068}","{10,210},{20,410},{30,610},{40,810},{50,1010},{60,1210},{70,1410},{80,1610},{100,2010},{110,2210},{120,2410},{130,2610},{140,2860},{150,3146},{160,3461},{170,3807},{180,4188},{190,4607},{200,5068}","{10,210},{20,410},{30,610},{40,810},{50,1010},{60,1210},{70,1410},{80,1610},{100,2010},{110,2210},{120,2410},{130,2610},{140,2860},{150,3146},{160,3461},{170,3807},{180,4188},{190,4607},{200,5068}","{10,257},{20,300},{30,342},{40,385},{50,428},{60,471},{70,514},{80,557},{100,642},{110,685},{120,728},{130,771},{140,1103},{150,1214},{160,1335},{170,1468},{180,1615},{190,1777},{200,1955}",,
TFFriend_taohua_1,Đào Hoa Lv1,1130,15,40000*1,,0,0,"{10,1000},{100,2800},{150,7000}",300000,300000,0,0,0,0,"{10,165},{45,715},{80,1265},{115,1815}","{10,165},{45,715},{80,1265},{115,1815}","{10,165},{45,715},{80,1265},{115,1815}","{10,165},{45,715},{80,1265},{115,1815}","{10,165},{45,715},{80,1265},{115,1815}","{1,50},{10,100},{50,150},{70,200},{110,800}",,
TFFriend_taohua_2,Đào Hoa Lv2,1131,15,50000*1,,0,0,"{10,1000},{100,2800},{150,7000}",600000,600000,0,0,0,0,"{10,165},{45,715},{80,1265},{115,1815}","{10,165},{45,715},{80,1265},{115,1815}","{10,165},{45,715},{80,1265},{115,1815}","{10,165},{45,715},{80,1265},{115,1815}","{10,165},{45,715},{80,1265},{115,1815}","{1,50},{10,100},{50,150},{70,200},{110,800}",,
TFFriend_taohua_3,Đào Hoa Lv3,1132,15,60000*1,,0,0,"{10,1000},{100,2800},{150,7000}",900000,900000,0,0,0,0,"{10,165},{45,715},{80,1265},{115,1815}","{10,165},{45,715},{80,1265},{115,1815}","{10,165},{45,715},{80,1265},{115,1815}","{10,165},{45,715},{80,1265},{115,1815}","{10,165},{45,715},{80,1265},{115,1815}","{1,50},{10,100},{50,150},{70,200},{110,800}",,
TFFriend_taohua_4,Đào Hoa Lv4,1133,15,70000*1,,0,0,"{10,1000},{100,2800},{150,7000}",1200000,1200000,0,0,0,0,"{10,165},{45,715},{80,1265},{115,1815}","{10,165},{45,715},{80,1265},{115,1815}","{10,165},{45,715},{80,1265},{115,1815}","{10,165},{45,715},{80,1265},{115,1815}","{10,165},{45,715},{80,1265},{115,1815}","{1,50},{10,100},{50,150},{70,200},{110,800}",,
TFFriend_tianwang_1,Thiên Vương Lv1,1134,15,600000*1,,0,0,"{10,1000},{100,2800},{150,7000}",50000,50000,0,0,0,0,"{10,165},{45,715},{80,1265},{115,1815}","{10,165},{45,715},{80,1265},{115,1815}","{10,165},{45,715},{80,1265},{115,1815}","{10,165},{45,715},{80,1265},{115,1815}","{10,165},{45,715},{80,1265},{115,1815}","{1,50},{10,100},{50,150},{70,200},{110,800}",,
TFFriend_tianwang_2,Thiên Vương Lv2,1135,15,800000*1,,0,0,"{10,1000},{100,2800},{150,7000}",80000,80000,0,0,0,0,"{10,165},{45,715},{80,1265},{115,1815}","{10,165},{45,715},{80,1265},{115,1815}","{10,165},{45,715},{80,1265},{115,1815}","{10,165},{45,715},{80,1265},{115,1815}","{10,165},{45,715},{80,1265},{115,1815}","{1,50},{10,100},{50,150},{70,200},{110,800}",,
TFFriend_tianwang_3,Thiên Vương Lv3,1136,15,1200000*1,,0,0,"{10,1000},{100,2800},{150,7000}",120000,120000,0,0,0,0,"{10,165},{45,715},{80,1265},{115,1815}","{10,165},{45,715},{80,1265},{115,1815}","{10,165},{45,715},{80,1265},{115,1815}","{10,165},{45,715},{80,1265},{115,1815}","{10,165},{45,715},{80,1265},{115,1815}","{1,50},{10,100},{50,150},{70,200},{110,800}",,
TFFriend_tianwang_4,Thiên Vương Lv4,1137,15,1600000*1,,0,0,"{10,1000},{100,2800},{150,7000}",200000,200000,0,0,0,0,"{10,165},{45,715},{80,1265},{115,1815}","{10,165},{45,715},{80,1265},{115,1815}","{10,165},{45,715},{80,1265},{115,1815}","{10,165},{45,715},{80,1265},{115,1815}","{10,165},{45,715},{80,1265},{115,1815}","{1,50},{10,100},{50,150},{70,200},{110,800}",,
TFFriend_lei_1,Địa Lôi Lv1,1138,15,320000*1,,0,0,"{10,1000},{100,2800},{150,7000}",7000000,7000000,0,0,0,0,"{10,165},{45,715},{80,1265},{115,1815}","{10,165},{45,715},{80,1265},{115,1815}","{10,165},{45,715},{80,1265},{115,1815}","{10,165},{45,715},{80,1265},{115,1815}","{10,165},{45,715},{80,1265},{115,1815}","{1,50},{10,100},{50,150},{70,200},{110,800}",,
TFFriend_lei_2,Địa Lôi Lv2,1139,15,320000*1,,0,0,"{10,1000},{100,2800},{150,7000}",8000000,8000000,0,0,0,0,"{10,165},{45,715},{80,1265},{115,1815}","{10,165},{45,715},{80,1265},{115,1815}","{10,165},{45,715},{80,1265},{115,1815}","{10,165},{45,715},{80,1265},{115,1815}","{10,165},{45,715},{80,1265},{115,1815}","{1,50},{10,100},{50,150},{70,200},{110,800}",,
TFFriend_lei_3,Địa Lôi Lv3,1140,15,320000*1,,0,0,"{10,1000},{100,2800},{150,7000}",10000000,10000000,0,0,0,0,"{10,165},{45,715},{80,1265},{115,1815}","{10,165},{45,715},{80,1265},{115,1815}","{10,165},{45,715},{80,1265},{115,1815}","{10,165},{45,715},{80,1265},{115,1815}","{10,165},{45,715},{80,1265},{115,1815}","{1,50},{10,100},{50,150},{70,200},{110,800}",,
TFFriend_lei_4,Địa Lôi Lv4,1141,15,320000*1,,0,0,"{10,1000},{100,2800},{150,7000}",12000000,12000000,0,0,0,0,"{10,165},{45,715},{80,1265},{115,1815}","{10,165},{45,715},{80,1265},{115,1815}","{10,165},{45,715},{80,1265},{115,1815}","{10,165},{45,715},{80,1265},{115,1815}","{10,165},{45,715},{80,1265},{115,1815}","{1,50},{10,100},{50,150},{70,200},{110,800}",,
TFEnemy_yuancheng,Kim Quân Xạ Thủ,1142,15,"{10,300000*1},{20,320000*1},{30,340000*1},{40,360000*1},{50,380000*1},{60,400000*1},{70,420000*1},{80,440000*1},{90,460000*1},{100,480000*1}",,0,0,"{10,1000},{100,2800},{150,7000}","{10,2000*1},{20,3000*1},{30,4000*1},{40,5000*1},{50,6000*1},{60,7000*1},{70,8000*1},{80,9000*1},{90,9500*1},{100,10000*1}","{10,2000*1},{20,3000*1},{30,4000*1},{40,5000*1},{50,6000*1},{60,7000*1},{70,8000*1},{80,9000*1},{90,9500*1},{100,10000*1}",0,0,0,0,"{10,165},{45,715},{80,1265},{115,1815}","{10,165},{45,715},{80,1265},{115,1815}","{10,165},{45,715},{80,1265},{115,1815}","{10,165},{45,715},{80,1265},{115,1815}","{10,165},{45,715},{80,1265},{115,1815}","{1,50},{10,100},{50,150},{70,200},{110,800}",,
TFEnemy_jinzhan,Kim Quân Tiên Phong,1143,15,"{10,300000*1},{20,320000*1},{30,340000*1},{40,360000*1},{50,380000*1},{60,400000*1},{70,420000*1},{80,440000*1},{90,460000*1},{100,480000*1}",,0,0,"{10,1000},{100,2800},{150,7000}","{10,2000*1},{20,3000*1},{30,4000*1},{40,5000*1},{50,6000*1},{60,7000*1},{70,8000*1},{80,9000*1},{90,9500*1},{100,10000*1}","{10,2000*1},{20,3000*1},{30,4000*1},{40,5000*1},{50,6000*1},{60,7000*1},{70,8000*1},{80,9000*1},{90,9500*1},{100,10000*1}",0,0,0,0,"{10,165},{45,715},{80,1265},{115,1815}","{10,165},{45,715},{80,1265},{115,1815}","{10,165},{45,715},{80,1265},{115,1815}","{10,165},{45,715},{80,1265},{115,1815}","{10,165},{45,715},{80,1265},{115,1815}","{1,50},{10,100},{50,150},{70,200},{110,800}",,
TFEnemy_qibing,Kim Quân Tinh Nhuệ,1144,15,"{10,2400000*1},{20,2600000*1},{30,2800000*1},{40,3000000*1},{50,3200000*1},{60,3400000*1},{70,3600000*1},{80,3800000*1},{90,4000000*1},{100,4000000*1}",,0,0,"{10,1000},{100,2800},{150,7000}","{10,10000*1},{20,11000*1},{30,12000*1},{40,14000*1},{50,15000*1},{60,16000*1},{70,17000*1},{80,18000*1},{90,19000*1},{100,20000*1}","{10,10000*1},{20,11000*1},{30,12000*1},{40,14000*1},{50,15000*1},{60,16000*1},{70,17000*1},{80,18000*1},{90,19000*1},{100,20000*1}",0,0,0,0,"{10,165},{45,715},{80,1265},{115,1815}","{10,165},{45,715},{80,1265},{115,1815}","{10,165},{45,715},{80,1265},{115,1815}","{10,165},{45,715},{80,1265},{115,1815}","{10,165},{45,715},{80,1265},{115,1815}","{1,50},{10,100},{50,150},{70,200},{110,800}",,
TFEnemy_paobing,Kim Pháo Xa,1145,15,"{10,2400000*1},{20,2600000*1},{30,2800000*1},{40,3000000*1},{50,3200000*1},{60,3400000*1},{70,3600000*1},{80,3800000*1},{90,4000000*1},{100,4000000*1}",,0,0,"{10,1000},{100,2800},{150,7000}","{10,3000*1},{20,4000*1},{30,5000*1},{40,6000*1},{50,7000*1},{60,8000*1},{70,9000*1},{80,10000*1},{90,11000*1},{100,12000*1}","{10,3000*1},{20,4000*1},{30,5000*1},{40,6000*1},{50,7000*1},{60,8000*1},{70,9000*1},{80,10000*1},{90,11000*1},{100,12000*1}",0,0,0,0,"{10,165},{45,715},{80,1265},{115,1815}","{10,165},{45,715},{80,1265},{115,1815}","{10,165},{45,715},{80,1265},{115,1815}","{10,165},{45,715},{80,1265},{115,1815}","{10,165},{45,715},{80,1265},{115,1815}","{1,50},{10,100},{50,150},{70,200},{110,800}",,
TFEnemy_wushi,Kim Quân Chiến Kỳ,1146,15,"{10,2400000*1},{20,2600000*1},{30,2800000*1},{40,3000000*1},{50,3200000*1},{60,3400000*1},{70,3600000*1},{80,3800000*1},{90,4000000*1},{100,4000000*1}",,0,0,"{10,1000},{100,2800},{150,7000}","{10,3000*1},{20,4000*1},{30,5000*1},{40,6000*1},{50,7000*1},{60,8000*1},{70,9000*1},{80,10000*1},{90,11000*1},{100,12000*1}","{10,3000*1},{20,4000*1},{30,5000*1},{40,6000*1},{50,7000*1},{60,8000*1},{70,9000*1},{80,10000*1},{90,11000*1},{100,12000*1}",0,0,0,0,"{10,165},{45,715},{80,1265},{115,1815}","{10,165},{45,715},{80,1265},{115,1815}","{10,165},{45,715},{80,1265},{115,1815}","{10,165},{45,715},{80,1265},{115,1815}","{10,165},{45,715},{80,1265},{115,1815}","{1,50},{10,100},{50,150},{70,200},{110,800}",,
TFEnemy_zhanche,Kim Quân Chiến Xa,1147,15,"{10,7000000*1},{20,8000000*1},{30,9000000*1},{40,10000000*1},{50,11000000*1},{60,12000000*1},{70,14000000*1},{80,16000000*1},{90,18000000*1},{100,20000000*1}",,0,0,"{10,1000},{100,2800},{150,7000}","{10,100000*1},{20,110000*1},{30,120000*1},{40,130000*1},{50,140000*1},{60,140000*1},{70,150000*1},{80,150000*1},{90,160000*1},{100,160000*1}","{10,100000*1},{20,110000*1},{30,120000*1},{40,130000*1},{50,140000*1},{60,140000*1},{70,150000*1},{80,150000*1},{90,160000*1},{100,160000*1}",0,0,0,0,"{10,165},{45,715},{80,1265},{115,1815}","{10,165},{45,715},{80,1265},{115,1815}","{10,165},{45,715},{80,1265},{115,1815}","{10,165},{45,715},{80,1265},{115,1815}","{10,165},{45,715},{80,1265},{115,1815}","{1,50},{10,100},{50,150},{70,200},{110,800}",,
TFEnemy_zibao,Kim Quân Tử Sĩ,1148,15,"{10,2400000*1},{20,2600000*1},{30,2800000*1},{40,3000000*1},{50,3200000*1},{60,3400000*1},{70,3600000*1},{80,3800000*1},{90,4000000*1},{100,4000000*1}",,0,0,"{10,1000},{100,2800},{150,7000}","{10,10000*1},{20,11000*1},{30,12000*1},{40,14000*1},{50,15000*1},{60,16000*1},{70,17000*1},{80,18000*1},{90,19000*1},{100,20000*1}","{10,10000*1},{20,11000*1},{30,12000*1},{40,14000*1},{50,15000*1},{60,16000*1},{70,17000*1},{80,18000*1},{90,19000*1},{100,20000*1}",0,0,0,0,"{10,165},{45,715},{80,1265},{115,1815}","{10,165},{45,715},{80,1265},{115,1815}","{10,165},{45,715},{80,1265},{115,1815}","{10,165},{45,715},{80,1265},{115,1815}","{10,165},{45,715},{80,1265},{115,1815}","{1,50},{10,100},{50,150},{70,200},{110,800}",,
TFLongZhu,Long Trụ,1149,15,2500000*1,,0,0,"{10,1000},{100,2800},{150,7000}","{80,500}","{80,500}",0,0,0,0,"{10,165},{45,715},{80,1265},{115,1815}","{10,165},{45,715},{80,1265},{115,1815}","{10,165},{45,715},{80,1265},{115,1815}","{10,165},{45,715},{80,1265},{115,1815}","{10,165},{45,715},{80,1265},{115,1815}","{1,50},{10,100},{50,150},{70,200},{110,800}",,
CrossbowDefense_chengmen,Cổng Thành,1150,15,600000*1,,0,0,"{10,1000},{100,2800},{150,7000}","{80,500}","{80,500}",0,0,0,0,0,0,0,0,0,0,0,
CrossbowDefense_buji,Bổ Sung,1151,15,500*1,,0,0,"{10,1000},{100,2800},{150,7000}","{80,500}","{80,500}",0,0,0,0,0,0,0,0,0,0,0,
CrossbowDefense_jinzhan,Kim Quân Tiên Phong,1152,15,"{1,700*1},{5,1100*1}",,0,0,"{10,1000},{100,2800},{150,7000}","{1,2000*1},{5,4000*1}","{1,2000*1},{5,4000*1}",0,0,0,0,0,0,0,0,0,0,0,
CrossbowDefense_nu,Xe Bắn Nỏ,1153,15,250000*1,,0,0,"{10,1000},{100,2800},{150,7000}",1,1,0,0,0,0,0,0,0,0,0,0,0,
CrossbowDefense_ma,Kim Quân Tinh Nhuệ,1154,15,"{1,2000*1},{5,6000*1}",,0,0,"{10,1000},{100,2800},{150,7000}","{1,3000*1},{5,5000*1}","{1,3000*1},{5,5000*1}",0,0,0,0,0,0,0,0,0,0,0,
CrossbowDefense_chengmen,Công Thành,1155,15,"{1,10000*1},{5,30000*1}",,0,0,"{10,1000},{100,2800},{150,7000}","{1,6000*1},{5,10000*1}","{1,6000*1},{5,10000*1}",0,0,0,0,0,0,0,0,0,0,0,
SixCountyBossNpc,Thủ Lĩnh Trục Lộc,1156,15,"{100,360000*540},{110,450000*600},{120,600000*800},{130,88255555*11},{140,101212222*11},{150,115877666*11},{160,132464077*11},{170,151208994*11},{180,172378253*11},{190,196269274*18},{200,223214717*18},{320,9838080594},{330,103000000*150},{340,108000000*200},{350,113000000*200}",,0,0,"{10,50000}","{20,120},{30,200},{40,700},{50,1200},{60,1600},{70,2000},{80,2400},{90,2800},{100,3200},{110,4000}","{20,120},{30,200},{40,700},{50,1200},{60,1600},{70,2000},{80,2400},{90,2800},{100,3200},{110,4000}",0,0,0,0,"{10,200},{20,400},{30,600},{40,800},{50,1000},{60,1300},{70,1600},{80,2000},{100,3000},{110,4000},{120,5000},{130,6000},{140,7000},{150,7500},{160,8000},{170,8500},{180,9000},{190,9500},{200,10000}","{10,200},{20,400},{30,600},{40,800},{50,1000},{60,1300},{70,1600},{80,2000},{100,3000},{110,4000},{120,5000},{130,6000},{140,7000},{150,7500},{160,8000},{170,8500},{180,9000},{190,9500},{200,10000}","{10,200},{20,400},{30,600},{40,800},{50,1000},{60,1300},{70,1600},{80,2000},{100,3000},{110,4000},{120,5000},{130,6000},{140,7000},{150,7500},{160,8000},{170,8500},{180,9000},{190,9500},{200,10000}","{10,200},{20,400},{30,600},{40,800},{50,1000},{60,1300},{70,1600},{80,2000},{100,3000},{110,4000},{120,5000},{130,6000},{140,7000},{150,7500},{160,8000},{170,8500},{180,9000},{190,9500},{200,10000}","{10,200},{20,400},{30,600},{40,800},{50,1000},{60,1300},{70,1600},{80,2000},{100,3000},{110,4000},{120,5000},{130,6000},{140,7000},{150,7500},{160,8000},{170,8500},{180,9000},{190,9500},{200,10000}","{10,257},{20,300},{30,342},{40,385},{50,428},{60,471},{70,514},{80,557},{100,642},{110,685},{120,728},{130,771},{140,1103},{150,1214},{160,1335},{170,1468},{180,1615},{190,1777},{200,1955}",,
shanhe_zhudian2,Chính Điện,1157,15,"{30,2700000*588},{49,4000000*588},{60,15000000*588},{70,24000000*588},{80,30000000*588},{110,36000000*588},{120,54000000*588},{130,75000000*588},{140,90000000*588},{150,60148510600},{160,65804723400},{165,75380693600},{170,90113810600},{175,102269744100},{180,120145726200},{190,132074207250}",,0,0,"{10,50000}","{20,120*2},{30,200*2},{40,700*2},{50,1200*2},{60,1600*2},{70,2000*2},{80,2400*2},{90,2800*2},{100,3200*2},{110,4000*2}","{20,120*2},{30,200*2},{40,700*2},{50,1200*2},{60,1600*2},{70,2000*2},{80,2400*2},{90,2800*2},{100,3200*2},{110,4000*2}",0,0,0,0,"{10,210},{20,410},{30,610},{40,810},{50,1010},{60,1210},{70,1410},{80,1610},{100,2010},{110,2210},{120,2410},{130,2610},{140,2860},{150,3146},{160,3461},{170,3807},{180,4188},{190,4607},{200,5068}","{10,210},{20,410},{30,610},{40,810},{50,1010},{60,1210},{70,1410},{80,1610},{100,2010},{110,2210},{120,2410},{130,2610},{140,2860},{150,3146},{160,3461},{170,3807},{180,4188},{190,4607},{200,5068}","{10,210},{20,410},{30,610},{40,810},{50,1010},{60,1210},{70,1410},{80,1610},{100,2010},{110,2210},{120,2410},{130,2610},{140,2860},{150,3146},{160,3461},{170,3807},{180,4188},{190,4607},{200,5068}","{10,210},{20,410},{30,610},{40,810},{50,1010},{60,1210},{70,1410},{80,1610},{100,2010},{110,2210},{120,2410},{130,2610},{140,2860},{150,3146},{160,3461},{170,3807},{180,4188},{190,4607},{200,5068}","{10,210},{20,410},{30,610},{40,810},{50,1010},{60,1210},{70,1410},{80,1610},{100,2010},{110,2210},{120,2410},{130,2610},{140,2860},{150,3146},{160,3461},{170,3807},{180,4188},{190,4607},{200,5068}","{10,257},{20,300},{30,342},{40,385},{50,428},{60,471},{70,514},{80,557},{100,642},{110,685},{120,728},{130,771},{140,1103},{150,1214},{160,1335},{170,1468},{180,1615},{190,1777},{200,1955}",,
LiangMoXing_Car,Xe Lương,1158,15,1,,,,,,,,,,,,,,,,,,
shanhe_zhudian3,Chính Điện,1159,15,"{30,3700000*588},{49,5300000*588},{60,20000000*588},{70,32000000*588},{80,40000000*588},{110,48000000*588},{120,72000000*588},{130,100000000*588},{140,120000000*588},{150,80148510600},{160,95804723400},{165,100380693600},{170,120113810600},{175,132269744100},{180,160145726200},{190,172074207250}",,0,0,"{10,50000}","{20,120*2},{30,200*2},{40,700*2},{50,1200*2},{60,1600*2},{70,2000*2},{80,2400*2},{90,2800*2},{100,3200*2},{110,4000*2}","{20,120*2},{30,200*2},{40,700*2},{50,1200*2},{60,1600*2},{70,2000*2},{80,2400*2},{90,2800*2},{100,3200*2},{110,4000*2}",0,0,0,0,"{10,210},{20,410},{30,610},{40,810},{50,1010},{60,1210},{70,1410},{80,1610},{100,2010},{110,2210},{120,2410},{130,2610},{140,2860},{150,3146},{160,3461},{170,3807},{180,4188},{190,4607},{200,5068}","{10,210},{20,410},{30,610},{40,810},{50,1010},{60,1210},{70,1410},{80,1610},{100,2010},{110,2210},{120,2410},{130,2610},{140,2860},{150,3146},{160,3461},{170,3807},{180,4188},{190,4607},{200,5068}","{10,210},{20,410},{30,610},{40,810},{50,1010},{60,1210},{70,1410},{80,1610},{100,2010},{110,2210},{120,2410},{130,2610},{140,2860},{150,3146},{160,3461},{170,3807},{180,4188},{190,4607},{200,5068}","{10,210},{20,410},{30,610},{40,810},{50,1010},{60,1210},{70,1410},{80,1610},{100,2010},{110,2210},{120,2410},{130,2610},{140,2860},{150,3146},{160,3461},{170,3807},{180,4188},{190,4607},{200,5068}","{10,210},{20,410},{30,610},{40,810},{50,1010},{60,1210},{70,1410},{80,1610},{100,2010},{110,2210},{120,2410},{130,2610},{140,2860},{150,3146},{160,3461},{170,3807},{180,4188},{190,4607},{200,5068}","{10,257},{20,300},{30,342},{40,385},{50,428},{60,471},{70,514},{80,557},{100,642},{110,685},{120,728},{130,771},{140,1103},{150,1214},{160,1335},{170,1468},{180,1615},{190,1777},{200,1955}",,
shanhe_zhudian4,Chính Điện,1160,15,"{30,4700000*588},{49,7050000*588},{60,26000000*588},{70,42000000*588},{80,53000000*588},{110,64000000*588},{120,96000000*588},{130,130000000*588},{140,160000000*588},{150,106148510600},{160,125804723400},{165,130380693600},{170,160113810600},{175,172269744100},{180,210145726200},{190,232074207250}",,0,0,"{10,50000}","{20,120*2},{30,200*2},{40,700*2},{50,1200*2},{60,1600*2},{70,2000*2},{80,2400*2},{90,2800*2},{100,3200*2},{110,4000*2}","{20,120*2},{30,200*2},{40,700*2},{50,1200*2},{60,1600*2},{70,2000*2},{80,2400*2},{90,2800*2},{100,3200*2},{110,4000*2}",0,0,0,0,"{10,210},{20,410},{30,610},{40,810},{50,1010},{60,1210},{70,1410},{80,1610},{100,2010},{110,2210},{120,2410},{130,2610},{140,2860},{150,3146},{160,3461},{170,3807},{180,4188},{190,4607},{200,5068}","{10,210},{20,410},{30,610},{40,810},{50,1010},{60,1210},{70,1410},{80,1610},{100,2010},{110,2210},{120,2410},{130,2610},{140,2860},{150,3146},{160,3461},{170,3807},{180,4188},{190,4607},{200,5068}","{10,210},{20,410},{30,610},{40,810},{50,1010},{60,1210},{70,1410},{80,1610},{100,2010},{110,2210},{120,2410},{130,2610},{140,2860},{150,3146},{160,3461},{170,3807},{180,4188},{190,4607},{200,5068}","{10,210},{20,410},{30,610},{40,810},{50,1010},{60,1210},{70,1410},{80,1610},{100,2010},{110,2210},{120,2410},{130,2610},{140,2860},{150,3146},{160,3461},{170,3807},{180,4188},{190,4607},{200,5068}","{10,210},{20,410},{30,610},{40,810},{50,1010},{60,1210},{70,1410},{80,1610},{100,2010},{110,2210},{120,2410},{130,2610},{140,2860},{150,3146},{160,3461},{170,3807},{180,4188},{190,4607},{200,5068}","{10,257},{20,300},{30,342},{40,385},{50,428},{60,471},{70,514},{80,557},{100,642},{110,685},{120,728},{130,771},{140,1103},{150,1214},{160,1335},{170,1468},{180,1615},{190,1777},{200,1955}",,
QingTongShouZu_clientworm,Bug server Tình Như Thủ Túc,1161,15,"{1,1},{40,1}",,,,,,,,,,,,,,,,,,
qingrenjie_zhenzhubei_1,Trân Châu Bối,1162,15,30,,0,0,"{10,1000},{100,2800},{150,7000}",300000,300000,0,0,0,0,"{10,165},{45,715},{80,1265},{115,1815}","{10,165},{45,715},{80,1265},{115,1815}","{10,165},{45,715},{80,1265},{115,1815}","{10,165},{45,715},{80,1265},{115,1815}","{10,165},{45,715},{80,1265},{115,1815}","{1,50},{10,100},{50,150},{70,200},{110,800}",,
tianhuo,Thiên Hỏa,1163,15,"{30,500000*588*5},{49,850000*588*5},{60,2500000*588*5},{70,4000000*588*5},{80,5000000*588*5},{100,6000000*588*5},{110,9000000*588*5},{120,12500000*588*5},{130,15000000*588*5},{140,10114851060*5},{150,11580472340*5},{160,13238069360*5},{170,15111381060*5},{180,17226974410*5},{190,19614572620*5},{200,22307420725*5}",,0,0,"{10,50000}","{20,120*2},{30,200*2},{40,700*2},{50,1200*2},{60,1600*2},{70,2000*2},{80,2400*2},{90,2800*2},{100,3200*2},{110,4000*2}","{20,120*2},{30,200*2},{40,700*2},{50,1200*2},{60,1600*2},{70,2000*2},{80,2400*2},{90,2800*2},{100,3200*2},{110,4000*2}",0,0,0,0,"{10,210},{20,410},{30,610},{40,810},{50,1010},{60,1210},{70,1410},{80,1610},{100,2010},{110,2210},{120,2410},{130,2610},{140,2860},{150,3146},{160,3461},{170,3807},{180,4188},{190,4607},{200,5068}","{10,210},{20,410},{30,610},{40,810},{50,1010},{60,1210},{70,1410},{80,1610},{100,2010},{110,2210},{120,2410},{130,2610},{140,2860},{150,3146},{160,3461},{170,3807},{180,4188},{190,4607},{200,5068}","{10,210},{20,410},{30,610},{40,810},{50,1010},{60,1210},{70,1410},{80,1610},{100,2010},{110,2210},{120,2410},{130,2610},{140,2860},{150,3146},{160,3461},{170,3807},{180,4188},{190,4607},{200,5068}","{10,210},{20,410},{30,610},{40,810},{50,1010},{60,1210},{70,1410},{80,1610},{100,2010},{110,2210},{120,2410},{130,2610},{140,2860},{150,3146},{160,3461},{170,3807},{180,4188},{190,4607},{200,5068}","{10,210},{20,410},{30,610},{40,810},{50,1010},{60,1210},{70,1410},{80,1610},{100,2010},{110,2210},{120,2410},{130,2610},{140,2860},{150,3146},{160,3461},{170,3807},{180,4188},{190,4607},{200,5068}","{10,257},{20,300},{30,342},{40,385},{50,428},{60,471},{70,514},{80,557},{100,642},{110,685},{120,728},{130,771},{140,1103},{150,1214},{160,1335},{170,1468},{180,1615},{190,1777},{200,1955}",,
DWDLD_animal,Thú Nuôi,1164,15,"{1,100000*1},{2,110000*1},{3,120000*1},{4,130000*1},{5,140000*1},{6,150000*1},{7,160000*1},{8,170000*1},{9,180000*1},{10,190000*1}",,0,0,"{10,50000}","{1,10000*1},{2,11000*1},{3,12000*1},{4,13000*1},{5,14000*1},{6,15000*1},{7,16000*1},{8,17000*1},{9,18000*1},{10,20000*1}","{1,10000*1},{2,11000*1},{3,12000*1},{4,13000*1},{5,14000*1},{6,15000*1},{7,16000*1},{8,17000*1},{9,18000*1},{10,20000*1}",0,0,0,0,"{10,165},{45,715},{80,1265},{115,1815}","{10,165},{45,715},{80,1265},{115,1815}","{10,165},{45,715},{80,1265},{115,1815}","{10,165},{45,715},{80,1265},{115,1815}","{10,165},{45,715},{80,1265},{115,1815}","{1,50},{10,100},{50,150},{70,200},{110,800}",,
DWDLD_wolf,Thú Nuôi,1165,15,"{1,100000*5},{2,110000*5},{3,120000*5},{4,130000*5},{5,140000*5},{6,150000*5},{7,160000*5},{8,170000*5},{9,180000*5},{10,190000*5}",,0,0,"{10,50000}","{1,10000*4},{2,11000*4},{3,12000*4},{4,13000*4},{5,14000*4},{6,15000*4},{7,16000*4},{8,17000*4},{9,18000*4},{10,20000*4}","{1,10000*4},{2,11000*4},{3,12000*4},{4,13000*4},{5,14000*4},{6,15000*4},{7,16000*4},{8,17000*4},{9,18000*4},{10,20000*4}",0,0,0,0,"{10,165},{45,715},{80,1265},{115,1815}","{10,165},{45,715},{80,1265},{115,1815}","{10,165},{45,715},{80,1265},{115,1815}","{10,165},{45,715},{80,1265},{115,1815}","{10,165},{45,715},{80,1265},{115,1815}","{1,50},{10,100},{50,150},{70,200},{110,800}",,
DWDLD_bear,Thú Nuôi,1166,15,"{1,100000*10},{2,110000*10},{3,120000*10},{4,130000*10},{5,140000*10},{6,150000*10},{7,160000*10},{8,170000*10},{9,180000*10},{10,190000*10}",,0,0,"{10,50000}","{1,10000*2},{2,11000*2},{3,12000*2},{4,13000*2},{5,14000*2},{6,15000*2},{7,16000*2},{8,17000*2},{9,18000*2},{10,20000*2}","{1,10000*2},{2,11000*2},{3,12000*2},{4,13000*2},{5,14000*2},{6,15000*2},{7,16000*2},{8,17000*2},{9,18000*2},{10,20000*2}",0,0,0,0,"{10,165},{45,715},{80,1265},{115,1815}","{10,165},{45,715},{80,1265},{115,1815}","{10,165},{45,715},{80,1265},{115,1815}","{10,165},{45,715},{80,1265},{115,1815}","{10,165},{45,715},{80,1265},{115,1815}","{1,50},{10,100},{50,150},{70,200},{110,800}",,
DWDLD_monkey,Thú Nuôi,1167,15,"{1,100000*2.5},{2,110000*2.5},{3,120000*2.5},{4,130000*2.5},{5,140000*2.5},{6,150000*2.5},{7,160000*2.5},{8,170000*2.5},{9,180000*2.5},{10,190000*2.5}",,0,0,"{10,50000}","{1,10000*2},{2,11000*2},{3,12000*2},{4,13000*2},{5,14000*2},{6,15000*2},{7,16000*2},{8,17000*2},{9,18000*2},{10,20000*2}","{1,10000*2},{2,11000*2},{3,12000*2},{4,13000*2},{5,14000*2},{6,15000*2},{7,16000*2},{8,17000*2},{9,18000*2},{10,20000*2}",0,0,0,0,"{10,165},{45,715},{80,1265},{115,1815}","{10,165},{45,715},{80,1265},{115,1815}","{10,165},{45,715},{80,1265},{115,1815}","{10,165},{45,715},{80,1265},{115,1815}","{10,165},{45,715},{80,1265},{115,1815}","{1,50},{10,100},{50,150},{70,200},{110,800}",,
DWDLD_pig,Thú Nuôi,1168,15,"{1,100000*5},{2,110000*5},{3,120000*5},{4,130000*5},{5,140000*5},{6,150000*5},{7,160000*5},{8,170000*5},{9,180000*5},{10,190000*5}",,0,0,"{10,50000}","{1,10000*1},{2,11000*1},{3,12000*1},{4,13000*1},{5,14000*1},{6,15000*1},{7,16000*1},{8,17000*1},{9,18000*1},{10,20000*1}","{1,10000*1},{2,11000*1},{3,12000*1},{4,13000*1},{5,14000*1},{6,15000*1},{7,16000*1},{8,17000*1},{9,18000*1},{10,20000*1}",0,0,0,0,"{10,165},{45,715},{80,1265},{115,1815}","{10,165},{45,715},{80,1265},{115,1815}","{10,165},{45,715},{80,1265},{115,1815}","{10,165},{45,715},{80,1265},{115,1815}","{10,165},{45,715},{80,1265},{115,1815}","{1,50},{10,100},{50,150},{70,200},{110,800}",,
LYMJ_easy,Linh Uẩn Bí Cảnh-Thường,1170,15,4800000*22,,0,0,"{10,1000},{100,2800},{150,7000}","{110,8000}","{110,20000}",0,0,0,0,"{10,210},{20,410},{30,610},{40,810},{50,1010},{60,1210},{70,1410},{80,1610},{100,2010},{110,2210},{120,2410},{130,2610},{140,2860},{150,3146},{160,3461},{170,3807},{180,4188},{190,4607},{200,5068}","{10,210},{20,410},{30,610},{40,810},{50,1010},{60,1210},{70,1410},{80,1610},{100,2010},{110,2210},{120,2410},{130,2610},{140,2860},{150,3146},{160,3461},{170,3807},{180,4188},{190,4607},{200,5068}","{10,210},{20,410},{30,610},{40,810},{50,1010},{60,1210},{70,1410},{80,1610},{100,2010},{110,2210},{120,2410},{130,2610},{140,2860},{150,3146},{160,3461},{170,3807},{180,4188},{190,4607},{200,5068}","{10,210},{20,410},{30,610},{40,810},{50,1010},{60,1210},{70,1410},{80,1610},{100,2010},{110,2210},{120,2410},{130,2610},{140,2860},{150,3146},{160,3461},{170,3807},{180,4188},{190,4607},{200,5068}","{10,210},{20,410},{30,610},{40,810},{50,1010},{60,1210},{70,1410},{80,1610},{100,2010},{110,2210},{120,2410},{130,2610},{140,2860},{150,3146},{160,3461},{170,3807},{180,4188},{190,4607},{200,5068}","{10,257},{20,300},{30,342},{40,385},{50,428},{60,471},{70,514},{80,557},{100,642},{110,685},{120,728},{130,771},{140,1103},{150,1214},{160,1335},{170,1468},{180,1615},{190,1777},{200,1955}",,
LYMJ_hard,Linh Uẩn Bí CảnhKhó,1171,15,4800000*24,,0,0,"{10,1000},{100,2800},{150,7000}","{110,10000}","{110,25000}",0,0,0,0,"{10,210},{20,410},{30,610},{40,810},{50,1010},{60,1210},{70,1410},{80,1610},{100,2010},{110,2210},{120,2410},{130,2610},{140,2860},{150,3146},{160,3461},{170,3807},{180,4188},{190,4607},{200,5068}","{10,210},{20,410},{30,610},{40,810},{50,1010},{60,1210},{70,1410},{80,1610},{100,2010},{110,2210},{120,2410},{130,2610},{140,2860},{150,3146},{160,3461},{170,3807},{180,4188},{190,4607},{200,5068}","{10,210},{20,410},{30,610},{40,810},{50,1010},{60,1210},{70,1410},{80,1610},{100,2010},{110,2210},{120,2410},{130,2610},{140,2860},{150,3146},{160,3461},{170,3807},{180,4188},{190,4607},{200,5068}","{10,210},{20,410},{30,610},{40,810},{50,1010},{60,1210},{70,1410},{80,1610},{100,2010},{110,2210},{120,2410},{130,2610},{140,2860},{150,3146},{160,3461},{170,3807},{180,4188},{190,4607},{200,5068}","{10,210},{20,410},{30,610},{40,810},{50,1010},{60,1210},{70,1410},{80,1610},{100,2010},{110,2210},{120,2410},{130,2610},{140,2860},{150,3146},{160,3461},{170,3807},{180,4188},{190,4607},{200,5068}","{10,257},{20,300},{30,342},{40,385},{50,428},{60,471},{70,514},{80,557},{100,642},{110,685},{120,728},{130,771},{140,1103},{150,1214},{160,1335},{170,1468},{180,1615},{190,1777},{200,1955}",,
LYMJ_crazy,Linh Uẩn Bí Cảnh-Sử Thi,1172,15,4800000*26,,0,0,"{10,1000},{100,2800},{150,7000}","{110,15000}","{110,35000}",0,0,0,0,"{10,210},{20,410},{30,610},{40,810},{50,1010},{60,1210},{70,1410},{80,1610},{100,2010},{110,2210},{120,2410},{130,2610},{140,2860},{150,3146},{160,3461},{170,3807},{180,4188},{190,4607},{200,5068}","{10,210},{20,410},{30,610},{40,810},{50,1010},{60,1210},{70,1410},{80,1610},{100,2010},{110,2210},{120,2410},{130,2610},{140,2860},{150,3146},{160,3461},{170,3807},{180,4188},{190,4607},{200,5068}","{10,210},{20,410},{30,610},{40,810},{50,1010},{60,1210},{70,1410},{80,1610},{100,2010},{110,2210},{120,2410},{130,2610},{140,2860},{150,3146},{160,3461},{170,3807},{180,4188},{190,4607},{200,5068}","{10,210},{20,410},{30,610},{40,810},{50,1010},{60,1210},{70,1410},{80,1610},{100,2010},{110,2210},{120,2410},{130,2610},{140,2860},{150,3146},{160,3461},{170,3807},{180,4188},{190,4607},{200,5068}","{10,210},{20,410},{30,610},{40,810},{50,1010},{60,1210},{70,1410},{80,1610},{100,2010},{110,2210},{120,2410},{130,2610},{140,2860},{150,3146},{160,3461},{170,3807},{180,4188},{190,4607},{200,5068}","{10,257},{20,300},{30,342},{40,385},{50,428},{60,471},{70,514},{80,557},{100,642},{110,685},{120,728},{130,771},{140,1103},{150,1214},{160,1335},{170,1468},{180,1615},{190,1777},{200,1955}",,
LYMJ_xinmo,Tâm Ma Linh Uẩn Bí Cảnh,1173,15,1000000*22,,0,0,"{10,1000},{100,2800},{150,7000}","{110,6000}","{110,15000}",0,0,0,0,"{10,210},{20,410},{30,610},{40,810},{50,1010},{60,1210},{70,1410},{80,1610},{100,2010},{110,2210},{120,2410},{130,2610},{140,2860},{150,3146},{160,3461},{170,3807},{180,4188},{190,4607},{200,5068}","{10,210},{20,410},{30,610},{40,810},{50,1010},{60,1210},{70,1410},{80,1610},{100,2010},{110,2210},{120,2410},{130,2610},{140,2860},{150,3146},{160,3461},{170,3807},{180,4188},{190,4607},{200,5068}","{10,210},{20,410},{30,610},{40,810},{50,1010},{60,1210},{70,1410},{80,1610},{100,2010},{110,2210},{120,2410},{130,2610},{140,2860},{150,3146},{160,3461},{170,3807},{180,4188},{190,4607},{200,5068}","{10,210},{20,410},{30,610},{40,810},{50,1010},{60,1210},{70,1410},{80,1610},{100,2010},{110,2210},{120,2410},{130,2610},{140,2860},{150,3146},{160,3461},{170,3807},{180,4188},{190,4607},{200,5068}","{10,210},{20,410},{30,610},{40,810},{50,1010},{60,1210},{70,1410},{80,1610},{100,2010},{110,2210},{120,2410},{130,2610},{140,2860},{150,3146},{160,3461},{170,3807},{180,4188},{190,4607},{200,5068}","{10,257},{20,300},{30,342},{40,385},{50,428},{60,471},{70,514},{80,557},{100,642},{110,685},{120,728},{130,771},{140,1103},{150,1214},{160,1335},{170,1468},{180,1615},{190,1777},{200,1955}",,
CBZD_linglu,Đỉnh Trường Bạch-Linh Lộc,1174,15,1440000*1,,0,0,"{10,1000},{100,2800},{150,7000}","{80,2000}","{80,2000}",0,0,0,0,"{10,165},{45,715},{80,1265},{115,1815}","{10,165},{45,715},{80,1265},{115,1815}","{10,165},{45,715},{80,1265},{115,1815}","{10,165},{45,715},{80,1265},{115,1815}","{10,165},{45,715},{80,1265},{115,1815}","{1,50},{10,100},{50,150},{70,200},{110,800}",,
CBZD_shiwang,Đỉnh Trường Bạch-Sư Vương,1175,15,5500000*1,,0,0,"{10,1000},{100,2800},{150,7000}","{80,2000}","{80,2000}",0,0,0,0,"{10,165},{45,715},{80,1265},{115,1815}","{10,165},{45,715},{80,1265},{115,1815}","{10,165},{45,715},{80,1265},{115,1815}","{10,165},{45,715},{80,1265},{115,1815}","{10,165},{45,715},{80,1265},{115,1815}","{1,50},{10,100},{50,150},{70,200},{110,800}",,
Xianglongzhilu_boss1,Giáng Long Chi Lộ 1,1176,15,"{90,16000000*450},{110,19200000*450},{120,28800000*500},{130,40000000*550},{140,48000000*588},{150,32048510600},{160,36004723400},{170,40580693600},{180,48013810600},{185,54069744100},{190,63045726200},{200,68074207250}",,0,0,"{10,50000}","{100,3200*6},{110,4000*6}","{100,3200*6},{110,4000*6}",0,0,0,0,"{10,210},{20,410},{30,610},{40,810},{50,1010},{60,1210},{70,1410},{80,1610},{100,2010},{110,2210},{120,2410},{130,2610},{140,2860},{150,3146},{160,3461},{170,3807},{180,4188},{190,4607},{200,5068}","{10,210},{20,410},{30,610},{40,810},{50,1010},{60,1210},{70,1410},{80,1610},{100,2010},{110,2210},{120,2410},{130,2610},{140,2860},{150,3146},{160,3461},{170,3807},{180,4188},{190,4607},{200,5068}","{10,210},{20,410},{30,610},{40,810},{50,1010},{60,1210},{70,1410},{80,1610},{100,2010},{110,2210},{120,2410},{130,2610},{140,2860},{150,3146},{160,3461},{170,3807},{180,4188},{190,4607},{200,5068}","{10,210},{20,410},{30,610},{40,810},{50,1010},{60,1210},{70,1410},{80,1610},{100,2010},{110,2210},{120,2410},{130,2610},{140,2860},{150,3146},{160,3461},{170,3807},{180,4188},{190,4607},{200,5068}","{10,210},{20,410},{30,610},{40,810},{50,1010},{60,1210},{70,1410},{80,1610},{100,2010},{110,2210},{120,2410},{130,2610},{140,2860},{150,3146},{160,3461},{170,3807},{180,4188},{190,4607},{200,5068}","{10,257},{20,300},{30,342},{40,385},{50,428},{60,471},{70,514},{80,557},{100,642},{110,685},{120,728},{130,771},{140,1103},{150,1214},{160,1335},{170,1468},{180,1615},{190,1777},{200,1955}",,
Xianglongzhilu_boss2,Giáng Long Chi Lộ 2,1177,15,"{80,30000000*450},{110,36000000*450},{120,50000000*500},{130,60000000*550},{140,60000000*588},{150,40148510600},{160,45804723400},{165,55380693600},{170,6113810600},{175,72269744100},{180,90145726200},{190,102074207250}",,0,0,"{10,50000}","{100,3200*6},{110,4000*6}","{100,3200*6},{110,4000*6}",0,0,0,0,"{10,210},{20,410},{30,610},{40,810},{50,1010},{60,1210},{70,1410},{80,1610},{100,2010},{110,2210},{120,2410},{130,2610},{140,2860},{150,3146},{160,3461},{170,3807},{180,4188},{190,4607},{200,5068}","{10,210},{20,410},{30,610},{40,810},{50,1010},{60,1210},{70,1410},{80,1610},{100,2010},{110,2210},{120,2410},{130,2610},{140,2860},{150,3146},{160,3461},{170,3807},{180,4188},{190,4607},{200,5068}","{10,210},{20,410},{30,610},{40,810},{50,1010},{60,1210},{70,1410},{80,1610},{100,2010},{110,2210},{120,2410},{130,2610},{140,2860},{150,3146},{160,3461},{170,3807},{180,4188},{190,4607},{200,5068}","{10,210},{20,410},{30,610},{40,810},{50,1010},{60,1210},{70,1410},{80,1610},{100,2010},{110,2210},{120,2410},{130,2610},{140,2860},{150,3146},{160,3461},{170,3807},{180,4188},{190,4607},{200,5068}","{10,210},{20,410},{30,610},{40,810},{50,1010},{60,1210},{70,1410},{80,1610},{100,2010},{110,2210},{120,2410},{130,2610},{140,2860},{150,3146},{160,3461},{170,3807},{180,4188},{190,4607},{200,5068}","{10,257},{20,300},{30,342},{40,385},{50,428},{60,471},{70,514},{80,557},{100,642},{110,685},{120,728},{130,771},{140,1103},{150,1214},{160,1335},{170,1468},{180,1615},{190,1777},{200,1955}",,
Xianglongzhilu_boss3,Giáng Long Chi Lộ 3,1178,15,"{80,40000000*450},{110,48000000*450},{120,60000000*500},{130,80000000*550},{140,80000000*588},{150,60148510600},{160,75804723400},{165,80380693600},{170,90113810600},{175,102269744100},{180,120145726200},{190,132074207250}",,0,0,"{10,50000}","{100,3200*6},{110,4000*6}","{100,3200*6},{110,4000*6}",0,0,0,0,"{10,210},{20,410},{30,610},{40,810},{50,1010},{60,1210},{70,1410},{80,1610},{100,2010},{110,2210},{120,2410},{130,2610},{140,2860},{150,3146},{160,3461},{170,3807},{180,4188},{190,4607},{200,5068}","{10,210},{20,410},{30,610},{40,810},{50,1010},{60,1210},{70,1410},{80,1610},{100,2010},{110,2210},{120,2410},{130,2610},{140,2860},{150,3146},{160,3461},{170,3807},{180,4188},{190,4607},{200,5068}","{10,210},{20,410},{30,610},{40,810},{50,1010},{60,1210},{70,1410},{80,1610},{100,2010},{110,2210},{120,2410},{130,2610},{140,2860},{150,3146},{160,3461},{170,3807},{180,4188},{190,4607},{200,5068}","{10,210},{20,410},{30,610},{40,810},{50,1010},{60,1210},{70,1410},{80,1610},{100,2010},{110,2210},{120,2410},{130,2610},{140,2860},{150,3146},{160,3461},{170,3807},{180,4188},{190,4607},{200,5068}","{10,210},{20,410},{30,610},{40,810},{50,1010},{60,1210},{70,1410},{80,1610},{100,2010},{110,2210},{120,2410},{130,2610},{140,2860},{150,3146},{160,3461},{170,3807},{180,4188},{190,4607},{200,5068}","{10,257},{20,300},{30,342},{40,385},{50,428},{60,471},{70,514},{80,557},{100,642},{110,685},{120,728},{130,771},{140,1103},{150,1214},{160,1335},{170,1468},{180,1615},{190,1777},{200,1955}",,
Loulanact_Boss,Bách Chiến Lâu Lan,1179,15,"{20,20000*120},{30,20000*120},{40,30000*120},{50,90000*120},{60,300000*120},{70,600000*120},{80,1000000*120},{100,1800000*120},{110,1800000*250},{120,2500000*300},{130,3000000*350},{140,3500000*450},{150,4000000*500},{160,4500000*550},{170,5200000*550},{180,5900000*550},{190,6700000*550},{200,7500000*550}",,0,0,"{10,50000}","{20,120*2},{30,200*2},{40,700*2},{50,1200*2},{60,1600*2},{70,2000*2},{80,2400*2},{90,2800*2},{100,3200*2},{110,4000*2}","{20,120*2},{30,200*2},{40,700*2},{50,1200*2},{60,1600*2},{70,2000*2},{80,2400*2},{90,2800*2},{100,3200*2},{110,4000*2}",0,0,0,0,"{10,210},{20,410},{30,610},{40,810},{50,1010},{60,1210},{70,1410},{80,1610},{100,2010},{110,2210},{120,2410},{130,2610},{140,2860},{150,3146},{160,3461},{170,3807},{180,4188},{190,4607},{200,5068}","{10,210},{20,410},{30,610},{40,810},{50,1010},{60,1210},{70,1410},{80,1610},{100,2010},{110,2210},{120,2410},{130,2610},{140,2860},{150,3146},{160,3461},{170,3807},{180,4188},{190,4607},{200,5068}","{10,210},{20,410},{30,610},{40,810},{50,1010},{60,1210},{70,1410},{80,1610},{100,2010},{110,2210},{120,2410},{130,2610},{140,2860},{150,3146},{160,3461},{170,3807},{180,4188},{190,4607},{200,5068}","{10,210},{20,410},{30,610},{40,810},{50,1010},{60,1210},{70,1410},{80,1610},{100,2010},{110,2210},{120,2410},{130,2610},{140,2860},{150,3146},{160,3461},{170,3807},{180,4188},{190,4607},{200,5068}","{10,210},{20,410},{30,610},{40,810},{50,1010},{60,1210},{70,1410},{80,1610},{100,2010},{110,2210},{120,2410},{130,2610},{140,2860},{150,3146},{160,3461},{170,3807},{180,4188},{190,4607},{200,5068}","{10,257},{20,300},{30,342},{40,385},{50,428},{60,471},{70,514},{80,557},{100,642},{110,685},{120,728},{130,771},{140,1103},{150,1214},{160,1335},{170,1468},{180,1615},{190,1777},{200,1955}",,
TXSL_BOSS,BOSS Thí Luyện Quân Hàm,1180,15,375000*145,,0,,"{10,50000}","{20,120*5},{30,250*5},{40,400*5},{50,650*5},{60,1100*5},{70,1600*5},{100,2000*5},{110,2500*5},{120,3000*5},{130,2500*5},{140,4000*5},{150,5000*5},{160,5500*5},{170,6000*5}","{20,120*5},{30,250*5},{40,400*5},{50,650*5},{60,1100*5},{70,1600*5},{100,2000*5},{110,2500*5}",0,0,0,0,"{10,210},{20,410},{30,610},{40,810},{50,1010},{60,1210},{70,1410},{80,1610},{100,2010},{110,2210},{120,2410},{130,2610},{140,2860},{150,3146},{160,3461},{170,3807},{180,4188},{190,4607},{200,5068}","{10,210},{20,410},{30,610},{40,810},{50,1010},{60,1210},{70,1410},{80,1610},{100,2010},{110,2210},{120,2410},{130,2610},{140,2860},{150,3146},{160,3461},{170,3807},{180,4188},{190,4607},{200,5068}","{10,210},{20,410},{30,610},{40,810},{50,1010},{60,1210},{70,1410},{80,1610},{100,2010},{110,2210},{120,2410},{130,2610},{140,2860},{150,3146},{160,3461},{170,3807},{180,4188},{190,4607},{200,5068}","{10,210},{20,410},{30,610},{40,810},{50,1010},{60,1210},{70,1410},{80,1610},{100,2010},{110,2210},{120,2410},{130,2610},{140,2860},{150,3146},{160,3461},{170,3807},{180,4188},{190,4607},{200,5068}","{10,210},{20,410},{30,610},{40,810},{50,1010},{60,1210},{70,1410},{80,1610},{100,2010},{110,2210},{120,2410},{130,2610},{140,2860},{150,3146},{160,3461},{170,3807},{180,4188},{190,4607},{200,5068}","{10,257},{20,300},{30,342},{40,385},{50,428},{60,471},{70,514},{80,557},{100,642},{110,685},{120,728},{130,771},{140,1103},{150,1214},{160,1335},{170,1468},{180,1615},{190,1777},{200,1955}",,
TXSL_Chamber,Cũi Thí Luyện Quân Hàm,1181,15,2000000*1,,0,0,,,,0,0,0,0,"{10,100},{30,150},{40,200},{50,250},{60,300},{70,350},{80,400},{110,800},{120,1000}","{10,100},{30,150},{40,200},{50,250},{60,300},{70,350},{80,400},{110,800},{120,1000}","{10,100},{30,150},{40,200},{50,250},{60,300},{70,350},{80,400},{110,800},{120,1000}","{10,100},{30,150},{40,200},{50,250},{60,300},{70,350},{80,400},{110,800},{120,1000}","{10,100},{30,150},{40,200},{50,250},{60,300},{70,350},{80,400},{110,800},{120,1000}","{1,50},{10,100},{50,150},{70,200},{110,800}",,
TXSL_BOSS_later,BOSS Thí Luyện Quân Hàm_Hậu Kỳ,1182,15,"{90,51384000*1},{110,73406250*1}",,0,0,"{10,50000}","{20,120*5},{30,250*5},{40,400*5},{50,650*5},{60,1100*5},{70,1600*5},{100,2000*5},{110,2500*5},{120,3000*5},{130,2500*5},{140,4000*5},{150,5000*5},{160,5500*5},{170,6000*5}","{20,120*5},{30,250*5},{40,400*5},{50,650*5},{60,1100*5},{70,1600*5},{100,2000*5},{110,2500*5}",0,0,0,0,"{10,210},{20,410},{30,610},{40,810},{50,1010},{60,1210},{70,1410},{80,1610},{100,2010},{110,2210},{120,2410},{130,2610},{140,2860},{150,3146},{160,3461},{170,3807},{180,4188},{190,4607},{200,5068}","{10,210},{20,410},{30,610},{40,810},{50,1010},{60,1210},{70,1410},{80,1610},{100,2010},{110,2210},{120,2410},{130,2610},{140,2860},{150,3146},{160,3461},{170,3807},{180,4188},{190,4607},{200,5068}","{10,210},{20,410},{30,610},{40,810},{50,1010},{60,1210},{70,1410},{80,1610},{100,2010},{110,2210},{120,2410},{130,2610},{140,2860},{150,3146},{160,3461},{170,3807},{180,4188},{190,4607},{200,5068}","{10,210},{20,410},{30,610},{40,810},{50,1010},{60,1210},{70,1410},{80,1610},{100,2010},{110,2210},{120,2410},{130,2610},{140,2860},{150,3146},{160,3461},{170,3807},{180,4188},{190,4607},{200,5068}","{10,210},{20,410},{30,610},{40,810},{50,1010},{60,1210},{70,1410},{80,1610},{100,2010},{110,2210},{120,2410},{130,2610},{140,2860},{150,3146},{160,3461},{170,3807},{180,4188},{190,4607},{200,5068}","{10,257},{20,300},{30,342},{40,385},{50,428},{60,471},{70,514},{80,557},{100,642},{110,685},{120,728},{130,771},{140,1103},{150,1214},{160,1335},{170,1468},{180,1615},{190,1777},{200,1955}",,
TDTZ_normal,Khiêu Chiến Thái Đẩu-Thường,1184,15,4800000*4,,0,0,"{10,1000},{100,2800},{150,7000}","{1,3},{2,3},{3,4},{4,5},{5,8},{6,15},{7,20},{8,25},{9,35},{10,40},{20,80},{21,110},{30,190},{31,230},{40,380},{41,420},{50,600}","{1,3},{2,3},{3,4},{4,5},{5,8},{6,15},{7,20},{8,25},{9,35},{10,40},{20,80},{21,110},{30,190},{31,230},{40,380},{41,420},{50,600}",0,0,0,0,,0,0,0,0,"{1,50},{10,100},{50,150},{70,200},{110,800}",,
TDTZ_elite,Thái Đẩu Khiêu Chiến Tinh Anh,1185,15,4800000*5,,0,0,"{10,1000},{100,2800},{150,7000}","{1,3},{2,3},{3,4},{4,5},{5,8},{6,15},{7,20},{8,25},{9,35},{10,40},{20,80},{21,110},{30,190},{31,230},{40,380},{41,420},{50,600}","{1,3},{2,3},{3,4},{4,5},{5,8},{6,15},{7,20},{8,25},{9,35},{10,40},{20,80},{21,110},{30,190},{31,230},{40,380},{41,420},{50,600}",0,0,0,0,,0,0,0,0,"{1,50},{10,100},{50,150},{70,200},{110,800}",,
TDTZ_captain,Thái Đẩu Khiêu Chiến Thủ Lĩnh,1186,15,1440000*3,,0,0,"{10,1000},{100,2800},{150,7000}","{1,3},{2,3},{3,4},{4,5},{5,8},{6,15},{7,20},{8,25},{9,35},{10,40},{20,80},{21,110},{30,190},{31,230},{40,380},{41,420},{50,600}","{1,3},{2,3},{3,4},{4,5},{5,8},{6,15},{7,20},{8,25},{9,35},{10,40},{20,80},{21,110},{30,190},{31,230},{40,380},{41,420},{50,600}",0,0,0,0,,0,0,0,0,"{1,50},{10,100},{50,150},{70,200},{110,800}",,
TDTZ__boss,BOSS Chiến Thái Đẩu,1187,15,1440000*2,,0,0,"{10,1000},{100,2800},{150,7000}","{1,3},{2,3},{3,4},{4,5},{5,12},{6,18},{7,30},{8,35},{9,50},{10,70},{15,110},{20,160},{21,110*2},{30,230*2},{31,196*2},{40,380*2},{41,420*2},{50,600*2}","{1,3},{2,3},{3,4},{4,5},{5,12},{6,18},{7,30},{8,35},{9,50},{10,70},{15,110},{20,160},{21,110*2},{30,230*2},{31,196*2},{40,380*2},{41,420*2},{50,600*2}",0,0,0,0,,0,0,0,0,"{1,50},{10,100},{50,150},{70,200},{110,800}",,
TXSL_shadow,Phân Thân Thí Luyện Quân Hàm,1188,15,4000000*1,,0,0,,,,0,0,0,0,"{10,100},{30,150},{40,200},{50,250},{60,300},{70,350},{80,400},{110,800},{120,1000}","{10,100},{30,150},{40,200},{50,250},{60,300},{70,350},{80,400},{110,800},{120,1000}","{10,100},{30,150},{40,200},{50,250},{60,300},{70,350},{80,400},{110,800},{120,1000}","{10,100},{30,150},{40,200},{50,250},{60,300},{70,350},{80,400},{110,800},{120,1000}","{10,100},{30,150},{40,200},{50,250},{60,300},{70,350},{80,400},{110,800},{120,1000}","{1,50},{10,100},{50,150},{70,200},{110,800}",,
TXSL_BOSS_shadow,BOSS Thí Luyện Quân Hàm_Vô Ảnh,1189,15,44043750*1,,0,0,"{10,50000}","{20,120*5},{30,250*5},{40,400*5},{50,650*5},{60,1100*5},{70,1600*5},{100,2000*5},{110,2500*5},{120,3000*5},{130,2500*5},{140,4000*5},{150,5000*5},{160,5500*5},{170,6000*5}","{20,120*5},{30,250*5},{40,400*5},{50,650*5},{60,1100*5},{70,1600*5},{100,2000*5},{110,2500*5}",0,0,0,0,"{10,210},{20,410},{30,610},{40,810},{50,1010},{60,1210},{70,1410},{80,1610},{100,2010},{110,2210},{120,2410},{130,2610},{140,2860},{150,3146},{160,3461},{170,3807},{180,4188},{190,4607},{200,5068}","{10,210},{20,410},{30,610},{40,810},{50,1010},{60,1210},{70,1410},{80,1610},{100,2010},{110,2210},{120,2410},{130,2610},{140,2860},{150,3146},{160,3461},{170,3807},{180,4188},{190,4607},{200,5068}","{10,210},{20,410},{30,610},{40,810},{50,1010},{60,1210},{70,1410},{80,1610},{100,2010},{110,2210},{120,2410},{130,2610},{140,2860},{150,3146},{160,3461},{170,3807},{180,4188},{190,4607},{200,5068}","{10,210},{20,410},{30,610},{40,810},{50,1010},{60,1210},{70,1410},{80,1610},{100,2010},{110,2210},{120,2410},{130,2610},{140,2860},{150,3146},{160,3461},{170,3807},{180,4188},{190,4607},{200,5068}","{10,210},{20,410},{30,610},{40,810},{50,1010},{60,1210},{70,1410},{80,1610},{100,2010},{110,2210},{120,2410},{130,2610},{140,2860},{150,3146},{160,3461},{170,3807},{180,4188},{190,4607},{200,5068}","{10,257},{20,300},{30,342},{40,385},{50,428},{60,471},{70,514},{80,557},{100,642},{110,685},{120,728},{130,771},{140,1103},{150,1214},{160,1335},{170,1468},{180,1615},{190,1777},{200,1955}",,
BaokuTheif,Trộm Báu Vật,1190,15,"{20,60000*70},{30,80000*70},{40,120000*70},{50,240000*70},{60,400000*70},{70,600000*70},{80,1100000*70},{90,1600000*70},{100,2600000*70},{110,4000000*70},{120,6000000*70},{130,7000000*70},{140,9000000*70},{150,11000000*70},{160,13000000*70},{170,15000000*70},{180,18000000*70},{190,24000000*70},{200,30000000*70}",,0,0,"{10,50000}","{10,60*2.2},{20,120*2.2},{30,180*2.2},{40,350*2.2},{50,520*2.2},{60,600*2.2},{70,700*2.2},{80,800*2.2},{90,900*2.2},{110,1500*2.2}","{10,60*2.2},{20,120*2.2},{30,180*2.2},{40,350*2.2},{50,520*2.2},{60,600*2.2},{70,700*2.2},{80,800*2.2},{90,900*2.2},{110,1500*2.2}",0,0,0,0,"{10,200},{20,400},{30,600},{40,800},{50,1000},{60,1300},{70,1600},{80,2000},{100,3000},{110,4000},{120,5000},{130,6000},{140,7000},{150,7500},{160,8000},{170,8500},{180,9000},{190,9500},{200,10000}","{10,200},{20,400},{30,600},{40,800},{50,1000},{60,1300},{70,1600},{80,2000},{100,3000},{110,4000},{120,5000},{130,6000},{140,7000},{150,7500},{160,8000},{170,8500},{180,9000},{190,9500},{200,10000}","{10,200},{20,400},{30,600},{40,800},{50,1000},{60,1300},{70,1600},{80,2000},{100,3000},{110,4000},{120,5000},{130,6000},{140,7000},{150,7500},{160,8000},{170,8500},{180,9000},{190,9500},{200,10000}","{10,200},{20,400},{30,600},{40,800},{50,1000},{60,1300},{70,1600},{80,2000},{100,3000},{110,4000},{120,5000},{130,6000},{140,7000},{150,7500},{160,8000},{170,8500},{180,9000},{190,9500},{200,10000}","{10,200},{20,400},{30,600},{40,800},{50,1000},{60,1300},{70,1600},{80,2000},{100,3000},{110,4000},{120,5000},{130,6000},{140,7000},{150,7500},{160,8000},{170,8500},{180,9000},{190,9500},{200,10000}","{10,257},{20,300},{30,342},{40,385},{50,428},{60,471},{70,514},{80,557},{100,642},{110,685},{120,728},{130,771},{140,1103},{150,1214},{160,1335},{170,1468},{180,1615},{190,1777},{200,1955}",,
TDSL_hufa,Đoàn Đội Thí Luyện Đồng Hành,1191,15,"{109,2500000*1},{110,3500000*1},{111,4500000*1}",,0,0,"{10,1000},{100,2800},{150,7000}","{109,8000}","{109,20000}",0,0,0,0,"{10,210},{20,410},{30,610},{40,810},{50,1010},{60,1210},{70,1410},{80,1610},{100,2010},{110,2210},{120,2410},{130,2610},{140,2860},{150,3146},{160,3461},{170,3807},{180,4188},{190,4607},{200,5068}","{10,210},{20,410},{30,610},{40,810},{50,1010},{60,1210},{70,1410},{80,1610},{100,2010},{110,2210},{120,2410},{130,2610},{140,2860},{150,3146},{160,3461},{170,3807},{180,4188},{190,4607},{200,5068}","{10,210},{20,410},{30,610},{40,810},{50,1010},{60,1210},{70,1410},{80,1610},{100,2010},{110,2210},{120,2410},{130,2610},{140,2860},{150,3146},{160,3461},{170,3807},{180,4188},{190,4607},{200,5068}","{10,210},{20,410},{30,610},{40,810},{50,1010},{60,1210},{70,1410},{80,1610},{100,2010},{110,2210},{120,2410},{130,2610},{140,2860},{150,3146},{160,3461},{170,3807},{180,4188},{190,4607},{200,5068}","{10,210},{20,410},{30,610},{40,810},{50,1010},{60,1210},{70,1410},{80,1610},{100,2010},{110,2210},{120,2410},{130,2610},{140,2860},{150,3146},{160,3461},{170,3807},{180,4188},{190,4607},{200,5068}","{10,257},{20,300},{30,342},{40,385},{50,428},{60,471},{70,514},{80,557},{100,642},{110,685},{120,728},{130,771},{140,1103},{150,1214},{160,1335},{170,1468},{180,1615},{190,1777},{200,1955}",,
TDSL_elite,Đoàn Đội Thí Luyện Tinh Anh,1192,15,"{109,8000000*2},{110,8000000*3},{111,8000000*4}",,0,0,"{10,1000},{100,2800},{150,7000}","{109,2000},{110,3000},{111,4000}","{109,4000},{110,5000},{111,6000}",0,0,0,0,"{10,210},{20,410},{30,610},{40,810},{50,1010},{60,1210},{70,1410},{80,1610},{100,2010},{110,2210},{120,2410},{130,2610},{140,2860},{150,3146},{160,3461},{170,3807},{180,4188},{190,4607},{200,5068}","{10,210},{20,410},{30,610},{40,810},{50,1010},{60,1210},{70,1410},{80,1610},{100,2010},{110,2210},{120,2410},{130,2610},{140,2860},{150,3146},{160,3461},{170,3807},{180,4188},{190,4607},{200,5068}","{10,210},{20,410},{30,610},{40,810},{50,1010},{60,1210},{70,1410},{80,1610},{100,2010},{110,2210},{120,2410},{130,2610},{140,2860},{150,3146},{160,3461},{170,3807},{180,4188},{190,4607},{200,5068}","{10,210},{20,410},{30,610},{40,810},{50,1010},{60,1210},{70,1410},{80,1610},{100,2010},{110,2210},{120,2410},{130,2610},{140,2860},{150,3146},{160,3461},{170,3807},{180,4188},{190,4607},{200,5068}","{10,210},{20,410},{30,610},{40,810},{50,1010},{60,1210},{70,1410},{80,1610},{100,2010},{110,2210},{120,2410},{130,2610},{140,2860},{150,3146},{160,3461},{170,3807},{180,4188},{190,4607},{200,5068}","{10,257},{20,300},{30,342},{40,385},{50,428},{60,471},{70,514},{80,557},{100,642},{110,685},{120,728},{130,771},{140,1103},{150,1214},{160,1335},{170,1468},{180,1615},{190,1777},{200,1955}",,
TDSL_boss,Đoàn Đội Thí Luyện Thiên Hỏa,1193,15,"{109,15000000*6},{110,15000000*10},{111,15000000*15}",,0,0,"{10,3000},{100,5800},{150,7000}","{109,4000},{110,8000},{111,12000}","{109,8000},{110,12000},{111,16000}",0,0,0,0,"{10,210},{20,410},{30,610},{40,810},{50,1010},{60,1210},{70,1410},{80,1610},{100,2010},{110,2210},{120,2410},{130,2610},{140,2860},{150,3146},{160,3461},{170,3807},{180,4188},{190,4607},{200,5068}","{10,210},{20,410},{30,610},{40,810},{50,1010},{60,1210},{70,1410},{80,1610},{100,2010},{110,2210},{120,2410},{130,2610},{140,2860},{150,3146},{160,3461},{170,3807},{180,4188},{190,4607},{200,5068}","{10,210},{20,410},{30,610},{40,810},{50,1010},{60,1210},{70,1410},{80,1610},{100,2010},{110,2210},{120,2410},{130,2610},{140,2860},{150,3146},{160,3461},{170,3807},{180,4188},{190,4607},{200,5068}","{10,210},{20,410},{30,610},{40,810},{50,1010},{60,1210},{70,1410},{80,1610},{100,2010},{110,2210},{120,2410},{130,2610},{140,2860},{150,3146},{160,3461},{170,3807},{180,4188},{190,4607},{200,5068}","{10,210},{20,410},{30,610},{40,810},{50,1010},{60,1210},{70,1410},{80,1610},{100,2010},{110,2210},{120,2410},{130,2610},{140,2860},{150,3146},{160,3461},{170,3807},{180,4188},{190,4607},{200,5068}","{10,257},{20,300},{30,342},{40,385},{50,428},{60,471},{70,514},{80,557},{100,642},{110,685},{120,728},{130,771},{140,1103},{150,1214},{160,1335},{170,1468},{180,1615},{190,1777},{200,1955}",,
LYMJ_hard_niu,Linh Uẩn Bí Cảnh-Khó-Ngưu,1194,15,4800000*40,,0,0,"{10,1000},{100,2800},{150,7000}","{110,10000}","{110,25000}",0,0,0,0,"{10,210},{20,410},{30,610},{40,810},{50,1010},{60,1210},{70,1410},{80,1610},{100,2010},{110,2210},{120,2410},{130,2610},{140,2860},{150,3146},{160,3461},{170,3807},{180,4188},{190,4607},{200,5068}","{10,210},{20,410},{30,610},{40,810},{50,1010},{60,1210},{70,1410},{80,1610},{100,2010},{110,2210},{120,2410},{130,2610},{140,2860},{150,3146},{160,3461},{170,3807},{180,4188},{190,4607},{200,5068}","{10,210},{20,410},{30,610},{40,810},{50,1010},{60,1210},{70,1410},{80,1610},{100,2010},{110,2210},{120,2410},{130,2610},{140,2860},{150,3146},{160,3461},{170,3807},{180,4188},{190,4607},{200,5068}","{10,210},{20,410},{30,610},{40,810},{50,1010},{60,1210},{70,1410},{80,1610},{100,2010},{110,2210},{120,2410},{130,2610},{140,2860},{150,3146},{160,3461},{170,3807},{180,4188},{190,4607},{200,5068}","{10,210},{20,410},{30,610},{40,810},{50,1010},{60,1210},{70,1410},{80,1610},{100,2010},{110,2210},{120,2410},{130,2610},{140,2860},{150,3146},{160,3461},{170,3807},{180,4188},{190,4607},{200,5068}","{10,257},{20,300},{30,342},{40,385},{50,428},{60,471},{70,514},{80,557},{100,642},{110,685},{120,728},{130,771},{140,1103},{150,1214},{160,1335},{170,1468},{180,1615},{190,1777},{200,1955}",,
Kuafu_boss,Chân Long Hồn,1195,15,"{30,250000*588},{49,450000*588},{60,1200000*588},{70,2000000*588},{80,2500000*588},{100,3000000*588},{110,4500000*588},{120,6500000*588},{130,7000000*588},{140,5114851060},{150,5580472340},{160,6238069360},{170,7511381060},{180,8526974410},{190,9614572620},{200,10607420725}","{230,100},{249,100},{250,3},{260,3}",0,0,"{10,50000}","{20,120*2},{30,200*2},{40,700*2},{50,1200*2},{60,1600*2},{70,2000*2},{80,2400*2},{90,2800*2},{100,3200*2},{110,4000*2}","{20,120*2},{30,200*2},{40,700*2},{50,1200*2},{60,1600*2},{70,2000*2},{80,2400*2},{90,2800*2},{100,3200*2},{110,4000*2}",0,0,0,0,"{10,210},{20,410},{30,610},{40,810},{50,1010},{60,1210},{70,1410},{80,1610},{100,2010},{110,2210},{120,2410},{130,2610},{140,2860},{150,3146},{160,3461},{170,3807},{180,4188},{190,4607},{200,5068}","{10,210},{20,410},{30,610},{40,810},{50,1010},{60,1210},{70,1410},{80,1610},{100,2010},{110,2210},{120,2410},{130,2610},{140,2860},{150,3146},{160,3461},{170,3807},{180,4188},{190,4607},{200,5068}","{10,210},{20,410},{30,610},{40,810},{50,1010},{60,1210},{70,1410},{80,1610},{100,2010},{110,2210},{120,2410},{130,2610},{140,2860},{150,3146},{160,3461},{170,3807},{180,4188},{190,4607},{200,5068}","{10,210},{20,410},{30,610},{40,810},{50,1010},{60,1210},{70,1410},{80,1610},{100,2010},{110,2210},{120,2410},{130,2610},{140,2860},{150,3146},{160,3461},{170,3807},{180,4188},{190,4607},{200,5068}","{10,210},{20,410},{30,610},{40,810},{50,1010},{60,1210},{70,1410},{80,1610},{100,2010},{110,2210},{120,2410},{130,2610},{140,2860},{150,3146},{160,3461},{170,3807},{180,4188},{190,4607},{200,5068}","{10,257},{20,300},{30,342},{40,385},{50,428},{60,471},{70,514},{80,557},{100,642},{110,685},{120,728},{130,771},{140,1103},{150,1214},{160,1335},{170,1468},{180,1615},{190,1777},{200,1955}",,
ZJDDG_dog,Cún Độc Thân,1196,15,"{30,4000*5},{40,6000*5},{100,80000*5}",,0,0,"{10,1000},{100,2800},{150,7000}","{1,3},{2,3},{3,4},{4,5},{5,8},{6,15},{7,20},{8,25},{9,35},{10,40},{20,80},{21,110},{30,190},{31,230},{40,380},{41,420},{50,600}","{1,3},{2,3},{3,4},{4,5},{5,8},{6,15},{7,20},{8,25},{9,35},{10,40},{20,80},{21,110},{30,190},{31,230},{40,380},{41,420},{50,600}",0,0,0,0,,0,0,0,0,"{1,50},{10,100},{50,150},{70,200},{110,800}",,
ZJDDG_enemy,Thiết Tâm Tặc,1197,15,"{30,4000*16},{40,6000*16},{50,8000*16},{60,10000*16},{70,20000*16},{80,30000*16},{90,50000*16},{100,80000*16},{110,150000*16},{120,200000*16},{130,300000*16},{140,400000*16},{150,500000*16},{160,600000*16},{170,750000*16},{180,900000*16},{190,1000000*16},{200,1200000*16},{210,1300000*16},{220,1400000*16},{230,1600000*16},{240,1800000*16},{250,1900000*16},{260,2100000*16},{270,2250000*16},{280,2400000*16},{290,2500000*16},{300,2600000*16}",,0,0,"{10,50000}","{10,60},{20,120},{30,180},{40,350},{50,520},{100,1000},{110,1100}","{10,60},{20,120},{30,180},{40,350},{50,520},{100,1000},{110,1100}",0,0,0,0,"{10,200},{20,400},{30,600},{40,800},{50,1000},{60,1300},{70,1600},{80,2000},{100,3000},{110,4000},{120,5000},{130,6000},{140,7000},{150,7500},{160,8000},{170,8500},{180,9000},{190,9500},{200,10000}","{10,200},{20,400},{30,600},{40,800},{50,1000},{60,1300},{70,1600},{80,2000},{100,3000},{110,4000},{120,5000},{130,6000},{140,7000},{150,7500},{160,8000},{170,8500},{180,9000},{190,9500},{200,10000}","{10,200},{20,400},{30,600},{40,800},{50,1000},{60,1300},{70,1600},{80,2000},{100,3000},{110,4000},{120,5000},{130,6000},{140,7000},{150,7500},{160,8000},{170,8500},{180,9000},{190,9500},{200,10000}","{10,200},{20,400},{30,600},{40,800},{50,1000},{60,1300},{70,1600},{80,2000},{100,3000},{110,4000},{120,5000},{130,6000},{140,7000},{150,7500},{160,8000},{170,8500},{180,9000},{190,9500},{200,10000}","{10,200},{20,400},{30,600},{40,800},{50,1000},{60,1300},{70,1600},{80,2000},{100,3000},{110,4000},{120,5000},{130,6000},{140,7000},{150,7500},{160,8000},{170,8500},{180,9000},{190,9500},{200,10000}","{10,257},{20,300},{30,342},{40,385},{50,428},{60,471},{70,514},{80,557},{100,642},{110,685},{120,728},{130,771},{140,1103},{150,1214},{160,1335},{170,1468},{180,1615},{190,1777},{200,1955}",,
Kunlunpreheat_boss,Côn Lôn Chưởng Môn,1198,15,"{30,4000*16},{40,6000*16},{50,8000*16},{60,10000*16},{70,20000*16},{80,30000*16},{90,50000*16},{100,80000*16},{110,150000*16},{120,200000*16},{130,300000*16},{140,400000*16},{150,500000*16},{160,600000*16},{170,750000*16},{180,900000*16},{190,1000000*16},{200,1200000*16},{210,1300000*16},{220,1400000*16},{230,1600000*16},{240,1800000*16},{250,1900000*16},{260,2100000*16},{270,2250000*16},{280,2400000*16},{290,2500000*16},{300,2600000*16}",,0,0,"{10,50000}","{10,60},{20,120},{30,180},{40,350},{50,520},{100,1000},{110,1100}","{10,60},{20,120},{30,180},{40,350},{50,520},{100,1000},{110,1100}",0,0,0,0,"{10,200},{20,400},{30,600},{40,800},{50,1000},{60,1300},{70,1600},{80,2000},{100,3000},{110,4000},{120,5000},{130,6000},{140,7000},{150,7500},{160,8000},{170,8500},{180,9000},{190,9500},{200,10000}","{10,200},{20,400},{30,600},{40,800},{50,1000},{60,1300},{70,1600},{80,2000},{100,3000},{110,4000},{120,5000},{130,6000},{140,7000},{150,7500},{160,8000},{170,8500},{180,9000},{190,9500},{200,10000}","{10,200},{20,400},{30,600},{40,800},{50,1000},{60,1300},{70,1600},{80,2000},{100,3000},{110,4000},{120,5000},{130,6000},{140,7000},{150,7500},{160,8000},{170,8500},{180,9000},{190,9500},{200,10000}","{10,200},{20,400},{30,600},{40,800},{50,1000},{60,1300},{70,1600},{80,2000},{100,3000},{110,4000},{120,5000},{130,6000},{140,7000},{150,7500},{160,8000},{170,8500},{180,9000},{190,9500},{200,10000}","{10,200},{20,400},{30,600},{40,800},{50,1000},{60,1300},{70,1600},{80,2000},{100,3000},{110,4000},{120,5000},{130,6000},{140,7000},{150,7500},{160,8000},{170,8500},{180,9000},{190,9500},{200,10000}","{10,257},{20,300},{30,342},{40,385},{50,428},{60,471},{70,514},{80,557},{100,642},{110,685},{120,728},{130,771},{140,1103},{150,1214},{160,1335},{170,1468},{180,1615},{190,1777},{200,1955}",,
LMZZ_enemy1,Tượng Tổ Long Mạch-Quái Rừng,1199,15,"{50,300000*45},{60,420000*45},{70,600000*45},{80,780000*45},{90,960000*45},{100,1150000*45},{110,1500000*45},{120,1800000*45},{130,3000000*45},{140,3500000*45},{150,4200000*45},{160,5000000*45},{170,6000000*45},{180,7000000*45},{190,8000000*45},{200,10000000*45},{210,11000000*45},{220,12000000*45},{230,13000000*45},{240,14000000*45},{250,15000000*45},{260,16000000*45},{270,13000000*45},{280,18000000*45},{290,19000000*45},{300,21000000*45},{310,23000000*45}",,0,0,"{10,1140},{20,2090},{30,3040},{40,3990},{50,4940},{60,5889},{70,6839},{80,7789},{100,9689},{110,10640},{120,11590},{130,12540},{140,13699},{150,15086},{160,16587},{170,18240},{180,20083},{190,22078},{200,24282}","{10,60*1},{20,120*1},{30,180*1},{40,350*1},{50,520*1},{60,600*1},{70,700*1},{80,800*1},{90,900*1},{110,1500*1}","{10,60*1},{20,120*1},{30,180*1},{40,350*1},{50,520*1},{60,600*1},{70,700*1},{80,800*1},{90,900*1},{110,1500*1}",0,0,0,0,"{10,200},{20,400},{30,600},{40,800},{50,1000},{60,1300},{70,1600},{80,2000},{100,3000},{110,4000},{120,5000},{130,6000},{140,7000},{150,7500},{160,8000},{170,8500},{180,9000},{190,9500},{200,10000}","{10,200},{20,400},{30,600},{40,800},{50,1000},{60,1300},{70,1600},{80,2000},{100,3000},{110,4000},{120,5000},{130,6000},{140,7000},{150,7500},{160,8000},{170,8500},{180,9000},{190,9500},{200,10000}","{10,200},{20,400},{30,600},{40,800},{50,1000},{60,1300},{70,1600},{80,2000},{100,3000},{110,4000},{120,5000},{130,6000},{140,7000},{150,7500},{160,8000},{170,8500},{180,9000},{190,9500},{200,10000}","{10,200},{20,400},{30,600},{40,800},{50,1000},{60,1300},{70,1600},{80,2000},{100,3000},{110,4000},{120,5000},{130,6000},{140,7000},{150,7500},{160,8000},{170,8500},{180,9000},{190,9500},{200,10000}","{10,200},{20,400},{30,600},{40,800},{50,1000},{60,1300},{70,1600},{80,2000},{100,3000},{110,4000},{120,5000},{130,6000},{140,7000},{150,7500},{160,8000},{170,8500},{180,9000},{190,9500},{200,10000}","{10,257},{20,300},{30,342},{40,385},{50,428},{60,471},{70,514},{80,557},{100,642},{110,685},{120,728},{130,771},{140,1103},{150,1214},{160,1335},{170,1468},{180,1615},{190,1777},{200,1955}",,
LMZZ_boss,Tượng Tổ Long Mạch-Thủ Lĩnh,1200,15,"{50,300000*100},{60,420000*100},{70,600000*100},{80,780000*100},{90,960000*100},{100,1150000*100},{110,1500000*100},{120,1800000*100},{130,3000000*100},{140,3500000*100},{150,4200000*100},{160,5000000*100},{170,6000000*100},{180,7000000*100},{190,8000000*100},{200,10000000*100},{210,11000000*100},{220,12000000*100},{230,13000000*100},{240,14000000*100},{250,15000000*100},{260,16000000*100},{270,17000000*100},{280,18000000*100},{290,19000000*100},{300,21000000*100},{310,23000000*100}",,0,0,"{10,1140},{20,2090},{30,3040},{40,3990},{50,4940},{60,5889},{70,6839},{80,7789},{100,9689},{110,10640},{120,11590},{130,12540},{140,13699},{150,15086},{160,16587},{170,18240},{180,20083},{190,22078},{200,24282}","{10,60*3},{20,120*3},{30,180*3},{40,350*3},{50,520*3},{60,600*3},{70,700*3},{80,800*3},{90,900*3},{110,1500*3}","{10,60*3},{20,120*3},{30,180*3},{40,350*3},{50,520*3},{60,600*3},{70,700*3},{80,800*3},{90,900*3},{110,1500*3}",0,0,0,0,"{10,200},{20,400},{30,600},{40,800},{50,1000},{60,1300},{70,1600},{80,2000},{100,3000},{110,4000},{120,5000},{130,6000},{140,7000},{150,7500},{160,8000},{170,8500},{180,9000},{190,9500},{200,10000}","{10,200},{20,400},{30,600},{40,800},{50,1000},{60,1300},{70,1600},{80,2000},{100,3000},{110,4000},{120,5000},{130,6000},{140,7000},{150,7500},{160,8000},{170,8500},{180,9000},{190,9500},{200,10000}","{10,200},{20,400},{30,600},{40,800},{50,1000},{60,1300},{70,1600},{80,2000},{100,3000},{110,4000},{120,5000},{130,6000},{140,7000},{150,7500},{160,8000},{170,8500},{180,9000},{190,9500},{200,10000}","{10,200},{20,400},{30,600},{40,800},{50,1000},{60,1300},{70,1600},{80,2000},{100,3000},{110,4000},{120,5000},{130,6000},{140,7000},{150,7500},{160,8000},{170,8500},{180,9000},{190,9500},{200,10000}","{10,200},{20,400},{30,600},{40,800},{50,1000},{60,1300},{70,1600},{80,2000},{100,3000},{110,4000},{120,5000},{130,6000},{140,7000},{150,7500},{160,8000},{170,8500},{180,9000},{190,9500},{200,10000}","{10,257},{20,300},{30,342},{40,385},{50,428},{60,471},{70,514},{80,557},{100,642},{110,685},{120,728},{130,771},{140,1103},{150,1214},{160,1335},{170,1468},{180,1615},{190,1777},{200,1955}",,
LMZZ_longzhu1,Tượng Tổ Long Mạch-Long Trụ 1,1201,15,"{50,300000*200},{60,420000*200},{70,600000*200},{80,780000*200},{90,960000*200},{100,1150000*200},{110,1500000*200},{120,1800000*200},{130,3000000*200},{140,3500000*200},{150,4200000*200},{160,5000000*200},{170,6000000*200},{180,7000000*200},{190,8000000*200},{200,10000000*200},{210,11000000*200},{220,12000000*200},{230,13000000*200},{240,14000000*200},{250,15000000*200},{260,16000000*200},{270,17000000*200},{280,18000000*200},{290,19000000*200},{300,21000000*200},{310,23000000*200}",,0,0,"{10,1140},{20,2090},{30,3040},{40,3990},{50,4940},{60,5889},{70,6839},{80,7789},{100,9689},{110,10640},{120,11590},{130,12540},{140,13699},{150,15086},{160,16587},{170,18240},{180,20083},{190,22078},{200,24282}","{10,60*3},{20,120*3},{30,180*3},{40,350*3},{50,520*3},{60,600*3},{70,700*3},{80,800*3},{90,900*3},{110,1500*3}","{10,60*3},{20,120*3},{30,180*3},{40,350*3},{50,520*3},{60,600*3},{70,700*3},{80,800*3},{90,900*3},{110,1500*3}",0,0,0,0,"{10,200},{20,400},{30,600},{40,800},{50,1000},{60,1300},{70,1600},{80,2000},{100,3000},{110,4000},{120,5000},{130,6000},{140,7000},{150,7500},{160,8000},{170,8500},{180,9000},{190,9500},{200,10000}","{10,200},{20,400},{30,600},{40,800},{50,1000},{60,1300},{70,1600},{80,2000},{100,3000},{110,4000},{120,5000},{130,6000},{140,7000},{150,7500},{160,8000},{170,8500},{180,9000},{190,9500},{200,10000}","{10,200},{20,400},{30,600},{40,800},{50,1000},{60,1300},{70,1600},{80,2000},{100,3000},{110,4000},{120,5000},{130,6000},{140,7000},{150,7500},{160,8000},{170,8500},{180,9000},{190,9500},{200,10000}","{10,200},{20,400},{30,600},{40,800},{50,1000},{60,1300},{70,1600},{80,2000},{100,3000},{110,4000},{120,5000},{130,6000},{140,7000},{150,7500},{160,8000},{170,8500},{180,9000},{190,9500},{200,10000}","{10,200},{20,400},{30,600},{40,800},{50,1000},{60,1300},{70,1600},{80,2000},{100,3000},{110,4000},{120,5000},{130,6000},{140,7000},{150,7500},{160,8000},{170,8500},{180,9000},{190,9500},{200,10000}","{10,257},{20,300},{30,342},{40,385},{50,428},{60,471},{70,514},{80,557},{100,642},{110,685},{120,728},{130,771},{140,1103},{150,1214},{160,1335},{170,1468},{180,1615},{190,1777},{200,1955}",,
LMZZ_longzhu2,Tượng Tổ Long Mạch-Long Trụ 2,1202,15,"{50,300000*450},{60,420000*450},{70,600000*450},{80,780000*450},{90,960000*450},{100,1150000*450},{110,1500000*450},{120,1800000*450},{130,3000000*450},{140,3500000*450},{150,4200000*450},{160,5000000*450},{170,6000000*450},{180,7000000*450},{190,8000000*450},{200,10000000*450},{210,11000000*450},{220,12000000*450},{230,13000000*450},{240,14000000*450},{250,15000000*450},{260,16000000*450},{270,17000000*450},{280,18000000*450},{290,19000000*450},{300,21000000*450},{310,23000000*450}",,0,0,"{10,1140},{20,2090},{30,3040},{40,3990},{50,4940},{60,5889},{70,6839},{80,7789},{100,9689},{110,10640},{120,11590},{130,12540},{140,13699},{150,15086},{160,16587},{170,18240},{180,20083},{190,22078},{200,24282}","{10,60*3},{20,120*3},{30,180*3},{40,350*3},{50,520*3},{60,600*3},{70,700*3},{80,800*3},{90,900*3},{110,1500*3}","{10,60*3},{20,120*3},{30,180*3},{40,350*3},{50,520*3},{60,600*3},{70,700*3},{80,800*3},{90,900*3},{110,1500*3}",0,0,0,0,"{10,200},{20,400},{30,600},{40,800},{50,1000},{60,1300},{70,1600},{80,2000},{100,3000},{110,4000},{120,5000},{130,6000},{140,7000},{150,7500},{160,8000},{170,8500},{180,9000},{190,9500},{200,10000}","{10,200},{20,400},{30,600},{40,800},{50,1000},{60,1300},{70,1600},{80,2000},{100,3000},{110,4000},{120,5000},{130,6000},{140,7000},{150,7500},{160,8000},{170,8500},{180,9000},{190,9500},{200,10000}","{10,200},{20,400},{30,600},{40,800},{50,1000},{60,1300},{70,1600},{80,2000},{100,3000},{110,4000},{120,5000},{130,6000},{140,7000},{150,7500},{160,8000},{170,8500},{180,9000},{190,9500},{200,10000}","{10,200},{20,400},{30,600},{40,800},{50,1000},{60,1300},{70,1600},{80,2000},{100,3000},{110,4000},{120,5000},{130,6000},{140,7000},{150,7500},{160,8000},{170,8500},{180,9000},{190,9500},{200,10000}","{10,200},{20,400},{30,600},{40,800},{50,1000},{60,1300},{70,1600},{80,2000},{100,3000},{110,4000},{120,5000},{130,6000},{140,7000},{150,7500},{160,8000},{170,8500},{180,9000},{190,9500},{200,10000}","{10,257},{20,300},{30,342},{40,385},{50,428},{60,471},{70,514},{80,557},{100,642},{110,685},{120,728},{130,771},{140,1103},{150,1214},{160,1335},{170,1468},{180,1615},{190,1777},{200,1955}",,
SixCountyRandBossNpc,Sơn Hà Khí Vận Đồ,1203,15,"{100,360000*3000},{110,450000*3000},{120,600000*3000},{130,88255555*30},{140,101212222*30},{150,115877666*30},{160,132464077*30},{170,151208994*30},{180,172378253*30},{190,196269274*48},{200,223214717*48}",,0,0,"{10,50000}","{20,120},{30,200},{40,700},{50,1200},{60,1600},{70,2000},{80,2400},{90,2800},{100,3200},{110,4000}","{20,120},{30,200},{40,700},{50,1200},{60,1600},{70,2000},{80,2400},{90,2800},{100,3200},{110,4000}",0,0,0,0,"{10,200},{20,400},{30,600},{40,800},{50,1000},{60,1300},{70,1600},{80,2000},{100,3000},{110,4000},{120,5000},{130,6000},{140,7000},{150,7500},{160,8000},{170,8500},{180,9000},{190,9500},{200,10000}","{10,200},{20,400},{30,600},{40,800},{50,1000},{60,1300},{70,1600},{80,2000},{100,3000},{110,4000},{120,5000},{130,6000},{140,7000},{150,7500},{160,8000},{170,8500},{180,9000},{190,9500},{200,10000}","{10,200},{20,400},{30,600},{40,800},{50,1000},{60,1300},{70,1600},{80,2000},{100,3000},{110,4000},{120,5000},{130,6000},{140,7000},{150,7500},{160,8000},{170,8500},{180,9000},{190,9500},{200,10000}","{10,200},{20,400},{30,600},{40,800},{50,1000},{60,1300},{70,1600},{80,2000},{100,3000},{110,4000},{120,5000},{130,6000},{140,7000},{150,7500},{160,8000},{170,8500},{180,9000},{190,9500},{200,10000}","{10,200},{20,400},{30,600},{40,800},{50,1000},{60,1300},{70,1600},{80,2000},{100,3000},{110,4000},{120,5000},{130,6000},{140,7000},{150,7500},{160,8000},{170,8500},{180,9000},{190,9500},{200,10000}","{10,257},{20,300},{30,342},{40,385},{50,428},{60,471},{70,514},{80,557},{100,642},{110,685},{120,728},{130,771},{140,1103},{150,1214},{160,1335},{170,1468},{180,1615},{190,1777},{200,1955}",,
YFX,Lôi Đình Nữ Đế,1204,15,"{100,360000*3000},{110,450000*3000},{120,600000*3000},{130,88255555*30},{140,101212222*30},{150,115877666*30},{160,132464077*30},{170,151208994*30},{180,172378253*30},{190,196269274*48},{200,223214717*48}",,0,0,"{10,1000},{100,2800},{150,7000}","{1,3},{5,8},{6,15},{7,18},{8,20},{9,25},{10,30},{20,40},{30,150},{40,350},{41,420},{50,600}","{1,3},{5,8},{6,15},{7,18},{8,20},{9,25},{10,30},{20,40},{30,150},{40,350},{41,420},{50,600}",0,0,0,0,,0,0,0,0,"{1,50},{10,100},{50,150},{70,200},{110,800}",,
YFX_yeguai1,Yêu Mị (Dã Ngoại),1205,15,"{10,650},{20,5000},{30,12000},{40,28000},{50,40000},{60,60000},{70,80000},{80,175000},{90,325000},{100,455000},{110,630000},{120,870000},{130,1025000},{140,1200000},{150,1400000},{160,1650000},{170,2000000},{180,2250000},{190,2750000},{200,3400000}",,0,0,"{10,1000},{100,2800},{150,7000}","{1,3},{5,8},{6,15},{7,18},{8,20},{9,25},{10,30},{20,40},{30,150},{40,350},{41,420},{50,600}","{1,3},{5,8},{6,15},{7,18},{8,20},{9,25},{10,30},{20,40},{30,150},{40,350},{41,420},{50,600}",0,0,0,0,,0,0,0,0,"{1,50},{10,100},{50,150},{70,200},{110,800}",,
YFX_yeguai2,Yêu Mị Tinh Anh (Dã Ngoại),1206,15,"{10,650*16},{20,5000*20},{30,12000*20},{40,28000*20},{50,40000*20},{60,60000*20},{70,80000*20},{80,175000*20},{90,325000*20},{100,455000*20},{110,630000*20},{120,870000*20},{130,1025000*20},{140,1200000*20},{150,1400000*20},{160,1650000*20},{170,2000000*20},{180,2250000*20},{190,2750000*20},{200,3400000*20}",,0,0,"{10,1000},{100,2800},{150,7000}","{1,3},{5,8},{6,15},{7,18},{8,20},{9,25},{10,30},{20,40},{30,150},{40,350},{41,420},{50,600}","{1,3},{5,8},{6,15},{7,18},{8,20},{9,25},{10,30},{20,40},{30,150},{40,350},{41,420},{50,600}",0,0,0,0,,0,0,0,0,"{1,50},{10,100},{50,150},{70,200},{110,800}",,
YFX_yeguai3,Yêu Mị (Phó bản),1207,15,5500000,,0,0,"{10,50000}",2000,2000,0,0,0,0,,0,0,0,0,"{1,50},{10,100},{50,150},{70,200},{110,800}",,
YFX_boss1,Hạt Vĩ Hồ,1208,15,5500000*3,,0,0,"{10,50000}",1500,1500,0,0,0,0,,0,0,0,0,"{1,50},{10,100},{50,150},{70,200},{110,800}",,
YFX_boss2,Tà Hồn,1209,15,5500000*5,,0,0,"{10,50000}","{1,3},{5,8},{6,15},{7,18},{8,20},{9,25},{10,30},{20,40},{30,150},{40,350},{41,420},{50,600}","{1,3},{5,8},{6,15},{7,18},{8,20},{9,25},{10,30},{20,40},{30,150},{40,350},{41,420},{50,600}",0,0,0,0,,0,0,0,0,"{1,50},{10,100},{50,150},{70,200},{110,800}",,
YFX_duwu,Sương Độc,1210,15,550000,,0,0,"{10,50000}","{1,3},{5,8},{6,15},{7,18},{8,20},{9,25},{10,30},{20,40},{30,150},{40,350},{41,420},{50,600}","{1,3},{5,8},{6,15},{7,18},{8,20},{9,25},{10,30},{20,40},{30,150},{40,350},{41,420},{50,600}",0,0,0,0,,0,0,0,0,"{1,50},{10,100},{50,150},{70,200},{110,800}",,
duomaomao,Trốn Tìm,1211,15,1,,0,0,"{10,50000}","{1,3},{5,8},{6,15},{7,18},{8,20},{9,25},{10,30},{20,40},{30,150},{40,350},{41,420},{50,600}","{1,3},{5,8},{6,15},{7,18},{8,20},{9,25},{10,30},{20,40},{30,150},{40,350},{41,420},{50,600}",0,0,0,0,,0,0,0,0,"{1,50},{10,100},{50,150},{70,200},{110,800}",,
SMJJNormalBoss,Ảo Thú Toại Minh Tuyệt Cảnh Thường,1212,15,3200000*1,,0,0,"{10,1000},{100,2800},{150,7000}","{80,800}","{80,800}",0,0,0,0,"{10,165},{45,715},{80,1265},{115,1815}","{10,165},{45,715},{80,1265},{115,1815}","{10,165},{45,715},{80,1265},{115,1815}","{10,165},{45,715},{80,1265},{115,1815}","{10,165},{45,715},{80,1265},{115,1815}","{1,50},{10,100},{50,150},{70,200},{110,800}",,
Xianglongzhilu_boss1_new,Giáng Long Chi Lộ 1,1213,15,"{80,8000000*450},{110,9600000*450},{120,12000000*500},{130,16000000*550},{140,16000000*588},{150,12029702120},{160,15160944680},{170,18022762120},{180,24029145240},{190,26414841450}",,0,0,"{10,50000}","{100,3200*6},{110,4000*6}","{100,3200*6},{110,4000*6}",0,0,0,0,"{10,210},{20,410},{30,610},{40,810},{50,1010},{60,1210},{70,1410},{80,1610},{100,2010},{110,2210},{120,2410},{130,2610},{140,2860},{150,3146},{160,3461},{170,3807},{180,4188},{190,4607},{200,5068}","{10,210},{20,410},{30,610},{40,810},{50,1010},{60,1210},{70,1410},{80,1610},{100,2010},{110,2210},{120,2410},{130,2610},{140,2860},{150,3146},{160,3461},{170,3807},{180,4188},{190,4607},{200,5068}","{10,210},{20,410},{30,610},{40,810},{50,1010},{60,1210},{70,1410},{80,1610},{100,2010},{110,2210},{120,2410},{130,2610},{140,2860},{150,3146},{160,3461},{170,3807},{180,4188},{190,4607},{200,5068}","{10,210},{20,410},{30,610},{40,810},{50,1010},{60,1210},{70,1410},{80,1610},{100,2010},{110,2210},{120,2410},{130,2610},{140,2860},{150,3146},{160,3461},{170,3807},{180,4188},{190,4607},{200,5068}","{10,210},{20,410},{30,610},{40,810},{50,1010},{60,1210},{70,1410},{80,1610},{100,2010},{110,2210},{120,2410},{130,2610},{140,2860},{150,3146},{160,3461},{170,3807},{180,4188},{190,4607},{200,5068}","{10,257},{20,300},{30,342},{40,385},{50,428},{60,471},{70,514},{80,557},{100,642},{110,685},{120,728},{130,771},{140,1103},{150,1214},{160,1335},{170,1468},{180,1615},{190,1777},{200,1955}",,
Xianglongzhilu_boss2_new,Giáng Long Chi Lộ 2,1214,15,"{80,16000000*450},{110,19200000*450},{120,24000000*500},{130,32000000*550},{140,32000000*588},{150,24059404240},{160,30321889360},{170,36045524240},{180,48058290480},{190,52829682900}",,0,0,"{10,50000}","{100,3200*6},{110,4000*6}","{100,3200*6},{110,4000*6}",0,0,0,0,"{10,210},{20,410},{30,610},{40,810},{50,1010},{60,1210},{70,1410},{80,1610},{100,2010},{110,2210},{120,2410},{130,2610},{140,2860},{150,3146},{160,3461},{170,3807},{180,4188},{190,4607},{200,5068}","{10,210},{20,410},{30,610},{40,810},{50,1010},{60,1210},{70,1410},{80,1610},{100,2010},{110,2210},{120,2410},{130,2610},{140,2860},{150,3146},{160,3461},{170,3807},{180,4188},{190,4607},{200,5068}","{10,210},{20,410},{30,610},{40,810},{50,1010},{60,1210},{70,1410},{80,1610},{100,2010},{110,2210},{120,2410},{130,2610},{140,2860},{150,3146},{160,3461},{170,3807},{180,4188},{190,4607},{200,5068}","{10,210},{20,410},{30,610},{40,810},{50,1010},{60,1210},{70,1410},{80,1610},{100,2010},{110,2210},{120,2410},{130,2610},{140,2860},{150,3146},{160,3461},{170,3807},{180,4188},{190,4607},{200,5068}","{10,210},{20,410},{30,610},{40,810},{50,1010},{60,1210},{70,1410},{80,1610},{100,2010},{110,2210},{120,2410},{130,2610},{140,2860},{150,3146},{160,3461},{170,3807},{180,4188},{190,4607},{200,5068}","{10,257},{20,300},{30,342},{40,385},{50,428},{60,471},{70,514},{80,557},{100,642},{110,685},{120,728},{130,771},{140,1103},{150,1214},{160,1335},{170,1468},{180,1615},{190,1777},{200,1955}",,
Xianglongzhilu_boss3_new,Giáng Long Chi Lộ 3,1215,15,"{80,24000000*450},{110,28800000*450},{120,36000000*500},{130,48000000*550},{140,48000000*588},{150,36089106360},{160,45482834040},{170,54068286360},{180,72087435720},{190,79244524350}",,0,0,"{10,50000}","{100,3200*6},{110,4000*6}","{100,3200*6},{110,4000*6}",0,0,0,0,"{10,210},{20,410},{30,610},{40,810},{50,1010},{60,1210},{70,1410},{80,1610},{100,2010},{110,2210},{120,2410},{130,2610},{140,2860},{150,3146},{160,3461},{170,3807},{180,4188},{190,4607},{200,5068}","{10,210},{20,410},{30,610},{40,810},{50,1010},{60,1210},{70,1410},{80,1610},{100,2010},{110,2210},{120,2410},{130,2610},{140,2860},{150,3146},{160,3461},{170,3807},{180,4188},{190,4607},{200,5068}","{10,210},{20,410},{30,610},{40,810},{50,1010},{60,1210},{70,1410},{80,1610},{100,2010},{110,2210},{120,2410},{130,2610},{140,2860},{150,3146},{160,3461},{170,3807},{180,4188},{190,4607},{200,5068}","{10,210},{20,410},{30,610},{40,810},{50,1010},{60,1210},{70,1410},{80,1610},{100,2010},{110,2210},{120,2410},{130,2610},{140,2860},{150,3146},{160,3461},{170,3807},{180,4188},{190,4607},{200,5068}","{10,210},{20,410},{30,610},{40,810},{50,1010},{60,1210},{70,1410},{80,1610},{100,2010},{110,2210},{120,2410},{130,2610},{140,2860},{150,3146},{160,3461},{170,3807},{180,4188},{190,4607},{200,5068}","{10,257},{20,300},{30,342},{40,385},{50,428},{60,471},{70,514},{80,557},{100,642},{110,685},{120,728},{130,771},{140,1103},{150,1214},{160,1335},{170,1468},{180,1615},{190,1777},{200,1955}",,
Xianglongzhilu_boss4_new,Giáng Long Chi Lộ 4,1216,15,"{80,32000000*450},{110,38400000*450},{120,48000000*500},{130,64000000*550},{140,64000000*588},{150,48118808480},{160,60643778720},{170,72091048480},{180,96116580960},{190,105659365800}",,0,0,"{10,50000}","{100,3200*6},{110,4000*6}","{100,3200*6},{110,4000*6}",0,0,0,0,"{10,210},{20,410},{30,610},{40,810},{50,1010},{60,1210},{70,1410},{80,1610},{100,2010},{110,2210},{120,2410},{130,2610},{140,2860},{150,3146},{160,3461},{170,3807},{180,4188},{190,4607},{200,5068}","{10,210},{20,410},{30,610},{40,810},{50,1010},{60,1210},{70,1410},{80,1610},{100,2010},{110,2210},{120,2410},{130,2610},{140,2860},{150,3146},{160,3461},{170,3807},{180,4188},{190,4607},{200,5068}","{10,210},{20,410},{30,610},{40,810},{50,1010},{60,1210},{70,1410},{80,1610},{100,2010},{110,2210},{120,2410},{130,2610},{140,2860},{150,3146},{160,3461},{170,3807},{180,4188},{190,4607},{200,5068}","{10,210},{20,410},{30,610},{40,810},{50,1010},{60,1210},{70,1410},{80,1610},{100,2010},{110,2210},{120,2410},{130,2610},{140,2860},{150,3146},{160,3461},{170,3807},{180,4188},{190,4607},{200,5068}","{10,210},{20,410},{30,610},{40,810},{50,1010},{60,1210},{70,1410},{80,1610},{100,2010},{110,2210},{120,2410},{130,2610},{140,2860},{150,3146},{160,3461},{170,3807},{180,4188},{190,4607},{200,5068}","{10,257},{20,300},{30,342},{40,385},{50,428},{60,471},{70,514},{80,557},{100,642},{110,685},{120,728},{130,771},{140,1103},{150,1214},{160,1335},{170,1468},{180,1615},{190,1777},{200,1955}",,
Xianglongzhilu_boss5_new,Giáng Long Chi Lộ 5,1217,15,"{80,40000000*450},{110,48000000*450},{120,60000000*500},{130,80000000*550},{140,80000000*588},{150,60148510600},{160,75804723400},{170,90113810600},{180,120145726200},{190,132074207250}",,0,0,"{10,50000}","{100,3200*6},{110,4000*6}","{100,3200*6},{110,4000*6}",0,0,0,0,"{10,210},{20,410},{30,610},{40,810},{50,1010},{60,1210},{70,1410},{80,1610},{100,2010},{110,2210},{120,2410},{130,2610},{140,2860},{150,3146},{160,3461},{170,3807},{180,4188},{190,4607},{200,5068}","{10,210},{20,410},{30,610},{40,810},{50,1010},{60,1210},{70,1410},{80,1610},{100,2010},{110,2210},{120,2410},{130,2610},{140,2860},{150,3146},{160,3461},{170,3807},{180,4188},{190,4607},{200,5068}","{10,210},{20,410},{30,610},{40,810},{50,1010},{60,1210},{70,1410},{80,1610},{100,2010},{110,2210},{120,2410},{130,2610},{140,2860},{150,3146},{160,3461},{170,3807},{180,4188},{190,4607},{200,5068}","{10,210},{20,410},{30,610},{40,810},{50,1010},{60,1210},{70,1410},{80,1610},{100,2010},{110,2210},{120,2410},{130,2610},{140,2860},{150,3146},{160,3461},{170,3807},{180,4188},{190,4607},{200,5068}","{10,210},{20,410},{30,610},{40,810},{50,1010},{60,1210},{70,1410},{80,1610},{100,2010},{110,2210},{120,2410},{130,2610},{140,2860},{150,3146},{160,3461},{170,3807},{180,4188},{190,4607},{200,5068}","{10,257},{20,300},{30,342},{40,385},{50,428},{60,471},{70,514},{80,557},{100,642},{110,685},{120,728},{130,771},{140,1103},{150,1214},{160,1335},{170,1468},{180,1615},{190,1777},{200,1955}",,
ShangHuiGongQing_1,Thương Hội Chung Vui 1,1218,15,"{10,650},{20,5000},{30,12000},{40,28000},{50,40000},{60,60000},{70,80000},{80,175000},{90,325000},{100,455000},{110,630000},{120,870000},{130,1025000},{140,1200000},{150,1400000},{160,1650000},{170,2000000},{180,2250000},{190,2750000},{200,3400000},{210,3600000},{220,3900000},{230,4200000},{240,4500000},{250,4700000},{260,4900000},{270,5100000},{280,5300000},{290,5600000},{300,5800000},{310,6000000},{320,6200000}",,0,0,"{10,50000}",100,100,0,0,0,0,"{10,200},{20,400},{30,600},{40,800},{50,1000},{60,1300},{70,1600},{80,2000},{100,3000},{110,4000},{120,5000},{130,6000},{140,7000},{150,7500},{160,8000},{170,8500},{180,9000},{190,9500},{200,10000}","{10,200},{20,400},{30,600},{40,800},{50,1000},{60,1300},{70,1600},{80,2000},{100,3000},{110,4000},{120,5000},{130,6000},{140,7000},{150,7500},{160,8000},{170,8500},{180,9000},{190,9500},{200,10000}","{10,200},{20,400},{30,600},{40,800},{50,1000},{60,1300},{70,1600},{80,2000},{100,3000},{110,4000},{120,5000},{130,6000},{140,7000},{150,7500},{160,8000},{170,8500},{180,9000},{190,9500},{200,10000}","{10,200},{20,400},{30,600},{40,800},{50,1000},{60,1300},{70,1600},{80,2000},{100,3000},{110,4000},{120,5000},{130,6000},{140,7000},{150,7500},{160,8000},{170,8500},{180,9000},{190,9500},{200,10000}","{10,200},{20,400},{30,600},{40,800},{50,1000},{60,1300},{70,1600},{80,2000},{100,3000},{110,4000},{120,5000},{130,6000},{140,7000},{150,7500},{160,8000},{170,8500},{180,9000},{190,9500},{200,10000}","{10,257},{20,300},{30,342},{40,385},{50,428},{60,471},{70,514},{80,557},{100,642},{110,685},{120,728},{130,771},{140,1103},{150,1214},{160,1335},{170,1468},{180,1615},{190,1777},{200,1955}",,
ShangHuiGongQing_2,Thương Hội Chung Vui 2,1219,15,"{10,650*10},{20,5000*13},{30,12000*13},{40,28000*13},{50,40000*13},{60,60000*13},{70,80000*13},{80,175000*13},{90,325000*13},{100,455000*13},{110,630000*13},{120,870000*13},{130,1025000*13},{140,1200000*13},{150,1400000*13},{160,1650000*13},{170,2000000*13},{180,2250000*13},{190,2750000*13},{200,3400000*13},{210,3600000*13},{220,3900000*13},{230,4200000*13},{240,4500000*13},{250,4700000*13},{260,4900000*13},{270,5100000*13},{280,5300000*13},{290,5600000*13},{300,5800000*13},{310,6000000*13}",,0,0,"{10,50000}",100,100,0,0,0,0,"{10,200},{20,400},{30,600},{40,800},{50,1000},{60,1300},{70,1600},{80,2000},{100,3000},{110,4000},{120,5000},{130,6000},{140,7000},{150,7500},{160,8000},{170,8500},{180,9000},{190,9500},{200,10000}","{10,200},{20,400},{30,600},{40,800},{50,1000},{60,1300},{70,1600},{80,2000},{100,3000},{110,4000},{120,5000},{130,6000},{140,7000},{150,7500},{160,8000},{170,8500},{180,9000},{190,9500},{200,10000}","{10,200},{20,400},{30,600},{40,800},{50,1000},{60,1300},{70,1600},{80,2000},{100,3000},{110,4000},{120,5000},{130,6000},{140,7000},{150,7500},{160,8000},{170,8500},{180,9000},{190,9500},{200,10000}","{10,200},{20,400},{30,600},{40,800},{50,1000},{60,1300},{70,1600},{80,2000},{100,3000},{110,4000},{120,5000},{130,6000},{140,7000},{150,7500},{160,8000},{170,8500},{180,9000},{190,9500},{200,10000}","{10,200},{20,400},{30,600},{40,800},{50,1000},{60,1300},{70,1600},{80,2000},{100,3000},{110,4000},{120,5000},{130,6000},{140,7000},{150,7500},{160,8000},{170,8500},{180,9000},{190,9500},{200,10000}","{10,257},{20,300},{30,342},{40,385},{50,428},{60,471},{70,514},{80,557},{100,642},{110,685},{120,728},{130,771},{140,1103},{150,1214},{160,1335},{170,1468},{180,1615},{190,1777},{200,1955}",,
ShangHuiGongQing_3,Thương Hội Chung Vui 3,1220,15,"{10,650*10},{20,5000*17},{30,12000*17},{40,28000*17},{50,40000*17},{60,60000*17},{70,80000*17},{80,175000*17},{90,325000*17},{100,455000*17},{110,630000*17},{120,870000*17},{130,1025000*17},{140,1200000*17},{150,1400000*17},{160,1650000*17},{170,2000000*17},{180,2250000*17},{190,2750000*17},{200,3400000*17},{210,3600000*17},{220,3900000*17},{230,4200000*17},{240,4500000*17},{250,4700000*17},{260,4900000*17},{270,5100000*17},{280,5300000*17},{290,5600000*17},{300,5800000*17},{310,6000000*17}",,0,0,"{10,50000}",100,100,0,0,0,0,"{10,210},{20,410},{30,610},{40,810},{50,1010},{60,1210},{70,1410},{80,1610},{100,2010},{110,2210},{120,2410},{130,2610},{140,2860},{150,3146},{160,3461},{170,3807},{180,4188},{190,4607},{200,5068}","{10,210},{20,410},{30,610},{40,810},{50,1010},{60,1210},{70,1410},{80,1610},{100,2010},{110,2210},{120,2410},{130,2610},{140,2860},{150,3146},{160,3461},{170,3807},{180,4188},{190,4607},{200,5068}","{10,210},{20,410},{30,610},{40,810},{50,1010},{60,1210},{70,1410},{80,1610},{100,2010},{110,2210},{120,2410},{130,2610},{140,2860},{150,3146},{160,3461},{170,3807},{180,4188},{190,4607},{200,5068}","{10,210},{20,410},{30,610},{40,810},{50,1010},{60,1210},{70,1410},{80,1610},{100,2010},{110,2210},{120,2410},{130,2610},{140,2860},{150,3146},{160,3461},{170,3807},{180,4188},{190,4607},{200,5068}","{10,210},{20,410},{30,610},{40,810},{50,1010},{60,1210},{70,1410},{80,1610},{100,2010},{110,2210},{120,2410},{130,2610},{140,2860},{150,3146},{160,3461},{170,3807},{180,4188},{190,4607},{200,5068}","{10,257},{20,300},{30,342},{40,385},{50,428},{60,471},{70,514},{80,557},{100,642},{110,685},{120,728},{130,771},{140,1103},{150,1214},{160,1335},{170,1468},{180,1615},{190,1777},{200,1955}",,
ShangHuiGongQing_4,Thương Hội Chung Vui 4,1221,15,10000,,0,0,"{10,50000}",1000,1000,0,0,0,0,,0,0,0,0,,,
WuShengJiangLin,Dự Báo Trảm Liệt 1,1222,15,"{10,650*10},{20,5000*9},{30,12000*9},{40,28000*9},{50,40000*9},{60,60000*9},{70,80000*9},{80,175000*9},{90,325000*9},{100,455000*9},{110,630000*9},{120,870000*9},{130,1025000*9},{140,1200000*9},{150,1400000*9},{160,1650000*9},{170,2000000*9},{180,2250000*9},{190,2750000*9},{200,3400000*9},{210,3600000*9},{220,3900000*9},{230,4200000*9},{240,4500000*9},{250,4700000*9},{260,4900000*9},{270,5100000*9},{280,5300000*9},{290,5600000*9},{300,5800000*9},{310,6000000*9}",,0,0,"{10,50000}",1000,1000,0,0,0,0,,0,0,0,0,,,
WuShengJiangLin_2,Dự Báo Trảm Liệt 2,1223,15,10000,,0,0,"{10,50000}",1000,1000,0,0,0,0,,0,0,0,0,,,
JYXZ_boss1,Hoàn Nhan Ngạo Phong,1224,15,"{60,500000*240},{70,800000*240},{80,1000000*240},{100,1200000*240},{110,1800000*240},{120,2500000*240},{130,3000000*240},{140,825702127},{150,945344680},{160,1080658723},{170,1233582127},{180,1406283625},{190,1601189601},{200,1821013936}",,0,0,"{10,50000}","{10,5},{20,10},{30,40},{40,80},{50,200},{60,250},{70,350},{80,600},{110,1200},{130,1500},{140,1650}","{10,5},{20,10},{30,40},{40,80},{50,200},{60,250},{70,350},{80,600},{110,1200},{130,1500},{140,1650}",0,0,0,0,"{10,210},{20,410},{30,610},{40,810},{50,1010},{60,1210},{70,1410},{80,1610},{100,2010},{110,2210},{120,2410},{130,2610},{140,2860},{150,3146},{160,3461},{170,3807},{180,4188},{190,4607},{200,5068}","{10,210},{20,410},{30,610},{40,810},{50,1010},{60,1210},{70,1410},{80,1610},{100,2010},{110,2210},{120,2410},{130,2610},{140,2860},{150,3146},{160,3461},{170,3807},{180,4188},{190,4607},{200,5068}","{10,210},{20,410},{30,610},{40,810},{50,1010},{60,1210},{70,1410},{80,1610},{100,2010},{110,2210},{120,2410},{130,2610},{140,2860},{150,3146},{160,3461},{170,3807},{180,4188},{190,4607},{200,5068}","{10,210},{20,410},{30,610},{40,810},{50,1010},{60,1210},{70,1410},{80,1610},{100,2010},{110,2210},{120,2410},{130,2610},{140,2860},{150,3146},{160,3461},{170,3807},{180,4188},{190,4607},{200,5068}","{10,210},{20,410},{30,610},{40,810},{50,1010},{60,1210},{70,1410},{80,1610},{100,2010},{110,2210},{120,2410},{130,2610},{140,2860},{150,3146},{160,3461},{170,3807},{180,4188},{190,4607},{200,5068}","{10,257},{20,300},{30,342},{40,385},{50,428},{60,471},{70,514},{80,557},{100,642},{110,685},{120,728},{130,771},{140,1103},{150,1214},{160,1335},{170,1468},{180,1615},{190,1777},{200,1955}",,
NavaBoat,Chiến Thuyền,1225,15,3000,,0,,,,,,,,,,,,,,,,
JYXZ_boss2,Hoàn Nhan Hồng Liệt,1226,15,"{20,3000*16},{30,4000*16},{40,5000*16},{50,10000*20},{60,16500*16},{70,28750*16},{80,42000*16},{90,66000*16},{100,87500*16},{110,106250*16},{120,156000*16},{130,195000*16},{140,243000*16},{150,297000*16},{160,364000*16},{170,420000*16},{180,490000*16},{190,574000*16},{200,672000*16}",,0,,"{10,50000}","{20,120*1.5},{30,250*1.5},{40,400*1.5},{50,400*1.5},{60,400*1.5},{70,1600*2},{100,2000*2},{110,2500*2},{120,3000*2},{130,3500*2},{140,4000*2},{150,5000*2},{160,5500*2},{170,6000*2}","{20,120*1.5},{30,250*1.5},{40,400*1.5},{50,400*1.5},{60,400*1.5},{70,1600*2},{100,2000*2},{110,2500*2},{120,3000*2},{130,3500*2},{140,4000*2},{150,5000*2},{160,5500*2},{170,6000*2}",0,0,0,0,"{10,210},{20,410},{30,610},{40,810},{50,1010},{60,1210},{70,1410},{80,1610},{100,2010},{110,2210},{120,2600},{130,2800},{140,3100},{150,3500},{160,3900},{170,4300},{180,4800},{190,5500},{200,6200}","{10,210},{20,410},{30,610},{40,810},{50,1010},{60,1210},{70,1410},{80,1610},{100,2010},{110,2210},{120,2600},{130,2800},{140,3100},{150,3500},{160,3900},{170,4300},{180,4800},{190,5500},{200,6200}","{10,210},{20,410},{30,610},{40,810},{50,1010},{60,1210},{70,1410},{80,1610},{100,2010},{110,2210},{120,2600},{130,2800},{140,3100},{150,3500},{160,3900},{170,4300},{180,4800},{190,5500},{200,6200}","{10,210},{20,410},{30,610},{40,810},{50,1010},{60,1210},{70,1410},{80,1610},{100,2010},{110,2210},{120,2600},{130,2800},{140,3100},{150,3500},{160,3900},{170,4300},{180,4800},{190,5500},{200,6200}","{10,210},{20,410},{30,610},{40,810},{50,1010},{60,1210},{70,1410},{80,1610},{100,2010},{110,2210},{120,2600},{130,2800},{140,3100},{150,3500},{160,3900},{170,4300},{180,4800},{190,5500},{200,6200}","{10,257},{20,300},{30,342},{40,385},{50,428},{60,471},{70,514},{80,557},{100,642},{110,685},{120,728},{130,771},{140,1103},{150,1214},{160,1335},{170,1468},{180,1615},{190,1777},{200,1955}",,
FHHTD_zhudian,Chính Điện,1227,15,"{35,6500000*7},{45,16000000*7},{55,54000000*7},{170,180113810600},{175,202269744100},{180,240145726200},{190,262074207250}",,0,0,"{10,50000}","{20,120*2},{30,200*2},{40,700*2},{50,1200*2},{60,1600*2},{70,2000*2},{80,2400*2},{90,2800*2},{100,3200*2},{110,4000*2}","{20,120*2},{30,200*2},{40,700*2},{50,1200*2},{60,1600*2},{70,2000*2},{80,2400*2},{90,2800*2},{100,3200*2},{110,4000*2}",0,0,0,0,"{10,210},{20,410},{30,610},{40,810},{50,1010},{60,1210},{70,1410},{80,1610},{100,2010},{110,2210},{120,2410},{130,2610},{140,2860},{150,3146},{160,3461},{170,3807},{180,4188},{190,4607},{200,5068}","{10,210},{20,410},{30,610},{40,810},{50,1010},{60,1210},{70,1410},{80,1610},{100,2010},{110,2210},{120,2410},{130,2610},{140,2860},{150,3146},{160,3461},{170,3807},{180,4188},{190,4607},{200,5068}","{10,210},{20,410},{30,610},{40,810},{50,1010},{60,1210},{70,1410},{80,1610},{100,2010},{110,2210},{120,2410},{130,2610},{140,2860},{150,3146},{160,3461},{170,3807},{180,4188},{190,4607},{200,5068}","{10,210},{20,410},{30,610},{40,810},{50,1010},{60,1210},{70,1410},{80,1610},{100,2010},{110,2210},{120,2410},{130,2610},{140,2860},{150,3146},{160,3461},{170,3807},{180,4188},{190,4607},{200,5068}","{10,210},{20,410},{30,610},{40,810},{50,1010},{60,1210},{70,1410},{80,1610},{100,2010},{110,2210},{120,2410},{130,2610},{140,2860},{150,3146},{160,3461},{170,3807},{180,4188},{190,4607},{200,5068}","{10,257},{20,300},{30,342},{40,385},{50,428},{60,471},{70,514},{80,557},{100,642},{110,685},{120,728},{130,771},{140,1103},{150,1214},{160,1335},{170,1468},{180,1615},{190,1777},{200,1955}",,
FHHTD_boss,Kim Ngột Thuật,1228,15,"{35,6500000},{45,16000000},{55,54000000},{170,30111381060},{180,34226974410},{190,39214572620},{200,44607420725}",,0,0,"{10,50000}","{20,120*2},{30,200*2},{40,700*2},{50,1200*2},{60,1600*2},{70,2000*2},{80,2400*2},{90,2800*2},{100,3200*2},{110,4000*2}","{20,120*2},{30,200*2},{40,700*2},{50,1200*2},{60,1600*2},{70,2000*2},{80,2400*2},{90,2800*2},{100,3200*2},{110,4000*2}",0,0,0,0,"{10,210},{20,410},{30,610},{40,810},{50,1010},{60,1210},{70,1410},{80,1610},{100,2010},{110,2210},{120,2410},{130,2610},{140,2860},{150,3146},{160,3461},{170,3807},{180,4188},{190,4607},{200,5068}","{10,210},{20,410},{30,610},{40,810},{50,1010},{60,1210},{70,1410},{80,1610},{100,2010},{110,2210},{120,2410},{130,2610},{140,2860},{150,3146},{160,3461},{170,3807},{180,4188},{190,4607},{200,5068}","{10,210},{20,410},{30,610},{40,810},{50,1010},{60,1210},{70,1410},{80,1610},{100,2010},{110,2210},{120,2410},{130,2610},{140,2860},{150,3146},{160,3461},{170,3807},{180,4188},{190,4607},{200,5068}","{10,210},{20,410},{30,610},{40,810},{50,1010},{60,1210},{70,1410},{80,1610},{100,2010},{110,2210},{120,2410},{130,2610},{140,2860},{150,3146},{160,3461},{170,3807},{180,4188},{190,4607},{200,5068}","{10,210},{20,410},{30,610},{40,810},{50,1010},{60,1210},{70,1410},{80,1610},{100,2010},{110,2210},{120,2410},{130,2610},{140,2860},{150,3146},{160,3461},{170,3807},{180,4188},{190,4607},{200,5068}","{10,257},{20,300},{30,342},{40,385},{50,428},{60,471},{70,514},{80,557},{100,642},{110,685},{120,728},{130,771},{140,1103},{150,1214},{160,1335},{170,1468},{180,1615},{190,1777},{200,1955}",,
FHHTD_Longzhu1,Long Trụ,1229,15,"{35,6500000},{45,16000000},{55,54000000},{130,4800000*200},{140,6200000*250},{150,7600000*300},{160,9000000*350},{170,10400000*400},{180,11800000*450},{190,13400000*500},{200,15000000*550},{210,16600000*550}",,0,0,"{10,50000}","{20,120*2},{30,200*2},{40,700*2},{50,1200*2},{60,1600*2},{70,2000*2},{80,2400*2},{90,2800*2},{100,3200*2},{110,4000*2}","{20,120*2},{30,200*2},{40,700*2},{50,1200*2},{60,1600*2},{70,2000*2},{80,2400*2},{90,2800*2},{100,3200*2},{110,4000*2}",0,0,0,0,"{10,210},{20,410},{30,610},{40,810},{50,1010},{60,1210},{70,1410},{80,1610},{100,2010},{110,2210},{120,2410},{130,2610},{140,2860},{150,3146},{160,3461},{170,3807},{180,4188},{190,4607},{200,5068}","{10,210},{20,410},{30,610},{40,810},{50,1010},{60,1210},{70,1410},{80,1610},{100,2010},{110,2210},{120,2410},{130,2610},{140,2860},{150,3146},{160,3461},{170,3807},{180,4188},{190,4607},{200,5068}","{10,210},{20,410},{30,610},{40,810},{50,1010},{60,1210},{70,1410},{80,1610},{100,2010},{110,2210},{120,2410},{130,2610},{140,2860},{150,3146},{160,3461},{170,3807},{180,4188},{190,4607},{200,5068}","{10,210},{20,410},{30,610},{40,810},{50,1010},{60,1210},{70,1410},{80,1610},{100,2010},{110,2210},{120,2410},{130,2610},{140,2860},{150,3146},{160,3461},{170,3807},{180,4188},{190,4607},{200,5068}","{10,210},{20,410},{30,610},{40,810},{50,1010},{60,1210},{70,1410},{80,1610},{100,2010},{110,2210},{120,2410},{130,2610},{140,2860},{150,3146},{160,3461},{170,3807},{180,4188},{190,4607},{200,5068}","{10,257},{20,300},{30,342},{40,385},{50,428},{60,471},{70,514},{80,557},{100,642},{110,685},{120,728},{130,771},{140,1103},{150,1214},{160,1335},{170,1468},{180,1615},{190,1777},{200,1955}",,
FHHTD_chengmen1,Cổng Thành,1230,15,"{35,6500000*2},{45,16000000*2},{55,54000000*2},{170,32080693600},{180,37213810600},{185,42269744100},{190,47645726200},{200,52874207250}",,0,0,"{10,50000}","{20,120*2},{30,200*2},{40,700*2},{50,1200*2},{60,1600*2},{70,2000*2},{80,2400*2},{90,2800*2},{100,3200*2},{110,4000*2}","{20,120*2},{30,200*2},{40,700*2},{50,1200*2},{60,1600*2},{70,2000*2},{80,2400*2},{90,2800*2},{100,3200*2},{110,4000*2}",0,0,0,0,"{10,210},{20,410},{30,610},{40,810},{50,1010},{60,1210},{70,1410},{80,1610},{100,2010},{110,2210},{120,2410},{130,2610},{140,2860},{150,3146},{160,3461},{170,3807},{180,4188},{190,4607},{200,5068}","{10,210},{20,410},{30,610},{40,810},{50,1010},{60,1210},{70,1410},{80,1610},{100,2010},{110,2210},{120,2410},{130,2610},{140,2860},{150,3146},{160,3461},{170,3807},{180,4188},{190,4607},{200,5068}","{10,210},{20,410},{30,610},{40,810},{50,1010},{60,1210},{70,1410},{80,1610},{100,2010},{110,2210},{120,2410},{130,2610},{140,2860},{150,3146},{160,3461},{170,3807},{180,4188},{190,4607},{200,5068}","{10,210},{20,410},{30,610},{40,810},{50,1010},{60,1210},{70,1410},{80,1610},{100,2010},{110,2210},{120,2410},{130,2610},{140,2860},{150,3146},{160,3461},{170,3807},{180,4188},{190,4607},{200,5068}","{10,210},{20,410},{30,610},{40,810},{50,1010},{60,1210},{70,1410},{80,1610},{100,2010},{110,2210},{120,2410},{130,2610},{140,2860},{150,3146},{160,3461},{170,3807},{180,4188},{190,4607},{200,5068}","{10,257},{20,300},{30,342},{40,385},{50,428},{60,471},{70,514},{80,557},{100,642},{110,685},{120,728},{130,771},{140,1103},{150,1214},{160,1335},{170,1468},{180,1615},{190,1777},{200,1955}",,
FHHTD_qiao1,Cầu,1231,15,"{35,3200000},{45,8000000},{55,27000000},{170,12000000*240},{180,14000000*240},{190,16000000*240},{200,20000000*240}",,0,,"{10,1140},{20,2090},{30,3040},{40,3990},{50,4940},{60,5889},{70,6839},{80,7789},{100,9689},{110,10640},{120,11590},{130,12540},{140,13699},{150,15086},{160,16587},{170,18240},{180,20083},{190,22078},{200,24282}","{20,120*5.5},{30,250*5.5},{40,400*5.5},{50,600*5.5}","{20,120*5.5},{30,250*5.5},{40,400*5.5},{50,600*5.5}",0,0,0,0,"{10,210},{20,410},{30,610},{40,810},{50,1010},{60,1210},{70,1410},{80,1610},{100,2010},{110,2210},{120,2410},{130,2610},{140,2860},{150,3146},{160,3461},{170,3807},{180,4188},{190,4607},{200,5068}","{10,210},{20,410},{30,610},{40,810},{50,1010},{60,1210},{70,1410},{80,1610},{100,2010},{110,2210},{120,2410},{130,2610},{140,2860},{150,3146},{160,3461},{170,3807},{180,4188},{190,4607},{200,5068}","{10,210},{20,410},{30,610},{40,810},{50,1010},{60,1210},{70,1410},{80,1610},{100,2010},{110,2210},{120,2410},{130,2610},{140,2860},{150,3146},{160,3461},{170,3807},{180,4188},{190,4607},{200,5068}","{10,210},{20,410},{30,610},{40,810},{50,1010},{60,1210},{70,1410},{80,1610},{100,2010},{110,2210},{120,2410},{130,2610},{140,2860},{150,3146},{160,3461},{170,3807},{180,4188},{190,4607},{200,5068}","{10,210},{20,410},{30,610},{40,810},{50,1010},{60,1210},{70,1410},{80,1610},{100,2010},{110,2210},{120,2410},{130,2610},{140,2860},{150,3146},{160,3461},{170,3807},{180,4188},{190,4607},{200,5068}","{10,257},{20,300},{30,342},{40,385},{50,428},{60,471},{70,514},{80,557},{100,642},{110,685},{120,728},{130,771},{140,1103},{150,1214},{160,1335},{170,1468},{180,1615},{190,1777},{200,1955}",,
FHHTD_qizhi1,Cờ,1232,15,"{35,3200000},{45,8000000},{55,27000000},{170,10400000*780},{180,11800000*780},{190,13400000*780},{200,15000000*780}",,0,0,"{10,50000}","{20,120*2},{30,200*2},{40,700*2},{50,1200*2},{60,1600*2},{70,2000*2},{80,2400*2},{90,2800*2},{100,3200*2},{110,4000*2}","{20,120*2},{30,200*2},{40,700*2},{50,1200*2},{60,1600*2},{70,2000*2},{80,2400*2},{90,2800*2},{100,3200*2},{110,4000*2}",0,0,0,0,"{10,210},{20,410},{30,610},{40,810},{50,1010},{60,1210},{70,1410},{80,1610},{100,2010},{110,2210},{120,2410},{130,2610},{140,2860},{150,3146},{160,3461},{170,3807},{180,4188},{190,4607},{200,5068}","{10,210},{20,410},{30,610},{40,810},{50,1010},{60,1210},{70,1410},{80,1610},{100,2010},{110,2210},{120,2410},{130,2610},{140,2860},{150,3146},{160,3461},{170,3807},{180,4188},{190,4607},{200,5068}","{10,210},{20,410},{30,610},{40,810},{50,1010},{60,1210},{70,1410},{80,1610},{100,2010},{110,2210},{120,2410},{130,2610},{140,2860},{150,3146},{160,3461},{170,3807},{180,4188},{190,4607},{200,5068}","{10,210},{20,410},{30,610},{40,810},{50,1010},{60,1210},{70,1410},{80,1610},{100,2010},{110,2210},{120,2410},{130,2610},{140,2860},{150,3146},{160,3461},{170,3807},{180,4188},{190,4607},{200,5068}","{10,210},{20,410},{30,610},{40,810},{50,1010},{60,1210},{70,1410},{80,1610},{100,2010},{110,2210},{120,2410},{130,2610},{140,2860},{150,3146},{160,3461},{170,3807},{180,4188},{190,4607},{200,5068}","{10,257},{20,300},{30,342},{40,385},{50,428},{60,471},{70,514},{80,557},{100,642},{110,685},{120,728},{130,771},{140,1103},{150,1214},{160,1335},{170,1468},{180,1615},{190,1777},{200,1955}",,
Xianglongzhilu_pao,Hàng Long Pháo Xa,1233,15,1000000*18,,0,0,"{10,1000},{100,2800},{150,7000}","{110,1000},{120,1500}","{110,5000},{120,5500}",0,0,0,0,"{10,210},{20,410},{30,610},{40,810},{50,1010},{60,1210},{70,1410},{80,1610},{100,2010},{110,2210},{120,2410},{130,2610},{140,2860},{150,3146},{160,3461},{170,3807},{180,4188},{190,4607},{200,5068}","{10,210},{20,410},{30,610},{40,810},{50,1010},{60,1210},{70,1410},{80,1610},{100,2010},{110,2210},{120,2410},{130,2610},{140,2860},{150,3146},{160,3461},{170,3807},{180,4188},{190,4607},{200,5068}","{10,210},{20,410},{30,610},{40,810},{50,1010},{60,1210},{70,1410},{80,1610},{100,2010},{110,2210},{120,2410},{130,2610},{140,2860},{150,3146},{160,3461},{170,3807},{180,4188},{190,4607},{200,5068}","{10,210},{20,410},{30,610},{40,810},{50,1010},{60,1210},{70,1410},{80,1610},{100,2010},{110,2210},{120,2410},{130,2610},{140,2860},{150,3146},{160,3461},{170,3807},{180,4188},{190,4607},{200,5068}","{10,210},{20,410},{30,610},{40,810},{50,1010},{60,1210},{70,1410},{80,1610},{100,2010},{110,2210},{120,2410},{130,2610},{140,2860},{150,3146},{160,3461},{170,3807},{180,4188},{190,4607},{200,5068}","{10,257},{20,300},{30,342},{40,385},{50,428},{60,471},{70,514},{80,557},{100,642},{110,685},{120,728},{130,771},{140,1103},{150,1214},{160,1335},{170,1468},{180,1615},{190,1777},{200,1955}",,
HuaShenQingDian_1,Hoa Thần Khánh Điển 1,1234,15,25000,,0,0,"{10,50000}",1000,1000,0,0,0,0,,0,0,0,0,,,
HuaShenQingDian_2,Hoa Thần Khánh Điển 2,1235,15,"{30,300000*30},{40,300000*37},{50,300000*45},{60,420000*45},{70,600000*45},{80,780000*45},{90,960000*45},{100,1150000*45},{110,1500000*45},{120,1800000*45},{130,3000000*45},{140,3500000*45},{150,4200000*45},{160,5000000*45},{170,6000000*45},{180,7000000*45},{190,8000000*45},{200,10000000*45},{210,11000000*45},{220,12000000*45},{230,13000000*45},{240,14000000*45},{250,15000000*45},{260,16000000*45},{270,13000000*45},{280,18000000*45},{290,19000000*45},{300,21000000*45},{310,23000000*45}",,0,0,"{10,50000}",500,500,0,0,0,0,"{10,200},{20,400},{30,600},{40,800},{50,1000},{60,1300},{70,1600},{80,2000},{100,3000},{110,4000},{120,5000},{130,6000},{140,7000},{150,7500},{160,8000},{170,8500},{180,9000},{190,9500},{200,10000}","{10,200},{20,400},{30,600},{40,800},{50,1000},{60,1300},{70,1600},{80,2000},{100,3000},{110,4000},{120,5000},{130,6000},{140,7000},{150,7500},{160,8000},{170,8500},{180,9000},{190,9500},{200,10000}","{10,200},{20,400},{30,600},{40,800},{50,1000},{60,1300},{70,1600},{80,2000},{100,3000},{110,4000},{120,5000},{130,6000},{140,7000},{150,7500},{160,8000},{170,8500},{180,9000},{190,9500},{200,10000}","{10,200},{20,400},{30,600},{40,800},{50,1000},{60,1300},{70,1600},{80,2000},{100,3000},{110,4000},{120,5000},{130,6000},{140,7000},{150,7500},{160,8000},{170,8500},{180,9000},{190,9500},{200,10000}","{10,200},{20,400},{30,600},{40,800},{50,1000},{60,1300},{70,1600},{80,2000},{100,3000},{110,4000},{120,5000},{130,6000},{140,7000},{150,7500},{160,8000},{170,8500},{180,9000},{190,9500},{200,10000}","{10,257},{20,300},{30,342},{40,385},{50,428},{60,471},{70,514},{80,557},{100,642},{110,685},{120,728},{130,771},{140,1103},{150,1214},{160,1335},{170,1468},{180,1615},{190,1777},{200,1955}",,
HuaShenQingDian_3,Hoa Thần Khánh Điển 3,1236,15,"{30,200000*100},{40,250000*100},{50,300000*100},{60,420000*100},{70,600000*100},{80,780000*100},{90,960000*100},{100,1150000*100},{110,1500000*100},{120,1800000*100},{130,3000000*100},{140,3500000*100},{150,4200000*100},{160,5000000*100},{170,6000000*100},{180,7000000*100},{190,8000000*100},{200,10000000*100},{210,11000000*100},{220,12000000*100},{230,13000000*100},{240,14000000*100},{250,15000000*100},{260,16000000*100},{270,17000000*100},{280,18000000*100},{290,19000000*100},{300,21000000*100},{310,23000000*100}",,0,0,"{10,50000}",500,500,0,0,0,0,"{10,210},{20,410},{30,610},{40,810},{50,1010},{60,1210},{70,1410},{80,1610},{100,2010},{110,2210},{120,2410},{130,2610},{140,2860},{150,3146},{160,3461},{170,3807},{180,4188},{190,4607},{200,5068}","{10,210},{20,410},{30,610},{40,810},{50,1010},{60,1210},{70,1410},{80,1610},{100,2010},{110,2210},{120,2410},{130,2610},{140,2860},{150,3146},{160,3461},{170,3807},{180,4188},{190,4607},{200,5068}","{10,210},{20,410},{30,610},{40,810},{50,1010},{60,1210},{70,1410},{80,1610},{100,2010},{110,2210},{120,2410},{130,2610},{140,2860},{150,3146},{160,3461},{170,3807},{180,4188},{190,4607},{200,5068}","{10,210},{20,410},{30,610},{40,810},{50,1010},{60,1210},{70,1410},{80,1610},{100,2010},{110,2210},{120,2410},{130,2610},{140,2860},{150,3146},{160,3461},{170,3807},{180,4188},{190,4607},{200,5068}","{10,210},{20,410},{30,610},{40,810},{50,1010},{60,1210},{70,1410},{80,1610},{100,2010},{110,2210},{120,2410},{130,2610},{140,2860},{150,3146},{160,3461},{170,3807},{180,4188},{190,4607},{200,5068}","{10,257},{20,300},{30,342},{40,385},{50,428},{60,471},{70,514},{80,557},{100,642},{110,685},{120,728},{130,771},{140,1103},{150,1214},{160,1335},{170,1468},{180,1615},{190,1777},{200,1955}",,
SJZZ1,Thánh Cảnh Tranh Bá-Quái Rừng 1,1237,15,"{50,300000*45},{60,420000*45},{70,600000*45},{80,780000*45},{90,960000*45},{100,1150000*45},{110,1500000*45},{120,1800000*45},{130,3000000*45},{140,3500000*45},{150,4200000*45},{160,5000000*45},{170,6000000*45},{180,7000000*45},{190,8000000*45},{200,10000000*45},{210,11000000*45},{220,12000000*45},{230,13000000*45},{240,14000000*45},{250,15000000*45},{260,16000000*45},{270,13000000*45},{280,18000000*45},{290,19000000*45},{300,21000000*45},{310,23000000*45}",,0,0,"{10,1140},{20,2090},{30,3040},{40,3990},{50,4940},{60,5889},{70,6839},{80,7789},{100,9689},{110,10640},{120,11590},{130,12540},{140,13699},{150,15086},{160,16587},{170,18240},{180,20083},{190,22078},{200,24282}","{10,60*1},{20,120*1},{30,180*1},{40,350*1},{50,520*1},{60,600*1},{70,700*1},{80,800*1},{90,900*1},{110,1500*1}","{10,60*1},{20,120*1},{30,180*1},{40,350*1},{50,520*1},{60,600*1},{70,700*1},{80,800*1},{90,900*1},{110,1500*1}",0,0,0,0,"{10,200},{20,400},{30,600},{40,800},{50,1000},{60,1300},{70,1600},{80,2000},{100,3000},{110,4000},{120,5000},{130,6000},{140,7000},{150,7500},{160,8000},{170,8500},{180,9000},{190,9500},{200,10000}","{10,200},{20,400},{30,600},{40,800},{50,1000},{60,1300},{70,1600},{80,2000},{100,3000},{110,4000},{120,5000},{130,6000},{140,7000},{150,7500},{160,8000},{170,8500},{180,9000},{190,9500},{200,10000}","{10,200},{20,400},{30,600},{40,800},{50,1000},{60,1300},{70,1600},{80,2000},{100,3000},{110,4000},{120,5000},{130,6000},{140,7000},{150,7500},{160,8000},{170,8500},{180,9000},{190,9500},{200,10000}","{10,200},{20,400},{30,600},{40,800},{50,1000},{60,1300},{70,1600},{80,2000},{100,3000},{110,4000},{120,5000},{130,6000},{140,7000},{150,7500},{160,8000},{170,8500},{180,9000},{190,9500},{200,10000}","{10,200},{20,400},{30,600},{40,800},{50,1000},{60,1300},{70,1600},{80,2000},{100,3000},{110,4000},{120,5000},{130,6000},{140,7000},{150,7500},{160,8000},{170,8500},{180,9000},{190,9500},{200,10000}","{10,257},{20,300},{30,342},{40,385},{50,428},{60,471},{70,514},{80,557},{100,642},{110,685},{120,728},{130,771},{140,1103},{150,1214},{160,1335},{170,1468},{180,1615},{190,1777},{200,1955}",,
SJZZ2,Thánh Cảnh Tranh Bá-Quái Rừng 2,1238,15,"{50,300000*45},{60,420000*45},{70,600000*45},{80,780000*45},{90,960000*45},{100,1150000*45},{110,1500000*45},{120,1800000*45},{130,3000000*45},{140,3500000*45},{150,4200000*45},{160,5000000*45},{170,6000000*45},{180,7000000*45},{190,8000000*45},{200,10000000*45},{210,11000000*45},{220,12000000*45},{230,13000000*45},{240,14000000*45},{250,15000000*45},{260,16000000*45},{270,13000000*45},{280,18000000*45},{290,19000000*45},{300,21000000*45},{310,23000000*45}",,0,0,"{10,1140},{20,2090},{30,3040},{40,3990},{50,4940},{60,5889},{70,6839},{80,7789},{100,9689},{110,10640},{120,11590},{130,12540},{140,13699},{150,15086},{160,16587},{170,18240},{180,20083},{190,22078},{200,24282}","{10,60*1},{20,120*1},{30,180*1},{40,350*1},{50,520*1},{60,600*1},{70,700*1},{80,800*1},{90,900*1},{110,1500*1}","{10,60*1},{20,120*1},{30,180*1},{40,350*1},{50,520*1},{60,600*1},{70,700*1},{80,800*1},{90,900*1},{110,1500*1}",0,0,0,0,"{10,200},{20,400},{30,600},{40,800},{50,1000},{60,1300},{70,1600},{80,2000},{100,3000},{110,4000},{120,5000},{130,6000},{140,7000},{150,7500},{160,8000},{170,8500},{180,9000},{190,9500},{200,10000}","{10,200},{20,400},{30,600},{40,800},{50,1000},{60,1300},{70,1600},{80,2000},{100,3000},{110,4000},{120,5000},{130,6000},{140,7000},{150,7500},{160,8000},{170,8500},{180,9000},{190,9500},{200,10000}","{10,200},{20,400},{30,600},{40,800},{50,1000},{60,1300},{70,1600},{80,2000},{100,3000},{110,4000},{120,5000},{130,6000},{140,7000},{150,7500},{160,8000},{170,8500},{180,9000},{190,9500},{200,10000}","{10,200},{20,400},{30,600},{40,800},{50,1000},{60,1300},{70,1600},{80,2000},{100,3000},{110,4000},{120,5000},{130,6000},{140,7000},{150,7500},{160,8000},{170,8500},{180,9000},{190,9500},{200,10000}","{10,200},{20,400},{30,600},{40,800},{50,1000},{60,1300},{70,1600},{80,2000},{100,3000},{110,4000},{120,5000},{130,6000},{140,7000},{150,7500},{160,8000},{170,8500},{180,9000},{190,9500},{200,10000}","{10,257},{20,300},{30,342},{40,385},{50,428},{60,471},{70,514},{80,557},{100,642},{110,685},{120,728},{130,771},{140,1103},{150,1214},{160,1335},{170,1468},{180,1615},{190,1777},{200,1955}",,
SJZZ3,Tranh Đấu Thánh Cảnh Thủ Vệ,1239,15,1000*5*50*60,,0,0,"{10,50000}",1000,1000,0,0,0,0,,0,0,0,0,,,
SJZZ4,Thánh Cảnh Tranh Bá Thú Vương Tọa Kỵ,1240,15,1000*50*5*120,,0,0,"{10,50000}",1000,1000,0,0,0,0,,0,0,0,0,,,
SJZZ5,Thánh Cảnh Tranh Bá Thú Vương,1241,15,1000*5*5*180,,0,0,"{10,50000}",1000,1000,0,0,0,0,,0,0,0,0,,,
campbattle_pao,Hỏa Pháo Sở Hán Tranh Hùng,1242,15,"{95,2880000*125},{105,3450000*140},{115,4500000*150},{125,5600000*160},{130,9000000*170},{140,10500000*180},{150,12600000*190},{160,15000000*200},{170,18000000*210},{180,21000000*230},{190,24000000*250},{200,30000000*250}",,0,,"{10,1140},{20,2090},{30,3040},{40,3990},{50,4940},{60,5889},{70,6839},{80,7789},{100,9689},{110,10640},{120,11590},{130,12540},{140,13699},{150,15086},{160,16587},{170,18240},{180,20083},{190,22078},{200,24282}","{20,120*5.5},{30,250*5.5},{40,400*5.5},{50,600*5.5}","{20,120*5.5},{30,250*5.5},{40,400*5.5},{50,600*5.5}",0,0,0,0,"{10,210},{20,410},{30,610},{40,810},{50,1010},{60,1210},{70,1410},{80,1610},{100,2010},{110,2210},{120,2410},{130,2610},{140,2860},{150,3146},{160,3461},{170,3807},{180,4188},{190,4607},{200,5068}","{10,210},{20,410},{30,610},{40,810},{50,1010},{60,1210},{70,1410},{80,1610},{100,2010},{110,2210},{120,2410},{130,2610},{140,2860},{150,3146},{160,3461},{170,3807},{180,4188},{190,4607},{200,5068}","{10,210},{20,410},{30,610},{40,810},{50,1010},{60,1210},{70,1410},{80,1610},{100,2010},{110,2210},{120,2410},{130,2610},{140,2860},{150,3146},{160,3461},{170,3807},{180,4188},{190,4607},{200,5068}","{10,210},{20,410},{30,610},{40,810},{50,1010},{60,1210},{70,1410},{80,1610},{100,2010},{110,2210},{120,2410},{130,2610},{140,2860},{150,3146},{160,3461},{170,3807},{180,4188},{190,4607},{200,5068}","{10,210},{20,410},{30,610},{40,810},{50,1010},{60,1210},{70,1410},{80,1610},{100,2010},{110,2210},{120,2410},{130,2610},{140,2860},{150,3146},{160,3461},{170,3807},{180,4188},{190,4607},{200,5068}","{10,257},{20,300},{30,342},{40,385},{50,428},{60,471},{70,514},{80,557},{100,642},{110,685},{120,728},{130,771},{140,1103},{150,1214},{160,1335},{170,1468},{180,1615},{190,1777},{200,1955}",,
campbattle_tongshuai,Thống Soái Sở Hán Tranh Hùng,1243,15,"{80,90000000*200},{110,118000000*220},{120,162000000*240},{130,225000000*260},{140,270000000*280},{150,100148510600},{160,155804723400},{165,205380693600},{170,250113810600},{175,302269744100},{180,360145726200},{190,372750826617}",,0,0,"{10,50000}","{20,120*2},{30,200*2},{40,700*2},{50,1200*2},{60,1600*2},{70,2000*2},{80,2400*2},{90,2800*2},{100,3200*2},{110,4000*2}","{20,120*2},{30,200*2},{40,700*2},{50,1200*2},{60,1600*2},{70,2000*2},{80,2400*2},{90,2800*2},{100,3200*2},{110,4000*2}",0,0,0,0,"{10,210},{20,410},{30,610},{40,810},{50,1010},{60,1210},{70,1410},{80,1610},{100,2010},{110,2210},{120,2410},{130,2610},{140,2860},{150,3146},{160,3461},{170,3807},{180,4188},{190,4607},{200,5068}","{10,210},{20,410},{30,610},{40,810},{50,1010},{60,1210},{70,1410},{80,1610},{100,2010},{110,2210},{120,2410},{130,2610},{140,2860},{150,3146},{160,3461},{170,3807},{180,4188},{190,4607},{200,5068}","{10,210},{20,410},{30,610},{40,810},{50,1010},{60,1210},{70,1410},{80,1610},{100,2010},{110,2210},{120,2410},{130,2610},{140,2860},{150,3146},{160,3461},{170,3807},{180,4188},{190,4607},{200,5068}","{10,210},{20,410},{30,610},{40,810},{50,1010},{60,1210},{70,1410},{80,1610},{100,2010},{110,2210},{120,2410},{130,2610},{140,2860},{150,3146},{160,3461},{170,3807},{180,4188},{190,4607},{200,5068}","{10,210},{20,410},{30,610},{40,810},{50,1010},{60,1210},{70,1410},{80,1610},{100,2010},{110,2210},{120,2410},{130,2610},{140,2860},{150,3146},{160,3461},{170,3807},{180,4188},{190,4607},{200,5068}","{10,257},{20,300},{30,342},{40,385},{50,428},{60,471},{70,514},{80,557},{100,642},{110,685},{120,728},{130,771},{140,1103},{150,1214},{160,1335},{170,1468},{180,1615},{190,1777},{200,1955}",,
campbattle_jiangling,Tướng Lĩnh Sở Hán Tranh Hùng,1244,15,"{90,48000000*90},{110,57600000*100},{120,80000000*120},{130,100000000*120},{140,100000000*160},{150,100000000*200},{160,100000000*240},{170,125000000*250},{180,150000000*250},{185,181000000*250},{190,217000000*400},{200,260000000*400}",,0,0,"{10,50000}","{20,120*2},{30,200*2},{40,700*2},{50,1200*2},{60,1600*2},{70,2000*2},{80,2400*2},{90,2800*2},{100,3200*2},{110,4000*2}","{20,120*2},{30,200*2},{40,700*2},{50,1200*2},{60,1600*2},{70,2000*2},{80,2400*2},{90,2800*2},{100,3200*2},{110,4000*2}",0,0,0,0,"{10,210},{20,410},{30,610},{40,810},{50,1010},{60,1210},{70,1410},{80,1610},{100,2010},{110,2210},{120,2410},{130,2610},{140,2860},{150,3146},{160,3461},{170,3807},{180,4188},{190,4607},{200,5068}","{10,210},{20,410},{30,610},{40,810},{50,1010},{60,1210},{70,1410},{80,1610},{100,2010},{110,2210},{120,2410},{130,2610},{140,2860},{150,3146},{160,3461},{170,3807},{180,4188},{190,4607},{200,5068}","{10,210},{20,410},{30,610},{40,810},{50,1010},{60,1210},{70,1410},{80,1610},{100,2010},{110,2210},{120,2410},{130,2610},{140,2860},{150,3146},{160,3461},{170,3807},{180,4188},{190,4607},{200,5068}","{10,210},{20,410},{30,610},{40,810},{50,1010},{60,1210},{70,1410},{80,1610},{100,2010},{110,2210},{120,2410},{130,2610},{140,2860},{150,3146},{160,3461},{170,3807},{180,4188},{190,4607},{200,5068}","{10,210},{20,410},{30,610},{40,810},{50,1010},{60,1210},{70,1410},{80,1610},{100,2010},{110,2210},{120,2410},{130,2610},{140,2860},{150,3146},{160,3461},{170,3807},{180,4188},{190,4607},{200,5068}","{10,257},{20,300},{30,342},{40,385},{50,428},{60,471},{70,514},{80,557},{100,642},{110,685},{120,728},{130,771},{140,1103},{150,1214},{160,1335},{170,1468},{180,1615},{190,1777},{200,1955}",,
campbattle_car,Sở Hán Tranh Hùng Xa,1245,15,"{80,5000000*450},{100,6000000*450},{110,9000000*450},{120,12500000*450},{130,15000000*450},{140,7586138295},{150,8685354255},{160,9928552020},{170,11333535795},{180,12920230807},{190,14710929465},{200,16730565543}","{230,100},{249,100},{250,3},{260,3}",0,0,"{10,50000}","{20,120*2},{30,200*2},{40,700*2},{50,1200*2},{60,1600*2},{70,2000*2},{80,2400*2},{90,2800*2},{100,3200*2},{110,4000*2}","{20,120*2},{30,200*2},{40,700*2},{50,1200*2},{60,1600*2},{70,2000*2},{80,2400*2},{90,2800*2},{100,3200*2},{110,4000*2}",0,0,0,0,"{10,210},{20,410},{30,610},{40,810},{50,1010},{60,1210},{70,1410},{80,1610},{100,2010},{110,2210},{120,2410},{130,2610},{140,2860},{150,3146},{160,3461},{170,3807},{180,4188},{190,4607},{200,5068}","{10,210},{20,410},{30,610},{40,810},{50,1010},{60,1210},{70,1410},{80,1610},{100,2010},{110,2210},{120,2410},{130,2610},{140,2860},{150,3146},{160,3461},{170,3807},{180,4188},{190,4607},{200,5068}","{10,210},{20,410},{30,610},{40,810},{50,1010},{60,1210},{70,1410},{80,1610},{100,2010},{110,2210},{120,2410},{130,2610},{140,2860},{150,3146},{160,3461},{170,3807},{180,4188},{190,4607},{200,5068}","{10,210},{20,410},{30,610},{40,810},{50,1010},{60,1210},{70,1410},{80,1610},{100,2010},{110,2210},{120,2410},{130,2610},{140,2860},{150,3146},{160,3461},{170,3807},{180,4188},{190,4607},{200,5068}","{10,210},{20,410},{30,610},{40,810},{50,1010},{60,1210},{70,1410},{80,1610},{100,2010},{110,2210},{120,2410},{130,2610},{140,2860},{150,3146},{160,3461},{170,3807},{180,4188},{190,4607},{200,5068}","{10,257},{20,300},{30,342},{40,385},{50,428},{60,471},{70,514},{80,557},{100,642},{110,685},{120,728},{130,771},{140,1103},{150,1214},{160,1335},{170,1468},{180,1615},{190,1777},{200,1955}",,
taoyunjianghu1,Đào Uẩn Giang Hồ 1,1246,15,1000000,,0,0,"{10,50000}","{1,3},{5,8},{6,15},{7,18},{8,20},{9,25},{10,30},{20,40},{30,150},{40,350},{41,420},{50,600}","{1,3},{5,8},{6,15},{7,18},{8,20},{9,25},{10,30},{20,40},{30,150},{40,350},{41,420},{50,600}",0,0,0,0,,0,0,0,0,"{1,50},{10,100},{50,150},{70,200},{110,800}",,
taoyunjianghu2,Đào Uẩn Giang Hồ 2,1247,15,10000,,0,0,"{10,500000}","{1,3},{5,8},{6,15},{7,18},{8,20},{9,25},{10,30},{20,40},{30,150},{40,350},{41,420},{50,600}","{1,3},{5,8},{6,15},{7,18},{8,20},{9,25},{10,30},{20,40},{30,150},{40,350},{41,420},{50,600}",0,0,0,0,,0,0,0,0,"{1,50},{10,100},{50,150},{70,200},{110,800}",,
DongTianLeader1,Thủ Lĩnh Dã Ngoại,1248,15,"{1,5000*12},{20,10000*12},{30,12000*12},{40,30000*40},{50,60000*40},{60,120000*40},{70,180000*40},{80,250000*40},{90,300000*40},{100,360000*60},{110,450000*60},{120,600000*60},{130,88255555},{140,101212222},{150,115877666},{160,132464077},{170,151208994},{180,172378253},{190,196269274},{200,223214717},{210,250160160*1.5},{220,277105603*2},{230,304051046*2.5},{240,330996489*3},{250,357941932*3.5},{260,384887375*4},{270,411832818*4.5},{280,438778261*5},{290,465723704*5},{300,492669147*5}",,0,0,"{10,50000}","{20,120},{30,200},{40,700},{50,1200},{60,1600},{70,2000},{80,2400},{90,2800},{100,3200},{110,4000}","{20,120},{30,200},{40,700},{50,1200},{60,1600},{70,2000},{80,2400},{90,2800},{100,3200},{110,4000}",0,0,0,0,"{10,200},{20,400},{30,600},{40,800},{50,1000},{60,1300},{70,1600},{80,2000},{100,3000},{110,4000},{120,5000},{130,6000},{140,7000},{150,7500},{160,8000},{170,8500},{180,9000},{190,9500},{200,10000}","{10,200},{20,400},{30,600},{40,800},{50,1000},{60,1300},{70,1600},{80,2000},{100,3000},{110,4000},{120,5000},{130,6000},{140,7000},{150,7500},{160,8000},{170,8500},{180,9000},{190,9500},{200,10000}","{10,200},{20,400},{30,600},{40,800},{50,1000},{60,1300},{70,1600},{80,2000},{100,3000},{110,4000},{120,5000},{130,6000},{140,7000},{150,7500},{160,8000},{170,8500},{180,9000},{190,9500},{200,10000}","{10,200},{20,400},{30,600},{40,800},{50,1000},{60,1300},{70,1600},{80,2000},{100,3000},{110,4000},{120,5000},{130,6000},{140,7000},{150,7500},{160,8000},{170,8500},{180,9000},{190,9500},{200,10000}","{10,200},{20,400},{30,600},{40,800},{50,1000},{60,1300},{70,1600},{80,2000},{100,3000},{110,4000},{120,5000},{130,6000},{140,7000},{150,7500},{160,8000},{170,8500},{180,9000},{190,9500},{200,10000}","{10,257},{20,300},{30,342},{40,385},{50,428},{60,471},{70,514},{80,557},{100,642},{110,685},{120,728},{130,771},{140,1103},{150,1214},{160,1335},{170,1468},{180,1615},{190,1777},{200,1955}",,
DongTianLeader2,Thủ Lĩnh Dã Ngoại Bảo Bảo,1249,15,500,,0,0,"{10,50000}","{20,120},{30,200},{40,700},{50,1200},{60,1600},{70,2000},{80,2400},{90,2800},{100,3200},{110,4000}","{20,120},{30,200},{40,700},{50,1200},{60,1600},{70,2000},{80,2400},{90,2800},{100,3200},{110,4000}",0,0,0,0,"{10,200},{20,400},{30,600},{40,800},{50,1000},{60,1300},{70,1600},{80,2000},{100,3000},{110,4000},{120,5000},{130,6000},{140,7000},{150,7500},{160,8000},{170,8500},{180,9000},{190,9500},{200,10000}","{10,200},{20,400},{30,600},{40,800},{50,1000},{60,1300},{70,1600},{80,2000},{100,3000},{110,4000},{120,5000},{130,6000},{140,7000},{150,7500},{160,8000},{170,8500},{180,9000},{190,9500},{200,10000}","{10,200},{20,400},{30,600},{40,800},{50,1000},{60,1300},{70,1600},{80,2000},{100,3000},{110,4000},{120,5000},{130,6000},{140,7000},{150,7500},{160,8000},{170,8500},{180,9000},{190,9500},{200,10000}","{10,200},{20,400},{30,600},{40,800},{50,1000},{60,1300},{70,1600},{80,2000},{100,3000},{110,4000},{120,5000},{130,6000},{140,7000},{150,7500},{160,8000},{170,8500},{180,9000},{190,9500},{200,10000}","{10,200},{20,400},{30,600},{40,800},{50,1000},{60,1300},{70,1600},{80,2000},{100,3000},{110,4000},{120,5000},{130,6000},{140,7000},{150,7500},{160,8000},{170,8500},{180,9000},{190,9500},{200,10000}","{10,257},{20,300},{30,342},{40,385},{50,428},{60,471},{70,514},{80,557},{100,642},{110,685},{120,728},{130,771},{140,1103},{150,1214},{160,1335},{170,1468},{180,1615},{190,1777},{200,1955}",,
WJTD_boss,Ngũ Tuyệt Thái ĐẩuBOSS,26,15,"{109,20000000*20}",,0,1000,"{109,1008000}","{109,25000}","{109,45000}",0,0,0,0,"{109,15000}","{109,15000}","{109,15000}","{109,15000}","{109,15000}","{109,80000}",,
TDSL_zhuzi,Đoàn Đội Thí Luyện-Hỏa Trụ,28,15,"{109,500000*1},{110,800000*1},{111,1600000*1}",,0,0,"{10,1000},{100,2800},{150,7000}",1000,1000,0,0,0,0,"{109,3000},{110,3000},{111,3000}","{109,3000},{110,3000},{111,3000}","{109,3000},{110,3000},{111,3000}","{109,3000},{110,3000},{111,3000}","{109,3000},{110,3000},{111,3000}",,,
battle_occupy_qizi,Cờ Chiến Trường Tần Uyên,1250,15,"{20,3000*70},{30,4000*70},{40,6000*70},{50,12000*70},{60,20000*70},{70,30000*70},{80,55000*70},{90,80000*70},{100,130000*70},{110,200000*70},{120,300000*70},{130,350000*70},{140,450000*80},{150,550000*90},{160,650000*100},{170,750000*110},{180,900000*120},{190,1200000*130},{200,1500000*140},{220,2100000*150},{240,2700000*170},{260,3300000*190},{280,3900000*220},{300,4500000*260},{310,4800000*280},{320,5100000*300},{330,5200000*300}",,0,0,"{10,1140},{20,2090},{30,3040},{40,3990},{50,4940},{60,5889},{70,6839},{80,7789},{100,9689},{110,10640},{120,11590},{130,12540},{140,13699},{150,15086},{160,16587},{170,18240},{180,20083},{190,22078},{200,24282}","{20,120*5.5},{30,250*5.5},{40,400*5.5},{50,600*5.5}","{20,120*5.5},{30,250*5.5},{40,400*5.5},{50,600*5.5}",0,0,0,0,"{10,210},{20,410},{30,610},{40,810},{50,1010},{60,1210},{70,1410},{80,1610},{100,2010},{110,2210},{120,2410},{130,2610},{140,2860},{150,3146},{160,3461},{170,3807},{180,4188},{190,4607},{200,5068}","{10,210},{20,410},{30,610},{40,810},{50,1010},{60,1210},{70,1410},{80,1610},{100,2010},{110,2210},{120,2410},{130,2610},{140,2860},{150,3146},{160,3461},{170,3807},{180,4188},{190,4607},{200,5068}","{10,210},{20,410},{30,610},{40,810},{50,1010},{60,1210},{70,1410},{80,1610},{100,2010},{110,2210},{120,2410},{130,2610},{140,2860},{150,3146},{160,3461},{170,3807},{180,4188},{190,4607},{200,5068}","{10,210},{20,410},{30,610},{40,810},{50,1010},{60,1210},{70,1410},{80,1610},{100,2010},{110,2210},{120,2410},{130,2610},{140,2860},{150,3146},{160,3461},{170,3807},{180,4188},{190,4607},{200,5068}","{10,210},{20,410},{30,610},{40,810},{50,1010},{60,1210},{70,1410},{80,1610},{100,2010},{110,2210},{120,2410},{130,2610},{140,2860},{150,3146},{160,3461},{170,3807},{180,4188},{190,4607},{200,5068}","{10,257},{20,300},{30,342},{40,385},{50,428},{60,471},{70,514},{80,557},{100,642},{110,685},{120,728},{130,771},{140,1103},{150,1214},{160,1335},{170,1468},{180,1615},{190,1777},{200,1955}",,
battle_occupy_bomb,Hỏa Hồ Chiến Trường Tần Uyên,1251,15,"{20,3000*30},{30,4000*30},{40,6000*30},{50,12000*30},{60,20000*30},{70,30000*30},{80,55000*30},{90,80000*30},{100,130000*30},{110,200000*30},{120,300000*30},{130,350000*30},{140,450000*30},{150,550000*30},{160,650000*30},{170,750000*30},{180,900000*30},{190,1200000*30},{200,1500000*30},{220,2100000*50},{240,2700000*70},{260,3300000*90},{280,3900000*110},{300,4500000*130},{310,4800000*140},{320,5100000*150},{330,5200000*150}",,0,0,"{10,1140},{20,2090},{30,3040},{40,3990},{50,4940},{60,5889},{70,6839},{80,7789},{100,9689},{110,10640},{120,11590},{130,12540},{140,13699},{150,15086},{160,16587},{170,18240},{180,20083},{190,22078},{200,24282}","{10,60*1.5},{20,120*1.5},{30,180*1.5},{40,350*1.5},{50,520*1.5},{60,600*1.5},{70,700*1.5},{80,800*1.5},{90,900*1.5},{110,1500*1.5}","{10,60*1.5},{20,120*1.5},{30,180*1.5},{40,350*1.5},{50,520*1.5},{60,600*1.5},{70,700*1.5},{80,800*1.5},{90,900*1.5},{110,1500*1.5}",0,0,0,0,"{10,200},{20,400},{30,600},{40,800},{50,1000},{60,1300},{70,1600},{80,2000},{100,3000},{110,4000},{120,5000},{130,6000},{140,7000},{150,7500},{160,8000},{170,8500},{180,9000},{190,9500},{200,10000}","{10,200},{20,400},{30,600},{40,800},{50,1000},{60,1300},{70,1600},{80,2000},{100,3000},{110,4000},{120,5000},{130,6000},{140,7000},{150,7500},{160,8000},{170,8500},{180,9000},{190,9500},{200,10000}","{10,200},{20,400},{30,600},{40,800},{50,1000},{60,1300},{70,1600},{80,2000},{100,3000},{110,4000},{120,5000},{130,6000},{140,7000},{150,7500},{160,8000},{170,8500},{180,9000},{190,9500},{200,10000}","{10,200},{20,400},{30,600},{40,800},{50,1000},{60,1300},{70,1600},{80,2000},{100,3000},{110,4000},{120,5000},{130,6000},{140,7000},{150,7500},{160,8000},{170,8500},{180,9000},{190,9500},{200,10000}","{10,200},{20,400},{30,600},{40,800},{50,1000},{60,1300},{70,1600},{80,2000},{100,3000},{110,4000},{120,5000},{130,6000},{140,7000},{150,7500},{160,8000},{170,8500},{180,9000},{190,9500},{200,10000}","{10,257},{20,300},{30,342},{40,385},{50,428},{60,471},{70,514},{80,557},{100,642},{110,685},{120,728},{130,771},{140,1103},{150,1214},{160,1335},{170,1468},{180,1615},{190,1777},{200,1955}",,
battle_occupy_bigbomb,Cơ Giáp Viễn Cổ Chiến Trường Tần Uyên Cơ,1252,15,"{20,3000*70},{30,4000*70},{40,6000*70},{50,12000*70},{60,20000*70},{70,30000*70},{80,55000*70},{90,80000*70},{100,130000*70},{110,200000*70},{120,300000*70},{130,350000*70},{140,450000*80},{150,550000*90},{160,650000*100},{170,750000*110},{180,900000*120},{190,1200000*130},{200,1500000*140},{220,2100000*150},{240,2700000*170},{260,3300000*190},{280,3900000*220},{300,4500000*260},{310,4800000*280},{320,5100000*300},{330,5200000*300}",,0,0,"{10,1140},{20,2090},{30,3040},{40,3990},{50,4940},{60,5889},{70,6839},{80,7789},{100,9689},{110,10640},{120,11590},{130,12540},{140,13699},{150,15086},{160,16587},{170,18240},{180,20083},{190,22078},{200,24282}","{10,60*1.5},{20,120*1.5},{30,180*1.5},{40,350*1.5},{50,520*1.5},{60,600*1.5},{70,700*1.5},{80,800*1.5},{90,900*1.5},{110,1500*1.5}","{10,60*1.5},{20,120*1.5},{30,180*1.5},{40,350*1.5},{50,520*1.5},{60,600*1.5},{70,700*1.5},{80,800*1.5},{90,900*1.5},{110,1500*1.5}",0,0,0,0,"{10,200},{20,400},{30,600},{40,800},{50,1000},{60,1300},{70,1600},{80,2000},{100,3000},{110,4000},{120,5000},{130,6000},{140,7000},{150,7500},{160,8000},{170,8500},{180,9000},{190,9500},{200,10000}","{10,200},{20,400},{30,600},{40,800},{50,1000},{60,1300},{70,1600},{80,2000},{100,3000},{110,4000},{120,5000},{130,6000},{140,7000},{150,7500},{160,8000},{170,8500},{180,9000},{190,9500},{200,10000}","{10,200},{20,400},{30,600},{40,800},{50,1000},{60,1300},{70,1600},{80,2000},{100,3000},{110,4000},{120,5000},{130,6000},{140,7000},{150,7500},{160,8000},{170,8500},{180,9000},{190,9500},{200,10000}","{10,200},{20,400},{30,600},{40,800},{50,1000},{60,1300},{70,1600},{80,2000},{100,3000},{110,4000},{120,5000},{130,6000},{140,7000},{150,7500},{160,8000},{170,8500},{180,9000},{190,9500},{200,10000}","{10,200},{20,400},{30,600},{40,800},{50,1000},{60,1300},{70,1600},{80,2000},{100,3000},{110,4000},{120,5000},{130,6000},{140,7000},{150,7500},{160,8000},{170,8500},{180,9000},{190,9500},{200,10000}","{10,257},{20,300},{30,342},{40,385},{50,428},{60,471},{70,514},{80,557},{100,642},{110,685},{120,728},{130,771},{140,1103},{150,1214},{160,1335},{170,1468},{180,1615},{190,1777},{200,1955}",,
KinSelectionNpc1,Bình Chọn Bang Hội-Tiểu Binh,1253,15,"{100,120000000},{110,2000000000},{240,2200000000}",,0,0,"{10,50000}","{20,120},{30,200},{40,700},{50,1200},{60,1600},{70,2000},{80,2400},{90,2800},{100,3200},{110,4000}","{20,120},{30,200},{40,700},{50,1200},{60,1600},{70,2000},{80,2400},{90,2800},{100,3200},{110,4000}",0,0,0,0,"{10,200},{20,400},{30,600},{40,800},{50,1000},{60,1300},{70,1600},{80,2000},{100,3000},{110,4000},{120,5000},{130,6000},{140,7000},{150,7500},{160,8000},{170,8500},{180,9000},{190,9500},{200,10000}","{10,200},{20,400},{30,600},{40,800},{50,1000},{60,1300},{70,1600},{80,2000},{100,3000},{110,4000},{120,5000},{130,6000},{140,7000},{150,7500},{160,8000},{170,8500},{180,9000},{190,9500},{200,10000}","{10,200},{20,400},{30,600},{40,800},{50,1000},{60,1300},{70,1600},{80,2000},{100,3000},{110,4000},{120,5000},{130,6000},{140,7000},{150,7500},{160,8000},{170,8500},{180,9000},{190,9500},{200,10000}","{10,200},{20,400},{30,600},{40,800},{50,1000},{60,1300},{70,1600},{80,2000},{100,3000},{110,4000},{120,5000},{130,6000},{140,7000},{150,7500},{160,8000},{170,8500},{180,9000},{190,9500},{200,10000}","{10,200},{20,400},{30,600},{40,800},{50,1000},{60,1300},{70,1600},{80,2000},{100,3000},{110,4000},{120,5000},{130,6000},{140,7000},{150,7500},{160,8000},{170,8500},{180,9000},{190,9500},{200,10000}","{10,257},{20,300},{30,342},{40,385},{50,428},{60,471},{70,514},{80,557},{100,642},{110,685},{120,728},{130,771},{140,1103},{150,1214},{160,1335},{170,1468},{180,1615},{190,1777},{200,1955}",,
KinSelectionNpc2,Bình Chọn Bang Hội-Thánh Thú,1254,15,"{100,240000000},{110,4000000000},{240,4400000000}",,0,0,"{10,50000}","{20,120},{30,200},{40,700},{50,1200},{60,1600},{70,2000},{80,2400},{90,2800},{100,3200},{110,4000}","{20,120},{30,200},{40,700},{50,1200},{60,1600},{70,2000},{80,2400},{90,2800},{100,3200},{110,4000}",0,0,0,0,"{10,200},{20,400},{30,600},{40,800},{50,1000},{60,1300},{70,1600},{80,2000},{100,3000},{110,4000},{120,5000},{130,6000},{140,7000},{150,7500},{160,8000},{170,8500},{180,9000},{190,9500},{200,10000}","{10,200},{20,400},{30,600},{40,800},{50,1000},{60,1300},{70,1600},{80,2000},{100,3000},{110,4000},{120,5000},{130,6000},{140,7000},{150,7500},{160,8000},{170,8500},{180,9000},{190,9500},{200,10000}","{10,200},{20,400},{30,600},{40,800},{50,1000},{60,1300},{70,1600},{80,2000},{100,3000},{110,4000},{120,5000},{130,6000},{140,7000},{150,7500},{160,8000},{170,8500},{180,9000},{190,9500},{200,10000}","{10,200},{20,400},{30,600},{40,800},{50,1000},{60,1300},{70,1600},{80,2000},{100,3000},{110,4000},{120,5000},{130,6000},{140,7000},{150,7500},{160,8000},{170,8500},{180,9000},{190,9500},{200,10000}","{10,200},{20,400},{30,600},{40,800},{50,1000},{60,1300},{70,1600},{80,2000},{100,3000},{110,4000},{120,5000},{130,6000},{140,7000},{150,7500},{160,8000},{170,8500},{180,9000},{190,9500},{200,10000}","{10,257},{20,300},{30,342},{40,385},{50,428},{60,471},{70,514},{80,557},{100,642},{110,685},{120,728},{130,771},{140,1103},{150,1214},{160,1335},{170,1468},{180,1615},{190,1777},{200,1955}",,
