NpcResId,NpcResFile,ResAttribID,Desc,RunSoundID,DeathSoundID,HitSoundID,Height,Width,at_frame,at_cross,bat_frame,bat_cross,die_frame,die_event,die_cross,dz_frame,dz_cross,jf_frame,jf_cross,jfd_frame,jfd_cross,jt_frame,jt_cross,wlk_frame,wlk_cross,wlk_event,run_frame,run_cross,run_event,st_frame,st_cross,st_event,st01_frame,st01_cross,st01_event,st02_frame,st02_cross,sta_frame,sta_cross,qg_frame,qg_cross,at01_frame,at01_cross,at01_event,at02_frame,at02_cross,at03_frame,at03_cross,at04_frame,at04_cross,jn01_frame,jn01_cross,jn02_frame,jn02_cross,jn03_frame,jn03_cross,jn04_frame,jn04_cross,jn05_frame,jn05_cross,jn06_frame,jn06_cross,ex01_frame,ex01_cross,jn02a_frame,jn02a_cross,jn02b_frame,jn02b_cross,qg01_frame,qg01_cross,qg02_frame,qg02_cross,qg03_frame,qg03_cross,qg04_frame,qg04_cross,qg05_frame,qg05_cross,jn04(dl)_frame,jn04(dl)_cross,jsrun_frame,jsrun_cross,dl_frame,dl_cross,jf_gz_frame,jf_gz_cross,zx_frame,zx_cross,zst_frame,zst_cross,ts01_frame,ts01_cross,ts02_frame,ts02_cross,ts03_frame,ts03_cross,at01_g_frame,at01_g_cross,at02_g_frame,at02_g_cross,at03_g_frame,at03_g_cross,at04_g_frame,at04_g_cross,jn01_g_frame,jn01_g_cross,jn02_g_frame,jn02_g_cross,jn03_g_frame,jn03_g_cross,jn04_g_frame,jn04_g_cross,sta_g_frame,sta_g_cross,run_g_frame,run_g_cross,jf_g_frame,jf_g_cross,jfd_g_frame,jfd_g_cross,jt_g_frame,jt_g_cross,bat_g_frame,bat_g_cross,qg_g_frame,qg_g_cross,qg01_g_frame,qg01_g_cross,qg02_g_frame,qg02_g_cross,jsrun_g_frame,jsrun_g_cross,zc_frame,zc_cross,hx_frame,hx_cross,hyst01_frame,hyst01_cross,hyst01_event
1,Player/Characters/M2/Prefab/M2_TW001_Body.prefab,,Nhân vật Thiên Vương-Nam,,,,2,0.5,45,0.1,10,0.1,19,,0,30,0.1,35,0.09,20,0.09,12,0.1,15,0.1,,18,0.1,,30,0.1,,53,0,,30,0.1,30,0.1,20,0.05,15,0.1,,14,0.08,13,0.1,14,0.05,17,0,20,0.1,5,0.2,20,0.15,60,0.15,23,0.15,,0.15,15,0.08,,,18,0,6,0,13,0,18,0,18,0,,,24,0.4,,,,,15,0.05,30,0.1,15,0.05,,,,,,,,,,,,,,,,,,,13,0.15,,,,,,,,,,,,,,,,,,,,,30,0.1,60,0.1,53,0,
2,Player/Characters/F2/Prefab/F2_EM001_Body.prefab,,Nga Mi,,,,2,0.5,45,0.1,10,0.1,20,,0,30,0.1,35,0.09,20,0.09,12,0.1,15,0.1,,18,0.1,,30,0.1,,58,0,,30,0.1,30,0.1,25,0.05,10,0.1,,15,0.08,13,0.1,15,0.1,15,0.09,18,0.11,23,0.1,25,0.12,20,0.15,23,0.15,,0.15,15,0.08,,,18,0,6,0,13,0,18,0,18,0,,,20,0.4,,,,,15,0.05,30,0.1,15,0.05,,,,,,,,,,,,,,,,,,,16,,,,,,,,,,,,,,,,,,,,,,30,0.1,60,0.1,58,0,
3,Player/Characters/F1/Prefab/F1_TH001_Body.prefab,,Đào Hoa,,,,1.6,0.5,45,0.1,11,0.1,15,,0,30,0.1,35,0.09,20,0.09,12,0.1,15,0.1,,15,0.1,,30,0.1,,59,0,,30,0.1,30,0.1,25,0.05,15,0.08,,15,0.08,16,0.065,,,18,0.09,15,0.1,20,0.2,8,0.15,37,0.15,23,0.15,,0.15,15,0.08,,,18,0,6,0,13,0,18,0,17,0,,,20,0.4,,,,,15,0.05,30,0.1,15,0.05,,,,,,,,,,,,,,,,,,,18,0.15,,,,,,,,,,,,,,,,,,,,,30,0.1,60,0.1,59,0,
4,Player/Characters/M1/Prefab/M1_XY001_Body.prefab,,Tiêu Dao,,,,2,0.5,38,0.1,10,0.1,19,,0,30,0.1,35,0.09,20,0.09,12,0.1,15,0.1,,16,0.1,,30,0.1,,58,0,,30,0.1,30,0.1,25,0.06,13,0.1,,13,0.08,15,0.08,15,0.1,14,0.05,6,0.05,13,0.05,15,0.15,30,0.15,23,0.15,5,,5,0.08,5,0.01,18,0,6,0,13,0,18,0,20,0,28,0.15,23,0.4,,,,,15,0.05,30,0.1,15,0.05,,,,,,,,,,,,,,,,,,,,,,,,,,,,,,,,,,,,,,,,,30,0.1,60,0.1,58,0,
5,Player/Characters/M1/Prefab/M1_WD001_Body.prefab,,Nhân Vật Võ Đang-Nam,,,,2,0.5,38,0.1,10,0.1,20,,0,30,0.1,35,0.09,20,0.09,12,0.1,15,0.1,,16,0.1,,30,0.1,,58,0,,30,0.1,30,0.1,25,0.06,13,0.1,,13,0.08,13,0.08,13,0.01,12,0.05,21,0.05,20,0.05,15,0.15,48,0.15,23,0.15,5,,5,0.08,5,0.01,18,0,6,0,13,0,18,0,20,0,28,0.15,20,0.4,,,,,15,0.05,30,0.1,15,0.05,,,,,,,,,13,0.02,13,0.02,,,15,0.02,60,0.02,18,0.02,,,,,,,,,,,,,,,,,,,,,30,0.1,60,0.1,58,0,
6,Player/Characters/F2/Prefab/F2_TR001_Body.prefab,,Nhân vật Thiên Nhẫn-Nữ,,,,2,0.5,45,0.1,9,0.1,20,,0,30,0.1,35,0.09,20,0.09,12,0.1,15,0.1,,15,0.1,,30,0.1,,51,0,,30,0.1,30,0.1,25,0.05,10,0.08,,10,0.08,14,0.065,12,0.01,12,0.09,16,0.1,15,0.05,15,0.1,31,0.1,23,0.15,,0.15,15,0.08,,,18,0,6,0,13,0,18,0,17,0,,,20,0.4,,,,,15,0.05,30,0.1,15,0.05,,,,,,,,,,,,,,,,,,,,,,,,,,,,,,,,,,,,,,,,,30,0.1,60,0.1,51,0,
8,Effect/Prefabs/JueSe/other1/shikongmen_G.prefab,,Cửa Truyền Tống,,,,1.9,0.5,30,0.1,,0.1,10,,0,,,30,0.1,30,0.1,,0.1,15,0.1,,9,0.2,,10,0.2,,10,0.2,,10,0.2,10,0.2,,0.15,30,0.1,,,0.08,,0.1,,0.1,,0.09,,0.15,,0.15,,0.15,,0.15,,,,0.15,,0.08,,,,,,,,,,,,,,,,,,,,,,,,,,,,,,,,,,,,,,,,,,,,,,,,,,,,,,,,,,,,,,,,,,,,,,,10,0.2,
9,Player/Characters/M2/Prefab/M2_SL001_Body.prefab,,Nhân vật Thiếu Lâm,,,,2,0.5,38,0.1,10,0.1,19,,0,30,0.1,35,0.09,20,0.09,12,0.1,15,0.1,,16,0.1,,30,0.1,,47,0,,30,0.1,30,0.1,25,0.06,13,0.1,,15,0.08,13,0.08,12,0.1,13,0.05,10,0.05,15,0.05,16,0.15,44,0.15,23,0.15,5,,5,0.08,5,0.01,18,0,6,0,13,0,18,0,20,0,28,0.15,23,0.4,,,,,15,0.05,30,0.1,15,0.05,,,,,,,,,,,,,,,,,,,,,,,,,,,,,,,,,,,,,,,,,30,0.1,60,0.1,47,0,
10,Player/Characters/F2/Prefab/F2_CY001_Body.prefab,,Nhân vật Thúy Yên,,,,2,0.5,38,0.1,6,0.1,20,,0,30,0.1,35,0.09,20,0.09,12,0.1,15,0.1,,16,0.1,,30,0.1,,50,0,,30,0.1,30,0.1,25,0.06,15,0.1,,10,0.08,12,0.08,14,0.1,13,0.05,20,0.05,14,0.05,13,0.15,30,0.15,23,0.15,5,,5,0.08,5,0.01,18,0,6,0,13,0,18,0,20,0,28,0.15,23,0.4,,,,,15,0.05,30,0.1,15,0.05,,,,,,,,,,,,,75,0.02,20,0.02,,,,,,,,,,,,,,,,,,,,,,,,,30,0.1,60,0.1,50,0,
11,Player/Npcs/Prefabs/boss001.prefab,,Tâm Ma,,,,2,0.5,5,0.1,6,0.1,15,,0,,,5,0.1,5,0.1,,0.1,15,0.1,,12,0.2,,30,0.2,,30,0.2,,30,0.2,20,0.2,24,0.15,15,0.1,,15,0.08,,0.1,,0.1,,0.09,,0.15,,0.15,,0.15,,0.15,,,,0.15,,0.08,,,,,,,,,,,,,,,,,,,,,,,,,,,,,,,,,,,,,,,,,,,,,,,,,,,,,,,,,,,,,,,,,,,,,,,30,0.2,
12,Player/Npcs/Prefabs/boss002.prefab,,Diệp Vô Tâm,,,,2.1,0.5,5,0.1,6,0.1,26,,0,,,15,0.1,15,0.1,,0.1,15,0.1,,10,0.2,,30,0.2,,30,0.2,,30,0.2,20,0.2,52,0.15,17,0.1,,16,0.08,,0.1,,0.1,,0.09,,0.15,,0.15,,0.15,,0.15,,,,0.15,16,0.08,,,,,,,,,,,,,,,,,,,,,,,,,,,,,,,,,,,,,,,,,,,,,,,,,,,,,,,,,,,,,,,,,,,,,,,30,0.2,
13,Player/Npcs/Prefabs/boss003.prefab,65,Thiên Tinh Đạo Trưởng,,,,2.5,0.5,16,0.1,6,0.1,30,,0,,,25,0.1,25,0.1,,0.1,15,0.1,,12,0.2,,30,0.2,,30,0.2,,30,0.2,16,0.2,,0.15,17,0.1,,38,0.08,,0.1,,0.1,35,0.09,,0.15,,0.15,,0.15,,0.15,,,,0.15,25,0.08,,,,,,,,,,,,,,,,,,,,,,,,,,,,,,,,,,,,,,,,,,,,,,,,,,,,,,,,,,,,,,,,,,,,,,,30,0.2,
14,Player/Npcs/Prefabs/boss004.prefab,,Tiêu Động Trần,,,,2.5,0.5,20,0.1,6,0.1,18,,0,,,20,0.1,20,0.1,,0.1,15,0.1,,12,0.2,,30,0.1,,30,0.1,,30,0.1,20,0.1,27,0.15,18,0.1,,18,0.08,,0.1,,0.1,30,0.09,,0.15,,0.15,,0.15,,0.15,,,,0.15,18,0.08,,,,,,,,,,,,,,,,,,,,,,,,,,,,,,,,,,,,,,,,,,,,,,,,,,,,,,,,,,,,,,,,,,,,,,,30,0.1,
15,Player/Npcs/Prefabs/boss005.prefab,61,Triết Biệt,,,,2.5,0.5,20,0.1,6,0.1,20,,0,,,20,0.1,20,0.1,,0.1,15,0.1,,12,0.2,,30,0.1,,30,0.1,,30,0.1,20,0.1,,0.15,18,0.1,,17,0.08,,0.1,,0.1,30,0.09,,0.15,,0.15,,0.15,,0.15,,,,0.15,18,0.08,,,,,,,,,,,,,,,,,,,,,,,,,,,,,,,,,,,,,,,,,,,,,,,,,,,,,,,,,,,,,,,,,,,,,,,30,0.1,
16,Player/Npcs/Prefabs/npc_163.prefab,61,Huyền Thiên Đạo Nhân,,,,2.5,0.5,20,0.1,6,0.1,20,,0,,,17,0.1,17,0.1,,0.1,15,0.1,,12,0.2,,30,0.1,,30,0.1,,30,0.1,20,0.1,,0.15,15,0.1,,15,0.08,,0.1,,0.1,30,0.09,,0.15,,0.15,,0.15,,0.15,,,,0.15,18,0.08,,,,,,,,,,,,,,,,,,,,,,,,,,,,,,,,,,,,,,,,,,,,,,,,,,,,,,,,,,,,,,,,,,,,,,,30,0.1,
17,Player/Npcs/Prefabs/boss007.prefab,,Hắc Diện Lang Quân,,,,2.5,0.5,20,0.1,6,0.1,20,,0,,,18,0.1,18,0.1,,0.1,15,0.1,,12,0.2,,30,0.1,,30,0.1,,30,0.1,20,0.1,20,0.15,13,0.1,,19,0.08,,0.1,,0.1,30,0.09,,0.15,,0.15,,0.15,,0.15,,,,0.15,18,0.08,,,,,,,,,,,,,,,,,,,,,,,,,,,,,,,,,,,,,,,,,,,,,,,,,,,,,,,,,,,,,,,,,,,,,,,30,0.1,
19,Player/Npcs/Prefabs/boss009.prefab,61,Viên Thừa Chí,,,,2.5,0.5,20,0.1,6,0.1,20,,0,,,18,0.1,18,0.1,,0.1,15,0.1,,12,0.2,,30,0.1,,30,0.1,,30,0.1,20,0.1,,0.15,15,0.1,,18,0.08,,0.1,,0.1,30,0.09,,0.15,,0.15,,0.15,,0.15,,,,0.15,18,0.08,,,,,,,,,,,,,,,,,,,,,,,,,,,,,,,,,,,,,,,,,,,,,,,,,,,,,,,,,,,,,,,,,,,,,,,30,0.1,
20,Player/Npcs/Prefabs/boss010.prefab,,Huyền Thiên Võ Cơ,,,,3,0.5,20,0.1,6,0.1,20,,0,,,19,0.1,19,0.1,,0.1,15,0.1,,12,0.2,,30,0.1,,30,0.1,,30,0.1,20,0.1,,0.15,15,0.1,,17,0.08,,0.1,,0.1,30,0.09,,0.15,,0.15,,0.15,,0.15,,,,0.15,18,0.08,,,,,,,,,,,,,,,,,,,,,,,,,,,,,,,,,,,,,,,,,,,,,,,,,,,,,,,,,,,,,,,,,,,,,,,30,0.1,
21,Player/Npcs/Prefabs/boss011.prefab,,Thượng Quan Phi Long,,,,2.5,0.5,20,0.1,6,0.1,20,,0,,,20,0.1,20,0.1,,0.1,15,0.1,,12,0.2,,30,0.1,,30,0.1,,30,0.1,20,0.1,22,0.15,15,0.1,,18,0.08,,0.1,,0.1,30,0.09,,0.15,,0.15,,0.15,,0.15,,,,0.15,18,0.08,,,,,,,,,,,,,,,,,,,,,,,,,,,,,,,,,,,,,,,,,,,,,,,,,,,,,,,,,,,,,,,,,,,,,,,30,0.1,
22,Player/Npcs/Prefabs/boss012.prefab,,Hồ Thần Y,,,,2.5,0.5,20,0.1,6,0.1,18,,0,,,18,0.1,18,0.1,,0.1,15,0.1,,12,0.2,,30,0.1,,30,0.1,,30,0.1,20,0.1,,0.15,15,0.1,,15,0.08,,0.1,,0.1,30,0.09,,0.15,,0.15,,0.15,,0.15,,,,0.15,18,0.08,,,,,,,,,,,,,,,,,,,,,,,,,,,,,,,,,,,,,,,,,,,,,,,,,,,,,,,,,,,,,,,,,,,,,,,30,0.1,
23,Player/Npcs/Prefabs/boss013.prefab,,Đường Tiêu,,,,2.5,0.5,20,0.1,6,0.1,18,,0,,,16,0.1,16,0.1,,0.1,15,0.1,,12,0.2,,30,0.1,,30,0.1,,30,0.1,20,0.1,,0.15,15,0.1,,15,0.08,,0.1,,0.1,30,0.09,,0.15,,0.15,,0.15,,0.15,,,,0.15,18,0.08,,,,,,,,,,,,,,,,,,,,,,,,,,,,,,,,,,,,,,,,,,,,,,,,,,,,,,,,,,,,,,,,,,,,,,,30,0.1,
24,Player/Npcs/Prefabs/boss014.prefab,,Người Bí Ẩn,,,,2.5,0.5,20,0.1,6,0.1,20,,0,,,18,0.1,18,0.1,,0.1,15,0.1,,12,0.2,,30,0.1,,30,0.1,,30,0.1,20,0.1,,0.15,15,0.1,,15,0.08,,0.1,,0.1,30,0.09,,0.15,,0.15,,0.15,,0.15,,,,0.15,18,0.08,,,140,0.08,,,,,,,,,,,,,,,,,,,,,,,,,,,,,,,,,,,,,,,,,,,,,,,,,,,,,,,,,,,,,,,,,,,30,0.1,
25,Player/Npcs/Prefabs/boss015.prefab,61,Ngao Bái,,,,2.5,0.5,20,0.1,6,0.1,16,,0,,,20,0.1,20,0.1,,0.1,15,0.1,,12,0.2,,30,0.1,,30,0.1,,30,0.1,20,0.1,,0.15,15,0.1,,15,0.08,,0.1,,0.1,30,0.09,,0.15,,0.15,,0.15,,0.15,,,,0.15,18,0.08,,,,,,,,,,,,,,,,,,,,,,,,,,,,,,,,,,,,,,,,,,,,,,,,,,,,,,,,,,,,,,,,,,,,,,,30,0.1,
26,Player/Npcs/Prefabs/boss016.prefab,,Cửu Vĩ Hồ Vương,,,,2.5,0.5,20,0.1,6,0.1,20,,0,,,20,0.1,20,0.1,,0.1,15,0.1,,12,0.2,,30,0.1,,30,0.1,,30,0.1,20,0.1,,0.15,15,0.1,,15,0.08,,0.1,,0.1,30,0.09,,0.15,,0.15,,0.15,,0.15,,,,0.15,18,0.08,,,,,,,,,,,,,,,,,,,,,,,,,,,,,,,,,,,,,,,,,,,,,,,,,,,,,,,,,,,,,,,,,,,,,,,30,0.1,
27,Player/Npcs/Prefabs/boss017.prefab,65,Nam Cung Phi,,,,2.5,0.5,20,0.1,6,0.1,20,,0,,,20,0.1,20,0.1,,0.1,15,0.1,,12,0.2,,30,0.1,,30,0.1,,30,0.1,20,0.1,,0.15,15,0.1,,15,0.08,,0.1,,0.1,30,0.09,,0.15,,0.15,,0.15,,0.15,,,,0.15,18,0.08,,,,,,,,,,,,,,,,,,,,,,,,,,,,,,,,,,,,,,,,,,,,,,,,,,,,,,,,,,,,,,,,,,,,,,,30,0.1,
28,Player/Npcs/Prefabs/boss018.prefab,,Hàn Ngọc Lộc Vương,,,,2.5,0.5,20,0.1,6,0.1,15,,0,,,17,0.1,17,0.1,,0.1,15,0.1,,9,0.2,,30,0.1,,30,0.1,,30,0.1,20,0.1,,0.15,20,0.1,,16,0.08,,0.1,,0.1,30,0.09,,0.15,,0.15,,0.15,,0.15,,,,0.15,18,0.08,,,,,,,,,,,,,,,,,,,,,,,,,,,,,,,,,,,,,,,,,,,,,,,,,,,,,,,,,,,,,,,,,,,,,,,30,0.1,
29,Player/Npcs/Prefabs/boss019.prefab,,Đại Địa Lang Vương,,,,2.5,0.5,20,0.1,6,0.1,20,,0,,,20,0.1,20,0.1,,0.1,15,0.1,,12,0.2,,30,0.1,,30,0.1,,30,0.1,20,0.1,,0.15,15,0.1,,15,0.08,,0.1,,0.1,30,0.09,,0.15,,0.15,,0.15,,0.15,,,,0.15,18,0.08,,,,,,,,,,,,,,,,,,,,,,,,,,,,,,,,,,,,,,,,,,,,,,,,,,,,,,,,,,,,,,,,,,,,,,,30,0.1,
30,Player/Npcs/Prefabs/boss020.prefab,,Bôn Diệm Báo Vương,,,,2.5,0.5,20,0.1,6,0.1,20,,0,,,20,0.1,20,0.1,,0.1,15,0.1,,12,0.2,,30,0.1,,30,0.1,,30,0.1,20,0.1,,0.15,15,0.1,,15,0.08,,0.1,,0.1,30,0.09,,0.15,,0.15,,0.15,,0.15,,,,0.15,18,0.08,,,,,,,,,,,,,,,,,,,,,,,,,,,,,,,,,,,,,,,,,,,,,,,,,,,,,,,,,,,,,,,,,,,,,,,30,0.1,
31,Player/Npcs/Prefabs/boss021.prefab,,Hoàn Nhan Hồng Liệt,,,,2.5,0.5,20,0.1,6,0.1,20,,0,,,30,0.1,16,0.1,,0.1,16,0.1,,12,0.2,,30,0.1,,30,0.1,,30,0.1,20,0.1,,0.15,15,0.1,,15,0.08,,0.1,,0.1,30,0.09,,0.15,,0.15,,0.15,,0.15,,,,0.15,18,0.08,,,,,,,,,,,,,,,,,,,,,,,,,,,,,,,,,,,,,,,,,,,,,,,,,,,,,,,,,,,,,,,,,,,,,,,30,0.1,
32,Player/Npcs/Prefabs/boss022.prefab,,Độc Cô Kiếm,,,,2.5,0.5,20,0.1,6,0.1,20,,0,,,30,0.1,16,0.1,,0.1,16,0.1,,12,0.2,,30,0.1,,30,0.1,,30,0.1,20,0.1,,0.15,15,0.1,,18,0.08,,0.1,,0.1,30,0.09,,0.15,,0.15,,0.15,,0.15,,,,0.15,18,0.08,,,,,,,,,,,,,,,,,,,,,,,,,,,,,,,,,,,,,,,,,,,,,,,,,,,,,,,,,,,,,,,,,,,,,,,30,0.1,
34,Player/Npcs/Prefabs/boss024.prefab,,Song Thủ Dị Thú,,,,2.5,0.5,20,0.1,13,0.1,20,,0,,,30,0.1,16,0.1,,0.1,16,0.1,,12,0.2,,30,0.1,,30,0.1,,30,0.1,20,0.1,,0.15,15,0.1,,15,0.08,,0.1,,0.1,30,0.09,,0.15,,0.15,,0.15,,0.15,,,,0.15,18,0.08,,,,,,,,,,,,,,,,,,,,,,,,,,,,,,,,,,,,,,,,,,,,,,,,,,,,,,,,,,,,,,,,,,,,,,,30,0.1,
35,Player/Npcs/Prefabs/boss025.prefab,,Bạch Mi Hầu Vương,,,,2.5,0.5,20,0.1,6,0.1,20,,0,,,30,0.1,16,0.1,,0.1,16,0.1,,12,0.2,,30,0.1,,30,0.1,,30,0.1,20,0.1,,0.15,15,0.1,,15,0.08,,0.1,,0.1,30,0.09,,0.15,,0.15,,0.15,,0.15,,,,0.15,18,0.08,,,,,,,,,,,,,,,,,,,,,,,,,,,,,,,,,,,,,,,,,,,,,,,,,,,,,,,,,,,,,,,,,,,,,,,30,0.1,
36,Player/Npcs/Prefabs/boss026.prefab,,Kim Sí Bằng Hoàng,,,,2.5,0.5,20,0.1,6,0.1,20,,0,,,30,0.1,16,0.1,,0.1,16,0.1,,12,0.2,,30,0.1,,30,0.1,,30,0.1,20,0.1,,0.15,15,0.1,,15,0.08,,0.1,,0.1,30,0.09,,0.15,,0.15,,0.15,,0.15,,,,0.15,18,0.08,,,,,,,,,,,,,,,,,,,,,,,,,,,,,,,,,,,,,,,,,,,,,,,,,,,,,,,,,,,,,,,,,,,,,,,30,0.1,
37,Player/Npcs/Prefabs/boss027.prefab,,Hám Thiên Hùng Hoàng,,,,3,0.5,20,0.1,6,0.1,20,,0,,,30,0.1,16,0.1,,0.1,16,0.1,,12,0.2,,30,0.1,,30,0.1,,30,0.1,20,0.1,,0.15,15,0.1,,15,0.08,,0.1,,0.1,30,0.09,,0.15,,0.15,,0.15,,0.15,,,,0.15,18,0.08,,,,,,,,,,,,,,,,,,,,,,,,,,,,,,,,,,,,,,,,,,,,,,,,,,,,,,,,,,,,,,,,,,,,,,,30,0.1,
38,Player/Npcs/Prefabs/boss028.prefab,,Ngân Giác Tê Hoàng,,,,2.5,0.5,20,0.1,6,0.1,20,,0,,,30,0.1,16,0.1,,0.1,16,0.1,,12,0.2,,30,0.1,,30,0.1,,30,0.1,20,0.1,,0.15,15,0.1,,15,0.08,,0.1,,0.1,30,0.09,,0.15,,0.15,,0.15,,0.15,,,,0.15,18,0.08,,,,,,,,,,,,,,,,,,,,,,,,,,,,,,,,,,,,,,,,,,,,,,,,,,,,,,,,,,,,,,,,,,,,,,,30,0.1,
39,Player/Npcs/Prefabs/boss029.prefab,66,Xích Tinh Hổ Hoàng,,,,2.5,0.5,20,0.1,6,0.1,20,,0,,,30,0.1,16,0.1,,0.1,16,0.1,,12,0.2,,30,0.1,,30,0.1,,30,0.1,20,0.1,,0.15,15,0.1,,15,0.08,,0.1,,0.1,30,0.09,,0.15,,0.15,,0.15,,0.15,,,,0.15,18,0.08,,,,,,,,,,,,,,,,,,,,,,,,,,,,,,,,,,,,,,,,,,,,,,,,,,,,,,,,,,,,,,,,,,,,,,,30,0.1,
40,Player/Npcs/Prefabs/boss030.prefab,,Định Hải Kim Cang,,,,2.5,0.5,20,0.1,6,0.1,20,,0,,,30,0.1,16,0.1,,0.1,16,0.1,,12,0.2,,30,0.1,,30,0.1,,30,0.1,20,0.1,,0.15,15,0.1,,15,0.08,,0.1,,0.1,30,0.09,,0.15,,0.15,,0.15,,0.15,,,,0.15,18,0.08,,,,,,,,,,,,,,,,,,,,,,,,,,,,,,,,,,,,,,,,,,,,,,,,,,,,,,,,,,,,,,,,,,,,,,,30,0.1,
41,Player/Npcs/Prefabs/boss031.prefab,203,Tử Bối Ngạc Hoàng,,,,2.5,0.5,20,0.1,6,0.1,15,,0,,,30,0.1,16,0.1,,0.1,16,0.1,,8,0.2,,30,0.1,,30,0.1,,30,0.1,20,0.1,,0.15,17,0.1,,15,0.08,,0.1,,0.1,30,0.09,,0.15,,0.15,,0.15,,0.15,,,,0.15,18,0.08,,,,,,,,,,,,,,,,,,,,,,,,,,,,,,,,,,,,,,,,,,,,,,,,,,,,,,,,,,,,,,,,,,,,,,,30,0.1,
42,Player/Npcs/Prefabs/boss032.prefab,64,Băng Lân Tích Hoàng,,,,2.5,0.5,20,0.1,6,0.1,15,,0,,,17,0.1,17,0.1,,0.1,15,0.1,,9,0.2,,30,0.1,,30,0.1,,30,0.1,20,0.1,,0.15,20,0.1,,16,0.08,,0.1,,0.1,30,0.09,,0.15,,0.15,,0.15,,0.15,,,,0.15,18,0.08,,,,,,,,,,,,,,,,,,,,,,,,,,,,,,,,,,,,,,,,,,,,,,,,,,,,,,,,,,,,,,,,,,,,,,,30,0.1,
43,Player/Npcs/Prefabs/boss033.prefab,63,Ngân Câu Hạt Hoàng,,,,2.5,0.5,20,0.1,6,0.1,20,,0,,,20,0.1,20,0.1,,0.1,15,0.1,,12,0.2,,30,0.1,,30,0.1,,30,0.1,20,0.1,,0.15,15,0.1,,15,0.08,,0.1,,0.1,30,0.09,,0.15,,0.15,,0.15,,0.15,,,,0.15,18,0.08,,,,,,,,,,,,,,,,,,,,,,,,,,,,,,,,,,,,,,,,,,,,,,,,,,,,,,,,,,,,,,,,,,,,,,,30,0.1,
44,Player/Npcs/Prefabs/boss034.prefab,,Cuồng Tông Ngao Hoàng,,,,2.5,0.5,20,0.1,6,0.1,20,,0,,,20,0.1,20,0.1,,0.1,15,0.1,,12,0.2,,30,0.1,,30,0.1,,30,0.1,20,0.1,,0.15,15,0.1,,15,0.08,,0.1,,0.1,30,0.09,,0.15,,0.15,,0.15,,0.15,,,,0.15,18,0.08,,,,,,,,,,,,,,,,,,,,,,,,,,,,,,,,,,,,,,,,,,,,,,,,,,,,,,,,,,,,,,,,,,,,,,,30,0.1,
45,Player/Npcs/Prefabs/boss035.prefab,64,Cự Ngao Phong Hậu,,,,2.5,0.5,20,0.1,6,0.1,20,,0,,,20,0.1,20,0.1,,0.1,15,0.1,,12,0.2,,30,0.1,,30,0.1,,30,0.1,20,0.1,,0.15,15,0.1,,15,0.08,,0.1,,0.1,30,0.09,,0.15,,0.15,,0.15,,0.15,,,,0.15,18,0.08,,,,,,,,,,,,,,,,,,,,,,,,,,,,,,,,,,,,,,,,,,,,,,,,,,,,,,,,,,,,,,,,,,,,,,,30,0.1,
46,Player/Npcs/Prefabs/boss036.prefab,65,Long Văn Sư Vương,,,,2.5,0.5,20,0.1,6,0.1,20,,0,,,20,0.1,20,0.1,,0.1,15,0.1,,12,0.2,,30,0.1,,30,0.1,,30,0.1,20,0.1,,0.15,20,0.1,,20,0.08,,0.1,,0.1,30,0.09,,0.15,,0.15,,0.15,,0.15,,,,0.15,18,0.08,,,,,,,,,,,,,,,,,,,,,,,,,,,,,,,,,,,,,,,,,,,,,,,,,,,,,,,,,,,,,,,,,,,,,,,30,0.1,
101,Player/Npcs/Prefabs/npc_001.prefab,,Từ Thiết Tâm,,,,1.75,0.5,16,0.1,6,0.1,24,,0,,,30,0.1,22,0.5,,0.1,15,0.1,,16,0.2,,30,0.2,,30,0.2,,30,0.2,16,0.2,,0.15,18,0.1,900101,,0.08,,0.1,,0.1,33,0.09,30,0.1,30,0.05,5,0.15,,0.15,,,,0.15,,0.08,,,,,,,,,,,,,,,,,,,,,,,,,,,,,,,,,,,,,,,,,,,,,,,,,,,,,,,,,,,,,,,,,,,,,,,30,0.2,
102,Player/Npcs/Prefabs/npc_002.prefab,,Đơn Tinh Tinh,,,,1.75,0.5,16,0.1,6,0.1,21,,0,,,30,0.1,17,0.5,,0.1,15,0.1,,14,0.2,,30,0.2,,30,0.2,,30,0.2,18,0.2,,0.15,18,0.1,,,0.08,,0.1,,0.1,,0.09,,0.15,,0.15,,0.15,,0.15,,,,0.15,,0.08,,,,,,,,,,,,,,,,,,,,,,,,,,,,,,,,,,,,,,,,,,,,,,,,,,,,,,,,,,,,,,,,,,,,,,,30,0.2,
103,Player/Npcs/Prefabs/npc_152.prefab,,Tường Vi-Mới,,,,1.9,0.5,16,0.1,6,0.1,13,,0,,,18,0.5,18,0.5,,0.1,15,0.1,,12,0.2,,30,0.2,,30,0.2,,30,0.2,18,0.2,23,0.15,15,0.1,,,0.08,,0.1,,0.1,50,0.09,,0.15,,0.15,,0.15,,0.15,,,,0.15,,0.08,,,,,,,,,,,,,,,,,,,,,,,,,,,,,,,,,,,,,,,,,,,,,,,,,,,,,,,,,,,,,,,,,,,,,,,30,0.2,
104,Player/Npcs/Prefabs/npc_004.prefab,,Hồng Y Nữ Đồng,,,,1.75,0.5,16,0.1,6,0.1,31,,0,,,30,0.1,16,0.5,,0.1,15,0.1,,11,0.2,,30,0.2,,30,0.2,,30,0.2,20,0.2,13,0.15,17,0.1,900401,,0.08,,0.1,,0.1,,0.09,,0.15,,0.15,,0.15,,0.15,,,,0.15,,0.08,,,,,,,,,,,,,,,,,,,,,,,,,,,,,,,,,,,,,,,,,,,,,,,,,,,,,,,,,,,,,,,,,,,,,,,30,0.2,
105,Player/Npcs/Prefabs/npc_005.prefab,,Ninh Tố Tâm,,,,1.75,0.5,16,0.1,6,0.1,14,,0,,,30,0.1,13,0.5,,0.1,15,0.1,,12,0.2,,30,0.2,,30,0.2,,30,0.2,18,0.2,,0.15,15,0.1,,,0.08,,0.1,,0.1,,0.09,,0.15,,0.15,,0.15,,0.15,,,,0.15,,0.08,,,,,,,,,,,,,,,,,,,,,,,,,,,,,,,,,,,,,,,,,,,,,,,,,,,,,,,,,,,,,,,,,,,,,,,30,0.2,
106,Player/Npcs/Prefabs/npc_006.prefab,,Phong Lâm Vệ,,,,1.9,0.5,16,0.1,6,0.1,20,,0,,,30,0.1,16,0.5,,0.1,15,0.1,,10,0.2,,30,0.2,,30,0.2,,30,0.2,20,0.2,,0.15,15,0.1,,22,0.08,,0.1,,0.1,,0.09,,0.15,,0.15,,0.15,,0.15,,,,0.15,,0.08,,,,,,,,,,,,,,,,,,,,,,,,,,,,,,,,,,,,,,,,,,,,,,,,,,,,,,,,,,,,,,,,,,,,,,,30,0.2,
107,Player/Npcs/Prefabs/npc_007.prefab,,Quan Viên,,,,1.9,0.5,15,0.1,6,0.1,32,,0,,,15,0.5,15,0.5,,0.1,15,0.1,,10,0.2,,30,0.2,,30,0.2,,30,0.2,20,0.2,,0.15,18,0.1,,,0.08,,0.1,,0.1,,0.09,,0.15,,0.15,,0.15,,0.15,,,,0.15,,0.08,,,,,,,,,,,,,,,,,,,,,,,,,,,,,,,,,,,,,,,,,,,,,,,,,,,,,,,,,,,,,,,,,,,,,,,30,0.2,
108,Player/Npcs/Prefabs/npc_008.prefab,,Hồng Anh Thị,,,,1.9,0.5,15,0.1,6,0.1,24,,0,,,30,0.1,15,0.5,,0.1,15,0.1,,10,0.2,,30,0.2,,30,0.2,,30,0.2,20,0.2,,0.15,18,0.1,900801,23,0.08,,0.1,,0.1,,0.09,,0.15,,0.15,,0.15,,0.15,,,,0.15,23,0.08,,,,,,,,,,,,,,,,,,,,,,,,,,,,,,,,,,,,,,,,,,,,,,,,,,,,,,,,,,,,,,,,,,,,,,,30,0.2,
109,Player/Npcs/Prefabs/npc_009.prefab,,Bò Cạp Tím,,,,1.75,0.5,5,0.1,6,0.1,23,,0,,,17,0.5,17,0.5,,0.1,15,0.1,,8,0.2,,30,0.2,,30,0.2,,30,0.2,20,0.2,,0.15,14,0.1,,,0.08,,0.1,,0.1,,0.09,,0.15,,0.15,,0.15,,0.15,,,,0.15,,0.08,,,,,,,,,,,,,,,,,,,,,,,,,,,,,,,,,,,,,,,,,,,,,,,,,,,,,,,,,,,,,,,,,,,,,,,30,0.2,
110,Player/Npcs/Prefabs/npc_010.prefab,,Hỏa Hồ,,,,1.75,0.5,5,0.1,6,0.1,41,,0,,,23,0.5,23,0.5,,0.1,15,0.1,,8,0.2,,30,0.2,,30,0.2,,30,0.2,15,0.2,,0.15,15,0.1,,,0.08,,0.1,,0.1,,0.09,,0.15,,0.15,,0.15,,0.15,,,,0.15,,0.08,,,,,,,,,,,,,,,,,,,,,,,,,,,,,,,,,,,,,,,,,,,,,,,,,,,,,,,,,,,,,,,,,,,,,,,30,0.2,
111,Player/Npcs/Prefabs/npc_011.prefab,,Kim Tiền Báo,,,,1.75,0.5,15,0.1,6,0.1,21,,0,,,24,0.5,24,0.5,,0.1,15,0.1,,8,0.2,,30,0.2,,30,0.2,,30,0.2,20,0.2,,0.15,20,0.1,,,0.08,,0.1,,0.1,,0.09,,0.15,,0.15,,0.15,,0.15,,,,0.15,,0.08,,,,,,,,,,,,,,,,,,,,,,,,,,,,,,,,,,,,,,,,,,,,,,,,,,,,,,,,,,,,,,,,,,,,,,,30,0.2,
112,Player/Npcs/Prefabs/npc_012.prefab,,Nhện,,,,1.75,0.5,16,0.1,6,0.1,38,,0,,,18,0.5,18,0.5,,0.1,15,0.1,,4,0.2,,30,0.2,,30,0.2,,30,0.2,30,0.2,,0.15,17,0.1,,,0.08,,0.1,,0.1,,0.09,,0.15,,0.15,,0.15,,0.15,,,,0.15,,0.08,,,,,,,,,,,,,,,,,,,,,,,,,,,,,,,,,,,,,,,,,,,,,,,,,,,,,,,,,,,,,,,,,,,,,,,30,0.2,
113,Player/Npcs/Prefabs/npc_013.prefab,,1. Ô Nha 2. Ưng,,,,5,0.5,16,0.1,6,0.1,14,,0,,,18,0.5,18,0.5,,0.1,15,0.1,,15,0.2,,30,0.2,,30,0.2,,30,0.2,15,0.2,,0.15,15,0.1,,,0.08,,0.1,,0.1,,0.09,,0.15,,0.15,,0.15,,0.15,,,,0.15,,0.08,,,,,,,,,,,,,,,,,,,,,,,,,,,,,,,,,,,,,,,,,,,,,,,,,,,,,,,,,,,,,,,,,,,,,,,30,0.2,
114,Player/Npcs/Prefabs/npc_014.prefab,,Mãnh Hổ,,,,1.75,0.5,16,0.1,6,0.1,12,,0,,,1,0.5,1,0.5,,0.1,15,0.1,,10,0.2,,30,0.2,,30,0.2,,30,0.2,15,0.2,,0.15,20,0.1,901401,,0.08,,0.1,,0.1,,0.09,,0.15,,0.15,,0.15,,0.15,,,,0.15,,0.08,,,,,,,,,,,,,,,,,,,,,,,,,,,,,,,,,,,,,,,,,,,,,,,,,,,,,,,,,,,,,,,,,,,,,,,30,0.2,
115,Player/Npcs/Prefabs/npc_015.prefab,,Sói Xám,,,,1.75,0.5,16,0.1,6,0.1,13,,0,,,1,0.5,1,0.5,,0.1,15,0.1,,8,0.2,,30,0.2,,30,0.2,,30,0.2,20,0.2,,0.15,22,0.1,,12,0.08,,0.1,,0.1,30,0.09,,0.15,,0.15,,0.15,,0.15,,,,0.15,,0.08,,,,,,,,,,,,,,,,,,,,,,,,,,,,,,,,,,,,,,,,,,,,,,,,,,,,,,,,,,,,,,,,,,,,,,,30,0.2,
116,Player/Npcs/Prefabs/npc_016.prefab,,Gấu Đen,,,,1.75,0.5,16,0.1,6,0.1,18,,0,,,10,0.5,10,0.5,,0.1,15,0.1,,12,0.2,,30,0.2,,30,0.2,,30,0.2,20,0.2,,0.15,10,0.1,,,0.08,,0.1,,0.1,,0.09,,0.15,,0.15,,0.15,,0.15,,,,0.15,,0.08,,,,,,,,,,,,,,,,,,,,,,,,,,,,,,,,,,,,,,,,,,,,,,,,,,,,,,,,,,,,,,,,,,,,,,,30,0.2,
117,Player/Npcs/Prefabs/npc_017.prefab,,Khỉ,,,,1.75,0.5,16,0.1,6,0.1,15,,0,,,18,0.5,18,0.5,,0.1,15,0.1,,6,0.2,,30,0.2,,30,0.2,,30,0.2,20,0.2,,0.15,15,0.1,,,0.08,,0.1,,0.1,,0.09,,0.15,,0.15,,0.15,,0.15,,,,0.15,,0.08,,,,,,,,,,,,,,,,,,,,,,,,,,,,,,,,,,,,,,,,,,,,,,,,,,,,,,,,,,,,,,,,,,,,,,,30,0.2,
118,Player/Npcs/Prefabs/npc_018.prefab,,Nguyệt Minh Dao,,,,1.85,0.5,16,0.1,6,0.1,20,,0,,,11,0.5,11,0.5,,0.1,15,0.1,,11,0.2,,30,0.2,,30,0.2,,30,0.2,20,0.2,,0.15,17,0.1,,19,0.08,,0.1,,0.1,,0.09,,0.15,,0.15,,0.15,,0.15,,,,0.15,,0.08,,,,,,,,,,,,,,,,,,,,,,,,,,,,,,,,,,,,,,,,,,,,,,,,,,,,,,,,,,,,,,,,,,,,,,,30,0.2,
119,Player/Npcs/Prefabs/npc_019.prefab,,Đường Ảnh,,,,1.85,0.5,16,0.1,6,0.1,19,,0,,,17,0.5,17,0.5,,0.1,15,0.1,,11,0.2,,30,0.2,,30,0.2,,30,0.2,20,0.2,16,0.15,16,0.1,,18,0.08,,0.1,,0.1,,0.09,,0.15,,0.15,,0.15,,0.15,,,,0.15,,0.08,,,,,,,,,,,,,,,,,,,,,,,,,,,,,,,,,,,,,,,,,,,,,,,,,,,,,,,,,,,,,,,,,,,,,,,30,0.2,
120,Player/Npcs/Prefabs/npc_020.prefab,,1. Đệ Tử Tiêu Dao Phái 2. Môn Đồ Bị Đuổi,,,,1.75,0.5,16,0.1,6,0.1,14,,0,,,16,0.5,16,0.5,,0.1,15,0.1,,10,0.2,,30,0.2,,30,0.2,,30,0.2,20,0.2,,0.15,12,0.1,,13,0.08,,0.1,,0.1,,0.09,,0.15,,0.15,,0.15,,0.15,,,,0.15,,0.08,,,,,,,,,,,,,,,,,,,,,,,,,,,,,,,,,,,,,,,,,,,,,,,,,,,,,,,,,,,,,,,,,,,,,,,30,0.2,
121,Player/Npcs/Prefabs/npc_021.prefab,,,,,,2.5,0.5,16,0.1,6,0.1,14,,0,,,12,0.5,12,0.5,,0.1,15,0.1,,10,0.2,,30,0.2,,30,0.2,,30,0.2,20,0.2,22,0.15,13,0.1,,20,0.08,,0.1,,0.1,,0.09,,0.15,,0.15,,0.15,,0.15,,,,0.15,,0.08,,,88,0.08,,,,,,,,,,,,,,,,,,,,,,,,,,,,,,,,,,,,,,,,,,,,,,,,,,,,,,,,,,,,,,,,,,,30,0.2,
122,Player/Npcs/Prefabs/npc_022.prefab,,Gia Luật Tị Li,,,,2.5,0.5,16,0.1,6,0.1,14,,0,,,16,0.5,16,0.5,,0.1,15,0.1,,10,0.2,,30,0.2,,30,0.2,,30,0.2,20,0.2,32,0.15,15,0.1,,20,0.08,,0.1,,0.1,,0.09,,0.15,,0.15,,0.15,,0.15,,,,0.15,,0.08,,,,,,,,,,,,,,,,,,,,,,,,,,,,,,,,,,,,,,,,,,,,,,,,,,,,,,,,,,,,,,,,,,,,,,,30,0.2,
123,Player/Npcs/Prefabs/npc_023.prefab,,Thủy Tặc,,,,1.75,0.5,16,0.1,6,0.1,20,,0,,,30,0.1,15,0.5,,0.1,15,0.1,,10,0.2,,30,0.2,,30,0.2,,30,0.2,20,0.2,20,0.15,14,0.1,902301,18,0.08,,0.1,,0.1,,0.09,,0.15,,0.15,,0.15,,0.15,,,,0.15,,0.08,,,,,,,,,,,,,,,,,,,,,,,,,,,,,,,,,,,,,,,,,,,,,,,,,,,,,,,,,,,,,,,,,,,,,,,30,0.2,
124,Player/Npcs/Prefabs/npc_024.prefab,,1. Đông Doanh Nhẫn Giả 2. Thích Khách,,,,1.75,0.5,16,0.1,6,0.1,20,,0,,,30,0.1,12,0.5,,0.1,15,0.1,,10,0.2,,30,0.2,,30,0.2,,30,0.2,20,0.2,13,0.4,15,0.1,902401,18,0.08,,0.1,,0.1,,0.09,,0.15,,0.15,,0.15,,0.15,,,,0.15,,0.08,,,,,,,,,,,,,,,,,,,,,,,,,,,,,,,,,,,,,,,,,,,,,,,,,,,,,,,,,,,,,,,,,,,,,,,30,0.2,
125,Player/Npcs/Prefabs/npc_025.prefab,201,Tiểu Võ,,,,1.75,0.5,16,0.1,6,0.1,18,,0,,,18,0.5,18,0.5,,0.1,15,0.1,,12,0.2,,30,0.2,,30,0.2,,30,0.2,20,0.2,26,0.4,15,0.1,902501,20,0.08,,0.1,,0.1,,0.09,,0.15,,0.15,,0.15,,0.15,,,,0.15,,0.08,,,,,,,,,,,,,,,,,,,,,,,,,,,,,,,,,,,,,,,,,,,,,,,,,,,,,,,,,,,,,,,,,,,,,,,30,0.2,
126,Player/Npcs/Prefabs/npc_026.prefab,,Nam Cung Thái Hồng,,,,1.75,0.5,16,0.1,6,0.1,15,,0,,,15,0.5,15,0.5,,0.1,15,0.1,,12,0.2,,30,0.2,,30,0.2,,30,0.2,20,0.2,42,0.4,12,0.1,,18,0.08,,0.1,,0.1,,0.09,,0.15,,0.15,,0.15,,0.15,,,,0.15,,0.08,,,,,,,,,,,,,,,,,,,,,,,,,,,,,,,,,,,,,,,,,,,,,,,,,,,,,,,,,,,,,,,,,,,,,,,30,0.2,
127,Player/Npcs/Prefabs/npc_027.prefab,,Triệu Vô Song,,,,1.75,0.5,16,0.1,6,0.1,13,,0,,,15,0.5,15,0.5,,0.1,15,0.1,,12,0.2,,30,0.2,,30,0.2,,30,0.2,20,0.2,13,0.4,11,0.1,,22,0.08,,0.1,,0.1,,0.09,,0.15,,0.15,,0.15,,0.15,,,,0.15,,0.08,,,,,,,,,,,,,,,,,,,,,,,,,,,,,,,,,,,,,,,,,,,,,,,,,,,,,,,,,,,,,,,,,,,,,,,30,0.2,
129,Player/Npcs/Prefabs/npc_029.prefab,61,Nam Cung Diệt,,,,3,0.5,16,0.1,6,0.1,20,,0,,,15,0.5,15,0.5,,0.1,15,0.1,,10,0.2,,30,0.2,,30,0.2,,30,0.2,20,0.2,39,0.4,20,0.1,,20,0.08,,0.1,,0.1,35,0.09,,0.15,,0.15,,0.15,,0.15,,,,0.15,,0.08,,,,,,,,,,,,,,,,,,,,,,,,,,,,,,,,,,,,,,,,,,,,,,,,,,,,,,,,,,,,,,,,,,,,,,,30,0.2,
130,Player/Npcs/Prefabs/npc_030.prefab,,Hàn Thế Trung,,,,1.75,0.5,16,0.1,6,0.1,15,,0,,,14,0.5,14,0.5,,0.1,18,0.1,,12,0.2,,30,0.2,,30,0.2,,30,0.2,20,0.2,34,0.4,15,0.1,,15,0.08,,0.1,,0.1,,0.09,,0.15,,0.15,,0.15,,0.15,,,,0.15,,0.08,,,,,,,,,,,,,,,,,,,,,,,,,,,,,,,,,,,,,,,,,,,,,,,,,,,,,,,,,,,,,,,,,,,,,,,30,0.2,
131,Player/Npcs/Prefabs/npc_031.prefab,,Tử Hiên,,,,1.75,0.5,16,0.1,6,0.1,16,,0,,,14,0.5,14,0.5,,0.1,15,0.1,,9,0.2,,30,0.2,,30,0.2,,30,0.2,20,0.2,43,0.4,15,0.1,,14,0.08,,0.1,,0.1,,0.09,,0.15,,0.15,,0.15,,0.15,,,,0.15,,0.08,,,,,,,,,,,,,,,,,,,,,,,,,,,,,,,,,,,,,,,,,,,,,,,,,,,,,,,,,,,,,,,,,,,,,,,30,0.2,
132,Player/Npcs/Prefabs/npc_032.prefab,,Sài Tung,,,,1.75,0.5,16,0.1,6,0.1,15,,0,,,15,0.5,15,0.5,,0.1,15,0.1,,12,0.2,,30,0.2,,30,0.2,,30,0.2,20,0.2,13,0.4,12,0.1,,15,0.08,,0.1,,0.1,,0.09,,0.15,,0.15,,0.15,,0.15,,,,0.15,,0.08,,,,,,,,,,,,,,,,,,,,,,,,,,,,,,,,,,,,,,,,,,,,,,,,,,,,,,,,,,,,,,,,,,,,,,,30,0.2,
133,Player/Npcs/Prefabs/npc_033.prefab,,Tô Mặc Vân,,,,1.75,0.5,16,0.1,6,0.1,18,,0,,,18,0.5,18,0.5,,0.1,15,0.1,,12,0.2,,30,0.2,,30,0.2,,30,0.2,20,0.2,30,0.05,15,0.1,,15,0.08,,0.1,,0.1,,0.09,,0.15,,0.15,,0.15,,0.15,,,,0.15,,0.08,,,60,,,,,,,,,,,,,,,,,,,,,,,,,,,,,,,,,,,,,,,,,,,,,,,,,,,,,,,,,,,,,,,,,,,,30,0.2,
134,Player/Npcs/Prefabs/npc_034.prefab,,1. Lưu Khấu 2. Thủ Lĩnh Lưu Khấu 3. Đệ Tử Vô Ưu Giáo,,,,1.75,0.5,16,0.1,6,0.1,20,,0,,,30,0.1,16,0.5,,0.1,15,0.1,,12,0.2,,30,0.2,,30,0.2,,30,0.2,20,0.2,13,0.4,15,0.1,,17,0.08,,0.1,,0.1,42,0.09,,0.15,,0.15,,0.15,,0.15,,,,0.15,,0.08,,,,,,,,,,,,,,,,,,,,,,,,,,,,,,,,,,,,,,,,,,,,,,,,,,,,,,,,,,,,,,,,,,,,,,,30,0.2,
135,Player/Npcs/Prefabs/npc_035.prefab,,,,,,1.75,0.5,16,0.1,6,0.1,20,,0,,,20,0.5,20,0.5,,0.1,15,0.1,,12,0.2,,30,0.2,,30,0.2,,30,0.2,20,0.2,38,0.4,15,0.1,,15,0.08,,0.1,,0.1,5,0.09,,0.15,,0.15,,0.15,,0.15,,,,0.15,,0.08,,,,,,,,,,,,,,,,,,,,,,,,,20,0.05,,,,,,,,,,,,,,,,,,,,,,,,,,,,,,,,,,,,,,,,,,,,,30,0.2,
136,Player/Npcs/Prefabs/npc_036.prefab,,1. Cường Đạo 2. Cường Đạo Đầu Mục,,,,1.75,0.5,16,0.1,6,0.1,19,,0,,,30,0.1,19,0.5,,0.1,15,0.1,,12,0.2,,30,0.2,,30,0.2,,30,0.2,20,0.2,13,0.4,15,0.1,,19,0.08,,0.1,,0.1,5,0.09,,0.15,,0.15,,0.15,,0.15,,,,0.15,,0.08,,,,,,,,,,,,,,,,,,,,,,,,,,,,,,,,,,,,,,,,,,,,,,,,,,,,,,,,,,,,,,,,,,,,,,,30,0.2,
137,Player/Npcs/Prefabs/npc_037.prefab,,1. Ngũ Độc Giáo Nữ Tinh Anh 2. Ba Đông Cáp,,,,1.75,0.5,16,0.1,6,0.1,20,,0,,,16,0.5,16,0.5,,0.1,15,0.1,,12,0.2,,30,0.2,,30,0.2,,30,0.2,20,0.2,13,0.4,15,0.1,,17,0.08,,0.1,,0.1,,0.09,,0.15,,0.15,,0.15,,0.15,,,,0.15,,0.08,,,,,,,,,,,,,,,,,,,,,,,,,,,,,,,,,,,,,,,,,,,,,,,,,,,,,,,,,,,,,,,,,,,,,,,30,0.2,
138,Player/Npcs/Prefabs/npc_038.prefab,,Lộ Đạt,,,,1.75,0.5,16,0.1,6,0.1,20,,0,,,17,0.5,17,0.5,,0.1,15,0.1,,12,0.2,,30,0.2,,30,0.2,,30,0.2,20,0.2,13,0.4,15,0.1,,20,0.08,,0.1,,0.1,,0.09,,0.15,,0.15,,0.15,,0.15,,,,0.15,,0.08,,,,,,,,,,,,,,,,,,,,,,,,,,,,,,,,,,,,,,,,,,,,,,,,,,,,,,,,,,,,,,,,,,,,,,,30,0.2,
139,Player/Npcs/Prefabs/npc_039.prefab,,1. Đệ Tử Dược Vương 2. Thợ Mỏ,,,,1.75,0.5,16,0.1,6,0.1,20,,0,,,30,0.1,18,0.5,,0.1,15,0.1,,12,0.2,,30,0.2,,30,0.2,,30,0.2,20,0.2,13,0.4,15,0.1,,15,0.08,,0.1,,0.1,,0.09,,0.15,,0.15,,0.15,,0.15,,,,0.15,,0.08,,,,,,,,,,,,,,,,,,,,,,,,,,,,,,,,,,,,,,,,,,,,,,,,,,,,,,,,,,,,,,,,,,,,,,,30,0.2,
141,Player/Npcs/Prefabs/npc_041.prefab,,Dương Anh,,,,1.75,0.5,16,0.1,6,0.1,20,,0,,,19,0.5,19,0.5,,0.1,15,0.1,,12,0.2,,30,0.2,,30,0.2,,30,0.2,20,0.2,13,0.4,13,0.1,,14,0.08,15,0.1,15,0.1,,0.09,,0.15,,0.15,,0.15,,0.15,,,,0.15,,0.08,,,,,,,,,,,,,,,,,,,,,,,,,,,,,,,,,,,,,,,,,,,,,,,,,,,,,,,,,,,,,,,,,,,,,,,30,0.2,
142,Player/Npcs/Prefabs/npc_042.prefab,,1. Vô Danh Tráng Sĩ 2. Vương Đại Chùy,,,,1.75,0.5,16,0.1,6,0.1,18,,0,,,18,0.5,18,0.5,,0.1,15,0.1,,9,0.2,,30,0.2,,30,0.2,,30,0.2,25,0.2,13,0.4,15,0.1,,15,0.08,,0.1,,0.1,,0.09,,0.15,,0.15,,0.15,,0.15,,,,0.15,,0.08,,,,,,,,,,,,,,,,,,,,,,,,,15,,,,,,,,,,,,,,,,,,,,,,,,,,,,,,,,,,,,,,,,,,,,,,30,0.2,
143,Player/Npcs/Prefabs/npc_043.prefab,,Cố Võ,,,,1.75,0.5,16,0.1,6,0.1,18,,0,,,31,0.1,18,0.5,,0.1,15,0.1,,12,0.2,,30,0.2,,30,0.2,,30,0.2,20,0.2,13,0.4,15,0.1,,15,0.08,,0.1,,0.1,,0.09,,0.15,,0.15,,0.15,,0.15,,,,0.15,,0.08,,,,,,,,,,,,,,,,,,,30,0.1,,,,,,,,,,,,,,,,,,,,,,,,,,,,,,,,,,,,,,,,,,,,,,,,,,,30,0.2,
144,Player/Npcs/Prefabs/npc_044.prefab,,Lục Văn Long,,,,1.75,0.5,16,0.1,6,0.1,18,,0,,,17,0.5,17,0.5,,0.1,15,0.1,,12,0.2,,30,0.2,,30,0.2,,30,0.2,20,0.2,13,0.4,15,0.1,,15,0.08,,0.1,,0.1,,0.09,,0.15,,0.15,,0.15,,0.15,,,,0.15,,0.08,,,,,,,,,,,,,,,,,,,,,,,,,,,,,,,,,,,,,,,,,,,,,,,,,,,,,,,,,,,,,,,,,,,,,,,30,0.2,
146,Player/Npcs/Prefabs/npc_046.prefab,,1. Lão Lý 2. Vạn Kim Tài,,,,2,0.5,16,0.1,6,0.1,22,,0,,,19,0.5,19,0.5,,0.1,15,0.1,,12,0.2,,30,0.2,,30,0.2,,30,0.2,18,0.2,13,0.4,15,0.1,,15,0.08,,0.1,,0.1,,0.09,,0.15,,0.15,,0.15,,0.15,,,,0.15,,0.08,,,,,,,,,,,,,,,,,,,,,,,,,,,,,,,,,,,,,,,,,,,,,,,,,,,,,,,,,,,,,,,,,,,,,,,30,0.2,
147,Player/Npcs/Prefabs/npc_047.prefab,,Liệp Ưng,,,,1.75,0.5,16,0.1,6,0.1,18,,0,,,18,0.5,18,0.5,,0.1,15,0.1,,12,0.2,,30,0.2,,30,0.2,,30,0.2,20,0.2,13,0.4,15,0.1,,15,0.08,,0.1,,0.1,,0.09,,0.15,,0.15,,0.15,,0.15,,,,0.15,,0.08,,,,,,,,,,,,,,,,,,,,,,,,,,,,,,,,,,,,,,,,,,,,,,,,,,,,,,,,,,,,,,,,,,,,,,,30,0.2,
149,Player/Npcs/Prefabs/npc_049.prefab,,Cao Trường Cung,,,,2.3,0.5,16,0.1,6,0.1,18,,0,,,20,0.1,20,0.5,,0.1,15,0.1,,12,0.2,,30,0.2,,30,0.2,,30,0.2,20,0.2,13,0.4,15,0.1,,15,0.08,,0.1,,0.1,20,0.09,,0.15,,0.15,,0.15,,0.15,,,,0.15,,0.08,,,,,,,,,,,,,,,,,,,,,,,,,,,,,,,,,,,,,,,,,,,,,,,,,,,,,,,,,,,,,,,,,,,,,,,30,0.2,
150,Player/Npcs/Prefabs/npc_050.prefab,,1. Đao Thuẫn Binh 2. Vệ Binh,,,,1.75,0.5,16,0.1,6,0.1,19,,0,,,30,0.1,18,0.5,,0.1,15,0.1,,12,0.2,,30,0.2,,30,0.2,,30,0.2,20,0.2,13,0.4,15,0.1,,15,0.08,,0.1,,0.1,20,0.09,,0.15,,0.15,,0.15,,0.15,,,,0.15,,0.08,,,,,,,,,,,,,,,,,,,,,,,,,20,0.09,,,,,,,,,,,,,,,,,,,,,,,,,,,,,,,,,,,,,,,,,,,,,30,0.2,
151,Player/Npcs/Prefabs/npc_051.prefab,,Liêm Thương Vệ,,,,1.75,0.5,16,0.1,6,0.1,20,,0,,,30,0.1,16,0.5,,0.1,15,0.1,,12,0.2,,30,0.2,,30,0.2,,30,0.2,20,0.2,,0.15,13,0.1,,15,0.08,,0.1,,0.1,,0.09,,0.15,,0.15,,0.15,,0.15,,,,0.15,,0.08,,,,,,,,,,,,,,,,,,,,,,,,,,,,,,,,,,,,,,,,,,,,,,,,,,,,,,,,,,,,,,,,,,,,,,,30,0.2,
152,Player/Npcs/Prefabs/npc_052.prefab,,1. Trường Cung Thủ 2. Sở Thiên Bá,,,,1.75,0.5,16,0.1,6,0.1,20,,0,,,30,0.1,18,0.5,,0.1,15,0.1,,12,0.2,,30,0.2,,30,0.2,,30,0.2,20,0.2,,0.15,17,0.1,,19,0.08,,0.1,,0.1,,0.09,,0.15,,0.15,,0.15,,0.15,,,,0.15,,0.08,,,,,,,,,,,,,,,,,,,,,,,,,,,,,,,,,,,,,,,,,,,,,,,,,,,,,,,,,,,,,,,,,,,,,,,30,0.2,
153,Player/Npcs/Prefabs/npc_053.prefab,,Triệu Tiết,,,,1.75,0.5,16,0.1,6,0.1,18,,0,,,18,0.5,18,0.5,,0.1,15,0.1,,12,0.2,,30,0.2,,30,0.2,,30,0.2,20,0.2,20,0.15,15,0.1,,16,0.08,,0.1,,0.1,,0.09,,0.15,,0.15,,0.15,,0.15,,,,0.15,,0.08,,,,,,,,,,,,,,,,,,,,,,,,,,,,,,,,,,,,,,,,,,,,,,,,,,,,,,,,,,,,,,,,,,,,,,,30,0.2,
154,Player/Npcs/Prefabs/npc_054.prefab,,1. Cơ Quan Chiến Xa,,,,1.75,0.5,16,0.1,6,0.1,16,,0,,,30,0.1,14,0.5,,0.1,15,0.1,,12,0.2,,30,0.2,,30,0.2,,30,0.2,20,0.2,24,0.15,14,0.1,,17,0.08,,0.1,,0.1,,0.09,,0.15,,0.15,,0.15,,0.15,,,,0.15,,0.08,,,,,,,,,,,,,,,,,,,,,,,,,,,,,,,,,,,,,,,,,,,,,,,,,,,,,,,,,,,,,,,,,,,,,,,30,0.2,
155,Player/Npcs/Prefabs/npc_055.prefab,,Thiên Cổ Độc Thi,,,,2.5,0.5,16,0.1,6,0.1,20,,0,,,30,0.1,18,0.5,,0.1,15,0.1,,12,0.2,,30,0.2,,30,0.2,,30,0.2,20,0.2,13,0.4,15,0.1,,15,0.08,,0.1,,0.1,,0.09,,0.15,,0.15,,0.15,,0.15,,,,0.15,,0.08,,,,,,,,,,,,,,,,,,,,,,,,,,,,,,,,,,,,,,,,,,,,,,,,,,,,,,,,,,,,,,,,,,,,,,,30,0.2,
156,Player/Npcs/Prefabs/npc_056.prefab,,Mạnh Tri Thu,,,,1.9,0.5,16,0.1,6,0.1,20,,0,,,19,0.5,19,0.5,,0.1,15,0.1,,12,0.2,,30,0.2,,30,0.2,,30,0.2,20,0.2,19,0.15,15,0.1,,15,0.08,,0.1,,0.1,,0.09,,0.15,,0.15,,0.15,,0.15,,,,0.15,,0.08,,,,,,,,,,,,,,,,,,,,,,,,,25,0.05,,,,,,,,,,,,,,,,,,,,,,,,,,,,,,,,,,,,,,,,,,,,,30,0.2,
157,Player/Npcs/Prefabs/npc_057.prefab,,Cơ Quan Nhân,,,,1.9,0.5,15,0.1,6,0.1,17,,0,,,30,0.1,18,0.5,,0.1,15,0.1,,12,0.2,,30,0.2,,30,0.2,,30,0.2,20,0.2,20,0.15,14,0.1,,19,0.08,,0.1,,0.1,,0.09,,0.15,,0.15,,0.15,,0.15,,,,0.15,,0.08,,,,,,,,,,,,,,,,,,,,,,,,,,,,,,,,,,,,,,,,,,,,,,,,,,,,,,,,,,,,,,,,,,,,,,,30,0.2,
158,Player/Npcs/Prefabs/npc_153.prefab,201,Thu Y Thủy-Mới,,,,1.75,0.5,16,0.1,6,0.1,20,,0,,,15,0.5,15,0.5,,0.1,15,0.1,,12,0.2,,30,0.2,,30,0.2,,30,0.2,20,0.2,28,0.4,15,0.1,,15,0.08,,0.1,,0.1,,0.09,,0.15,,0.15,,0.15,,0.15,,,,0.15,,0.08,,,,,,,,,,,,,,,,,,,,,,,,,,,,,,,,,,,,,,,,,,,,,,,,,,,,,,,,,,,,,,,,,,,,,,,30,0.2,
159,Player/Npcs/Prefabs/npc_059.prefab,,Lý Tam,,,,1.75,0.5,16,0.1,6,0.1,20,,0,,,20,0.5,20,0.5,,0.1,15,0.1,,12,0.2,,30,0.2,,30,0.2,,30,0.2,20,0.2,13,0.4,14,0.1,,15,0.08,,0.1,,0.1,,0.09,,0.15,,0.15,,0.15,,0.15,,,,0.15,,0.08,,,,,,,,,,,,,,,,,,,,,,,,,,,,,,,,,,,,,,,,,,,,,,,,,,,,,,,,,,,,,,,,,,,,,,,30,0.2,
160,Player/Npcs/Prefabs/npc_060.prefab,,Trương Trọng Thiên,,,,1.75,0.5,5,0.1,6,0.1,18,,0,,,15,0.5,15,0.5,,0.1,15,0.1,,12,0.2,,30,0.2,,30,0.2,,30,0.2,20,0.2,,0.15,15,0.1,,13,0.08,,0.1,,0.1,,0.09,,0.15,,0.15,,0.15,,0.15,,,,0.15,,0.08,,,,,,,,,,,,,,,,,,,,,,,,,,,,,,,,,,,,,,,,,,,,,,,,,,,,,,,,,,,,,,,,,,,,,,,30,0.2,
161,Player/Npcs/Prefabs/npc_011.prefab,,,,,,1.75,0.5,15,0.1,6,0.1,21,,0,,,24,0.5,24,0.5,,0.1,15,0.1,,8,0.2,,30,0.2,,30,0.2,,30,0.2,20,0.2,,0.15,20,0.1,,,0.08,,0.1,,0.1,,0.09,,0.15,,0.15,,0.15,,0.15,,,,0.15,,0.08,,,,,,,,,,,,,,,,,,,,,,,,,,,,,,,,,,,,,,,,,,,,,,,,,,,,,,,,,,,,,,,,,,,,,,,30,0.2,
162,Player/Npcs/Prefabs/npc_012.prefab,,,,,,1.75,0.5,16,0.1,6,0.1,38,,0,,,18,0.5,18,0.5,,0.1,15,0.1,,12,0.2,,30,0.2,,30,0.2,,30,0.2,30,0.2,,0.15,17,0.1,,,0.08,,0.1,,0.1,,0.09,,0.15,,0.15,,0.15,,0.15,,,,0.15,,0.08,,,,,,,,,,,,,,,,,,,,,,,,,,,,,,,,,,,,,,,,,,,,,,,,,,,,,,,,,,,,,,,,,,,,,,,30,0.2,
163,Player/Npcs/Prefabs/npc_063.prefab,,1. Đàm Tâm 2. Tiểu Hòa Thượng 3.Đệ Tử Thiếu Lâm,,,,1.75,0.5,16,0.1,6,0.1,19,,0,,,15,0.5,15,0.5,,0.1,15,0.1,,12,0.2,,30,0.2,,30,0.2,,30,0.2,20,0.2,,0.15,15,0.1,,15,0.08,,0.1,,0.1,,0.09,,0.15,,0.15,,0.15,,0.15,,,,0.15,,0.08,,,,,,,,,,,,,,,,,,,,,,,,,2,0.05,,,,,,,,,,,,,,,,,,,,,,,,,,,,,,,,,,,,,,,,,,,,,30,0.2,
164,Player/Npcs/Prefabs/npc_064.prefab,,,,,,1.75,0.5,16,0.1,6,0.1,20,,0,,,30,0.1,18,0.5,,0.1,15,0.1,,12,0.2,,30,0.2,,30,0.2,,30,0.2,20,0.2,,0.15,15,0.1,,15,0.08,,0.1,,0.1,,0.09,,0.15,,0.15,,0.15,,0.15,,,,0.15,,0.08,,,,,,,,,,,,,,,,,,,,,,,,,,,,,,,,,,,,,,,,,,,,,,,,,,,,,,,,,,,,,,,,,,,,,,,30,0.2,
165,Player/Npcs/Prefabs/npc_065.prefab,,1. Đường Vô Tâm 2. Kình Nỏ Thủ,,,,1.75,0.5,16,0.1,6,0.1,20,,0,,,30,0.1,18,0.5,,0.1,15,0.1,,12,0.2,,30,0.2,,30,0.2,,30,0.2,20,0.2,,0.15,14,0.1,,16,0.08,,0.1,,0.1,,0.09,,0.15,,0.15,,0.15,,0.15,,,,0.15,,0.08,,,,,,,,,,,,,,,,,,,,,,,,,,,,,,,,,,,,,,,,,,,,,,,,,,,,,,,,,,,,,,,,,,,,,,,30,0.2,
166,Player/Npcs/Prefabs/npc_016.prefab,,,,,,1.75,0.5,16,0.1,6,0.1,18,,0,,,10,0.5,10,0.5,,0.1,15,0.1,,15,0.2,,30,0.2,,30,0.2,,30,0.2,20,0.2,,0.15,10,0.1,,,0.08,,0.1,,0.1,,0.09,,0.15,,0.15,,0.15,,0.15,,,,0.15,,0.08,,,,,,,,,,,,,,,,,,,,,,,,,,,,,,,,,,,,,,,,,,,,,,,,,,,,,,,,,,,,,,,,,,,,,,,30,0.2,
169,Player/Npcs/Prefabs/npc_069.prefab,,Mao Sơn Đạo Sĩ,,,,1.75,0.5,16,0.1,6,0.1,14,,0,,,30,0.1,18,0.5,,0.1,15,0.1,,12,0.2,,30,0.2,,30,0.2,,30,0.2,20,0.2,,0.15,15,0.1,,15,0.08,,0.1,,0.1,,0.09,,0.15,,0.15,,0.15,,0.15,,,,0.15,,0.08,,,,,,,,,,,,,,,,,,,,,,,,,,,,,,,,,,,,,,,,,,,,,,,,,,,,,,,,,,,,,,,,,,,,,,,30,0.2,
170,Player/Npcs/Prefabs/npc_070.prefab,,,,,,1.75,0.5,16,0.1,6,0.1,18,,0,,,30,0.1,18,0.5,,0.1,15,0.1,,12,0.2,,30,0.2,,30,0.2,,30,0.2,20,0.2,,0.15,15,0.1,,15,0.08,,0.1,,0.1,18,0.09,,0.15,,0.15,,0.15,,0.15,,,,0.15,,0.08,,,,,,,,,,,,,,,,,,,,,,,,,,,,,,,,,,,,,,,,,,,,,,,,,,,,,,,,,,,,,,,,,,,,,,,30,0.2,
171,Player/Npcs/Prefabs/npc_071.prefab,,,,,,1.75,0.5,16,0.1,6,0.1,20,,0,,,30,0.1,18,0.5,,0.1,15,0.1,,12,0.2,,30,0.2,,30,0.2,,30,0.2,20,0.2,,0.15,15,0.1,,15,0.08,,0.1,,0.1,15,0.09,,0.15,,0.15,,0.15,,0.15,,,,0.15,,0.08,,,,,,,,,,,,,,,,,,,,,,,,,,,,,,,,,,,,,,,,,,,,,,,,,,,,,,,,,,,,,,,,,,,,,,,30,0.2,
173,Player/Npcs/Prefabs/npc_073.prefab,,Lưu Manh Vô Lại,,,,1.75,0.5,16,0.1,6,0.1,20,,0,,,30,0.1,18,0.5,,0.1,15,0.1,,12,0.2,,30,0.2,,30,0.2,,30,0.2,20,0.2,,0.15,15,0.1,,15,0.08,,0.1,,0.1,,0.09,,0.15,,0.15,,0.15,,0.15,,,,0.15,,0.08,,,,,,,,,,,,,,,,,,,,,,,,,,,,,,,,,,,,,,,,,,,,,,,,,,,,,,,,,,,,,,,,,,,,,,,30,0.2,
174,Player/Npcs/Prefabs/npc_074.prefab,,Sát Thủ Bịt Mặt,,,,1.75,0.5,16,0.1,6,0.1,19,,0,,,30,0.1,19,0.5,,0.1,15,0.1,,12,0.2,,30,0.2,,30,0.2,,30,0.2,20,0.2,30,0.15,15,0.1,,15,0.08,,0.1,,0.1,,0.09,,0.15,,0.15,,0.15,,0.15,,,,0.15,,0.08,,,,,,,,,,,,,,,,,,,30,0.1,,,,,,,,,,,,,,,,,,,,,,,,,,,,,,,,,,,,,,,,,,,,,,,,,,,30,0.2,
175,Player/Npcs/Prefabs/npc_075.prefab,,Độc Cô Kiếm-Thiếu Niên,,,,1.75,0.5,16,0.1,6,0.1,20,,0,,,18,0.5,18,0.5,,0.1,15,0.1,,12,0.2,,30,0.2,,30,0.2,,30,0.2,20,0.2,24,0.15,15,0.1,,15,0.08,,0.1,,0.1,12,0.09,,0.15,,0.15,,0.15,,0.15,,,,0.15,,0.08,,,,,,,,,,,,,,,,,,,,,,,,,20,0.05,20,0.05,44,0.05,,,,,,,,,,,,,,,,,,,,,,,,,,,,,,,,,,,,,,,,,30,0.2,
176,Player/Npcs/Prefabs/npc_076.prefab,,Mộc Tử Y,,,,1.75,0.5,16,0.1,6,0.1,21,,0,,,30,0.1,19,0.5,,0.1,15,0.1,,12,0.2,,30,0.2,,30,0.2,,30,0.2,20,0.2,24,0.15,14,0.1,,15,0.08,,0.1,,0.1,,0.09,,0.15,,0.15,,0.15,,0.15,,,,0.15,,0.08,,,,,,,,,,,,,,,,,,,,,,,,,,,,,,,,,,,,,,,,,,,,,,,,,,,,,,,,,,,,,,,,,,,,,,,30,0.2,
177,Player/Npcs/Prefabs/npc_077.prefab,,Nạp Lan Chân,,,,1.75,0.5,16,0.1,6,0.1,20,,0,,,19,0.5,19,0.5,,0.1,15,0.1,,12,0.2,,30,0.2,,30,0.2,,30,0.2,20,0.2,24,0.15,15,0.1,,15,0.08,,0.1,,0.1,,0.09,,0.15,,0.15,,0.15,,0.15,,,,0.15,,0.08,,,,,,,,,,,,,,,,,,,,,,,,,50,0.05,40,0.05,,,,,,,,,,,,,,,,,,,,,,,,,,,,,,,,,,,,,,,,,,,30,0.2,
178,Player/Npcs/Prefabs/npc_078.prefab,,,,,,1.75,0.5,16,0.1,6,0.1,21,,0,,,30,0.1,19,0.5,,0.1,15,0.1,,12,0.2,,30,0.2,,30,0.2,,30,0.2,15,0.2,24,0.15,15,0.1,,15,0.08,,0.1,,0.1,,0.09,,0.15,,0.15,,0.15,,0.15,,,,0.15,,0.08,,,,,,,,,,,,,,,,,,,,,,,,,,,,,,,,,,,,,,,,,,,,,,,,,,,,,,,,,,,,,,,,,,,,,,,30,0.2,
180,Player/Npcs/Prefabs/npc_080.prefab,,,,,,1.75,0.5,16,0.1,6,0.1,18,,0,,,16,0.5,16,0.5,,0.1,15,0.1,,12,0.2,,30,0.2,,30,0.2,,30,0.2,20,0.2,24,0.15,15,0.1,,15,0.08,,0.1,,0.1,,0.09,,0.15,,0.15,,0.15,,0.15,,,,0.15,,0.08,,,,,,,,,,,,,,,,,,,,,,,,,,,,,,,,,,,,,,,,,,,,,,,,,,,,,,,,,,,,,,,,,,,,,,,30,0.2,
181,Player/Npcs/Prefabs/npc_081.prefab,,,,,,1.75,0.5,16,0.1,6,0.1,15,,0,,,15,0.5,15,0.5,,0.1,15,0.1,,9,0.2,,30,0.2,,30,0.2,,30,0.2,20,0.2,24,0.15,13,0.1,,15,0.08,,0.1,,0.1,,0.09,,0.15,,0.15,,0.15,,0.15,,,,0.15,,0.08,,,,,,,,,,,,,,,,,,,,,,,,,,,,,,,,,,,,,,,,,,,,,,,,,,,,,,,,,,,,,,,,,,,,,,,30,0.2,
182,Player/Npcs/Prefabs/npc_082.prefab,,Phong Ngọc Thư,,,,1.75,0.5,16,0.1,6,0.1,14,,0,,,15,0.5,15,0.5,,0.1,15,0.1,,10,0.2,,30,0.2,,30,0.2,,30,0.2,20,0.2,24,0.15,13,0.1,,20,0.08,,0.1,,0.1,,0.09,,0.15,,0.15,,0.15,,0.15,,,,0.15,,0.08,,,,,,,,,,,,,,,,,,,,,,,,,,,,,,,,,,,,,,,,,,,,,,,,,,,,,,,,,,,,,,,,,,,,,,,30,0.2,
183,Player/Npcs/Prefabs/npc_083.prefab,,,,,,1.75,0.5,16,0.1,6,0.1,20,,0,,,16,0.5,16,0.5,,0.1,15,0.1,,12,0.2,,30,0.2,,30,0.2,,30,0.2,20,0.2,24,0.15,15,0.1,,15,0.08,,0.1,,0.1,,0.09,,0.15,,0.15,,0.15,,0.15,,,,0.15,,0.08,,,,,,,,,,,,,,,,,,,,,,,,,,,,,,,,,,,,,,,,,,,,,,,,,,,,,,,,,,,,,,,,,,,,,,,30,0.2,
184,Player/Npcs/Prefabs/npc_084.prefab,,,,,,1.75,0.5,16,0.1,6,0.1,20,,0,,,20,0.5,20,0.5,,0.1,15,0.1,,12,0.2,,30,0.2,,30,0.2,,30,0.2,20,0.2,24,0.15,15,0.1,,15,0.08,,0.1,,0.1,,0.09,,0.15,,0.15,,0.15,,0.15,,,,0.15,,0.08,,,,,,,,,,,,,,,,,,,,,,,,,,,,,,,,,,,,,,,,,,,,,,,,,,,,,,,,,,,,,,,,,,,,,,,30,0.2,
185,Player/Npcs/Prefabs/npc_151.prefab,,Thanh Hiểu Sư Thái-Mới,,,,1.75,0.5,16,0.1,6,0.1,20,,0,,,19,0.5,19,0.5,,0.1,15,0.1,,12,0.2,,30,0.2,,30,0.2,,30,0.2,20,0.2,24,0.15,10,0.1,,10,0.08,13,0.1,15,0.1,,0.09,,0.15,,0.15,,0.15,,0.15,,,,0.15,,0.08,,,,,,,,,,,,,,,,,,,,,,,,,,,,,,,,,,,,,,,,,,,,,,,,,,,,,,,,,,,,,,,,,,,,,,,30,0.2,
187,Player/Npcs/Prefabs/npc_087.prefab,,Nạp Lan Tiềm Lẫm,,,,1.9,0.5,16,0.1,6,0.1,19,,0,,,30,0.5,16,0.5,,0.1,16,0.1,,12,0.2,,30,0.2,,30,0.2,,30,0.2,20,0.2,22,0.15,15,0.1,,15,0.08,,0.1,,0.1,,0.09,,0.15,,0.15,,0.15,,0.15,,,,0.15,,0.08,,,,,,,,,,,,,,,,,,,,,,,,,20,0.05,,,,,,,,,,,,,,,,,,,,,,,,,,,,,,,,,,,,,,,,,,,,,30,0.2,
188,Player/Npcs/Prefabs/npc_088.prefab,,Tuyết Liên Lão Lão,,,,1.75,0.5,16,0.1,6,0.1,19,,0,,,16,0.5,16,0.5,,0.1,15,0.1,,12,0.2,,30,0.2,,30,0.2,,30,0.2,20,0.2,24,0.15,15,0.1,,14,0.08,,0.1,,0.1,,0.09,,0.15,,0.15,,0.15,,0.15,,,,0.15,,0.08,,,,,,,,,,,,,,,,,,,,,,,,,,,,,,,,,,,,,,,,,,,,,,,,,,,,,,,,,,,,,,,,,,,,,,,30,0.2,
189,Player/Npcs/Prefabs/npc_089.prefab,,Công Tôn Tích Hoa,,,,1.75,0.5,16,0.1,6,0.1,20,,0,,,19,0.5,19,0.5,,0.1,15,0.1,,12,0.2,,30,0.2,,30,0.2,,30,0.2,20,0.2,24,0.15,15,0.1,,15,0.08,,0.1,,0.1,,0.09,,0.15,,0.15,,0.15,,0.15,,,,0.15,,0.08,,,,,,,,,,,,,,,,,,,,,,,,,,,,,,,,,,,,,,,,,,,,,,,,,,,,,,,,,,,,,,,,,,,,,,,30,0.2,
190,Player/Npcs/Prefabs/npc_090.prefab,,,,,,1.75,0.5,16,0.1,6,0.1,20,,0,,,18,0.5,18,0.5,,0.1,15,0.1,,12,0.2,,30,0.2,,30,0.2,,30,0.2,20,0.2,24,0.15,15,0.1,,15,0.08,,0.1,,0.1,,0.09,,0.15,,0.15,,0.15,,0.15,,,,0.15,,0.08,,,,,,,,,,,,,,,,,,,,,,,,,,,,,,,,,,,,,,,,,,,,,,,,,,,,,,,,,,,,,,,,,,,,,,,30,0.2,
191,Player/Npcs/Prefabs/npc_091.prefab,,,,,,1.75,0.5,16,0.1,6,0.1,20,,0,,,19,0.5,19,0.5,,0.1,15,0.1,,12,0.2,,30,0.2,,30,0.2,,30,0.2,20,0.2,24,0.15,15,0.1,,15,0.08,,0.1,,0.1,15,0.09,,0.15,,0.15,,0.15,,0.15,,,,0.15,,0.08,,,,,,,,,,,,,,,,,,,,,,,,,,,,,,,,,,,,,,,,,,,,,,,,,,,,,,,,,,,,,,,,,,,,,,,30,0.2,
192,Player/Npcs/Prefabs/npc_092.prefab,,,,,,1.75,0.5,16,0.1,6,0.1,20,,0,,,19,0.5,19,0.5,,0.1,15,0.1,,12,0.2,,30,0.2,,30,0.2,,30,0.2,20,0.2,24,0.15,14,0.1,,15,0.08,,0.1,,0.1,,0.09,,0.15,,0.15,,0.15,,0.15,,,,0.15,,0.08,,,,,,,,,,,,,,,,,,,,,,,,,,,,,,,,,,,,,,,,,,,,,,,,,,,,,,,,,,,,,,,,,,,,,,,30,0.2,
193,Player/Npcs/Prefabs/npc_093.prefab,,Trương Như Mộng,,,,1.75,0.5,16,0.1,6,0.1,20,,0,,,16,0.5,16,0.5,,0.1,15,0.1,,12,0.2,,30,0.2,,30,0.2,,30,0.2,20,0.2,29,0.15,15,0.1,,25,0.08,,0.1,,0.1,10,0.09,,0.15,,0.15,,0.15,,0.15,,,,0.15,,0.08,,,,,,,,,,,,,,,,,,,,,,,,,20,0.05,,,,,,,,,,,,,,,,,,,,,,,,,,,,,,,,,,,,,,,,,,,,,30,0.2,
194,Player/Npcs/Prefabs/npc_094.prefab,,Trác Phi Phàm,,,,1.75,0.5,16,0.1,6,0.1,19,,0,,,20,0.5,20,0.5,,0.1,15,0.1,,12,0.2,,30,0.2,,30,0.2,,30,0.2,20,0.2,24,0.15,15,0.1,,15,0.08,,0.1,,0.1,15,0.09,,0.15,,0.15,,0.15,,0.15,,,,0.15,,0.08,,,33,,,,,,,,,,,,,,,,,,,,,,20,0.05,2,0.05,,,,,,,,,,,,,,,,,,,,,,,,,,,,,,,,,,,,,,,,,,,30,0.2,
196,Player/Npcs/Prefabs/npc_096.prefab,,Oanh Nhi,,,,1.75,0.5,16,0.1,6,0.1,20,,0,,,17,0.5,17,0.5,,0.1,15,0.1,,12,0.2,,30,0.2,,30,0.2,,30,0.2,20,0.2,24,0.15,15,0.1,,15,0.08,,0.1,,0.1,,0.09,,0.15,,0.15,,0.15,,0.15,,,,0.15,,0.08,,,,,,,,,,,,,,,,,,,,,,,,,,,,,,,,,,,,,,,,,,,,,,,,,,,,,,,,,,,,,,,,,,,,,,,30,0.2,
198,Player/Npcs/Prefabs/npc_098.prefab,,Tiểu Ảnh Phong,,,,1.75,0.5,16,0.1,6,0.1,20,,0,,,16,0.5,16,0.5,,0.1,15,0.1,,12,0.2,,30,0.2,,30,0.2,,30,0.2,20,0.2,24,0.15,14,0.1,,15,0.08,,0.1,,0.1,15,0.09,,0.15,,0.15,,0.15,,0.15,,,,0.15,,0.08,,,,,,,,,,,,,,,,,,,,,,,,,,,,,,,,,,,,,,,,,,,,,,,,,,,,,,,,,,,,,,,,,,,,,,,30,0.2,
199,Player/Npcs/Prefabs/npc_099.prefab,,Thiệu Kỵ Phong,,,,1.75,0.5,16,0.1,6,0.1,19,,0,,,16,0.5,16,0.5,,0.1,15,0.1,,12,0.2,,30,0.2,,30,0.2,,30,0.2,20,0.2,31,0.15,15,0.1,,15,0.08,,0.1,,0.1,,0.09,,0.15,,0.15,,0.15,,0.15,,,,0.15,,0.08,,,,,,,,,,,,,,,,,,,,,,,,,,,,,,,,,,,,,,,,,,,,,,,,,,,,,,,,,,,,,,,,,,,,,,,30,0.2,
200,Player/Npcs/Prefabs/npc_408.prefab,,A Kiều,,,,1.75,0.5,16,0.1,6,0.1,19,,0,,,16,0.5,16,0.5,,0.1,15,0.1,,12,0.2,,30,0.2,,30,0.2,,30,0.2,20,0.2,31,0.15,15,0.1,,15,0.08,,0.1,,0.1,,0.09,,0.15,,0.15,,0.15,,0.15,,,,0.15,,0.08,,,,,,,,,,,,,,,,,,,,,,,,,,,,,,,,,,,,,,,,,,,,,,,,,,,,,,,,,,,,,,,,,,,,,,,30,0.2,
207,Player/Npcs/Prefabs/npc_pet005.prefab,,,,,,2,0.5,45,0.1,6,0.1,19,,0,,,45,0.1,45,0.1,5,0.1,15,0.1,,15,0.2,,30,0,,30,0,,30,0,30,0,20,0.05,15,0.1,,15,0.08,13,0.1,17,0.05,17,0,15,0.1,5,0.2,18,0.15,60,0.15,,,,0.15,15,0.08,,,18,0,6,0,,,,,,,,,,,,,,,,,,,,,,,,,,,,,,,,,,,,,,,,,,,,,,,,,,,,,,,,,,,,,,,,,30,0,
208,Player/Characters/Prefabs/f2_001.prefab,,,,,,2,0.5,45,0.1,6,0.1,20,,0,,,35,0.09,35,0.09,13,0.1,15,0.1,,15,0.1,,30,0.1,,30,0.1,,30,0.1,30,0.1,25,0.05,10,0.1,,15,0.08,13,0.1,15,0.1,15,0.09,18,0.11,23,0.1,25,0.12,20,0.15,,,,0.15,15,0.08,,,18,0,7,0,13,0,18,0,18,0,,,20,0.4,,,,,,,,,,,,,,,,,,,,,,,,,,,,,,,,,,,,,,,,,,,,,,,,,,,,,,,30,0.1,
209,Player/Npcs/Prefabs/npc_pet001.prefab,,Hoàng Mộ Vân,,,,1.6,0.5,45,0.1,6,0.1,15,,0,,,45,0.1,45,0.1,13,0.1,15,0.1,,15,0.2,,30,0,,30,0,,30,0,30,0,25,0.05,15,0.1,,15,0.08,16,0.1,,,18,0.09,21,0.1,20,0.2,20,0.15,37,0.15,,,,0.15,15,0.08,,,17,0,7,0,,,,,,,,,,,,,,,,,,,,,,,,,,,,,,,,,,,,,,,,,,,,,,,,,,,,,,,,,,,,,,,,,30,0,
210,Player/Npcs/Prefabs/npc_pet004.prefab,,Liễu Tiêu Đình,,,,2,0.5,38,0.1,6,0.1,19,,0,,,38,0.1,38,0.1,13,0.1,15,0.1,,12,0.2,,30,0.2,,30,0.2,,30,0.2,30,0.2,25,0.06,13,0.1,,13,0.08,15,0.08,21,0.1,23,0.05,6,0.05,13,0.05,28,0.15,30,0.15,,,5,,5,0.08,5,0.01,20,0,5,0,,,,,,,28,0.15,,,,,,,,,,,,,,,,,,,,,,,,,,,,,,,,,,,,,,,,,,,,,,,,,,,,,,,,,30,0.2,
211,Player/Npcs/Prefabs/npc_pet006.prefab,,,,,,2,0.5,45,0.1,6,0.1,19,,0,,,45,0.1,45,0.1,5,0.1,15,0.1,,15,0.2,,30,0,,30,0,,30,0,30,0,20,0.05,15,0.1,,15,0.08,13,0.1,17,0.05,17,0,15,0.1,5,0.2,18,0.15,60,0.15,,,,0.15,15,0.08,,,18,0,6,0,,,,,,,,,,,,,,,,,,,,,,,,,,,,,,,,,,,,,,,,,,,,,,,,,,,,,,,,,,,,,,,,,30,0,
212,Player/Characters/Prefabs/f2_002.prefab,,,,,,2,0.5,45,0.1,6,0.1,20,,0,,,35,0.09,35,0.09,13,0.1,15,0.1,,15,0.1,,30,0.1,,30,0.1,,30,0.1,30,0.1,25,0.05,10,0.1,,15,0.08,13,0.1,15,0.1,15,0.09,18,0.11,23,0.1,25,0.12,20,0.15,,,,0.15,15,0.08,,,18,0,7,0,13,0,18,0,18,0,,,20,0.4,,,,,,,,,,,,,,,,,,,,,,,,,,,,,,,,,,,,,,,,,,,,,,,,,,,,,,,30,0.1,
213,Player/Npcs/Prefabs/npc_pet002.prefab,,Lý Điềm Nhi,,,,1.6,0.5,45,0.1,6,0.1,15,,0,,,45,0.1,45,0.1,13,0.1,15,0.1,,15,0.2,,30,0,,30,0,,30,0,30,0,25,0.05,15,0.1,,15,0.08,16,0.1,,,18,0.09,21,0.1,20,0.2,20,0.15,37,0.15,,,,0.15,15,0.08,,,17,0,7,0,,,,,,,,,,,,,,,,,,,,,,,,,,,,,,,,,,,,,,,,,,,,,,,,,,,,,,,,,,,,,,,,,30,0,
214,Player/Npcs/Prefabs/npc_pet003.prefab,,Chúc Tử Hư,,,,2,0.5,38,0.1,6,0.1,19,,0,,,38,0.1,38,0.1,13,0.1,15,0.1,,12,0.2,,30,0.2,,30,0.2,,30,0.2,30,0.2,25,0.06,13,0.1,,13,0.08,15,0.08,21,0.1,23,0.05,6,0.05,13,0.05,28,0.15,30,0.15,,,5,,5,0.08,5,0.01,20,0,5,0,,,,,,,28,0.15,,,,,,,,,,,,,,,,,,,,,,,,,,,,,,,,,,,,,,,,,,,,,,,,,,,,,,,,,30,0.2,
312,Effect/Prefabs/JueSe/other1/guangqiang.prefab,,,,,,2,0.5,45,0.1,6,0.1,19,80004,0,,,45,0.1,45,0.1,5,0.1,15,0.1,,18,0.2,,30,0,,30,0,,30,0,30,0,20,0.05,15,0.1,,15,0.08,15,0.1,20,0.05,17,0,30,0.1,4,0.2,25,0.15,70,0.15,,,,0.15,15,0.08,,,,,,,,,,,,,,,,,,,,,,,,,,,,,,,,,,,,,,,,,,,,,,,,,,,,,,,,,,,,,,,,,,,,,,,30,0,
317,Player/Npcs/Prefabs/boss110_test.prefab,,Khô Lâu,,,,2.5,0.5,45,0.1,6,0.1,51,,0,,,45,0.1,45,0.1,13,0.1,25,0.1,,15,0.2,,30,0,,30,0,,30,0,30,0,25,0.05,32,0.1,,37,0.08,57,0.1,20,0.05,18,0.09,21,0.1,20,0.2,20,0.15,37,0.15,,,,0.15,15,0.08,,,,,,,,,,,,,,,,,,,,,,,,,,,,,,,,,,,,,,,,,,,,,,,,,,,,,,,,,,,,,,,,,,,,,,,30,0,
318,Player/Npcs/Prefabs/boss111_test.prefab,,Tần Mộc Bạch,,,,5,0.5,45,0.1,6,0.1,52,,0,,,45,0.1,45,0.1,13,0.1,15,0.1,,50,0.2,,30,0.2,,30,0.2,,30,0.2,30,0.2,25,0.05,22,0.1,,37,0.08,57,0.1,20,0.05,34,0.09,40,0.1,20,0.2,20,0.15,37,0.15,,,,0.15,15,0.08,,,,,,,,,,,,,,,,,,,,,,,,,,,,,,,,,,,,,,,,,,,,,,,,,,,,,,,,,,,,,,,,,,,,,,,30,0.2,
323,Player/critter/prefab/xuemudan01.prefab,,Xích Tâm Hoa,,,,0.7,0.5,30,0.1,6,0.1,10,,0,,,30,0.1,30,0.1,,0.1,15,0.1,,9,0.2,,10,0.2,,10,0.2,,10,0.2,10,0.2,,0.15,30,0.1,,,0.08,,0.1,,0.1,,0.09,,0.15,,0.15,,0.15,,0.15,,,,0.15,,0.08,,,,,,,,,,,,,,,,,,,,,,,,,,,,,,,,,,,,,,,,,,,,,,,,,,,,,,,,,,,,,,,,,,,,,,,10,0.2,
324,Player/critter/prefab/yeshangzhu01.prefab,,,,,,0.7,0.5,30,0.1,6,0.1,10,,0,,,30,0.1,30,0.1,,0.1,15,0.1,,9,0.2,,10,0.2,,10,0.2,,10,0.2,10,0.2,,0.15,30,0.1,,,0.08,,0.1,,0.1,,0.09,,0.15,,0.15,,0.15,,0.15,,,,0.15,,0.08,,,,,,,,,,,,,,,,,,,,,,,,,,,,,,,,,,,,,,,,,,,,,,,,,,,,,,,,,,,,,,,,,,,,,,,10,0.2,
325,Player/critter/prefab/yingxiancao01.prefab,,,,,,0.7,0.5,30,0.1,6,0.1,10,,0,,,30,0.1,30,0.1,,0.1,15,0.1,,9,0.2,,10,0.2,,10,0.2,,10,0.2,10,0.2,,0.15,30,0.1,,,0.08,,0.1,,0.1,,0.09,,0.15,,0.15,,0.15,,0.15,,,,0.15,,0.08,,,,,,,,,,,,,,,,,,,,,,,,,,,,,,,,,,,,,,,,,,,,,,,,,,,,,,,,,,,,,,,,,,,,,,,10,0.2,
326,Player/critter/prefab/ziqiangwei01.prefab,,,,,,0.7,0.5,30,0.1,6,0.1,10,,0,,,30,0.1,30,0.1,,0.1,15,0.1,,9,0.2,,10,0.2,,10,0.2,,10,0.2,10,0.2,,0.15,30,0.1,,,0.08,,0.1,,0.1,,0.09,,0.15,,0.15,,0.15,,0.15,,,,0.15,,0.08,,,,,,,,,,,,,,,,,,,,,,,,,,,,,,,,,,,,,,,,,,,,,,,,,,,,,,,,,,,,,,,,,,,,,,,10,0.2,
327,Player/critter/prefab/dilinggen.prefab,,,,,,0.7,0.5,30,0.1,6,0.1,10,,0,,,30,0.1,30,0.1,,0.1,15,0.1,,9,0.2,,10,0.2,,10,0.2,,10,0.2,10,0.2,,0.15,30,0.1,,,0.08,,0.1,,0.1,,0.09,,0.15,,0.15,,0.15,,0.15,,,,0.15,,0.08,,,,,,,,,,,,,,,,,,,,,,,,,,,,,,,,,,,,,,,,,,,,,,,,,,,,,,,,,,,,,,,,,,,,,,,10,0.2,
328,Player/critter/prefab/tianxiangguo01.prefab,,,,,,0.7,0.5,30,0.1,6,0.1,10,,0,,,30,0.1,30,0.1,,0.1,15,0.1,,9,0.2,,10,0.2,,10,0.2,,10,0.2,10,0.2,,0.15,30,0.1,,,0.08,,0.1,,0.1,,0.09,,0.15,,0.15,,0.15,,0.15,,,,0.15,,0.08,,,,,,,,,,,,,,,,,,,,,,,,,,,,,,,,,,,,,,,,,,,,,,,,,,,,,,,,,,,,,,,,,,,,,,,10,0.2,
329,Player/critter/prefab/xuefengteng01.prefab,,,,,,0.7,0.5,30,0.1,6,0.1,10,,0,,,30,0.1,30,0.1,,0.1,15,0.1,,9,0.2,,10,0.2,,10,0.2,,10,0.2,10,0.2,,0.15,30,0.1,,,0.08,,0.1,,0.1,,0.09,,0.15,,0.15,,0.15,,0.15,,,,0.15,,0.08,,,,,,,,,,,,,,,,,,,,,,,,,,,,,,,,,,,,,,,,,,,,,,,,,,,,,,,,,,,,,,,,,,,,,,,10,0.2,
330,Player/critter/prefab/yumeiren01.prefab,,,,,,0.5,0.5,30,0.1,6,0.1,10,,0,,,30,0.1,30,0.1,,0.1,15,0.1,,9,0.2,,10,0.2,,10,0.2,,10,0.2,10,0.2,,0.15,30,0.1,,,0.08,,0.1,,0.1,,0.09,,0.15,,0.15,,0.15,,0.15,,,,0.15,,0.08,,,,,,,,,,,,,,,,,,,,,,,,,,,,,,,,,,,,,,,,,,,,,,,,,,,,,,,,,,,,,,,,,,,,,,,10,0.2,
331,Player/critter/prefab/manzhushahua01.prefab,,,,,,0.5,0.5,30,0.1,6,0.1,10,,0,,,30,0.1,30,0.1,,0.1,15,0.1,,9,0.2,,10,0.2,,10,0.2,,10,0.2,10,0.2,,0.15,30,0.1,,,0.08,,0.1,,0.1,,0.09,,0.15,,0.15,,0.15,,0.15,,,,0.15,,0.08,,,,,,,,,,,,,,,,,,,,,,,,,,,,,,,,,,,,,,,,,,,,,,,,,,,,,,,,,,,,,,,,,,,,,,,10,0.2,
332,Player/critter/prefab/mantuoluo01.prefab,,,,,,0.5,0.5,30,0.1,6,0.1,10,,0,,,30,0.1,30,0.1,,0.1,15,0.1,,9,0.2,,10,0.2,,10,0.2,,10,0.2,10,0.2,,0.15,30,0.1,,,0.08,,0.1,,0.1,,0.09,,0.15,,0.15,,0.15,,0.15,,,,0.15,,0.08,,,,,,,,,,,,,,,,,,,,,,,,,,,,,,,,,,,,,,,,,,,,,,,,,,,,,,,,,,,,,,,,,,,,,,,10,0.2,
333,Player/critter/prefab/jinsangye01.prefab,,,,,,0.7,0.5,30,0.1,6,0.1,10,,0,,,30,0.1,30,0.1,,0.1,15,0.1,,9,0.2,,10,0.2,,10,0.2,,10,0.2,10,0.2,,0.15,30,0.1,,,0.08,,0.1,,0.1,,0.09,,0.15,,0.15,,0.15,,0.15,,,,0.15,,0.08,,,,,,,,,,,,,,,,,,,,,,,,,,,,,,,,,,,,,,,,,,,,,,,,,,,,,,,,,,,,,,,,,,,,,,,10,0.2,
334,Player/critter/prefab/bainianzhuguo01.prefab,,,,,,0.7,0.5,30,0.1,6,0.1,10,,0,,,30,0.1,30,0.1,,0.1,15,0.1,,9,0.2,,10,0.2,,10,0.2,,10,0.2,10,0.2,,0.15,30,0.1,,,0.08,,0.1,,0.1,,0.09,,0.15,,0.15,,0.15,,0.15,,,,0.15,,0.08,,,,,,,,,,,,,,,,,,,,,,,,,,,,,,,,,,,,,,,,,,,,,,,,,,,,,,,,,,,,,,,,,,,,,,,10,0.2,
335,Player/critter/prefab/suishidonghua01.prefab,,,,,,0.7,0.5,30,0.1,6,0.1,10,,0,,,30,0.1,30,0.1,,0.1,15,0.1,,9,0.2,,10,0.2,,10,0.2,,10,0.2,10,0.2,,0.15,30,0.1,,,0.08,,0.1,,0.1,,0.09,,0.15,,0.15,,0.15,,0.15,,,,0.15,,0.08,,,,,,,,,,,,,,,,,,,,,,,,,,,,,,,,,,,,,,,,,,,,,,,,,,,,,,,,,,,,,,,,,,,,,,,10,0.2,
346,Effect/Prefabs/JueSe/BUFF/buffqiu_bai.prefab,,,,,,2,0.5,30,0.1,6,0.1,10,,0,,,30,0.1,30,0.1,,0.1,15,0.1,,9,0.2,,10,0.2,,10,0.2,,10,0.2,10,0.2,,0.15,30,0.1,,,0.08,,0.1,,0.1,,0.09,,0.15,,0.15,,0.15,,0.15,,,,0.15,,0.08,,,,,,,,,,,,,,,,,,,,,,,,,,,,,,,,,,,,,,,,,,,,,,,,,,,,,,,,,,,,,,,,,,,,,,,10,0.2,
347,Effect/Prefabs/JueSe/BUFF/buffqiu_lv_gai.prefab,,,,,,2,0.5,30,0.1,6,0.1,10,,0,,,30,0.1,30,0.1,,0.1,15,0.1,,9,0.2,,10,0.2,,10,0.2,,10,0.2,10,0.2,,0.15,30,0.1,,,0.08,,0.1,,0.1,,0.09,,0.15,,0.15,,0.15,,0.15,,,,0.15,,0.08,,,,,,,,,,,,,,,,,,,,,,,,,,,,,,,,,,,,,,,,,,,,,,,,,,,,,,,,,,,,,,,,,,,,,,,10,0.2,
348,Effect/Prefabs/JueSe/BUFF/buffqiu_lan_gai.prefab,,,,,,2,0.5,30,0.1,6,0.1,10,,0,,,30,0.1,30,0.1,,0.1,15,0.1,,9,0.2,,10,0.2,,10,0.2,,10,0.2,10,0.2,,0.15,30,0.1,,,0.08,,0.1,,0.1,,0.09,,0.15,,0.15,,0.15,,0.15,,,,0.15,,0.08,,,,,,,,,,,,,,,,,,,,,,,,,,,,,,,,,,,,,,,,,,,,,,,,,,,,,,,,,,,,,,,,,,,,,,,10,0.2,
349,Effect/Prefabs/JueSe/BUFF/buffqiu_zi.prefab,,,,,,2,0.5,30,0.1,6,0.1,10,,0,,,30,0.1,30,0.1,,0.1,15,0.1,,9,0.2,,10,0.2,,10,0.2,,10,0.2,10,0.2,,0.15,30,0.1,,,0.08,,0.1,,0.1,,0.09,,0.15,,0.15,,0.15,,0.15,,,,0.15,,0.08,,,,,,,,,,,,,,,,,,,,,,,,,,,,,,,,,,,,,,,,,,,,,,,,,,,,,,,,,,,,,,,,,,,,,,,10,0.2,
350,Effect/Prefabs/JueSe/BUFF/buffqiu_hong_gai.prefab,,,,,,2,0.5,30,0.1,6,0.1,10,,0,,,30,0.1,30,0.1,,0.1,15,0.1,,9,0.2,,10,0.2,,10,0.2,,10,0.2,10,0.2,,0.15,30,0.1,,,0.08,,0.1,,0.1,,0.09,,0.15,,0.15,,0.15,,0.15,,,,0.15,,0.08,,,,,,,,,,,,,,,,,,,,,,,,,,,,,,,,,,,,,,,,,,,,,,,,,,,,,,,,,,,,,,,,,,,,,,,10,0.2,
351,Effect/Prefabs/JueSe/BUFF/buffqiu_jin_gai.prefab,,,,,,2,0.5,30,0.1,6,0.1,10,,0,,,30,0.1,30,0.1,,0.1,15,0.1,,9,0.2,,10,0.2,,10,0.2,,10,0.2,10,0.2,,0.15,30,0.1,,,0.08,,0.1,,0.1,,0.09,,0.15,,0.15,,0.15,,0.15,,,,0.15,,0.08,,,,,,,,,,,,,,,,,,,,,,,,,,,,,,,,,,,,,,,,,,,,,,,,,,,,,,,,,,,,,,,,,,,,,,,10,0.2,
352,Player/critter/prefab/baoxiang_001OP.prefab,,,,,,2,0.5,,,6,,,,,,,,,,,,,15,0.1,,,,,10,0.2,,10,0.2,,10,0.2,,,,,8,0.1,,,,,,,,,,,,,,,,,,,,,,,,,,,,,,,,,,,,,,,,,,,,,,,,,,,,,,,,,,,,,,,,,,,,,,,,,,,,,,,,,,,,,,,,,,,,,,10,0.2,
353,Player/Npcs/Prefabs/zc_zhanchang001_jianta01.prefab,,,,,,4.7,0.5,,,6,,,,,,,,,,,,,15,0.1,,,,,10,0.2,,10,0.2,,10,0.2,30,0.2,,,15,0.1,,,,,,,,,,,,,,,,,,,,,,,,,,,,,,,,,,,,,,,,,,,,,,,,,,,,,,,,,,,,,,,,,,,,,,,,,,,,,,,,,,,,,,,,,,,,,,10,0.2,
354,Player/Npcs/Prefabs/npc_001_b.prefab,,,,,,2.5,0.5,16,0.1,6,0.1,24,,0,,,30,0.1,22,0.5,,0.1,15,0.1,,16,0.2,,30,0.2,,30,0.2,,30,0.2,16,0.2,,0.15,18,0.1,,,0.08,,0.1,,0.1,33,0.09,30,0.1,30,0.05,5,0.15,,0.15,,,,0.15,,0.08,,,,,,,,,,,,,,,,,,,,,,,,,,,,,,,,,,,,,,,,,,,,,,,,,,,,,,,,,,,,,,,,,,,,,,,30,0.2,
355,Player/critter/prefab/hehua01.prefab,,,,,,1,,,,6,,,,,,,,,,,,,15,0.1,,,,,10,0.2,,10,0.2,,10,0.2,,,,,,,,,,,,,,,,,,,,,,,,,,,,,,,,,,,,,,,,,,,,,,,,,,,,,,,,,,,,,,,,,,,,,,,,,,,,,,,,,,,,,,,,,,,,,,,,,,,,10,0.2,
356,Prefab/f2_004.prefab,,,,,,2,0.5,30,0.1,6,0.1,10,,0,,,30,0.1,30,0.1,,0.1,15,0.1,,9,0.2,,30,0.2,,30,0.2,,30,0.2,10,0.2,,0.15,30,0.1,,,0.08,,0.1,,0.1,,0.09,,0.15,,0.15,,0.15,,0.15,,,,0.15,,0.08,,,,,,,,,,,,,,,,,,,,,,,,,,,,,,,,,,,,,,,,,,,,,,,,,,,,,,,,,,,,,,,,,,,,,,,30,0.2,
357,Player/Npcs/Prefabs/npc_015_b.prefab,,,,,,1.75,0.5,16,0.1,6,0.1,13,,0,,,1,0.5,1,0.5,,0.1,15,0.1,,8,0.2,,30,0.2,,30,0.2,,30,0.2,20,0.2,,0.15,22,0.1,,12,0.08,,0.1,,0.1,30,0.09,,0.15,,0.15,,0.15,,0.15,,,,0.15,,0.08,,,,,,,,,,,,,,,,,,,,,,,,,,,,,,,,,,,,,,,,,,,,,,,,,,,,,,,,,,,,,,,,,,,,,,,30,0.2,
358,,,,,,,1.75,0.5,,,,,,,0,,,,,,,,,15,0.1,,,,,30,,,30,,,30,,7.5,0.2,,,,,,,,,,,,,,,,,,,,,,,,,,,,,,,,,,,,,,,,,,,,,,,,,,,,,,,,,,,,,,,,,,,,,,,,,,,,,,,,,,,,,,,,,,,,,,,,,,30,,
359,Prefab/f1_003.prefab,,,,,,2,0.5,30,0.1,6,0.1,10,,0,,,30,0.1,30,0.1,,0.1,15,0.1,,9,0.2,,30,0.2,,30,0.2,,30,0.2,10,0.2,,0.15,30,0.1,,,0.08,,0.1,,0.1,,0.09,,0.15,,0.15,,0.15,,0.15,,,,0.15,,0.08,,,,,,,,,,,,,,,,,,,,,,,,,,,,,,,,,,,,,,,,,,,,,,,,,,,,,,,,,,,,,,,,,,,,,,,30,0.2,
360,Prefab/f1_004.prefab,,,,,,2,0.5,30,0.1,6,0.1,10,,0,,,30,0.1,30,0.1,,0.1,15,0.1,,9,0.2,,30,0.2,,30,0.2,,30,0.2,10,0.2,,0.15,30,0.1,,,0.08,,0.1,,0.1,,0.09,,0.15,,0.15,,0.15,,0.15,,,,0.15,,0.08,,,,,,,,,,,,,,,,,,,,,,,,,,,,,,,,,,,,,,,,,,,,,,,,,,,,,,,,,,,,,,,,,,,,,,,30,0.2,
361,Effect/Prefabs/JueSe/other1/qinggong_CX.prefab,,,,,,1.9,0.5,30,0.1,6,0.1,10,,0,,,30,0.1,30,0.1,,0.1,15,0.1,,9,0.2,,10,0.2,,10,0.2,,10,0.2,10,0.2,,0.15,30,0.1,,,0.08,,0.1,,0.1,,0.09,,0.15,,0.15,,0.15,,0.15,,,,0.15,,0.08,,,,,,,,,,,,,,,,,,,,,,,,,,,,,,,,,,,,,,,,,,,,,,,,,,,,,,,,,,,,,,,,,,,,,,,10,0.2,
362,Player/critter/prefab/fb_xueshan_jian01.prefab,,,,,,1.9,0.5,30,0.1,6,0.1,10,,0,,,30,0.1,30,0.1,,0.1,15,0.1,,9,0.2,,10,0.2,,10,0.2,,10,0.2,10,0.2,,0.15,30,0.1,,,0.08,,0.1,,0.1,,0.09,,0.15,,0.15,,0.15,,0.15,,,,0.15,,0.08,,,,,,,,,,,,,,,,,,,,,,,,,,,,,,,,,,,,,,,,,,,,,,,,,,,,,,,,,,,,,,,,,,,,,,,10,0.2,
363,Prefab/m2_003.prefab,,,,,,1.9,0.5,30,0.1,6,0.1,10,,0,,,30,0.1,30,0.1,,0.1,15,0.1,,9,0.2,,30,0.2,,30,0.2,,30,0.2,10,0.2,,0.15,30,0.1,,,0.08,,0.1,,0.1,,0.09,,0.15,,0.15,,0.15,,0.15,,,,0.15,,0.08,,,,,,,,,,,,,,,,,,,,,,,,,,,,,,,,,,,,,,,,,,,,,,,,,,,,,,,,,,,,,,,,,,,,,,,30,0.2,
364,Player/Npcs/Prefabs/npc_023_b.prefab,,,,,,2.5,0.5,16,0.1,6,0.1,20,,0,,,15,0.5,15,0.5,,0.1,15,0.1,,10,0.2,,30,0.2,,30,0.2,,30,0.2,20,0.2,20,0.15,14,0.1,902301,18,0.08,,0.1,,0.1,,0.09,,0.15,,0.15,,0.15,,0.15,,,,0.15,,0.08,,,,,,,,,,,,,,,,,,,,,,,,,,,,,,,,,,,,,,,,,,,,,,,,,,,,,,,,,,,,,,,,,,,,,,,30,0.2,
365,Player/Npcs/Prefabs/npc_024_b.prefab,,,,,,2.5,0.5,16,0.1,6,0.1,20,,0,,,12,0.5,12,0.5,,0.1,15,0.1,,10,0.2,,30,0.2,,30,0.2,,30,0.2,20,0.2,13,0.4,15,0.1,902401,18,0.08,,0.1,,0.1,,0.09,,0.15,,0.15,,0.15,,0.15,,,,0.15,,0.08,,,,,,,,,,,,,,,,,,,,,,,,,,,,,,,,,,,,,,,,,,,,,,,,,,,,,,,,,,,,,,,,,,,,,,,30,0.2,
366,Player/Npcs/Prefabs/npc_032_b.prefab,,Sài Tung,,,,2.5,0.5,16,0.1,6,0.1,15,,0,,,15,0.5,15,0.5,,0.1,15,0.1,,12,0.2,,30,0.2,,30,0.2,,30,0.2,20,0.2,13,0.4,12,0.1,,15,0.08,,0.1,,0.1,,0.09,,0.15,,0.15,,0.15,,0.15,,,,0.15,,0.08,,,,,,,,,,,,,,,,,,,,,,,,,,,,,,,,,,,,,,,,,,,,,,,,,,,,,,,,,,,,,,,,,,,,,,,30,0.2,
367,Player/Npcs/Prefabs/npc_035.prefab,61,,,,,2.5,0.5,16,0.1,6,0.1,20,,0,,,20,0.5,20,0.5,,0.1,15,0.1,,12,0.2,,30,0.2,,30,0.2,,30,0.2,20,0.2,38,0.4,15,0.1,,15,0.08,,0.1,,0.1,5,0.09,,0.15,,0.15,,0.15,,0.15,,,,0.15,,0.08,,,,,,,,,,,,,,,,,,,,,,,,,20,0.05,,,,,,,,,,,,,,,,,,,,,,,,,,,,,,,,,,,,,,,,,,,,,30,0.2,
368,Player/Npcs/Prefabs/npc_042_b.prefab,,,,,,2.5,0.5,16,0.1,6,0.1,18,,0,,,18,0.5,18,0.5,,0.1,15,0.1,,9,0.2,,30,0.2,,30,0.2,,30,0.2,25,0.2,13,0.4,15,0.1,,15,0.08,,0.1,,0.1,,0.09,,0.15,,0.15,,0.15,,0.15,,,,0.15,,0.08,,,,,,,,,,,,,,,,,,,,,,,,,,,,,,,,,,,,,,,,,,,,,,,,,,,,,,,,,,,,,,,,,,,,,,,30,0.2,
369,Player/Npcs/Prefabs/npc_036_b.prefab,,,,,,2.5,0.5,16,0.1,6,0.1,19,,0,,,30,0.1,19,0.5,,0.1,15,0.1,,12,0.2,,30,0.2,,30,0.2,,30,0.2,20,0.2,13,0.4,15,0.1,,19,0.08,,0.1,,0.1,5,0.09,,0.15,,0.15,,0.15,,0.15,,,,0.15,,0.08,,,,,,,,,,,,,,,,,,,,,,,,,,,,,,,,,,,,,,,,,,,,,,,,,,,,,,,,,,,,,,,,,,,,,,,30,0.2,
370,Player/Npcs/Prefabs/npc_006_b.prefab,,,,,,2.5,0.5,16,0.1,6,0.1,20,,0,,,30,0.1,16,0.5,,0.1,15,0.1,,10,0.2,,30,0.2,,30,0.2,,30,0.2,20,0.2,,0.15,15,0.1,,22,0.08,,0.1,,0.1,,0.09,,0.15,,0.15,,0.15,,0.15,,,,0.15,,0.08,,,,,,,,,,,,,,,,,,,,,,,,,,,,,,,,,,,,,,,,,,,,,,,,,,,,,,,,,,,,,,,,,,,,,,,30,0.2,
371,Player/Npcs/Prefabs/npc_038_b.prefab,,Lộ Đạt,,,,2.5,0.5,16,0.1,6,0.1,20,,0,,,17,0.5,17,0.5,,0.1,15,0.1,,12,0.2,,30,0.2,,30,0.2,,30,0.2,20,0.2,13,0.4,15,0.1,,20,0.08,,0.1,,0.1,,0.09,,0.15,,0.15,,0.15,,0.15,,,,0.15,,0.08,,,,,,,,,,,,,,,,,,,,,,,,,,,,,,,,,,,,,,,,,,,,,,,,,,,,,,,,,,,,,,,,,,,,,,,30,0.2,
372,Player/Npcs/Prefabs/npc_008_b.prefab,,,,,,2.5,0.5,15,0.1,6,0.1,24,,0,,,30,0.1,15,0.5,,0.1,15,0.1,,10,0.2,,30,0.2,,30,0.2,,30,0.2,20,0.2,,0.15,18,0.1,900801,23,0.08,,0.1,,0.1,,0.09,,0.15,,0.15,,0.15,,0.15,,,,0.15,23,0.08,,,,,,,,,,,,,,,,,,,,,,,,,,,,,,,,,,,,,,,,,,,,,,,,,,,,,,,,,,,,,,,,,,,,,,,30,0.2,
373,Player/Npcs/Prefabs/npc_034_b.prefab,,,,,,2.5,0.5,16,0.1,6,0.1,20,,0,,,30,0.1,16,0.5,,0.1,15,0.1,,12,0.2,,30,0.2,,30,0.2,,30,0.2,20,0.2,13,0.4,15,0.1,,17,0.08,,0.1,,0.1,42,0.09,,0.15,,0.15,,0.15,,0.15,,,,0.15,,0.08,,,,,,,,,,,,,,,,,,,,,,,,,,,,,,,,,,,,,,,,,,,,,,,,,,,,,,,,,,,,,,,,,,,,,,,30,0.2,
374,Player/Other/WJ_dici.prefab,,,,,,1.7,0.5,16,0.1,6,0.1,20,,0,,,16,0.5,16,0.5,,0.1,15,0.1,,12,0.2,,20,0.2,,20,0.2,,20,0.2,20,0.2,13,0.4,15,0.1,,17,0.08,,0.1,,0.1,,0.09,,0.15,,0.15,,0.15,,0.15,,,,0.15,,0.08,,,,,,,,,,,,,,,,,,,,,,,,,,,,,,,,,,,,,,,,,,,,,,,,,,,,,,,,,,,,,,,,,,,,,,,20,0.2,
375,Player/critter/prefab/WJ_gunshi.prefab,,,,,,1.7,0.5,16,0.1,6,0.1,20,,0,,,16,0.5,16,0.5,,0.1,15,0.1,,30,0.2,,20,0.2,,20,0.2,,20,0.2,20,0.2,13,0.4,15,0.1,,17,0.08,,0.1,,0.1,,0.09,,0.15,,0.15,,0.15,,0.15,,,,0.15,,0.08,,,,,,,,,,,,,,,,,,,,,,,,,,,,,,,,,,,,,,,,,,,,,,,,,,,,,,,,,,,,,,,,,,,,,,,20,0.2,
376,Player/Other/WJ_jianqun.prefab,,,,,,1.7,0.5,16,0.1,6,0.1,20,,0,,,16,0.5,16,0.5,,0.1,15,0.1,,12,0.2,,20,0.2,,20,0.2,,20,0.2,20,0.2,13,0.4,15,0.1,,17,0.08,,0.1,,0.1,,0.09,,0.15,,0.15,,0.15,,0.15,,,,0.15,,0.08,,,,,,,,,,,,,,,,,,,,,,,,,,,,,,,,,,,,,,,,,,,,,,,,,,,,,,,,,,,,,,,,,,,,,,,20,0.2,
377,Player/Other/WJ_kaiguan.prefab,,,,,,1.7,0.5,16,0.1,6,0.1,1,,0,,,16,0.5,16,0.5,,0.1,15,0.1,,12,0.2,,20,0.2,,20,0.2,,20,0.2,20,0.2,13,0.4,15,0.1,,17,0.08,,0.1,,0.1,,0.09,,0.15,,0.15,,0.15,,0.15,,,,0.15,,0.08,,,,,,,,,,,,,,,,,,,,,,,,,,,,,,,,,,,,,,,,,,,,,,,,,,,,,,,,,,,,,,,,,,,,,,,20,0.2,
378,Player/critter/prefab/WJ_paoche.prefab,,,,,,1.7,1,16,0.1,6,0.1,20,,0,,,16,0.5,16,0.5,,0.1,15,0.1,,12,0.2,,20,0.2,,20,0.2,,20,0.2,20,0.2,13,0.4,15,0.1,,17,0.08,,0.1,,0.1,,0.09,,0.15,,0.15,,0.15,,0.15,,,,0.15,,0.08,,,,,,,,,,,,,,,,,,,,,,,,,,,,,,,,,,,,,,,,,,,,,,,,,,,,,,,,,,,,,,,,,,,,,,,20,0.2,
379,Player/critter/prefab/yaoqianshu001.prefab,,,,,,1.7,0.5,16,0.1,6,0.1,20,,0,,,16,0.5,16,0.5,,0.1,15,0.1,,12,0.2,,20,0.2,,20,0.2,,20,0.2,20,0.2,13,0.4,15,0.1,,17,0.08,,0.1,,0.1,,0.09,,0.15,,0.15,,0.15,,0.15,,,,0.15,,0.08,,,,,,,,,,,,,,,,,,,,,,,,,,,,,,,,,,,,,,,,,,,,,,,,,,,,,,,,,,,,,,,,,,,,,,,20,0.2,
380,Player/critter/prefab/gouhuo01.prefab,,,,,,0.7,0.5,30,0.1,6,0.1,10,,0,,,30,0.1,30,0.1,,0.1,15,0.1,,9,0.2,,10,0.2,,10,0.2,,10,0.2,10,0.2,,0.15,30,0.1,,,0.08,,0.1,,0.1,,0.09,,0.15,,0.15,,0.15,,0.15,,,,0.15,,0.08,,,,,,,,,,,,,,,,,,,,,,,,,,,,,,,,,,,,,,,,,,,,,,,,,,,,,,,,,,,,,,,,,,,,,,,10,0.2,
381,Player/critter/prefab/gouhuo01.prefab,,,,,,0.7,0.5,30,0.1,6,0.1,10,,0,,,30,0.1,30,0.1,,0.1,15,0.1,,9,0.2,,10,0.2,,10,0.2,,10,0.2,10,0.2,,0.15,30,0.1,,,0.08,,0.1,,0.1,,0.09,,0.15,,0.15,,0.15,,0.15,,,,0.15,,0.08,,,,,,,,,,,,,,,,,,,,,,,,,,,,,,,,,,,,,,,,,,,,,,,,,,,,,,,,,,,,,,,,,,,,,,,10,0.2,
382,Effect/Prefabs/JueSe/UI/zhiyin_jiantou.prefab,,,,,,0.7,0.5,30,0.1,6,0.1,10,,0,,,30,0.1,30,0.1,,0.1,15,0.1,,9,0.2,,10,0.2,,10,0.2,,10,0.2,10,0.2,,0.15,30,0.1,,,0.08,,0.1,,0.1,,0.09,,0.15,,0.15,,0.15,,0.15,,,,0.15,,0.08,,,,,,,,,,,,,,,,,,,,,,,,,,,,,,,,,,,,,,,,,,,,,,,,,,,,,,,,,,,,,,,,,,,,,,,10,0.2,
383,Effect/Prefabs/JueSe/UI/zhiyin_quan.prefab,,,,,,0.7,0.5,30,0.1,6,0.1,10,,0,,,30,0.1,30,0.1,,0.1,15,0.1,,9,0.2,,10,0.2,,10,0.2,,10,0.2,10,0.2,,0.15,30,0.1,,,0.08,,0.1,,0.1,,0.09,,0.15,,0.15,,0.15,,0.15,,,,0.15,,0.08,,,,,,,,,,,,,,,,,,,,,,,,,,,,,,,,,,,,,,,,,,,,,,,,,,,,,,,,,,,,,,,,,,,,,,,10,0.2,
384,Player/Npcs/Prefabs/npc_010_b.prefab,,,,,,1.75,0.5,5,0.1,6,0.1,41,,0,,,23,0.5,23,0.5,,0.1,15,0.1,,8,0.2,,30,0.2,,30,0.2,,30,0.2,15,0.2,,0.15,15,0.1,,,0.08,,0.1,,0.1,,0.09,,0.15,,0.15,,0.15,,0.15,,,,0.15,,0.08,,,,,,,,,,,,,,,,,,,,,,,,,,,,,,,,,,,,,,,,,,,,,,,,,,,,,,,,,,,,,,,,,,,,,,,30,0.2,
385,Player/Npcs/Prefabs/npc_011_b.prefab,,,,,,1.75,0.5,15,0.1,6,0.1,21,,0,,,24,0.5,24,0.5,,0.1,15,0.1,,8,0.2,,30,0.2,,30,0.2,,30,0.2,20,0.2,,0.15,20,0.1,,,0.08,,0.1,,0.1,,0.09,,0.15,,0.15,,0.15,,0.15,,,,0.15,,0.08,,,,,,,,,,,,,,,,,,,,,,,,,,,,,,,,,,,,,,,,,,,,,,,,,,,,,,,,,,,,,,,,,,,,,,,30,0.2,
386,Player/Npcs/Prefabs/npc_037_b.prefab,,,,,,2.6,0.5,16,0.1,6,0.1,20,,0,,,16,0.5,16,0.5,,0.1,15,0.1,,12,0.2,,30,0.2,,30,0.2,,30,0.2,20,0.2,13,0.4,15,0.1,,17,0.08,,0.1,,0.1,,0.09,,0.15,,0.15,,0.15,,0.15,,,,0.15,,0.08,,,,,,,,,,,,,,,,,,,,,,,,,,,,,,,,,,,,,,,,,,,,,,,,,,,,,,,,,,,,,,,,,,,,,,,30,0.2,
387,Player/Npcs/Prefabs/npc_010_b.prefab,,,,,,2,0.5,5,0.1,6,0.1,41,,0,,,23,0.5,23,0.5,,0.1,15,0.1,,8,0.2,,30,0.2,,30,0.2,,30,0.2,15,0.2,,0.15,15,0.1,,,0.08,,0.1,,0.1,,0.09,,0.15,,0.15,,0.15,,0.15,,,,0.15,,0.08,,,,,,,,,,,,,,,,,,,,,,,,,,,,,,,,,,,,,,,,,,,,,,,,,,,,,,,,,,,,,,,,,,,,,,,30,0.2,
388,Player/Npcs/Prefabs/npc_011_b.prefab,,,,,,2,0.5,15,0.1,6,0.1,21,,0,,,24,0.5,24,0.5,,0.1,15,0.1,,8,0.2,,30,0.2,,30,0.2,,30,0.2,20,0.2,,0.15,20,0.1,,,0.08,,0.1,,0.1,,0.09,,0.15,,0.15,,0.15,,0.15,,,,0.15,,0.08,,,,,,,,,,,,,,,,,,,,,,,,,,,,,,,,,,,,,,,,,,,,,,,,,,,,,,,,,,,,,,,,,,,,,,,30,0.2,
389,Player/critter/prefab/baoshikuang01.prefab,,,,,,0.5,0.5,30,0.1,6,0.1,10,,0,,,30,0.1,30,0.1,,0.1,15,0.1,,9,0.2,,10,0.2,,10,0.2,,10,0.2,10,0.2,,0.15,30,0.1,,,0.08,,0.1,,0.1,,0.09,,0.15,,0.15,,0.15,,0.15,,,,0.15,,0.08,,,,,,,,,,,,,,,,,,,,,,,,,,,,,,,,,,,,,,,,,,,,,,,,,,,,,,,,,,,,,,,,,,,,,,,10,0.2,
390,Player/critter/prefab/shuijingkuang01.prefab,,,,,,0.5,0.5,30,0.1,6,0.1,10,,0,,,30,0.1,30,0.1,,0.1,15,0.1,,9,0.2,,10,0.2,,10,0.2,,10,0.2,10,0.2,,0.15,30,0.1,,,0.08,,0.1,,0.1,,0.09,,0.15,,0.15,,0.15,,0.15,,,,0.15,,0.08,,,,,,,,,,,,,,,,,,,,,,,,,,,,,,,,,,,,,,,,,,,,,,,,,,,,,,,,,,,,,,,,,,,,,,,10,0.2,
391,Player/critter/prefab/jiazhuhuopeng01.prefab,,,,,,0.5,0.5,30,0.1,6,0.1,10,,0,,,30,0.1,30,0.1,,0.1,15,0.1,,9,0.2,,10,0.2,,10,0.2,,10,0.2,10,0.2,,0.15,30,0.1,,,0.08,,0.1,,0.1,,0.09,,0.15,,0.15,,0.15,,0.15,,,,0.15,,0.08,,,,,,,,,,,,,,,,,,,,,,,,,,,,,,,,,,,,,,,,,,,,,,,,,,,,,,,,,,,,,,,,,,,,,,,10,0.2,
392,Player/critter/prefab/jiazhuhuopeng02.prefab,,,,,,0.5,0.5,30,0.1,6,0.1,10,,0,,,30,0.1,30,0.1,,0.1,15,0.1,,9,0.2,,10,0.2,,10,0.2,,10,0.2,10,0.2,,0.15,30,0.1,,,0.08,,0.1,,0.1,,0.09,,0.15,,0.15,,0.15,,0.15,,,,0.15,,0.08,,,,,,,,,,,,,,,,,,,,,,,,,,,,,,,,,,,,,,,,,,,,,,,,,,,,,,,,,,,,,,,,,,,,,,,10,0.2,
393,Player/Npcs/Prefabs/npc_054_s.prefab,,,,,,1.75,0.5,16,0.1,6,0.1,16,,0,,,30,0.1,14,0.5,,0.1,15,0.1,,12,0.2,,30,0.2,,30,0.2,,30,0.2,20,0.2,24,0.15,14,0.1,,17,0.08,,0.1,,0.1,,0.09,,0.15,,0.15,,0.15,,0.15,,,,0.15,,0.08,,,,,,,,,,,,,,,,,,,,,,,,,,,,,,,,,,,,,,,,,,,,,,,,,,,,,,,,,,,,,,,,,,,,,,,30,0.2,
394,Player/Npcs/Prefabs/npc_057_s.prefab,,,,,,1.9,0.5,15,0.1,6,0.1,17,,0,,,30,0.1,18,0.5,,0.1,15,0.1,,12,0.2,,30,0.2,,30,0.2,,30,0.2,20,0.2,20,0.15,14,0.1,,19,0.08,,0.1,,0.1,,0.09,,0.15,,0.15,,0.15,,0.15,,,,0.15,,0.08,,,,,,,,,,,,,,,,,,,,,,,,,,,,,,,,,,,,,,,,,,,,,,,,,,,,,,,,,,,,,,,,,,,,,,,30,0.2,
395,Player/Characters/Prefabs/m2_001.prefab,,,,,,1.8,0.5,45,0.1,6,0.1,19,,0,,,35,0.09,35,0.09,5,0.1,15,0.1,,18,0.1,,30,0.1,,30,0.1,,30,0.1,30,0.1,20,0.05,15,0.1,,15,0.08,13,0.1,13,0.05,17,0,15,0.1,5,0.2,18,0.15,60,0.15,,,,0.15,15,0.08,,,18,0,6,0,13,0,18,0,18,0,,,24,0.4,,,,,,,,,,,,,,,,,,,,,,,,,,,,,,,,,,,,,,,,,,,,,,,,,,,,,,,30,0.1,
396,Player/Characters/Prefabs/f2_003.prefab,,,,,,1.6,0.5,45,0.1,6,0.1,20,,0,,,35,0.09,35,0.09,13,0.1,15,0.1,,16,0.1,,30,0.1,,30,0.1,,30,0.1,30,0.1,25,0.05,10,0.1,,15,0.08,13,0.1,15,0.1,15,0.09,18,0.11,23,0.1,25,0.12,20,0.15,,,,0.15,15,0.08,,,18,0,7,0,13,0,18,0,18,0,,,20,0.4,,,,,,,,,,,,,,,,,,,,,,,,,,,,,,,,,,,,,,,,,,,,,,,,,,,,,,,30,0.1,
397,Player/Characters/Prefabs/f1_001.prefab,,,,,,1.2,0.5,45,0.1,6,0.1,15,,0,,,35,0.09,35,0.09,13,0.1,15,0.1,,15,0.1,,30,0.1,,30,0.1,,30,0.1,30,0.1,25,0.05,15,0.08,,15,0.08,16,0.065,,,18,0.09,21,0.1,20,0.2,20,0.15,37,0.15,,,,0.15,15,0.08,,,17,0,7,0,13,0,18,0,17,0,,,20,0.4,,,,,,,,,,,,,,,,,,,,,,,,,,,,,,,,,,,,,,,,,,,,,,,,,,,,,,,30,0.1,
398,Player/Characters/Prefabs/m1_002.prefab,,,,,,1.68,0.5,38,0.1,6,0.1,19,,0,,,35,0.09,35,0.09,13,0.1,15,0.1,,16,0.1,,30,0.1,,30,0.1,,30,0.1,30,0.1,25,0.06,13,0.1,,13,0.08,15,0.08,15,0.1,23,0.05,6,0.05,13,0.05,28,0.15,30,0.15,,,5,,5,0.08,5,0.01,20,0,5,0,13,0,18,0,20,0,28,0.15,23,0.4,,,,,,,,,,,,,,,,,,,,,,,,,,,,,,,,,,,,,,,,,,,,,,,,,,,,,,,30,0.1,
399,Player/Npcs/Prefabs/npc_016_b.prefab,,,,,,1.75,0.5,16,0.1,6,0.1,18,,0,,,10,0.5,10,0.5,,0.1,15,0.1,,12,0.2,,30,0.2,,30,0.2,,30,0.2,20,0.2,,0.15,18,0.1,,,0.08,,0.1,,0.1,,0.09,,0.15,,0.15,,0.15,,0.15,,,,0.15,,0.08,,,,,,,,,,,,,,,,,,,,,,,,,,,,,,,,,,,,,,,,,,,,,,,,,,,,,,,,,,,,,,,,,,,,,,,30,0.2,
400,Player/Npcs/Prefabs/npc_043_b.prefab,,Cố Võ,,,,2.5,0.5,16,0.1,6,0.1,18,,0,,,31,0.1,18,0.5,,0.1,15,0.1,,12,0.2,,30,0.2,,30,0.2,,30,0.2,20,0.2,13,0.4,15,0.1,,15,0.08,,0.1,,0.1,,0.09,,0.15,,0.15,,0.15,,0.15,,,,0.15,,0.08,,,,,,,,,,,,,,,,,,,,,,,,,,,,,,,,,,,,,,,,,,,,,,,,,,,,,,,,,,,,,,,,,,,,,,,30,0.2,
401,Player/Npcs/Prefabs/npc_044.prefab,61,Dương Hồ,,,,2.5,0.5,16,0.1,6,0.1,18,,0,,,17,0.5,17,0.5,,0.1,15,0.1,,12,0.2,,30,0.2,,30,0.2,,30,0.2,20,0.2,13,0.4,15,0.1,,15,0.08,,0.1,,0.1,,0.09,,0.15,,0.15,,0.15,,0.15,,,,0.15,,0.08,,,,,,,,,,,,,,,,,,,,,,,,,,,,,,,,,,,,,,,,,,,,,,,,,,,,,,,,,,,,,,,,,,,,,,,30,0.2,
402,Player/Npcs/Prefabs/npc_053_b.prefab,,Triệu Tiết,,,,2.5,0.5,16,0.1,6,0.1,18,,0,,,18,0.5,18,0.5,,0.1,15,0.1,,12,0.2,,30,0.2,,30,0.2,,30,0.2,20,0.2,20,0.15,15,0.1,,16,0.08,,0.1,,0.1,,0.09,,0.15,,0.15,,0.15,,0.15,,,,0.15,,0.08,,,,,,,,,,,,,,,,,,,,,,,,,,,,,,,,,,,,,,,,,,,,,,,,,,,,,,,,,,,,,,,,,,,,,,,30,0.2,
408,Player/Npcs/Prefabs/npc_031_b.prefab,,,,,,2.5,0.5,16,0.1,6,0.1,16,,0,,,14,0.5,14,0.5,,0.1,15,0.1,,9,0.2,,30,0.2,,30,0.2,,30,0.2,20,0.2,43,0.4,15,0.1,,14,0.08,,0.1,,0.1,,0.09,,0.15,,0.15,,0.15,,0.15,,,,0.15,,0.08,,,,,,,,,,,,,,,,,,,,,,,,,,,,,,,,,,,,,,,,,,,,,,,,,,,,,,,,,,,,,,,,,,,,,,,30,0.2,
409,Player/Npcs/Prefabs/npc_093.prefab,61,Trương Như Mộng,,,,2.5,0.5,16,0.1,6,0.1,20,,0,,,16,0.5,16,0.5,,0.1,15,0.1,,12,0.2,,30,0.2,,30,0.2,,30,0.2,20,0.2,29,0.15,15,0.1,,25,0.08,,0.1,,0.1,10,0.09,,0.15,,0.15,,0.15,,0.15,,,,0.15,,0.08,,,,,,,,,,,,,,,,,,,,,,,,,20,0.05,,,,,,,,,,,,,,,,,,,,,,,,,,,,,,,,,,,,,,,,,,,,,30,0.2,
410,Player/critter/prefab/WJ_zb001.prefab,,,,,,3.5,0.5,30,0.1,6,0.1,10,,0,,,30,0.1,30,0.1,,0.1,15,0.1,,9,0.2,,10,0.2,,10,0.2,,10,0.2,10,0.2,,0.15,30,0.1,,,0.08,,0.1,,0.1,,0.09,,0.15,,0.15,,0.15,,0.15,,,,0.15,,0.08,,,,,,,,,,,,,,,,,,,,,,,,,,,,,,,,,,,,,,,,,,,,,,,,,,,,,,,,,,,,,,,,,,,,,,,10,0.2,
411,Player/critter/prefab/WJ_zb002.prefab,,,,,,2.5,0.5,30,0.1,6,0.1,10,,0,,,30,0.1,30,0.1,,0.1,15,0.1,,9,0.2,,10,0.2,,10,0.2,,10,0.2,10,0.2,,0.15,30,0.1,,,0.08,,0.1,,0.1,,0.09,,0.15,,0.15,,0.15,,0.15,,,,0.15,,0.08,,,,,,,,,,,,,,,,,,,,,,,,,,,,,,,,,,,,,,,,,,,,,,,,,,,,,,,,,,,,,,,,,,,,,,,10,0.2,
412,Player/critter/prefab/XWJ_junqi.prefab,,,,,,5,0.5,30,0.1,6,0.1,10,,0,,,30,0.1,30,0.1,,0.1,15,0.1,,9,0.2,,10,0.2,,10,0.2,,10,0.2,10,0.2,,0.15,30,0.1,,,0.08,,0.1,,0.1,,0.09,,0.15,,0.15,,0.15,,0.15,,,,0.15,,0.08,,,,,,,,,,,,,,,,,,,,,,,,,,,,,,,,,,,,,,,,,,,,,,,,,,,,,,,,,,,,,,,,,,,,,,,10,0.2,
413,Player/critter/prefab/wj_shibei01.prefab,,,,,,3,0.5,30,0.1,6,0.1,10,,0,,,30,0.1,30,0.1,,0.1,15,0.1,,9,0.2,,10,0.2,,10,0.2,,10,0.2,10,0.2,,0.15,30,0.1,,,0.08,,0.1,,0.1,,0.09,,0.15,,0.15,,0.15,,0.15,,,,0.15,,0.08,,,,,,,,,,,,,,,,,,,,,,,,,,,,,,,,,,,,,,,,,,,,,,,,,,,,,,,,,,,,,,,,,,,,,,,10,0.2,
414,Player/critter/prefab/wj_shibei02.prefab,,,,,,3,0.5,30,0.1,6,0.1,10,,0,,,30,0.1,30,0.1,,0.1,15,0.1,,9,0.2,,10,0.2,,10,0.2,,10,0.2,10,0.2,,0.15,30,0.1,,,0.08,,0.1,,0.1,,0.09,,0.15,,0.15,,0.15,,0.15,,,,0.15,,0.08,,,,,,,,,,,,,,,,,,,,,,,,,,,,,,,,,,,,,,,,,,,,,,,,,,,,,,,,,,,,,,,,,,,,,,,10,0.2,
415,Player/critter/prefab/wj_shibei03.prefab,,,,,,3,0.5,30,0.1,6,0.1,10,,0,,,30,0.1,30,0.1,,0.1,15,0.1,,9,0.2,,10,0.2,,10,0.2,,10,0.2,10,0.2,,0.15,30,0.1,,,0.08,,0.1,,0.1,,0.09,,0.15,,0.15,,0.15,,0.15,,,,0.15,,0.08,,,,,,,,,,,,,,,,,,,,,,,,,,,,,,,,,,,,,,,,,,,,,,,,,,,,,,,,,,,,,,,,,,,,,,,10,0.2,
416,Player/critter/prefab/wj_shibei04.prefab,,,,,,3,0.5,30,0.1,6,0.1,10,,0,,,30,0.1,30,0.1,,0.1,15,0.1,,9,0.2,,10,0.2,,10,0.2,,10,0.2,10,0.2,,0.15,30,0.1,,,0.08,,0.1,,0.1,,0.09,,0.15,,0.15,,0.15,,0.15,,,,0.15,,0.08,,,,,,,,,,,,,,,,,,,,,,,,,,,,,,,,,,,,,,,,,,,,,,,,,,,,,,,,,,,,,,,,,,,,,,,10,0.2,
417,Player/Characters/Prefabs/m2_001_h.prefab,,Giao diện đăng nhập-Thiên Vương,,,,1.65,0.5,45,0.1,6,0.1,19,,0,,,35,0.09,35,0.09,5,0.1,15,0.1,,15,0.1,,30,0.1,,30,0.1,,30,0.1,30,0.1,20,0.05,15,0.1,,15,0.08,13,0.1,13,0.05,17,0.5,15,0.1,5,0.2,18,0.15,60,0.15,,,,0.15,15,0.08,,,18,0,6,0,13,0,18,0,18,0,,,24,0.4,58,0.1,,,,,,,,,,,,,,,,,,,,,,,,,,,,,,,,,,,,,,,,,,,,,,,,,,,,,30,0.1,
418,Player/Characters/Prefabs/f2_003_h.prefab,,Giao diện đăng nhập-Nga Mi,,,,1.4,0.5,45,0.1,6,0.1,20,,0,,,35,0.09,35,0.09,13,0.1,15,0.1,,15,0.1,,30,0.1,,30,0.1,,30,0.1,30,0.1,25,0.05,10,0.1,,15,0.08,13,0.1,15,0.1,15,0.09,18,0.11,23,0.1,25,0.12,20,0.15,,,,0.15,15,0.08,,,18,0,7,0,13,0,18,0,18,0,,,20,0.4,25,0.1,,,,,,,,,,,,,,,,,,,,,,,,,,,,,,,,,,,,,,,,,,,,,,,,,,,,,30,0.1,
419,Player/Characters/Prefabs/f1_001_h.prefab,,Giao diện đăng nhập-Đào Hoa,,,,1.15,0.5,45,0.1,6,0.1,15,,0,,,35,0.09,35,0.09,13,0.1,15,0.1,,15,0.1,,30,0.1,,30,0.1,,30,0.1,30,0.1,25,0.05,15,0.08,,15,0.08,16,0.065,,,18,0.09,21,0.1,20,0.2,20,0.15,37,0.15,,,,0.15,15,0.08,,,17,0,7,0,13,0,18,0,17,0,,,20,0.4,27,0.1,,,,,,,,,,,,,,,,,,,,,,,,,,,,,,,,,,,,,,,,,,,,,,,,,,,,,30,0.1,
420,Player/Characters/Prefabs/m1_002_h.prefab,,Giao diện đăng nhập-Tiêu Dao,,,,1.56,0.5,38,0.1,6,0.1,19,,0,,,35,0.09,35,0.09,13,0.1,15,0.1,,15,0.1,,30,0.1,,30,0.1,,30,0.1,30,0.1,25,0.06,13,0.1,,13,0.08,15,0.08,15,0.1,23,0.05,6,0.05,13,0.05,28,0.15,30,0.15,,,5,,5,0.08,5,0.01,20,0,5,0,13,0,18,0,20,0,28,0.15,23,0.4,80,0.1,,,,,,,,,,,,,,,,,,,,,,,,,,,,,,,,,,,,,,,,,,,,,,,,,,,,,30,0.1,
421,Player/Npcs/Prefabs/m2_001_npc.prefab,,Thiên Vương Tâm Ma,,,,2,0.5,45,0.1,6,0.1,19,,0,,,35,0.09,35,0.09,5,0.1,15,0.1,,15,0.1,,30,0.1,,30,0.1,,30,0.1,30,0.1,20,0.05,15,0.1,,15,0.08,13,0.1,13,0.05,17,0,15,0.1,5,0.2,18,0.15,60,0.15,,,,0.15,15,0.08,,,18,0,6,0,13,0,18,0,18,0,,,24,0.4,,,,,,,,,,,,,,,,,,,,,,,,,,,,,,,,,,,,,,,,,,,,,,,,,,,,,,,30,0.1,
422,Player/Npcs/Prefabs/f2_001_npc.prefab,,Nga Mi Tâm Ma,,,,2,0.5,45,0.1,6,0.1,20,,0,,,35,0.09,35,0.09,13,0.1,15,0.1,,15,0.1,,30,0.1,,30,0.1,,30,0.1,30,0.1,25,0.05,10,0.1,,15,0.08,13,0.1,15,0.1,15,0.09,18,0.11,23,0.1,25,0.12,20,0.15,,,,0.15,15,0.08,,,18,0,7,0,13,0,18,0,18,0,,,20,0.4,,,,,,,,,,,,,,,,,,,,,,,,,,,,,,,,,,,,,,,,,,,,,,,,,,,,,,,30,0.1,
423,Player/Npcs/Prefabs/f1_001_npc.prefab,,Đào Hoa Tâm Ma,,,,1.6,0.5,45,0.1,6,0.1,15,,0,,,35,0.09,35,0.09,13,0.1,15,0.1,,15,0.1,,30,0.1,,30,0.1,,30,0.1,30,0.1,25,0.05,15,0.08,,15,0.08,16,0.065,,,18,0.09,21,0.1,20,0.2,20,0.15,37,0.15,,,,0.15,15,0.08,,,17,0,7,0,13,0,18,0,17,0,,,20,0.4,,,,,,,,,,,,,,,,,,,,,,,,,,,,,,,,,,,,,,,,,,,,,,,,,,,,,,,30,0.1,
424,Player/Npcs/Prefabs/m1_001_npc.prefab,,Tiêu Dao Tâm Ma,,,,2,0.5,38,0.1,6,0.1,19,,0,,,35,0.09,35,0.09,13,0.1,15,0.1,,15,0.1,,30,0.1,,30,0.1,,30,0.1,30,0.1,25,0.06,13,0.1,,13,0.08,15,0.08,15,0.1,23,0.05,6,0.05,13,0.05,28,0.15,30,0.15,,,5,,5,0.08,5,0.01,20,0,5,0,13,0,18,0,20,0,28,0.15,23,0.4,,,,,,,,,,,,,,,,,,,,,,,,,,,,,,,,,,,,,,,,,,,,,,,,,,,,,,,30,0.1,
425,Player/Npcs/Prefabs/npc_094.prefab,61,Trác Phi Phàm,,,,2.5,0.5,16,0.1,6,0.1,19,,0,,,20,0.5,20,0.5,,0.1,15,0.1,,12,0.2,,30,0.2,,30,0.2,,30,0.2,20,0.2,24,0.15,15,0.1,,15,0.08,,0.1,,0.1,15,0.09,,0.15,,0.15,,0.15,,0.15,,,,0.15,,0.08,,,33,,,,,,,,,,,,,,,,,,,,,,20,0.05,2,0.05,,,,,,,,,,,,,,,,,,,,,,,,,,,,,,,,,,,,,,,,,,,30,0.2,
426,Player/critter/prefab/critter_horse.prefab,,,,,,1.75,0.5,16,0.1,6,0.1,19,,0,,,20,0.5,20,0.5,,0.1,15,0.1,,12,0.2,,136,0.2,,136,0.2,,136,0.2,20,0.2,24,0.15,15,0.1,,15,0.08,,0.1,,0.1,15,0.09,,0.15,,0.15,,0.15,,0.15,,,,0.15,,0.08,,,,,,,,,,,,,,,,,,,,,,,,,,,,,,,,,,,,,,,,,,,,,,,,,,,,,,,,,,,,,,,,,,,,,,,136,0.2,
427,Player/critter/prefab/critter_horse.prefab,,,,,,1.75,0.5,16,0.1,6,0.1,19,,0,,,20,0.5,20,0.5,,0.1,15,0.1,,12,0.2,,170,0.2,,170,0.2,,170,0.2,20,0.2,24,0.15,15,0.1,,15,0.08,,0.1,,0.1,15,0.09,,0.15,,0.15,,0.15,,0.15,,,,0.15,,0.08,,,,,,,,,,,,,,,,,,,,,,,,,,,,,,,,,,,,,,,,,,,,,,,,,,,,,,,,,,,,,,,,,,,,,,,170,0.2,
428,Player/Characters/Prefabs/m3_001_h.prefab,,Giao diện đăng nhập-Võ Đang,,,,1.56,0.5,38,0.1,6,0.1,20,,0,,,35,0.09,35,0.09,13,0.1,15,0.1,,16,0.1,,30,0.1,,30,0.1,,30,0.1,30,0.1,25,0.06,13,0.1,,13,0.08,13,0.08,18,0.01,18,0.05,21,0.05,20,0.05,28,0.15,48,0.15,,,5,,5,0.08,5,0.01,20,0,6,0,13,0,18,0,20,0,28,0.15,20,0.4,75,0.1,,,,,,,,,,,,,,,,,,,,,,,,,,,,,,,,,,,,,,,,,,,,,,,,,,,,,30,0.1,
429,Player/Characters/Prefabs/f3_001_h.prefab,,Giao diện đăng nhập-Thiên Nhẫn,,,,1.4,0.5,45,0.1,6,0.1,20,,0,,,35,0.09,35,0.09,13,0.1,15,0.1,,12,0.1,,30,0.1,,30,0.1,,30,0.1,30,0.1,25,0.05,15,0.08,,15,0.08,16,0.065,,,18,0.09,21,0.1,20,0.2,20,0.15,37,0.15,,,,0.15,15,0.08,,,18,0,7,0,13,0,18,0,17,0,,,20,0.4,76,0.1,,,,,,,,,,,,,,,,,,,,,,,,,,,,,,,,,,,,,,,,,,,,,,,,,,,,,30,0.1,
430,Player/Npcs/Prefabs/npc_102_b.prefab,,Nguyệt My Nhi (Phóng to),,,,2.5,0.5,15,0.1,6,0.1,21,,0,,,19,0.5,19,0.5,,0.1,15,0.1,,12,0.2,,30,0.2,,30,0.2,,30,0.2,20,0.2,28,0.15,15,0.1,,15,0.08,,0.1,,0.1,15,0.09,,0.15,,0.15,,0.15,,0.15,,,,0.15,,0.08,,,,,,,,,,,,,,,,,,,,,,,,,20,0.05,,,,,,,,,,,,,,,,,,,,,,,,,,,,,,,,,,,,,,,,,,,,,30,0.2,
431,Player/Npcs/Prefabs/npc_081b.prefab,,,,,,1.75,0.5,16,0.1,6,0.1,19,,0,,,20,0.5,20,0.5,,0.1,16,0.1,,12,0.2,,30,0.2,,30,0.2,,30,0.2,20,0.2,24,0.15,15,0.1,,15,0.08,,0.1,,0.1,,0.09,,0.15,,0.15,,0.15,,0.15,,,,0.15,,0.08,,,,,,,,,,,,,,,,,,,,,,,,,,,,,,,,,,,,,,,,,,,,,,,,,,,,,,,,,,,,,,,,,,,,,,,30,0.2,
432,Player/Npcs/Prefabs/dl_qz.prefab,,Đăng nhập Cờ Thiên Vương,,,,1.75,0.5,16,0.1,6,0.1,19,,0,,,20,0.5,20,0.5,,0.1,16,0.1,,12,0.2,,30,0.2,,30,0.2,,30,0.2,45,0.2,24,0.15,63,0.1,,15,0.08,,0.1,,0.1,,0.09,,0.15,,0.15,,0.15,,0.15,,,,0.15,,0.08,,,,,,,,,,,,,,,,,,,,,,,,,,,,,,,,,,,,,,,,,,,,,,,,,,,,,,,,,,,,,,,,,,,,,,,30,0.2,
433,Player/Npcs/Prefabs/npc_005a.prefab,,Hà Mộ Tuyết,,,,1.75,0.5,16,0.1,6,0.1,13,,0,,,13,0.5,13,0.5,,0.1,16,0.1,,12,0.2,,30,0.2,,30,0.2,,30,0.2,18,0.2,,0.15,15,0.1,,,0.08,,0.1,,0.1,,0.09,,0.15,,0.15,,0.15,,0.15,,,,0.15,,0.08,,,,,,,,,,,,,,,,,,,,,,,,,,,,,,,,,,,,,,,,,,,,,,,,,,,,,,,,,,,,,,,,,,,,,,,30,0.2,
434,Player/Npcs/Prefabs/m3_001_npc.prefab,,Võ Đang Tâm Ma,,,,2,0.5,38,0.1,6,0.1,20,,0,,,35,0.09,35,0.09,13,0.1,15,0.1,,16,0.1,,30,0.1,,30,0.1,,30,0.1,30,0.1,25,0.06,13,0.1,,13,0.08,13,0.08,18,0.01,18,0.05,21,0.05,20,0.05,28,0.15,48,0.15,,,5,,5,0.08,5,0.01,20,0,6,0,13,0,18,0,20,0,28,0.15,20,0.4,,,,,,,,,,,,,,,,,,,,,,,,,,,,,,,,,,,,,,,,,,,,,,,,,,,,,,,30,0.1,
435,Player/Npcs/Prefabs/f3_001_npc.prefab,,Thiên Nhẫn Tâm Ma,,,,2,0.5,45,0.1,6,0.1,20,,0,,,35,0.09,35,0.09,13,0.1,15,0.1,,15,0.1,,30,0.1,,30,0.1,,30,0.1,30,0.1,25,0.05,10,0.08,,10,0.08,14,0.065,12,0.01,12,0.09,16,0.1,15,0.05,15,0.1,31,0.1,,,,0.15,15,0.08,,,18,0,7,0,13,0,18,0,17,0,,,20,0.4,,,,,,,,,,,,,,,,,,,,,,,,,,,,,,,,,,,,,,,,,,,,,,,,,,,,,,,30,0.1,
436,Player/Npcs/Prefabs/npc_055_s.prefab,,,,,,1.75,0.5,16,0.1,6,0.1,20,,0,,,30,0.1,18,0.5,,0.1,15,0.1,,12,0.2,,30,0.2,,30,0.2,,30,0.2,20,0.2,13,0.4,15,0.1,,15,0.08,,0.1,,0.1,,0.09,,0.15,,0.15,,0.15,,0.15,,,,0.15,,0.08,,,,,,,,,,,,,,,,,,,,,,,,,,,,,,,,,,,,,,,,,,,,,,,,,,,,,,,,,,,,,,,,,,,,,,,30,0.2,
437,Player/Npcs/Prefabs/npc_182_b.prefab,,Ong Quỷ,,,,1.75,0.5,15,0.1,6,0.1,10,,0,,,14,0.5,14,0.5,,0.1,20,0.1,,21,0.2,,30,0.2,,30,0.2,,30,0.2,20,0.2,24,0.15,10,0.1,,15,0.08,,0.1,,0.1,21,0.09,,0.15,,0.15,,0.15,,0.15,,,,0.15,,0.08,,,,,,,,,,,,,,,,,,,,,,,,,,,,,,,,,,,,,,,,,,,,,,,,,,,,,,,,,,,,,,,,,,,,,,,30,0.2,
438,Player/critter/prefab/critter_mache001.prefab,,Mã Xa,,,,1.75,0.5,30,0.1,6,0.1,10,,0,,,30,0.1,30,0.1,,0.1,15,0.1,,15,0.2,,135,0.2,,135,0.2,,135,0.2,10,0.2,,0.15,30,0.1,,,0.08,,0.1,,0.1,,0.09,,0.15,,0.15,,0.15,,0.15,,,,0.15,,0.08,,,,,,,,,,,,,,,,,,,,,,,,,,,,,,,,,,,,,,,,,,,,,,,,,,,,,,,,,,,,,,,,,,,,,,,135,0.2,
439,Player/critter/prefab/daihuacao.prefab,,Dược thảo có hoa,,,,1,0.5,30,0.1,6,0.1,10,,0,,,30,0.1,30,0.1,,0.1,15,0.1,,9,0.2,,10,0.2,,10,0.2,,10,0.2,10,0.2,,0.15,30,0.1,,,0.08,,0.1,,0.1,,0.09,,0.15,,0.15,,0.15,,0.15,,,,0.15,,0.08,,,,,,,,,,,,,,,,,,,,,,,,,,,,,,,,,,,,,,,,,,,,,,,,,,,,,,,,,,,,,,,,,,,,,,,10,0.2,
440,Player/critter/prefab/guoshicao.prefab,,Dược Thảo Trái Cây,,,,1,0.5,30,0.1,6,0.1,10,,0,,,30,0.1,30,0.1,,0.1,15,0.1,,9,0.2,,10,0.2,,10,0.2,,10,0.2,10,0.2,,0.15,30,0.1,,,0.08,,0.1,,0.1,,0.09,,0.15,,0.15,,0.15,,0.15,,,,0.15,,0.08,,,,,,,,,,,,,,,,,,,,,,,,,,,,,,,,,,,,,,,,,,,,,,,,,,,,,,,,,,,,,,,,,,,,,,,10,0.2,
441,Player/critter/prefab/jiaoyin.prefab,,Dấu Chân,,,,1,0.5,30,0.1,6,0.1,10,,0,,,30,0.1,30,0.1,,0.1,15,0.1,,9,0.2,,10,0.2,,10,0.2,,10,0.2,10,0.2,,0.15,30,0.1,,,0.08,,0.1,,0.1,,0.09,,0.15,,0.15,,0.15,,0.15,,,,0.15,,0.08,,,,,,,,,,,,,,,,,,,,,,,,,,,,,,,,,,,,,,,,,,,,,,,,,,,,,,,,,,,,,,,,,,,,,,,10,0.2,
442,Player/critter/prefab/lubiao01.prefab,,Biển Báo,,,,1,0.5,30,0.1,6,0.1,10,,0,,,30,0.1,30,0.1,,0.1,15,0.1,,9,0.2,,10,0.2,,10,0.2,,10,0.2,10,0.2,,0.15,30,0.1,,,0.08,,0.1,,0.1,,0.09,,0.15,,0.15,,0.15,,0.15,,,,0.15,,0.08,,,,,,,,,,,,,,,,,,,,,,,,,,,,,,,,,,,,,,,,,,,,,,,,,,,,,,,,,,,,,,,,,,,,,,,10,0.2,
443,Player/critter/prefab/lubiao02.prefab,,Biển Báo,,,,1,0.5,30,0.1,6,0.1,10,,0,,,30,0.1,30,0.1,,0.1,15,0.1,,9,0.2,,10,0.2,,10,0.2,,10,0.2,10,0.2,,0.15,30,0.1,,,0.08,,0.1,,0.1,,0.09,,0.15,,0.15,,0.15,,0.15,,,,0.15,,0.08,,,,,,,,,,,,,,,,,,,,,,,,,,,,,,,,,,,,,,,,,,,,,,,,,,,,,,,,,,,,,,,,,,,,,,,10,0.2,
444,Player/critter/prefab/luoye.prefab,,Đống Lá Rơi,,,,1,0.5,30,0.1,6,0.1,10,,0,,,30,0.1,30,0.1,,0.1,15,0.1,,9,0.2,,10,0.2,,10,0.2,,10,0.2,10,0.2,,0.15,30,0.1,,,0.08,,0.1,,0.1,,0.09,,0.15,,0.15,,0.15,,0.15,,,,0.15,,0.08,,,,,,,,,,,,,,,,,,,,,,,,,,,,,,,,,,,,,,,,,,,,,,,,,,,,,,,,,,,,,,,,,,,,,,,10,0.2,
445,Player/critter/prefab/mucai.prefab,,Củi,,,,1,0.5,30,0.1,6,0.1,10,,0,,,30,0.1,30,0.1,,0.1,15,0.1,,9,0.2,,10,0.2,,10,0.2,,10,0.2,10,0.2,,0.15,30,0.1,,,0.08,,0.1,,0.1,,0.09,,0.15,,0.15,,0.15,,0.15,,,,0.15,,0.08,,,,,,,,,,,,,,,,,,,,,,,,,,,,,,,,,,,,,,,,,,,,,,,,,,,,,,,,,,,,,,,,,,,,,,,10,0.2,
446,Player/critter/prefab/muxiang.prefab,,Rương Gỗ,,,,1,0.5,30,0.1,6,0.1,10,,0,,,30,0.1,30,0.1,,0.1,15,0.1,,9,0.2,,10,0.2,,10,0.2,,10,0.2,10,0.2,,0.15,30,0.1,,,0.08,,0.1,,0.1,,0.09,,0.15,,0.15,,0.15,,0.15,,,,0.15,,0.08,,,,,,,,,,,,,,,,,,,,,,,,,,,,,,,,,,,,,,,,,,,,,,,,,,,,,,,,,,,,,,,,,,,,,,,10,0.2,
447,Player/critter/prefab/pingguo.prefab,,Đống Trái Cây,,,,1,0.5,30,0.1,6,0.1,10,,0,,,30,0.1,30,0.1,,0.1,15,0.1,,9,0.2,,10,0.2,,10,0.2,,10,0.2,10,0.2,,0.15,30,0.1,,,0.08,,0.1,,0.1,,0.09,,0.15,,0.15,,0.15,,0.15,,,,0.15,,0.08,,,,,,,,,,,,,,,,,,,,,,,,,,,,,,,,,,,,,,,,,,,,,,,,,,,,,,,,,,,,,,,,,,,,,,,10,0.2,
448,Player/critter/prefab/yaocao.prefab,,Dược thảo,,,,1,0.5,30,0.1,6,0.1,10,,0,,,30,0.1,30,0.1,,0.1,15,0.1,,9,0.2,,10,0.2,,10,0.2,,10,0.2,10,0.2,,0.15,30,0.1,,,0.08,,0.1,,0.1,,0.09,,0.15,,0.15,,0.15,,0.15,,,,0.15,,0.08,,,,,,,,,,,,,,,,,,,,,,,,,,,,,,,,,,,,,,,,,,,,,,,,,,,,,,,,,,,,,,,,,,,,,,,10,0.2,
449,Player/critter/prefab/yifu.prefab,,Áo,,,,1,0.5,30,0.1,6,0.1,10,,0,,,30,0.1,30,0.1,,0.1,15,0.1,,9,0.2,,10,0.2,,10,0.2,,10,0.2,10,0.2,,0.15,30,0.1,,,0.08,,0.1,,0.1,,0.09,,0.15,,0.15,,0.15,,0.15,,,,0.15,,0.08,,,,,,,,,,,,,,,,,,,,,,,,,,,,,,,,,,,,,,,,,,,,,,,,,,,,,,,,,,,,,,,,,,,,,,,10,0.2,
450,Player/critter/prefab/caomao.prefab ,,Nón Rơm,,,,1,0.5,30,0.1,6,0.1,10,,0,,,30,0.1,30,0.1,,0.1,15,0.1,,9,0.2,,10,0.2,,10,0.2,,10,0.2,10,0.2,,0.15,30,0.1,,,0.08,,0.1,,0.1,,0.09,,0.15,,0.15,,0.15,,0.15,,,,0.15,,0.08,,,,,,,,,,,,,,,,,,,,,,,,,,,,,,,,,,,,,,,,,,,,,,,,,,,,,,,,,,,,,,,,,,,,,,,10,0.2,
451,Player/Npcs/Prefabs/npc_118_b.prefab,,Vô Tướng,,,,2.5,0.5,15,0.1,6,0.1,20,,0,,,15,0.5,15,0.5,,0.1,16,0.1,,12,0.2,,30,0.2,,30,0.2,,30,0.2,20,0.2,26,0.15,15,0.1,,14,0.08,,0.1,,0.1,15,0.09,,0.15,,0.15,,0.15,,0.15,,,,0.15,,0.08,,,,,,,,,,,,,,,,,,,,,,,,,,,,,,,,,,,,,,,,,,,,,,,,,,,,,,,,,,,,,,,,,,,,,,,30,0.2,
452,Player/Npcs/Prefabs/npc_119.prefab,61,Trương Phong,,,,2.5,0.5,15,0.1,6,0.1,19,,0,,,20,0.5,20,0.5,,0.1,16,0.1,,12,0.2,,30,0.2,,30,0.2,,30,0.2,20,0.2,40,0.15,15,0.1,,15,0.08,,0.1,,0.1,15,0.09,,0.15,,0.15,,0.15,,0.15,,,,0.15,,0.08,,,,,,,,,,,,,,,,,,,,,,,,,20,0.05,,,,,,,,,,,,,,,,,,,,,,,,,,,,,,,,,,,,,,,,,,,,,30,0.2,
453,Player/Npcs/Prefabs/npc_120_b.prefab,,Lâm Hải,,,,2.5,0.5,15,0.1,6,0.1,19,,0,,,20,0.5,20,0.5,,0.1,16,0.1,,12,0.2,,30,0.2,,30,0.2,,30,0.2,20,0.2,24,0.15,15,0.1,,15,0.08,,0.1,,0.1,15,0.09,,0.15,,0.15,,0.15,,0.15,,,,0.15,,0.08,,,,,,,,,,,,,,,,,,,,,,,,,20,0.05,,,,,,,,,,,,,,,,,,,,,,,,,,,,,,,,,,,,,,,,,,,,,30,0.2,
454,Player/Npcs/Prefabs/npc_152.prefab,66,Tường Vi-Mới,,,,2.5,0.5,15,0.1,6,0.1,19,,0,,,20,0.5,20,0.5,,0.1,16,0.1,,12,0.2,,30,0.2,,30,0.2,,30,0.2,20,0.2,23,0.15,15,0.1,,15,0.08,,0.1,,0.1,15,0.09,,0.15,,0.15,,0.15,,0.15,,,,0.15,,0.08,,,,,,,,,,,,,,,,,,,,,,,,,,,,,,,,,,,,,,,,,,,,,,,,,,,,,,,,,,,,,,,,,,,,,,,30,0.2,
455,Player/Npcs/Prefabs/npc_026_b.prefab,,Nam Cung Thái Hồng,,,,2.5,0.5,16,0.1,6,0.1,15,,0,,,15,0.5,15,0.5,,0.1,15,0.1,,12,0.2,,30,0.2,,30,0.2,,30,0.2,20,0.2,42,0.4,12,0.1,,18,0.08,,0.1,,0.1,,0.09,,0.15,,0.15,,0.15,,0.15,,,,0.15,,0.08,,,,,,,,,,,,,,,,,,,,,,,,,,,,,,,,,,,,,,,,,,,,,,,,,,,,,,,,,,,,,,,,,,,,,,,30,0.2,
456,Effect/Prefabs/JueSe/NPC/Fuben/NPC_031-040/npc_032_at_03.prefab,,Nước Độc,,,,1.75,0.5,,,,,,,,,,,,,,,,,,,,,,,,,,,,,,,,,,,,,,,,,,,,,,,,,,,,,,,,,,,,,,,,,,,,,,,,,,,,,,,,,,,,,,,,,,,,,,,,,,,,,,,,,,,,,,,,,,,,,,,,,,,,,,,,,,,
457,Player/critter/prefab/sn_liyoudao01_yangyingfeng.prefab,,Dương Ảnh Phong Bị Thương,,,,0.6,0.5,30,0.1,6,0.1,10,,0,,,30,0.1,30,0.1,,0.1,15,0.1,,15,0.2,,135,0.2,,135,0.2,,135,0.2,10,0.2,,0.15,30,0.1,,,0.08,,0.1,,0.1,,0.09,,0.15,,0.15,,0.15,,0.15,,,,0.15,,0.08,,,,,,,,,,,,,,,,,,,,,,,,,,,,,,,,,,,,,,,,,,,,,,,,,,,,,,,,,,,,,,,,,,,,,,,135,0.2,
458,Player/Npcs/Prefabs/npc_056_b.prefab,,Mạnh Tri Thu,,,,2.5,0.5,16,0.1,6,0.1,20,,0,,,19,0.5,19,0.5,,0.1,15,0.1,,12,0.2,,30,0.2,,30,0.2,,30,0.2,20,0.2,19,0.15,15,0.1,,15,0.08,,0.1,,0.1,,0.09,,0.15,,0.15,,0.15,,0.15,,,,0.15,,0.08,,,,,,,,,,,,,,,,,,,,,,,,,25,0.05,,,,,,,,,,,,,,,,,,,,,,,,,,,,,,,,,,,,,,,,,,,,,30,0.2,
459,Player/Npcs/Prefabs/npc_087_b.prefab,,Nạp Lan Tiềm Lẫm,,,,2.7,0.5,16,0.1,6,0.1,19,,0,,,30,0.5,16,0.5,,0.1,16,0.1,,12,0.2,,30,0.2,,30,0.2,,30,0.2,20,0.2,22,0.15,15,0.1,,15,0.08,,0.1,,0.1,,0.09,,0.15,,0.15,,0.15,,0.15,,,,0.15,,0.08,,,,,,,,,,,,,,,,,,,,,,,,,20,0.05,,,,,,,,,,,,,,,,,,,,,,,,,,,,,,,,,,,,,,,,,,,,,30,0.2,
460,Player/Npcs/Prefabs/npc_099.prefab,61,Thiệu Kỵ Phong,,,,3,0.5,16,0.1,6,0.1,19,,0,,,16,0.5,16,0.5,,0.1,15,0.1,,12,0.2,,30,0.2,,30,0.2,,30,0.2,20,0.2,31,0.15,15,0.1,,15,0.08,,0.1,,0.1,,0.09,,0.15,,0.15,,0.15,,0.15,,,,0.15,,0.08,,,,,,,,,,,,,,,,,,,,,,,,,,,,,,,,,,,,,,,,,,,,,,,,,,,,,,,,,,,,,,,,,,,,,,,30,0.2,
461,Player/Npcs/Prefabs/npc_100.prefab,61,Trương Lâm Tâm,,,,2.5,0.5,15,0.1,6,0.1,19,,0,,,20,0.5,20,0.5,,0.1,16,0.1,,12,0.2,,30,0.2,,30,0.2,,30,0.2,20,0.2,24,0.15,15,0.1,,18,0.08,,0.1,,0.1,15,0.09,,0.15,,0.15,,0.15,,0.15,,,,0.15,,0.08,,,,,,,,,,,,,,,,,,,,,,,,,20,0.05,20,0.05,,,,,,,,,,,,,,,,,,,,,,,,,,,,,,,,,,,,,,,,,,,30,0.2,
462,Player/Npcs/Prefabs/npc_109_b.prefab,,Triệu Thăng Quyền,,,,2.5,0.5,15,0.1,6,0.1,15,,0,,,15,0.5,15,0.5,,0.1,16,0.1,,12,0.2,,30,0.2,,30,0.2,,30,0.2,20,0.2,24,0.15,15,0.1,,15,0.08,,0.1,,0.1,15,0.09,,0.15,,0.15,,0.15,,0.15,,,,0.15,,0.08,,,,,,,,,,,,,,,,,,,,,,,,,,,,,,,,,,,,,,,,,,,,,,,,,,,,,,,,,,,,,,,,,,,,,,,30,0.2,
463,Player/Npcs/Prefabs/npc_110_b.prefab,,Dương Hi Liệt,,,,2.5,0.5,15,0.1,6,0.1,22,,0,,,17,0.5,17,0.5,,0.1,16,0.1,,12,0.2,,30,0.2,,30,0.2,,30,0.2,20,0.2,30,0.15,15,0.1,,15,0.08,,0.1,,0.1,15,0.09,,0.15,,0.15,,0.15,,0.15,,,,0.15,,0.08,,,,,,,,,,,,,,,,,,,,,,,,,,,,,,,,,,,,,,,,,,,,,,,,,,,,,,,,,,,,,,,,,,,,,,,30,0.2,
464,Player/Npcs/Prefabs/npc_117.prefab,61,Phương Miễn,,,,2.5,0.5,15,0.1,6,0.1,19,,0,,,20,0.5,20,0.5,,0.1,16,0.1,,12,0.2,,30,0.2,,30,0.2,,30,0.2,20,0.2,24,0.15,15,0.1,,15,0.08,,0.1,,0.1,15,0.09,,0.15,,0.15,,0.15,,0.15,,,,0.15,,0.08,,,,,,,,,,,,,,,,,,,,,,,,,2,0.05,,,,,,,,,,,,,,,,,,,,,,,,,,,,,,,,,,,,,,,,,,,,,30,0.2,
465,Player/Npcs/Prefabs/npc_057_b.prefab,,Tuần La Cơ Quan Nhân,,,,2.5,0.5,15,0.1,6,0.1,17,,0,,,30,0.1,18,0.5,,0.1,15,0.1,,12,0.2,,30,0.2,,30,0.2,,30,0.2,20,0.2,20,0.15,14,0.1,,19,0.08,,0.1,,0.1,6,0.09,,0.15,,0.15,,0.15,,0.15,,,,0.15,,0.08,,,,,,,,,,,,,,,,,,,,,,,,,,,,,,,,,,,,,,,,,,,,,,,,,,,,,,,,,,,,,,,,,,,,,,,30,0.2,
466,Player/critter/prefab/XWJ_junqi_n.prefab,,Cờ Phản Đòn,,,,3,0.5,30,0.1,6,0.1,10,,0,,,30,0.1,30,0.1,,0.1,15,0.1,,9,0.2,,10,0.2,,10,0.2,,10,0.2,10,0.2,,0.15,30,0.1,,,0.08,,0.1,,0.1,,0.09,,0.15,,0.15,,0.15,,0.15,,,,0.15,,0.08,,,,,,,,,,,,,,,,,,,,,,,,,,,,,,,,,,,,,,,,,,,,,,,,,,,,,,,,,,,,,,,,,,,,,,,10,0.2,
467,Player/critter/prefab/WJ_zb001_s.prefab,,Long Trụ (Nhỏ),,,,3.5,0.5,30,0.1,6,0.1,10,,0,,,30,0.1,30,0.1,,0.1,15,0.1,,9,0.2,,10,0.2,,10,0.2,,10,0.2,10,0.2,,0.15,30,0.1,,,0.08,,0.1,,0.1,,0.09,,0.15,,0.15,,0.15,,0.15,,,,0.15,,0.08,,,,,,,,,,,,,,,,,,,,,,,,,,,,,,,,,,,,,,,,,,,,,,,,,,,,,,,,,,,,,,,,,,,,,,,10,0.2,
468,Player/critter/prefab/tanzi01.prefab,,Tế Đàn,,,,1.75,0.5,,,,,,,,,,,,,,,,,,,,,,,,,,,,,,,,,,,,,,,,,,,,,,,,,,,,,,,,,,,,,,,,,,,,,,,,,,,,,,,,,,,,,,,,,,,,,,,,,,,,,,,,,,,,,,,,,,,,,,,,,,,,,,,,,,,
469,Player/Npcs/Prefabs/npc_183.prefab,,Ẩn NPC,,,,1.75,0.5,30,0.1,6,0.1,10,,0,,,30,0.1,30,0.1,,0.1,15,0.1,,9,0.2,,10,0.2,,10,0.2,,10,0.2,10,0.2,,0.15,30,0.1,,,0.08,,0.1,,0.1,,0.09,,0.15,,0.15,,0.15,,0.15,,,,0.15,,0.08,,,,,,,,,,,,,,,,,,,,,,,,,,,,,,,,,,,,,,,,,,,,,,,,,,,,,,,,,,,,,,,,,,,,,,,10,0.2,
470,Effect/Prefabs/JueSe/NPC/HX/npc_fire_5_b_D.prefab,,Hỏa Trì,,,,1.75,0.5,,,,,,,,,,,,,,,,,,,,,,,,,,,,,,,,,,,,,,,,,,,,,,,,,,,,,,,,,,,,,,,,,,,,,,,,,,,,,,,,,,,,,,,,,,,,,,,,,,,,,,,,,,,,,,,,,,,,,,,,,,,,,,,,,,,
471,Player/Npcs/Prefabs/npc_030_b.prefab,,Hàn Thế Trung,,,,2.7,0.5,16,0.1,6,0.1,15,,0,,,14,0.5,14,0.5,,0.1,18,0.1,,12,0.2,,30,0.2,,30,0.2,,30,0.2,20,0.2,34,0.4,15,0.1,,15,0.08,,0.1,,0.1,,0.09,,0.15,,0.15,,0.15,,0.15,,,,0.15,,0.08,,,,,,,,,,,,,,,,,,,,,,,,,,,,,,,,,,,,,,,,,,,,,,,,,,,,,,,,,,,,,,,,,,,,,,,30,0.2,
472,Player/Npcs/Prefabs/npc_125_b.prefab,,Tần Lương Ngọc,,,,2.7,0.5,15,0.1,9,0.1,30,,0,,,19,0.5,19,0.5,,0.1,16,0.1,,12,0.2,,30,0.2,,30,0.2,,30,0.2,20,0.2,45,0.15,15,0.1,,15,0.08,,0.1,,0.1,15,0.09,,0.15,,0.15,,0.15,,0.15,,,,0.15,,0.08,,,,,,,,,,,,,,,,,,,,,,,,,20,0.05,,,,,,,,,,,,,,,,,,,,,,,,,,,,,,,,,,,,,,,,,,,,,30,0.2,
473,Player/Npcs/Prefabs/npc_049_b.prefab,,Cao Trường Cung,,,,3,0.5,16,0.1,6,0.1,18,,0,,,20,0.1,20,0.5,,0.1,15,0.1,,12,0.2,,30,0.2,,30,0.2,,30,0.2,20,0.2,13,0.4,15,0.1,,15,0.08,,0.1,,0.1,20,0.09,,0.15,,0.15,,0.15,,0.15,,,,0.15,,0.08,,,,,,,,,,,,,,,,,,,,,,,,,,,,,,,,,,,,,,,,,,,,,,,,,,,,,,,,,,,,,,,,,,,,,,,30,0.2,
474,Player/Npcs/Prefabs/npc_017_b.prefab,,Khỉ,,,,2.7,0.5,16,0.1,6,0.1,15,,0,,,18,0.5,18,0.5,,0.1,15,0.1,,6,0.2,,30,0.2,,30,0.2,,30,0.2,20,0.2,,0.15,15,0.1,,,0.08,,0.1,,0.1,,0.09,,0.15,,0.15,,0.15,,0.15,,,,0.15,,0.08,,,,,,,,,,,,,,,,,,,,,,,,,,,,,,,,,,,,,,,,,,,,,,,,,,,,,,,,,,,,,,,,,,,,,,,30,0.2,
475,Player/Npcs/Prefabs/npc_009_b.prefab,,Bò Cạp Tím,,,,2.7,0.5,5,0.1,6,0.1,23,,0,,,17,0.5,17,0.5,,0.1,15,0.1,,8,0.2,,30,0.2,,30,0.2,,30,0.2,20,0.2,,0.15,14,0.1,,,0.08,,0.1,,0.1,,0.09,,0.15,,0.15,,0.15,,0.15,,,,0.15,,0.08,,,,,,,,,,,,,,,,,,,,,,,,,,,,,,,,,,,,,,,,,,,,,,,,,,,,,,,,,,,,,,,,,,,,,,,30,0.2,
477,Player/Npcs/Prefabs/npc_126_b.prefab,,,,,,2,0.5,16,0.1,6,0.1,19,,0,,,30,0.1,18,0.5,,0.1,15,0.1,,12,0.2,,30,0.2,,30,0.2,,30,0.2,20,0.2,13,0.4,15,0.1,,15,0.08,,0.1,,0.1,20,0.09,,0.15,,0.15,,0.15,,0.15,,,,0.15,,0.08,,,,,,,,,,,,,,,,,,,,,,,,,20,0.09,,,,,,,,,,,,,,,,,,,,,,,,,,,,,,,,,,,,,,,,,,,,,30,0.2,
478,Player/Npcs/Prefabs/npc_082.prefab,61,Phong Ngọc Thư,,,,2.5,0.5,16,0.1,6,0.1,14,,0,,,15,0.5,15,0.5,,0.1,15,0.1,,10,0.2,,30,0.2,,30,0.2,,30,0.2,20,0.2,24,0.15,13,0.1,,20,0.08,,0.1,,0.1,,0.09,,0.15,,0.15,,0.15,,0.15,,,,0.15,,0.08,,,,,,,,,,,,,,,,,,,,,,,,,,,,,,,,,,,,,,,,,,,,,,,,,,,,,,,,,,,,,,,,,,,,,,,30,0.2,
479,Player/Horse/Prefabs/Horse01.prefab,,Ngọ,,,,1.75,0.5,16,0.1,6,0.1,19,,0,,,20,0.5,20,0.5,,0.1,15,0.1,,12,0.2,,136,0.2,,136,0.2,,136,0.2,20,0.2,24,0.15,15,0.1,,15,0.08,,0.1,,0.1,15,0.09,,0.15,,0.15,,0.15,,0.15,,,,0.15,,0.08,,,,,,,,,,,,,,,,,,,,,,,,,,,,,,,,,,,,,,,,,,,,,,,,,,,,,,,,,,,,,,,,,,,,,,,136,0.2,
480,Player/critter/prefab/wj_nuche.prefab,,Nỏ Xa,,,,1.75,1,16,0.1,6,0.1,15,,0,,,,0.5,,0.5,,0.1,,0.1,,12,0.2,,20,0.2,,20,0.2,,20,0.2,20,0.2,,0.4,13,0.1,,,0.08,,0.1,,0.1,,0.09,,0.15,,0.15,,0.15,,0.15,,,,0.15,,0.08,,,,,,,,,,,,,,,,,,,,,,,,,,,,,,,,,,,,,,,,,,,,,,,,,,,,,,,,,,,,,,,,,,,,,,,20,0.2,
481,Player/Npcs/Prefabs/boss001_y.prefab,,Linh Hồn-Nam (Ta),,,,1.75,0.5,5,0.1,6,0.1,15,,0,,,5,0.1,5,0.1,,0.1,15,0.1,,12,0.2,,30,0.2,,30,0.2,,30,0.2,20,0.2,24,0.15,15,0.1,,15,0.08,,0.1,,0.1,,0.09,,0.15,,0.15,,0.15,,0.15,,,,0.15,,0.08,,,,,,,,,,,,,,,,,,,,,,,,,,,,,,,,,,,,,,,,,,,,,,,,,,,,,,,,,,,,,,,,,,,,,,,30,0.2,
483,Player/Npcs/Prefabs/npc_002_y.prefab,,Linh Hồn-Nữ (Ta),,,,1.75,0.5,16,0.1,6,0.1,21,,0,,,30,0.1,17,0.5,,0.1,15,0.1,,14,0.2,,30,0.2,,30,0.2,,30,0.2,18,0.2,,0.15,18,0.1,,,0.08,,0.1,,0.1,,0.09,,0.15,,0.15,,0.15,,0.15,,,,0.15,,0.08,,,,,,,,,,,,,,,,,,,,,,,,,,,,,,,,,,,,,,,,,,,,,,,,,,,,,,,,,,,,,,,,,,,,,,,30,0.2,
485,Effect/Prefabs/JueSe/NPC/Fuben/TongYong/tongyong_qiu_bai.prefab,,Linh Hồn Cầu-Trắng,,,,1.2,0.5,,,,,,,,,,,,,,,,,,,,,,,,,,,,,,,,,,,,,,,,,,,,,,,,,,,,,,,,,,,,,,,,,,,,,,,,,,,,,,,,,,,,,,,,,,,,,,,,,,,,,,,,,,,,,,,,,,,,,,,,,,,,,,,,,,,
486,Effect/Prefabs/JueSe/NPC/Fuben/TongYong/tongyong_qiu_huo.prefab,,Linh Hồn Cầu-Đỏ,,,,1.2,0.5,,,,,,,,,,,,,,,,,,,,,,,,,,,,,,,,,,,,,,,,,,,,,,,,,,,,,,,,,,,,,,,,,,,,,,,,,,,,,,,,,,,,,,,,,,,,,,,,,,,,,,,,,,,,,,,,,,,,,,,,,,,,,,,,,,,
487,Effect/Prefabs/JueSe/NPC/Fuben/TongYong/tongyong_qiu_jin.prefab,,Linh Hồn Cầu-Vàng,,,,1.2,0.5,,,,,,,,,,,,,,,,,,,,,,,,,,,,,,,,,,,,,,,,,,,,,,,,,,,,,,,,,,,,,,,,,,,,,,,,,,,,,,,,,,,,,,,,,,,,,,,,,,,,,,,,,,,,,,,,,,,,,,,,,,,,,,,,,,,
488,Effect/Prefabs/JueSe/NPC/Fuben/TongYong/tongyong_qiu_lan.prefab,,Linh Hồn Cầu-Lam,,,,1.2,0.5,,,,,,,,,,,,,,,,,,,,,,,,,,,,,,,,,,,,,,,,,,,,,,,,,,,,,,,,,,,,,,,,,,,,,,,,,,,,,,,,,,,,,,,,,,,,,,,,,,,,,,,,,,,,,,,,,,,,,,,,,,,,,,,,,,,
489,Effect/Prefabs/JueSe/NPC/Fuben/TongYong/tongyong_qiu_lv.prefab,,Linh Hồn Cầu-Lục,,,,1.2,0.5,,,,,,,,,,,,,,,,,,,,,,,,,,,,,,,,,,,,,,,,,,,,,,,,,,,,,,,,,,,,,,,,,,,,,,,,,,,,,,,,,,,,,,,,,,,,,,,,,,,,,,,,,,,,,,,,,,,,,,,,,,,,,,,,,,,
490,Effect/Prefabs/JueSe/NPC/Fuben/TongYong/tongyong_qiu_zi.prefab,,Linh Hồn Cầu-Tím,,,,1.2,0.5,,,,,,,,,,,,,,,,,,,,,,,,,,,,,,,,,,,,,,,,,,,,,,,,,,,,,,,,,,,,,,,,,,,,,,,,,,,,,,,,,,,,,,,,,,,,,,,,,,,,,,,,,,,,,,,,,,,,,,,,,,,,,,,,,,,
491,Player/critter/prefab/yw_zhuzi01.prefab,,Trụ,,,,3.5,0.5,,,,,,,,,,,,,,,,,,,,,,,,,,,,,,,,,,,,,,,,,,,,,,,,,,,,,,,,,,,,,,,,,,,,,,,,,,,,,,,,,,,,,,,,,,,,,,,,,,,,,,,,,,,,,,,,,,,,,,,,,,,,,,,,,,,
492,Player/Npcs/Prefabs/npc_108.prefab,61,Kinh Kha,,,,2.5,0.5,15,0.1,6,0.1,20,,0,,,17,0.5,17,0.5,,0.1,16,0.1,,12,0.2,,30,0.2,,30,0.2,,30,0.2,20,0.2,24,0.15,15,0.1,,14,0.08,,0.1,,0.1,15,0.09,,0.15,,0.15,,0.15,,0.15,,,,0.15,,0.08,,,,,,,,,,,,,,,,,,,,,,,,,,,,,,,,,,,,,,,,,,,,,,,,,,,,,,,,,,,,,,,,,,,,,,,30,0.2,
493,Player/Npcs/Prefabs/npc_112_b.prefab,,Ngu Cơ,,,,2.5,0.5,15,0.1,6,0.1,18,,0,,,16,0.5,16,0.5,,0.1,16,0.1,,12,0.2,,30,0.2,,30,0.2,,30,0.2,20,0.2,24,0.15,13,0.1,,15,0.08,,0.1,,0.1,15,0.09,,0.15,,0.15,,0.15,,0.15,,,,0.15,,0.08,,,,,,,,,,,,,,,,,,,,,,,,,,,,,,,,,,,,,,,,,,,,,,,,,,,,,,,,,,,,,,,,,,,,,,,30,0.2,
494,Player/Npcs/Prefabs/npc_130_b.prefab,,Nhạc Phi,,,,2.5,0.5,15,0.1,6,0.1,20,,0,,,30,0.5,17,0.5,,0.1,16,0.1,,12,0.2,,30,0.2,,30,0.2,,30,0.2,20,0.2,24,0.15,15,0.1,,15,0.08,,0.1,,0.1,15,0.09,,0.15,,0.15,,0.15,,0.15,,,,0.15,,0.08,,,,,,,,,,,,,,,,,,,,,,,,,,,,,,,,,,,,,,,,,,,,,,,,,,,,,,,,,,,,,,,,,,,,,,,30,0.2,
495,Player/Npcs/Prefabs/npc_135.prefab,61,Lý Quảng,,,,2.5,0.5,20,0.1,9,0.1,16,,0,,,17,0.1,17,0.1,,0.1,16,0.1,,12,0.2,,30,0.1,,30,0.1,,30,0.1,20,0.1,,0.15,14,0.1,,14,0.08,,0.1,,0.1,30,0.09,,0.15,,0.15,,0.15,,0.15,,,,0.15,18,0.08,,,,,,,,,,,,,,,,,,,,,,,,,,,,,,,,,,,,,,,,,,,,,,,,,,,,,,,,,,,,,,,,,,,,,,,30,0.1,
496,Player/Npcs/Prefabs/npc_113_b.prefab,,Triệu Vân,,,,2.5,0.5,15,0.1,6,0.1,18,,0,,,16,0.5,16,0.5,,0.1,16,0.1,,12,0.2,,30,0.2,,30,0.2,,30,0.2,20,0.2,24,0.15,15,0.1,,15,0.08,,0.1,,0.1,15,0.09,,0.15,,0.15,,0.15,,0.15,,,,0.15,,0.08,,,,,,,,,,,,,,,,,,,,,,,,,,,,,,,,,,,,,,,,,,,,,,,,,,,,,,,,,,,,,,,,,,,,,,,30,0.2,
497,Player/Npcs/Prefabs/npc_162.prefab,61,Lý Nguyên Bá,,,,2.5,0.5,15,0.1,6,0.1,20,,0,,,16,0.5,16,0.5,,0.1,16,0.1,,12,0.2,,30,0.2,,30,0.2,,30,0.2,20,0.2,24,0.15,14,0.1,,13,0.08,,0.1,,0.1,15,0.09,,0.15,,0.15,,0.15,,0.15,,,,0.15,,0.08,,,,,,,,,,,,,,,,,,,,,,,,,,,,,,,,,,,,,,,,,,,,,,,,,,,,,,,,,,,,,,,,,,,,,,,30,0.2,
498,Player/critter/prefab/zc_longzhu01.prefab,,Lãnh Thổ Chiến-Long Trụ 1,,,,2.5,0.5,,,,,,,,,,,,,,,,,,,,,,,,,,,,,,,,,,,,,,,,,,,,,,,,,,,,,,,,,,,,,,,,,,,,,,,,,,,,,,,,,,,,,,,,,,,,,,,,,,,,,,,,,,,,,,,,,,,,,,,,,,,,,,,,,,,
499,Player/critter/prefab/zc_longzhu02.prefab,,Lãnh Thổ Chiến-Long Trụ 2,,,,2.5,0.5,,,,,,,,,,,,,,,,,,,,,,,,,,,,,,,,,,,,,,,,,,,,,,,,,,,,,,,,,,,,,,,,,,,,,,,,,,,,,,,,,,,,,,,,,,,,,,,,,,,,,,,,,,,,,,,,,,,,,,,,,,,,,,,,,,,
500,Effect/Prefabs/JueSe/BUFF/BF_BUFF.prefab,,NPC Đóng Băng,,,,1.75,0.5,,,,,,,,,,,,,,,,,,,,,,,,,,,,,,,,,,,,,,,,,,,,,,,,,,,,,,,,,,,,,,,,,,,,,,,,,,,,,,,,,,,,,,,,,,,,,,,,,,,,,,,,,,,,,,,,,,,,,,,,,,,,,,,,,,,
501,Player/critter/prefab/zc_anquanqu_1.prefab,,Lãnh Thổ Chiến-Khu an toàn-Sáng,,,,2.5,0.5,,,,,,,,,,,,,,,,,,,,,,,,,,,,,,,,,,,,,,,,,,,,,,,,,,,,,,,,,,,,,,,,,,,,,,,,,,,,,,,,,,,,,,,,,,,,,,,,,,,,,,,,,,,,,,,,,,,,,,,,,,,,,,,,,,,
502,Player/critter/prefab/zc_anquanqu_2.prefab,,Lãnh Thổ Chiến-Khu an toàn-Trung,,,,2.5,0.5,,,,,,,,,,,,,,,,,,,,,,,,,,,,,,,,,,,,,,,,,,,,,,,,,,,,,,,,,,,,,,,,,,,,,,,,,,,,,,,,,,,,,,,,,,,,,,,,,,,,,,,,,,,,,,,,,,,,,,,,,,,,,,,,,,,
503,Player/critter/prefab/zc_anquanqu_3.prefab,,Lãnh Thổ Chiến-Khu an toàn-Tối,,,,2.5,0.5,,,,,,,,,,,,,,,,,,,,,,,,,,,,,,,,,,,,,,,,,,,,,,,,,,,,,,,,,,,,,,,,,,,,,,,,,,,,,,,,,,,,,,,,,,,,,,,,,,,,,,,,,,,,,,,,,,,,,,,,,,,,,,,,,,,
504,Player/critter/prefab/zc_lingtuzhan_chengmen01.prefab,,Lãnh Thổ Chiến-Cổng Thành,,,,2.5,1,,,,,,,,,,,,,,,,,,,,,,,,,,,,,,,,,,,,,,,,,,,,,,,,,,,,,,,,,,,,,,,,,,,,,,,,,,,,,,,,,,,,,,,,,,,,,,,,,,,,,,,,,,,,,,,,,,,,,,,,,,,,,,,,,,,
505,Player/critter/prefab/zc_lingtuzhan_qizhi01.prefab,,Lãnh Thổ Chiến-Cờ Cổ Vũ,,,,3.7,0.5,,,,,,,,,,,,,,,,,,,,,,20,0.2,,20,0.2,,20,0.2,,,,,,,,,,,,,,,,,,,,,,,,,,,,,,,,,,,,,,,,,,,,,,,,,,,,,,,,,,,,,,,,,,,,,,,,,,,,,,,,,,,,,,,,,,,,,,,,,,,,20,0.2,
506,Player/critter/prefab/WJ_chongche01.prefab,,Lãnh Thổ Chiến-Công Thành Xa,,,,1.75,1,25,0.1,,,20,,0,,,,,,,,,,,,15,0.2,,,,,,,,,,30,0.1,,,25,0.1,,,,,,,,,,,,,,,,,,,,,,,,,,,,,,,,,,,,,,,,,,,,,,,,,,,,,,,,,,,,,,,,,,,,,,,,,,,,,,,,,,,,,,,,,,,,,,,,
508,Player/Npcs/Prefabs/m2_001_npc.prefab,61,Tượng Thành Chủ Thiên Vương,,,,2.7,0.5,45,0.1,6,0.1,19,,0,,,35,0.09,35,0.09,5,0.1,15,0.1,,15,0.1,,30,0.1,,30,0.1,,30,0.1,30,0.1,20,0.05,15,0.1,,15,0.08,13,0.1,13,0.05,17,0,15,0.1,5,0.2,18,0.15,60,0.15,,,,0.15,15,0.08,,,18,0,6,0,13,0,18,0,18,0,,,24,0.4,,,,,,,,,,,,,,,,,,,,,,,,,,,,,,,,,,,,,,,,,,,,,,,,,,,,,,,30,0.1,
509,Player/Npcs/Prefabs/f2_001_npc.prefab,61,Tượng Thành Chủ Nga Mi,,,,2.7,0.5,45,0.1,6,0.1,20,,0,,,35,0.09,35,0.09,13,0.1,15,0.1,,15,0.1,,30,0.1,,30,0.1,,30,0.1,30,0.1,25,0.05,10,0.1,,15,0.08,13,0.1,15,0.1,15,0.09,18,0.11,23,0.1,25,0.12,20,0.15,,,,0.15,15,0.08,,,18,0,7,0,13,0,18,0,18,0,,,20,0.4,,,,,,,,,,,,,,,,,,,,,,,,,,,,,,,,,,,,,,,,,,,,,,,,,,,,,,,30,0.1,
510,Player/Npcs/Prefabs/f1_001_npc.prefab,61,Tượng Thành Chủ Đào Hoa,,,,2,0.5,45,0.1,6,0.1,15,,0,,,35,0.09,35,0.09,13,0.1,15,0.1,,15,0.1,,30,0.1,,30,0.1,,30,0.1,30,0.1,25,0.05,15,0.08,,15,0.08,16,0.065,,,18,0.09,21,0.1,20,0.2,20,0.15,37,0.15,,,,0.15,15,0.08,,,17,0,7,0,13,0,18,0,17,0,,,20,0.4,,,,,,,,,,,,,,,,,,,,,,,,,,,,,,,,,,,,,,,,,,,,,,,,,,,,,,,30,0.1,
511,Player/Npcs/Prefabs/m1_001_npc.prefab,61,Tượng Thành Chủ Tiêu Dao,,,,2.7,0.5,38,0.1,6,0.1,19,,0,,,35,0.09,35,0.09,13,0.1,15,0.1,,15,0.1,,30,0.1,,30,0.1,,30,0.1,30,0.1,25,0.06,13,0.1,,13,0.08,15,0.08,15,0.1,23,0.05,6,0.05,13,0.05,28,0.15,30,0.15,,,5,,5,0.08,5,0.01,20,0,5,0,13,0,18,0,20,0,28,0.15,23,0.4,,,,,,,,,,,,,,,,,,,,,,,,,,,,,,,,,,,,,,,,,,,,,,,,,,,,,,,30,0.1,
512,Player/Npcs/Prefabs/m3_001_npc.prefab,61,Tượng Thành Chủ Võ Đang,,,,2.7,0.5,38,0.1,6,0.1,20,,0,,,35,0.09,35,0.09,13,0.1,15,0.1,,16,0.1,,30,0.1,,30,0.1,,30,0.1,30,0.1,25,0.06,13,0.1,,13,0.08,13,0.08,18,0.01,18,0.05,21,0.05,20,0.05,28,0.15,48,0.15,,,5,,5,0.08,5,0.01,20,0,6,0,13,0,18,0,20,0,28,0.15,20,0.4,,,,,,,,,,,,,,,,,,,,,,,,,,,,,,,,,,,,,,,,,,,,,,,,,,,,,,,30,0.1,
513,Player/Npcs/Prefabs/f3_001_npc.prefab,61,Tượng Thành Chủ Thiên Nhẫn,,,,2.7,0.5,45,0.1,6,0.1,20,,0,,,35,0.09,35,0.09,13,0.1,15,0.1,,15,0.1,,30,0.1,,30,0.1,,30,0.1,30,0.1,25,0.05,10,0.08,,10,0.08,14,0.065,12,0.01,12,0.09,16,0.1,15,0.05,15,0.1,31,0.1,,,,0.15,15,0.08,,,18,0,7,0,13,0,18,0,17,0,,,20,0.4,,,,,,,,,,,,,,,,,,,,,,,,,,,,,,,,,,,,,,,,,,,,,,,,,,,,,,,30,0.1,
514,Player/Npcs/Prefabs/npc_018_b.prefab,,Nguyệt Minh Dao,,,,2.75,0.5,16,0.1,6,0.1,20,,0,,,11,0.5,11,0.5,,0.1,15,0.1,,11,0.2,,30,0.2,,30,0.2,,30,0.2,20,0.2,,0.15,17,0.1,,19,0.08,,0.1,,0.1,,0.09,,0.15,,0.15,,0.15,,0.15,,,,0.15,,0.08,,,,,,,,,,,,,,,,,,,,,,,,,,,,,,,,,,,,,,,,,,,,,,,,,,,,,,,,,,,,,,,,,,,,,,,30,0.2,
515,Player/Npcs/Prefabs/npc_019.prefab,61,Đường Ảnh,,,,2.75,0.5,16,0.1,6,0.1,19,,0,,,17,0.5,17,0.5,,0.1,15,0.1,,11,0.2,,30,0.2,,30,0.2,,30,0.2,20,0.2,16,0.15,16,0.1,,18,0.08,,0.1,,0.1,,0.09,,0.15,,0.15,,0.15,,0.15,,,,0.15,,0.08,,,,,,,,,,,,,,,,,,,,,,,,,,,,,,,,,,,,,,,,,,,,,,,,,,,,,,,,,,,,,,,,,,,,,,,30,0.2,
516,Player/Npcs/Prefabs/npc_153.prefab,66,BOSS Thu Y Thủy-Mới,,,,2.75,0.5,16,0.1,6,0.1,20,,0,,,15,0.5,15,0.5,,0.1,15,0.1,,12,0.2,,30,0.2,,30,0.2,,30,0.2,20,0.2,28,0.4,15,0.1,,15,0.08,,0.1,,0.1,,0.09,,0.15,,0.15,,0.15,,0.15,,,,0.15,,0.08,,,,,,,,,,,,,,,,,,,,,,,,,,,,,,,,,,,,,,,,,,,,,,,,,,,,,,,,,,,,,,,,,,,,,,,30,0.2,
517,Player/Npcs/Prefabs/npc_106_b.prefab,,Khúc Hà,,,,2.75,0.5,15,0.1,6,0.1,20,,0,,,20,0.5,20,0.5,,0.1,16,0.1,,12,0.2,,30,0.2,,30,0.2,,30,0.2,20,0.2,24,0.15,15,0.1,,15,0.08,,0.1,,0.1,15,0.09,,0.15,,0.15,,0.15,,0.15,,,,0.15,,0.08,,,,,,,,,,,,,,,,,,,,,,,,,,,,,,,,,,,,,,,,,,,,,,,,,,,,,,,,,,,,,,,,,,,,,,,30,0.2,
518,Player/critter/prefab/xueshitou01.prefab,,Tuyết Địa Thạch Đầu,,,,1.75,0.5,,,,,,,,,,,,,,,,,,,,,,,,,,,,,,,,,,,,,,,,,,,,,,,,,,,,,,,,,,,,,,,,,,,,,,,,,,,,,,,,,,,,,,,,,,,,,,,,,,,,,,,,,,,,,,,,,,,,,,,,,,,,,,,,,,,
519,Player/critter/prefab/shuji01.prefab,,Thu thập-Đống Thư Tịch,,,,1,0.5,,,,,,,,,,,,,,,,,,,,,,,,,,,,,,,,,,,,,,,,,,,,,,,,,,,,,,,,,,,,,,,,,,,,,,,,,,,,,,,,,,,,,,,,,,,,,,,,,,,,,,,,,,,,,,,,,,,,,,,,,,,,,,,,,,,
520,Player/critter/prefab/jingshu01.prefab,,Thu thập-Sách Cũ,,,,1,0.5,,,,,,,,,,,,,,,,,,,,,,,,,,,,,,,,,,,,,,,,,,,,,,,,,,,,,,,,,,,,,,,,,,,,,,,,,,,,,,,,,,,,,,,,,,,,,,,,,,,,,,,,,,,,,,,,,,,,,,,,,,,,,,,,,,,
521,Player/critter/prefab/shuxin01.prefab,,Thu thập-Thư Bí Ẩn,,,,1,0.5,,,,,,,,,,,,,,,,,,,,,,,,,,,,,,,,,,,,,,,,,,,,,,,,,,,,,,,,,,,,,,,,,,,,,,,,,,,,,,,,,,,,,,,,,,,,,,,,,,,,,,,,,,,,,,,,,,,,,,,,,,,,,,,,,,,
522,Player/Npcs/Prefabs/npc_136.prefab,64,Tần Thủy Hoàng,,,,3,0.5,20,0.1,6,0.1,20,,0,,,30,0.1,16,0.1,,0.1,16,0.1,,12,0.2,,30,0.1,,30,0.1,,30,0.1,20,0.1,,0.15,15,0.1,,15,0.08,,0.1,,0.1,30,0.09,,0.15,,0.15,,0.15,,0.15,,,,0.15,18,0.08,,,,,,,,,,,,,,,,,,,,,,,,,,,,,,,,,,,,,,,,,,,,,,,,,,,,,,,,,,,,,,,,,,,,,,,30,0.1,
523,Player/Npcs/Prefabs/npc_137.prefab,64,Bạch Khởi,,,,3,0.5,20,0.1,6,0.1,20,,0,,,30,0.1,16,0.1,,0.1,16,0.1,,12,0.2,,30,0.1,,30,0.1,,30,0.1,20,0.1,,0.15,15,0.1,,14,0.08,,0.1,,0.1,30,0.09,,0.15,,0.15,,0.15,,0.15,,,,0.15,18,0.08,,,,,,,,,,,,,,,,,,,,,,,,,,,,,,,,,,,,,,,,,,,,,,,,,,,,,,,,,,,,,,,,,,,,,,,30,0.1,
524,Player/Npcs/Prefabs/npc_138.prefab,64,Lý Tư,,,,3,0.5,20,0.1,6,0.1,20,,0,,,30,0.1,16,0.1,,0.1,16,0.1,,12,0.2,,30,0.1,,30,0.1,,30,0.1,20,0.1,,0.15,15,0.1,,15,0.08,,0.1,,0.1,30,0.09,,0.15,,0.15,,0.15,,0.15,,,,0.15,18,0.08,,,,,,,,,,,,,,,,,,,,,,,,,,,,,,,,,,,,,,,,,,,,,,,,,,,,,,,,,,,,,,,,,,,,,,,30,0.1,
525,Player/Npcs/Prefabs/m4_001_npc.prefab,,Thiếu Lâm Tâm Ma,,,,2,0.5,38,0.1,10,0.1,19,,0,30,0.1,35,0.09,22,0.09,13,0.1,15,0.1,,16,0.1,,30,0.1,,30,0.1,,30,0.1,30,0.1,25,0.06,13,0.1,,15,0.08,13,0.08,12,0.1,13,0.05,10,0.05,15,0.05,16,0.15,44,0.15,,,5,,5,0.08,5,0.01,20,0,5,0,13,0,18,0,20,0,28,0.15,23,0.4,,,,,15,0.05,30,0.1,15,0.05,,,,,,,,,,,,,,,,,,,,,,,,,,,,,,,,,,,,,,,,,,,,,30,0.1,
526,Player/Npcs/Prefabs/f4_001_npc.prefab,,Thúy Yên Tâm Ma,,,,2,0.5,38,0.1,6,0.1,20,,0,30,0.1,35,0.09,20,0.09,13,0.1,15,0.1,,16,0.1,,30,0.1,,30,0.1,,30,0.1,30,0.1,25,0.06,15,0.1,,10,0.08,12,0.08,14,0.1,13,0.05,20,0.05,14,0.05,13,0.15,30,0.15,,,5,,5,0.08,5,0.01,18,0,7,0,13,0,18,0,20,0,28,0.15,23,0.4,,,,,15,0.05,30,0.1,15,0.05,,,,,,,,,,,,,,,,,,,,,,,,,,,,,,,,,,,,,,,,,,,,,30,0.1,
527,Player/Npcs/Prefabs/dx_001.prefab,,Tượng Thành Chủ Tiêu Dao,,,,3.5,0.5,38,0.1,6,0.1,20,,0,30,0.1,35,0.09,20,0.09,13,0.1,15,0.1,,16,0.1,,30,0.1,,30,0.1,,30,0.1,30,0.1,25,0.06,15,0.1,,10,0.08,12,0.08,14,0.1,13,0.05,20,0.05,14,0.05,13,0.15,30,0.15,,,5,,5,0.08,5,0.01,18,0,7,0,13,0,18,0,20,0,28,0.15,23,0.4,,,,,15,0.05,30,0.1,15,0.05,,,,,,,,,,,,,,,,,,,,,,,,,,,,,,,,,,,,,,,,,,,,,30,0.1,
528,Player/Npcs/Prefabs/dx_004.prefab,,Tượng Thành Chủ Thiếu Lâm,,,,3,0.5,38,0.1,6,0.1,20,,0,30,0.1,35,0.09,20,0.09,13,0.1,15,0.1,,16,0.1,,30,0.1,,30,0.1,,30,0.1,30,0.1,25,0.06,15,0.1,,10,0.08,12,0.08,14,0.1,13,0.05,20,0.05,14,0.05,13,0.15,30,0.15,,,5,,5,0.08,5,0.01,18,0,7,0,13,0,18,0,20,0,28,0.15,23,0.4,,,,,15,0.05,30,0.1,15,0.05,,,,,,,,,,,,,,,,,,,,,,,,,,,,,,,,,,,,,,,,,,,,,30,0.1,
529,Player/Npcs/Prefabs/dx_003.prefab,,Tượng Thành Chủ Võ Đang,,,,3.5,0.5,38,0.1,6,0.1,20,,0,30,0.1,35,0.09,20,0.09,13,0.1,15,0.1,,16,0.1,,30,0.1,,30,0.1,,30,0.1,30,0.1,25,0.06,15,0.1,,10,0.08,12,0.08,14,0.1,13,0.05,20,0.05,14,0.05,13,0.15,30,0.15,,,5,,5,0.08,5,0.01,18,0,7,0,13,0,18,0,20,0,28,0.15,23,0.4,,,,,15,0.05,30,0.1,15,0.05,,,,,,,,,,,,,,,,,,,,,,,,,,,,,,,,,,,,,,,,,,,,,30,0.1,
530,Player/Npcs/Prefabs/dx_012.prefab,,Tượng Thành Chủ Thúy Yên,,,,3.3,0.5,38,0.1,6,0.1,20,,0,30,0.1,35,0.09,20,0.09,13,0.1,15,0.1,,16,0.1,,30,0.1,,30,0.1,,30,0.1,30,0.1,25,0.06,15,0.1,,10,0.08,12,0.08,14,0.1,13,0.05,20,0.05,14,0.05,13,0.15,30,0.15,,,5,,5,0.08,5,0.01,18,0,7,0,13,0,18,0,20,0,28,0.15,23,0.4,,,,,15,0.05,30,0.1,15,0.05,,,,,,,,,,,,,,,,,,,,,,,,,,,,,,,,,,,,,,,,,,,,,30,0.1,
531,Player/Npcs/Prefabs/dx_010.prefab,,Tượng Thành Chủ Nga Mi,,,,3,0.5,38,0.1,6,0.1,20,,0,30,0.1,35,0.09,20,0.09,13,0.1,15,0.1,,16,0.1,,30,0.1,,30,0.1,,30,0.1,30,0.1,25,0.06,15,0.1,,10,0.08,12,0.08,14,0.1,13,0.05,20,0.05,14,0.05,13,0.15,30,0.15,,,5,,5,0.08,5,0.01,18,0,7,0,13,0,18,0,20,0,28,0.15,23,0.4,,,,,15,0.05,30,0.1,15,0.05,,,,,,,,,,,,,,,,,,,,,,,,,,,,,,,,,,,,,,,,,,,,,30,0.1,
532,Player/Npcs/Prefabs/dx_002.prefab,,Tượng Thành Chủ Thiên Vương,,,,3.5,0.5,38,0.1,6,0.1,20,,0,30,0.1,35,0.09,20,0.09,13,0.1,15,0.1,,16,0.1,,30,0.1,,30,0.1,,30,0.1,30,0.1,25,0.06,15,0.1,,10,0.08,12,0.08,14,0.1,13,0.05,20,0.05,14,0.05,13,0.15,30,0.15,,,5,,5,0.08,5,0.01,18,0,7,0,13,0,18,0,20,0,28,0.15,23,0.4,,,,,15,0.05,30,0.1,15,0.05,,,,,,,,,,,,,,,,,,,,,,,,,,,,,,,,,,,,,,,,,,,,,30,0.1,
533,Player/Npcs/Prefabs/dx_009.prefab,,Tượng Thành Chủ Đào Hoa,,,,3.3,0.5,38,0.1,6,0.1,20,,0,30,0.1,35,0.09,20,0.09,13,0.1,15,0.1,,16,0.1,,30,0.1,,30,0.1,,30,0.1,30,0.1,25,0.06,15,0.1,,10,0.08,12,0.08,14,0.1,13,0.05,20,0.05,14,0.05,13,0.15,30,0.15,,,5,,5,0.08,5,0.01,18,0,7,0,13,0,18,0,20,0,28,0.15,23,0.4,,,,,15,0.05,30,0.1,15,0.05,,,,,,,,,,,,,,,,,,,,,,,,,,,,,,,,,,,,,,,,,,,,,30,0.1,
534,Player/Npcs/Prefabs/dx_011.prefab,,Tượng Thành Chủ Thiên Nhẫn,,,,3.3,0.5,38,0.1,6,0.1,20,,0,30,0.1,35,0.09,20,0.09,13,0.1,15,0.1,,16,0.1,,30,0.1,,30,0.1,,30,0.1,30,0.1,25,0.06,15,0.1,,10,0.08,12,0.08,14,0.1,13,0.05,20,0.05,14,0.05,13,0.15,30,0.15,,,5,,5,0.08,5,0.01,18,0,7,0,13,0,18,0,20,0,28,0.15,23,0.4,,,,,15,0.05,30,0.1,15,0.05,,,,,,,,,,,,,,,,,,,,,,,,,,,,,,,,,,,,,,,,,,,,,30,0.1,
535,Player/Npcs/Prefabs/boss110_test.prefab,202,Khô Lâu,,,,2.1,0.5,45,0.1,6,0.1,25,,0,,,45,0.1,45,0.1,13,0.1,25,0.1,,15,0.2,,30,0,,30,0,,30,0,30,0,25,0.05,32,0.1,911001,37,0.08,57,0.1,20,0.05,18,0.09,21,0.1,20,0.2,20,0.15,37,0.15,,,,0.15,15,0.08,,,,,,,,,,,,,,,,,,,,,,,,,,,,,,,,,,,,,,,,,,,,,,,,,,,,,,,,,,,,,,,,,,,,,,,30,0,
536,Player/Npcs/Prefabs/npc_101.prefab,61,Dương Ảnh Phong,,,,3,0.5,15,0.1,6,0.1,20,,0,,,16,0.5,16,0.5,,0.1,15,0.1,,12,0.2,,30,0.2,,30,0.2,,30,0.2,20,0.2,24,0.15,15,0.1,,15,0.08,,0.1,,0.1,15,0.09,,0.15,,0.15,,0.15,,0.15,,,,0.15,,0.08,,,,,,,,,,,,,,,,,,,,,,,,,20,0.05,,,,,,,,,,,,,,,,,,,,,,,,,,,,,,,,,,,,,,,,,,,,,30,0.2,
537,Player/Npcs/Prefabs/dx_005.prefab,,Tượng Thành Chủ Đường Môn,,,,3.3,0.5,38,0.1,6,0.1,20,,0,30,0.1,35,0.09,20,0.09,13,0.1,15,0.1,,16,0.1,,30,0.1,,30,0.1,,30,0.1,30,0.1,25,0.06,15,0.1,,10,0.08,12,0.08,14,0.1,13,0.05,20,0.05,14,0.05,13,0.15,30,0.15,,,5,,5,0.08,5,0.01,18,0,7,0,13,0,18,0,20,0,28,0.15,23,0.4,,,,,15,0.05,30,0.1,15,0.05,,,,,,,,,,,,,,,,,,,,,,,,,,,,,,,,,,,,,,,,,,,,,30,0.1,
538,Player/Npcs/Prefabs/dx_013.prefab,,Tượng Thành Chủ Côn Lôn,,,,3.3,0.5,38,0.1,6,0.1,20,,0,30,0.1,35,0.09,20,0.09,13,0.1,15,0.1,,16,0.1,,30,0.1,,30,0.1,,30,0.1,30,0.1,25,0.06,15,0.1,,10,0.08,12,0.08,14,0.1,13,0.05,20,0.05,14,0.05,13,0.15,30,0.15,,,5,,5,0.08,5,0.01,18,0,7,0,13,0,18,0,20,0,28,0.15,23,0.4,,,,,15,0.05,30,0.1,15,0.05,,,,,,,,,,,,,,,,,,,,,,,,,,,,,,,,,,,,,,,,,,,,,30,0.1,
539,Player/critter/prefab/Jr_xueren02_jin.prefab,,Người Tuyết-Kim,,,,1.2,0.5,30,0.1,,0.1,10,,0,,,30,0.1,30,0.1,,0.1,15,0.1,,9,0.2,,10,0.2,,10,0.2,,10,0.2,10,0.2,,0.15,30,0.1,,,0.08,,0.1,,0.1,,0.09,,0.15,,0.15,,0.15,,0.15,,,,0.15,,0.08,,,,,,,,,,,,,,,,,,,,,,,,,,,,,,,,,,,,,,,,,,,,,,,,,,,,,,,,,,,,,,,,,,,,,,,10,0.2,
540,Player/critter/prefab/Jr_xueren02_mu.prefab,,Người Tuyết-Mộc,,,,1.2,0.5,30,0.1,,0.1,10,,0,,,30,0.1,30,0.1,,0.1,15,0.1,,9,0.2,,10,0.2,,10,0.2,,10,0.2,10,0.2,,0.15,30,0.1,,,0.08,,0.1,,0.1,,0.09,,0.15,,0.15,,0.15,,0.15,,,,0.15,,0.08,,,,,,,,,,,,,,,,,,,,,,,,,,,,,,,,,,,,,,,,,,,,,,,,,,,,,,,,,,,,,,,,,,,,,,,10,0.2,
541,Player/critter/prefab/Jr_xueren02_shui.prefab,,Người Tuyết-Thủy,,,,1.2,0.5,30,0.1,,0.1,10,,0,,,30,0.1,30,0.1,,0.1,15,0.1,,9,0.2,,10,0.2,,10,0.2,,10,0.2,10,0.2,,0.15,30,0.1,,,0.08,,0.1,,0.1,,0.09,,0.15,,0.15,,0.15,,0.15,,,,0.15,,0.08,,,,,,,,,,,,,,,,,,,,,,,,,,,,,,,,,,,,,,,,,,,,,,,,,,,,,,,,,,,,,,,,,,,,,,,10,0.2,
542,Player/critter/prefab/Jr_xueren02_huo.prefab,,Người Tuyết-Hỏa,,,,1.2,0.5,30,0.1,,0.1,10,,0,,,30,0.1,30,0.1,,0.1,15,0.1,,9,0.2,,10,0.2,,10,0.2,,10,0.2,10,0.2,,0.15,30,0.1,,,0.08,,0.1,,0.1,,0.09,,0.15,,0.15,,0.15,,0.15,,,,0.15,,0.08,,,,,,,,,,,,,,,,,,,,,,,,,,,,,,,,,,,,,,,,,,,,,,,,,,,,,,,,,,,,,,,,,,,,,,,10,0.2,
543,Player/critter/prefab/Jr_xueren02_tu.prefab,,Người Tuyết-Thổ,,,,1.2,0.5,30,0.1,,0.1,10,,0,,,30,0.1,30,0.1,,0.1,15,0.1,,9,0.2,,10,0.2,,10,0.2,,10,0.2,10,0.2,,0.15,30,0.1,,,0.08,,0.1,,0.1,,0.09,,0.15,,0.15,,0.15,,0.15,,,,0.15,,0.08,,,,,,,,,,,,,,,,,,,,,,,,,,,,,,,,,,,,,,,,,,,,,,,,,,,,,,,,,,,,,,,,,,,,,,,10,0.2,
544,Player/critter/prefab/Jr_jiguan01_jin.prefab,,Bẫy-Kim,,,,1.7,0.5,30,0.1,,0.1,10,,0,,,30,0.1,30,0.1,,0.1,15,0.1,,9,0.2,,10,0.2,,10,0.2,,10,0.2,10,0.2,,0.15,30,0.1,,,0.08,,0.1,,0.1,,0.09,,0.15,,0.15,,0.15,,0.15,,,,0.15,,0.08,,,,,,,,,,,,,,,,,,,,,,,,,,,,,,,,,,,,,,,,,,,,,,,,,,,,,,,,,,,,,,,,,,,,,,,10,0.2,
545,Player/critter/prefab/Jr_jiguan01_mu.prefab,,Bẫy-Mộc,,,,1.7,0.5,30,0.1,,0.1,10,,0,,,30,0.1,30,0.1,,0.1,15,0.1,,9,0.2,,10,0.2,,10,0.2,,10,0.2,10,0.2,,0.15,30,0.1,,,0.08,,0.1,,0.1,,0.09,,0.15,,0.15,,0.15,,0.15,,,,0.15,,0.08,,,,,,,,,,,,,,,,,,,,,,,,,,,,,,,,,,,,,,,,,,,,,,,,,,,,,,,,,,,,,,,,,,,,,,,10,0.2,
546,Player/critter/prefab/Jr_jiguan01_shui.prefab,,Bẫy-Thủy,,,,1.7,0.5,30,0.1,,0.1,10,,0,,,30,0.1,30,0.1,,0.1,15,0.1,,9,0.2,,10,0.2,,10,0.2,,10,0.2,10,0.2,,0.15,30,0.1,,,0.08,,0.1,,0.1,,0.09,,0.15,,0.15,,0.15,,0.15,,,,0.15,,0.08,,,,,,,,,,,,,,,,,,,,,,,,,,,,,,,,,,,,,,,,,,,,,,,,,,,,,,,,,,,,,,,,,,,,,,,10,0.2,
547,Player/critter/prefab/Jr_jiguan01_huo.prefab,,Bẫy-Hỏa,,,,1.7,0.5,30,0.1,,0.1,10,,0,,,30,0.1,30,0.1,,0.1,15,0.1,,9,0.2,,10,0.2,,10,0.2,,10,0.2,10,0.2,,0.15,30,0.1,,,0.08,,0.1,,0.1,,0.09,,0.15,,0.15,,0.15,,0.15,,,,0.15,,0.08,,,,,,,,,,,,,,,,,,,,,,,,,,,,,,,,,,,,,,,,,,,,,,,,,,,,,,,,,,,,,,,,,,,,,,,10,0.2,
548,Player/critter/prefab/Jr_jiguan01_tu.prefab,,Bẫy-Thổ,,,,1.7,0.5,30,0.1,,0.1,10,,0,,,30,0.1,30,0.1,,0.1,15,0.1,,9,0.2,,10,0.2,,10,0.2,,10,0.2,10,0.2,,0.15,30,0.1,,,0.08,,0.1,,0.1,,0.09,,0.15,,0.15,,0.15,,0.15,,,,0.15,,0.08,,,,,,,,,,,,,,,,,,,,,,,,,,,,,,,,,,,,,,,,,,,,,,,,,,,,,,,,,,,,,,,,,,,,,,,10,0.2,
549,Effect/Prefabs/JueSe/NPC/Fuben/TongYong/XueYuanShenFu_JinSe.prefab,212,Tuyết Thần Phù-Vàng,,,,1.2,0.5,30,0.1,,0.1,10,,0,,,30,0.1,30,0.1,,0.1,15,0.1,,9,0.2,,10,0.2,,10,0.2,,10,0.2,10,0.2,,0.15,30,0.1,,,0.08,,0.1,,0.1,,0.09,,0.15,,0.15,,0.15,,0.15,,,,0.15,,0.08,,,,,,,,,,,,,,,,,,,,,,,,,,,,,,,,,,,,,,,,,,,,,,,,,,,,,,,,,,,,,,,,,,,,,,,10,0.2,
550,Effect/Prefabs/JueSe/NPC/Fuben/TongYong/XueYuanShenFu_LanSe.prefab,212,Tuyết Thần Phù-Lam,,,,1.2,0.5,30,0.1,,0.1,10,,0,,,30,0.1,30,0.1,,0.1,15,0.1,,9,0.2,,10,0.2,,10,0.2,,10,0.2,10,0.2,,0.15,30,0.1,,,0.08,,0.1,,0.1,,0.09,,0.15,,0.15,,0.15,,0.15,,,,0.15,,0.08,,,,,,,,,,,,,,,,,,,,,,,,,,,,,,,,,,,,,,,,,,,,,,,,,,,,,,,,,,,,,,,,,,,,,,,10,0.2,
551,Effect/Prefabs/JueSe/NPC/Fuben/TongYong/XueYuanShenFu_LvSe.prefab,212,Tuyết Thần Phù-Lục,,,,1.2,0.5,30,0.1,,0.1,10,,0,,,30,0.1,30,0.1,,0.1,15,0.1,,9,0.2,,10,0.2,,10,0.2,,10,0.2,10,0.2,,0.15,30,0.1,,,0.08,,0.1,,0.1,,0.09,,0.15,,0.15,,0.15,,0.15,,,,0.15,,0.08,,,,,,,,,,,,,,,,,,,,,,,,,,,,,,,,,,,,,,,,,,,,,,,,,,,,,,,,,,,,,,,,,,,,,,,10,0.2,
552,Effect/Prefabs/JueSe/NPC/Fuben/TongYong/XueYuanShenFu_ZiSe.prefab,212,Tuyết Thần Phù-Tím,,,,1.2,0.5,30,0.1,,0.1,10,,0,,,30,0.1,30,0.1,,0.1,15,0.1,,9,0.2,,10,0.2,,10,0.2,,10,0.2,10,0.2,,0.15,30,0.1,,,0.08,,0.1,,0.1,,0.09,,0.15,,0.15,,0.15,,0.15,,,,0.15,,0.08,,,,,,,,,,,,,,,,,,,,,,,,,,,,,,,,,,,,,,,,,,,,,,,,,,,,,,,,,,,,,,,,,,,,,,,10,0.2,
553,Player/critter/prefab/Jr_xuedui01.prefab,,Đống Tuyết,,,,2,0.5,30,0.1,,0.1,10,,0,,,30,0.1,30,0.1,,0.1,15,0.1,,9,0.2,,10,0.2,,10,0.2,,10,0.2,10,0.2,,0.15,30,0.1,,,0.08,,0.1,,0.1,,0.09,,0.15,,0.15,,0.15,,0.15,,,,0.15,,0.08,,,,,,,,,,,,,,,,,,,,,,,,,,,,,,,,,,,,,,,,,,,,,,,,,,,,,,,,,,,,,,,,,,,,,,,10,0.2,
554,Player/critter/prefab/Jr_shengdanshu01.prefab,,Cây Thông Giáng Sinh,,,,4,0.5,30,0.1,,0.1,10,,0,,,30,0.1,30,0.1,,0.1,15,0.1,,9,0.2,,10,0.2,,10,0.2,,10,0.2,10,0.2,,0.15,30,0.1,,,0.08,,0.1,,0.1,,0.09,,0.15,,0.15,,0.15,,0.15,,,,0.15,,0.08,,,,,,,,,,,,,,,,,,,,,,,,,,,,,,,,,,,,,,,,,,,,,,,,,,,,,,,,,,,,,,,,,,,,,,,10,0.2,
555,Player/critter/prefab/Jr_xueren01.prefab,,Người Tuyết Lớn,,,,1.5,0.5,30,0.1,,0.1,10,,0,,,30,0.1,30,0.1,,0.1,15,0.1,,9,0.2,,10,0.2,,10,0.2,,10,0.2,10,0.2,,0.15,30,0.1,,,0.08,,0.1,,0.1,,0.09,,0.15,,0.15,,0.15,,0.15,,,,0.15,,0.08,,,,,,,,,,,,,,,,,,,,,,,,,,,,,,,,,,,,,,,,,,,,,,,,,,,,,,,,,,,,,,,,,,,,,,,10,0.2,
556,Player/critter/prefab/Jr_huadeng01.prefab,212,Hoa Đăng,,,,2,0.5,30,0.1,,0.1,10,,0,,,30,0.1,30,0.1,,0.1,15,0.1,,9,0.2,,10,0.2,,10,0.2,,10,0.2,10,0.2,,0.15,30,0.1,,,0.08,,0.1,,0.1,,0.09,,0.15,,0.15,,0.15,,0.15,,,,0.15,,0.08,,,,,,,,,,,,,,,,,,,,,,,,,,,,,,,,,,,,,,,,,,,,,,,,,,,,,,,,,,,,,,,,,,,,,,,10,0.2,
557,Player/critter/prefab/Jr_shu01_01.prefab,212,Mầm Non Xanh,,,,2,0.5,30,0.1,,0.1,10,,0,,,30,0.1,30,0.1,,0.1,15,0.1,,9,0.2,,10,0.2,,10,0.2,,10,0.2,10,0.2,,0.15,30,0.1,,,0.08,,0.1,,0.1,,0.09,,0.15,,0.15,,0.15,,0.15,,,,0.15,,0.08,,,,,,,,,,,,,,,,,,,,,,,,,,,,,,,,,,,,,,,,,,,,,,,,,,,,,,,,,,,,,,,,,,,,,,,10,0.2,
558,Player/critter/prefab/Jr_shu01_02.prefab,61,Cây Nhỏ,,,,2,0.5,30,0.1,,0.1,10,,0,,,30,0.1,30,0.1,,0.1,15,0.1,,9,0.2,,10,0.2,,10,0.2,,10,0.2,10,0.2,,0.15,30,0.1,,,0.08,,0.1,,0.1,,0.09,,0.15,,0.15,,0.15,,0.15,,,,0.15,,0.08,,,,,,,,,,,,,,,,,,,,,,,,,,,,,,,,,,,,,,,,,,,,,,,,,,,,,,,,,,,,,,,,,,,,,,,10,0.2,
559,Player/critter/prefab/Jr_shu01_03.prefab,212,Cây To,,,,2,0.5,30,0.1,,0.1,10,,0,,,30,0.1,30,0.1,,0.1,15,0.1,,9,0.2,,10,0.2,,10,0.2,,10,0.2,10,0.2,,0.15,30,0.1,,,0.08,,0.1,,0.1,,0.09,,0.15,,0.15,,0.15,,0.15,,,,0.15,,0.08,,,,,,,,,,,,,,,,,,,,,,,,,,,,,,,,,,,,,,,,,,,,,,,,,,,,,,,,,,,,,,,,,,,,,,,10,0.2,
560,Player/critter/prefab/Jr_shu01_04.prefab,211,Cây Chọc Trời,,,,2,0.5,30,0.1,,0.1,10,,0,,,30,0.1,30,0.1,,0.1,15,0.1,,9,0.2,,10,0.2,,10,0.2,,10,0.2,10,0.2,,0.15,30,0.1,,,0.08,,0.1,,0.1,,0.09,,0.15,,0.15,,0.15,,0.15,,,,0.15,,0.08,,,,,,,,,,,,,,,,,,,,,,,,,,,,,,,,,,,,,,,,,,,,,,,,,,,,,,,,,,,,,,,,,,,,,,,10,0.2,
561,Player/Npcs/Prefabs/m5_001_npc.prefab,,Đường Môn Tâm Ma,,,,2,0.5,38,0.1,6,0.1,20,,0,30,0.1,35,0.09,18,0.09,13,0.1,15,0.1,,12,0.1,,30,0.1,,55,0,,30,0.1,30,0.1,25,0.06,8,0.1,,9,0.08,10,0.08,15,0.1,5,0.05,9,0.05,12,0.05,15,0.15,37,0.15,,,5,,5,0.08,5,0.01,18,0,7,0,13,0,18,0,20,0,28,0.15,23,0.4,,,,,15,0.05,30,0.1,15,0.05,,,,,,,,,,,,,,,,,,,,,,,,,,,,,,,,,,,,,,,,,,,,,55,0,
562,Player/Npcs/Prefabs/f5_001_npc.prefab,,Côn Lôn Tâm Ma,,,,2,0.5,38,0.1,6,0.1,20,,0,30,0.1,35,0.09,18,0.09,13,0.1,15,0.1,,12,0.1,,30,0.1,,72,0,,30,0.1,30,0.1,25,0.06,10,0.1,,10,0.08,12,0.08,14,0.1,13,0.05,14,0.05,10,0.05,18,0.15,20,0.15,,,5,,5,0.08,10,0.01,20,0,5,0,13,0,18,0,20,0,28,0.15,23,0.4,,,,,15,0.05,30,0.1,15,0.05,,,,,,,,,,,,,,,,,,,,,,,,,,,,,,,,,,,,,,,,,,,,,72,0,
565,Player/Npcs/Prefabs/npc_058.prefab,,Thu Y Thủy-Cũ,,,,1.75,0.5,16,0.1,6,0.1,20,,0,,,15,0.5,15,0.5,,0.1,15,0.1,,12,0.2,,30,0.2,,30,0.2,,30,0.2,20,0.2,28,0.4,15,0.1,,15,0.08,,0.1,,0.1,,0.09,,0.15,,0.15,,0.15,,0.15,,,,0.15,,0.08,,,,,,,,,,,,,,,,,,,,,,,,,,,,,,,,,,,,,,,,,,,,,,,,,,,,,,,,,,,,,,,,,,,,,,,30,0.2,
566,Player/critter/prefab/baowudai01.prefab,,Túi Càn Khôn,,,,1,0.5,16,0.1,6,0.1,20,,0,,,15,0.5,15,0.5,,0.1,15,0.1,,12,0.2,,30,0.2,,30,0.2,,30,0.2,20,0.2,28,0.4,15,0.1,,15,0.08,,0.1,,0.1,,0.09,,0.15,,0.15,,0.15,,0.15,,,,0.15,,0.08,,,,,,,,,,,,,,,,,,,,,,,,,,,,,,,,,,,,,,,,,,,,,,,,,,,,,,,,,,,,,,,,,,,,,,,30,0.2,
567,Player/critter/prefab/Jr_xueren02_lanbai.prefab,,Người Tuyết-Lam Trắng,,,,1.2,0.5,30,0.1,,0.1,10,,0,,,30,0.1,30,0.1,,0.1,15,0.1,,9,0.2,,10,0.2,,10,0.2,,10,0.2,10,0.2,,0.15,30,0.1,,,0.08,,0.1,,0.1,,0.09,,0.15,,0.15,,0.15,,0.15,,,,0.15,,0.08,,,,,,,,,,,,,,,,,,,,,,,,,,,,,,,,,,,,,,,,,,,,,,,,,,,,,,,,,,,,,,,,,,,,,,,10,0.2,
568,Player/critter/prefab/Jr_xueren01.prefab,61,Người Tuyết Lớn (x1.5),,,,2,0.5,30,0.1,,0.1,10,,0,,,30,0.1,30,0.1,,0.1,15,0.1,,9,0.2,,10,0.2,,10,0.2,,10,0.2,10,0.2,,0.15,30,0.1,,,0.08,,0.1,,0.1,,0.09,,0.15,,0.15,,0.15,,0.15,,,,0.15,,0.08,,,,,,,,,,,,,,,,,,,,,,,,,,,,,,,,,,,,,,,,,,,,,,,,,,,,,,,,,,,,,,,,,,,,,,,10,0.2,
569,Player/critter/prefab/Jr_xueren01.prefab,212,Người Tuyết Lớn (x2),,,,2,0.5,30,0.1,,0.1,10,,0,,,30,0.1,30,0.1,,0.1,15,0.1,,9,0.2,,10,0.2,,10,0.2,,10,0.2,10,0.2,,0.15,30,0.1,,,0.08,,0.1,,0.1,,0.09,,0.15,,0.15,,0.15,,0.15,,,,0.15,,0.08,,,,,,,,,,,,,,,,,,,,,,,,,,,,,,,,,,,,,,,,,,,,,,,,,,,,,,,,,,,,,,,,,,,,,,,10,0.2,
570,Player/critter/prefab/Jr_xueren01.prefab,213,Người Tuyết Lớn (x2.5),,,,2.5,0.5,30,0.1,,0.1,10,,0,,,30,0.1,30,0.1,,0.1,15,0.1,,9,0.2,,10,0.2,,10,0.2,,10,0.2,10,0.2,,0.15,30,0.1,,,0.08,,0.1,,0.1,,0.09,,0.15,,0.15,,0.15,,0.15,,,,0.15,,0.08,,,,,,,,,,,,,,,,,,,,,,,,,,,,,,,,,,,,,,,,,,,,,,,,,,,,,,,,,,,,,,,,,,,,,,,10,0.2,
571,Player/critter/prefab/Jr_xueren01.prefab,214,Người Tuyết Lớn (x3),,,,1.7,0.5,30,0.1,,0.1,10,,0,,,30,0.1,30,0.1,,0.1,15,0.1,,9,0.2,,10,0.2,,10,0.2,,10,0.2,10,0.2,,0.15,30,0.1,,,0.08,,0.1,,0.1,,0.09,,0.15,,0.15,,0.15,,0.15,,,,0.15,,0.08,,,,,,,,,,,,,,,,,,,,,,,,,,,,,,,,,,,,,,,,,,,,,,,,,,,,,,,,,,,,,,,,,,,,,,,10,0.2,
572,Player/critter/prefab/Jr_xueren01.prefab,215,Người Tuyết Lớn (x3.5),,,,2,0.5,30,0.1,,0.1,10,,0,,,30,0.1,30,0.1,,0.1,15,0.1,,9,0.2,,10,0.2,,10,0.2,,10,0.2,10,0.2,,0.15,30,0.1,,,0.08,,0.1,,0.1,,0.09,,0.15,,0.15,,0.15,,0.15,,,,0.15,,0.08,,,,,,,,,,,,,,,,,,,,,,,,,,,,,,,,,,,,,,,,,,,,,,,,,,,,,,,,,,,,,,,,,,,,,,,10,0.2,
573,Player/critter/prefab/Jr_xueren01.prefab,216,Người Tuyết Lớn (x4),,,,2,0.5,30,0.1,,0.1,10,,0,,,30,0.1,30,0.1,,0.1,15,0.1,,9,0.2,,10,0.2,,10,0.2,,10,0.2,10,0.2,,0.15,30,0.1,,,0.08,,0.1,,0.1,,0.09,,0.15,,0.15,,0.15,,0.15,,,,0.15,,0.08,,,,,,,,,,,,,,,,,,,,,,,,,,,,,,,,,,,,,,,,,,,,,,,,,,,,,,,,,,,,,,,,,,,,,,,10,0.2,
574,Player/critter/prefab/baoxiang_001OP.prefab,61,Bảo Rương Lớn,,,,2,0.5,,,6,,,,,,,,,,,,,15,0.1,,,,,10,0.2,,10,0.2,,10,0.2,,,,,8,0.1,,,,,,,,,,,,,,,,,,,,,,,,,,,,,,,,,,,,,,,,,,,,,,,,,,,,,,,,,,,,,,,,,,,,,,,,,,,,,,,,,,,,,,,,,,,,,,10,0.2,
575,Player/Npcs/Prefabs/npc_017.prefab,205,Khỉ Con,,,,1.75,0.5,16,0.1,6,0.1,15,,0,,,18,0.5,18,0.5,,0.1,15,0.1,,6,0.2,,30,0.2,,30,0.2,,30,0.2,20,0.2,,0.15,15,0.1,,,0.08,,0.1,,0.1,,0.09,,0.15,,0.15,,0.15,,0.15,,,,0.15,,0.08,,,,,,,,,,,,,,,,,,,,,,,,,,,,,,,,,,,,,,,,,,,,,,,,,,,,,,,,,,,,,,,,,,,,,,,30,0.2,
576,Player/Npcs/Prefabs/npc_159.prefab,61,Đại Niên Thú,,,,3,0.5,20,0.1,6,0.1,20,,0,,,30,0.1,16,0.1,,0.1,16,0.1,,12,0.2,,30,0.1,,30,0.1,,30,0.1,20,0.1,,0.15,15,0.1,,15,0.08,,0.1,,0.1,30,0.09,,0.15,,0.15,,0.15,,0.15,,,,0.15,18,0.08,,,,,,,,,,,,,,,,,,,,,,,,,,,,,,,,,,,,,,,,,,,,,,,,,,,,,,,,,,,,,,,,,,,,,,,30,0.1,
577,Player/Npcs/Prefabs/boss026_n.prefab,205,Kim Sí Bằng Hoàng (Mini) ,,,,1.75,0.5,20,0.1,6,0.1,20,,0,,,30,0.1,16,0.1,,0.1,16,0.1,,12,0.2,,30,0.1,,30,0.1,,30,0.1,20,0.1,,0.15,15,0.1,,15,0.08,,0.1,,0.1,30,0.09,,0.15,,0.15,,0.15,,0.15,,,,0.15,18,0.08,,,,,,,,,,,,,,,,,,,,,,,,,,,,,,,,,,,,,,,,,,,,,,,,,,,,,,,,,,,,,,,,,,,,,,,30,0.1,
580,Player/Npcs/Prefabs/npc_190.prefab,,Đường Giản-Cũ,,,,1.9,0.5,16,0.1,6,0.1,26,,0,,,30,0.5,15,0.5,,0.1,15,0.1,,12,0.2,,30,0.2,,30,0.2,,30,0.2,20,0.2,28,0.4,15,0.1,,15,0.08,,0.1,,0.1,,0.09,,0.15,,0.15,,0.15,,0.15,,,,0.15,,0.08,,,,,,,,,,,,,,,,,,,,,,,,,,,,,,,,,,,,,,,,,,,,,,,,,,,,,,,,,,,,,,,,,,,,,,,30,0.2,
581,Player/Npcs/Prefabs/npc_176A.prefab,131,Xích Hạt,,,,1.4,0.5,20,0.1,6,0.1,20,,0,,,30,0.1,16,0.1,,0.1,16,0.1,,12,0.2,,30,0.1,,30,0.1,,30,0.1,20,0.1,,0.15,15,0.1,,15,0.08,,0.1,,0.1,15,0.09,,0.15,,0.15,,0.15,,0.15,,,,0.15,18,0.08,,,,,,,,,,,,,,,,,,,,,,,,,,,,,,,,,,,,,,,,,,,,,,,,,,,,,,,,,,,,,,,,,,,,,,,30,0.1,
582,Player/Npcs/Prefabs/npc_176B.prefab,132,Mặc Thù,,,,1.4,0.5,20,0.1,6,0.1,20,,0,,,30,0.1,15,0.1,,0.1,16,0.1,,12,0.2,,30,0.1,,30,0.1,,30,0.1,20,0.1,,0.15,15,0.1,,15,0.08,,0.1,,0.1,15,0.09,,0.15,,0.15,,0.15,,0.15,,,,0.15,18,0.08,,,,,,,,,,,,,,,,,,,,,,,,,,,,,,,,,,,,,,,,,,,,,,,,,,,,,,,,,,,,,,,,,,,,,,,30,0.1,
583,Player/Npcs/Prefabs/npc_176C.prefab,133,Bích Thiềm,,,,1.4,0.5,20,0.1,6,0.1,16,,0,,,30,0.1,16,0.1,,0.1,16,0.1,,12,0.2,,30,0.1,,30,0.1,,30,0.1,20,0.1,,0.15,14,0.1,,15,0.08,,0.1,,0.1,15,0.09,,0.15,,0.15,,0.15,,0.15,,,,0.15,18,0.08,,,,,,,,,,,,,,,,,,,,,,,,,,,,,,,,,,,,,,,,,,,,,,,,,,,,,,,,,,,,,,,,,,,,,,,30,0.1,
584,Player/Npcs/Prefabs/npc_176D.prefab,134,Phong Ngô,,,,1.4,0.5,20,0.1,6,0.1,19,,0,,,30,0.1,16,0.1,,0.1,16,0.1,,12,0.2,,30,0.1,,30,0.1,,30,0.1,20,0.1,,0.15,15,0.1,,15,0.08,,0.1,,0.1,15,0.09,,0.15,,0.15,,0.15,,0.15,,,,0.15,18,0.08,,,,,,,,,,,,,,,,,,,,,,,,,,,,,,,,,,,,,,,,,,,,,,,,,,,,,,,,,,,,,,,,,,,,,,,30,0.1,
585,Player/Npcs/Prefabs/npc_176E.prefab,135,Linh Xà,,,,1.4,0.5,20,0.1,6,0.1,17,,0,,,30,0.1,16,0.1,,0.1,16,0.1,,12,0.2,,30,0.1,,30,0.1,,30,0.1,20,0.1,,0.15,15,0.1,,15,0.08,,0.1,,0.1,15,0.09,,0.15,,0.15,,0.15,,0.15,,,,0.15,18,0.08,,,,,,,,,,,,,,,,,,,,,,,,,,,,,,,,,,,,,,,,,,,,,,,,,,,,,,,,,,,,,,,,,,,,,,,30,0.1,
586,Player/Npcs/Prefabs/dx_006.prefab,,Tượng Thành Chủ Cái Bang,,,,3.6,0.5,38,0.1,6,0.1,20,,0,30,0.1,35,0.09,20,0.09,13,0.1,15,0.1,,16,0.1,,30,0.1,,30,0.1,,30,0.1,30,0.1,25,0.06,15,0.1,,10,0.08,12,0.08,14,0.1,13,0.05,20,0.05,14,0.05,13,0.15,30,0.15,,,5,,5,0.08,5,0.01,18,0,7,0,13,0,18,0,20,0,28,0.15,23,0.4,,,,,15,0.05,30,0.1,15,0.05,,,,,,,,,,,,,,,,,,,,,,,,,,,,,,,,,,,,,,,,,,,,,30,0.1,
587,Player/Npcs/Prefabs/dx_014.prefab,,Tượng Thành Chủ Ngũ Độc,,,,3,0.5,38,0.1,6,0.1,20,,0,30,0.1,35,0.09,20,0.09,13,0.1,15,0.1,,16,0.1,,30,0.1,,30,0.1,,30,0.1,30,0.1,25,0.06,15,0.1,,10,0.08,12,0.08,14,0.1,13,0.05,20,0.05,14,0.05,13,0.15,30,0.15,,,5,,5,0.08,5,0.01,18,0,7,0,13,0,18,0,20,0,28,0.15,23,0.4,,,,,15,0.05,30,0.1,15,0.05,,,,,,,,,,,,,,,,,,,,,,,,,,,,,,,,,,,,,,,,,,,,,30,0.1,
588,Player/Npcs/Prefabs/m6_001_npc.prefab,,Cái Bang Tâm Ma,,,,2,0.5,38,0.1,6,0.1,20,,0,30,0.1,35,0.09,19,0.09,20,0.1,15,0.1,,12,0.1,,30,0.1,,70,0,,30,0.1,30,0.1,25,0.06,11,0.1,,12,0.08,11,0.08,12,0.1,10,0.05,19,0.05,15,0.05,15,0.05,40,0.15,,,5,,5,0.08,10,0.01,20,0,5,0,13,0,18,0,20,0,28,0.15,20,0.4,,,,,15,0.05,30,0.1,15,0.05,,,,,,,,,,,,,,,,,,,,,,,,,,,,,,,,,,,,,,,,,,,,,70,0,
589,Player/Npcs/Prefabs/f6_001_npc.prefab,,Ngũ Độc Tâm Ma,,,,1.6,0.5,38,0.1,6,0.1,20,,0,30,0.1,35,0.09,17,0.09,13,0.1,15,0.1,,12,0.1,,30,0.1,,65,0,,30,0.1,30,0.1,25,0.06,10,0.1,,12,0.08,12,0.08,12,0.1,15,0.05,16,0.05,12,0.05,13,0.15,45,0.15,,,5,,5,0.08,5,0.01,18,0,7,0,13,0,18,0,20,0,28,0.15,20,0.4,,,,,15,0.05,30,0.1,15,0.05,,,,,,,,,,,,,,,,,,,,,,,,,,,,,,,,,,,,,,,,,,,,,65,0,
590,Player/Npcs/Prefabs/npc_183b.prefab,,Tân Lang (Bậc 2),,,,1.75,0.5,15,0.1,6,0.1,10,,0,,,14,0.5,14,0.5,,0.1,12,0.1,,12,0.2,,30,0.2,,30,0.2,,30,0.2,20,0.2,24,0.15,10,0.1,,15,0.08,,0.1,,0.1,21,0.09,,0.15,,0.15,,0.15,,0.15,,,,0.15,,0.08,,,,,,,,,,,,,,,,,,,,,,,,,,,,,,,,,,,,,,,,,,,,,,,,,,,,,,,,,,,,,,,,,,,,,,,30,0.2,
591,Player/Npcs/Prefabs/npc_183c.prefab,,Tân Lang (Bậc 3),,,,1.75,0.5,15,0.1,6,0.1,10,,0,,,14,0.5,14,0.5,,0.1,12,0.1,,12,0.2,,30,0.2,,30,0.2,,30,0.2,20,0.2,24,0.15,10,0.1,,15,0.08,,0.1,,0.1,21,0.09,,0.15,,0.15,,0.15,,0.15,,,,0.15,,0.08,,,,,,,,,,,,,,,,,,,,,,,,,,,,,,,,,,,,,,,,,,,,,,,,,,,,,,,,,,,,,,,,,,,,,,,30,0.2,
592,Player/Npcs/Prefabs/npc_180.prefab,,Thổi Tiêu,,,,1.75,0.5,15,0.1,6,0.1,10,,0,,,14,0.5,14,0.5,,0.1,12,0.1,,12,0.2,,30,0.2,,30,0.2,,30,0.2,20,0.2,24,0.15,10,0.1,,15,0.08,,0.1,,0.1,21,0.09,,0.15,,0.15,,0.15,,0.15,,,,0.15,,0.08,,,,,,,,,,,,,,,,,,,,,,,,,,,,,,,,,,,,,,,,,,,,,,,,,,,,,,,,,,,,,,,,,,,,,,,30,0.2,
593,Player/Npcs/Prefabs/npc_180B.prefab,,Khua Chiêng,,,,1.75,0.5,15,0.1,6,0.1,10,,0,,,14,0.5,14,0.5,,0.1,12,0.1,,12,0.2,,30,0.2,,30,0.2,,30,0.2,20,0.2,24,0.15,10,0.1,,15,0.08,,0.1,,0.1,21,0.09,,0.15,,0.15,,0.15,,0.15,,,,0.15,,0.08,,,,,,,,,,,,,,,,,,,,,,,,,,,,,,,,,,,,,,,,,,,,,,,,,,,,,,,,,,,,,,,,,,,,,,,30,0.2,
594,Player/Npcs/Prefabs/npc_181.prefab,201,"Hoa Đồng (Rải hoa), rút còn 0.9",,,,1.55,0.5,15,0.1,6,0.1,10,,0,,,14,0.5,14,0.5,,0.1,12,0.1,10003,12,0.2,,40,0.2,10004,30,0.2,,30,0.2,20,0.2,24,0.15,10,0.1,,15,0.08,,0.1,,0.1,21,0.09,,0.15,,0.15,,0.15,,0.15,,,,0.15,,0.08,,,,,,,,,,,,,,,,,,,,,,,,,,,,,,,,,,,,,,,,,,,,,,,,,,,,,,,,,,,,,,,,,,,,,,,30,0.2,
595,Player/Npcs/Prefabs/npc_181.prefab,201,"Hoa Đồng, rút còn 0.9",,,,1.75,0.5,15,0.1,6,0.1,10,,0,,,14,0.5,14,0.5,,0.1,12,0.1,,12,0.2,,30,0.2,,30,0.2,,30,0.2,20,0.2,24,0.15,10,0.1,,15,0.08,,0.1,,0.1,21,0.09,,0.15,,0.15,,0.15,,0.15,,,,0.15,,0.08,,,,,,,,,,,,,,,,,,,,,,,,,,,,,,,,,,,,,,,,,,,,,,,,,,,,,,,,,,,,,,,,,,,,,,,30,0.2,
596,Player/Npcs/Prefabs/npc_202.prefab,201,"Kiệu Hoa Tiêu Chuẩn (Kiệu Hoa 4 người), rút còn 0.9",,,,2.2,0.5,15,0.1,6,0.1,10,,0,,,14,0.5,14,0.5,,0.1,12,0.1,,12,0.2,,30,0.2,,30,0.2,,30,0.2,20,0.2,24,0.15,10,0.1,,15,0.08,,0.1,,0.1,21,0.09,,0.15,,0.15,,0.15,,0.15,,,,0.15,,0.08,,,,,,,,,,,,,,,,,,,,,,,,,,,,,,,,,,,,,,,,,,,,,,,,,,,,,,,,,,,,,,,,,,,,,,,30,0.2,
597,Player/Npcs/Prefabs/npc_203.prefab,201,"Kiệu Hoa Nữ Loli (Kiệu Hoa 4 người), rút còn 0.9",,,,2.2,0.5,15,0.1,6,0.1,10,,0,,,14,0.5,14,0.5,,0.1,12,0.1,,12,0.2,,30,0.2,,30,0.2,,30,0.2,20,0.2,24,0.15,10,0.1,,15,0.08,,0.1,,0.1,21,0.09,,0.15,,0.15,,0.15,,0.15,,,,0.15,,0.08,,,,,,,,,,,,,,,,,,,,,,,,,,,,,,,,,,,,,,,,,,,,,,,,,,,,,,,,,,,,,,,,,,,,,,,30,0.2,
598,Player/Npcs/Prefabs/npc_204.prefab,,Hôn Lễ Mã Nam,,,,2,0.5,15,0.1,6,0.1,10,,0,,,14,0.5,14,0.5,,0.1,12,0.1,,12,0.2,,30,0.2,,30,0.2,,30,0.2,20,0.2,24,0.15,10,0.1,,15,0.08,,0.1,,0.1,21,0.09,,0.15,,0.15,,0.15,,0.15,,,,0.15,,0.08,,,,,,,,,,,,,,,,,,,,,,,,,,,,,,,,,,,,,,,,,,,,,,,,,,,,,,,,,,,,,,,,,,,,,,,30,0.2,
599,Player/Npcs/Prefabs/npc_206.prefab,,Hồng Nương,,,,1.75,0.5,15,0.1,6,0.1,10,,0,,,14,0.5,14,0.5,,0.1,12,0.1,,12,0.2,,30,0.2,,30,0.2,,30,0.2,20,0.2,24,0.15,10,0.1,,15,0.08,,0.1,,0.1,21,0.09,,0.15,,0.15,,0.15,,0.15,,,,0.15,,0.08,,,,,,,,,,,,,,,,,,,,,,,,,,,,,,,,,,,,,,,,,,,,,,,,,,,,,,,,,,,,,,,,,,,,,,,30,0.2,
600,Player/Npcs/Prefabs/npc_207.prefab,,Nguyệt Lão,,,,1.75,0.5,15,0.1,6,0.1,10,,0,,,14,0.5,14,0.5,,0.1,12,0.1,,12,0.2,,30,0.2,,30,0.2,,30,0.2,20,0.2,24,0.15,10,0.1,,15,0.08,,0.1,,0.1,21,0.09,,0.15,,0.15,,0.15,,0.15,,,,0.15,,0.08,,,,,,,,,,,,,,,,,,,,,,,,,,,,,,,,,,,,,,,,,,,,,,,,,,,,,,,,,,,,,,,,,,,,,,,30,0.2,
601,Player/Npcs/Prefabs/npc_183a.prefab,,Tân Lang (Bậc 1),,,,1.75,0.5,15,0.1,6,0.1,10,,0,,,14,0.5,14,0.5,,0.1,12,0.1,,12,0.2,,30,0.2,,30,0.2,,30,0.2,20,0.2,24,0.15,10,0.1,,15,0.08,,0.1,,0.1,21,0.09,,0.15,,0.15,,0.15,,0.15,,,,0.15,,0.08,,,,,,,,,,,,,,,,,,,,,,,,,,,,,,,,,,,,,,,,,,,,,,,,,,,,,,,,,,,,,,,,,,,,,,,30,0.2,
602,Player/Npcs/Prefabs/npc_184a.prefab,,Tân Nương (Bậc 1),,,,1.75,0.5,15,0.1,6,0.1,10,,0,,,14,0.5,14,0.5,,0.1,12,0.1,,12,0.2,,30,0.2,,30,0.2,,30,0.2,20,0.2,24,0.15,10,0.1,,15,0.08,,0.1,,0.1,21,0.09,,0.15,,0.15,,0.15,,0.15,,,,0.15,,0.08,,,,,,,,,,,,,,,,,,,,,,,,,,,,,,,,,,,,,,,,,,,,,,,,,,,,,,,,,,,,,,,,,,,,,,,30,0.2,
603,Player/Npcs/Prefabs/npc_184b.prefab,,Tân Nương (Bậc 2),,,,1.75,0.5,15,0.1,6,0.1,10,,0,,,14,0.5,14,0.5,,0.1,12,0.1,,12,0.2,,30,0.2,,30,0.2,,30,0.2,20,0.2,24,0.15,10,0.1,,15,0.08,,0.1,,0.1,21,0.09,,0.15,,0.15,,0.15,,0.15,,,,0.15,,0.08,,,,,,,,,,,,,,,,,,,,,,,,,,,,,,,,,,,,,,,,,,,,,,,,,,,,,,,,,,,,,,,,,,,,,,,30,0.2,
604,Player/Npcs/Prefabs/npc_184c.prefab,,Tân Nương (Bậc 3),,,,1.75,0.5,15,0.1,6,0.1,10,,0,,,14,0.5,14,0.5,,0.1,12,0.1,,12,0.2,,30,0.2,,30,0.2,,30,0.2,20,0.2,24,0.15,10,0.1,,15,0.08,,0.1,,0.1,21,0.09,,0.15,,0.15,,0.15,,0.15,,,,0.15,,0.08,,,,,,,,,,,,,,,,,,,,,,,,,,,,,,,,,,,,,,,,,,,,,,,,,,,,,,,,,,,,,,,,,,,,,,,30,0.2,
605,Player/Npcs/Prefabs/npc_185a.prefab,,Tân Nương Nữ Loli (Bậc 1),,,,1.75,0.5,15,0.1,6,0.1,10,,0,,,14,0.5,14,0.5,,0.1,12,0.1,,11,0.2,,30,0.2,,30,0.2,,30,0.2,20,0.2,24,0.15,10,0.1,,15,0.08,,0.1,,0.1,21,0.09,,0.15,,0.15,,0.15,,0.15,,,,0.15,,0.08,,,,,,,,,,,,,,,,,,,,,,,,,,,,,,,,,,,,,,,,,,,,,,,,,,,,,,,,,,,,,,,,,,,,,,,30,0.2,
606,Player/Npcs/Prefabs/npc_185b.prefab,,Tân Nương Nữ Loli (Bậc 2),,,,1.75,0.5,15,0.1,6,0.1,10,,0,,,14,0.5,14,0.5,,0.1,12,0.1,,11,0.2,,30,0.2,,30,0.2,,30,0.2,20,0.2,24,0.15,10,0.1,,15,0.08,,0.1,,0.1,21,0.09,,0.15,,0.15,,0.15,,0.15,,,,0.15,,0.08,,,,,,,,,,,,,,,,,,,,,,,,,,,,,,,,,,,,,,,,,,,,,,,,,,,,,,,,,,,,,,,,,,,,,,,30,0.2,
607,Player/Npcs/Prefabs/npc_185c.prefab,,Tân Nương Nữ Loli (Bậc 3),,,,1.75,0.5,15,0.1,6,0.1,10,,0,,,14,0.5,14,0.5,,0.1,12,0.1,,11,0.2,,30,0.2,,30,0.2,,30,0.2,20,0.2,24,0.15,10,0.1,,15,0.08,,0.1,,0.1,21,0.09,,0.15,,0.15,,0.15,,0.15,,,,0.15,,0.08,,,,,,,,,,,,,,,,,,,,,,,,,,,,,,,,,,,,,,,,,,,,,,,,,,,,,,,,,,,,,,,,,,,,,,,30,0.2,
608,Player/Npcs/Prefabs/dx_007.prefab,,Tượng Thành Chủ Tàng Kiếm,,,,3.3,0.5,38,0.1,6,0.1,20,,0,30,0.1,35,0.09,20,0.09,13,0.1,15,0.1,,16,0.1,,30,0.1,,30,0.1,,30,0.1,30,0.1,25,0.06,15,0.1,,10,0.08,12,0.08,14,0.1,13,0.05,20,0.05,14,0.05,13,0.15,30,0.15,,,5,,5,0.08,5,0.01,18,0,7,0,13,0,18,0,20,0,28,0.15,23,0.4,,,,,15,0.05,30,0.1,15,0.05,,,,,,,,,,,,,,,,,,,,,,,,,,,,,,,,,,,,,,,,,,,,,30,0.1,
609,Player/Npcs/Prefabs/dx_015.prefab,,Tượng Thành Chủ Trường Ca,,,,3.3,0.5,38,0.1,6,0.1,20,,0,30,0.1,35,0.09,20,0.09,13,0.1,15,0.1,,16,0.1,,30,0.1,,30,0.1,,30,0.1,30,0.1,25,0.06,15,0.1,,10,0.08,12,0.08,14,0.1,13,0.05,20,0.05,14,0.05,13,0.15,30,0.15,,,5,,5,0.08,5,0.01,18,0,7,0,13,0,18,0,20,0,28,0.15,23,0.4,,,,,15,0.05,30,0.1,15,0.05,,,,,,,,,,,,,,,,,,,,,,,,,,,,,,,,,,,,,,,,,,,,,30,0.1,
610,Player/Npcs/Prefabs/m7_001_npc.prefab,,Tàng Kiếm Tâm Ma,,,,2,0.5,38,0.1,6,0.1,20,,0,30,0.1,35,0.09,17,0.09,13,0.1,15,0.1,,18,0.1,,30,0.1,,70,0,,30,0.1,20,0.1,25,0.06,9,0.1,,8,0.08,10,0.08,15,0.1,13,0.05,17,0.05,11,0.05,17,0.05,63,0.15,,,5,,5,0.08,10,0.01,19,0,5,0,13,0,18,0,20,0,28,0.15,20,0.4,,,,,15,0.05,30,0.1,15,0.05,,,,,,,,,,,,,,,,,,,,,,,,,,,,,,,,,,,,,,,,,,,,,70,0,
611,Player/Npcs/Prefabs/f7_001_npc.prefab,,Trường Ca Tâm Ma,,,,1.9,0.5,38,0.1,8,0.1,20,,0,30,0.1,35,0.09,17,0.09,12,0.1,15,0.1,,16,0.1,,30,0.1,,65,0,,30,0.1,30,0.1,25,0.06,13,0.1,,12,0.08,14,0.08,14,0.1,14,0.05,15,0.05,16,0.05,17,0.15,47,0.1,,,5,,5,0.08,5,0.01,18,0,7,0,13,0,18,0,20,0,28,0.15,20,0.4,,,,,15,0.05,30,0.1,15,0.05,,,,,9,0.1,11,0.02,11,0.02,17,0.02,20,0.02,16,0.02,16,0.02,5,0.02,30,0.1,16,0.1,35,0.09,16,0.09,12,0.1,6,0.1,25,0.06,18,0,7,0,20,0.4,,,,,65,0,
612,Player/critter/prefab/jh_bianpao01.prefab,,Kết Hôn-Pháo Hoa Vui Vẻ,,,,1.75,0.5,38,0.1,6,0.1,20,,0,30,0.1,35,0.09,20,0.09,13,0.1,15,0.1,,16,0.1,,30,0.1,,30,0.1,,30,0.1,30,0.1,25,0.06,15,0.1,,10,0.08,12,0.08,14,0.1,13,0.05,20,0.05,14,0.05,13,0.15,30,0.15,,,5,,5,0.08,5,0.01,18,0,7,0,13,0,18,0,20,0,28,0.15,23,0.4,,,,,15,0.05,30,0.1,15,0.05,,,,,,,,,,,,,,,,,,,,,,,,,,,,,,,,,,,,,,,,,,,,,30,0.1,
613,Player/critter/prefab/jh_lihe01.prefab,,Kết Hôn-Hộp quà,,,,1.75,0.5,38,0.1,6,0.1,20,,0,30,0.1,35,0.09,20,0.09,13,0.1,15,0.1,,16,0.1,,30,0.1,,30,0.1,,30,0.1,30,0.1,25,0.06,15,0.1,,10,0.08,12,0.08,14,0.1,13,0.05,20,0.05,14,0.05,13,0.15,30,0.15,,,5,,5,0.08,5,0.01,18,0,7,0,13,0,18,0,20,0,28,0.15,23,0.4,,,,,15,0.05,30,0.1,15,0.05,,,,,,,,,,,,,,,,,,,,,,,,,,,,,,,,,,,,,,,,,,,,,30,0.1,
614,Player/critter/prefab/jh_tongxinguo01.prefab,,Kết Hôn-Quả Đồng Tâm,,,,1.75,0.5,38,0.1,6,0.1,20,,0,30,0.1,35,0.09,20,0.09,13,0.1,15,0.1,,16,0.1,,30,0.1,,30,0.1,,30,0.1,30,0.1,25,0.06,15,0.1,,10,0.08,12,0.08,14,0.1,13,0.05,20,0.05,14,0.05,13,0.15,30,0.15,,,5,,5,0.08,5,0.01,18,0,7,0,13,0,18,0,20,0,28,0.15,23,0.4,,,,,15,0.05,30,0.1,15,0.05,,,,,,,,,,,,,,,,,,,,,,,,,,,,,,,,,,,,,,,,,,,,,30,0.1,
615,Player/Npcs/Prefabs/npc_033.prefab,61,Tô Mặc Vân,,,,2.5,0.5,16,0.1,6,0.1,18,,0,,,18,0.5,18,0.5,,0.1,15,0.1,,12,0.2,,30,0.2,,30,0.2,,30,0.2,20,0.2,30,0.05,15,0.1,,15,0.08,,0.1,,0.1,,0.09,,0.15,,0.15,,0.15,,0.15,,,,0.15,,0.08,,,60,,,,,,,,,,,,,,,,,,,,,,,,,,,,,,,,,,,,,,,,,,,,,,,,,,,,,,,,,,,,,,,,,,,,30,0.2,
616,Player/Npcs/Prefabs/npc_077.prefab,61,Nạp Lan Chân,,,,2.5,0.5,16,0.1,6,0.1,20,,0,,,19,0.5,19,0.5,,0.1,15,0.1,,12,0.2,,30,0.2,,30,0.2,,30,0.2,20,0.2,24,0.15,15,0.1,,15,0.08,,0.1,,0.1,,0.09,,0.15,,0.15,,0.15,,0.15,,,,0.15,,0.08,,,,,,,,,,,,,,,,,,,,,,,,,50,0.05,40,0.05,,,,,,,,,,,,,,,,,,,,,,,,,,,,,,,,,,,,,,,,,,,30,0.2,
617,Player/Npcs/Prefabs/npc_044.prefab,61,Lục Văn Long,,,,2.5,0.5,16,0.1,6,0.1,18,,0,,,17,0.5,17,0.5,,0.1,15,0.1,,12,0.2,,30,0.2,,30,0.2,,30,0.2,20,0.2,13,0.4,15,0.1,,15,0.08,,0.1,,0.1,,0.09,,0.15,,0.15,,0.15,,0.15,,,,0.15,,0.08,,,,,,,,,,,,,,,,,,,,,,,,,,,,,,,,,,,,,,,,,,,,,,,,,,,,,,,,,,,,,,,,,,,,,,,30,0.2,
618,Player/Npcs/Prefabs/npc_129.prefab,61,Yên Nhược Tuyết,,,,2.5,0.5,15,0.1,6,0.1,17,,0,,,33,0.5,16,0.5,,0.1,16,0.1,,12,0.2,,30,0.2,,30,0.2,,30,0.2,20,0.2,24,0.15,15,0.1,,15,0.08,,0.1,,0.1,15,0.09,,0.15,,0.15,,0.15,,0.15,,,,0.15,,0.08,,,,,,,,,,,,,,,,,,,,,,,,,,,,,,,,,,,,,,,,,,,,,,,,,,,,,,,,,,,,,,,,,,,,,,,30,0.2,
619,Player/Npcs/Prefabs/npc_174.prefab,61,Cổ Yên Nhiên,,,,2.5,0.5,16,0.1,6,0.1,20,,0,,,30,0.5,16,0.5,,0.1,16,0.1,,12,0.2,,30,0.2,,30,0.2,,30,0.2,20,0.2,,0.4,15,0.1,,15,0.08,,0.1,,0.1,,0.09,,0.15,,0.15,,0.15,,0.15,,,,0.15,,0.08,,,,,,,,,,,,,,,,,,,,,,,,,,,,,,,,,,,,,,,,,,,,,,,,,,,,,,,,,,,,,,,,,,,,,,,30,0.2,
620,Player/Npcs/Prefabs/npc_165.prefab,61,Tống Thu Thạch-Côn Lôn Đại Đệ Tử,,,,2.5,0.5,16,0.1,6,0.1,20,,0,,,30,0.5,16,0.5,,0.1,16,0.1,,12,0.2,,30,0.2,,30,0.2,,30,0.2,20,0.2,,0.4,15,0.1,,15,0.08,,0.1,,0.1,,0.09,,0.15,,0.15,,0.15,,0.15,,,,0.15,,0.08,,,,,,,,,,,,,,,,,,,,,,,,,,,,,,,,,,,,,,,,,,,,,,,,,,,,,,,,,,,,,,,,,,,,,,,30,0.2,
621,Player/Npcs/Prefabs/npc_150.prefab,61,Tuyền Cơ Tử-Côn Lôn Chưởng Môn,,,,2.5,0.5,16,0.1,6,0.1,20,,0,,,19,0.5,19,0.5,,0.1,15,0.1,,12,0.2,,30,0.2,,30,0.2,,30,0.2,20,0.2,19,0.15,15,0.1,,15,0.08,,0.1,,0.1,,0.09,,0.15,,0.15,,0.15,,0.15,,,,0.15,,0.08,,,,,,,,,,,,,,,,,,,,,,,,,25,0.05,,,,,,,,,,,,,,,,,,,,,,,,,,,,,,,,,,,,,,,,,,,,,30,0.2,
622,Player/Npcs/Prefabs/npc_116.prefab,61,Đạo Nhất Chân Nhân-Võ Đang Chưởng Môn,,,,2.5,0.5,15,0.1,6,0.1,20,,0,,,15,0.5,15,0.5,,0.1,16,0.1,,12,0.2,,30,0.2,,30,0.2,,30,0.2,20,0.2,24,0.15,15,0.1,,15,0.08,15,0.1,15,0.1,15,0.09,,0.15,,0.15,,0.15,,0.15,,,,0.15,,0.08,,,,,,,,,,,,,,,,,,,,,,,,,,,,,,,,,,,,,,,,,,,,,,,,,,,,,,,,,,,,,,,,,,,,,,,30,0.2,
623,Player/Npcs/Prefabs/npc_122.prefab,61,Đoan Mộc Duệ-Thiên Nhẫn Chưởng Môn,,,,2.5,0.5,15,0.1,6,0.1,20,,0,,,30,0.5,16,0.5,,0.1,16,0.1,,12,0.2,,30,0.2,,30,0.2,,30,0.2,20,0.2,24,0.15,15,0.1,,15,0.08,,0.1,,0.1,15,0.09,,0.15,,0.15,,0.15,,0.15,,,,0.15,,0.08,,,,,,,,,,,,,,,,,,,,,,,,,,,,,,,,,,,,,,,,,,,,,,,,,,,,,,,,,,,,,,,,,,,,,,,30,0.2,
624,Player/Npcs/Prefabs/npc_pet001.prefab,61,Hoàng Mộ Vân-Đào Hoa Chưởng Môn,,,,2.5,0.5,45,0.1,6,0.1,15,,0,,,45,0.1,45,0.1,13,0.1,15,0.1,,15,0.2,,30,0,,30,0,,30,0,30,0,25,0.05,15,0.1,,15,0.08,16,0.1,,,18,0.09,21,0.1,20,0.2,20,0.15,37,0.15,,,,0.15,15,0.08,,,17,0,7,0,,,,,,,,,,,,,,,,,,,,,,,,,,,,,,,,,,,,,,,,,,,,,,,,,,,,,,,,,,,,,,,,,30,0,
625,Player/Npcs/Prefabs/npc_pet002.prefab,61,Lý Điềm Nhi-Đào Hoa Đại Đệ Tử,,,,2.5,0.5,45,0.1,6,0.1,15,,0,,,45,0.1,45,0.1,13,0.1,15,0.1,,15,0.2,,30,0,,30,0,,30,0,30,0,25,0.05,15,0.1,,15,0.08,16,0.1,,,18,0.09,21,0.1,20,0.2,20,0.15,37,0.15,,,,0.15,15,0.08,,,17,0,7,0,,,,,,,,,,,,,,,,,,,,,,,,,,,,,,,,,,,,,,,,,,,,,,,,,,,,,,,,,,,,,,,,,30,0,
626,Player/Npcs/Prefabs/npc_111.prefab,61,Lý Thiên Mục-Võ Đang Đại Đệ Tử,,,,2.5,0.5,38,0.1,6,0.1,20,,0,,,35,0.09,35,0.09,13,0.1,15,0.1,,16,0.1,,30,0.1,,30,0.1,,30,0.1,30,0.1,25,0.06,13,0.1,,13,0.08,13,0.08,18,0.01,18,0.05,21,0.05,20,0.05,28,0.15,48,0.15,,,5,,5,0.08,5,0.01,20,0,6,0,13,0,18,0,20,0,28,0.15,20,0.4,,,,,,,,,,,,,,,,,,,,,,,,,,,,,,,,,,,,,,,,,,,,,,,,,,,,,,,30,0.1,
627,Player/Npcs/Prefabs/npc_035.prefab,61,Trung Nguyên Nhất Điểm Hồng,,,,2.5,0.5,16,0.1,6,0.1,20,,0,,,20,0.5,20,0.5,,0.1,15,0.1,,12,0.2,,30,0.2,,30,0.2,,30,0.2,20,0.2,38,0.4,15,0.1,,15,0.08,,0.1,,0.1,5,0.09,,0.15,,0.15,,0.15,,0.15,,,,0.15,,0.08,,,,,,,,,,,,,,,,,,,,,,,,,20,0.05,,,,,,,,,,,,,,,,,,,,,,,,,,,,,,,,,,,,,,,,,,,,,30,0.2,
628,Player/Npcs/Prefabs/npc_164.prefab,61,Đường Giản,,,,2.5,0.5,16,0.1,6,0.1,26,,0,,,30,0.5,15,0.5,,0.1,15,0.1,,12,0.2,,30,0.2,,30,0.2,,30,0.2,20,0.2,28,0.4,15,0.1,,15,0.08,,0.1,,0.1,,0.09,,0.15,,0.15,,0.15,,0.15,,,,0.15,,0.08,,,,,,,,,,,,,,,,,,,,,,,,,,,,,,,,,,,,,,,,,,,,,,,,,,,,,,,,,,,,,,,,,,,,,,,30,0.2,
629,Player/Npcs/Prefabs/npc_041.prefab,61,Dương Anh-Thiên Vương Chưởng Môn,,,,2.5,0.5,16,0.1,6,0.1,20,,0,,,19,0.5,19,0.5,,0.1,15,0.1,,12,0.2,,30,0.2,,30,0.2,,30,0.2,20,0.2,13,0.4,13,0.1,,14,0.08,15,0.1,15,0.1,,0.09,,0.15,,0.15,,0.15,,0.15,,,,0.15,,0.08,,,,,,,,,,,,,,,,,,,,,,,,,,,,,,,,,,,,,,,,,,,,,,,,,,,,,,,,,,,,,,,,,,,,,,,30,0.2,
630,Player/Npcs/Prefabs/npc_016.prefab,61,Gấu Đen,,,,2.5,0.5,16,0.1,6,0.1,18,,0,,,10,0.5,10,0.5,,0.1,15,0.1,,12,0.2,,30,0.2,,30,0.2,,30,0.2,20,0.2,,0.15,10,0.1,,,0.08,,0.1,,0.1,,0.09,,0.15,,0.15,,0.15,,0.15,,,,0.15,,0.08,,,,,,,,,,,,,,,,,,,,,,,,,,,,,,,,,,,,,,,,,,,,,,,,,,,,,,,,,,,,,,,,,,,,,,,30,0.2,
631,Player/Npcs/Prefabs/npc_071.prefab,61,Vô Nộ,,,,2.5,0.5,16,0.1,6,0.1,20,,0,,,30,0.1,18,0.5,,0.1,15,0.1,,12,0.2,,30,0.2,,30,0.2,,30,0.2,20,0.2,,0.15,15,0.1,,15,0.08,,0.1,,0.1,15,0.09,,0.15,,0.15,,0.15,,0.15,,,,0.15,,0.08,,,,,,,,,,,,,,,,,,,,,,,,,,,,,,,,,,,,,,,,,,,,,,,,,,,,,,,,,,,,,,,,,,,,,,,30,0.2,
632,Player/Npcs/Prefabs/npc_175.prefab,61,Đường Cừu-Đường Môn Chưởng Môn,,,,2.5,0.5,16,0.1,6,0.1,20,,0,,,30,0.5,16,0.5,,0.1,16,0.1,,12,0.2,,30,0.2,,30,0.2,,30,0.2,20,0.2,,0.4,15,0.1,,15,0.08,,0.1,,0.1,,0.09,,0.15,,0.15,,0.15,,0.15,,,,0.15,,0.08,,,,,,,,,,,,,,,,,,,,,,,,,,,,,,,,,,,,,,,,,,,,,,,,,,,,,,,,,,,,,,,,,,,,,,,30,0.2,
633,Player/Npcs/Prefabs/npc_170.prefab,61,Hà Nhân Ngã-Cái Bang Chưởng Môn,,,,2.5,0.5,16,0.1,6,0.1,19,,0,,,30,0.5,16,0.5,,0.1,16,0.1,,12,0.2,,30,0.2,,30,0.2,,30,0.2,20,0.2,,0.4,15,0.1,,15,0.08,,0.1,,0.1,,0.09,,0.15,,0.15,,0.15,,0.15,,,,0.15,,0.08,,,,,,,,,,,,,,,,,,,,,,,,,,,,,,,,,,,,,,,,,,,,,,,,,,,,,,,,,,,,,,,,,,,,,,,30,0.2,
634,Player/Npcs/Prefabs/npc_149.prefab,61,Doãn Tiêu Vũ-Thúy Yên Chưởng Môn,,,,2.5,0.5,16,0.1,6,0.1,16,,0,,,14,0.5,14,0.5,,0.1,15,0.1,,9,0.2,,30,0.2,,30,0.2,,30,0.2,20,0.2,43,0.4,15,0.1,,14,0.08,,0.1,,0.1,,0.09,,0.15,,0.15,,0.15,,0.15,,,,0.15,,0.08,,,,,,,,,,,,,,,,,,,,,,,,,,,,,,,,,,,,,,,,,,,,,,,,,,,,,,,,,,,,,,,,,,,,,,,30,0.2,
635,Player/Npcs/Prefabs/npc_168.prefab,61,Thạch Hiên Viên-Cái Bang Đại Đệ Tử,,,,2.5,0.5,16,0.1,6,0.1,20,,0,,,30,0.5,16,0.5,,0.1,16,0.1,,12,0.2,,30,0.2,,30,0.2,,30,0.2,20,0.2,,0.4,15,0.1,,15,0.08,,0.1,,0.1,,0.09,,0.15,,0.15,,0.15,,0.15,,,,0.15,,0.08,,,,,,,,,,,,,,,,,,,,,,,,,,,,,,,,,,,,,,,,,,,,,,,,,,,,,,,,,,,,,,,,,,,,,,,30,0.2,
636,Player/Npcs/Prefabs/npc_205.prefab,61,Võ Tắc Thiên,,,,2.5,0.5,16,0.1,6,0.1,20,,0,,,30,0.5,16,0.5,,0.1,16,0.1,,12,0.2,,30,0.2,,30,0.2,,30,0.2,20,0.2,,0.4,15,0.1,,15,0.08,,0.1,,0.1,,0.09,,0.15,,0.15,,0.15,,0.15,,,,0.15,,0.08,,,,,,,,,,,,,,,,,,,,,,,,,,,,,,,,,,,,,,,,,,,,,,,,,,,,,,,,,,,,,,,,,,,,,,,30,0.2,
637,Player/Npcs/Prefabs/npc_220.prefab,61,Vô Tự Bi,,,,2.5,0.5,16,0.1,6,0.1,20,,0,,,30,0.5,16,0.5,,0.1,16,0.1,,12,0.2,,30,0.2,,30,0.2,,30,0.2,20,0.2,,0.4,15,0.1,,15,0.08,,0.1,,0.1,,0.09,,0.15,,0.15,,0.15,,0.15,,,,0.15,,0.08,,,,,,,,,,,,,,,,,,,,,,,,,,,,,,,,,,,,,,,,,,,,,,,,,,,,,,,,,,,,,,,,,,,,,,,30,0.2,
638,Player/Npcs/Prefabs/npc_221.prefab,61,Địch Nhân Kiệt,,,,2.5,0.5,16,0.1,6,0.1,20,,0,,,30,0.5,16,0.5,,0.1,16,0.1,,12,0.2,,30,0.2,,30,0.2,,30,0.2,20,0.2,,0.4,15,0.1,,15,0.08,,0.1,,0.1,,0.09,,0.15,,0.15,,0.15,,0.15,,,,0.15,,0.08,,,,,,,,,,,,,,,,,,,,,,,,,,,,,,,,,,,,,,,,,,,,,,,,,,,,,,,,,,,,,,,,,,,,,,,30,0.2,
639,Player/Npcs/Prefabs/npc_222.prefab,61,Lý Nguyên Phương,,,,2.5,0.5,16,0.1,6,0.1,20,,0,,,30,0.5,16,0.5,,0.1,16,0.1,,12,0.2,,30,0.2,,30,0.2,,30,0.2,20,0.2,,0.4,15,0.1,,15,0.08,,0.1,,0.1,,0.09,,0.15,,0.15,,0.15,,0.15,,,,0.15,,0.08,,,,,,,,,,,,,,,,,,,,,,,,,,,,,,,,,,,,,,,,,,,,,,,,,,,,,,,,,,,,,,,,,,,,,,,30,0.2,
640,Player/Npcs/Prefabs/boss001_y.prefab,,Linh Hồn-Nam (Địch),,,,2.5,0.5,5,0.1,6,0.1,15,,0,,,5,0.1,5,0.1,,0.1,15,0.1,,12,0.2,,30,0.2,,30,0.2,,30,0.2,20,0.2,24,0.15,15,0.1,,15,0.08,,0.1,,0.1,,0.09,,0.15,,0.15,,0.15,,0.15,,,,0.15,,0.08,,,,,,,,,,,,,,,,,,,,,,,,,,,,,,,,,,,,,,,,,,,,,,,,,,,,,,,,,,,,,,,,,,,,,,,30,0.2,
641,Player/Npcs/Prefabs/npc_002_y.prefab,,Linh Hồn-Nữ (Địch),,,,2.5,0.5,16,0.1,6,0.1,21,,0,,,30,0.1,17,0.5,,0.1,15,0.1,,14,0.2,,30,0.2,,30,0.2,,30,0.2,18,0.2,,0.15,18,0.1,,,0.08,,0.1,,0.1,,0.09,,0.15,,0.15,,0.15,,0.15,,,,0.15,,0.08,,,,,,,,,,,,,,,,,,,,,,,,,,,,,,,,,,,,,,,,,,,,,,,,,,,,,,,,,,,,,,,,,,,,,,,30,0.2,
642,Player/Npcs/Prefabs/npc_127.prefab,61,Vô Dục,,,,2.5,0.5,16,0.1,6,0.1,19,,0,,,20,0.5,20,0.5,,0.1,16,0.1,,12,0.2,,30,0.2,,30,0.2,,30,0.2,20,0.2,24,0.15,15,0.1,,15,0.08,,0.1,,0.1,,0.09,,0.15,,0.15,,0.15,,0.15,,,,0.15,,0.08,,,,,,,,,,,,,,,,,,,,,,,,,,,,,,,,,,,,,,,,,,,,,,,,,,,,,,,,,,,,,,,,,,,,,,,30,0.2,
643,Player/Npcs/Prefabs/npc_069.prefab,61,Vô Si,,,,2.5,0.5,16,0.1,6,0.1,14,,0,,,30,0.1,18,0.5,,0.1,15,0.1,,12,0.2,,30,0.2,,30,0.2,,30,0.2,20,0.2,,0.15,15,0.1,,15,0.08,,0.1,,0.1,,0.09,,0.15,,0.15,,0.15,,0.15,,,,0.15,,0.08,,,,,,,,,,,,,,,,,,,,,,,,,,,,,,,,,,,,,,,,,,,,,,,,,,,,,,,,,,,,,,,,,,,,,,,30,0.2,
644,Player/Npcs/Prefabs/npc_019.prefab,61,Đường Ảnh,,,,2.5,0.5,16,0.1,6,0.1,19,,0,,,17,0.5,17,0.5,,0.1,15,0.1,,11,0.2,,30,0.2,,30,0.2,,30,0.2,20,0.2,16,0.15,16,0.1,,18,0.08,,0.1,,0.1,,0.09,,0.15,,0.15,,0.15,,0.15,,,,0.15,,0.08,,,,,,,,,,,,,,,,,,,,,,,,,,,,,,,,,,,,,,,,,,,,,,,,,,,,,,,,,,,,,,,,,,,,,,,30,0.2,
645,Effect/Prefabs/JueSe/TangMen/TangMen_JN_01_BUFF_02.prefab,212,Đường Môn Giáp Tử,,,,2.5,0.5,16,0.1,6,0.1,19,,0,,,17,0.5,17,0.5,,0.1,15,0.1,,11,0.2,,30,0.2,,30,0.2,,30,0.2,20,0.2,16,0.15,16,0.1,,18,0.08,,0.1,,0.1,,0.09,,0.15,,0.15,,0.15,,0.15,,,,0.15,,0.08,,,,,,,,,,,,,,,,,,,,,,,,,,,,,,,,,,,,,,,,,,,,,,,,,,,,,,,,,,,,,,,,,,,,,,,30,0.2,
646,Player/Npcs/Prefabs/dx_008.prefab,,Tượng Thành Chủ Thiên Sơn-Nam,,,,3.6,0.5,38,0.1,6,0.1,20,,0,30,0.1,35,0.09,20,0.09,13,0.1,15,0.1,,16,0.1,,30,0.1,,30,0.1,,30,0.1,30,0.1,25,0.06,15,0.1,,10,0.08,12,0.08,14,0.1,13,0.05,20,0.05,14,0.05,13,0.15,30,0.15,,,5,,5,0.08,5,0.01,18,0,7,0,13,0,18,0,20,0,28,0.15,23,0.4,,,,,15,0.05,30,0.1,15,0.05,,,,,,,,,,,,,,,,,,,,,,,,,,,,,,,,,,,,,,,,,,,,,30,0.1,
647,Player/Npcs/Prefabs/dx_016.prefab,,Tượng Thành Chủ Thiên Sơn-Nữ,,,,3.3,0.5,38,0.1,6,0.1,20,,0,30,0.1,35,0.09,20,0.09,13,0.1,15,0.1,,16,0.1,,30,0.1,,30,0.1,,30,0.1,30,0.1,25,0.06,15,0.1,,10,0.08,12,0.08,14,0.1,13,0.05,20,0.05,14,0.05,13,0.15,30,0.15,,,5,,5,0.08,5,0.01,18,0,7,0,13,0,18,0,20,0,28,0.15,23,0.4,,,,,15,0.05,30,0.1,15,0.05,,,,,,,,,,,,,,,,,,,,,,,,,,,,,,,,,,,,,,,,,,,,,30,0.1,
648,Scenes/Meshes/cj_linan01/prefab/cj_linan_huapennpc.prefab,,Lâm An-Bồn Hoa,,,,3.3,0.5,38,0.1,6,0.1,20,,0,30,0.1,35,0.09,20,0.09,13,0.1,15,0.1,,16,0.1,,30,0.1,,30,0.1,,30,0.1,30,0.1,25,0.06,15,0.1,,10,0.08,12,0.08,14,0.1,13,0.05,20,0.05,14,0.05,13,0.15,30,0.15,,,5,,5,0.08,5,0.01,18,0,7,0,13,0,18,0,20,0,28,0.15,23,0.4,,,,,15,0.05,30,0.1,15,0.05,,,,,,,,,,,,,,,,,,,,,,,,,,,,,,,,,,,,,,,,,,,,,30,0.1,
649,Player/Npcs/Prefabs/npc_073B.prefab,,Thôn Nữ,,,,2.5,0.5,16,0.1,6,0.1,19,,0,,,17,0.5,17,0.5,,0.1,15,0.1,,11,0.2,,30,0.2,,30,0.2,,30,0.2,20,0.2,16,0.15,16,0.1,,18,0.08,,0.1,,0.1,,0.09,,0.15,,0.15,,0.15,,0.15,,,,0.15,,0.08,,,,,,,,,,,,,,,,,,,,,,,,,,,,,,,,,,,,,,,,,,,,,,,,,,,,,,,,,,,,,,,,,,,,,,,30,0.2,
650,Player/Npcs/Prefabs/npc_208A.prefab,,Mã Tặc 1,,,,2.5,0.5,16,0.1,6,0.1,19,,0,,,17,0.5,17,0.5,,0.1,15,0.1,,11,0.2,,30,0.2,,30,0.2,,30,0.2,20,0.2,16,0.15,16,0.1,,18,0.08,,0.1,,0.1,,0.09,,0.15,,0.15,,0.15,,0.15,,,,0.15,,0.08,,,,,,,,,,,,,,,,,,,,,,,,,,,,,,,,,,,,,,,,,,,,,,,,,,,,,,,,,,,,,,,,,,,,,,,30,0.2,
651,Player/Npcs/Prefabs/npc_208B.prefab,,Mã Tặc 2,,,,2.5,0.5,16,0.1,6,0.1,19,,0,,,17,0.5,17,0.5,,0.1,15,0.1,,11,0.2,,30,0.2,,30,0.2,,30,0.2,20,0.2,16,0.15,16,0.1,,18,0.08,,0.1,,0.1,,0.09,,0.15,,0.15,,0.15,,0.15,,,,0.15,,0.08,,,,,,,,,,,,,,,,,,,,,,,,,,,,,,,,,,,,,,,,,,,,,,,,,,,,,,,,,,,,,,,,,,,,,,,30,0.2,
652,Player/Npcs/Prefabs/npc_209.prefab,,Nạn Dân,,,,2.5,0.5,16,0.1,6,0.1,19,,0,,,17,0.5,17,0.5,,0.1,15,0.1,,11,0.2,,30,0.2,,30,0.2,,30,0.2,20,0.2,16,0.15,16,0.1,,18,0.08,,0.1,,0.1,,0.09,,0.15,,0.15,,0.15,,0.15,,,,0.15,,0.08,,,,,,,,,,,,,,,,,,,,,,,,,,,,,,,,,,,,,,,,,,,,,,,,,,,,,,,,,,,,,,,,,,,,,,,30,0.2,
653,Player/Npcs/Prefabs/npc_230.prefab,,Thích Khách 1,,,,2.5,0.5,16,0.1,6,0.1,19,,0,,,17,0.5,17,0.5,,0.1,15,0.1,,11,0.2,,30,0.2,,30,0.2,,30,0.2,20,0.2,16,0.15,16,0.1,,18,0.08,,0.1,,0.1,,0.09,,0.15,,0.15,,0.15,,0.15,,,,0.15,,0.08,,,,,,,,,,,,,,,,,,,,,,,,,,,,,,,,,,,,,,,,,,,,,,,,,,,,,,,,,,,,,,,,,,,,,,,30,0.2,
654,Player/Npcs/Prefabs/npc_230B.prefab,,Thích Khách 2,,,,2.5,0.5,16,0.1,6,0.1,19,,0,,,17,0.5,17,0.5,,0.1,15,0.1,,11,0.2,,30,0.2,,30,0.2,,30,0.2,20,0.2,16,0.15,16,0.1,,18,0.08,,0.1,,0.1,,0.09,,0.15,,0.15,,0.15,,0.15,,,,0.15,,0.08,,,,,,,,,,,,,,,,,,,,,,,,,,,,,,,,,,,,,,,,,,,,,,,,,,,,,,,,,,,,,,,,,,,,,,,30,0.2,
655,Player/Npcs/Prefabs/npc_234.prefab,,Bé Gái,,,,2.5,0.5,16,0.1,6,0.1,19,,0,,,17,0.5,17,0.5,,0.1,15,0.1,,11,0.2,,30,0.2,,30,0.2,,30,0.2,20,0.2,16,0.15,16,0.1,,18,0.08,,0.1,,0.1,,0.09,,0.15,,0.15,,0.15,,0.15,,,,0.15,,0.08,,,,,,,,,,,,,,,,,,,,,,,,,,,,,,,,,,,,,,,,,,,,,,,,,,,,,,,,,,,,,,,,,,,,,,,30,0.2,
656,Player/Npcs/Prefabs/npc_235.prefab,,Võ Quán,,,,2.5,0.5,16,0.1,6,0.1,19,,0,,,17,0.5,17,0.5,,0.1,15,0.1,,11,0.2,,30,0.2,,30,0.2,,30,0.2,20,0.2,16,0.15,16,0.1,,18,0.08,,0.1,,0.1,,0.09,,0.15,,0.15,,0.15,,0.15,,,,0.15,,0.08,,,,,,,,,,,,,,,,,,,,,,,,,,,,,,,,,,,,,,,,,,,,,,,,,,,,,,,,,,,,,,,,,,,,,,,30,0.2,
657,Player/Npcs/Prefabs/npc_224.prefab,,Triệu Vân,,,,2.5,0.5,16,0.1,6,0.1,19,,0,,,17,0.5,17,0.5,,0.1,15,0.1,,11,0.2,,30,0.2,,30,0.2,,30,0.2,20,0.2,16,0.15,16,0.1,,18,0.08,,0.1,,0.1,,0.09,,0.15,,0.15,,0.15,,0.15,,,,0.15,,0.08,,,,,,,,,,,,,,,,,,,,,,,,,,,,,,,,,,,,,,,,,,,,,,,,,,,,,,,,,,,,,,,,,,,,,,,30,0.2,
658,Player/Npcs/Prefabs/npc_226.prefab,,Long Ngũ,,,,1.75,0.5,16,0.1,6,0.1,19,,0,,,17,0.5,17,0.5,,0.1,15,0.1,,11,0.2,,30,0.2,,30,0.2,,30,0.2,20,0.2,16,0.15,16,0.1,,18,0.08,,0.1,,0.1,,0.09,,0.15,,0.15,,0.15,,0.15,,,,0.15,,0.08,,,,,,,,,,,,,,,,,,,,,,,,,,,,,,,,,,,,,,,,,,,,,,,,,,,,,,,,,,,,,,,,,,,,,,,30,0.2,
659,Player/Npcs/Prefabs/npc_231.prefab,,Thiên Sơn Chưởng Môn,,,,2.5,0.5,16,0.1,6,0.1,19,,0,,,17,0.5,17,0.5,,0.1,15,0.1,,11,0.2,,30,0.2,,30,0.2,,30,0.2,20,0.2,16,0.15,16,0.1,,18,0.08,,0.1,,0.1,,0.09,,0.15,,0.15,,0.15,,0.15,,,,0.15,,0.08,,,,,,,,,,,,,,,,,,,,,,,,,,,,,,,,,,,,,,,,,,,,,,,,,,,,,,,,,,,,,,,,,,,,,,,30,0.2,
660,Player/Npcs/Prefabs/npc_232.prefab,,Thiên Sơn Sư Tỷ,,,,2.5,0.5,16,0.1,6,0.1,19,,0,,,17,0.5,17,0.5,,0.1,15,0.1,,11,0.2,,30,0.2,,30,0.2,,30,0.2,20,0.2,16,0.15,16,0.1,,18,0.08,,0.1,,0.1,,0.09,,0.15,,0.15,,0.15,,0.15,,,,0.15,,0.08,,,,,,,,,,,,,,,,,,,,,,,,,,,,,,,,,,,,,,,,,,,,,,,,,,,,,,,,,,,,,,,,,,,,,,,30,0.2,
661,Player/Npcs/Prefabs/npc_233.prefab,,Tiểu Sư Muội,,,,1.5,0.5,16,0.1,6,0.1,19,,0,,,17,0.5,17,0.5,,0.1,15,0.1,,11,0.2,,30,0.2,,30,0.2,,30,0.2,20,0.2,16,0.15,16,0.1,,18,0.08,,0.1,,0.1,,0.09,,0.15,,0.15,,0.15,,0.15,,,,0.15,,0.08,,,,,,,,,,,,,,,,,,,,,,,,,,,,,,,,,,,,,,,,,,,,,,,,,,,,,,,,,,,,,,,,,,,,,,,30,0.2,
662,Player/Npcs/Prefabs/npc_f1.prefab,,Trương Phượng Phượng,,,,2.5,0.5,16,0.1,6,0.1,19,,0,,,17,0.5,17,0.5,,0.1,15,0.1,,11,0.2,,30,0.2,,30,0.2,,30,0.2,20,0.2,16,0.15,16,0.1,,18,0.08,,0.1,,0.1,,0.09,,0.15,,0.15,,0.15,,0.15,,,,0.15,,0.08,,,,,,,,,,,,,,,,,,,,,,,,,,,,,,,,,,,,,,,,,,,,,,,,,,,,,,,,,,,,,,,,,,,,,,,30,0.2,
663,Player/Npcs/Prefabs/npc_f2.prefab,,Vương Huyễn Hoàng,,,,2.5,0.5,16,0.1,6,0.1,19,,0,,,17,0.5,17,0.5,,0.1,15,0.1,,11,0.2,,30,0.2,,30,0.2,,30,0.2,20,0.2,16,0.15,16,0.1,,18,0.08,,0.1,,0.1,,0.09,,0.15,,0.15,,0.15,,0.15,,,,0.15,,0.08,,,,,,,,,,,,,,,,,,,,,,,,,,,,,,,,,,,,,,,,,,,,,,,,,,,,,,,,,,,,,,,,,,,,,,,30,0.2,
664,Player/Npcs/Prefabs/npc_m1.prefab,,Lý Truyền Hiệp,,,,2.5,0.5,16,0.1,6,0.1,19,,0,,,17,0.5,17,0.5,,0.1,15,0.1,,11,0.2,,30,0.2,,30,0.2,,30,0.2,20,0.2,16,0.15,16,0.1,,18,0.08,,0.1,,0.1,,0.09,,0.15,,0.15,,0.15,,0.15,,,,0.15,,0.08,,,,,,,,,,,,,,,,,,,,,,,,,,,,,,,,,,,,,,,,,,,,,,,,,,,,,,,,,,,,,,,,,,,,,,,30,0.2,
665,Player/Npcs/Prefabs/npc_m2.prefab,,Lưu Kiếm Kỳ,,,,2.5,0.5,16,0.1,6,0.1,19,,0,,,17,0.5,17,0.5,,0.1,15,0.1,,11,0.2,,30,0.2,,30,0.2,,30,0.2,20,0.2,16,0.15,16,0.1,,18,0.08,,0.1,,0.1,,0.09,,0.15,,0.15,,0.15,,0.15,,,,0.15,,0.08,,,,,,,,,,,,,,,,,,,,,,,,,,,,,,,,,,,,,,,,,,,,,,,,,,,,,,,,,,,,,,,,,,,,,,,30,0.2,
666,Player/Npcs/Prefabs/npc_240.prefab,,Bỏ chạy,,,,1,0.5,,,,,,,,,,,,,,,,,,,,,,,,,,,,,,,,,,,,,,,,,,,,,,,,,,,,,,,,,,,,,,,,,,,,,,,,,,,,,,,,,,,,,,,,,,,,,,,,,,,,,,,,,,,,,,,,,,,,,,,,,,,,,,,,,,,
667,Player/Npcs/Prefabs/boss035.prefab,,Cự Ngao Phong Hậu,,,,2.5,0.5,20,0.1,6,0.1,20,,0,,,20,0.1,20,0.1,,0.1,15,0.1,,12,0.2,,30,0.1,,30,0.1,,30,0.1,20,0.1,,0.15,15,0.1,,15,0.08,,0.1,,0.1,30,0.09,,0.15,,0.15,,0.15,,0.15,,,,0.15,18,0.08,,,,,,,,,,,,,,,,,,,,,,,,,,,,,,,,,,,,,,,,,,,,,,,,,,,,,,,,,,,,,,,,,,,,,,,30,0.1,
668,Player/Npcs/Prefabs/boss036.prefab,,Long Văn Sư Vương,,,,2.5,0.5,20,0.1,6,0.1,20,,0,,,20,0.1,20,0.1,,0.1,15,0.1,,12,0.2,,30,0.1,,30,0.1,,30,0.1,20,0.1,,0.15,20,0.1,,20,0.08,,0.1,,0.1,30,0.09,,0.15,,0.15,,0.15,,0.15,,,,0.15,18,0.08,,,,,,,,,,,,,,,,,,,,,,,,,,,,,,,,,,,,,,,,,,,,,,,,,,,,,,,,,,,,,,,,,,,,,,,30,0.1,
669,Player/critter/prefab/dengmi01.prefab,,Hoa Đăng,,,,2,0.5,30,0.1,,0.1,10,,0,,,30,0.1,30,0.1,,0.1,15,0.1,,9,0.2,,10,0.2,,10,0.2,,10,0.2,10,0.2,,0.15,30,0.1,,,0.08,,0.1,,0.1,,0.09,,0.15,,0.15,,0.15,,0.15,,,,0.15,,0.08,,,,,,,,,,,,,,,,,,,,,,,,,,,,,,,,,,,,,,,,,,,,,,,,,,,,,,,,,,,,,,,,,,,,,,,10,0.2,
670,Player/critter/prefab/menpaizhili01.prefab,,Tâm Ma Tuyệt Địa-Sức Mạnh Môn Phái,,,,1.4,0.5,30,0.1,6,0.1,10,,0,,,30,0.1,30,0.1,,0.1,15,0.1,,9,0.2,,10,0.2,,10,0.2,,10,0.2,10,0.2,,0.15,30,0.1,,,0.08,,0.1,,0.1,,0.09,,0.15,,0.15,,0.15,,0.15,,,,0.15,,0.08,,,,,,,,,,,,,,,,,,,,,,,,,,,,,,,,,,,,,,,,,,,,,,,,,,,,,,,,,,,,,,,,,,,,,,,10,0.2,
671,Player/critter/prefab/zb_chuji01.prefab,,Cường Hóa Tâm Ma Tuyệt Địa-Sơ,,,,1.4,0.5,30,0.1,6,0.1,10,,0,,,30,0.1,30,0.1,,0.1,15,0.1,,9,0.2,,10,0.2,,10,0.2,,10,0.2,10,0.2,,0.15,30,0.1,,,0.08,,0.1,,0.1,,0.09,,0.15,,0.15,,0.15,,0.15,,,,0.15,,0.08,,,,,,,,,,,,,,,,,,,,,,,,,,,,,,,,,,,,,,,,,,,,,,,,,,,,,,,,,,,,,,,,,,,,,,,10,0.2,
672,Player/critter/prefab/zb_zhongji01.prefab,,Cường Hóa Tâm Ma Tuyệt Địa-Trung,,,,1.4,0.5,30,0.1,6,0.1,10,,0,,,30,0.1,30,0.1,,0.1,15,0.1,,9,0.2,,10,0.2,,10,0.2,,10,0.2,10,0.2,,0.15,30,0.1,,,0.08,,0.1,,0.1,,0.09,,0.15,,0.15,,0.15,,0.15,,,,0.15,,0.08,,,,,,,,,,,,,,,,,,,,,,,,,,,,,,,,,,,,,,,,,,,,,,,,,,,,,,,,,,,,,,,,,,,,,,,10,0.2,
673,Player/critter/prefab/zb_gaoji01.prefab,,Cường Hóa Tâm Ma Tuyệt Địa-Cao,,,,1.4,0.5,30,0.1,6,0.1,10,,0,,,30,0.1,30,0.1,,0.1,15,0.1,,9,0.2,,10,0.2,,10,0.2,,10,0.2,10,0.2,,0.15,30,0.1,,,0.08,,0.1,,0.1,,0.09,,0.15,,0.15,,0.15,,0.15,,,,0.15,,0.08,,,,,,,,,,,,,,,,,,,,,,,,,,,,,,,,,,,,,,,,,,,,,,,,,,,,,,,,,,,,,,,,,,,,,,,10,0.2,
674,Player/critter/prefab/miji01.prefab,,Bí Kíp Sơ-Tâm Ma Tuyệt Địa,,,,1.4,0.5,30,0.1,6,0.1,10,,0,,,30,0.1,30,0.1,,0.1,15,0.1,,9,0.2,,10,0.2,,10,0.2,,10,0.2,10,0.2,,0.15,30,0.1,,,0.08,,0.1,,0.1,,0.09,,0.15,,0.15,,0.15,,0.15,,,,0.15,,0.08,,,,,,,,,,,,,,,,,,,,,,,,,,,,,,,,,,,,,,,,,,,,,,,,,,,,,,,,,,,,,,,,,,,,,,,10,0.2,
675,Player/critter/prefab/miji02.prefab,,Bí Kíp Tâm Ma Tuyệt Địa-Trung,,,,1.4,0.5,30,0.1,6,0.1,10,,0,,,30,0.1,30,0.1,,0.1,15,0.1,,9,0.2,,10,0.2,,10,0.2,,10,0.2,10,0.2,,0.15,30,0.1,,,0.08,,0.1,,0.1,,0.09,,0.15,,0.15,,0.15,,0.15,,,,0.15,,0.08,,,,,,,,,,,,,,,,,,,,,,,,,,,,,,,,,,,,,,,,,,,,,,,,,,,,,,,,,,,,,,,,,,,,,,,10,0.2,
676,Player/critter/prefab/miji03.prefab,,Bí Kíp Cao-Tâm Ma Tuyệt Địa,,,,1.4,0.5,30,0.1,6,0.1,10,,0,,,30,0.1,30,0.1,,0.1,15,0.1,,9,0.2,,10,0.2,,10,0.2,,10,0.2,10,0.2,,0.15,30,0.1,,,0.08,,0.1,,0.1,,0.09,,0.15,,0.15,,0.15,,0.15,,,,0.15,,0.08,,,,,,,,,,,,,,,,,,,,,,,,,,,,,,,,,,,,,,,,,,,,,,,,,,,,,,,,,,,,,,,,,,,,,,,10,0.2,
677,Player/critter/prefab/jinchuangyao01.prefab,,Tâm Ma Tuyệt Địa-Kim Sáng Dược,,,,1.4,0.5,30,0.1,6,0.1,10,,0,,,30,0.1,30,0.1,,0.1,15,0.1,,9,0.2,,10,0.2,,10,0.2,,10,0.2,10,0.2,,0.15,30,0.1,,,0.08,,0.1,,0.1,,0.09,,0.15,,0.15,,0.15,,0.15,,,,0.15,,0.08,,,,,,,,,,,,,,,,,,,,,,,,,,,,,,,,,,,,,,,,,,,,,,,,,,,,,,,,,,,,,,,,,,,,,,,10,0.2,
678,Player/critter/prefab/huitiandan01.prefab,,Tâm Ma Tuyệt Địa-Hồi Thiên Đơn,,,,1.4,0.5,30,0.1,6,0.1,10,,0,,,30,0.1,30,0.1,,0.1,15,0.1,,9,0.2,,10,0.2,,10,0.2,,10,0.2,10,0.2,,0.15,30,0.1,,,0.08,,0.1,,0.1,,0.09,,0.15,,0.15,,0.15,,0.15,,,,0.15,,0.08,,,,,,,,,,,,,,,,,,,,,,,,,,,,,,,,,,,,,,,,,,,,,,,,,,,,,,,,,,,,,,,,,,,,,,,10,0.2,
679,Player/critter/prefab/wuqifumo02.prefab,,Phụ Ma Tâm Ma Tuyệt Địa-Sơ,,,,1.4,0.5,30,0.1,6,0.1,10,,0,,,30,0.1,30,0.1,,0.1,15,0.1,,9,0.2,,10,0.2,,10,0.2,,10,0.2,10,0.2,,0.15,30,0.1,,,0.08,,0.1,,0.1,,0.09,,0.15,,0.15,,0.15,,0.15,,,,0.15,,0.08,,,,,,,,,,,,,,,,,,,,,,,,,,,,,,,,,,,,,,,,,,,,,,,,,,,,,,,,,,,,,,,,,,,,,,,10,0.2,
680,Player/critter/prefab/wuqifumo03.prefab,,Phụ Ma Tâm Ma Tuyệt Địa-Trung,,,,1.4,0.5,30,0.1,6,0.1,10,,0,,,30,0.1,30,0.1,,0.1,15,0.1,,9,0.2,,10,0.2,,10,0.2,,10,0.2,10,0.2,,0.15,30,0.1,,,0.08,,0.1,,0.1,,0.09,,0.15,,0.15,,0.15,,0.15,,,,0.15,,0.08,,,,,,,,,,,,,,,,,,,,,,,,,,,,,,,,,,,,,,,,,,,,,,,,,,,,,,,,,,,,,,,,,,,,,,,10,0.2,
681,Player/critter/prefab/wuqifumo01.prefab,,Phụ Ma Tâm Ma Tuyệt Địa-Cao,,,,1.4,0.5,30,0.1,6,0.1,10,,0,,,30,0.1,30,0.1,,0.1,15,0.1,,9,0.2,,10,0.2,,10,0.2,,10,0.2,10,0.2,,0.15,30,0.1,,,0.08,,0.1,,0.1,,0.09,,0.15,,0.15,,0.15,,0.15,,,,0.15,,0.08,,,,,,,,,,,,,,,,,,,,,,,,,,,,,,,,,,,,,,,,,,,,,,,,,,,,,,,,,,,,,,,,,,,,,,,10,0.2,
682,Player/critter/prefab/chujixingnang01.prefab,,Túi Tâm Ma Tuyệt Địa-Sơ,,,,1.4,0.5,30,0.1,6,0.1,10,,0,,,30,0.1,30,0.1,,0.1,15,0.1,,9,0.2,,10,0.2,,10,0.2,,10,0.2,10,0.2,,0.15,30,0.1,,,0.08,,0.1,,0.1,,0.09,,0.15,,0.15,,0.15,,0.15,,,,0.15,,0.08,,,,,,,,,,,,,,,,,,,,,,,,,,,,,,,,,,,,,,,,,,,,,,,,,,,,,,,,,,,,,,,,,,,,,,,10,0.2,
683,Player/critter/prefab/chujixingnang02.prefab,,Túi Tâm Ma Tuyệt Địa-Cao,,,,1.4,0.5,30,0.1,6,0.1,10,,0,,,30,0.1,30,0.1,,0.1,15,0.1,,9,0.2,,10,0.2,,10,0.2,,10,0.2,10,0.2,,0.15,30,0.1,,,0.08,,0.1,,0.1,,0.09,,0.15,,0.15,,0.15,,0.15,,,,0.15,,0.08,,,,,,,,,,,,,,,,,,,,,,,,,,,,,,,,,,,,,,,,,,,,,,,,,,,,,,,,,,,,,,,,,,,,,,,10,0.2,
684,Player/critter/prefab/mapai01.prefab,,Tâm Ma Tuyệt Địa-Thú Cưỡi,,,,1.4,0.5,30,0.1,6,0.1,10,,0,,,30,0.1,30,0.1,,0.1,15,0.1,,9,0.2,,10,0.2,,10,0.2,,10,0.2,10,0.2,,0.15,30,0.1,,,0.08,,0.1,,0.1,,0.09,,0.15,,0.15,,0.15,,0.15,,,,0.15,,0.08,,,,,,,,,,,,,,,,,,,,,,,,,,,,,,,,,,,,,,,,,,,,,,,,,,,,,,,,,,,,,,,,,,,,,,,10,0.2,
685,Effect/Prefabs/JueSe/other1/XinMoZhangAi_Du.prefab,,Tâm Ma Tuyệt Địa-Quang Tường Trúng Độc,,,,1.4,0.5,30,0.1,6,0.1,10,,0,,,30,0.1,30,0.1,,0.1,15,0.1,,9,0.2,,10,0.2,,10,0.2,,10,0.2,10,0.2,,0.15,30,0.1,,,0.08,,0.1,,0.1,,0.09,,0.15,,0.15,,0.15,,0.15,,,,0.15,,0.08,,,,,,,,,,,,,,,,,,,,,,,,,,,,,,,,,,,,,,,,,,,,,,,,,,,,,,,,,,,,,,,,,,,,,,,10,0.2,
686,Effect/Prefabs/JueSe/other1/XinMoZhangAi.prefab,,Tâm Ma Tuyệt Địa-Quang Tường Vô Độc,,,,1.4,0.5,30,0.1,6,0.1,10,,0,,,30,0.1,30,0.1,,0.1,15,0.1,,9,0.2,,10,0.2,,10,0.2,,10,0.2,10,0.2,,0.15,30,0.1,,,0.08,,0.1,,0.1,,0.09,,0.15,,0.15,,0.15,,0.15,,,,0.15,,0.08,,,,,,,,,,,,,,,,,,,,,,,,,,,,,,,,,,,,,,,,,,,,,,,,,,,,,,,,,,,,,,,,,,,,,,,10,0.2,
687,Player/critter/prefab/jn_yingshen01.prefab,,Tâm Ma Tuyệt Địa-Kỹ Năng Ẩn Thân,,,,1.4,0.5,30,0.1,6,0.1,10,,0,,,30,0.1,30,0.1,,0.1,15,0.1,,9,0.2,,10,0.2,,10,0.2,,10,0.2,10,0.2,,0.15,30,0.1,,,0.08,,0.1,,0.1,,0.09,,0.15,,0.15,,0.15,,0.15,,,,0.15,,0.08,,,,,,,,,,,,,,,,,,,,,,,,,,,,,,,,,,,,,,,,,,,,,,,,,,,,,,,,,,,,,,,,,,,,,,,10,0.2,
688,Player/critter/prefab/jn_xianjing01.prefab,,Tâm Ma Tuyệt Địa-Kỹ Năng Bẫy,,,,1.4,0.5,30,0.1,6,0.1,10,,0,,,30,0.1,30,0.1,,0.1,15,0.1,,9,0.2,,10,0.2,,10,0.2,,10,0.2,10,0.2,,0.15,30,0.1,,,0.08,,0.1,,0.1,,0.09,,0.15,,0.15,,0.15,,0.15,,,,0.15,,0.08,,,,,,,,,,,,,,,,,,,,,,,,,,,,,,,,,,,,,,,,,,,,,,,,,,,,,,,,,,,,,,,,,,,,,,,10,0.2,
689,Player/Npcs/Prefabs/dx_018.prefab,,Tượng Thành Chủ Bá Đao-Nam,,,,3.6,0.5,38,0.1,6,0.1,20,,0,30,0.1,35,0.09,20,0.09,13,0.1,15,0.1,,16,0.1,,30,0.1,,30,0.1,,30,0.1,30,0.1,25,0.06,15,0.1,,10,0.08,12,0.08,14,0.1,13,0.05,20,0.05,14,0.05,13,0.15,30,0.15,,,5,,5,0.08,5,0.01,18,0,7,0,13,0,18,0,20,0,28,0.15,23,0.4,,,,,15,0.05,30,0.1,15,0.05,,,,,,,,,,,,,,,,,,,,,,,,,,,,,,,,,,,,,,,,,,,,,30,0.1,
690,Player/Npcs/Prefabs/dx_017.prefab,,Tượng Thành Chủ Bá Đao-Nữ,,,,3,0.5,38,0.1,6,0.1,20,,0,30,0.1,35,0.09,20,0.09,13,0.1,15,0.1,,16,0.1,,30,0.1,,30,0.1,,30,0.1,30,0.1,25,0.06,15,0.1,,10,0.08,12,0.08,14,0.1,13,0.05,20,0.05,14,0.05,13,0.15,30,0.15,,,5,,5,0.08,5,0.01,18,0,7,0,13,0,18,0,20,0,28,0.15,23,0.4,,,,,15,0.05,30,0.1,15,0.05,,,,,,,,,,,,,,,,,,,,,,,,,,,,,,,,,,,,,,,,,,,,,30,0.1,
691,Player/Npcs/Prefabs/dx_019.prefab,,Tượng Thành Chủ Võ Đang-Nữ,,,,3.3,0.5,38,0.1,6,0.1,20,,0,30,0.1,35,0.09,20,0.09,13,0.1,15,0.1,,16,0.1,,30,0.1,,30,0.1,,30,0.1,30,0.1,25,0.06,15,0.1,,10,0.08,12,0.08,14,0.1,13,0.05,20,0.05,14,0.05,13,0.15,30,0.15,,,5,,5,0.08,5,0.01,18,0,7,0,13,0,18,0,20,0,28,0.15,23,0.4,,,,,15,0.05,30,0.1,15,0.05,,,,,,,,,,,,,,,,,,,,,,,,,,,,,,,,,,,,,,,,,,,,,30,0.1,
692,Effect/Prefabs/JueSe/UI/WXZF_J.prefab,,Pháp Trận Hệ Kim,,,,1.75,0.5,,,,,,,,,,,,,,,,,,,,,,,,,,,,,,,,,,,,,,,,,,,,,,,,,,,,,,,,,,,,,,,,,,,,,,,,,,,,,,,,,,,,,,,,,,,,,,,,,,,,,,,,,,,,,,,,,,,,,,,,,,,,,,,,,,,
693,Effect/Prefabs/JueSe/UI/WXZF_M.prefab,,Pháp Trận Hệ Mộc,,,,1.75,0.5,,,,,,,,,,,,,,,,,,,,,,,,,,,,,,,,,,,,,,,,,,,,,,,,,,,,,,,,,,,,,,,,,,,,,,,,,,,,,,,,,,,,,,,,,,,,,,,,,,,,,,,,,,,,,,,,,,,,,,,,,,,,,,,,,,,
694,Effect/Prefabs/JueSe/UI/WXZF_S.prefab,,Pháp Trận Hệ Thủy,,,,1.75,0.5,,,,,,,,,,,,,,,,,,,,,,,,,,,,,,,,,,,,,,,,,,,,,,,,,,,,,,,,,,,,,,,,,,,,,,,,,,,,,,,,,,,,,,,,,,,,,,,,,,,,,,,,,,,,,,,,,,,,,,,,,,,,,,,,,,,
695,Effect/Prefabs/JueSe/UI/WXZF_H.prefab,,Pháp Trận Hệ Hỏa,,,,1.75,0.5,,,,,,,,,,,,,,,,,,,,,,,,,,,,,,,,,,,,,,,,,,,,,,,,,,,,,,,,,,,,,,,,,,,,,,,,,,,,,,,,,,,,,,,,,,,,,,,,,,,,,,,,,,,,,,,,,,,,,,,,,,,,,,,,,,,
696,Effect/Prefabs/JueSe/UI/WXZF_T.prefab,,Pháp Trận Hệ Thổ,,,,1.75,0.5,,,,,,,,,,,,,,,,,,,,,,,,,,,,,,,,,,,,,,,,,,,,,,,,,,,,,,,,,,,,,,,,,,,,,,,,,,,,,,,,,,,,,,,,,,,,,,,,,,,,,,,,,,,,,,,,,,,,,,,,,,,,,,,,,,,
697,Player/critter/prefab/baoshi01.prefab,,Đá Hồi Sinh Bảo Thạch-Tâm Ma,,,,0.5,0.5,30,0.1,6,0.1,10,,0,,,30,0.1,30,0.1,,0.1,15,0.1,,9,0.2,,10,0.2,,10,0.2,,10,0.2,10,0.2,,0.15,30,0.1,,,0.08,,0.1,,0.1,,0.09,,0.15,,0.15,,0.15,,0.15,,,,0.15,,0.08,,,,,,,,,,,,,,,,,,,,,,,,,,,,,,,,,,,,,,,,,,,,,,,,,,,,,,,,,,,,,,,,,,,,,,,10,0.2,
698,Player/critter/prefab/taohuaban01.prefab,,Cánh Hoa Đào,,,,0.5,0.5,30,0.1,6,0.1,10,,0,,,30,0.1,30,0.1,,0.1,15,0.1,,9,0.2,,10,0.2,,10,0.2,,10,0.2,10,0.2,,0.15,30,0.1,,,0.08,,0.1,,0.1,,0.09,,0.15,,0.15,,0.15,,0.15,,,,0.15,,0.08,,,,,,,,,,,,,,,,,,,,,,,,,,,,,,,,,,,,,,,,,,,,,,,,,,,,,,,,,,,,,,,,,,,,,,,10,0.2,
699,Player/Npcs/Prefabs/dx_021.prefab,,Tượng Thành Chủ Hoa Sơn-Nam,,,,3.5,0.5,38,0.1,6,0.1,20,,0,30,0.1,35,0.09,20,0.09,13,0.1,15,0.1,,16,0.1,,30,0.1,,30,0.1,,30,0.1,30,0.1,25,0.06,15,0.1,,10,0.08,12,0.08,14,0.1,13,0.05,20,0.05,14,0.05,13,0.15,30,0.15,,,5,,5,0.08,5,0.01,18,0,7,0,13,0,18,0,20,0,28,0.15,23,0.4,,,,,15,0.05,30,0.1,15,0.05,,,,,,,,,,,,,,,,,,,,,,,,,,,,,,,,,,,,,,,,,,,,,30,0.1,
700,Player/Npcs/Prefabs/dx_022.prefab,,Tượng Thành Chủ Hoa Sơn-Nữ,,,,3.3,0.5,38,0.1,6,0.1,20,,0,30,0.1,35,0.09,20,0.09,13,0.1,15,0.1,,16,0.1,,30,0.1,,30,0.1,,30,0.1,30,0.1,25,0.06,15,0.1,,10,0.08,12,0.08,14,0.1,13,0.05,20,0.05,14,0.05,13,0.15,30,0.15,,,5,,5,0.08,5,0.01,18,0,7,0,13,0,18,0,20,0,28,0.15,23,0.4,,,,,15,0.05,30,0.1,15,0.05,,,,,,,,,,,,,,,,,,,,,,,,,,,,,,,,,,,,,,,,,,,,,30,0.1,
701,Player/Npcs/Prefabs/dx_020.prefab,,Tượng Thành Chủ Côn Lôn-Nam,,,,3.5,0.5,38,0.1,6,0.1,20,,0,30,0.1,35,0.09,20,0.09,13,0.1,15,0.1,,16,0.1,,30,0.1,,30,0.1,,30,0.1,30,0.1,25,0.06,15,0.1,,10,0.08,12,0.08,14,0.1,13,0.05,20,0.05,14,0.05,13,0.15,30,0.15,,,5,,5,0.08,5,0.01,18,0,7,0,13,0,18,0,20,0,28,0.15,23,0.4,,,,,15,0.05,30,0.1,15,0.05,,,,,,,,,,,,,,,,,,,,,,,,,,,,,,,,,,,,,,,,,,,,,30,0.1,
702,Player/critter/prefab/shenmu01.prefab,,Bang Hội Chiến-Thần Mộc,,,,2.2,0.5,,,,,,,,,,,,,,,,,,,,,,,,,,,,,,,,,,,,,,,,,,,,,,,,,,,,,,,,,,,,,,,,,,,,,,,,,,,,,,,,,,,,,,,,,,,,,,,,,,,,,,,,,,,,,,,,,,,,,,,,,,,,,,,,,,,
703,Player/critter/prefab/liangcang01.prefab,,Bang Hội Chiến-Kho Lương,,,,2.2,0.5,,,,,,,,,,,,,,,,,,,,,,,,,,,,,,,,,,,,,,,,,,,,,,,,,,,,,,,,,,,,,,,,,,,,,,,,,,,,,,,,,,,,,,,,,,,,,,,,,,,,,,,,,,,,,,,,,,,,,,,,,,,,,,,,,,,
704,Player/critter/prefab/taoshu01.prefab,,Cây Non Đào Hoa,,,,4,0.5,30,0.1,,0.1,10,,0,,,30,0.1,30,0.1,,0.1,15,0.1,,9,0.2,,10,0.2,,10,0.2,,10,0.2,10,0.2,,0.15,30,0.1,,,0.08,,0.1,,0.1,,0.09,,0.15,,0.15,,0.15,,0.15,,,,0.15,,0.08,,,,,,,,,,,,,,,,,,,,,,,,,,,,,,,,,,,,,,,,,,,,,,,,,,,,,,,,,,,,,,,,,,,,,,,10,0.2,
705,Player/critter/prefab/taoshu02.prefab,,Đào Hoa Thụ Miêu,,,,4,0.5,30,0.1,,0.1,10,,0,,,30,0.1,30,0.1,,0.1,15,0.1,,9,0.2,,10,0.2,,10,0.2,,10,0.2,10,0.2,,0.15,30,0.1,,,0.08,,0.1,,0.1,,0.09,,0.15,,0.15,,0.15,,0.15,,,,0.15,,0.08,,,,,,,,,,,,,,,,,,,,,,,,,,,,,,,,,,,,,,,,,,,,,,,,,,,,,,,,,,,,,,,,,,,,,,,10,0.2,
706,Player/critter/prefab/taoshu03.prefab,,Cây Hoa Đào,,,,4,0.5,30,0.1,,0.1,10,,0,,,30,0.1,30,0.1,,0.1,15,0.1,,9,0.2,,10,0.2,,10,0.2,,10,0.2,10,0.2,,0.15,30,0.1,,,0.08,,0.1,,0.1,,0.09,,0.15,,0.15,,0.15,,0.15,,,,0.15,,0.08,,,,,,,,,,,,,,,,,,,,,,,,,,,,,,,,,,,,,,,,,,,,,,,,,,,,,,,,,,,,,,,,,,,,,,,10,0.2,
707,Effect/Prefabs/ChangJing/Huodongchangjing/WanJu_CaiHong.prefab,,Đồ Chơi-Thái Hồng,,,,2,0.5,30,0.1,6,0.1,10,,0,,,30,0.1,30,0.1,,0.1,15,0.1,,9,0.2,,10,0.2,,10,0.2,,10,0.2,10,0.2,,0.15,30,0.1,,,0.08,,0.1,,0.1,,0.09,,0.15,,0.15,,0.15,,0.15,,,,0.15,,0.08,,,,,,,,,,,,,,,,,,,,,,,,,,,,,,,,,,,,,,,,,,,,,,,,,,,,,,,,,,,,,,,,,,,,,,,10,0.2,
708,Player/Npcs/Prefabs/dx_023.prefab,,Tượng Thành Chủ Minh Giáo Nam,,,,3.5,0.5,38,0.1,6,0.1,20,,0,30,0.1,35,0.09,20,0.09,13,0.1,15,0.1,,16,0.1,,30,0.1,,30,0.1,,30,0.1,30,0.1,25,0.06,15,0.1,,10,0.08,12,0.08,14,0.1,13,0.05,20,0.05,14,0.05,13,0.15,30,0.15,,,5,,5,0.08,5,0.01,18,0,7,0,13,0,18,0,20,0,28,0.15,23,0.4,,,,,15,0.05,30,0.1,15,0.05,,,,,,,,,,,,,,,,,,,,,,,,,,,,,,,,,,,,,,,,,,,,,30,0.1,
709,Player/Npcs/Prefabs/dx_024.prefab,,Tượng Thành Chủ Minh Giáo Nữ,,,,3.3,0.5,38,0.1,6,0.1,20,,0,30,0.1,35,0.09,20,0.09,13,0.1,15,0.1,,16,0.1,,30,0.1,,30,0.1,,30,0.1,30,0.1,25,0.06,15,0.1,,10,0.08,12,0.08,14,0.1,13,0.05,20,0.05,14,0.05,13,0.15,30,0.15,,,5,,5,0.08,5,0.01,18,0,7,0,13,0,18,0,20,0,28,0.15,23,0.4,,,,,15,0.05,30,0.1,15,0.05,,,,,,,,,,,,,,,,,,,,,,,,,,,,,,,,,,,,,,,,,,,,,30,0.1,
710,Player/Npcs/Prefabs/dx_025.prefab,,Tượng Thành Chủ Thiên Vương Nữ,,,,3,0.5,38,0.1,6,0.1,20,,0,30,0.1,35,0.09,20,0.09,13,0.1,15,0.1,,16,0.1,,30,0.1,,30,0.1,,30,0.1,30,0.1,25,0.06,15,0.1,,10,0.08,12,0.08,14,0.1,13,0.05,20,0.05,14,0.05,13,0.15,30,0.15,,,5,,5,0.08,5,0.01,18,0,7,0,13,0,18,0,20,0,28,0.15,23,0.4,,,,,15,0.05,30,0.1,15,0.05,,,,,,,,,,,,,,,,,,,,,,,,,,,,,,,,,,,,,,,,,,,,,30,0.1,
711,Player/Npcs/Prefabs/npc_246.prefab,,Minh Giáo Đại Sư Huynh,,,,2,0.5,16,0.1,6,0.1,20,,0,,,30,0.5,16,0.5,,0.1,16,0.1,,12,0.2,,30,0.2,,30,0.2,,30,0.2,20,0.2,,0.4,15,0.1,,15,0.08,,0.1,,0.1,,0.09,,0.15,,0.15,,0.15,,0.15,,,,0.15,,0.08,,,,,,,,,,,,,,,,,,,,,,,,,,,,,,,,,,,,,,,,,,,,,,,,,,,,,,,,,,,,,,,,,,,,,,,30,0.2,
712,Player/Npcs/Prefabs/npc_247.prefab,,Minh Giáo Giáo Chủ,,,,2,0.5,16,0.1,6,0.1,20,,0,,,30,0.5,16,0.5,,0.1,16,0.1,,12,0.2,,30,0.2,,30,0.2,,30,0.2,20,0.2,,0.4,15,0.1,,15,0.08,,0.1,,0.1,,0.09,,0.15,,0.15,,0.15,,0.15,,,,0.15,,0.08,,,,,,,,,,,,,,,,,,,,,,,,,,,,,,,,,,,,,,,,,,,,,,,,,,,,,,,,,,,,,,,,,,,,,,,30,0.2,
713,Player/Npcs/Prefabs/boss112.prefab,,Huyền Băng Điêu Hoàng,,,,2.5,0.5,20,0.1,6,0.1,20,,0,,,20,0.1,20,0.1,,0.1,15,0.1,,12,0.2,,30,0.1,,30,0.1,,30,0.1,20,0.1,,0.15,15,0.1,,15,0.08,,0.1,,0.1,30,0.09,,0.15,,0.15,,0.15,,0.15,,,,0.15,18,0.08,,,,,,,,,,,,,,,,,,,,,,,,,,,,,,,,,,,,,,,,,,,,,,,,,,,,,,,,,,,,,,,,,,,,,,,30,0.1,
714,Player/Npcs/Prefabs/boss113.prefab,,Vạn Độc Cúc Hoàng,,,,2.5,0.5,20,0.1,6,0.1,20,,0,,,20,0.1,20,0.1,,0.1,15,0.1,,12,0.2,,30,0.1,,30,0.1,,30,0.1,20,0.1,,0.15,20,0.1,,20,0.08,,0.1,,0.1,30,0.09,,0.15,,0.15,,0.15,,0.15,,,,0.15,18,0.08,,,,,,,,,,,,,,,,,,,,,,,,,,,,,,,,,,,,,,,,,,,,,,,,,,,,,,,,,,,,,,,,,,,,,,,30,0.1,
715,Player/Npcs/Prefabs/npc_258.prefab,,Thần Tài,,,,1.75,0.5,5,0.1,6,0.1,41,,0,,,23,0.5,23,0.5,,0.1,15,0.1,,8,0.2,,30,0.2,,30,0.2,,30,0.2,15,0.2,,0.15,15,0.1,,,0.08,,0.1,,0.1,,0.09,,0.15,,0.15,,0.15,,0.15,,,,0.15,,0.08,,,,,,,,,,,,,,,,,,,,,,,,,,,,,,,,,,,,,,,,,,,,,,,,,,,,,,,,,,,,,,,,,,,,,,,30,0.2,
716,Player/Npcs/Prefabs/dx_026.prefab,,Tượng Thành Chủ Đoàn Thị-Nam,,,,3.5,0.5,38,0.1,6,0.1,20,,0,30,0.1,35,0.09,20,0.09,13,0.1,15,0.1,,16,0.1,,30,0.1,,30,0.1,,30,0.1,30,0.1,25,0.06,15,0.1,,10,0.08,12,0.08,14,0.1,13,0.05,20,0.05,14,0.05,13,0.15,30,0.15,,,5,,5,0.08,5,0.01,18,0,7,0,13,0,18,0,20,0,28,0.15,23,0.4,,,,,15,0.05,30,0.1,15,0.05,,,,,,,,,,,,,,,,,,,,,,,,,,,,,,,,,,,,,,,,,,,,,30,0.1,
717,Player/Npcs/Prefabs/dx_027.prefab,,Tượng Thành Chủ Đoàn Thị-Nữ,,,,3,0.5,38,0.1,6,0.1,20,,0,30,0.1,35,0.09,20,0.09,13,0.1,15,0.1,,16,0.1,,30,0.1,,30,0.1,,30,0.1,30,0.1,25,0.06,15,0.1,,10,0.08,12,0.08,14,0.1,13,0.05,20,0.05,14,0.05,13,0.15,30,0.15,,,5,,5,0.08,5,0.01,18,0,7,0,13,0,18,0,20,0,28,0.15,23,0.4,,,,,15,0.05,30,0.1,15,0.05,,,,,,,,,,,,,,,,,,,,,,,,,,,,,,,,,,,,,,,,,,,,,30,0.1,
718,Player/Npcs/Prefabs/dx_028.prefab,,Tượng Thành Chủ Tiêu Dao-Nữ,,,,3,0.5,38,0.1,6,0.1,20,,0,30,0.1,35,0.09,20,0.09,13,0.1,15,0.1,,16,0.1,,30,0.1,,30,0.1,,30,0.1,30,0.1,25,0.06,15,0.1,,10,0.08,12,0.08,14,0.1,13,0.05,20,0.05,14,0.05,13,0.15,30,0.15,,,5,,5,0.08,5,0.01,18,0,7,0,13,0,18,0,20,0,28,0.15,23,0.4,,,,,15,0.05,30,0.1,15,0.05,,,,,,,,,,,,,,,,,,,,,,,,,,,,,,,,,,,,,,,,,,,,,30,0.1,
719,Player/critter/prefab/jz_qi01.prefab,,Chọn cờ-S,,,,1.75,0.5,,,,,,,,,,,,,,,,,,,,,,,,,,,,,,,,,,,,,,,,,,,,,,,,,,,,,,,,,,,,,,,,,,,,,,,,,,,,,,,,,,,,,,,,,,,,,,,,,,,,,,,,,,,,,,,,,,,,,,,,,,,,,,,,,,,
720,Player/critter/prefab/jz_qi02.prefab,,Chọn cờ-A,,,,1.75,0.5,,,,,,,,,,,,,,,,,,,,,,,,,,,,,,,,,,,,,,,,,,,,,,,,,,,,,,,,,,,,,,,,,,,,,,,,,,,,,,,,,,,,,,,,,,,,,,,,,,,,,,,,,,,,,,,,,,,,,,,,,,,,,,,,,,,
721,Player/critter/prefab/jz_qi03.prefab,,Chọn cờ-B,,,,1.75,0.5,,,,,,,,,,,,,,,,,,,,,,,,,,,,,,,,,,,,,,,,,,,,,,,,,,,,,,,,,,,,,,,,,,,,,,,,,,,,,,,,,,,,,,,,,,,,,,,,,,,,,,,,,,,,,,,,,,,,,,,,,,,,,,,,,,,
722,Effect/Prefabs/ChangJing/Huodongchangjing/YuRenJie_XuanZeFaZhen.prefab,,Chọn vòng,,,,1.75,0.5,,,,,,,,,,,,,,,,,,,,,,,,,,,,,,,,,,,,,,,,,,,,,,,,,,,,,,,,,,,,,,,,,,,,,,,,,,,,,,,,,,,,,,,,,,,,,,,,,,,,,,,,,,,,,,,,,,,,,,,,,,,,,,,,,,,
723,Effect/Prefabs/JueSe/NPC/Fuben/TongYong/hd_KongMingDeng2_a.prefab,,Đèn Khổng Minh 1,,,,1.75,0.5,,,,,,,,,,,,,,,,,,,,,,,,,,,,,,,,,,,,,,,,,,,,,,,,,,,,,,,,,,,,,,,,,,,,,,,,,,,,,,,,,,,,,,,,,,,,,,,,,,,,,,,,,,,,,,,,,,,,,,,,,,,,,,,,,,,
724,Effect/Prefabs/JueSe/NPC/Fuben/TongYong/hd_KongMingDeng2_b.prefab,,Đèn Khổng Minh 1.25,,,,1.75,0.5,,,,,,,,,,,,,,,,,,,,,,,,,,,,,,,,,,,,,,,,,,,,,,,,,,,,,,,,,,,,,,,,,,,,,,,,,,,,,,,,,,,,,,,,,,,,,,,,,,,,,,,,,,,,,,,,,,,,,,,,,,,,,,,,,,,
725,Effect/Prefabs/JueSe/NPC/Fuben/TongYong/hd_KongMingDeng2_c.prefab,,Đèn Khổng Minh 1.5,,,,1.75,0.5,,,,,,,,,,,,,,,,,,,,,,,,,,,,,,,,,,,,,,,,,,,,,,,,,,,,,,,,,,,,,,,,,,,,,,,,,,,,,,,,,,,,,,,,,,,,,,,,,,,,,,,,,,,,,,,,,,,,,,,,,,,,,,,,,,,
726,Player/critter/prefab/wuqifumo04.prefab,,Đại Chiến Dập Lửa,,,,1.4,0.5,30,0.1,6,0.1,10,,0,,,30,0.1,30,0.1,,0.1,15,0.1,,9,0.2,,10,0.2,,10,0.2,,10,0.2,10,0.2,,0.15,30,0.1,,,0.08,,0.1,,0.1,,0.09,,0.15,,0.15,,0.15,,0.15,,,,0.15,,0.08,,,,,,,,,,,,,,,,,,,,,,,,,,,,,,,,,,,,,,,,,,,,,,,,,,,,,,,,,,,,,,,,,,,,,,,10,0.2,
727,Player/critter/prefab/wuqifumo05.prefab,,Đại Chiến Dập Lửa,,,,1.4,0.5,30,0.1,6,0.1,10,,0,,,30,0.1,30,0.1,,0.1,15,0.1,,9,0.2,,10,0.2,,10,0.2,,10,0.2,10,0.2,,0.15,30,0.1,,,0.08,,0.1,,0.1,,0.09,,0.15,,0.15,,0.15,,0.15,,,,0.15,,0.08,,,,,,,,,,,,,,,,,,,,,,,,,,,,,,,,,,,,,,,,,,,,,,,,,,,,,,,,,,,,,,,,,,,,,,,10,0.2,
728,Player/critter/prefab/wuqifumo06.prefab,,Đại Chiến Dập Lửa,,,,1.4,0.5,30,0.1,6,0.1,10,,0,,,30,0.1,30,0.1,,0.1,15,0.1,,9,0.2,,10,0.2,,10,0.2,,10,0.2,10,0.2,,0.15,30,0.1,,,0.08,,0.1,,0.1,,0.09,,0.15,,0.15,,0.15,,0.15,,,,0.15,,0.08,,,,,,,,,,,,,,,,,,,,,,,,,,,,,,,,,,,,,,,,,,,,,,,,,,,,,,,,,,,,,,,,,,,,,,,10,0.2,
729,Player/Npcs/Prefabs/dx_031.prefab,,Tượng Thành Chủ Nam Vạn Hoa,,,,3.5,0.5,38,0.1,6,0.1,20,,0,30,0.1,35,0.09,20,0.09,13,0.1,15,0.1,,16,0.1,,30,0.1,,30,0.1,,30,0.1,30,0.1,25,0.06,15,0.1,,10,0.08,12,0.08,14,0.1,13,0.05,20,0.05,14,0.05,13,0.15,30,0.15,,,5,,5,0.08,5,0.01,18,0,7,0,13,0,18,0,20,0,28,0.15,23,0.4,,,,,15,0.05,30,0.1,15,0.05,,,,,,,,,,,,,,,,,,,,,,,,,,,,,,,,,,,,,,,,,,,,,30,0.1,
730,Player/Npcs/Prefabs/dx_030.prefab,,Tượng Thành Chủ Nữ Vạn Hoa,,,,3,0.5,38,0.1,6,0.1,20,,0,30,0.1,35,0.09,20,0.09,13,0.1,15,0.1,,16,0.1,,30,0.1,,30,0.1,,30,0.1,30,0.1,25,0.06,15,0.1,,10,0.08,12,0.08,14,0.1,13,0.05,20,0.05,14,0.05,13,0.15,30,0.15,,,5,,5,0.08,5,0.01,18,0,7,0,13,0,18,0,20,0,28,0.15,23,0.4,,,,,15,0.05,30,0.1,15,0.05,,,,,,,,,,,,,,,,,,,,,,,,,,,,,,,,,,,,,,,,,,,,,30,0.1,
731,Player/Npcs/Prefabs/dx_029.prefab,,Tượng Thành Chủ Nữ Cái Bang,,,,3,0.5,38,0.1,6,0.1,20,,0,30,0.1,35,0.09,20,0.09,13,0.1,15,0.1,,16,0.1,,30,0.1,,30,0.1,,30,0.1,30,0.1,25,0.06,15,0.1,,10,0.08,12,0.08,14,0.1,13,0.05,20,0.05,14,0.05,13,0.15,30,0.15,,,5,,5,0.08,5,0.01,18,0,7,0,13,0,18,0,20,0,28,0.15,23,0.4,,,,,15,0.05,30,0.1,15,0.05,,,,,,,,,,,,,,,,,,,,,,,,,,,,,,,,,,,,,,,,,,,,,30,0.1,
732,Effect/Prefabs/JueSe/NPC/Fuben/TongYong/hd_FoKuSheLi.prefab,,Xá Lợi Tử,,,,0.5,0.5,30,0.1,6,0.1,10,,0,,,30,0.1,30,0.1,,0.1,15,0.1,,9,0.2,,10,0.2,,10,0.2,,10,0.2,10,0.2,,0.15,30,0.1,,,0.08,,0.1,,0.1,,0.09,,0.15,,0.15,,0.15,,0.15,,,,0.15,,0.08,,,,,,,,,,,,,,,,,,,,,,,,,,,,,,,,,,,,,,,,,,,,,,,,,,,,,,,,,,,,,,,,,,,,,,,10,0.2,
733,Player/Npcs/Prefabs/boss114.prefab,,Chích Viêm Ngưu Hậu,,,,2.5,0.5,20,0.1,6,0.1,20,,0,,,20,0.1,20,0.1,,0.1,15,0.1,,12,0.2,,30,0.1,,30,0.1,,30,0.1,20,0.1,,0.15,20,0.1,,20,0.08,,0.1,,0.1,30,0.09,,0.15,,0.15,,0.15,,0.15,,,,0.15,18,0.08,,,,,,,,,,,,,,,,,,,,,,,,,,,,,,,,,,,,,,,,,,,,,,,,,,,,,,,,,,,,,,,,,,,,,,,30,0.1,
734,Player/Npcs/Prefabs/boss115.prefab,,Bàn Thạch Ngưu Vương,,,,2.5,0.5,20,0.1,6,0.1,20,,0,,,20,0.1,20,0.1,,0.1,15,0.1,,12,0.2,,30,0.1,,30,0.1,,30,0.1,20,0.1,,0.15,20,0.1,,20,0.08,,0.1,,0.1,30,0.09,,0.15,,0.15,,0.15,,0.15,,,,0.15,18,0.08,,,,,,,,,,,,,,,,,,,,,,,,,,,,,,,,,,,,,,,,,,,,,,,,,,,,,,,,,,,,,,,,,,,,,,,30,0.1,
735,Player/Npcs/Prefabs/npc_268.prefab,65,Cự Thủy Mặc Hổ,,,,1.75,0.5,20,0.1,6,0.1,20,,0,,,30,0.1,16,0.1,,0.1,16,0.1,,12,0.2,,30,0.1,,30,0.1,,30,0.1,20,0.1,,0.15,15,0.1,,15,0.08,,0.1,,0.1,15,0.09,,0.15,,0.15,15,0.02,,0.15,,,,0.15,18,0.08,,,,,,,,,,,,,,,,,,,,,,,,,,,,,,,,,,,,,,,,,,,,,,,,,,,,,,,,,,,,,,,,,,,,,,,30,0.1,
736,Player/Npcs/Prefabs/npc_273.prefab,65,Thương Long Kỳ,,,,1.75,0.5,,,,,,,,,,,,,,,,,,,,,,,,,,,,,,,,,,,,,,,,,,,,,,,,,,,,,,,,,,,,,,,,,,,,,,,,,,,,,,,,,,,,,,,,,,,,,,,,,,,,,,,,,,,,,,,,,,,,,,,,,,,,,,,,,,,
737,Player/critter/prefab/zc_lingtuzhan_qizhi01.prefab,61,Con Cờ,,,,3.7,0.5,,,,,,,,,,,,,,,,,,,,,,20,0.2,,20,0.2,,20,0.2,,,,,,,,,,,,,,,,,,,,,,,,,,,,,,,,,,,,,,,,,,,,,,,,,,,,,,,,,,,,,,,,,,,,,,,,,,,,,,,,,,,,,,,,,,,,,,,,,,,,20,0.2,
738,Player/Npcs/Prefabs/boss115.prefab,203,Bàn Thạch Ngưu Vương,,,,2.5,0.5,20,0.1,6,0.1,20,,0,,,20,0.1,20,0.1,,0.1,15,0.1,,12,0.2,,30,0.1,,30,0.1,,30,0.1,20,0.1,,0.15,20,0.1,,20,0.08,,0.1,,0.1,30,0.09,,0.15,,0.15,,0.15,,0.15,,,,0.15,18,0.08,,,,,,,,,,,,,,,,,,,,,,,,,,,,,,,,,,,,,,,,,,,,,,,,,,,,,,,,,,,,,,,,,,,,,,,30,0.1,
739,Player/Npcs/Prefabs/boss114.prefab,203,Chích Viêm Ngưu Hậu,,,,2.5,0.5,20,0.1,6,0.1,20,,0,,,20,0.1,20,0.1,,0.1,15,0.1,,12,0.2,,30,0.1,,30,0.1,,30,0.1,20,0.1,,0.15,20,0.1,,20,0.08,,0.1,,0.1,30,0.09,,0.15,,0.15,,0.15,,0.15,,,,0.15,18,0.08,,,,,,,,,,,,,,,,,,,,,,,,,,,,,,,,,,,,,,,,,,,,,,,,,,,,,,,,,,,,,,,,,,,,,,,30,0.1,
740,Player/Npcs/Prefabs/dx_032.prefab,,Tượng Thành Chủ Dương Môn Nam,,,,3.5,0.5,38,0.1,6,0.1,20,,0,30,0.1,35,0.09,20,0.09,13,0.1,15,0.1,,16,0.1,,30,0.1,,30,0.1,,30,0.1,30,0.1,25,0.06,15,0.1,,10,0.08,12,0.08,14,0.1,13,0.05,20,0.05,14,0.05,13,0.15,30,0.15,,,5,,5,0.08,5,0.01,18,0,7,0,13,0,18,0,20,0,28,0.15,23,0.4,,,,,15,0.05,30,0.1,15,0.05,,,,,,,,,,,,,,,,,,,,,,,,,,,,,,,,,,,,,,,,,,,,,30,0.1,
741,Player/Npcs/Prefabs/dx_033.prefab,,Tượng Thành Chủ Dương Môn Nữ,,,,3,0.5,38,0.1,6,0.1,20,,0,30,0.1,35,0.09,20,0.09,13,0.1,15,0.1,,16,0.1,,30,0.1,,30,0.1,,30,0.1,30,0.1,25,0.06,15,0.1,,10,0.08,12,0.08,14,0.1,13,0.05,20,0.05,14,0.05,13,0.15,30,0.15,,,5,,5,0.08,5,0.01,18,0,7,0,13,0,18,0,20,0,28,0.15,23,0.4,,,,,15,0.05,30,0.1,15,0.05,,,,,,,,,,,,,,,,,,,,,,,,,,,,,,,,,,,,,,,,,,,,,30,0.1,
742,Player/Npcs/Prefabs/dx_034.prefab,,Tượng Thành Chủ Thiên Nhẫn Nam,,,,3.5,0.5,38,0.1,6,0.1,20,,0,30,0.1,35,0.09,20,0.09,13,0.1,15,0.1,,16,0.1,,30,0.1,,30,0.1,,30,0.1,30,0.1,25,0.06,15,0.1,,10,0.08,12,0.08,14,0.1,13,0.05,20,0.05,14,0.05,13,0.15,30,0.15,,,5,,5,0.08,5,0.01,18,0,7,0,13,0,18,0,20,0,28,0.15,23,0.4,,,,,15,0.05,30,0.1,15,0.05,,,,,,,,,,,,,,,,,,,,,,,,,,,,,,,,,,,,,,,,,,,,,30,0.1,
743,Effect/Prefabs/JueSe/other1/yanhua01.prefab,,Đồ Chơi-Loan Phụng,,,,1.75,0.5,,,,,,,,,,,,,,,,,,,,,,,,,,,,,,,,,,,,,,,,,,,,,,,,,,,,,,,,,,,,,,,,,,,,,,,,,,,,,,,,,,,,,,,,,,,,,,,,,,,,,,,,,,,,,,,,,,,,,,,,,,,,,,,,,,,
744,Player/Npcs/Prefabs/boss116.prefab,,Huyền Thủy Xà Vương,,,,2.5,0.5,20,0.1,6,0.1,20,,0,,,20,0.1,20,0.1,,0.1,15,0.1,,12,0.2,,30,0.1,,30,0.1,,30,0.1,20,0.1,,0.15,20,0.1,,20,0.08,,0.1,,0.1,30,0.09,,0.15,,0.15,,0.15,,0.15,,,,0.15,18,0.08,,,,,,,,,,,,,,,,,,,,,,,,,,,,,,,,,,,,,,,,,,,,,,,,,,,,,,,,,,,,,,,,,,,,,,,30,0.1,
745,Player/Npcs/Prefabs/boss117.prefab,211,Nộ Diễm Chu Hoàng,,,,2.5,0.5,20,0.1,6,0.1,20,,0,,,20,0.1,20,0.1,,0.1,15,0.1,,12,0.2,,30,0.1,,30,0.1,,30,0.1,20,0.1,,0.15,20,0.1,,20,0.08,,0.1,,0.1,30,0.09,,0.15,,0.15,,0.15,,0.15,,,,0.15,18,0.08,,,,,,,,,,,,,,,,,,,,,,,,,,,,,,,,,,,,,,,,,,,,,,,,,,,,,,,,,,,,,,,,,,,,,,,30,0.1,
746,Player/Npcs/Prefabs/boss118.prefab,211,Voi,,,,2.5,0.5,20,0.1,6,0.1,20,,0,,,20,0.1,20,0.1,,0.1,15,0.1,,12,0.2,,30,0.1,,30,0.1,,30,0.1,20,0.1,,0.15,20,0.1,,20,0.08,,0.1,,0.1,30,0.09,,0.15,,0.15,,0.15,,0.15,,,,0.15,18,0.08,,,,,,,,,,,,,,,,,,,,,,,,,,,,,,,,,,,,,,,,,,,,,,,,,,,,,,,,,,,,,,,,,,,,,,,30,0.1,
747,Player/Npcs/Prefabs/boss116.prefab,528,Huyền Thủy Xà Vương,,,,2.5,0.5,20,0.1,6,0.1,20,,0,,,20,0.1,20,0.1,,0.1,15,0.1,,12,0.2,,30,0.1,,30,0.1,,30,0.1,20,0.1,,0.15,20,0.1,,20,0.08,,0.1,,0.1,30,0.09,,0.15,,0.15,,0.15,,0.15,,,,0.15,18,0.08,,,,,,,,,,,,,,,,,,,,,,,,,,,,,,,,,,,,,,,,,,,,,,,,,,,,,,,,,,,,,,,,,,,,,,,30,0.1,
748,Player/Npcs/Prefabs/boss117.prefab,,Nộ Diễm Chu Hoàng,,,,2.5,0.5,20,0.1,6,0.1,20,,0,,,20,0.1,20,0.1,,0.1,15,0.1,,12,0.2,,30,0.1,,30,0.1,,30,0.1,20,0.1,,0.15,20,0.1,,20,0.08,,0.1,,0.1,30,0.09,,0.15,,0.15,,0.15,,0.15,,,,0.15,18,0.08,,,,,,,,,,,,,,,,,,,,,,,,,,,,,,,,,,,,,,,,,,,,,,,,,,,,,,,,,,,,,,,,,,,,,,,30,0.1,
749,Player/Npcs/Prefabs/boss118.prefab,,Voi,,,,2.5,0.5,20,0.1,6,0.1,20,,0,,,20,0.1,20,0.1,,0.1,15,0.1,,12,0.2,,30,0.1,,30,0.1,,30,0.1,20,0.1,,0.15,20,0.1,,20,0.08,,0.1,,0.1,30,0.09,,0.15,,0.15,,0.15,,0.15,,,,0.15,18,0.08,,,,,,,,,,,,,,,,,,,,,,,,,,,,,,,,,,,,,,,,,,,,,,,,,,,,,,,,,,,,,,,,,,,,,,,30,0.1,
750,Player/Npcs/Prefabs/dx_037.prefab,,Tượng Thành Chủ Long Tước Nam,,,,3.5,0.5,38,0.1,6,0.1,20,,0,30,0.1,35,0.09,20,0.09,13,0.1,15,0.1,,16,0.1,,30,0.1,,30,0.1,,30,0.1,30,0.1,25,0.06,15,0.1,,10,0.08,12,0.08,14,0.1,13,0.05,20,0.05,14,0.05,13,0.15,30,0.15,,,5,,5,0.08,5,0.01,18,0,7,0,13,0,18,0,20,0,28,0.15,23,0.4,,,,,15,0.05,30,0.1,15,0.05,,,,,,,,,,,,,,,,,,,,,,,,,,,,,,,,,,,,,,,,,,,,,30,0.1,
751,Player/Npcs/Prefabs/dx_036.prefab,,Tượng Thành Chủ Long Tước Nữ,,,,3,0.5,38,0.1,6,0.1,20,,0,30,0.1,35,0.09,20,0.09,13,0.1,15,0.1,,16,0.1,,30,0.1,,30,0.1,,30,0.1,30,0.1,25,0.06,15,0.1,,10,0.08,12,0.08,14,0.1,13,0.05,20,0.05,14,0.05,13,0.15,30,0.15,,,5,,5,0.08,5,0.01,18,0,7,0,13,0,18,0,20,0,28,0.15,23,0.4,,,,,15,0.05,30,0.1,15,0.05,,,,,,,,,,,,,,,,,,,,,,,,,,,,,,,,,,,,,,,,,,,,,30,0.1,
752,Player/Npcs/Prefabs/dx_035.prefab,,Tượng Thành Chủ Nữ Đường Môn,,,,3.5,0.5,38,0.1,6,0.1,20,,0,30,0.1,35,0.09,20,0.09,13,0.1,15,0.1,,16,0.1,,30,0.1,,30,0.1,,30,0.1,30,0.1,25,0.06,15,0.1,,10,0.08,12,0.08,14,0.1,13,0.05,20,0.05,14,0.05,13,0.15,30,0.15,,,5,,5,0.08,5,0.01,18,0,7,0,13,0,18,0,20,0,28,0.15,23,0.4,,,,,15,0.05,30,0.1,15,0.05,,,,,,,,,,,,,,,,,,,,,,,,,,,,,,,,,,,,,,,,,,,,,30,0.1,
753,Effect/Prefabs/JueSe/other1/yanhua02.prefab,,Pháo Hoa 01,,,,2,0.5,30,0.1,6,0.1,10,,0,,,30,0.1,30,0.1,,0.1,15,0.1,,9,0.2,,10,0.2,,10,0.2,,10,0.2,10,0.2,,0.15,30,0.1,,,0.08,,0.1,,0.1,,0.09,,0.15,,0.15,,0.15,,0.15,,,,0.15,,0.08,,,,,,,,,,,,,,,,,,,,,,,,,,,,,,,,,,,,,,,,,,,,,,,,,,,,,,,,,,,,,,,,,,,,,,,10,0.2,
754,Effect/Prefabs/JueSe/other1/yanhua03.prefab,,Pháo Hoa 02,,,,2,0.5,30,0.1,6,0.1,10,,0,,,30,0.1,30,0.1,,0.1,15,0.1,,9,0.2,,10,0.2,,10,0.2,,10,0.2,10,0.2,,0.15,30,0.1,,,0.08,,0.1,,0.1,,0.09,,0.15,,0.15,,0.15,,0.15,,,,0.15,,0.08,,,,,,,,,,,,,,,,,,,,,,,,,,,,,,,,,,,,,,,,,,,,,,,,,,,,,,,,,,,,,,,,,,,,,,,10,0.2,
755,Player/Npcs/Prefabs/npc_280.prefab,,Lý Minh Vân,,,,2,0.5,16,0.1,6,0.1,19,,0,,,17,0.5,17,0.5,,0.1,15,0.1,,11,0.2,,30,0.2,,30,0.2,,30,0.2,20,0.2,16,0.15,16,0.1,,18,0.08,,0.1,,0.1,,0.09,,0.15,,0.15,,0.15,,0.15,,,,0.15,,0.08,,,,,,,,,,,,,,,,,,,,,,,,,,,,,,,,,,,,,,,,,,,,,,,,,,,,,,,,,,,,,,,,,,,,,,,30,0.2,
756,Player/Npcs/Prefabs/npc_281.prefab,,Diệp Linh Nhi,,,,2,0.5,16,0.1,6,0.1,19,,0,,,17,0.5,17,0.5,,0.1,15,0.1,,11,0.2,,30,0.2,,30,0.2,,30,0.2,20,0.2,16,0.15,16,0.1,,18,0.08,,0.1,,0.1,,0.09,,0.15,,0.15,,0.15,,0.15,,,,0.15,,0.08,,,,,,,,,,,,,,,,,,,,,,,,,,,,,,,,,,,,,,,,,,,,,,,,,,,,,,,,,,,,,,,,,,,,,,,30,0.2,
757,Effect/Prefabs/JueSe/NPC/Fuben/TongYong/HeiDong01.prefab,,Hang Vực Sâu,,,,2.5,0.5,16,0.1,6,0.1,19,,0,,,17,0.5,17,0.5,,0.1,15,0.1,,11,0.2,,30,0.2,,30,0.2,,30,0.2,20,0.2,16,0.15,16,0.1,,18,0.08,,0.1,,0.1,,0.09,,0.15,,0.15,,0.15,,0.15,,,,0.15,,0.08,,,,,,,,,,,,,,,,,,,,,,,,,,,,,,,,,,,,,,,,,,,,,,,,,,,,,,,,,,,,,,,,,,,,,,,30,0.2,
758,Scenes/Meshes/hd_nanhaigouchen/Prefabs/hd_nanhaigouchen_diaoxiang_zi.prefab,,Tượng Thần Tầng 1,,,,3.5,0.5,38,0.1,6,0.1,20,,0,30,0.1,35,0.09,20,0.09,13,0.1,15,0.1,,16,0.1,,30,0.1,,30,0.1,,30,0.1,30,0.1,25,0.06,15,0.1,,10,0.08,12,0.08,14,0.1,13,0.05,20,0.05,14,0.05,13,0.15,30,0.15,,,5,,5,0.08,5,0.01,18,0,7,0,13,0,18,0,20,0,28,0.15,23,0.4,,,,,15,0.05,30,0.1,15,0.05,,,,,,,,,,,,,,,,,,,,,,,,,,,,,,,,,,,,,,,,,,,,,30,0.1,
759,Scenes/Meshes/hd_nanhaigouchen/Prefabs/hd_nanhaigouchen_diaoxiang_jin.prefab,,Tượng Thần Tầng 2,,,,3.5,0.5,38,0.1,6,0.1,20,,0,30,0.1,35,0.09,20,0.09,13,0.1,15,0.1,,16,0.1,,30,0.1,,30,0.1,,30,0.1,30,0.1,25,0.06,15,0.1,,10,0.08,12,0.08,14,0.1,13,0.05,20,0.05,14,0.05,13,0.15,30,0.15,,,5,,5,0.08,5,0.01,18,0,7,0,13,0,18,0,20,0,28,0.15,23,0.4,,,,,15,0.05,30,0.1,15,0.05,,,,,,,,,,,,,,,,,,,,,,,,,,,,,,,,,,,,,,,,,,,,,30,0.1,
760,Scenes/Meshes/hd_nanhaigouchen/Prefabs/hd_nanhaigouchen_baoxiang01.prefab,,Rương Biển Sâu,,,,1,0.5,30,0.1,6,0.1,10,,0,,,30,0.1,30,0.1,,0.1,15,0.1,,9,0.2,,10,0.2,,10,0.2,,10,0.2,10,0.2,,0.15,30,0.1,,,0.08,,0.1,,0.1,,0.09,,0.15,,0.15,,0.15,,0.15,,,,0.15,,0.08,,,,,,,,,,,,,,,,,,,,,,,,,,,,,,,,,,,,,,,,,,,,,,,,,,,,,,,,,,,,,,,,,,,,,,,10,0.2,
761,Scenes/Meshes/hd_nanhaigouchen/Prefabs/hd_nanhaigouchen_baoxiang02.prefab ,,Rương Biển Sâu,,,,1,0.5,30,0.1,6,0.1,10,,0,,,30,0.1,30,0.1,,0.1,15,0.1,,9,0.2,,10,0.2,,10,0.2,,10,0.2,10,0.2,,0.15,30,0.1,,,0.08,,0.1,,0.1,,0.09,,0.15,,0.15,,0.15,,0.15,,,,0.15,,0.08,,,,,,,,,,,,,,,,,,,,,,,,,,,,,,,,,,,,,,,,,,,,,,,,,,,,,,,,,,,,,,,,,,,,,,,10,0.2,
762,Scenes/Meshes/hd_nanhaigouchen/Prefabs/hd_nanhaigouchen_baoxiang03.prefab,,Rương Biển Sâu,,,,1,0.5,30,0.1,6,0.1,10,,0,,,30,0.1,30,0.1,,0.1,15,0.1,,9,0.2,,10,0.2,,10,0.2,,10,0.2,10,0.2,,0.15,30,0.1,,,0.08,,0.1,,0.1,,0.09,,0.15,,0.15,,0.15,,0.15,,,,0.15,,0.08,,,,,,,,,,,,,,,,,,,,,,,,,,,,,,,,,,,,,,,,,,,,,,,,,,,,,,,,,,,,,,,,,,,,,,,10,0.2,
763,Scenes/Meshes/hd_nanhaigouchen/Prefabs/hd_nanhaigouchen_baoxiang03.prefab,212,Rương Biển Sâu,,,,1,0.5,30,0.1,6,0.1,10,,0,,,30,0.1,30,0.1,,0.1,15,0.1,,9,0.2,,10,0.2,,10,0.2,,10,0.2,10,0.2,,0.15,30,0.1,,,0.08,,0.1,,0.1,,0.09,,0.15,,0.15,,0.15,,0.15,,,,0.15,,0.08,,,,,,,,,,,,,,,,,,,,,,,,,,,,,,,,,,,,,,,,,,,,,,,,,,,,,,,,,,,,,,,,,,,,,,,10,0.2,
764,Effect/Prefabs/JueSe/other1/YanHua_04.prefab,,Pháo Hoa 03,,,,2,0.5,30,0.1,6,0.1,10,,0,,,30,0.1,30,0.1,,0.1,15,0.1,,9,0.2,,10,0.2,,10,0.2,,10,0.2,10,0.2,,0.15,30,0.1,,,0.08,,0.1,,0.1,,0.09,,0.15,,0.15,,0.15,,0.15,,,,0.15,,0.08,,,,,,,,,,,,,,,,,,,,,,,,,,,,,,,,,,,,,,,,,,,,,,,,,,,,,,,,,,,,,,,,,,,,,,,10,0.2,
765,Effect/Prefabs/JueSe/other1/YanHua_05.prefab,,Pháo Hoa 04,,,,2,0.5,30,0.1,6,0.1,10,,0,,,30,0.1,30,0.1,,0.1,15,0.1,,9,0.2,,10,0.2,,10,0.2,,10,0.2,10,0.2,,0.15,30,0.1,,,0.08,,0.1,,0.1,,0.09,,0.15,,0.15,,0.15,,0.15,,,,0.15,,0.08,,,,,,,,,,,,,,,,,,,,,,,,,,,,,,,,,,,,,,,,,,,,,,,,,,,,,,,,,,,,,,,,,,,,,,,10,0.2,
766,Player/Npcs/Prefabs/npc_301.prefab,,Cà Kheo,,,,2,0.5,30,0.1,6,0.1,10,,0,,,30,0.1,30,0.1,,0.1,16,0.1,,16,0.1,,25,0.1,,72,0.1,,72,0.1,25,0.1,,0.15,30,0.1,,,0.08,,0.1,,0.1,,0.09,,0.15,,0.15,,0.15,,0.15,,,,0.15,,0.08,,,,,,,,,,,,,,,,,,,,,,,,,,,,,,,,,,,,,,,,,,,,,,,,,,,,,,,,,,,,,,,,,,,,,,,72,0.1,
767,Scenes/Meshes/sn_jiayuan/Prefabs/sy_muma01.prefab,,Ngựa Gỗ,,,,2,0.5,30,0.1,6,0.1,10,,0,,,30,0.1,30,0.1,,0.1,15,0.1,,9,0.2,,10,0.2,,10,0.2,,10,0.2,10,0.2,,0.15,30,0.1,,,0.08,,0.1,,0.1,,0.09,,0.15,,0.15,,0.15,,0.15,,,,0.15,,0.08,,,,,,,,,,,,,,,,,,,,,,,,,,,,,,,,,,,,,,,,,,,,,,,,,,,,,,,,,,,,,,,,,,,,,,,10,0.2,
768,Scenes/Meshes/sn_jiayuan/Prefabs/sy_wanju_paopaoji01.prefab,,Máy Bong Bóng,,,,2,0.5,30,0.1,6,0.1,10,,0,,,30,0.1,30,0.1,,0.1,15,0.1,,9,0.2,,10,0.2,,10,0.2,,10,0.2,10,0.2,,0.15,30,0.1,,,0.08,,0.1,,0.1,,0.09,,0.15,,0.15,,0.15,,0.15,,,,0.15,,0.08,,,,,,,,,,,,,,,,,,,,,,,,,,,,,,,,,,,,,,,,,,,,,,,,,,,,,,,,,,,,,,,,,,,,,,,10,0.2,
769,Player/Npcs/Prefabs/boss119.prefab,203,Chu Tước,,,,2.5,0.5,20,0.1,6,0.1,20,,0,,,20,0.1,20,0.1,,0.1,15,0.1,,12,0.2,,30,0.1,,30,0.1,,30,0.1,20,0.1,,0.15,20,0.1,,20,0.08,,0.1,,0.1,30,0.09,,0.15,,0.15,,0.15,,0.15,,,,0.15,18,0.08,,,,,,,,,,,,,,,,,,,,,,,,,,,,,,,,,,,,,,,,,,,,,,,,,,,,,,,,,,,,,,,,,,,,,,,30,0.1,
770,Player/Npcs/Prefabs/boss120.prefab,203,Huyền Vũ,,,,2.5,0.5,20,0.1,6,0.1,20,,0,,,20,0.1,20,0.1,,0.1,15,0.1,,12,0.2,,30,0.1,,30,0.1,,30,0.1,20,0.1,,0.15,20,0.1,,20,0.08,,0.1,,0.1,30,0.09,,0.15,,0.15,,0.15,,0.15,,,,0.15,18,0.08,,,,,,,,,,,,,,,,,,,,,,,,,,,,,,,,,,,,,,,,,,,,,,,,,,,,,,,,,,,,,,,,,,,,,,,30,0.1,
771,Player/Npcs/Prefabs/dx_041.prefab,,Tượng Thành Chủ Nam Huyền Thủy,,,,3.5,0.5,38,0.1,6,0.1,20,,0,30,0.1,35,0.09,20,0.09,13,0.1,15,0.1,,16,0.1,,30,0.1,,30,0.1,,30,0.1,30,0.1,25,0.06,15,0.1,,10,0.08,12,0.08,14,0.1,13,0.05,20,0.05,14,0.05,13,0.15,30,0.15,,,5,,5,0.08,5,0.01,18,0,7,0,13,0,18,0,20,0,28,0.15,23,0.4,,,,,15,0.05,30,0.1,15,0.05,,,,,,,,,,,,,,,,,,,,,,,,,,,,,,,,,,,,,,,,,,,,,30,0.1,
772,Player/Npcs/Prefabs/dx_042.prefab,,Tượng Thành Chủ Nữ Huyền Thủy,,,,3,0.5,38,0.1,6,0.1,20,,0,30,0.1,35,0.09,20,0.09,13,0.1,15,0.1,,16,0.1,,30,0.1,,30,0.1,,30,0.1,30,0.1,25,0.06,15,0.1,,10,0.08,12,0.08,14,0.1,13,0.05,20,0.05,14,0.05,13,0.15,30,0.15,,,5,,5,0.08,5,0.01,18,0,7,0,13,0,18,0,20,0,28,0.15,23,0.4,,,,,15,0.05,30,0.1,15,0.05,,,,,,,,,,,,,,,,,,,,,,,,,,,,,,,,,,,,,,,,,,,,,30,0.1,
773,Player/Npcs/Prefabs/boss119.prefab,205,Chu Tước,,,,2.5,0.5,20,0.1,6,0.1,20,,0,,,20,0.1,20,0.1,,0.1,15,0.1,,12,0.2,,30,0.1,,30,0.1,,30,0.1,20,0.1,,0.15,20,0.1,,20,0.08,,0.1,,0.1,30,0.09,,0.15,,0.15,,0.15,,0.15,,,,0.15,18,0.08,,,,,,,,,,,,,,,,,,,,,,,,,,,,,,,,,,,,,,,,,,,,,,,,,,,,,,,,,,,,,,,,,,,,,,,30,0.1,
774,Effect/Prefabs/JueSe/other1/YanHua_06.prefab,,Pháo Hoa 05,,,,2,0.5,30,0.1,6,0.1,10,,0,,,30,0.1,30,0.1,,0.1,15,0.1,,9,0.2,,10,0.2,,10,0.2,,10,0.2,10,0.2,,0.15,30,0.1,,,0.08,,0.1,,0.1,,0.09,,0.15,,0.15,,0.15,,0.15,,,,0.15,,0.08,,,,,,,,,,,,,,,,,,,,,,,,,,,,,,,,,,,,,,,,,,,,,,,,,,,,,,,,,,,,,,,,,,,,,,,10,0.2,
775,Player/Npcs/Prefabs/boss121.prefab,205,Thanh Long,,,,2.5,0.5,20,0.1,6,0.1,20,,0,,,20,0.1,20,0.1,,0.1,15,0.1,,12,0.2,,30,0.1,,30,0.1,,30,0.1,20,0.1,,0.15,20,0.1,,20,0.08,,0.1,,0.1,30,0.09,,0.15,,0.15,,0.15,,0.15,,,,0.15,18,0.08,,,,,,,,,,,,,,,,,,,,,,,,,,,,,,,,,,,,,,,,,,,,,,,,,,,,,,,,,,,,,,,,,,,,,,,30,0.1,
776,Effect/Prefabs/JueSe/other1/YanHua_07.prefab,,Pháo Hoa 06,,,,2,0.5,30,0.1,6,0.1,10,,0,,,30,0.1,30,0.1,,0.1,15,0.1,,9,0.2,,10,0.2,,10,0.2,,10,0.2,10,0.2,,0.15,30,0.1,,,0.08,,0.1,,0.1,,0.09,,0.15,,0.15,,0.15,,0.15,,,,0.15,,0.08,,,,,,,,,,,,,,,,,,,,,,,,,,,,,,,,,,,,,,,,,,,,,,,,,,,,,,,,,,,,,,,,,,,,,,,10,0.2,
777,Player/Npcs/Prefabs/boss125.prefab,65,Thủ Hộ Mỏ Khoáng,,,,2.5,0.5,20,0.1,6,0.1,20,,0,,,20,0.1,20,0.1,,0.1,15,0.1,,12,0.2,,30,0.1,,30,0.1,,30,0.1,20,0.1,,0.15,20,0.1,,20,0.08,,0.1,,0.1,30,0.09,,0.15,,0.15,,0.15,,0.15,,,,0.15,18,0.08,,,,,,,,,,,,,,,,,,,,,,,,,,,,,,,,,,,,,,,,,,,,,,,,,,,,,,,,,,,,,,,,,,,,,,,30,0.1,
778,Player/Npcs/Prefabs/boss123.prefab,65,Thủ Hộ Rừng Xanh,,,,2.5,0.5,20,0.1,6,0.1,20,,0,,,20,0.1,20,0.1,,0.1,15,0.1,,12,0.2,,30,0.1,,30,0.1,,30,0.1,20,0.1,,0.15,20,0.1,,20,0.08,,0.1,,0.1,30,0.09,,0.15,,0.15,,0.15,,0.15,,,,0.15,18,0.08,,,,,,,,,,,,,,,,,,,,,,,,,,,,,,,,,,,,,,,,,,,,,,,,,,,,,,,,,,,,,,,,,,,,,,,30,0.1,
779,Player/Npcs/Prefabs/boss124.prefab,65,Thủ Hộ Mỏ Đá,,,,2.5,0.5,20,0.1,6,0.1,20,,0,,,20,0.1,20,0.1,,0.1,15,0.1,,12,0.2,,30,0.1,,30,0.1,,30,0.1,20,0.1,,0.15,20,0.1,,20,0.08,,0.1,,0.1,30,0.09,,0.15,,0.15,,0.15,,0.15,,,,0.15,18,0.08,,,,,,,,,,,,,,,,,,,,,,,,,,,,,,,,,,,,,,,,,,,,,,,,,,,,,,,,,,,,,,,,,,,,,,,30,0.1,
780,Player/Npcs/Prefabs/boss122.prefab,,Quỳ Ngưu,,,,2.5,0.5,20,0.1,6,0.1,20,,0,,,20,0.1,20,0.1,,0.1,15,0.1,,12,0.2,,30,0.1,,30,0.1,,30,0.1,20,0.1,,0.15,20,0.1,,20,0.08,,0.1,,0.1,30,0.09,,0.15,,0.15,,0.15,,0.15,,,,0.15,18,0.08,,,,,,,,,,,,,,,,,,,,,,,,,,,,,,,,,,,,,,,,,,,,,,,,,,,,,,,,,,,,,,,,,,,,,,,30,0.1,
781,Player/Npcs/Prefabs/boss122.prefab,203,Quỳ Ngưu,,,,2.5,0.5,20,0.1,6,0.1,20,,0,,,20,0.1,20,0.1,,0.1,15,0.1,,12,0.2,,30,0.1,,30,0.1,,30,0.1,20,0.1,,0.15,20,0.1,,20,0.08,,0.1,,0.1,30,0.09,,0.15,,0.15,,0.15,,0.15,,,,0.15,18,0.08,,,,,,,,,,,,,,,,,,,,,,,,,,,,,,,,,,,,,,,,,,,,,,,,,,,,,,,,,,,,,,,,,,,,,,,30,0.1,
782,Effect/Prefabs/JueSe/other1/YanHua_08.prefab,,Pháo Hoa 07,,,,2,0.5,30,0.1,6,0.1,10,,0,,,30,0.1,30,0.1,,0.1,15,0.1,,9,0.2,,10,0.2,,10,0.2,,10,0.2,10,0.2,,0.15,30,0.1,,,0.08,,0.1,,0.1,,0.09,,0.15,,0.15,,0.15,,0.15,,,,0.15,,0.08,,,,,,,,,,,,,,,,,,,,,,,,,,,,,,,,,,,,,,,,,,,,,,,,,,,,,,,,,,,,,,,,,,,,,,,10,0.2,
783,Effect/Prefabs/HuoDong/Effect_JieLong_L.prefab,,Đồ Chơi-Kim Long Chiến,,,,1.75,0.5,,,,,,,,,,,,,,,,,,,,,,,,,,,,,,,,,,,,,,,,,,,,,,,,,,,,,,,,,,,,,,,,,,,,,,,,,,,,,,,,,,,,,,,,,,,,,,,,,,,,,,,,,,,,,,,,,,,,,,,,,,,,,,,,,,,
784,Effect/Prefabs/HuoDong/Effect_JieLong_Z.prefab,,Đồ Chơi-Kim Long Chiến,,,,1.75,0.5,,,,,,,,,,,,,,,,,,,,,,,,,,,,,,,,,,,,,,,,,,,,,,,,,,,,,,,,,,,,,,,,,,,,,,,,,,,,,,,,,,,,,,,,,,,,,,,,,,,,,,,,,,,,,,,,,,,,,,,,,,,,,,,,,,,
785,Effect/Prefabs/HuoDong/Effect_JieLong_W.prefab,,Đồ Chơi-Kim Long Chiến,,,,1.75,0.5,,,,,,,,,,,,,,,,,,,,,,,,,,,,,,,,,,,,,,,,,,,,,,,,,,,,,,,,,,,,,,,,,,,,,,,,,,,,,,,,,,,,,,,,,,,,,,,,,,,,,,,,,,,,,,,,,,,,,,,,,,,,,,,,,,,
786,Effect/Prefabs/HuoDong/Effect_JieLong_O.prefab,,Đồ Chơi-Kim Long Chiến,,,,1.75,0.5,,,,,,,,,,,,,,,,,,,,,,,,,,,,,,,,,,,,,,,,,,,,,,,,,,,,,,,,,,,,,,,,,,,,,,,,,,,,,,,,,,,,,,,,,,,,,,,,,,,,,,,,,,,,,,,,,,,,,,,,,,,,,,,,,,,
787,Effect/Prefabs/JueSe/other1/YanHua_09.prefab,,Pháo Hoa 07,,,,2,0.5,30,0.1,6,0.1,10,,0,,,30,0.1,30,0.1,,0.1,15,0.1,,9,0.2,,10,0.2,,10,0.2,,10,0.2,10,0.2,,0.15,30,0.1,,,0.08,,0.1,,0.1,,0.09,,0.15,,0.15,,0.15,,0.15,,,,0.15,,0.08,,,,,,,,,,,,,,,,,,,,,,,,,,,,,,,,,,,,,,,,,,,,,,,,,,,,,,,,,,,,,,,,,,,,,,,10,0.2,
788,Player/critter/prefab/jvbaopen01.prefab,,Rung Cây Tiền,,,,2,0.5,30,0.1,6,0.1,10,,0,,,30,0.1,30,0.1,,0.1,15,0.1,,9,0.2,,45,0.2,,10,0.2,,10,0.2,10,0.2,,0.15,30,0.1,,,0.08,,0.1,,0.1,,0.09,,0.15,,0.15,,0.15,,0.15,,,,0.15,,0.08,,,,,,,,,,,,,,,,,,,,,,,,,,,,,,,,,,,,,,,,,,,,,,,,,,,,,,,,,,,,,,,,,,,,,,,10,0.2,
789,Player/Npcs/Prefabs/boss131.prefab,,Hồ Yêu,,,,2.5,0.5,20,0.1,6,0.1,20,,0,,,20,0.1,20,0.1,,0.1,15,0.1,,12,0.2,,30,0.1,,30,0.1,,30,0.1,20,0.1,,0.15,20,0.1,,20,0.08,,0.1,,0.1,30,0.09,,0.15,,0.15,,0.15,,0.15,,,,0.15,18,0.08,,,,,,,,,,,,,,,,,,,,,,,,,,,,,,,,,,,,,,,,,,,,,,,,,,,,,,,,,,,,,,,,,,,,,,,30,0.1,
790,Player/Npcs/Prefabs/boss131a.prefab,212,Hồ Yêu,,,,2.5,0.5,20,0.1,6,0.1,20,,0,,,20,0.1,20,0.1,,0.1,15,0.1,,12,0.2,,30,0.1,,30,0.1,,30,0.1,20,0.1,,0.15,20,0.1,,20,0.08,,0.1,,0.1,30,0.09,,0.15,,0.15,,0.15,,0.15,,,,0.15,18,0.08,,,,,,,,,,,,,,,,,,,,,,,,,,,,,,,,,,,,,,,,,,,,,,,,,,,,,,,,,,,,,,,,,,,,,,,30,0.1,
791,Effect/Prefabs/JueSe/TR/Tianren_c/TR_JN_yw.prefab,,Khói Mù,,,,1.75,0.5,,,,,,,,,,,,,,,,,,,,,,,,,,,,,,,,,,,,,,,,,,,,,,,,,,,,,,,,,,,,,,,,,,,,,,,,,,,,,,,,,,,,,,,,,,,,,,,,,,,,,,,,,,,,,,,,,,,,,,,,,,,,,,,,,,,
792,Player/Npcs/Prefabs/boss135.prefab,,Địa Long,,,,2.5,0.5,20,0.1,6,0.1,20,,0,,,20,0.1,20,0.1,,0.1,15,0.1,,12,0.2,,30,0.1,,30,0.1,,30,0.1,20,0.1,,0.15,20,0.1,,20,0.08,,0.1,,0.1,30,0.09,,0.15,,0.15,,0.15,,0.15,,,,0.15,18,0.08,,,,,,,,,,,,,,,,,,,,,,,,,,,,,,,,,,,,,,,,,,,,,,,,,,,,,,,,,,,,,,,,,,,,,,,30,0.1,
901,Player/Horse/Prefabs/Horse01.prefab,,Chiếu Dạ Ngọc Sư Tử,,,,2,0.5,38,0.1,6,0.1,20,,0,30,0.1,35,0.09,18,0.09,13,0.1,15,0.1,,12,0.1,,30,0.1,,72,0,,30,0.1,30,0.1,25,0.06,10,0.1,,10,0.08,12,0.08,14,0.1,13,0.05,14,0.05,10,0.05,18,0.15,20,0.15,,,5,,5,0.08,10,0.01,20,0,5,0,13,0,18,0,20,0,28,0.15,23,0.4,,,,,15,0.05,30,0.1,15,0.05,,,,,,,,,,,,,,,,,,,,,,,,,,,,,,,,,,,,,,,,,,,,,72,0,
902,Player/Horse/Prefabs/Horse02.prefab,,Táo Hồng Mã,,,,2,0.5,38,0.1,6,0.1,20,,0,30,0.1,35,0.09,18,0.09,13,0.1,15,0.1,,12,0.1,,30,0.1,,72,0,,30,0.1,30,0.1,25,0.06,10,0.1,,10,0.08,12,0.08,14,0.1,13,0.05,14,0.05,10,0.05,18,0.15,20,0.15,,,5,,5,0.08,10,0.01,20,0,5,0,13,0,18,0,20,0,28,0.15,23,0.4,,,,,15,0.05,30,0.1,15,0.05,,,,,,,,,,,,,,,,,,,,,,,,,,,,,,,,,,,,,,,,,,,,,72,0,
903,Player/Horse/Prefabs/Horse03.prefab,,Ô Vân Đạp Tuyết,,,,2,0.5,38,0.1,6,0.1,20,,0,30,0.1,35,0.09,18,0.09,13,0.1,15,0.1,,12,0.1,,30,0.1,,72,0,,30,0.1,30,0.1,25,0.06,10,0.1,,10,0.08,12,0.08,14,0.1,13,0.05,14,0.05,10,0.05,18,0.15,20,0.15,,,5,,5,0.08,10,0.01,20,0,5,0,13,0,18,0,20,0,28,0.15,23,0.4,,,,,15,0.05,30,0.1,15,0.05,,,,,,,,,,,,,,,,,,,,,,,,,,,,,,,,,,,,,,,,,,,,,72,0,
904,Player/Horse/Prefabs/Horse04.prefab,,Trục Nhật,,,,2,0.5,38,0.1,6,0.1,20,,0,30,0.1,35,0.09,18,0.09,13,0.1,15,0.1,,12,0.1,,30,0.1,,72,0,,30,0.1,30,0.1,25,0.06,10,0.1,,10,0.08,12,0.08,14,0.1,13,0.05,14,0.05,10,0.05,18,0.15,20,0.15,,,5,,5,0.08,10,0.01,20,0,5,0,13,0,18,0,20,0,28,0.15,23,0.4,,,,,15,0.05,30,0.1,15,0.05,,,,,,,,,,,,,,,,,,,,,,,,,,,,,,,,,,,,,,,,,,,,,72,0,
905,Player/Horse/Prefabs/Horse05.prefab,801,Tuyệt Ảnh,,,,2,0.5,38,0.1,6,0.1,20,,0,30,0.1,35,0.09,18,0.09,13,0.1,15,0.1,,12,0.1,,30,0.1,,72,0,,30,0.1,30,0.1,25,0.06,10,0.1,,10,0.08,12,0.08,14,0.1,13,0.05,14,0.05,10,0.05,18,0.15,20,0.15,,,5,,5,0.08,10,0.01,20,0,5,0,13,0,18,0,20,0,28,0.15,23,0.4,,,,,15,0.05,30,0.1,15,0.05,,,,,,,,,,,,,,,,,,,,,,,,,,,,,,,,,,,,,,,,,,,,,72,0,
906,Player/Horse/Prefabs/Horse05.prefab,802,Lý Phi Sa,,,,2,0.5,38,0.1,6,0.1,20,,0,30,0.1,35,0.09,18,0.09,13,0.1,15,0.1,,12,0.1,,30,0.1,,72,0,,30,0.1,30,0.1,25,0.06,10,0.1,,10,0.08,12,0.08,14,0.1,13,0.05,14,0.05,10,0.05,18,0.15,20,0.15,,,5,,5,0.08,10,0.01,20,0,5,0,13,0,18,0,20,0,28,0.15,23,0.4,,,,,15,0.05,30,0.1,15,0.05,,,,,,,,,,,,,,,,,,,,,,,,,,,,,,,,,,,,,,,,,,,,,72,0,
907,Player/Horse/Prefabs/Horse05.prefab,803,Hồng Ly,,,,2,0.5,38,0.1,6,0.1,20,,0,30,0.1,35,0.09,18,0.09,13,0.1,15,0.1,,12,0.1,,30,0.1,,72,0,,30,0.1,30,0.1,25,0.06,10,0.1,,10,0.08,12,0.08,14,0.1,13,0.05,14,0.05,10,0.05,18,0.15,20,0.15,,,5,,5,0.08,10,0.01,20,0,5,0,13,0,18,0,20,0,28,0.15,23,0.4,,,,,15,0.05,30,0.1,15,0.05,,,,,,,,,,,,,,,,,,,,,,,,,,,,,,,,,,,,,,,,,,,,,72,0,
908,Player/Horse/Prefabs/Horse05.prefab,804,Lục Tung,,,,2,0.5,38,0.1,6,0.1,20,,0,30,0.1,35,0.09,18,0.09,13,0.1,15,0.1,,12,0.1,,30,0.1,,72,0,,30,0.1,30,0.1,25,0.06,10,0.1,,10,0.08,12,0.08,14,0.1,13,0.05,14,0.05,10,0.05,18,0.15,20,0.15,,,5,,5,0.08,10,0.01,20,0,5,0,13,0,18,0,20,0,28,0.15,23,0.4,,,,,15,0.05,30,0.1,15,0.05,,,,,,,,,,,,,,,,,,,,,,,,,,,,,,,,,,,,,,,,,,,,,72,0,
909,Player/Horse/Prefabs/Horse06.prefab,,Truy Tinh Trục Nhật,,,,2,0.5,38,0.1,6,0.1,20,,0,30,0.1,35,0.09,18,0.09,13,0.1,15,0.1,,12,0.1,,30,0.1,,72,0,,30,0.1,30,0.1,25,0.06,10,0.1,,10,0.08,12,0.08,14,0.1,13,0.05,14,0.05,10,0.05,18,0.15,20,0.15,,,5,,5,0.08,10,0.01,20,0,5,0,13,0,18,0,20,0,28,0.15,23,0.4,,,,,15,0.05,30,0.1,15,0.05,,,,,,,,,,,,,,,,,,,,,,,,,,,,,,,,,,,,,,,,,,,,,72,0,
910,Player/Horse/Prefabs/Horse07.prefab,,Tiểu Hắc,,,,2,0.5,38,0.1,6,0.1,20,,0,30,0.1,35,0.09,18,0.09,13,0.1,15,0.1,,12,0.1,,30,0.1,,72,0,,30,0.1,30,0.1,25,0.06,10,0.1,,10,0.08,12,0.08,14,0.1,13,0.05,14,0.05,10,0.05,18,0.15,20,0.15,,,5,,5,0.08,10,0.01,20,0,5,0,13,0,18,0,20,0,28,0.15,23,0.4,,,,,15,0.05,30,0.1,15,0.05,,,,,,,,,,,,,,,,,,,,,,,,,,,,,,,,,,,,,,,,,,,,,72,0,
911,Player/Horse/Prefabs/Horse08.prefab,,Bạch Vũ,,,,2,0.5,38,0.1,6,0.1,20,,0,30,0.1,35,0.09,18,0.09,13,0.1,15,0.1,,12,0.1,,30,0.1,,72,0,,30,0.1,30,0.1,25,0.06,10,0.1,,10,0.08,12,0.08,14,0.1,13,0.05,14,0.05,10,0.05,18,0.15,20,0.15,,,5,,5,0.08,10,0.01,20,0,5,0,13,0,18,0,20,0,28,0.15,23,0.4,,,,,15,0.05,30,0.1,15,0.05,,,,,,,,,,,,,,,,,,,,,,,,,,,,,,,,,,,,,,,,,,,,,72,0,
912,Player/Horse/Prefabs/Horse09.prefab,,Hàn Sương,,,,2,0.5,38,0.1,6,0.1,20,,0,30,0.1,35,0.09,18,0.09,13,0.1,15,0.1,,12,0.1,,30,0.1,,72,0,,30,0.1,30,0.1,25,0.06,10,0.1,,10,0.08,12,0.08,14,0.1,13,0.05,14,0.05,10,0.05,18,0.15,20,0.15,,,5,,5,0.08,10,0.01,20,0,5,0,13,0,18,0,20,0,28,0.15,23,0.4,,,,,15,0.05,30,0.1,15,0.05,,,,,,,,,,,,,,,,,,,,,,,,,,,,,,,,,,,,,,,,,,,,,72,0,
913,Player/Horse/Prefabs/Horse09_a.prefab,,Hàn Sương Sảnh Ảnh,,,,2,0.5,38,0.1,6,0.1,20,,0,30,0.1,35,0.09,18,0.09,13,0.1,15,0.1,,12,0.1,,30,0.1,,72,0,,30,0.1,30,0.1,25,0.06,10,0.1,,10,0.08,12,0.08,14,0.1,13,0.05,14,0.05,10,0.05,18,0.15,20,0.15,,,5,,5,0.08,10,0.01,20,0,5,0,13,0,18,0,20,0,28,0.15,23,0.4,,,,,15,0.05,30,0.1,15,0.05,,,,,,,,,,,,,,,,,,,,,,,,,,,,,,,,,,,,,,,,,,,,,72,0,
914,UI/Prefabs/NpcPrefabs/Horse08.prefab,806,Vạn Lý Yên Vân Chiếu,,,,2,0.5,38,0.1,6,0.1,20,,0,30,0.1,35,0.09,18,0.09,13,0.1,15,0.1,,12,0.1,,30,0.1,,72,0,,30,0.1,30,0.1,25,0.06,10,0.1,,10,0.08,12,0.08,14,0.1,13,0.05,14,0.05,10,0.05,18,0.15,20,0.15,,,5,,5,0.08,10,0.01,20,0,5,0,13,0,18,0,20,0,28,0.15,23,0.4,,,,,15,0.05,30,0.1,15,0.05,,,,,,,,,,,,,,,,,,,,,,,,,,,,,,,,,,,,,,,,,,,,,72,0,
915,Player/Horse/Prefabs/Horse10.prefab,,Thánh Đề,,,,2,0.5,38,0.1,6,0.1,20,,0,30,0.1,35,0.09,18,0.09,13,0.1,15,0.1,,12,0.1,,30,0.1,,72,0,,30,0.1,30,0.1,25,0.06,10,0.1,,10,0.08,12,0.08,14,0.1,13,0.05,14,0.05,10,0.05,18,0.15,20,0.15,,,5,,5,0.08,10,0.01,20,0,5,0,13,0,18,0,20,0,28,0.15,23,0.4,,,,,15,0.05,30,0.1,15,0.05,,,,,,,,,,,,,,,,,,,,,,,,,,,,,,,,,,,,,,,,,,,,,72,0,
916,Player/Horse/Prefabs/Horse10_a.prefab,,Truy Phong Lôi Báo,,,,2,0.5,38,0.1,6,0.1,20,,0,30,0.1,35,0.09,18,0.09,13,0.1,15,0.1,,12,0.1,,30,0.1,,72,0,,30,0.1,30,0.1,25,0.06,10,0.1,,10,0.08,12,0.08,14,0.1,13,0.05,14,0.05,10,0.05,18,0.15,20,0.15,,,5,,5,0.08,10,0.01,20,0,5,0,13,0,18,0,20,0,28,0.15,23,0.4,,,,,15,0.05,30,0.1,15,0.05,,,,,,,,,,,,,,,,,,,,,,,,,,,,,,,,,,,,,,,,,,,,,72,0,
917,Player/Horse/Prefabs/Horse11.prefab,,Long Mã,,,,2,0.5,38,0.1,6,0.1,20,,0,30,0.1,35,0.09,18,0.09,13,0.1,15,0.1,,12,0.1,,30,0.1,,72,0,,30,0.1,30,0.1,25,0.06,10,0.1,,10,0.08,12,0.08,14,0.1,13,0.05,14,0.05,10,0.05,18,0.15,20,0.15,,,5,,5,0.08,10,0.01,20,0,5,0,13,0,18,0,20,0,28,0.15,23,0.4,,,,,15,0.05,30,0.1,15,0.05,,,,,,,,,,,,,,,,,,,,,,,,,,,,,,,,,,,,,,,,,,,,,72,0,
918,Player/Horse/Prefabs/Horse11_a.prefab,,Mộng Yểm,,,,2,0.5,38,0.1,6,0.1,20,,0,30,0.1,35,0.09,18,0.09,13,0.1,15,0.1,,12,0.1,,30,0.1,,72,0,,30,0.1,30,0.1,25,0.06,10,0.1,,10,0.08,12,0.08,14,0.1,13,0.05,14,0.05,10,0.05,18,0.15,20,0.15,,,5,,5,0.08,10,0.01,20,0,5,0,13,0,18,0,20,0,28,0.15,23,0.4,,,,,15,0.05,30,0.1,15,0.05,,,,,,,,,,,,,,,,,,,,,,,,,,,,,,,,,,,,,,,,,,,,,72,0,
919,Player/Horse/Prefabs/Horse10_b.prefab,,Bão Nguyệt Ủng Tinh,,,,2,0.5,38,0.1,6,0.1,20,,0,30,0.1,35,0.09,18,0.09,13,0.1,15,0.1,,12,0.1,,30,0.1,,72,0,,30,0.1,30,0.1,25,0.06,10,0.1,,10,0.08,12,0.08,14,0.1,13,0.05,14,0.05,10,0.05,18,0.15,20,0.15,,,5,,5,0.08,10,0.01,20,0,5,0,13,0,18,0,20,0,28,0.15,23,0.4,,,,,15,0.05,30,0.1,15,0.05,,,,,,,,,,,,,,,,,,,,,,,,,,,,,,,,,,,,,,,,,,,,,72,0,
920,Player/Horse/Prefabs/Horse15.prefab,202,Tử U Linh Lộc,,,,2,0.5,38,0.1,6,0.1,20,,0,30,0.1,35,0.09,18,0.09,13,0.1,15,0.1,,12,0.1,,30,0.1,,72,0,,30,0.1,30,0.1,25,0.06,10,0.1,,10,0.08,12,0.08,14,0.1,13,0.05,14,0.05,10,0.05,18,0.15,20,0.15,,,5,,5,0.08,10,0.01,20,0,5,0,13,0,18,0,20,0,28,0.15,23,0.4,,,,,15,0.05,30,0.1,15,0.05,,,,,,,,,,,,,,,,,,,,,,,,,,,,,,,,,,,,,,,,,,,,,72,0,
921,Player/Horse/Prefabs/Horse16.prefab,202,Vân Mị Linh Lộc,,,,2,0.5,38,0.1,6,0.1,20,,0,30,0.1,35,0.09,18,0.09,13,0.1,15,0.1,,12,0.1,,30,0.1,,72,0,,30,0.1,30,0.1,25,0.06,10,0.1,,10,0.08,12,0.08,14,0.1,13,0.05,14,0.05,10,0.05,18,0.15,20,0.15,,,5,,5,0.08,10,0.01,20,0,5,0,13,0,18,0,20,0,28,0.15,23,0.4,,,,,15,0.05,30,0.1,15,0.05,,,,,,,,,,,,,,,,,,,,,,,,,,,,,,,,,,,,,,,,,,,,,72,0,
922,Player/Horse/Prefabs/Horse16_a.prefab,202,Tinh Mang-Vân Mị Linh Lộc,,,,2,0.5,38,0.1,6,0.1,20,,0,30,0.1,35,0.09,18,0.09,13,0.1,15,0.1,,12,0.1,,30,0.1,,72,0,,30,0.1,30,0.1,25,0.06,10,0.1,,10,0.08,12,0.08,14,0.1,13,0.05,14,0.05,10,0.05,18,0.15,20,0.15,,,5,,5,0.08,10,0.01,20,0,5,0,13,0,18,0,20,0,28,0.15,23,0.4,,,,,15,0.05,30,0.1,15,0.05,,,,,,,,,,,,,,,,,,,,,,,,,,,,,,,,,,,,,,,,,,,,,72,0,
923,Player/Horse/Prefabs/Horse17.prefab,,Long Lân Phượng Vũ,,,,2,0.5,38,0.1,6,0.1,20,,0,30,0.1,35,0.09,18,0.09,13,0.1,15,0.1,,12,0.1,,30,0.1,,72,0,,30,0.1,30,0.1,25,0.06,10,0.1,,10,0.08,12,0.08,14,0.1,13,0.05,14,0.05,10,0.05,18,0.15,20,0.15,,,5,,5,0.08,10,0.01,20,0,5,0,13,0,18,0,20,0,28,0.15,23,0.4,,,,,15,0.05,30,0.1,15,0.05,,,,,,,,,,,,,,,,,,,,,,,,,,,,,,,,,,,,,,,,,,,,,72,0,
924,Player/Horse/Prefabs/Horse17_a.prefab,,Đại Thiên Sứ,,,,2,0.5,38,0.1,6,0.1,20,,0,30,0.1,35,0.09,18,0.09,13,0.1,15,0.1,,12,0.1,,30,0.1,,72,0,,30,0.1,30,0.1,25,0.06,10,0.1,,10,0.08,12,0.08,14,0.1,13,0.05,14,0.05,10,0.05,18,0.15,20,0.15,,,5,,5,0.08,10,0.01,20,0,5,0,13,0,18,0,20,0,28,0.15,23,0.4,,,,,15,0.05,30,0.1,15,0.05,,,,,,,,,,,,,,,,,,,,,,,,,,,,,,,,,,,,,,,,,,,,,72,0,
925,Player/Horse/Prefabs/Horse18.prefab,,Nai Giáng Sinh,,,,2,0.5,38,0.1,6,0.1,20,,0,30,0.1,35,0.09,18,0.09,13,0.1,15,0.1,,12,0.1,,30,0.1,,72,0,,30,0.1,30,0.1,25,0.06,10,0.1,,10,0.08,12,0.08,14,0.1,13,0.05,14,0.05,10,0.05,18,0.15,20,0.15,,,5,,5,0.08,10,0.01,20,0,5,0,13,0,18,0,20,0,28,0.15,23,0.4,,,,,15,0.05,30,0.1,15,0.05,,,,,,,,,,,,,,,,,,,,,,,,,,,,,,,,,,,,,,,,,,,,,72,0,
926,Player/Horse/Prefabs/Horse18_a.prefab,,Bảo Lam,,,,2,0.5,38,0.1,6,0.1,20,,0,30,0.1,35,0.09,18,0.09,13,0.1,15,0.1,,12,0.1,,30,0.1,,72,0,,30,0.1,30,0.1,25,0.06,10,0.1,,10,0.08,12,0.08,14,0.1,13,0.05,14,0.05,10,0.05,18,0.15,20,0.15,,,5,,5,0.08,10,0.01,20,0,5,0,13,0,18,0,20,0,28,0.15,23,0.4,,,,,15,0.05,30,0.1,15,0.05,,,,,,,,,,,,,,,,,,,,,,,,,,,,,,,,,,,,,,,,,,,,,72,0,
927,Player/Horse/Prefabs/Horse09.prefab,807,Sí Ảnh,,,,2,0.5,38,0.1,6,0.1,20,,0,30,0.1,35,0.09,18,0.09,13,0.1,15,0.1,,12,0.1,,30,0.1,,72,0,,30,0.1,30,0.1,25,0.06,10,0.1,,10,0.08,12,0.08,14,0.1,13,0.05,14,0.05,10,0.05,18,0.15,20,0.15,,,5,,5,0.08,10,0.01,20,0,5,0,13,0,18,0,20,0,28,0.15,23,0.4,,,,,15,0.05,30,0.1,15,0.05,,,,,,,,,,,,,,,,,,,,,,,,,,,,,,,,,,,,,,,,,,,,,72,0,
928,Player/Horse/Prefabs/Wolf01.prefab,202,Tuyệt Địa Chiến Lang,,,,2,0.5,38,0.1,6,0.1,20,,0,30,0.1,35,0.09,18,0.09,13,0.1,15,0.1,,12,0.1,,30,0.1,,72,0,,30,0.1,30,0.1,25,0.06,10,0.1,,10,0.08,12,0.08,14,0.1,13,0.05,14,0.05,10,0.05,18,0.15,20,0.15,,,5,,5,0.08,10,0.01,20,0,5,0,13,0,18,0,20,0,28,0.15,23,0.4,,,,,15,0.05,30,0.1,15,0.05,,,,,,,,,,,,,,,,,,,,,,,,,,,,,,,,,,,,,,,,,,,,,72,0,
929,Player/Horse/Prefabs/Wolf02.prefab,203,Ly Mị Tuyết Hồ,,,,2,0.5,38,0.1,6,0.1,20,,0,30,0.1,35,0.09,18,0.09,13,0.1,15,0.1,,12,0.1,,30,0.1,,72,0,,30,0.1,30,0.1,25,0.06,10,0.1,,10,0.08,12,0.08,14,0.1,13,0.05,14,0.05,10,0.05,18,0.15,20,0.15,,,5,,5,0.08,10,0.01,20,0,5,0,13,0,18,0,20,0,28,0.15,23,0.4,,,,,15,0.05,30,0.1,15,0.05,,,,,,,,,,,,,,,,,,,,,,,,,,,,,,,,,,,,,,,,,,,,,72,0,
930,Player/Horse/Prefabs/Wolf02_a.prefab,203,U Viêm-Ly Mị Tuyết Hồ,,,,2,0.5,38,0.1,6,0.1,20,,0,30,0.1,35,0.09,18,0.09,13,0.1,15,0.1,,12,0.1,,30,0.1,,72,0,,30,0.1,30,0.1,25,0.06,10,0.1,,10,0.08,12,0.08,14,0.1,13,0.05,14,0.05,10,0.05,18,0.15,20,0.15,,,5,,5,0.08,10,0.01,20,0,5,0,13,0,18,0,20,0,28,0.15,23,0.4,,,,,15,0.05,30,0.1,15,0.05,,,,,,,,,,,,,,,,,,,,,,,,,,,,,,,,,,,,,,,,,,,,,72,0,
931,Player/Horse/Prefabs/HorseHk01.prefab,,Bôn Tiêu,,,,2,0.5,38,0.1,6,0.1,20,,0,30,0.1,35,0.09,18,0.09,13,0.1,15,0.1,,12,0.1,,30,0.1,,72,0,,30,0.1,30,0.1,25,0.06,10,0.1,,10,0.08,12,0.08,14,0.1,13,0.05,14,0.05,10,0.05,18,0.15,20,0.15,,,5,,5,0.08,10,0.01,20,0,5,0,13,0,18,0,20,0,28,0.15,23,0.4,,,,,15,0.05,30,0.1,15,0.05,,,,,,,,,,,,,,,,,,,,,,,,,,,,,,,,,,,,,,,,,,,,,72,0,
932,Player/Horse/Prefabs/HorseHk01.prefab,805,Ô Truy,,,,2,0.5,38,0.1,6,0.1,20,,0,30,0.1,35,0.09,18,0.09,13,0.1,15,0.1,,12,0.1,,30,0.1,,72,0,,30,0.1,30,0.1,25,0.06,10,0.1,,10,0.08,12,0.08,14,0.1,13,0.05,14,0.05,10,0.05,18,0.15,20,0.15,,,5,,5,0.08,10,0.01,20,0,5,0,13,0,18,0,20,0,28,0.15,23,0.4,,,,,15,0.05,30,0.1,15,0.05,,,,,,,,,,,,,,,,,,,,,,,,,,,,,,,,,,,,,,,,,,,,,72,0,
933,Player/critter/prefab/baoxiang_001OP.prefab,205,Bảo Rương Lớn,,,,0.5,0.5,,,6,,,,,,,,,,,,,15,0.1,,,,,10,0.2,,10,0.2,,10,0.2,,,,,8,0.1,,,,,,,,,,,,,,,,,,,,,,,,,,,,,,,,,,,,,,,,,,,,,,,,,,,,,,,,,,,,,,,,,,,,,,,,,,,,,,,,,,,,,,,,,,,,,,10,0.2,
934,Player/critter/prefab/Jr_shu01_01.prefab,214,Mầm Non Xanh,,,,2,0.5,30,0.1,,0.1,10,,0,,,30,0.1,30,0.1,,0.1,15,0.1,,9,0.2,,10,0.2,,10,0.2,,10,0.2,10,0.2,,0.15,30,0.1,,,0.08,,0.1,,0.1,,0.09,,0.15,,0.15,,0.15,,0.15,,,,0.15,,0.08,,,,,,,,,,,,,,,,,,,,,,,,,,,,,,,,,,,,,,,,,,,,,,,,,,,,,,,,,,,,,,,,,,,,,,,10,0.2,
935,Player/critter/prefab/Jr_shu01_01.prefab,216,Mầm Non Xanh,,,,2,0.5,30,0.1,,0.1,10,,0,,,30,0.1,30,0.1,,0.1,15,0.1,,9,0.2,,10,0.2,,10,0.2,,10,0.2,10,0.2,,0.15,30,0.1,,,0.08,,0.1,,0.1,,0.09,,0.15,,0.15,,0.15,,0.15,,,,0.15,,0.08,,,,,,,,,,,,,,,,,,,,,,,,,,,,,,,,,,,,,,,,,,,,,,,,,,,,,,,,,,,,,,,,,,,,,,,10,0.2,
936,Player/critter/prefab/Jr_shu01_02.prefab,212,Cây Nhỏ,,,,3,0.5,30,0.1,,0.1,10,,0,,,30,0.1,30,0.1,,0.1,15,0.1,,9,0.2,,10,0.2,,10,0.2,,10,0.2,10,0.2,,0.15,30,0.1,,,0.08,,0.1,,0.1,,0.09,,0.15,,0.15,,0.15,,0.15,,,,0.15,,0.08,,,,,,,,,,,,,,,,,,,,,,,,,,,,,,,,,,,,,,,,,,,,,,,,,,,,,,,,,,,,,,,,,,,,,,,10,0.2,
937,Player/critter/prefab/Jr_shu01_02.prefab,213,Cây Nhỏ,,,,3.5,0.5,30,0.1,,0.1,10,,0,,,30,0.1,30,0.1,,0.1,15,0.1,,9,0.2,,10,0.2,,10,0.2,,10,0.2,10,0.2,,0.15,30,0.1,,,0.08,,0.1,,0.1,,0.09,,0.15,,0.15,,0.15,,0.15,,,,0.15,,0.08,,,,,,,,,,,,,,,,,,,,,,,,,,,,,,,,,,,,,,,,,,,,,,,,,,,,,,,,,,,,,,,,,,,,,,,10,0.2,
938,Player/critter/prefab/Jr_shu01_03.prefab,212,Cây To,,,,4,0.5,30,0.1,,0.1,10,,0,,,30,0.1,30,0.1,,0.1,15,0.1,,9,0.2,,10,0.2,,10,0.2,,10,0.2,10,0.2,,0.15,30,0.1,,,0.08,,0.1,,0.1,,0.09,,0.15,,0.15,,0.15,,0.15,,,,0.15,,0.08,,,,,,,,,,,,,,,,,,,,,,,,,,,,,,,,,,,,,,,,,,,,,,,,,,,,,,,,,,,,,,,,,,,,,,,10,0.2,
939,Player/critter/prefab/Jr_shu01_04.prefab,212,Cây Chọc Trời,,,,4.5,0.5,30,0.1,,0.1,10,,0,,,30,0.1,30,0.1,,0.1,15,0.1,,9,0.2,,10,0.2,,10,0.2,,10,0.2,10,0.2,,0.15,30,0.1,,,0.08,,0.1,,0.1,,0.09,,0.15,,0.15,,0.15,,0.15,,,,0.15,,0.08,,,,,,,,,,,,,,,,,,,,,,,,,,,,,,,,,,,,,,,,,,,,,,,,,,,,,,,,,,,,,,,,,,,,,,,10,0.2,
940,Player/critter/prefab/Jr_shu01_04.prefab,213,Cây Chọc Trời,,,,5.5,0.5,30,0.1,,0.1,10,,0,,,30,0.1,30,0.1,,0.1,15,0.1,,9,0.2,,10,0.2,,10,0.2,,10,0.2,10,0.2,,0.15,30,0.1,,,0.08,,0.1,,0.1,,0.09,,0.15,,0.15,,0.15,,0.15,,,,0.15,,0.08,,,,,,,,,,,,,,,,,,,,,,,,,,,,,,,,,,,,,,,,,,,,,,,,,,,,,,,,,,,,,,,,,,,,,,,10,0.2,
941,Player/critter/prefab/wj_shibei01.prefab,,Bia Đá,,,,2.3,0.5,30,0.1,,0.1,10,,0,,,30,0.1,30,0.1,,0.1,15,0.1,,9,0.2,,10,0.2,,10,0.2,,10,0.2,10,0.2,,0.15,30,0.1,,,0.08,,0.1,,0.1,,0.09,,0.15,,0.15,,0.15,,0.15,,,,0.15,,0.08,,,,,,,,,,,,,,,,,,,,,,,,,,,,,,,,,,,,,,,,,,,,,,,,,,,,,,,,,,,,,,,,,,,,,,,10,0.2,
942,Player/critter/prefab/zhonghuashu01.prefab,205,Liên Lý Chi,,,,2.3,0.5,30,0.1,,0.1,10,,0,,,30,0.1,30,0.1,,0.1,15,0.1,,9,0.2,,10,0.2,,10,0.2,,10,0.2,10,0.2,,0.15,30,0.1,,,0.08,,0.1,,0.1,,0.09,,0.15,,0.15,,0.15,,0.15,,,,0.15,,0.08,,,,,,,,,,,,,,,,,,,,,,,,,,,,,,,,,,,,,,,,,,,,,,,,,,,,,,,,,,,,,,,,,,,,,,,10,0.2,
943,Player/critter/prefab/fb_xueshan_jian01.prefab,205,Cổ Kiếm Loang Lổ,,,,1.9,0.5,30,0.1,6,0.1,10,,0,,,30,0.1,30,0.1,,0.1,15,0.1,,9,0.2,,10,0.2,,10,0.2,,10,0.2,10,0.2,,0.15,30,0.1,,,0.08,,0.1,,0.1,,0.09,,0.15,,0.15,,0.15,,0.15,,,,0.15,,0.08,,,,,,,,,,,,,,,,,,,,,,,,,,,,,,,,,,,,,,,,,,,,,,,,,,,,,,,,,,,,,,,,,,,,,,,10,0.2,
944,Player/critter/prefab/zhonghuashu01.prefab,,Liên Lý Chi,,,,5,0.5,30,0.1,,0.1,10,,0,,,30,0.1,30,0.1,,0.1,15,0.1,,9,0.2,,10,0.2,,10,0.2,,10,0.2,10,0.2,,0.15,30,0.1,,,0.08,,0.1,,0.1,,0.09,,0.15,,0.15,,0.15,,0.15,,,,0.15,,0.08,,,,,,,,,,,,,,,,,,,,,,,,,,,,,,,,,,,,,,,,,,,,,,,,,,,,,,,,,,,,,,,,,,,,,,,10,0.2,
945,Scenes/Meshes/sn_jiayuan/Prefabs/sn_jiayuan_huopen02s.prefab,,Lửa Trại Người Đại Diện,,,,1.75,0.5,20,0.1,6,0.1,20,,0,,,30,0.1,16,0.1,,0.1,16,0.1,,12,0.2,,30,0.1,,30,0.1,,30,0.1,20,0.1,,0.15,15,0.1,,18,0.08,,0.1,,0.1,30,0.09,,0.15,,0.15,,0.15,,0.15,,,,0.15,18,0.08,,,,,,,,,,,,,,,,,,,,,,,,,,,,,,,,,,,,,,,,,,,,,,,,,,,,,,,,,,,,,,,,,,,,,,,30,0.1,
946,Player/critter/prefab/wj_nuche.prefab,201,Nỏ Xa_Rút còn 0.9,,,,1.75,1,16,0.1,6,0.1,15,,0,,,,0.5,,0.5,,0.1,,0.1,,12,0.2,,20,0.2,,20,0.2,,20,0.2,20,0.2,,0.4,13,0.1,,,0.08,,0.1,,0.1,,0.09,,0.15,,0.15,,0.15,,0.15,,,,0.15,,0.08,,,,,,,,,,,,,,,,,,,,,,,,,,,,,,,,,,,,,,,,,,,,,,,,,,,,,,,,,,,,,,,,,,,,,,,20,0.2,
947,Player/critter/prefab/WJ_paota.prefab,,Pháo Tháp Kim_Thân,,,,3,1,16,0.1,6,0.1,15,,0,,,,0.5,,0.5,,0.1,,0.1,,12,0.2,,20,0.2,,20,0.2,,20,0.2,20,0.2,,0.4,13,0.1,,,0.08,,0.1,,0.1,,0.09,,0.15,,0.15,,0.15,,0.15,,,,0.15,,0.08,,,,,,,,,,,,,,,,,,,,,,,,,,,,,,,,,,,,,,,,,,,,,,,,,,,,,,,,,,,,,,,,,,,,,,,20,0.2,
948,Player/critter/prefab/WJ_paota01.prefab,,Pháo Tháp Kim_Nòng,,,,3.5,1,16,0.1,6,0.1,15,,0,,,,0.5,,0.5,,0.1,,0.1,,12,0.2,,20,0.2,,20,0.2,,20,0.2,20,0.2,,0.4,13,0.1,,,0.08,,0.1,,0.1,,0.09,,0.15,,0.15,,0.15,,0.15,,,,0.15,,0.08,,,,,,,,,,,,,,,,,,,,,,,,,,,,,,,,,,,,,,,,,,,,,,,,,,,,,,,,,,,,,,,,,,,,,,,20,0.2,
949,Player/critter/prefab/WJ_paota_a.prefab,,Pháo Tháp Tống_Thân,,,,3,1,16,0.1,6,0.1,15,,0,,,,0.5,,0.5,,0.1,,0.1,,12,0.2,,20,0.2,,20,0.2,,20,0.2,20,0.2,,0.4,13,0.1,,,0.08,,0.1,,0.1,,0.09,,0.15,,0.15,,0.15,,0.15,,,,0.15,,0.08,,,,,,,,,,,,,,,,,,,,,,,,,,,,,,,,,,,,,,,,,,,,,,,,,,,,,,,,,,,,,,,,,,,,,,,20,0.2,
950,Player/critter/prefab/WJ_paota01_a.prefab,,Pháo Tháp Tống_Nòng,,,,3.5,1,16,0.1,6,0.1,15,,0,,,,0.5,,0.5,,0.1,,0.1,,12,0.2,,20,0.2,,20,0.2,,20,0.2,20,0.2,,0.4,13,0.1,,,0.08,,0.1,,0.1,,0.09,,0.15,,0.15,,0.15,,0.15,,,,0.15,,0.08,,,,,,,,,,,,,,,,,,,,,,,,,,,,,,,,,,,,,,,,,,,,,,,,,,,,,,,,,,,,,,,,,,,,,,,20,0.2,
951,Player/critter/prefab/WJ_junying.prefab,201,Đại Doanh Quân Kim,,,,3,1,16,0.1,6,0.1,15,,0,,,,0.5,,0.5,,0.1,,0.1,,12,0.2,,20,0.2,,20,0.2,,20,0.2,20,0.2,,0.4,13,0.1,,,0.08,,0.1,,0.1,,0.09,,0.15,,0.15,,0.15,,0.15,,,,0.15,,0.08,,,,,,,,,,,,,,,,,,,,,,,,,,,,,,,,,,,,,,,,,,,,,,,,,,,,,,,,,,,,,,,,,,,,,,,20,0.2,
952,Player/critter/prefab/WJ_junying_a.prefab,201,Đại Doanh Quân Tống,,,,3,1,16,0.1,6,0.1,15,,0,,,,0.5,,0.5,,0.1,,0.1,,12,0.2,,20,0.2,,20,0.2,,20,0.2,20,0.2,,0.4,13,0.1,,,0.08,,0.1,,0.1,,0.09,,0.15,,0.15,,0.15,,0.15,,,,0.15,,0.08,,,,,,,,,,,,,,,,,,,,,,,,,,,,,,,,,,,,,,,,,,,,,,,,,,,,,,,,,,,,,,,,,,,,,,,20,0.2,
953,Scenes/Meshes/sn_jiayuan/Prefabs/sy_wuqijia01.prefab,,Giá Vũ Khí-Gỗ,,,,1.75,0.5,20,0.1,6,0.1,20,,0,,,30,0.1,16,0.1,,0.1,16,0.1,,12,0.2,,30,0.1,,30,0.1,,30,0.1,20,0.1,,0.15,15,0.1,,18,0.08,,0.1,,0.1,30,0.09,,0.15,,0.15,,0.15,,0.15,,,,0.15,18,0.08,,,,,,,,,,,,,,,,,,,,,,,,,,,,,,,,,,,,,,,,,,,,,,,,,,,,,,,,,,,,,,,,,,,,,,,30,0.1,
954,Player/critter/prefab/Jr_shengdanshu01.prefab,61,Cây Thông Giáng Sinh,,,,4,0.5,30,0.1,,0.1,10,,0,,,30,0.1,30,0.1,,0.1,15,0.1,,9,0.2,,10,0.2,,10,0.2,,10,0.2,10,0.2,,0.15,30,0.1,,,0.08,,0.1,,0.1,,0.09,,0.15,,0.15,,0.15,,0.15,,,,0.15,,0.08,,,,,,,,,,,,,,,,,,,,,,,,,,,,,,,,,,,,,,,,,,,,,,,,,,,,,,,,,,,,,,,,,,,,,,,10,0.2,
955,Player/Horse/Prefabs/Wolf01.prefab,813,Huyết Đồng-Khiếu Sương,,,,2,0.5,38,0.1,6,0.1,20,,0,30,0.1,35,0.09,18,0.09,13,0.1,15,0.1,,12,0.1,,30,0.1,,72,0,,30,0.1,30,0.1,25,0.06,10,0.1,,10,0.08,12,0.08,14,0.1,13,0.05,14,0.05,10,0.05,18,0.15,20,0.15,,,5,,5,0.08,10,0.01,20,0,5,0,13,0,18,0,20,0,28,0.15,23,0.4,,,,,15,0.05,30,0.1,15,0.05,,,,,,,,,,,,,,,,,,,,,,,,,,,,,,,,,,,,,,,,,,,,,72,0,
956,Player/Horse/Prefabs/Wolf01.prefab,814,Huyết Đồng-Hoàng Trần,,,,2,0.5,38,0.1,6,0.1,20,,0,30,0.1,35,0.09,18,0.09,13,0.1,15,0.1,,12,0.1,,30,0.1,,72,0,,30,0.1,30,0.1,25,0.06,10,0.1,,10,0.08,12,0.08,14,0.1,13,0.05,14,0.05,10,0.05,18,0.15,20,0.15,,,5,,5,0.08,10,0.01,20,0,5,0,13,0,18,0,20,0,28,0.15,23,0.4,,,,,15,0.05,30,0.1,15,0.05,,,,,,,,,,,,,,,,,,,,,,,,,,,,,,,,,,,,,,,,,,,,,72,0,
957,Player/Horse/Prefabs/Wolf01.prefab,815,Huyết Đồng-Nguyệt Tuyệt,,,,2,0.5,38,0.1,6,0.1,20,,0,30,0.1,35,0.09,18,0.09,13,0.1,15,0.1,,12,0.1,,30,0.1,,72,0,,30,0.1,30,0.1,25,0.06,10,0.1,,10,0.08,12,0.08,14,0.1,13,0.05,14,0.05,10,0.05,18,0.15,20,0.15,,,5,,5,0.08,10,0.01,20,0,5,0,13,0,18,0,20,0,28,0.15,23,0.4,,,,,15,0.05,30,0.1,15,0.05,,,,,,,,,,,,,,,,,,,,,,,,,,,,,,,,,,,,,,,,,,,,,72,0,
958,Player/Horse/Prefabs/Horse11_b.prefab,,Chúng Tinh Toàn Nguyệt,,,,2,0.5,38,0.1,6,0.1,20,,0,30,0.1,35,0.09,18,0.09,13,0.1,15,0.1,,12,0.1,,30,0.1,,72,0,,30,0.1,30,0.1,25,0.06,10,0.1,,10,0.08,12,0.08,14,0.1,13,0.05,14,0.05,10,0.05,18,0.15,20,0.15,,,5,,5,0.08,10,0.01,20,0,5,0,13,0,18,0,20,0,28,0.15,23,0.4,,,,,15,0.05,30,0.1,15,0.05,,,,,,,,,,,,,,,,,,,,,,,,,,,,,,,,,,,,,,,,,,,,,72,0,
959,Player/Horse/Prefabs/elephant01.prefab,202,Voi Lớn,,,,2,0.5,38,0.1,6,0.1,20,,0,30,0.1,35,0.09,18,0.09,13,0.1,15,0.1,,12,0.1,,30,0.1,,72,0,,30,0.1,30,0.1,25,0.06,10,0.1,,10,0.08,12,0.08,14,0.1,13,0.05,14,0.05,10,0.05,18,0.15,20,0.15,,,5,,5,0.08,10,0.01,20,0,5,0,13,0,18,0,20,0,28,0.15,23,0.4,,,,,15,0.05,30,0.1,15,0.05,,,,,,,,,,,,,,,,,,,,,,,,,,,,,,,,,,,,,,,,,,,,,72,0,
960,Player/Horse/Prefabs/Horse19.prefab,,Ngựa Lv150,,,,2,0.5,38,0.1,6,0.1,20,,0,30,0.1,35,0.09,18,0.09,13,0.1,15,0.1,,12,0.1,,30,0.1,,72,0,,30,0.1,30,0.1,25,0.06,10,0.1,,10,0.08,12,0.08,14,0.1,13,0.05,14,0.05,10,0.05,18,0.15,20,0.15,,,5,,5,0.08,10,0.01,20,0,5,0,13,0,18,0,20,0,28,0.15,23,0.4,,,,,15,0.05,30,0.1,15,0.05,,,,,,,,,,,,,,,,,,,,,,,,,,,,,,,,,,,,,,,,,,,,,72,0,
961,Player/Horse/Prefabs/Horse19_a.prefab,,Ngựa Thành Chính Lv150,,,,2,0.5,38,0.1,6,0.1,20,,0,30,0.1,35,0.09,18,0.09,13,0.1,15,0.1,,12,0.1,,30,0.1,,72,0,,30,0.1,30,0.1,25,0.06,10,0.1,,10,0.08,12,0.08,14,0.1,13,0.05,14,0.05,10,0.05,18,0.15,20,0.15,,,5,,5,0.08,10,0.01,20,0,5,0,13,0,18,0,20,0,28,0.15,23,0.4,,,,,15,0.05,30,0.1,15,0.05,,,,,,,,,,,,,,,,,,,,,,,,,,,,,,,,,,,,,,,,,,,,,72,0,
962,Player/critter/prefab/shuerguo01.prefab,,Tiên Chi,,,,1,0.5,,,,,,,,,,,,,,,,,,,,,,,,,,,,,,,,,,,,,,,,,,,,,,,,,,,,,,,,,,,,,,,,,,,,,,,,,,,,,,,,,,,,,,,,,,,,,,,,,,,,,,,,,,,,,,,,,,,,,,,,,,,,,,,,,,,
963,Player/Horse/Prefabs/Horse16_b.prefab,202,Thích Kim-Lam Trạm Linh Lộc,,,,2,0.5,38,0.1,6,0.1,20,,0,30,0.1,35,0.09,18,0.09,13,0.1,15,0.1,,12,0.1,,30,0.1,,72,0,,30,0.1,30,0.1,25,0.06,10,0.1,,10,0.08,12,0.08,14,0.1,13,0.05,14,0.05,10,0.05,18,0.15,20,0.15,,,5,,5,0.08,10,0.01,20,0,5,0,13,0,18,0,20,0,28,0.15,23,0.4,,,,,15,0.05,30,0.1,15,0.05,,,,,,,,,,,,,,,,,,,,,,,,,,,,,,,,,,,,,,,,,,,,,72,0,
964,Player/critter/prefab/jz_jiucai01.prefab,,Rau Hẹ,,,,0.7,0.5,30,0.1,6,0.1,10,,0,,,30,0.1,30,0.1,,0.1,15,0.1,,9,0.2,,10,0.2,,10,0.2,,10,0.2,10,0.2,,0.15,30,0.1,,,0.08,,0.1,,0.1,,0.09,,0.15,,0.15,,0.15,,0.15,,,,0.15,,0.08,,,,,,,,,,,,,,,,,,,,,,,,,,,,,,,,,,,,,,,,,,,,,,,,,,,,,,,,,,,,,,,,,,,,,,,10,0.2,
965,Player/critter/prefab/jz_jidan01.prefab,,Trứng Gà,,,,0.7,0.5,30,0.1,6,0.1,10,,0,,,30,0.1,30,0.1,,0.1,15,0.1,,9,0.2,,10,0.2,,10,0.2,,10,0.2,10,0.2,,0.15,30,0.1,,,0.08,,0.1,,0.1,,0.09,,0.15,,0.15,,0.15,,0.15,,,,0.15,,0.08,,,,,,,,,,,,,,,,,,,,,,,,,,,,,,,,,,,,,,,,,,,,,,,,,,,,,,,,,,,,,,,,,,,,,,,10,0.2,
966,Player/critter/prefab/jz_niurou01.prefab,,Thịt Bò,,,,0.7,0.5,30,0.1,6,0.1,10,,0,,,30,0.1,30,0.1,,0.1,15,0.1,,9,0.2,,10,0.2,,10,0.2,,10,0.2,10,0.2,,0.15,30,0.1,,,0.08,,0.1,,0.1,,0.09,,0.15,,0.15,,0.15,,0.15,,,,0.15,,0.08,,,,,,,,,,,,,,,,,,,,,,,,,,,,,,,,,,,,,,,,,,,,,,,,,,,,,,,,,,,,,,,,,,,,,,,10,0.2,
967,Player/critter/prefab/jz_qincai01.prefab,,Cần Tây,,,,0.7,0.5,30,0.1,6,0.1,10,,0,,,30,0.1,30,0.1,,0.1,15,0.1,,9,0.2,,10,0.2,,10,0.2,,10,0.2,10,0.2,,0.15,30,0.1,,,0.08,,0.1,,0.1,,0.09,,0.15,,0.15,,0.15,,0.15,,,,0.15,,0.08,,,,,,,,,,,,,,,,,,,,,,,,,,,,,,,,,,,,,,,,,,,,,,,,,,,,,,,,,,,,,,,,,,,,,,,10,0.2,
968,Player/critter/prefab/jz_dongsun01.prefab,,Măng Mùa Đông,,,,0.7,0.5,30,0.1,6,0.1,10,,0,,,30,0.1,30,0.1,,0.1,15,0.1,,9,0.2,,10,0.2,,10,0.2,,10,0.2,10,0.2,,0.15,30,0.1,,,0.08,,0.1,,0.1,,0.09,,0.15,,0.15,,0.15,,0.15,,,,0.15,,0.08,,,,,,,,,,,,,,,,,,,,,,,,,,,,,,,,,,,,,,,,,,,,,,,,,,,,,,,,,,,,,,,,,,,,,,,10,0.2,
969,Player/critter/prefab/jz_xianggu01.prefab,,Nấm Hương,,,,0.7,0.5,30,0.1,6,0.1,10,,0,,,30,0.1,30,0.1,,0.1,15,0.1,,9,0.2,,10,0.2,,10,0.2,,10,0.2,10,0.2,,0.15,30,0.1,,,0.08,,0.1,,0.1,,0.09,,0.15,,0.15,,0.15,,0.15,,,,0.15,,0.08,,,,,,,,,,,,,,,,,,,,,,,,,,,,,,,,,,,,,,,,,,,,,,,,,,,,,,,,,,,,,,,,,,,,,,,10,0.2,
970,Player/critter/prefab/jz_jiaozi01.prefab,,Sủi Cảo,,,,0.7,0.5,30,0.1,6,0.1,10,,0,,,30,0.1,30,0.1,,0.1,15,0.1,,9,0.2,,10,0.2,,10,0.2,,10,0.2,10,0.2,,0.15,30,0.1,,,0.08,,0.1,,0.1,,0.09,,0.15,,0.15,,0.15,,0.15,,,,0.15,,0.08,,,,,,,,,,,,,,,,,,,,,,,,,,,,,,,,,,,,,,,,,,,,,,,,,,,,,,,,,,,,,,,,,,,,,,,10,0.2,
971,Player/Horse/Prefabs/Wolf03.prefab,203,Sí Vũ Chước Tâm,,,,2,0.5,38,0.1,6,0.1,20,,0,30,0.1,35,0.09,18,0.09,13,0.1,15,0.1,,12,0.1,,30,0.1,,72,0,,30,0.1,30,0.1,25,0.06,10,0.1,,10,0.08,12,0.08,14,0.1,13,0.05,14,0.05,10,0.05,18,0.15,20,0.15,,,5,,5,0.08,10,0.01,20,0,5,0,13,0,18,0,20,0,28,0.15,23,0.4,,,,,15,0.05,30,0.1,15,0.05,,,,,,,,,,,,,,,,,,,,,,,,,,,,,,,,,,,,,,,,,,,,,72,0,
972,Player/critter/prefab/yx_huadeng01.prefab,,Hoa Đăng Nguyên Tiêu,,,,2,0.5,30,0.1,,0.1,10,,0,,,30,0.1,30,0.1,,0.1,15,0.1,,9,0.2,,10,0.2,,10,0.2,,10,0.2,10,0.2,,0.15,30,0.1,,,0.08,,0.1,,0.1,,0.09,,0.15,,0.15,,0.15,,0.15,,,,0.15,,0.08,,,,,,,,,,,,,,,,,,,,,,,,,,,,,,,,,,,,,,,,,,,,,,,,,,,,,,,,,,,,,,,,,,,,,,,10,0.2,
973,Player/critter/prefab/yx_yuanxiao01.prefab,,Bánh Trôi,,,,0.7,0.5,30,0.1,6,0.1,10,,0,,,30,0.1,30,0.1,,0.1,15,0.1,,9,0.2,,10,0.2,,10,0.2,,10,0.2,10,0.2,,0.15,30,0.1,,,0.08,,0.1,,0.1,,0.09,,0.15,,0.15,,0.15,,0.15,,,,0.15,,0.08,,,,,,,,,,,,,,,,,,,,,,,,,,,,,,,,,,,,,,,,,,,,,,,,,,,,,,,,,,,,,,,,,,,,,,,10,0.2,
974,Player/Npcs/Prefabs/box_001.prefab,,Hộp Năm Mới Thường,,,,2,0.5,,,6,,,,,,,,,,,,,15,0.1,,,,,10,0.2,,10,0.2,,10,0.2,,,,,8,0.1,,,,,,,,,,,,,,,,,,,,,,,,,,,,,,,,,,,,,,,,,,,,,,,,,,,,,,,,,,,,,,,,,,,,,,,,,,,,,,,,,,,,,,,,,,,,,,10,0.2,
975,Player/Npcs/Prefabs/box_002.prefab,,Hộp Năm Mới Tinh Tế,,,,2,0.5,,,6,,,,,,,,,,,,,15,0.1,,,,,10,0.2,,10,0.2,,10,0.2,,,,,8,0.1,,,,,,,,,,,,,,,,,,,,,,,,,,,,,,,,,,,,,,,,,,,,,,,,,,,,,,,,,,,,,,,,,,,,,,,,,,,,,,,,,,,,,,,,,,,,,,10,0.2,
976,Player/Npcs/Prefabs/box_003.prefab,,Hộp Năm Mới Hoa Lệ,,,,2,0.5,,,6,,,,,,,,,,,,,15,0.1,,,,,10,0.2,,10,0.2,,10,0.2,,,,,8,0.1,,,,,,,,,,,,,,,,,,,,,,,,,,,,,,,,,,,,,,,,,,,,,,,,,,,,,,,,,,,,,,,,,,,,,,,,,,,,,,,,,,,,,,,,,,,,,,10,0.2,
977,Player/Horse/Prefabs/Bear01.prefab,202,Lẫm Đông Bào Hao,,,,2,0.5,38,0.1,6,0.1,20,,0,30,0.1,35,0.09,18,0.09,13,0.1,15,0.1,,12,0.1,,30,0.1,,72,0,,30,0.1,30,0.1,25,0.06,10,0.1,,10,0.08,12,0.08,14,0.1,13,0.05,14,0.05,10,0.05,18,0.15,20,0.15,,,5,,5,0.08,10,0.01,20,0,5,0,13,0,18,0,20,0,28,0.15,23,0.4,,,,,15,0.05,30,0.1,15,0.05,,,,,,,,,,,,,,,,,,,,,,,,,,,,,,,,,,,,,,,,,,,,,72,0,
978,Player/Horse/Prefabs/Cattle01.prefab,202,Thích Kim Mao Tê,,,,2,0.5,38,0.1,6,0.1,20,,0,30,0.1,35,0.09,18,0.09,13,0.1,15,0.1,,12,0.1,,30,0.1,,72,0,,30,0.1,30,0.1,25,0.06,10,0.1,,10,0.08,12,0.08,14,0.1,13,0.05,14,0.05,10,0.05,18,0.15,20,0.15,,,5,,5,0.08,10,0.01,20,0,5,0,13,0,18,0,20,0,28,0.15,23,0.4,,,,,15,0.05,30,0.1,15,0.05,,,,,,,,,,,,,,,,,,,,,,,,,,,,,,,,,,,,,,,,,,,,,72,0,
979,Player/Horse/Prefabs/Bear01_a.prefab,,Lẫm Đông Bào Hao (Hiệu ứng),,,,2,0.5,38,0.1,6,0.1,20,,0,30,0.1,35,0.09,18,0.09,13,0.1,15,0.1,,12,0.1,,30,0.1,,72,0,,30,0.1,30,0.1,25,0.06,10,0.1,,10,0.08,12,0.08,14,0.1,13,0.05,14,0.05,10,0.05,18,0.15,20,0.15,,,5,,5,0.08,10,0.01,20,0,5,0,13,0,18,0,20,0,28,0.15,23,0.4,,,,,15,0.05,30,0.1,15,0.05,,,,,,,,,,,,,,,,,,,,,,,,,,,,,,,,,,,,,,,,,,,,,72,0,
980,Player/Horse/Prefabs/Wolf02.prefab,816,Phấn Đại Lược Ảnh,,,,2,0.5,38,0.1,6,0.1,20,,0,30,0.1,35,0.09,18,0.09,13,0.1,15,0.1,,12,0.1,,30,0.1,,72,0,,30,0.1,30,0.1,25,0.06,10,0.1,,10,0.08,12,0.08,14,0.1,13,0.05,14,0.05,10,0.05,18,0.15,20,0.15,,,5,,5,0.08,10,0.01,20,0,5,0,13,0,18,0,20,0,28,0.15,23,0.4,,,,,15,0.05,30,0.1,15,0.05,,,,,,,,,,,,,,,,,,,,,,,,,,,,,,,,,,,,,,,,,,,,,72,0,
981,Player/Horse/Prefabs/Wolf02_b.prefab,203,Phấn Đại Lược Ảnh,,,,2,0.5,38,0.1,6,0.1,20,,0,30,0.1,35,0.09,18,0.09,13,0.1,15,0.1,,12,0.1,,30,0.1,,72,0,,30,0.1,30,0.1,25,0.06,10,0.1,,10,0.08,12,0.08,14,0.1,13,0.05,14,0.05,10,0.05,18,0.15,20,0.15,,,5,,5,0.08,10,0.01,20,0,5,0,13,0,18,0,20,0,28,0.15,23,0.4,,,,,15,0.05,30,0.1,15,0.05,,,,,,,,,,,,,,,,,,,,,,,,,,,,,,,,,,,,,,,,,,,,,72,0,
982,Player/Horse/Prefabs/Wolf02_c.prefab,203,Phấn Đại Lược Ảnh,,,,2,0.5,38,0.1,6,0.1,20,,0,30,0.1,35,0.09,18,0.09,13,0.1,15,0.1,,12,0.1,,30,0.1,,72,0,,30,0.1,30,0.1,25,0.06,10,0.1,,10,0.08,12,0.08,14,0.1,13,0.05,14,0.05,10,0.05,18,0.15,20,0.15,,,5,,5,0.08,10,0.01,20,0,5,0,13,0,18,0,20,0,28,0.15,23,0.4,,,,,15,0.05,30,0.1,15,0.05,,,,,,,,,,,,,,,,,,,,,,,,,,,,,,,,,,,,,,,,,,,,,72,0,
983,Player/Horse/Prefabs/Bear01_b.prefab,202,Lẫm Đông Bào Hao (Bạc Màu mới),,,,2,0.5,38,0.1,6,0.1,20,,0,30,0.1,35,0.09,18,0.09,13,0.1,15,0.1,,12,0.1,,30,0.1,,72,0,,30,0.1,30,0.1,25,0.06,10,0.1,,10,0.08,12,0.08,14,0.1,13,0.05,14,0.05,10,0.05,18,0.15,20,0.15,,,5,,5,0.08,10,0.01,20,0,5,0,13,0,18,0,20,0,28,0.15,23,0.4,,,,,15,0.05,30,0.1,15,0.05,,,,,,,,,,,,,,,,,,,,,,,,,,,,,,,,,,,,,,,,,,,,,72,0,
984,Player/Horse/Prefabs/elephant01_a.prefab,202,Voi (Bạc Màu mới),,,,2,0.5,38,0.1,6,0.1,20,,0,30,0.1,35,0.09,18,0.09,13,0.1,15,0.1,,12,0.1,,30,0.1,,72,0,,30,0.1,30,0.1,25,0.06,10,0.1,,10,0.08,12,0.08,14,0.1,13,0.05,14,0.05,10,0.05,18,0.15,20,0.15,,,5,,5,0.08,10,0.01,20,0,5,0,13,0,18,0,20,0,28,0.15,23,0.4,,,,,15,0.05,30,0.1,15,0.05,,,,,,,,,,,,,,,,,,,,,,,,,,,,,,,,,,,,,,,,,,,,,72,0,
985,Player/Horse/Prefabs/Alpaca01.prefab,,Truy Phong,,,,2,0.5,38,0.1,6,0.1,20,,0,30,0.1,35,0.09,18,0.09,13,0.1,15,0.1,,12,0.1,,30,0.1,,72,0,,30,0.1,30,0.1,25,0.06,10,0.1,,10,0.08,12,0.08,14,0.1,13,0.05,14,0.05,10,0.05,18,0.15,20,0.15,,,5,,5,0.08,10,0.01,20,0,5,0,13,0,18,0,20,0,28,0.15,23,0.4,,,,,15,0.05,30,0.1,15,0.05,,,,,,,,,,,,,,,,,,,,,,,,,,,,,,,,,,,,,,,,,,,,,72,0,
986,Player/Horse/Prefabs/Alpaca01_b.prefab,,Truy Phong,,,,2,0.5,38,0.1,6,0.1,20,,0,30,0.1,35,0.09,18,0.09,13,0.1,15,0.1,,12,0.1,,30,0.1,,72,0,,30,0.1,30,0.1,25,0.06,10,0.1,,10,0.08,12,0.08,14,0.1,13,0.05,14,0.05,10,0.05,18,0.15,20,0.15,,,5,,5,0.08,10,0.01,20,0,5,0,13,0,18,0,20,0,28,0.15,23,0.4,,,,,15,0.05,30,0.1,15,0.05,,,,,,,,,,,,,,,,,,,,,,,,,,,,,,,,,,,,,,,,,,,,,72,0,
987,Player/Horse/Prefabs/Crane01.prefab,,Côn Lôn Huyền Ảnh,,,,2,0.5,38,0.1,6,0.1,20,,0,30,0.1,35,0.09,18,0.09,13,0.1,15,0.1,,12,0.1,,30,0.1,,72,0,,30,0.1,30,0.1,25,0.06,10,0.1,,10,0.08,12,0.08,14,0.1,13,0.05,14,0.05,10,0.05,18,0.15,20,0.15,,,5,,5,0.08,10,0.01,20,0,5,0,13,0,18,0,20,0,28,0.15,23,0.4,,,,,15,0.05,30,0.1,15,0.05,,,,,,,,,,,,,,,,,,,,,,,,,,,,,,,,,,,,,,,,,,,,,72,0,
988,Player/Horse/Prefabs/Crane01_b.prefab,,Côn Lôn Huyền Ảnh,,,,2,0.5,38,0.1,6,0.1,20,,0,30,0.1,35,0.09,18,0.09,13,0.1,15,0.1,,12,0.1,,30,0.1,,72,0,,30,0.1,30,0.1,25,0.06,10,0.1,,10,0.08,12,0.08,14,0.1,13,0.05,14,0.05,10,0.05,18,0.15,20,0.15,,,5,,5,0.08,10,0.01,20,0,5,0,13,0,18,0,20,0,28,0.15,23,0.4,,,,,15,0.05,30,0.1,15,0.05,,,,,,,,,,,,,,,,,,,,,,,,,,,,,,,,,,,,,,,,,,,,,72,0,
989,Player/Horse/Prefabs/Wolf04_b.prefab,203,U Hồn-Đạp Sương,,,,2,0.5,38,0.1,6,0.1,20,,0,30,0.1,35,0.09,18,0.09,13,0.1,15,0.1,,12,0.1,,30,0.1,,72,0,,30,0.1,30,0.1,25,0.06,10,0.1,,10,0.08,12,0.08,14,0.1,13,0.05,14,0.05,10,0.05,18,0.15,20,0.15,,,5,,5,0.08,10,0.01,20,0,5,0,13,0,18,0,20,0,28,0.15,23,0.4,,,,,15,0.05,30,0.1,15,0.05,,,,,,,,,,,,,,,,,,,,,,,,,,,,,,,,,,,,,,,,,,,,,72,0,
990,Player/Npcs/Prefabs/npc_274.prefab,61,Gấu,,,,1.75,0.5,16,0.1,6,0.1,18,,0,,,10,0.5,10,0.5,,0.1,15,0.1,,12,0.2,,30,0.2,,30,0.2,,30,0.2,20,0.2,,0.15,10,0.1,,,0.08,,0.1,,0.1,,0.09,,0.15,,0.15,,0.15,,0.15,,,,0.15,,0.08,,,,,,,,,,,,,,,,,,,,,,,,,,,,,,,,,,,,,,,,,,,,,,,,,,,,,,,,,,,,,,,,,,,,,,,30,0.2,
991,Player/Npcs/Prefabs/npc_275.prefab,61,Heo,,,,1.75,0.5,16,0.1,6,0.1,18,,0,,,10,0.5,10,0.5,,0.1,15,0.1,,12,0.2,,30,0.2,,30,0.2,,30,0.2,20,0.2,,0.15,10,0.1,,,0.08,,0.1,,0.1,,0.09,,0.15,,0.15,,0.15,,0.15,,,,0.15,,0.08,,,,,,,,,,,,,,,,,,,,,,,,,,,,,,,,,,,,,,,,,,,,,,,,,,,,,,,,,,,,,,,,,,,,,,,30,0.2,
992,Player/Npcs/Prefabs/npc_276.prefab,212,Gà,,,,1.75,0.5,16,0.1,6,0.1,18,,0,,,10,0.5,10,0.5,,0.1,15,0.1,,12,0.2,,30,0.2,,30,0.2,,30,0.2,20,0.2,,0.15,10,0.1,,,0.08,,0.1,,0.1,,0.09,,0.15,,0.15,,0.15,,0.15,,,,0.15,,0.08,,,,,,,,,,,,,,,,,,,,,,,,,,,,,,,,,,,,,,,,,,,,,,,,,,,,,,,,,,,,,,,,,,,,,,,30,0.2,
993,Player/Horse/Prefabs/Tortoise01.prefab,,Ô Quy,,,,2,0.5,38,0.1,6,0.1,20,,0,30,0.1,35,0.09,18,0.09,13,0.1,15,0.1,,12,0.1,,30,0.1,,72,0,,30,0.1,30,0.1,25,0.06,10,0.1,,10,0.08,12,0.08,14,0.1,13,0.05,14,0.05,10,0.05,18,0.15,20,0.15,,,5,,5,0.08,10,0.01,20,0,5,0,13,0,18,0,20,0,28,0.15,23,0.4,,,,,15,0.05,30,0.1,15,0.05,,,,,,,,,,,,,,,,,,,,,,,,,,,,,,,,,,,,,,,,,,,,,72,0,
994,Player/Horse/Prefabs/Gorilla01.prefab,,Tinh Tinh,,,,2,0.5,38,0.1,6,0.1,20,,0,30,0.1,35,0.09,18,0.09,13,0.1,15,0.1,,12,0.1,,30,0.1,,72,0,,30,0.1,30,0.1,25,0.06,10,0.1,,10,0.08,12,0.08,14,0.1,13,0.05,14,0.05,10,0.05,18,0.15,20,0.15,,,5,,5,0.08,10,0.01,20,0,5,0,13,0,18,0,20,0,28,0.15,23,0.4,,,,,15,0.05,30,0.1,15,0.05,,,,,,,,,,,,,,,,,,,,,,,,,,,,,,,,,,,,,,,,,,,,,72,0,
995,Player/Horse/Prefabs/elephant01_b.prefab,202,Voi (Bạc Màu mới),,,,2,0.5,38,0.1,6,0.1,20,,0,30,0.1,35,0.09,18,0.09,13,0.1,15,0.1,,12,0.1,,30,0.1,,72,0,,30,0.1,30,0.1,25,0.06,10,0.1,,10,0.08,12,0.08,14,0.1,13,0.05,14,0.05,10,0.05,18,0.15,20,0.15,,,5,,5,0.08,10,0.01,20,0,5,0,13,0,18,0,20,0,28,0.15,23,0.4,,,,,15,0.05,30,0.1,15,0.05,,,,,,,,,,,,,,,,,,,,,,,,,,,,,,,,,,,,,,,,,,,,,72,0,
996,Player/Horse/Prefabs/chair02.prefab,,Xe Đẩy,,,,2,0.5,38,0.1,6,0.1,20,,0,30,0.1,35,0.09,18,0.09,13,0.1,15,0.1,,12,0.1,,30,0.1,,72,0,,30,0.1,30,0.1,25,0.06,10,0.1,,10,0.08,12,0.08,14,0.1,13,0.05,14,0.05,10,0.05,18,0.15,20,0.15,,,5,,5,0.08,10,0.01,20,0,5,0,13,0,18,0,20,0,28,0.15,23,0.4,,,,,15,0.05,30,0.1,15,0.05,,,,,,,,,,,,,,,,,,,,,,,,,,,,,,,,,,,,,,,,,,,,,72,0,
997,Player/Horse/Prefabs/Tiger01_c.prefab,202,Hắc Hổ,,,,2,0.5,38,0.1,6,0.1,20,,0,30,0.1,35,0.09,18,0.09,13,0.1,15,0.1,,12,0.1,,30,0.1,,72,0,,30,0.1,30,0.1,25,0.06,10,0.1,,10,0.08,12,0.08,14,0.1,13,0.05,14,0.05,10,0.05,18,0.15,20,0.15,,,5,,5,0.08,10,0.01,20,0,5,0,13,0,18,0,20,0,28,0.15,23,0.4,,,,,15,0.05,30,0.1,15,0.05,,,,,,,,,,,,,,,,,,,,,,,,,,,,,,,,,,,,,,,,,,,,,72,0,
998,Player/Horse/Prefabs/Bear01_c.prefab,202,Gấu (Đỏ),,,,2,0.5,38,0.1,6,0.1,20,,0,30,0.1,35,0.09,18,0.09,13,0.1,15,0.1,,12,0.1,,30,0.1,,72,0,,30,0.1,30,0.1,25,0.06,10,0.1,,10,0.08,12,0.08,14,0.1,13,0.05,14,0.05,10,0.05,18,0.15,20,0.15,,,5,,5,0.08,10,0.01,20,0,5,0,13,0,18,0,20,0,28,0.15,23,0.4,,,,,15,0.05,30,0.1,15,0.05,,,,,,,,,,,,,,,,,,,,,,,,,,,,,,,,,,,,,,,,,,,,,72,0,
999,Player/Npcs/Prefabs/npc_375.prefab,,Thiếu Niên Trương Tam Phong,,,,2,0.5,38,0.1,6,0.1,20,,0,30,0.1,35,0.09,18,0.09,13,0.1,15,0.1,,12,0.1,,30,0.1,,72,0,,30,0.1,30,0.1,25,0.06,10,0.1,,10,0.08,12,0.08,14,0.1,13,0.05,14,0.05,10,0.05,18,0.15,20,0.15,,,5,,5,0.08,10,0.01,20,0,5,0,13,0,18,0,20,0,28,0.15,23,0.4,,,,,15,0.05,30,0.1,15,0.05,,,,,,,,,,,,,,,,,,,,,,,,,,,,,,,,,,,,,,,,,,,,,72,0,
1000,Player/Npcs/Prefabs/npc_405.prefab,65,A Kiều,,,,2,0.5,16,0.1,6,0.1,19,,0,,,16,0.5,16,0.5,,0.1,15,0.1,,12,0.2,,30,0.2,,30,0.2,,30,0.2,20,0.2,31,0.15,15,0.1,,15,0.08,,0.1,,0.1,,0.09,,0.15,,0.15,,0.15,,0.15,,,,0.15,,0.08,,,,,,,,,,,,,,,,,,,,,,,,,,,,,,,,,,,,,,,,,,,,,,,,,,,,,,,,,,,,,,,,,,,,,,,30,0.2,
2001,Player/Horse/Prefabs/Horse20.prefab,,Đạp Lãm Tinh Hà,,,,2,0.5,38,0.1,6,0.1,20,,0,30,0.1,35,0.09,18,0.09,13,0.1,15,0.1,,12,0.1,,30,0.1,,72,0,,30,0.1,30,0.1,25,0.06,10,0.1,,10,0.08,12,0.08,14,0.1,13,0.05,14,0.05,10,0.05,18,0.15,20,0.15,,,5,,5,0.08,10,0.01,20,0,5,0,13,0,18,0,20,0,28,0.15,23,0.4,,,,,15,0.05,30,0.1,15,0.05,,,,,,,,,,,,,,,,,,,,,,,,,,,,,,,,,,,,,,,,,,,,,72,0,
2002,Player/Horse/Prefabs/Horse15_a.prefab,202,Thanh Huy Nguyệt Lung,,,,2,0.5,38,0.1,6,0.1,20,,0,30,0.1,35,0.09,18,0.09,13,0.1,15,0.1,,12,0.1,,30,0.1,,72,0,,30,0.1,30,0.1,25,0.06,10,0.1,,10,0.08,12,0.08,14,0.1,13,0.05,14,0.05,10,0.05,18,0.15,20,0.15,,,5,,5,0.08,10,0.01,20,0,5,0,13,0,18,0,20,0,28,0.15,23,0.4,,,,,15,0.05,30,0.1,15,0.05,,,,,,,,,,,,,,,,,,,,,,,,,,,,,,,,,,,,,,,,,,,,,72,0,
2003,Player/Horse/Prefabs/Horse21.prefab,202,Tử Vận Trường Linh,,,,2,0.5,38,0.1,6,0.1,20,,0,30,0.1,35,0.09,18,0.09,13,0.1,15,0.1,,12,0.1,,30,0.1,,72,0,,30,0.1,30,0.1,25,0.06,10,0.1,,10,0.08,12,0.08,14,0.1,13,0.05,14,0.05,10,0.05,18,0.15,20,0.15,,,5,,5,0.08,10,0.01,20,0,5,0,13,0,18,0,20,0,28,0.15,23,0.4,,,,,15,0.05,30,0.1,15,0.05,,,,,,,,,,,,,,,,,,,,,,,,,,,,,,,,,,,,,,,,,,,,,72,0,
2004,Player/Horse/Prefabs/Horse22.prefab,202,Ngưng Lục Hàn Yên,,,,2,0.5,38,0.1,6,0.1,20,,0,30,0.1,35,0.09,18,0.09,13,0.1,15,0.1,,12,0.1,,30,0.1,,72,0,,30,0.1,30,0.1,25,0.06,10,0.1,,10,0.08,12,0.08,14,0.1,13,0.05,14,0.05,10,0.05,18,0.15,20,0.15,,,5,,5,0.08,10,0.01,20,0,5,0,13,0,18,0,20,0,28,0.15,23,0.4,,,,,15,0.05,30,0.1,15,0.05,,,,,,,,,,,,,,,,,,,,,,,,,,,,,,,,,,,,,,,,,,,,,72,0,
2005,Player/Horse/Prefabs/Wolf02_d.prefab,203,Ngân Phong Đạp Tuyết,,,,2,0.5,38,0.1,6,0.1,20,,0,30,0.1,35,0.09,18,0.09,13,0.1,15,0.1,,12,0.1,,30,0.1,,72,0,,30,0.1,30,0.1,25,0.06,10,0.1,,10,0.08,12,0.08,14,0.1,13,0.05,14,0.05,10,0.05,18,0.15,20,0.15,,,5,,5,0.08,10,0.01,20,0,5,0,13,0,18,0,20,0,28,0.15,23,0.4,,,,,15,0.05,30,0.1,15,0.05,,,,,,,,,,,,,,,,,,,,,,,,,,,,,,,,,,,,,,,,,,,,,72,0,
2006,Player/Horse/Prefabs/Wolf02_e.prefab,203,Mặc Nhiễm Linh Hồ,,,,2,0.5,38,0.1,6,0.1,20,,0,30,0.1,35,0.09,18,0.09,13,0.1,15,0.1,,12,0.1,,30,0.1,,72,0,,30,0.1,30,0.1,25,0.06,10,0.1,,10,0.08,12,0.08,14,0.1,13,0.05,14,0.05,10,0.05,18,0.15,20,0.15,,,5,,5,0.08,10,0.01,20,0,5,0,13,0,18,0,20,0,28,0.15,23,0.4,,,,,15,0.05,30,0.1,15,0.05,,,,,,,,,,,,,,,,,,,,,,,,,,,,,,,,,,,,,,,,,,,,,72,0,
2007,Player/Horse/Prefabs/Rabbit01.prefab,,Thỏ Ngọc,,,,2,0.5,38,0.1,6,0.1,20,,0,30,0.1,35,0.09,18,0.09,13,0.1,15,0.1,,12,0.1,,30,0.1,,72,0,,30,0.1,30,0.1,25,0.06,10,0.1,,10,0.08,12,0.08,14,0.1,13,0.05,14,0.05,10,0.05,18,0.15,20,0.15,,,5,,5,0.08,10,0.01,20,0,5,0,13,0,18,0,20,0,28,0.15,23,0.4,,,,,15,0.05,30,0.1,15,0.05,,,,,,,,,,,,,,,,,,,,,,,,,,,,,,,,,,,,,,,,,,,,,72,0,
2008,Player/Horse/Prefabs/Rhinoceros01_a.prefab,203,Tê Giác 1,,,,2,0.5,38,0.1,6,0.1,20,,0,30,0.1,35,0.09,18,0.09,13,0.1,15,0.1,,12,0.1,,30,0.1,,72,0,,30,0.1,30,0.1,25,0.06,10,0.1,,10,0.08,12,0.08,14,0.1,13,0.05,14,0.05,10,0.05,18,0.15,20,0.15,,,5,,5,0.08,10,0.01,20,0,5,0,13,0,18,0,20,0,28,0.15,23,0.4,,,,,15,0.05,30,0.1,15,0.05,,,,,,,,,,,,,,,,,,,,,,,,,,,,,,,,,,,,,,,,,,,,,72,0,
2009,Player/Horse/Prefabs/Rhinoceros01_b.prefab,203,Tê Giác 2,,,,2,0.5,38,0.1,6,0.1,20,,0,30,0.1,35,0.09,18,0.09,13,0.1,15,0.1,,12,0.1,,30,0.1,,72,0,,30,0.1,30,0.1,25,0.06,10,0.1,,10,0.08,12,0.08,14,0.1,13,0.05,14,0.05,10,0.05,18,0.15,20,0.15,,,5,,5,0.08,10,0.01,20,0,5,0,13,0,18,0,20,0,28,0.15,23,0.4,,,,,15,0.05,30,0.1,15,0.05,,,,,,,,,,,,,,,,,,,,,,,,,,,,,,,,,,,,,,,,,,,,,72,0,
2010,Player/Horse/Prefabs/Rhinoceros01_c.prefab,203,Tê Giác 3,,,,2,0.5,38,0.1,6,0.1,20,,0,30,0.1,35,0.09,18,0.09,13,0.1,15,0.1,,12,0.1,,30,0.1,,72,0,,30,0.1,30,0.1,25,0.06,10,0.1,,10,0.08,12,0.08,14,0.1,13,0.05,14,0.05,10,0.05,18,0.15,20,0.15,,,5,,5,0.08,10,0.01,20,0,5,0,13,0,18,0,20,0,28,0.15,23,0.4,,,,,15,0.05,30,0.1,15,0.05,,,,,,,,,,,,,,,,,,,,,,,,,,,,,,,,,,,,,,,,,,,,,72,0,
2011,Player/Horse/Prefabs/Sled01.prefab,,Xe Trượt Tuyết,,,,2,0.5,38,0.1,6,0.1,20,,0,30,0.1,35,0.09,18,0.09,13,0.1,15,0.1,,12,0.1,,30,0.1,,72,0,10274,30,0.1,30,0.1,25,0.06,10,0.1,,10,0.08,12,0.08,14,0.1,13,0.05,14,0.05,10,0.05,18,0.15,20,0.15,,,5,,5,0.08,10,0.01,20,0,5,0,13,0,18,0,20,0,28,0.15,23,0.4,,,,,15,0.05,30,0.1,15,0.05,,,,,,,,,,,,,,,,,,,,,,,,,,,,,,,,,,,,,,,,,,,,,72,0,10274
2012,Player/Horse/Prefabs/Alpaca02_b.prefab,,Hắc Dương Đà,,,,2,0.5,38,0.1,6,0.1,20,,0,30,0.1,35,0.09,18,0.09,13,0.1,15,0.1,,12,0.1,,30,0.1,,72,0,,30,0.1,30,0.1,25,0.06,10,0.1,,10,0.08,12,0.08,14,0.1,13,0.05,14,0.05,10,0.05,18,0.15,20,0.15,,,5,,5,0.08,10,0.01,20,0,5,0,13,0,18,0,20,0,28,0.15,23,0.4,,,,,15,0.05,30,0.1,15,0.05,,,,,,,,,,,,,,,,,,,,,,,,,,,,,,,,,,,,,,,,,,,,,72,0,
2013,Player/Horse/Prefabs/Alpaca03_b.prefab,,Bạch Dương Đà,,,,2,0.5,38,0.1,6,0.1,20,,0,30,0.1,35,0.09,18,0.09,13,0.1,15,0.1,,12,0.1,,30,0.1,,72,0,,30,0.1,30,0.1,25,0.06,10,0.1,,10,0.08,12,0.08,14,0.1,13,0.05,14,0.05,10,0.05,18,0.15,20,0.15,,,5,,5,0.08,10,0.01,20,0,5,0,13,0,18,0,20,0,28,0.15,23,0.4,,,,,15,0.05,30,0.1,15,0.05,,,,,,,,,,,,,,,,,,,,,,,,,,,,,,,,,,,,,,,,,,,,,72,0,
2014,Player/Horse/Prefabs/Tiger01_d.prefab,,Bạch Hổ,,,,2,0.5,38,0.1,6,0.1,20,,0,30,0.1,35,0.09,18,0.09,13,0.1,15,0.1,,12,0.1,,30,0.1,,72,0,,30,0.1,30,0.1,25,0.06,10,0.1,,10,0.08,12,0.08,14,0.1,13,0.05,14,0.05,10,0.05,18,0.15,20,0.15,,,5,,5,0.08,10,0.01,20,0,5,0,13,0,18,0,20,0,28,0.15,23,0.4,,,,,15,0.05,30,0.1,15,0.05,,,,,,,,,,,,,,,,,,,,,,,,,,,,,,,,,,,,,,,,,,,,,72,0,
2015,Player/Horse/Prefabs/phoenix01_b.prefab,205,Phượng Hoàng,,,,2,0.5,38,0.1,6,0.1,20,,0,30,0.1,35,0.09,18,0.09,13,0.1,15,0.1,,12,0.1,,30,0.1,,72,0,,30,0.1,30,0.1,25,0.06,10,0.1,,10,0.08,12,0.08,14,0.1,13,0.05,14,0.05,10,0.05,18,0.15,20,0.15,,,5,,5,0.08,10,0.01,20,0,5,0,13,0,18,0,20,0,28,0.15,23,0.4,,,,,15,0.05,30,0.1,15,0.05,,,,,,,,,,,,,,,,,,,,,,,,,,,,,,,,,,,,,,,,,,,,,72,0,
2016,Player/Horse/Prefabs/Chair03.prefab,205,Gấu Trúc,,,,2,0.5,38,0.1,6,0.1,20,,0,30,0.1,35,0.09,18,0.09,13,0.1,15,0.1,,12,0.1,,30,0.1,,72,0,,30,0.1,30,0.1,25,0.06,10,0.1,,10,0.08,12,0.08,14,0.1,13,0.05,14,0.05,10,0.05,18,0.15,20,0.15,,,5,,5,0.08,10,0.01,20,0,5,0,13,0,18,0,20,0,28,0.15,23,0.4,,,,,15,0.05,30,0.1,15,0.05,,,,,,,,,,,,,,,,,,,,,,,,,,,,,,,,,,,,,,,,,,,,,72,0,
2017,Player/Horse/Prefabs/Horse23.prefab,,Tiểu Mã,,,,2,0.5,38,0.1,6,0.1,20,,0,30,0.1,35,0.09,18,0.09,13,0.1,15,0.1,,12,0.1,,30,0.1,,72,0,,30,0.1,30,0.1,25,0.06,10,0.1,,10,0.08,12,0.08,14,0.1,13,0.05,14,0.05,10,0.05,18,0.15,20,0.15,,,5,,5,0.08,10,0.01,20,0,5,0,13,0,18,0,20,0,28,0.15,23,0.4,,,,,15,0.05,30,0.1,15,0.05,,,,,,,,,,,,,,,,,,,,,,,,,,,,,,,,,,,,,,,,,,,,,72,0,
2018,Player/Horse/Prefabs/Rabbit02_b.prefab,,Nguyệt Quế Phấn Thố,,,,2,0.5,38,0.1,6,0.1,20,,0,30,0.1,35,0.09,18,0.09,13,0.1,15,0.1,,12,0.1,,30,0.1,,72,0,,30,0.1,30,0.1,25,0.06,10,0.1,,10,0.08,12,0.08,14,0.1,13,0.05,14,0.05,10,0.05,18,0.15,20,0.15,,,5,,5,0.08,10,0.01,20,0,5,0,13,0,18,0,20,0,28,0.15,23,0.4,,,,,15,0.05,30,0.1,15,0.05,,,,,,,,,,,,,,,,,,,,,,,,,,,,,,,,,,,,,,,,,,,,,72,0,
2019,Player/Horse/Prefabs/Sled02_b.prefab,,Cửu Sắc Hoa Giá,,,,2,0.5,38,0.1,6,0.1,20,,0,30,0.1,35,0.09,18,0.09,13,0.1,15,0.1,,12,0.1,,30,0.1,,72,0,,30,0.1,30,0.1,25,0.06,10,0.1,,10,0.08,12,0.08,14,0.1,13,0.05,14,0.05,10,0.05,18,0.15,20,0.15,,,5,,5,0.08,10,0.01,20,0,5,0,13,0,18,0,20,0,28,0.15,23,0.4,,,,,15,0.05,30,0.1,15,0.05,,,,,,,,,,,,,,,,,,,,,,,,,,,,,,,,,,,,,,,,,,,,,72,0,
2020,Player/Horse/Prefabs/Sled03_b.prefab,,Phấn Lộc Manh Xa,,,,2,0.5,38,0.1,6,0.1,20,,0,30,0.1,35,0.09,18,0.09,13,0.1,15,0.1,,12,0.1,,30,0.1,,72,0,,30,0.1,30,0.1,25,0.06,10,0.1,,10,0.08,12,0.08,14,0.1,13,0.05,14,0.05,10,0.05,18,0.15,20,0.15,,,5,,5,0.08,10,0.01,20,0,5,0,13,0,18,0,20,0,28,0.15,23,0.4,,,,,15,0.05,30,0.1,15,0.05,,,,,,,,,,,,,,,,,,,,,,,,,,,,,,,,,,,,,,,,,,,,,72,0,
2021,Player/Horse/Prefabs/Rabbit03_b.prefab,,Hồng Tuyến Tiên Giá,,,,2,0.5,38,0.1,6,0.1,20,,0,30,0.1,35,0.09,18,0.09,13,0.1,15,0.1,,12,0.1,,30,0.1,,72,0,,30,0.1,30,0.1,25,0.06,10,0.1,,10,0.08,12,0.08,14,0.1,13,0.05,14,0.05,10,0.05,18,0.15,20,0.15,,,5,,5,0.08,10,0.01,20,0,5,0,13,0,18,0,20,0,28,0.15,23,0.4,,,,,15,0.05,30,0.1,15,0.05,,,,,,,,,,,,,,,,,,,,,,,,,,,,,,,,,,,,,,,,,,,,,72,0,
2022,Player/Horse/Prefabs/Rabbit01_a.prefab,,Nguyệt Cung Vân Xa,,,,2,0.5,38,0.1,6,0.1,20,,0,30,0.1,35,0.09,18,0.09,13,0.1,15,0.1,,12,0.1,,30,0.1,,72,0,,30,0.1,30,0.1,25,0.06,10,0.1,,10,0.08,12,0.08,14,0.1,13,0.05,14,0.05,10,0.05,18,0.15,20,0.15,,,5,,5,0.08,10,0.01,20,0,5,0,13,0,18,0,20,0,28,0.15,23,0.4,,,,,15,0.05,30,0.1,15,0.05,,,,,,,,,,,,,,,,,,,,,,,,,,,,,,,,,,,,,,,,,,,,,72,0,
2023,Player/Horse/Prefabs/Horse15_b_02.prefab,,Ngự Phong Linh Lộc,,,,2,0.5,38,0.1,6,0.1,20,,0,30,0.1,35,0.09,18,0.09,13,0.1,15,0.1,,12,0.1,,30,0.1,,72,0,,30,0.1,30,0.1,25,0.06,10,0.1,,10,0.08,12,0.08,14,0.1,13,0.05,14,0.05,10,0.05,18,0.15,20,0.15,,,5,,5,0.08,10,0.01,20,0,5,0,13,0,18,0,20,0,28,0.15,23,0.4,,,,,15,0.05,30,0.1,15,0.05,,,,,,,,,,,,,,,,,,,,,,,,,,,,,,,,,,,,,,,,,,,,,72,0,
2024,Player/Horse/Prefabs/Wolf05.prefab,,Kim Giáp Huyền Lang,,,,2,0.5,38,0.1,6,0.1,20,,0,30,0.1,35,0.09,18,0.09,13,0.1,15,0.1,,12,0.1,,30,0.1,,72,0,,30,0.1,30,0.1,25,0.06,10,0.1,,10,0.08,12,0.08,14,0.1,13,0.05,14,0.05,10,0.05,18,0.15,20,0.15,,,5,,5,0.08,10,0.01,20,0,5,0,13,0,18,0,20,0,28,0.15,23,0.4,,,,,15,0.05,30,0.1,15,0.05,,,,,,,,,,,,,,,,,,,,,,,,,,,,,,,,,,,,,,,,,,,,,72,0,
2025,Player/Horse/Prefabs/Crane01.prefab,,Hạc Truy Mai Hương,,,,2,0.5,38,0.1,6,0.1,20,,0,30,0.1,35,0.09,18,0.09,13,0.1,15,0.1,,12,0.1,,30,0.1,,72,0,,30,0.1,30,0.1,25,0.06,10,0.1,,10,0.08,12,0.08,14,0.1,13,0.05,14,0.05,10,0.05,18,0.15,20,0.15,,,5,,5,0.08,10,0.01,20,0,5,0,13,0,18,0,20,0,28,0.15,23,0.4,,,,,15,0.05,30,0.1,15,0.05,,,,,,,,,,,,,,,,,,,,,,,,,,,,,,,,,,,,,,,,,,,,,72,0,
2026,Player/Horse/Prefabs/Crane01_c.prefab,,Ngọc Hạc Hàm Xuân,,,,2,0.5,38,0.1,6,0.1,20,,0,30,0.1,35,0.09,18,0.09,13,0.1,15,0.1,,12,0.1,,30,0.1,,72,0,,30,0.1,30,0.1,25,0.06,10,0.1,,10,0.08,12,0.08,14,0.1,13,0.05,14,0.05,10,0.05,18,0.15,20,0.15,,,5,,5,0.08,10,0.01,20,0,5,0,13,0,18,0,20,0,28,0.15,23,0.4,,,,,15,0.05,30,0.1,15,0.05,,,,,,,,,,,,,,,,,,,,,,,,,,,,,,,,,,,,,,,,,,,,,72,0,
2027,Player/Horse/Prefabs/Lion01.prefab,,Sư Tử,,,,2,0.5,38,0.1,6,0.1,20,,0,30,0.1,35,0.09,18,0.09,13,0.1,15,0.1,,12,0.1,,30,0.1,,72,0,,30,0.1,30,0.1,25,0.06,10,0.1,,10,0.08,12,0.08,14,0.1,13,0.05,14,0.05,10,0.05,18,0.15,20,0.15,,,5,,5,0.08,10,0.01,20,0,5,0,13,0,18,0,20,0,28,0.15,23,0.4,,,,,15,0.05,30,0.1,15,0.05,,,,,,,,,,,,,,,,,,,,,,,,,,,,,,,,,,,,,,,,,,,,,72,0,
2028,Player/Horse/Prefabs/Goldfish01_b.prefab,203,Ngư,,,,2,0.5,38,0.1,6,0.1,20,,0,30,0.1,35,0.09,18,0.09,13,0.1,15,0.1,,12,0.1,,30,0.1,,72,0,,30,0.1,30,0.1,25,0.06,10,0.1,,10,0.08,12,0.08,14,0.1,13,0.05,14,0.05,10,0.05,18,0.15,20,0.15,,,5,,5,0.08,10,0.01,20,0,5,0,13,0,18,0,20,0,28,0.15,23,0.4,,,,,15,0.05,30,0.1,15,0.05,,,,,,,,,,,,,,,,,,,,,,,,,,,,,,,,,,,,,,,,,,,,,72,0,
2029,Player/Horse/Prefabs/Cattle01_a.prefab,202,Kim Mao Ngưu,,,,2,0.5,38,0.1,6,0.1,20,,0,30,0.1,35,0.09,18,0.09,13,0.1,15,0.1,,12,0.1,,30,0.1,,72,0,,30,0.1,30,0.1,25,0.06,10,0.1,,10,0.08,12,0.08,14,0.1,13,0.05,14,0.05,10,0.05,18,0.15,20,0.15,,,5,,5,0.08,10,0.01,20,0,5,0,13,0,18,0,20,0,28,0.15,23,0.4,,,,,15,0.05,30,0.1,15,0.05,,,,,,,,,,,,,,,,,,,,,,,,,,,,,,,,,,,,,,,,,,,,,72,0,
2030,Player/Horse/Prefabs/Horse24_b.prefab,204,Cửu Sắc Lộc,,,,2,0.5,38,0.1,6,0.1,20,,0,30,0.1,35,0.09,18,0.09,13,0.1,15,0.1,,12,0.1,,30,0.1,,72,0,,30,0.1,30,0.1,25,0.06,10,0.1,,10,0.08,12,0.08,14,0.1,13,0.05,14,0.05,10,0.05,18,0.15,20,0.15,,,5,,5,0.08,10,0.01,20,0,5,0,13,0,18,0,20,0,28,0.15,23,0.4,,,,,15,0.05,30,0.1,15,0.05,,,,,,,,,,,,,,,,,,,,,,,,,,,,,,,,,,,,,,,,,,,,,72,0,
2031,Player/Horse/Prefabs/Tiger02.prefab,,Toàn Cơ Thiên Nhai,,,,2,0.5,38,0.1,6,0.1,20,,0,30,0.1,35,0.09,18,0.09,13,0.1,15,0.1,,12,0.1,,30,0.1,,72,0,,30,0.1,30,0.1,25,0.06,10,0.1,,10,0.08,12,0.08,14,0.1,13,0.05,14,0.05,10,0.05,18,0.15,20,0.15,,,5,,5,0.08,10,0.01,20,0,5,0,13,0,18,0,20,0,28,0.15,23,0.4,,,,,15,0.05,30,0.1,15,0.05,,,,,,,,,,,,,,,,,,,,,,,,,,,,,,,,,,,,,,,,,,,,,72,0,
2032,Player/Horse/Prefabs/Bear02.prefab,202,Trục Lộc Phong Hoa,,,,2,0.5,38,0.1,6,0.1,20,,0,30,0.1,35,0.09,18,0.09,13,0.1,15,0.1,,12,0.1,,30,0.1,,72,0,,30,0.1,30,0.1,25,0.06,10,0.1,,10,0.08,12,0.08,14,0.1,13,0.05,14,0.05,10,0.05,18,0.15,20,0.15,,,5,,5,0.08,10,0.01,20,0,5,0,13,0,18,0,20,0,28,0.15,23,0.4,,,,,15,0.05,30,0.1,15,0.05,,,,,,,,,,,,,,,,,,,,,,,,,,,,,,,,,,,,,,,,,,,,,72,0,
2033,Player/Horse/Prefabs/Balloon01_b.prefab,202,Trục Lộc Phong Hoa,,,,2,0.5,38,0.1,6,0.1,20,,0,30,0.1,35,0.09,18,0.09,13,0.1,15,0.1,,12,0.1,,30,0.1,,72,0,,30,0.1,30,0.1,25,0.06,10,0.1,,10,0.08,12,0.08,14,0.1,13,0.05,14,0.05,10,0.05,18,0.15,20,0.15,,,5,,5,0.08,10,0.01,20,0,5,0,13,0,18,0,20,0,28,0.15,23,0.4,,,,,15,0.05,30,0.1,15,0.05,,,,,,,,,,,,,,,,,,,,,,,,,,,,,,,,,,,,,,,,,,,,,72,0,
2034,Player/Horse/Prefabs/Tiger001_e.prefab,,Bạch Hổ,,,,2,0.5,38,0.1,6,0.1,20,,0,30,0.1,35,0.09,18,0.09,13,0.1,15,0.1,,12,0.1,,30,0.1,,72,0,,30,0.1,30,0.1,25,0.06,10,0.1,,10,0.08,12,0.08,14,0.1,13,0.05,14,0.05,10,0.05,18,0.15,20,0.15,,,5,,5,0.08,10,0.01,20,0,5,0,13,0,18,0,20,0,28,0.15,23,0.4,,,,,15,0.05,30,0.1,15,0.05,,,,,,,,,,,,,,,,,,,,,,,,,,,,,,,,,,,,,,,,,,,,,72,0,
2035,Player/Horse/Prefabs/Balloon01_b.prefab,204,Bóng Bay,,,,2,0.5,38,0.1,6,0.1,20,,0,30,0.1,35,0.09,18,0.09,13,0.1,15,0.1,,12,0.1,,30,0.1,,72,0,,30,0.1,30,0.1,25,0.06,10,0.1,,10,0.08,12,0.08,14,0.1,13,0.05,14,0.05,10,0.05,18,0.15,20,0.15,,,5,,5,0.08,10,0.01,20,0,5,0,13,0,18,0,20,0,28,0.15,23,0.4,,,,,15,0.05,30,0.1,15,0.05,,,,,,,,,,,,,,,,,,,,,,,,,,,,,,,,,,,,,,,,,,,,,72,0,
2036,Player/Horse/Prefabs/Butterfly01_c.prefab,204,Bươm Bướm,,,,2,0.5,38,0.1,6,0.1,20,,0,30,0.1,35,0.09,18,0.09,13,0.1,15,0.1,,12,0.1,,30,0.1,,72,0,,30,0.1,30,0.1,25,0.06,10,0.1,,10,0.08,12,0.08,14,0.1,13,0.05,14,0.05,10,0.05,18,0.15,20,0.15,,,5,,5,0.08,10,0.01,20,0,5,0,13,0,18,0,20,0,28,0.15,23,0.4,,,,,15,0.05,30,0.1,15,0.05,,,,,,,,,,,,,,,,,,,,,,,,,,,,,,,,,,,,,,,,,,,,,72,0,
2037,Player/Horse/Prefabs/Horse16_c.prefab,,Thích Kim-Xích Tiêu Linh Lộc,,,,2,0.5,38,0.1,6,0.1,20,,0,30,0.1,35,0.09,18,0.09,13,0.1,15,0.1,,12,0.1,,30,0.1,,72,0,,30,0.1,30,0.1,25,0.06,10,0.1,,10,0.08,12,0.08,14,0.1,13,0.05,14,0.05,10,0.05,18,0.15,20,0.15,,,5,,5,0.08,10,0.01,20,0,5,0,13,0,18,0,20,0,28,0.15,23,0.4,,,,,15,0.05,30,0.1,15,0.05,,,,,,,,,,,,,,,,,,,,,,,,,,,,,,,,,,,,,,,,,,,,,72,0,
2038,Player/Horse/Prefabs/Goldfish01_d.prefab,203,Thủy Mặc Sinh Lý,,,,2,0.5,38,0.1,6,0.1,20,,0,30,0.1,35,0.09,18,0.09,13,0.1,15,0.1,,12,0.1,,30,0.1,,72,0,,30,0.1,30,0.1,25,0.06,10,0.1,,10,0.08,12,0.08,14,0.1,13,0.05,14,0.05,10,0.05,18,0.15,20,0.15,,,5,,5,0.08,10,0.01,20,0,5,0,13,0,18,0,20,0,28,0.15,23,0.4,,,,,15,0.05,30,0.1,15,0.05,,,,,,,,,,,,,,,,,,,,,,,,,,,,,,,,,,,,,,,,,,,,,72,0,
2039,Player/Horse/Prefabs/Goldfish01_e.prefab,203,Tiên Âm Cẩm Lý,,,,2,0.5,38,0.1,6,0.1,20,,0,30,0.1,35,0.09,18,0.09,13,0.1,15,0.1,,12,0.1,,30,0.1,,72,0,,30,0.1,30,0.1,25,0.06,10,0.1,,10,0.08,12,0.08,14,0.1,13,0.05,14,0.05,10,0.05,18,0.15,20,0.15,,,5,,5,0.08,10,0.01,20,0,5,0,13,0,18,0,20,0,28,0.15,23,0.4,,,,,15,0.05,30,0.1,15,0.05,,,,,,,,,,,,,,,,,,,,,,,,,,,,,,,,,,,,,,,,,,,,,72,0,
2040,Player/Horse/Prefabs/Horse24_c.prefab,204,Khinh Lạc Linh Lộc,,,,2,0.5,38,0.1,6,0.1,20,,0,30,0.1,35,0.09,18,0.09,13,0.1,15,0.1,,12,0.1,,30,0.1,,72,0,,30,0.1,30,0.1,25,0.06,10,0.1,,10,0.08,12,0.08,14,0.1,13,0.05,14,0.05,10,0.05,18,0.15,20,0.15,,,5,,5,0.08,10,0.01,20,0,5,0,13,0,18,0,20,0,28,0.15,23,0.4,,,,,15,0.05,30,0.1,15,0.05,,,,,,,,,,,,,,,,,,,,,,,,,,,,,,,,,,,,,,,,,,,,,72,0,
2041,Player/Horse/Prefabs/Sled01_b.prefab,,Âm Vận Thanh Giá,,,,2,0.5,38,0.1,6,0.1,20,,0,30,0.1,35,0.09,18,0.09,13,0.1,15,0.1,,12,0.1,,30,0.1,,72,0,,30,0.1,30,0.1,25,0.06,10,0.1,,10,0.08,12,0.08,14,0.1,13,0.05,14,0.05,10,0.05,18,0.15,20,0.15,,,5,,5,0.08,10,0.01,20,0,5,0,13,0,18,0,20,0,28,0.15,23,0.4,,,,,15,0.05,30,0.1,15,0.05,,,,,,,,,,,,,,,,,,,,,,,,,,,,,,,,,,,,,,,,,,,,,72,0,
2042,Player/Horse/Prefabs/Horse15_c.prefab,,Nguyệt Ca Tiên Lộc,,,,2,0.5,38,0.1,6,0.1,20,,0,30,0.1,35,0.09,18,0.09,13,0.1,15,0.1,,12,0.1,,30,0.1,,72,0,,30,0.1,30,0.1,25,0.06,10,0.1,,10,0.08,12,0.08,14,0.1,13,0.05,14,0.05,10,0.05,18,0.15,20,0.15,,,5,,5,0.08,10,0.01,20,0,5,0,13,0,18,0,20,0,28,0.15,23,0.4,,,,,15,0.05,30,0.1,15,0.05,,,,,,,,,,,,,,,,,,,,,,,,,,,,,,,,,,,,,,,,,,,,,72,0,
2043,Player/Horse/Prefabs/Kylin01.prefab,203,Kỳ Lân,,,,2,0.5,38,0.1,6,0.1,20,,0,30,0.1,35,0.09,18,0.09,13,0.1,15,0.1,,12,0.1,,30,0.1,,72,0,,30,0.1,30,0.1,25,0.06,10,0.1,,10,0.08,12,0.08,14,0.1,13,0.05,14,0.05,10,0.05,18,0.15,20,0.15,,,5,,5,0.08,10,0.01,20,0,5,0,13,0,18,0,20,0,28,0.15,23,0.4,,,,,15,0.05,30,0.1,15,0.05,,,,,,,,,,,,,,,,,,,,,,,,,,,,,,,,,,,,,,,,,,,,,72,0,
2044,Player/Horse/Prefabs/Alpaca01_c.prefab,,Lãm Tinh,,,,2,0.5,38,0.1,6,0.1,20,,0,30,0.1,35,0.09,18,0.09,13,0.1,15,0.1,,12,0.1,,30,0.1,,72,0,,30,0.1,30,0.1,25,0.06,10,0.1,,10,0.08,12,0.08,14,0.1,13,0.05,14,0.05,10,0.05,18,0.15,20,0.15,,,5,,5,0.08,10,0.01,20,0,5,0,13,0,18,0,20,0,28,0.15,23,0.4,,,,,15,0.05,30,0.1,15,0.05,,,,,,,,,,,,,,,,,,,,,,,,,,,,,,,,,,,,,,,,,,,,,72,0,
2045,Player/Horse/Prefabs/Line001.prefab,,Ngựa Gỗ,,,,2,0.5,38,0.1,6,0.1,20,,0,30,0.1,35,0.09,18,0.09,13,0.1,15,0.1,,12,0.1,,30,0.1,,72,0,,30,0.1,30,0.1,25,0.06,10,0.1,,10,0.08,12,0.08,14,0.1,13,0.05,14,0.05,10,0.05,18,0.15,20,0.15,,,5,,5,0.08,10,0.01,20,0,5,0,13,0,18,0,20,0,28,0.15,23,0.4,,,,,15,0.05,30,0.1,15,0.05,,,,,,,,,,,,,,,,,,,,,,,,,,,,,,,,,,,,,,,,,,,,,72,0,
2046,Player/Horse/Prefabs/Carriage01.prefab,204,Xe Ngựa Đôi,,,,2,0.5,38,0.1,6,0.1,20,,0,30,0.1,35,0.09,18,0.09,13,0.1,15,0.1,,12,0.1,,30,0.1,,72,0,,30,0.1,30,0.1,25,0.06,10,0.1,,10,0.08,12,0.08,14,0.1,13,0.05,14,0.05,10,0.05,18,0.15,20,0.15,,,5,,5,0.08,10,0.01,20,0,5,0,13,0,18,0,20,0,28,0.15,23,0.4,,,,,15,0.05,30,0.1,15,0.05,,,,,,,,,,,,,,,,,,,,,,,,,,,,,,,,,,,,,,,,,,,,,72,0,
2047,Player/Horse/Prefabs/Fox01.prefab,203,Cửu Vĩ Hồ,,,,2,0.5,38,0.1,6,0.1,20,,0,30,0.1,35,0.09,18,0.09,13,0.1,15,0.1,,12,0.1,,30,0.1,,72,0,,30,0.1,30,0.1,25,0.06,10,0.1,,10,0.08,12,0.08,14,0.1,13,0.05,14,0.05,10,0.05,18,0.15,20,0.15,,,5,,5,0.08,10,0.01,20,0,5,0,13,0,18,0,20,0,28,0.15,23,0.4,,,,,15,0.05,30,0.1,15,0.05,,,,,,,,,,,,,,,,,,,,,,,,,,,,,,,,,,,,,,,,,,,,,72,0,
2048,Player/Horse/Prefabs/Rabbit04.prefab,,Tay Thỏ,,,,2,0.5,38,0.1,6,0.1,20,,0,30,0.1,35,0.09,18,0.09,13,0.1,15,0.1,,12,0.1,,30,0.1,,72,0,,30,0.1,30,0.1,25,0.06,10,0.1,,10,0.08,12,0.08,14,0.1,13,0.05,14,0.05,10,0.05,18,0.15,20,0.15,,,5,,5,0.08,10,0.01,20,0,5,0,13,0,18,0,20,0,28,0.15,23,0.4,,,,,15,0.05,30,0.1,15,0.05,,,,,,,,,,,,,,,,,,,,,,,,,,,,,,,,,,,,,,,,,,,,,72,0,
2049,Player/Horse/Prefabs/Lion01_1.prefab,,Sư Tử Bạc Màu ,,,,2,0.5,38,0.1,6,0.1,20,,0,30,0.1,35,0.09,18,0.09,13,0.1,15,0.1,,12,0.1,,30,0.1,,72,0,,30,0.1,30,0.1,25,0.06,10,0.1,,10,0.08,12,0.08,14,0.1,13,0.05,14,0.05,10,0.05,18,0.15,20,0.15,,,5,,5,0.08,10,0.01,20,0,5,0,13,0,18,0,20,0,28,0.15,23,0.4,,,,,15,0.05,30,0.1,15,0.05,,,,,,,,,,,,,,,,,,,,,,,,,,,,,,,,,,,,,,,,,,,,,72,0,
2050,Player/Horse/Prefabs/Watermeloncart01.prefab,,Xe Hamster,,,,2,0.5,38,0.1,6,0.1,20,,0,30,0.1,35,0.09,18,0.09,13,0.1,15,0.1,,12,0.1,,30,0.1,,72,0,,30,0.1,30,0.1,25,0.06,10,0.1,,10,0.08,12,0.08,14,0.1,13,0.05,14,0.05,10,0.05,18,0.15,20,0.15,,,5,,5,0.08,10,0.01,20,0,5,0,13,0,18,0,20,0,28,0.15,23,0.4,,,,,15,0.05,30,0.1,15,0.05,,,,,,,,,,,,,,,,,,,,,,,,,,,,,,,,,,,,,,,,,,,,,72,0,
2051,Player/Horse/Prefabs/Alpaca04.prefab,,Mộng Đôn Hoàng,,,,2,0.5,38,0.1,6,0.1,20,,0,30,0.1,35,0.09,18,0.09,13,0.1,15,0.1,,12,0.1,,30,0.1,,72,0,,30,0.1,30,0.1,25,0.06,10,0.1,,10,0.08,12,0.08,14,0.1,13,0.05,14,0.05,10,0.05,18,0.15,20,0.15,,,5,,5,0.08,10,0.01,20,0,5,0,13,0,18,0,20,0,28,0.15,23,0.4,,,,,15,0.05,30,0.1,15,0.05,,,,,,,,,,,,,,,,,,,,,,,,,,,,,,,,,,,,,,,,,,,,,72,0,
2052,Player/Horse/Prefabs/painting01.prefab,203,Thanh Ải Quyển Vân,,,,2,0.5,38,0.1,6,0.1,20,,0,30,0.1,35,0.09,18,0.09,13,0.1,15,0.1,,12,0.1,,30,0.1,,72,0,,30,0.1,30,0.1,25,0.06,10,0.1,,10,0.08,12,0.08,14,0.1,13,0.05,14,0.05,10,0.05,18,0.15,20,0.15,,,5,,5,0.08,10,0.01,20,0,5,0,13,0,18,0,20,0,28,0.15,23,0.4,,,,,15,0.05,30,0.1,15,0.05,,,,,,,,,,,,,,,,,,,,,,,,,,,,,,,,,,,,,,,,,,,,,72,0,
2053,Player/Horse/Prefabs/Carriage01_a.prefab,204,Bạch Câu Quá Khách,,,,2,0.5,38,0.1,6,0.1,20,,0,30,0.1,35,0.09,18,0.09,13,0.1,15,0.1,,12,0.1,,30,0.1,,72,0,,30,0.1,30,0.1,25,0.06,10,0.1,,10,0.08,12,0.08,14,0.1,13,0.05,14,0.05,10,0.05,18,0.15,20,0.15,,,5,,5,0.08,10,0.01,20,0,5,0,13,0,18,0,20,0,28,0.15,23,0.4,,,,,15,0.05,30,0.1,15,0.05,,,,,,,,,,,,,,,,,,,,,,,,,,,,,,,,,,,,,,,,,,,,,72,0,
2054,Player/Horse/Prefabs/Tiger001_f.prefab,,Hắc Diệu Thiên Hổ,,,,2,0.5,38,0.1,6,0.1,20,,0,30,0.1,35,0.09,18,0.09,13,0.1,15,0.1,,12,0.1,,30,0.1,,72,0,,30,0.1,30,0.1,25,0.06,10,0.1,,10,0.08,12,0.08,14,0.1,13,0.05,14,0.05,10,0.05,18,0.15,20,0.15,,,5,,5,0.08,10,0.01,20,0,5,0,13,0,18,0,20,0,28,0.15,23,0.4,,,,,15,0.05,30,0.1,15,0.05,,,,,,,,,,,,,,,,,,,,,,,,,,,,,,,,,,,,,,,,,,,,,72,0,
2055,Player/Horse/Prefabs/Rhinoceros01_d.prefab,203,Giảo Tê Vọng Nguyệt,,,,2,0.5,38,0.1,6,0.1,20,,0,30,0.1,35,0.09,18,0.09,13,0.1,15,0.1,,12,0.1,,30,0.1,,72,0,,30,0.1,30,0.1,25,0.06,10,0.1,,10,0.08,12,0.08,14,0.1,13,0.05,14,0.05,10,0.05,18,0.15,20,0.15,,,5,,5,0.08,10,0.01,20,0,5,0,13,0,18,0,20,0,28,0.15,23,0.4,,,,,15,0.05,30,0.1,15,0.05,,,,,,,,,,,,,,,,,,,,,,,,,,,,,,,,,,,,,,,,,,,,,72,0,
2056,Player/Horse/Prefabs/Wolf05_a.prefab,,Dục Hỏa Chiến Lang,,,,2,0.5,38,0.1,6,0.1,20,,0,30,0.1,35,0.09,18,0.09,13,0.1,15,0.1,,12,0.1,,30,0.1,,72,0,,30,0.1,30,0.1,25,0.06,10,0.1,,10,0.08,12,0.08,14,0.1,13,0.05,14,0.05,10,0.05,18,0.15,20,0.15,,,5,,5,0.08,10,0.01,20,0,5,0,13,0,18,0,20,0,28,0.15,23,0.4,,,,,15,0.05,30,0.1,15,0.05,,,,,,,,,,,,,,,,,,,,,,,,,,,,,,,,,,,,,,,,,,,,,72,0,
2057,Player/Horse/Prefabs/Butterfly01_d.prefab,204,Ảo Mộng Tiên Điệp,,,,2,0.5,38,0.1,6,0.1,20,,0,30,0.1,35,0.09,18,0.09,13,0.1,15,0.1,,12,0.1,,30,0.1,,72,0,,30,0.1,30,0.1,25,0.06,10,0.1,,10,0.08,12,0.08,14,0.1,13,0.05,14,0.05,10,0.05,18,0.15,20,0.15,,,5,,5,0.08,10,0.01,20,0,5,0,13,0,18,0,20,0,28,0.15,23,0.4,,,,,15,0.05,30,0.1,15,0.05,,,,,,,,,,,,,,,,,,,,,,,,,,,,,,,,,,,,,,,,,,,,,72,0,
2058,Player/Horse/Prefabs/palanquin01.prefab,204,Kiệu Đôi Hai Người,,,,2,0.5,38,0.1,6,0.1,20,,0,30,0.1,35,0.09,18,0.09,13,0.1,15,0.1,,12,0.1,,30,0.1,,72,0,,30,0.1,30,0.1,25,0.06,10,0.1,,10,0.08,12,0.08,14,0.1,13,0.05,14,0.05,10,0.05,18,0.15,20,0.15,,,5,,5,0.08,10,0.01,20,0,5,0,13,0,18,0,20,0,28,0.15,23,0.4,,,,,15,0.05,30,0.1,15,0.05,,,,,,,,,,,,,,,,,,,,,,,,,,,,,,,,,,,,,,,,,,,,,72,0,
2059,Player/Horse/Prefabs/elephant01_c.prefab,202,Ô Kim Hiến Thụy,,,,2,0.5,38,0.1,6,0.1,20,,0,30,0.1,35,0.09,18,0.09,13,0.1,15,0.1,,12,0.1,,30,0.1,,72,0,,30,0.1,30,0.1,25,0.06,10,0.1,,10,0.08,12,0.08,14,0.1,13,0.05,14,0.05,10,0.05,18,0.15,20,0.15,,,5,,5,0.08,10,0.01,20,0,5,0,13,0,18,0,20,0,28,0.15,23,0.4,,,,,15,0.05,30,0.1,15,0.05,,,,,,,,,,,,,,,,,,,,,,,,,,,,,,,,,,,,,,,,,,,,,72,0,
2060,Player/Horse/Prefabs/Kylin02.prefab,203,Tử Tiêu Toan Nghê,,,,2,0.5,38,0.1,6,0.1,20,,0,30,0.1,35,0.09,18,0.09,13,0.1,15,0.1,,12,0.1,,30,0.1,,72,0,,30,0.1,30,0.1,25,0.06,10,0.1,,10,0.08,12,0.08,14,0.1,13,0.05,14,0.05,10,0.05,18,0.15,20,0.15,,,5,,5,0.08,10,0.01,20,0,5,0,13,0,18,0,20,0,28,0.15,23,0.4,,,,,15,0.05,30,0.1,15,0.05,,,,,,,,,,,,,,,,,,,,,,,,,,,,,,,,,,,,,,,,,,,,,72,0,
2061,Player/Horse/Prefabs/Kylin03.prefab,203,Thanh Trạch Toan Nghê,,,,2,0.5,38,0.1,6,0.1,20,,0,30,0.1,35,0.09,18,0.09,13,0.1,15,0.1,,12,0.1,,30,0.1,,72,0,,30,0.1,30,0.1,25,0.06,10,0.1,,10,0.08,12,0.08,14,0.1,13,0.05,14,0.05,10,0.05,18,0.15,20,0.15,,,5,,5,0.08,10,0.01,20,0,5,0,13,0,18,0,20,0,28,0.15,23,0.4,,,,,15,0.05,30,0.1,15,0.05,,,,,,,,,,,,,,,,,,,,,,,,,,,,,,,,,,,,,,,,,,,,,72,0,
2062,Player/Horse/Prefabs/Fox02.prefab,203,U Mị Linh Hồ,,,,2,0.5,38,0.1,6,0.1,20,,0,30,0.1,35,0.09,18,0.09,13,0.1,15,0.1,,12,0.1,,30,0.1,,72,0,,30,0.1,30,0.1,25,0.06,10,0.1,,10,0.08,12,0.08,14,0.1,13,0.05,14,0.05,10,0.05,18,0.15,20,0.15,,,5,,5,0.08,10,0.01,20,0,5,0,13,0,18,0,20,0,28,0.15,23,0.4,,,,,15,0.05,30,0.1,15,0.05,,,,,,,,,,,,,,,,,,,,,,,,,,,,,,,,,,,,,,,,,,,,,72,0,
2063,Player/Horse/Prefabs/panda01.prefab,203,Gấu Trúc,,,,2,0.5,38,0.1,6,0.1,20,,0,30,0.1,35,0.09,18,0.09,13,0.1,15,0.1,,12,0.1,,30,0.1,,72,0,,30,0.1,30,0.1,25,0.06,10,0.1,,10,0.08,12,0.08,14,0.1,13,0.05,14,0.05,10,0.05,18,0.15,20,0.15,,,5,,5,0.08,10,0.01,20,0,5,0,13,0,18,0,20,0,28,0.15,23,0.4,,,,,15,0.05,30,0.1,15,0.05,,,,,,,,,,,,,,,,,,,,,,,,,,,,,,,,,,,,,,,,,,,,,72,0,
2064,Player/Horse/Prefabs/Moonship01.prefab,204,Nguyệt Lượng Thuyền,,,,2,0.5,38,0.1,6,0.1,20,,0,30,0.1,35,0.09,18,0.09,13,0.1,15,0.1,,12,0.1,,30,0.1,,72,0,,30,0.1,30,0.1,25,0.06,10,0.1,,10,0.08,12,0.08,14,0.1,13,0.05,14,0.05,10,0.05,18,0.15,20,0.15,,,5,,5,0.08,10,0.01,20,0,5,0,13,0,18,0,20,0,28,0.15,23,0.4,,,,,15,0.05,30,0.1,15,0.05,,,,,,,,,,,,,,,,,,,,,,,,,,,,,,,,,,,,,,,,,,,,,72,0,
2065,Player/Horse/Prefabs/phoenix02.prefab,205,Đình Nghê Phượng Loan,,,,2,0.5,38,0.1,6,0.1,20,,0,30,0.1,35,0.09,18,0.09,13,0.1,15,0.1,,12,0.1,,30,0.1,,72,0,,30,0.1,30,0.1,25,0.06,10,0.1,,10,0.08,12,0.08,14,0.1,13,0.05,14,0.05,10,0.05,18,0.15,20,0.15,,,5,,5,0.08,10,0.01,20,0,5,0,13,0,18,0,20,0,28,0.15,23,0.4,,,,,15,0.05,30,0.1,15,0.05,,,,,,,,,,,,,,,,,,,,,,,,,,,,,,,,,,,,,,,,,,,,,72,0,
2066,Player/Horse/Prefabs/Startrails01.prefab,203,Thần Hi Hoa Cái,,,,2,0.5,38,0.1,6,0.1,20,,0,30,0.1,35,0.09,18,0.09,13,0.1,15,0.1,,12,0.1,,30,0.1,,72,0,,30,0.1,30,0.1,25,0.06,10,0.1,,10,0.08,12,0.08,14,0.1,13,0.05,14,0.05,10,0.05,18,0.15,20,0.15,,,5,,5,0.08,10,0.01,20,0,5,0,13,0,18,0,20,0,28,0.15,23,0.4,,,,,15,0.05,30,0.1,15,0.05,,,,,,,,,,,,,,,,,,,,,,,,,,,,,,,,,,,,,,,,,,,,,72,0,
2067,Player/Horse/Prefabs/Pig01.prefab,,Heo Con,,,,2,0.5,38,0.1,6,0.1,20,,0,30,0.1,35,0.09,18,0.09,13,0.1,15,0.1,,12,0.1,,30,0.1,,72,0,,30,0.1,30,0.1,25,0.06,10,0.1,,10,0.08,12,0.08,14,0.1,13,0.05,14,0.05,10,0.05,18,0.15,20,0.15,,,5,,5,0.08,10,0.01,20,0,5,0,13,0,18,0,20,0,28,0.15,23,0.4,,,,,15,0.05,30,0.1,15,0.05,,,,,,,,,,,,,,,,,,,,,,,,,,,,,,,,,,,,,,,,,,,,,72,0,
2068,Player/Horse/Prefabs/Sheep01.prefab,,Cừu Con,,,,2,0.5,38,0.1,6,0.1,20,,0,30,0.1,35,0.09,18,0.09,13,0.1,15,0.1,,12,0.1,,30,0.1,,72,0,,30,0.1,30,0.1,25,0.06,10,0.1,,10,0.08,12,0.08,14,0.1,13,0.05,14,0.05,10,0.05,18,0.15,20,0.15,,,5,,5,0.08,10,0.01,20,0,5,0,13,0,18,0,20,0,28,0.15,23,0.4,,,,,15,0.05,30,0.1,15,0.05,,,,,,,,,,,,,,,,,,,,,,,,,,,,,,,,,,,,,,,,,,,,,72,0,
2069,Player/Horse/Prefabs/Pegasus01.prefab,,Thiên Mã 1,,,,2,0.5,38,0.1,6,0.1,20,,0,30,0.1,35,0.09,18,0.09,13,0.1,15,0.1,,12,0.1,,30,0.1,,72,0,,30,0.1,30,0.1,25,0.06,10,0.1,,10,0.08,12,0.08,14,0.1,13,0.05,14,0.05,10,0.05,18,0.15,20,0.15,,,5,,5,0.08,10,0.01,20,0,5,0,13,0,18,0,20,0,28,0.15,23,0.4,,,,,15,0.05,30,0.1,15,0.05,,,,,,,,,,,,,,,,,,,,,,,,,,,,,,,,,,,,,,,,,,,,,72,0,
2070,Player/Horse/Prefabs/Pegasus02.prefab,,Thiên Mã 2,,,,2,0.5,38,0.1,6,0.1,20,,0,30,0.1,35,0.09,18,0.09,13,0.1,15,0.1,,12,0.1,,30,0.1,,72,0,,30,0.1,30,0.1,25,0.06,10,0.1,,10,0.08,12,0.08,14,0.1,13,0.05,14,0.05,10,0.05,18,0.15,20,0.15,,,5,,5,0.08,10,0.01,20,0,5,0,13,0,18,0,20,0,28,0.15,23,0.4,,,,,15,0.05,30,0.1,15,0.05,,,,,,,,,,,,,,,,,,,,,,,,,,,,,,,,,,,,,,,,,,,,,72,0,
2071,Player/Horse/Prefabs/Pegasus03.prefab,,Thiên Mã 3,,,,2,0.5,38,0.1,6,0.1,20,,0,30,0.1,35,0.09,18,0.09,13,0.1,15,0.1,,12,0.1,,30,0.1,,72,0,,30,0.1,30,0.1,25,0.06,10,0.1,,10,0.08,12,0.08,14,0.1,13,0.05,14,0.05,10,0.05,18,0.15,20,0.15,,,5,,5,0.08,10,0.01,20,0,5,0,13,0,18,0,20,0,28,0.15,23,0.4,,,,,15,0.05,30,0.1,15,0.05,,,,,,,,,,,,,,,,,,,,,,,,,,,,,,,,,,,,,,,,,,,,,72,0,
2072,Player/Horse/Prefabs/Pegasus01.prefab,203,Thiên Mã 1,,,,2,0.5,38,0.1,6,0.1,20,,0,30,0.1,35,0.09,18,0.09,13,0.1,15,0.1,,12,0.1,,30,0.1,,72,0,,30,0.1,30,0.1,25,0.06,10,0.1,,10,0.08,12,0.08,14,0.1,13,0.05,14,0.05,10,0.05,18,0.15,20,0.15,,,5,,5,0.08,10,0.01,20,0,5,0,13,0,18,0,20,0,28,0.15,23,0.4,,,,,15,0.05,30,0.1,15,0.05,,,,,,,,,,,,,,,,,,,,,,,,,,,,,,,,,,,,,,,,,,,,,72,0,
2073,Player/Horse/Prefabs/Pegasus02.prefab,203,Thiên Mã 2,,,,2,0.5,38,0.1,6,0.1,20,,0,30,0.1,35,0.09,18,0.09,13,0.1,15,0.1,,12,0.1,,30,0.1,,72,0,,30,0.1,30,0.1,25,0.06,10,0.1,,10,0.08,12,0.08,14,0.1,13,0.05,14,0.05,10,0.05,18,0.15,20,0.15,,,5,,5,0.08,10,0.01,20,0,5,0,13,0,18,0,20,0,28,0.15,23,0.4,,,,,15,0.05,30,0.1,15,0.05,,,,,,,,,,,,,,,,,,,,,,,,,,,,,,,,,,,,,,,,,,,,,72,0,
2074,Player/Horse/Prefabs/Pegasus03.prefab,203,Thiên Mã 3,,,,2,0.5,38,0.1,6,0.1,20,,0,30,0.1,35,0.09,18,0.09,13,0.1,15,0.1,,12,0.1,,30,0.1,,72,0,,30,0.1,30,0.1,25,0.06,10,0.1,,10,0.08,12,0.08,14,0.1,13,0.05,14,0.05,10,0.05,18,0.15,20,0.15,,,5,,5,0.08,10,0.01,20,0,5,0,13,0,18,0,20,0,28,0.15,23,0.4,,,,,15,0.05,30,0.1,15,0.05,,,,,,,,,,,,,,,,,,,,,,,,,,,,,,,,,,,,,,,,,,,,,72,0,
2075,Player/Horse/Prefabs/Ray01.prefab,204,Cá Diều,,,,2,0.5,38,0.1,6,0.1,20,,0,30,0.1,35,0.09,18,0.09,13,0.1,15,0.1,,12,0.1,,30,0.1,,72,0,,30,0.1,30,0.1,25,0.06,10,0.1,,10,0.08,12,0.08,14,0.1,13,0.05,14,0.05,10,0.05,18,0.15,20,0.15,,,5,,5,0.08,10,0.01,20,0,5,0,13,0,18,0,20,0,28,0.15,23,0.4,,,,,15,0.05,30,0.1,15,0.05,,,,,,,,,,,,,,,,,,,,,,,,,,,,,,,,,,,,,,,,,,,,,72,0,
2076,Player/Horse/Prefabs/Line002.prefab,,Ngựa Gỗ Hồng,,,,2,0.5,38,0.1,6,0.1,20,,0,30,0.1,35,0.09,18,0.09,13,0.1,15,0.1,,12,0.1,,30,0.1,,72,0,,30,0.1,30,0.1,25,0.06,10,0.1,,10,0.08,12,0.08,14,0.1,13,0.05,14,0.05,10,0.05,18,0.15,20,0.15,,,5,,5,0.08,10,0.01,20,0,5,0,13,0,18,0,20,0,28,0.15,23,0.4,,,,,15,0.05,30,0.1,15,0.05,,,,,,,,,,,,,,,,,,,,,,,,,,,,,,,,,,,,,,,,,,,,,72,0,
2077,Player/Horse/Prefabs/Horse25.prefab,,Nai Bát Bái,,,,2,0.5,38,0.1,6,0.1,20,,0,30,0.1,35,0.09,18,0.09,13,0.1,15,0.1,,12,0.1,,30,0.1,,72,0,,30,0.1,30,0.1,25,0.06,10,0.1,,10,0.08,12,0.08,14,0.1,13,0.05,14,0.05,10,0.05,18,0.15,20,0.15,,,5,,5,0.08,10,0.01,20,0,5,0,13,0,18,0,20,0,28,0.15,23,0.4,,,,,15,0.05,30,0.1,15,0.05,,,,,,,,,,,,,,,,,,,,,,,,,,,,,,,,,,,,,,,,,,,,,72,0,
2078,Player/Horse/Prefabs/Moonship02.prefab,204,Giảo Thố Tiêu Ải,,,,2,0.5,38,0.1,6,0.1,20,,0,30,0.1,35,0.09,18,0.09,13,0.1,15,0.1,,12,0.1,,30,0.1,,72,0,,30,0.1,30,0.1,25,0.06,10,0.1,,10,0.08,12,0.08,14,0.1,13,0.05,14,0.05,10,0.05,18,0.15,20,0.15,,,5,,5,0.08,10,0.01,20,0,5,0,13,0,18,0,20,0,28,0.15,23,0.4,,,,,15,0.05,30,0.1,15,0.05,,,,,,,,,,,,,,,,,,,,,,,,,,,,,,,,,,,,,,,,,,,,,72,0,
2079,Player/Horse/Prefabs/painting02.prefab,203,Tử Mộ Quyển Thần,,,,2,0.5,38,0.1,6,0.1,20,,0,30,0.1,35,0.09,18,0.09,13,0.1,15,0.1,,12,0.1,,30,0.1,,72,0,,30,0.1,30,0.1,25,0.06,10,0.1,,10,0.08,12,0.08,14,0.1,13,0.05,14,0.05,10,0.05,18,0.15,20,0.15,,,5,,5,0.08,10,0.01,20,0,5,0,13,0,18,0,20,0,28,0.15,23,0.4,,,,,15,0.05,30,0.1,15,0.05,,,,,,,,,,,,,,,,,,,,,,,,,,,,,,,,,,,,,,,,,,,,,72,0,
2080,Player/Horse/Prefabs/Rabbit05.prefab,,Tinh Diệu Manh Thố,,,,2,0.5,38,0.1,6,0.1,20,,0,30,0.1,35,0.09,18,0.09,13,0.1,15,0.1,,12,0.1,,30,0.1,,72,0,,30,0.1,30,0.1,25,0.06,10,0.1,,10,0.08,12,0.08,14,0.1,13,0.05,14,0.05,10,0.05,18,0.15,20,0.15,,,5,,5,0.08,10,0.01,20,0,5,0,13,0,18,0,20,0,28,0.15,23,0.4,,,,,15,0.05,30,0.1,15,0.05,,,,,,,,,,,,,,,,,,,,,,,,,,,,,,,,,,,,,,,,,,,,,72,0,
2081,Player/Horse/Prefabs/Tortoise02.prefab,,Xích Huyền,,,,2,0.5,38,0.1,6,0.1,20,,0,30,0.1,35,0.09,18,0.09,13,0.1,15,0.1,,12,0.1,,30,0.1,,72,0,,30,0.1,30,0.1,25,0.06,10,0.1,,10,0.08,12,0.08,14,0.1,13,0.05,14,0.05,10,0.05,18,0.15,20,0.15,,,5,,5,0.08,10,0.01,20,0,5,0,13,0,18,0,20,0,28,0.15,23,0.4,,,,,15,0.05,30,0.1,15,0.05,,,,,,,,,,,,,,,,,,,,,,,,,,,,,,,,,,,,,,,,,,,,,72,0,
2082,Player/Horse/Prefabs/Gorilla02.prefab,,Trái Kiwi,,,,2,0.5,38,0.1,6,0.1,20,,0,30,0.1,35,0.09,18,0.09,13,0.1,15,0.1,,12,0.1,,30,0.1,,72,0,,30,0.1,30,0.1,25,0.06,10,0.1,,10,0.08,12,0.08,14,0.1,13,0.05,14,0.05,10,0.05,18,0.15,20,0.15,,,5,,5,0.08,10,0.01,20,0,5,0,13,0,18,0,20,0,28,0.15,23,0.4,,,,,15,0.05,30,0.1,15,0.05,,,,,,,,,,,,,,,,,,,,,,,,,,,,,,,,,,,,,,,,,,,,,72,0,
2083,Player/Horse/Prefabs/Chenghuang.prefab,204,Thừa Hoàng,,,,2,0.5,38,0.1,6,0.1,20,,0,30,0.1,35,0.09,18,0.09,13,0.1,15,0.1,,12,0.1,,30,0.1,,72,0,,30,0.1,30,0.1,25,0.06,10,0.1,,10,0.08,12,0.08,14,0.1,13,0.05,14,0.05,10,0.05,18,0.15,20,0.15,,,5,,5,0.08,10,0.01,20,0,5,0,13,0,18,0,20,0,28,0.15,23,0.4,,,,,15,0.05,30,0.1,15,0.05,,,,,,,,,,,,,,,,,,,,,,,,,,,,,,,,,,,,,,,,,,,,,72,0,
2084,Player/Horse/Prefabs/Chenghuang_bao.prefab,204,Thừa Hoàng,,,,2,0.5,38,0.1,6,0.1,20,,0,30,0.1,35,0.09,18,0.09,13,0.1,15,0.1,,12,0.1,,30,0.1,,72,0,,30,0.1,30,0.1,25,0.06,10,0.1,,10,0.08,12,0.08,14,0.1,13,0.05,14,0.05,10,0.05,18,0.15,20,0.15,,,5,,5,0.08,10,0.01,20,0,5,0,13,0,18,0,20,0,28,0.15,23,0.4,,,,,15,0.05,30,0.1,15,0.05,,,,,,,,,,,,,,,,,,,,,,,,,,,,,,,,,,,,,,,,,,,,,72,0,
2085,Player/Horse/Prefabs/Leopard_01.prefab,203,Hắc Báo,,,,2,0.5,38,0.1,6,0.1,20,,0,30,0.1,35,0.09,18,0.09,13,0.1,15,0.1,,12,0.1,,30,0.1,,72,0,,30,0.1,30,0.1,25,0.06,10,0.1,,10,0.08,12,0.08,14,0.1,13,0.05,14,0.05,10,0.05,18,0.15,20,0.15,,,5,,5,0.08,10,0.01,20,0,5,0,13,0,18,0,20,0,28,0.15,23,0.4,,,,,15,0.05,30,0.1,15,0.05,,,,,,,,,,,,,,,,,,,,,,,,,,,,,,,,,,,,,,,,,,,,,72,0,
2086,Player/Horse/Prefabs/Wolf06.prefab,204,Băng Lang,,,,2,0.5,38,0.1,6,0.1,20,,0,30,0.1,35,0.09,18,0.09,13,0.1,15,0.1,,12,0.1,,30,0.1,,72,0,,30,0.1,30,0.1,25,0.06,10,0.1,,10,0.08,12,0.08,14,0.1,13,0.05,14,0.05,10,0.05,18,0.15,20,0.15,,,5,,5,0.08,10,0.01,20,0,5,0,13,0,18,0,20,0,28,0.15,23,0.4,,,,,15,0.05,30,0.1,15,0.05,,,,,,,,,,,,,,,,,,,,,,,,,,,,,,,,,,,,,,,,,,,,,72,0,
2087,Player/Horse/Prefabs/cobaye01.prefab,,Chuột Lang,,,,2,0.5,38,0.1,6,0.1,20,,0,30,0.1,35,0.09,18,0.09,13,0.1,15,0.1,,12,0.1,,30,0.1,,72,0,,30,0.1,30,0.1,25,0.06,10,0.1,,10,0.08,12,0.08,14,0.1,13,0.05,14,0.05,10,0.05,18,0.15,20,0.15,,,5,,5,0.08,10,0.01,20,0,5,0,13,0,18,0,20,0,28,0.15,23,0.4,,,,,15,0.05,30,0.1,15,0.05,,,,,,,,,,,,,,,,,,,,,,,,,,,,,,,,,,,,,,,,,,,,,72,0,
2088,Player/Horse/Prefabs/Lion01_2.prefab,,Hồng Sư Tử,,,,2,0.5,38,0.1,6,0.1,20,,0,30,0.1,35,0.09,18,0.09,13,0.1,15,0.1,,12,0.1,,30,0.1,,72,0,,30,0.1,30,0.1,25,0.06,10,0.1,,10,0.08,12,0.08,14,0.1,13,0.05,14,0.05,10,0.05,18,0.15,20,0.15,,,5,,5,0.08,10,0.01,20,0,5,0,13,0,18,0,20,0,28,0.15,23,0.4,,,,,15,0.05,30,0.1,15,0.05,,,,,,,,,,,,,,,,,,,,,,,,,,,,,,,,,,,,,,,,,,,,,72,0,
2089,Player/Horse/Prefabs/Taurus01.prefab,,Thần Ngưu,,,,2,0.5,38,0.1,6,0.1,20,,0,30,0.1,35,0.09,18,0.09,13,0.1,15,0.1,,12,0.1,,30,0.1,,72,0,,30,0.1,30,0.1,25,0.06,10,0.1,,10,0.08,12,0.08,14,0.1,13,0.05,14,0.05,10,0.05,18,0.15,20,0.15,,,5,,5,0.08,10,0.01,20,0,5,0,13,0,18,0,20,0,28,0.15,23,0.4,,,,,15,0.05,30,0.1,15,0.05,,,,,,,,,,,,,,,,,,,,,,,,,,,,,,,,,,,,,,,,,,,,,72,0,
2090,Player/Horse/Prefabs/Taurus01.prefab,203,Thần Ngưu,,,,2,0.5,38,0.1,6,0.1,20,,0,30,0.1,35,0.09,18,0.09,13,0.1,15,0.1,,12,0.1,,30,0.1,,72,0,,30,0.1,30,0.1,25,0.06,10,0.1,,10,0.08,12,0.08,14,0.1,13,0.05,14,0.05,10,0.05,18,0.15,20,0.15,,,5,,5,0.08,10,0.01,20,0,5,0,13,0,18,0,20,0,28,0.15,23,0.4,,,,,15,0.05,30,0.1,15,0.05,,,,,,,,,,,,,,,,,,,,,,,,,,,,,,,,,,,,,,,,,,,,,72,0,
2091,Player/Horse/Prefabs/Dijiang01.prefab,,Đế Giang,,,,2,0.5,38,0.1,6,0.1,20,,0,30,0.1,35,0.09,18,0.09,13,0.1,15,0.1,,12,0.1,,30,0.1,,72,0,,30,0.1,30,0.1,25,0.06,10,0.1,,10,0.08,12,0.08,14,0.1,13,0.05,14,0.05,10,0.05,18,0.15,20,0.15,,,5,,5,0.08,10,0.01,20,0,5,0,13,0,18,0,20,0,28,0.15,23,0.4,,,,,15,0.05,30,0.1,15,0.05,,,,,,,,,,,,,,,,,,,,,,,,,,,,,,,,,,,,,,,,,,,,,72,0,
2092,Player/Horse/Prefabs/ClothTiger01.prefab,,Hổ Vải,,,,2,0.5,38,0.1,6,0.1,20,,0,30,0.1,35,0.09,18,0.09,13,0.1,15,0.1,,12,0.1,,30,0.1,,72,0,,30,0.1,30,0.1,25,0.06,10,0.1,,10,0.08,12,0.08,14,0.1,13,0.05,14,0.05,10,0.05,18,0.15,20,0.15,,,5,,5,0.08,10,0.01,20,0,5,0,13,0,18,0,20,0,28,0.15,23,0.4,,,,,15,0.05,30,0.1,15,0.05,,,,,,,,,,,,,,,,,,,,,,,,,,,,,,,,,,,,,,,,,,,,,72,0,
2093,Player/Horse/Prefabs/phoenix03.prefab,205,Hắc Kim Phượng Hoàng,,,,2,0.5,38,0.1,6,0.1,20,,0,30,0.1,35,0.09,18,0.09,13,0.1,15,0.1,,12,0.1,,30,0.1,,72,0,,30,0.1,30,0.1,25,0.06,10,0.1,,10,0.08,12,0.08,14,0.1,13,0.05,14,0.05,10,0.05,18,0.15,20,0.15,,,5,,5,0.08,10,0.01,20,0,5,0,13,0,18,0,20,0,28,0.15,23,0.4,,,,,15,0.05,30,0.1,15,0.05,,,,,,,,,,,,,,,,,,,,,,,,,,,,,,,,,,,,,,,,,,,,,72,0,
2094,Player/Horse/Prefabs/Pheretima01.prefab,204,Địa Long,,,,2,0.5,38,0.1,6,0.1,20,,0,30,0.1,35,0.09,18,0.09,13,0.1,15,0.1,,12,0.1,,30,0.1,,72,0,,30,0.1,30,0.1,25,0.06,10,0.1,,10,0.08,12,0.08,14,0.1,13,0.05,14,0.05,10,0.05,18,0.15,20,0.15,,,5,,5,0.08,10,0.01,20,0,5,0,13,0,18,0,20,0,28,0.15,23,0.4,,,,,15,0.05,30,0.1,15,0.05,,,,,,,,,,,,,,,,,,,,,,,,,,,,,,,,,,,,,,,,,,,,,72,0,
2095,Player/Horse/Prefabs/Gerald01.prefab,,Ục ục ục,,,,2,0.5,38,0.1,6,0.1,20,,0,30,0.1,35,0.09,18,0.09,13,0.1,15,0.1,,12,0.1,,30,0.1,,72,0,,30,0.1,30,0.1,25,0.06,10,0.1,,10,0.08,12,0.08,14,0.1,13,0.05,14,0.05,10,0.05,18,0.15,20,0.15,,,5,,5,0.08,10,0.01,20,0,5,0,13,0,18,0,20,0,28,0.15,23,0.4,,,,,15,0.05,30,0.1,15,0.05,,,,,,,,,,,,,,,,,,,,,,,,,,,,,,,,,,,,,,,,,,,,,72,0,
2096,Player/Horse/Prefabs/Kinkabyo01.prefab,,Kim Hoa Miêu ,,,,2,0.5,38,0.1,6,0.1,20,,0,30,0.1,35,0.09,18,0.09,13,0.1,15,0.1,,12,0.1,,30,0.1,,72,0,,30,0.1,30,0.1,25,0.06,10,0.1,,10,0.08,12,0.08,14,0.1,13,0.05,14,0.05,10,0.05,18,0.15,20,0.15,,,5,,5,0.08,10,0.01,20,0,5,0,13,0,18,0,20,0,28,0.15,23,0.4,,,,,15,0.05,30,0.1,15,0.05,,,,,,,,,,,,,,,,,,,,,,,,,,,,,,,,,,,,,,,,,,,,,72,0,
2097,Player/Horse/Prefabs/Kinkabyo01.prefab,202,Kim Hoa Miêu ,,,,2,0.5,38,0.1,6,0.1,20,,0,30,0.1,35,0.09,18,0.09,13,0.1,15,0.1,,12,0.1,,30,0.1,,72,0,,30,0.1,30,0.1,25,0.06,10,0.1,,10,0.08,12,0.08,14,0.1,13,0.05,14,0.05,10,0.05,18,0.15,20,0.15,,,5,,5,0.08,10,0.01,20,0,5,0,13,0,18,0,20,0,28,0.15,23,0.4,,,,,15,0.05,30,0.1,15,0.05,,,,,,,,,,,,,,,,,,,,,,,,,,,,,,,,,,,,,,,,,,,,,72,0,
2098,Player/Horse/Prefabs/elephant02.prefab,202,Chinh Khung Ngự Cực ,,,,2,0.5,38,0.1,6,0.1,20,,0,30,0.1,35,0.09,18,0.09,13,0.1,15,0.1,,12,0.1,,30,0.1,,72,0,,30,0.1,30,0.1,25,0.06,10,0.1,,10,0.08,12,0.08,14,0.1,13,0.05,14,0.05,10,0.05,18,0.15,20,0.15,,,5,,5,0.08,10,0.01,20,0,5,0,13,0,18,0,20,0,28,0.15,23,0.4,,,,,15,0.05,30,0.1,15,0.05,,,,,,,,,,,,,,,,,,,,,,,,,,,,,,,,,,,,,,,,,,,,,72,0,
2099,Player/Horse/Prefabs/Pig02.prefab,,Trư Quang Bảo Khí ,,,,2,0.5,38,0.1,6,0.1,20,,0,30,0.1,35,0.09,18,0.09,13,0.1,15,0.1,,12,0.1,,30,0.1,,72,0,,30,0.1,30,0.1,25,0.06,10,0.1,,10,0.08,12,0.08,14,0.1,13,0.05,14,0.05,10,0.05,18,0.15,20,0.15,,,5,,5,0.08,10,0.01,20,0,5,0,13,0,18,0,20,0,28,0.15,23,0.4,,,,,15,0.05,30,0.1,15,0.05,,,,,,,,,,,,,,,,,,,,,,,,,,,,,,,,,,,,,,,,,,,,,72,0,
2100,Player/Horse/Prefabs/Pegasus04.prefab,203,Khởi Mộng Vũ Ký ,,,,2,0.5,38,0.1,6,0.1,20,,0,30,0.1,35,0.09,18,0.09,13,0.1,15,0.1,,12,0.1,,30,0.1,,72,0,,30,0.1,30,0.1,25,0.06,10,0.1,,10,0.08,12,0.08,14,0.1,13,0.05,14,0.05,10,0.05,18,0.15,20,0.15,,,5,,5,0.08,10,0.01,20,0,5,0,13,0,18,0,20,0,28,0.15,23,0.4,,,,,15,0.05,30,0.1,15,0.05,,,,,,,,,,,,,,,,,,,,,,,,,,,,,,,,,,,,,,,,,,,,,72,0,
2101,Player/Horse/Prefabs/Ray02.prefab,204,Tâm Phách Diêu Ảnh ,,,,2,0.5,38,0.1,6,0.1,20,,0,30,0.1,35,0.09,18,0.09,13,0.1,15,0.1,,12,0.1,,30,0.1,,72,0,,30,0.1,30,0.1,25,0.06,10,0.1,,10,0.08,12,0.08,14,0.1,13,0.05,14,0.05,10,0.05,18,0.15,20,0.15,,,5,,5,0.08,10,0.01,20,0,5,0,13,0,18,0,20,0,28,0.15,23,0.4,,,,,15,0.05,30,0.1,15,0.05,,,,,,,,,,,,,,,,,,,,,,,,,,,,,,,,,,,,,,,,,,,,,72,0,
2102,Player/Horse/Prefabs/Startrails02.prefab,203,Tử Trụ Tinh Dư,,,,2,0.5,38,0.1,6,0.1,20,,0,30,0.1,35,0.09,18,0.09,13,0.1,15,0.1,,12,0.1,,30,0.1,,72,0,,30,0.1,30,0.1,25,0.06,10,0.1,,10,0.08,12,0.08,14,0.1,13,0.05,14,0.05,10,0.05,18,0.15,20,0.15,,,5,,5,0.08,10,0.01,20,0,5,0,13,0,18,0,20,0,28,0.15,23,0.4,,,,,15,0.05,30,0.1,15,0.05,,,,,,,,,,,,,,,,,,,,,,,,,,,,,,,,,,,,,,,,,,,,,72,0,
2103,Player/Horse/Prefabs/Xiezhi01.prefab,204,Giải Trãi,,,,2,0.5,38,0.1,6,0.1,20,,0,30,0.1,35,0.09,18,0.09,13,0.1,15,0.1,,12,0.1,,30,0.1,,72,0,,30,0.1,30,0.1,25,0.06,10,0.1,,10,0.08,12,0.08,14,0.1,13,0.05,14,0.05,10,0.05,18,0.15,20,0.15,,,5,,5,0.08,10,0.01,20,0,5,0,13,0,18,0,20,0,28,0.15,23,0.4,,,,,15,0.05,30,0.1,15,0.05,,,,,,,,,,,,,,,,,,,,,,,,,,,,,,,,,,,,,,,,,,,,,72,0,
2104,Player/Horse/Prefabs/Huaqiu01.prefab,,Cầu Hoa,,,,2,0.5,38,0.1,6,0.1,20,,0,30,0.1,35,0.09,18,0.09,13,0.1,15,0.1,,12,0.1,,30,0.1,,72,0,,30,0.1,30,0.1,25,0.06,10,0.1,,10,0.08,12,0.08,14,0.1,13,0.05,14,0.05,10,0.05,18,0.15,20,0.15,,,5,,5,0.08,10,0.01,20,0,5,0,13,0,18,0,20,0,28,0.15,23,0.4,,,,,15,0.05,30,0.1,15,0.05,,,,,,,,,,,,,,,,,,,,,,,,,,,,,,,,,,,,,,,,,,,,,72,0,
2105,Player/Horse/Prefabs/Wangzuo01.prefab,204,Vương Tọa,,,,2,0.5,38,0.1,6,0.1,20,,0,30,0.1,35,0.09,18,0.09,13,0.1,15,0.1,,12,0.1,,30,0.1,,72,0,,30,0.1,30,0.1,25,0.06,10,0.1,,10,0.08,12,0.08,14,0.1,13,0.05,14,0.05,10,0.05,18,0.15,20,0.15,,,5,,5,0.08,10,0.01,20,0,5,0,13,0,18,0,20,0,28,0.15,23,0.4,,,,,15,0.05,30,0.1,15,0.05,,,,,,,,,,,,,,,,,,,,,,,,,,,,,,,,,,,,,,,,,,,,,72,0,
2106,Player/Horse/Prefabs/Goose01.prefab,,Ngỗng Đại Ca,,,,2,0.5,38,0.1,6,0.1,20,,0,30,0.1,35,0.09,18,0.09,13,0.1,15,0.1,,12,0.1,,30,0.1,,72,0,,30,0.1,30,0.1,25,0.06,10,0.1,,10,0.08,12,0.08,14,0.1,13,0.05,14,0.05,10,0.05,18,0.15,20,0.15,,,5,,5,0.08,10,0.01,20,0,5,0,13,0,18,0,20,0,28,0.15,23,0.4,,,,,15,0.05,30,0.1,15,0.05,,,,,,,,,,,,,,,,,,,,,,,,,,,,,,,,,,,,,,,,,,,,,72,0,
2107,Player/Horse/Prefabs/Wolf07.prefab,204,Ma Lang,,,,2,0.5,38,0.1,6,0.1,20,,0,30,0.1,35,0.09,18,0.09,13,0.1,15,0.1,,12,0.1,,30,0.1,,72,0,,30,0.1,30,0.1,25,0.06,10,0.1,,10,0.08,12,0.08,14,0.1,13,0.05,14,0.05,10,0.05,18,0.15,20,0.15,,,5,,5,0.08,10,0.01,20,0,5,0,13,0,18,0,20,0,28,0.15,23,0.4,,,,,15,0.05,30,0.1,15,0.05,,,,,,,,,,,,,,,,,,,,,,,,,,,,,,,,,,,,,,,,,,,,,72,0,
2108,Player/Horse/Prefabs/Leopard_01_1.prefab,203,Hắc Báo Thiên Sắc,,,,2,0.5,38,0.1,6,0.1,20,,0,30,0.1,35,0.09,18,0.09,13,0.1,15,0.1,,12,0.1,,30,0.1,,72,0,,30,0.1,30,0.1,25,0.06,10,0.1,,10,0.08,12,0.08,14,0.1,13,0.05,14,0.05,10,0.05,18,0.15,20,0.15,,,5,,5,0.08,10,0.01,20,0,5,0,13,0,18,0,20,0,28,0.15,23,0.4,,,,,15,0.05,30,0.1,15,0.05,,,,,,,,,,,,,,,,,,,,,,,,,,,,,,,,,,,,,,,,,,,,,72,0,
2109,Player/Horse/Prefabs/Crocodile01.prefab,,Cá Sấu Trắng,,,,2,0.5,38,0.1,6,0.1,20,,0,30,0.1,35,0.09,18,0.09,13,0.1,15,0.1,,12,0.1,,30,0.1,,72,0,,30,0.1,30,0.1,25,0.06,10,0.1,,10,0.08,12,0.08,14,0.1,13,0.05,14,0.05,10,0.05,18,0.15,20,0.15,,,5,,5,0.08,10,0.01,20,0,5,0,13,0,18,0,20,0,28,0.15,23,0.4,,,,,15,0.05,30,0.1,15,0.05,,,,,,,,,,,,,,,,,,,,,,,,,,,,,,,,,,,,,,,,,,,,,72,0,
2110,Player/Horse/Prefabs/Blanket01.prefab,204,Mèo Thảm,,,,2,0.5,38,0.1,6,0.1,20,,0,30,0.1,35,0.09,18,0.09,13,0.1,15,0.1,,12,0.1,,30,0.1,,72,0,,30,0.1,30,0.1,25,0.06,10,0.1,,10,0.08,12,0.08,14,0.1,13,0.05,14,0.05,10,0.05,18,0.15,20,0.15,,,5,,5,0.08,10,0.01,20,0,5,0,13,0,18,0,20,0,28,0.15,23,0.4,,,,,15,0.05,30,0.1,15,0.05,,,,,,,,,,,,,,,,,,,,,,,,,,,,,,,,,,,,,,,,,,,,,72,0,
2111,Player/Horse/Prefabs/Horse26.prefab,203,Phù Chử,,,,2,0.5,38,0.1,6,0.1,20,,0,30,0.1,35,0.09,18,0.09,13,0.1,15,0.1,,12,0.1,,30,0.1,,72,0,,30,0.1,30,0.1,25,0.06,10,0.1,,10,0.08,12,0.08,14,0.1,13,0.05,14,0.05,10,0.05,18,0.15,20,0.15,,,5,,5,0.08,10,0.01,20,0,5,0,13,0,18,0,20,0,28,0.15,23,0.4,,,,,15,0.05,30,0.1,15,0.05,,,,,,,,,,,,,,,,,,,,,,,,,,,,,,,,,,,,,,,,,,,,,72,0,
2112,Player/Horse/Prefabs/Ferret01.prefab,,Sóc Tinh Miên,,,,2,0.5,38,0.1,6,0.1,20,,0,30,0.1,35,0.09,18,0.09,13,0.1,15,0.1,,12,0.1,,30,0.1,,72,0,,30,0.1,30,0.1,25,0.06,10,0.1,,10,0.08,12,0.08,14,0.1,13,0.05,14,0.05,10,0.05,18,0.15,20,0.15,,,5,,5,0.08,10,0.01,20,0,5,0,13,0,18,0,20,0,28,0.15,23,0.4,,,,,15,0.05,30,0.1,15,0.05,,,,,,,,,,,,,,,,,,,,,,,,,,,,,,,,,,,,,,,,,,,,,72,0,
2113,Player/Horse/Prefabs/Sword01.prefab,,Phi Kiếm,,,,2,0.5,38,0.1,6,0.1,20,,0,30,0.1,35,0.09,18,0.09,13,0.1,15,0.1,,12,0.1,,30,0.1,,72,0,,30,0.1,30,0.1,25,0.06,10,0.1,,10,0.08,12,0.08,14,0.1,13,0.05,14,0.05,10,0.05,18,0.15,20,0.15,,,5,,5,0.08,10,0.01,20,0,5,0,13,0,18,0,20,0,28,0.15,23,0.4,,,,,15,0.05,30,0.1,15,0.05,,,,,,,,,,,,,,,,,,,,,,,,,,,,,,,,,,,,,,,,,,,,,72,0,
1001,Player/Characters/M1/Prefab/M1_TM001_Body.prefab,,Nhân vật Đường Môn-Nam,,,,2,0.5,38,0.1,6,0.1,20,,0,30,0.1,35,0.09,20,0.09,12,0.1,15,0.1,,12,0.1,,30,0.1,,72,0,,30,0.1,30,0.1,25,0.06,10,0.1,,10,0.08,12,0.08,14,0.1,13,0.05,14,0.05,10,0.05,18,0.15,20,0.15,23,0.15,5,,5,0.08,10,0.01,18,0,6,0,13,0,18,0,20,0,28,0.15,23,0.4,,,,,15,0.05,30,0.1,15,0.05,,,,,,,,,,,,,,,,,,,,,,,,,,,,,,,,,,,,,,,,,30,0.1,60,0.1,72,0,
1002,Player/Characters/F2/Prefab/F2_KL001_Body.prefab,,Nhân vật Côn Lôn- Nữ,,,,2,0.5,38,0.1,6,0.1,20,,0,30,0.1,35,0.09,20,0.09,12,0.1,15,0.1,,12,0.1,,30,0.1,,55,0,,30,0.1,30,0.1,25,0.06,8,0.1,,9,0.08,10,0.08,15,0.1,5,0.05,9,0.05,12,0.05,15,0.15,37,0.15,23,0.15,5,,5,0.08,5,0.01,18,0,6,0,13,0,18,0,20,0,28,0.15,23,0.4,,,,,15,0.05,30,0.1,15,0.05,,,,,,,,,,,,,,,,,,,15,0.15,,,,,,,,,,,,,,,,,,,,,30,0.1,60,0.1,55,0,
1003,Player/Characters/M2/Prefab/M2_GB001_Body.prefab,,Nhân vật Cái Bang,,,,2,0.5,38,0.1,6,0.1,20,,0,30,0.1,35,0.09,20,0.09,12,0.1,15,0.1,,18,0.1,,30,0.1,,70,0,,30,0.1,30,0.1,25,0.06,11,0.1,,12,0.08,11,0.08,12,0.1,10,0.05,19,0.05,15,0.05,15,0.05,40,0.15,23,0.15,5,,5,0.08,10,0.01,18,0,6,0,13,0,18,0,20,0,28,0.15,20,0.4,,,,,15,0.05,30,0.1,15,0.05,,,,,,,,,,,,,,,,,,,,,,,,,,,,,,,,,,,,,,,,,30,0.1,60,0.1,70,0,
1004,Player/Characters/F1/Prefab/F1_WD001_Body.prefab,,Nhân vật Ngũ Độc,,,,1.6,0.5,38,0.1,6,0.1,20,,0,30,0.1,35,0.09,20,0.09,12,0.1,15,0.1,,15,0.1,,30,0.1,,65,0,,30,0.1,30,0.1,25,0.06,10,0.1,,12,0.08,12,0.08,12,0.1,15,0.05,16,0.05,12,0.05,13,0.15,45,0.15,23,0.15,5,,5,0.08,5,0.01,18,0,6,0,13,0,18,0,20,0,28,0.15,20,0.4,,,,,15,0.05,30,0.1,15,0.05,,,,,,,,,,,,,,,,,,,,,,,,,,,,,,,,,,,,,,,,,30,0.1,60,0.1,65,0,
1005,Player/Characters/M1/Prefab/M1_CJ001_Body.prefab,,Nhân vật Tàng Kiếm-Nam,,,,2,0.5,38,0.1,6,0.1,20,,0,30,0.1,35,0.09,20,0.09,12,0.1,15,0.1,,18,0.1,,30,0.1,,70,0,,30,0.1,20,0.1,25,0.06,9,0.1,,8,0.08,10,0.08,15,0.1,13,0.05,17,0.05,11,0.05,17,0.05,63,0.15,23,0.15,5,,5,0.08,10,0.01,18,0,6,0,13,0,18,0,20,0,28,0.15,20,0.4,,,,,15,0.05,30,0.1,15,0.05,,,,,,,,,,,,,,,,,,,,,,,,,,,,,,,,,,,,,,,,,30,0.1,60,0.1,70,0,
1006,Player/Characters/F2/Prefab/F2_CG001_Body.prefab,,Nhân vật Trường Ca,,,,2,0.5,38,0.1,8,0.1,20,,0,30,0.1,35,0.09,20,0.09,12,0.1,15,0.1,,16,0.1,,30,0.1,,65,0,,30,0.1,30,0.1,25,0.06,13,0.1,,12,0.08,14,0.08,14,0.1,14,0.05,15,0.05,16,0.05,17,0.15,47,0.1,23,0.15,5,,5,0.08,5,0.01,18,0,6,0,13,0,18,0,20,0,28,0.15,20,0.4,,,,,15,0.05,30,0.1,15,0.05,,,,,,,,,,,,,,,,,,,,,,,,,,,,,,,,,,,,,,,,,30,0.1,60,0.1,65,0,
1007,Player/Characters/M1/Prefab/M1_TS001_Body.prefab,,Thiên Sơn-Nam,,,,2,0.5,38,0.1,6,0.1,20,,0,30,0.1,35,0.09,20,0.09,12,0.1,15,0.1,,18,0.1,,30,0.1,,70,0,,30,0.1,20,0.1,25,0.06,10,0.1,,10,0.08,15,0.08,15,0.1,13,0.05,17,0.05,11,0.05,17,0.05,40,0.15,23,0.15,5,,5,0.08,10,0.01,18,0,6,0,13,0,18,0,20,0,28,0.15,20,0.4,,,,,15,0.05,30,0.1,15,0.05,,,,,,,,,,,,,,,,,,,,,,,,,,,,,,,,,,,,,,,,,30,0.1,60,0.1,70,0,
1008,Player/Characters/F2/Prefab/F2_TS001_Body.prefab,,Thiên Sơn-Nữ,,,,2,0.5,38,0.1,6,0.1,20,,0,30,0.1,35,0.09,20,0.09,12,0.1,15,0.1,,16,0.1,,30,0.1,,70,0,,30,0.1,20,0.1,25,0.06,10,0.1,,10,0.08,15,0.08,15,0.1,13,0.05,17,0.05,11,0.05,17,0.05,40,0.15,23,0.15,5,,5,0.08,10,0.01,18,0,6,0,13,0,18,0,20,0,28,0.15,20,0.4,,,,,15,0.05,30,0.1,15,0.05,,,,,,,,,,,,,,,,,,,,,,,,,,,,,,,,,,,,,,,,,30,0.1,60,0.1,70,0,
1009,Player/Characters/M2/Prefab/M2_BD001_Body.prefab,,Nhân Vật Bá Đao-Nam,,,,2,0.5,38,0.1,6,0.1,20,,0,30,0.1,35,0.09,20,0.09,12,0.1,15,0.1,,18,0.1,,30,0.1,,70,0,,30,0.1,20,0.1,25,0.06,10,0.1,,10,0.08,13,0.08,13,0.1,12,0.08,14,0.05,13,0.05,12,0.05,56,0.15,23,0.15,5,,5,0.08,10,0.01,18,0,6,0,13,0,18,0,20,0,28,0.15,20,0.4,,,,,15,0.05,30,0.1,15,0.05,,,,,,,,,,,,,,,,,,,,,,,,,,,,,,,,,,,,,,,,,30,0.1,60,0.1,70,0,
1010,Player/Characters/F1/Prefab/F1_BD001_Body.prefab,,Nhân Vật Bá Đao-Nữ,,,,1.6,0.5,38,0.1,6,0.1,20,,0,30,0.1,35,0.09,20,0.09,12,0.1,15,0.1,,15,0.1,,30,0.1,,65,0,,30,0.1,30,0.1,25,0.06,10,0.1,,10,0.08,13,0.08,13,0.1,12,0.08,14,0.05,13,0.05,12,0.05,56,0.15,23,0.15,5,,5,0.08,5,0.01,18,0,6,0,13,0,18,0,20,0,28,0.15,20,0.4,,,,,15,0.05,30,0.1,15,0.05,,,,,,,,,,,,,,,,,,,,,,,,,,,,,,,,,,,,,,,,,30,0.1,60,0.1,65,0,
1011,Player/Characters/F2/Prefab/F2_WD001_Body.prefab,,Nhân Vật Võ Đang-Nữ,,,,2,0.5,38,0.1,10,0.1,20,,0,30,0.1,35,0.09,20,0.09,12,0.1,15,0.1,,16,0.1,,30,0.1,,58,0,,30,0.1,30,0.1,25,0.06,13,0.1,,13,0.08,13,0.08,13,0.01,12,0.05,21,0.05,20,0.05,15,0.15,48,0.15,23,0.15,5,,5,0.08,5,0.01,18,0,6,0,13,0,18,0,20,0,28,0.15,20,0.4,,,,,15,0.05,30,0.1,15,0.05,,,,,,,,,13,0.02,13,0.02,,,15,0.02,60,0.02,18,0.02,,,,,,,,,,,,,,,,,,,,,30,0.1,60,0.1,58,0,
1012,Player/Characters/M1/Prefab/M1_HS001_Body.prefab,,Hoa Sơn-Nam,,,,2,0.5,38,0.1,10,0.1,20,,0,30,0.1,35,0.09,20,0.09,12,0.1,15,0.1,,16,0.1,,30,0.1,,58,0,,30,0.1,30,0.1,25,0.06,13,0.1,,10,0.08,13,0.08,11,0.01,14,0.05,8,0.05,13,0.05,16,0.05,47,0.15,23,0.15,5,,5,0.08,5,0.01,18,0,6,0,13,0,18,0,20,0,28,0.15,20,0.4,,,,,15,0.05,30,0.1,15,0.05,,,,,,,,,,,,,,,,,,,,,,,,,,,,,,,,,,,,,,,,,30,0.1,60,0.1,58,0,
1013,Player/Characters/F2/Prefab/F2_HS001_Body.prefab,,Hoa Sơn-Nữ,,,,2,0.5,38,0.1,10,0.1,20,,0,30,0.1,35,0.09,20,0.09,12,0.1,15,0.1,,16,0.1,,30,0.1,,58,0,,30,0.1,30,0.1,25,0.06,13,0.1,,10,0.08,13,0.08,11,0.01,14,0.05,8,0.05,13,0.05,16,0.05,47,0.15,23,0.15,5,,5,0.08,5,0.01,18,0,6,0,13,0,18,0,20,0,28,0.15,20,0.4,,,,,15,0.05,30,0.1,15,0.05,,,,,,,,,,,,,,,,,,,,,,,,,,,,,,,,,,,,,,,,,30,0.1,60,0.1,58,0,
1014,Player/Characters/M2/Prefab/M2_KL001_Body.prefab,,Nhân vật Côn Lôn- Nam,,,,2,0.5,38,0.1,6,0.1,20,,0,30,0.1,35,0.09,20,0.09,12,0.1,15,0.1,,18,0.1,,30,0.1,,70,0,,30,0.1,20,0.1,25,0.06,8,0.1,,9,0.08,10,0.08,15,0.1,5,0.05,9,0.05,12,0.05,15,0.15,37,0.15,23,0.15,5,,5,0.08,5,0.01,18,0,6,0,13,0,18,0,20,0,28,0.15,20,0.4,,,,,15,0.05,30,0.1,15,0.05,,,,,,,,,,,,,,,,,,,15,0.15,,,,,,,,,,,,,,,,,,,,,30,0.1,60,0.1,70,0,
1015,Player/Characters/M1/Prefab/M1_MJ001_Body.prefab,,Nhân vật Minh Giáo-Nam,,,,2,0.5,38,0.1,6,0.1,20,,0,30,0.1,35,0.09,20,0.09,12,0.1,15,0.1,,16,0.1,,30,0.1,,58,0,,30,0.1,30,0.1,25,0.06,8,0.01,,8,0.01,14,0.03,15,0.03,15,0.02,8,0.02,16,0.02,11,0.02,34,0.15,23,0.15,5,,4,0,11,0.01,18,0,6,0,13,0,18,0,20,0,28,0.15,20,0.4,,,,,15,0.05,30,0.1,15,0.05,,,,,,,,,,,,,,,,,,,,,,,,,,,,,,,,,,,,,,,,,30,0.1,60,0.1,58,0,
1016,Player/Characters/F2/Prefab/F2_MJ001_Body.prefab,,Nhân vật Minh Giáo-Nữ,,,,2,0.5,38,0.1,6,0.1,20,,0,30,0.1,35,0.09,20,0.09,12,0.1,15,0.1,,16,0.1,,30,0.1,,58,0,,30,0.1,30,0.1,25,0.06,8,0.01,,8,0.01,14,0.03,15,0.03,15,0.02,8,0.02,16,0.02,11,0.02,34,0.15,23,0.15,5,,4,0,11,0.01,18,0,6,0,13,0,18,0,20,0,28,0.15,20,0.4,,,,,15,0.05,30,0.1,15,0.05,,,,,,,,,,,,,,,,,,,,,,,,,,,,,,,,,,,,,,,,,30,0.1,60,0.1,58,0,
1017,Player/Characters/F1/Prefab/F1_TW001_Body.prefab,,Nhân vật Thiên Vương-Nữ,,,,1.6,0.5,45,0.1,10,0.1,19,,0,30,0.1,35,0.09,20,0.09,12,0.1,15,0.1,,18,0.1,,30,0.1,,53,0,,30,0.1,30,0.1,20,0.05,15,0.1,,14,0.08,13,0.1,14,0.05,17,0,20,0.1,5,0.2,20,0.15,60,0.15,23,0.15,,0.15,15,0.08,,,18,0,6,0,13,0,18,0,18,0,,,24,0.4,,,,,15,0.05,30,0.1,15,0.05,,,,,,,,,,,,,,,,,,,13,0.15,,,,,,,,,,,,,,,,,,,,,30,0.1,60,0.1,53,0,
1018,Player/Characters/M1/Prefab/M1_DS001_Body.prefab,,Nhân vật Đoàn Thị-Nam,,,,2,0.5,38,0.1,6,0.1,20,,0,30,0.1,35,0.09,20,0.09,12,0.1,15,0.1,,16,0.1,,30,0.1,,58,0,,30,0.1,30,0.1,25,0.06,10,0.01,,10,0.01,11,0.03,14,0.03,15,0.02,15,0.02,17,0.02,15,0.02,41,0.15,23,0.15,5,,4,0,11,0.01,18,0,6,0,13,0,18,0,20,0,28,0.15,20,0.4,,,,,15,0.05,30,0.1,15,0.05,,,,,,,,,,,,,,,,,,,,,,,,,,,,,,,,,,,,,,,,,30,0.1,60,0.1,58,0,
1019,Player/Characters/F1/Prefab/F1_DS001_Body.prefab,,Nhân vật Đoàn Thị-Nữ,,,,1.6,0.5,38,0.1,6,0.1,20,,0,30,0.1,35,0.09,20,0.09,12,0.1,15,0.1,,16,0.1,,30,0.1,,58,0,,30,0.1,30,0.1,25,0.06,10,0.01,,10,0.01,11,0.03,14,0.03,15,0.02,15,0.02,17,0.02,15,0.02,41,0.15,23,0.15,5,,4,0,11,0.01,18,0,6,0,13,0,18,0,20,0,28,0.15,20,0.4,,,,,15,0.05,30,0.1,15,0.05,,,,,,,,,,,,,,,,,,,,,,,,,,,,,,,,,,,,,,,,,30,0.1,60,0.1,58,0,
1020,Player/Characters/F2/Prefab/F2_XY001_Body.prefab,,Nhân vật Tiêu Dao-Nữ,,,,2,0.5,38,0.1,10,0.1,19,,0,30,0.1,35,0.09,20,0.09,12,0.1,15,0.1,,16,0.1,,30,0.1,,68,0,,30,0.1,30,0.1,25,0.06,13,0.1,,13,0.08,15,0.08,15,0.1,14,0.05,6,0.05,13,0.05,15,0.15,30,0.15,23,0.15,5,,5,0.08,5,0.01,18,0,6,0,13,0,18,0,20,0,28,0.15,23,0.4,,,,,15,0.05,30,0.1,15,0.05,,,,,,,,,,,,,,,,,,,,,,,,,,,,,,,,,,,,,,,,,30,0.1,60,0.1,68,0,
1021,Player/Characters/M1/Prefab/M1_WH001_Body.prefab,,Nhân vật Vạn Hoa-Nam,,,,2,0.5,38,0.1,6,0.1,20,,0,30,0.1,35,0.09,20,0.09,12,0.1,15,0.1,,16,0.1,,30,0.1,,58,0,,30,0.1,30,0.1,25,0.06,14,0.02,,15,0.02,13,0.02,20,0.02,18,0.02,13,0.02,15,0.02,18,0.02,37,0.15,23,0.15,5,,4,0,11,0.01,18,0,6,0,13,0,18,0,20,0,28,0.15,20,0.4,,,,,15,0.05,30,0.1,15,0.05,,,,,,,,,,,,,,,,,,,,,,,,,,,,,,,,,,,,,,,,,30,0.1,60,0.1,58,0,
1022,Player/Characters/F2/Prefab/F2_WH001_Body.prefab,,Nhân vật Vạn Hoa-Nữ,,,,2,0.5,38,0.1,6,0.1,20,,0,30,0.1,35,0.09,20,0.09,12,0.1,15,0.1,,16,0.1,,30,0.1,,93,0,,30,0.1,30,0.1,25,0.06,14,0.02,,15,0.02,13,0.02,20,0.02,18,0.02,13,0.02,15,0.02,18,0.02,37,0.15,23,0.15,5,,4,0,11,0.01,18,0,6,0,13,0,18,0,20,0,28,0.15,20,0.4,,,,,15,0.05,30,0.1,15,0.05,,,,,,,,,,,,,,,,,,,,,,,,,,,,,,,,,,,,,,,,,30,0.1,60,0.1,93,0,
1023,Player/Characters/F1/Prefab/F1_GB001_Body.prefab,,Nhân vật Cái Bang-Nữ,,,,1.6,0.5,38,0.1,10,0.1,19,,0,30,0.1,35,0.09,20,0.09,12,0.1,15,0.1,,16,0.1,,30,0.1,,54,0,10082,30,0.1,30,0.1,25,0.06,11,0.1,,12,0.08,11,0.08,12,0.1,10,0.05,19,0.05,15,0.05,15,0.15,40,0.15,23,0.15,5,,5,0.08,5,0.01,18,0,6,0,13,0,18,0,20,0,28,0.15,23,0.4,,,,,15,0.05,30,0.1,15,0.05,,,,,,,,,,,,,,,,,,,,,,,,,,,,,,,,,,,,,,,,,30,0.1,60,0.1,54,0,10082
1024,Player/Characters/M1/Prefab/M1_YM001_Body.prefab,,Nhân vật Dương Môn-Nam,,,,2,0.5,38,0.1,6,0.1,20,,0,30,0.1,35,0.09,20,0.09,12,0.1,15,0.1,,16,0.1,,30,0.1,,58,0,,30,0.1,30,0.1,25,0.06,12,0.02,,15,0.02,15,0.02,12,0.02,18,0.02,13,0.02,13,0.02,7,0.02,35,0.15,23,0.15,5,,4,0,11,0.01,18,0,6,0,13,0,18,0,20,0,28,0.15,20,0.4,,,,,15,0.05,30,0.1,15,0.05,,,,,9,0.1,11,0.02,11,0.02,17,0.02,20,0.02,16,0.02,16,0.02,5,0.02,30,0.1,16,0.1,35,0.09,16,0.09,12,0.1,6,0.1,25,0.06,18,0,7,0,20,0.4,30,0.1,60,0.1,58,0,
1025,Player/Characters/F2/Prefab/F2_YM001_Body.prefab,,Nhân vật Dương Môn-Nữ,,,,2,0.5,38,0.1,6,0.1,20,,0,30,0.1,35,0.09,20,0.09,12,0.1,15,0.1,,16,0.1,,30,0.1,,93,0,,30,0.1,30,0.1,25,0.06,12,0.02,,15,0.02,15,0.02,12,0.02,18,0.02,13,0.02,13,0.02,7,0.02,35,0.15,23,0.15,5,,4,0,11,0.01,18,0,6,0,13,0,18,0,20,0,28,0.15,20,0.4,,,,,15,0.05,30,0.1,15,0.05,,,,,9,0.1,11,0.02,11,0.02,17,0.02,20,0.02,16,0.02,16,0.02,5,0.02,30,0.1,16,0.1,35,0.09,16,0.09,12,0.1,6,0.1,25,0.06,18,0,7,0,20,0.4,30,0.1,60,0.1,93,0,
1026,Player/Characters/M1/Prefab/M1_TR001_Body.prefab,,Nhân vật Thiên Nhẫn-Nam,,,,2,0.5,45,0.1,9,0.1,20,,0,30,0.1,35,0.09,20,0.09,12,0.1,15,0.1,,15,0.1,,30,0.1,,51,0,,30,0.1,30,0.1,25,0.05,10,0.08,,10,0.08,14,0.065,12,0.01,12,0.09,16,0.1,15,0.05,15,0.1,31,0.1,23,0.15,,0.15,15,0.08,,,18,0,6,0,13,0,18,0,17,0,,,20,0.4,,,,,15,0.05,30,0.1,15,0.05,,,,,,,,,,,,,,,,,,,,,,,,,,,,,,,,,,,,,,,,,30,0.1,60,0.1,51,0,
1027,Player/Characters/M1/Prefab/M1_LQ001_Body.prefab,,Nhân vật Long Tước-Nam,,,,2,0.5,38,0.1,6,0.1,20,,0,30,0.1,35,0.09,20,0.09,12,0.1,15,0.1,,16,0.1,,30,0.1,,89,0.1,,30,0.1,30,0.1,25,0.06,13,0.01,,14,0.01,15,0.03,17,0.03,11,0.02,7,0.02,18,0.02,13,0.02,43,0.15,23,0.15,5,,4,0,11,0.01,18,0,6,0,13,0,18,0,20,0,28,0.15,20,0.4,,,,,15,0.05,30,0.1,15,0.05,,,,,11,0.05,11,0.05,11,0.05,14,0.05,,,,,,,,,,,,,,,,,,,,,,,,,,,,,30,0.1,60,0.1,89,0.1,
1028,Player/Characters/F2/Prefab/F2_LQ001_Body.prefab,,Nhân vật Long Tước-Nữ,,,,2,0.5,38,0.1,6,0.1,20,,0,30,0.1,35,0.09,20,0.09,12,0.1,15,0.1,,16,0.1,,30,0.1,,92,0.1,10120,30,0.1,30,0.1,25,0.06,13,0.01,,14,0.01,15,0.03,17,0.03,11,0.02,7,0.02,18,0.02,13,0.02,43,0.15,23,0.15,5,,4,0,11,0.01,18,0,6,0,13,0,18,0,20,0,28,0.15,20,0.4,,,,,15,0.05,30,0.1,15,0.05,,,,,11,0.05,11,0.05,11,0.05,14,0.05,,,,,,,,,,,,,,,,,,,,,,,,,,,,,30,0.1,60,0.1,92,0.1,10120
1029,Player/Characters/F1/Prefab/F1_TM001_Body.prefab,,Nhân vật Đường Môn-Nữ,,,,1.6,0.5,38,0.1,6,0.1,20,,0,30,0.1,35,0.09,20,0.09,12,0.1,15,0.1,,12,0.1,,30,0.1,,92,0.1,10121,30,0.1,30,0.1,25,0.06,10,0.1,,10,0.08,12,0.08,14,0.1,13,0.05,14,0.05,10,0.05,18,0.15,20,0.15,23,0.15,5,,5,0.08,10,0.01,18,0,6,0,13,0,18,0,20,0,28,0.15,23,0.4,,,,,15,0.05,30,0.1,15,0.05,,,,,,,,,,,,,,,,,,,,,,,,,,,,,,,,,,,,,,,,,30,0.1,60,0.1,92,0.1,10121
1030,Player/Characters/M1/Prefab/M1_SJ001_Body.prefab,,Nhân vật Thần Cơ-Nam,,,,2,0.5,38,0.1,6,0.1,20,,0,30,0.1,35,0.09,20,0.09,12,0.1,15,0.1,,16,0.1,,30,0.1,,153,0.1,10195,30,0.1,30,0.1,25,0.06,9,0.01,,10,0.01,13,0.03,15,0.03,13,0.02,20,0.02,13,0.02,15,0.02,63,0.15,23,0.15,5,,30,0,13,0.01,18,0,6,0,13,0,18,0,20,0,28,0.15,20,0.4,,,,,15,0.05,30,0.1,15,0.05,,,,,11,0.05,11,0.05,11,0.05,14,0.05,,,,,,,,,,,,,,,,,,,,,,,,,,,,,30,0.1,60,0.1,153,0.1,10195
1031,Player/Characters/F1/Prefab/F1_SJ001_Body.prefab,,Nhân vật Thần Cơ-Nữ,,,,1.6,0.5,38,0.1,6,0.1,20,,0,30,0.1,35,0.09,20,0.09,12,0.1,15,0.1,,16,0.1,,30,0.1,,164,0.1,10196,30,0.1,30,0.1,25,0.06,9,0.01,,10,0.01,13,0.03,15,0.03,13,0.02,20,0.02,13,0.02,15,0.02,63,0.15,23,0.15,5,,30,0,13,0.01,18,0,6,0,13,0,18,0,20,0,28,0.15,20,0.4,,,,,15,0.05,30,0.1,15,0.05,,,,,11,0.05,11,0.05,11,0.05,14,0.05,,,,,,,,,,,,,,,,,,,,,,,,,,,,,30,0.1,60,0.1,164,0.1,10196
1032,Player/Characters/F2/Prefab/F2_CJ001_Body.prefab,,Nhân vật Tàng Kiếm-Nữ,,,,2,0.5,38,0.1,6,0.1,20,,0,30,0.1,35,0.09,20,0.09,12,0.1,15,0.1,,16,0.1,,30,0.1,,92,0.1,,30,0.1,30,0.1,25,0.06,10,0.1,,10,0.08,12,0.08,14,0.1,13,0.05,14,0.05,10,0.05,18,0.15,20,0.15,23,0.15,5,,5,0.08,10,0.01,18,0,6,0,13,0,18,0,20,0,28,0.15,23,0.4,,,,,15,0.05,30,0.1,15,0.05,,,,,,,,,,,,,,,,,,,,,,,,,,,,,,,,,,,,,,,,,30,0.1,60,0.1,92,0.1,
1033,Player/Characters/M1/Prefab/M1_MW001_Body.prefab,,Nhân vật Huyền Thủy-Nam,,,,2,0.5,38,0.1,6,0.1,20,,0,30,0.1,35,0.09,20,0.09,12,0.1,15,0.1,,16,0.1,,30,0.1,,93,0,6490,30,0.1,30,0.1,25,0.06,12,0.01,,13,0.01,14,0.03,14,0.03,14,0.02,13,0.02,14,0.02,13,0.02,50,0.15,23,0.15,5,,4,0,11,0.01,18,0,6,0,13,0,18,0,20,0,28,0.15,20,0.4,,,,,15,0.05,30,0.1,15,0.05,,,,,,,,,,,,,,,,,,,,,,,,,,,,,,,,,,,,,,,,,30,0.1,60,0.1,93,0,6490
1034,Player/Characters/F2/Prefab/F2_MW001_Body.prefab,,Nhân vật Huyền Thủy-Nữ,,,,2,0.5,38,0.1,6,0.1,28,,0,30,0.1,35,0.09,20,0.09,12,0.1,15,0.1,,16,0.1,,30,0.1,,97,0,6491,30,0.1,30,0.1,25,0.06,12,0.01,,13,0.01,14,0.03,14,0.03,14,0.02,13,0.02,14,0.02,13,0.02,50,0.15,23,0.15,5,,4,0,11,0.01,18,0,6,0,13,0,18,0,20,0,28,0.15,20,0.4,,,,,15,0.05,30,0.1,15,0.05,,,,,,,,,,,,,,,,,,,,,,,,,,,,,,,,,,,,,,,,,30,0.1,60,0.1,97,0,6491
1035,Player/Characters/M1/Prefab/M1_CX001_Body.prefab,,Xung Tiêu-Nam,,,,2,0.5,38,0.1,6,0.1,20,,0,30,0.1,35,0.09,20,0.09,12,0.1,15,0.1,,16,0.1,,30,0.1,,93,0,6690,30,0.1,30,0.1,25,0.06,8,0.01,,16,0.01,14,0.03,14,0.03,14,0.02,19,0.02,20,0.02,14,0.02,49,0.15,23,0.15,5,,4,0,11,0.01,18,0,6,0,13,0,18,0,20,0,28,0.15,20,0.4,,,,,15,0.05,30,0.1,15,0.05,,,,,,,,,,,,,,,,,,,,,,,,,,,,,,,,,,,,,,,,,30,0.1,60,0.1,93,0,6690
1036,Player/Characters/F1/Prefab/F1_CX001_Body.prefab,,Xung Tiêu-Nữ,,,,1.6,0.5,38,0.1,6,0.1,28,,0,30,0.1,35,0.09,20,0.09,12,0.1,15,0.1,,16,0.1,,30,0.1,,110,0,6691,30,0.1,30,0.1,25,0.06,8,0.01,,16,0.01,14,0.03,14,0.03,14,0.02,19,0.02,20,0.02,14,0.02,49,0.15,23,0.15,5,,4,0,11,0.01,18,0,6,0,13,0,18,0,20,0,28,0.15,20,0.4,,,,,15,0.05,30,0.1,15,0.05,,,,,,,,,,,,,,,,,,,,,,,,,,,,,,,,,,,,,,,,,30,0.1,60,0.1,110,0,6691
1037,Player/Characters/M1/Prefab/M1_WW001_Body.prefab,,Nhân vật Long Uy-Nam,,,,2,0.5,38,0.1,6,0.1,20,,0,30,0.1,35,0.09,20,0.09,12,0.1,15,0.1,,16,0.1,,30,0.1,,105,0.1,,30,0.1,30,0.1,25,0.06,12,0.01,,10,0.01,11,0.03,18,0.03,16,0.02,15,0.02,14,0.02,16,0.02,61,0.15,23,0.15,5,,4,0,11,0.01,18,0,6,0,13,0,18,0,20,0,28,0.15,20,0.4,,,,,15,0.05,30,0.1,15,0.05,,,,,,,,,,,,,,,,,,,,,,,,,,,,,,,,,,,,,,,,,30,0.1,60,0.1,105,0.1,
1038,Player/Characters/F2/Prefab/F2_WW001_Body.prefab,,Nhân vật Long Uy-Nữ,,,,2,0.5,38,0.1,6,0.1,28,,0,30,0.1,35,0.09,20,0.09,12,0.1,15,0.1,,16,0.1,,30,0.1,,112,0.1,,30,0.1,30,0.1,25,0.06,12,0.01,,10,0.01,11,0.03,18,0.03,16,0.02,15,0.02,14,0.02,16,0.02,61,0.15,23,0.15,5,,4,0,11,0.01,18,0,6,0,13,0,18,0,20,0,28,0.15,20,0.4,,,,,15,0.05,30,0.1,15,0.05,,,,,,,,,,,,,,,,,,,,,,,,,,,,,,,,,,,,,,,,,30,0.1,60,0.1,112,0.1,
1039,Player/Characters/M1/Prefab/M1_CY001_Body.prefab,,Nhân vật Hội Mộng-Nam,,,,2,0.5,38,0.1,6,0.1,20,,0,30,0.1,35,0.09,20,0.09,12,0.1,15,0.1,,16,0.1,,30,0.1,,93,0,,30,0.1,30,0.1,25,0.06,11,0.01,,8,0.01,12,0.03,13,0.03,17,0.02,8,0.02,9,0.02,10,0.02,53,0.15,23,0.15,5,,4,0,11,0.01,18,0,6,0,13,0,18,0,20,0,28,0.15,20,0.4,,,,,15,0.05,30,0.1,15,0.05,,,,,,,,,,,,,,,,,,,,,,,,,,,,,,,,,,,,,,,,,30,0.1,60,0.1,93,0,
1040,Player/Characters/F1/Prefab/F1_CY001_Body.prefab,,Nhân vật Hội Mộng-Nữ,,,,1.6,0.5,38,0.1,6,0.1,28,,0,30,0.1,35,0.09,20,0.09,12,0.1,15,0.1,,16,0.1,,30,0.1,,110,0,,30,0.1,30,0.1,25,0.06,11,0.01,,8,0.01,12,0.03,13,0.03,17,0.02,8,0.02,9,0.02,10,0.02,53,0.15,23,0.15,5,,4,0,11,0.01,18,0,6,0,13,0,18,0,20,0,28,0.15,20,0.4,,,,,15,0.05,30,0.1,15,0.05,,,,,,,,,,,,,,,,,,,,,,,,,,,,,,,,,,,,,,,,,30,0.1,60,0.1,110,0,
1041,Player/Characters/M1/Prefab/M1_FC001_Body.prefab,,Nhân Vật Thiên Tâm-Nam,,,,2,0.5,38,0.1,6,0.1,20,,0,30,0.1,35,0.09,20,0.09,12,0.1,15,0.1,,16,0.1,,30,0.1,,93,0,,30,0.1,30,0.1,25,0.06,11,0.01,,8,0.01,12,0.03,13,0.03,25,0.02,21,0.02,24,0.02,20,0.02,60,0.15,23,0.15,5,,4,0,11,0.01,18,0,6,0,13,0,18,0,20,0,28,0.15,20,0.4,,,,,15,0.05,30,0.1,15,0.05,,,,,,,,,,,,,,,,,,,20,0.02,,,,,,,,,,,,,,,,,,,,,30,0.1,60,0.1,93,0,
1042,Player/Characters/F2/Prefab/F2_FC001_Body.prefab,,Nhân Vật Thiên Tâm-Nữ,,,,2,0.5,38,0.1,6,0.1,28,,0,30,0.1,35,0.09,20,0.09,12,0.1,15,0.1,,16,0.1,,30,0.1,,110,0,,30,0.1,30,0.1,25,0.06,11,0.01,,8,0.01,12,0.03,13,0.03,25,0.02,21,0.02,24,0.02,20,0.02,60,0.15,23,0.15,5,,4,0,11,0.01,18,0,6,0,13,0,18,0,20,0,28,0.15,20,0.4,,,,,15,0.05,30,0.1,15,0.05,,,,,,,,,,,,,,,,,,,20,0.02,,,,,,,,,,,,,,,,,,,,,30,0.1,60,0.1,110,0,
1043,Player/Characters/M1/Prefab/M1_GD001_Body.prefab,,Nhân vật Trảm Liệt-Nam,,,,2,0.5,38,0.1,6,0.1,20,,0,30,0.1,35,0.09,20,0.09,12,0.1,15,0.1,,16,0.1,,30,0.1,,93,0,,30,0.1,30,0.1,25,0.06,16,0.01,,13,0.01,16,0.03,18,0.03,13,0.02,12,0.02,20,0.02,16,0.02,46,0.15,23,0.15,5,,4,0,11,0.01,18,0,6,0,13,0,18,0,20,0,28,0.15,20,0.4,,,,,15,0.05,30,0.1,15,0.05,,,,,,,,,,,,,,,,,,,,,,,,,,,,,,,,,,,,,,,,,30,0.1,60,0.1,93,0,
1044,Player/Characters/F1/Prefab/F1_GD001_Body.prefab,,Nhân vật Trảm Liệt-Nữ Loli,,,,1.6,0.5,38,0.1,6,0.1,28,,0,30,0.1,35,0.09,20,0.09,12,0.1,15,0.1,,16,0.1,,30,0.1,,110,0,,30,0.1,30,0.1,25,0.06,16,0.01,,13,0.01,16,0.03,18,0.03,13,0.02,12,0.02,20,0.02,16,0.02,46,0.15,23,0.15,5,,4,0,11,0.01,18,0,6,0,13,0,18,0,20,0,28,0.15,20,0.4,,,,,15,0.05,30,0.1,15,0.05,,,,,,,,,,,,,,,,,,,,,,,,,,,,,,,,,,,,,,,,,30,0.1,60,0.1,110,0,
1045,Player/Characters/M1/Prefab/M1_SZ001_Body.prefab,,Nhân vật Cô Hồng-Nam,,,,2,0.5,38,0.1,6,0.1,30,,0,30,0.1,35,0.09,20,0.09,12,0.1,15,0.1,,16,0.1,,30,0.1,,56,0,,30,0.1,30,0.1,25,0.06,18,0.01,,14,0.01,17,0.03,23,0.03,18,0.02,20,0.02,15,0.02,19,0.02,22,0.15,23,0.15,5,,4,0,11,0.01,18,0,6,0,13,0,18,0,20,0,28,0.15,20,0.4,,,,,15,0.05,30,0.1,15,0.05,,,,,,,,,,,,,16,0.01,,,,,,,,,,,,,,,,,,,,,,,,,,,30,0.1,60,0.1,93,0,
1046,Player/Characters/F2/Prefab/F2_SZ001_Body.prefab,,Nhân vật Cô Hồng-Nữ,,,,2,0.5,38,0.1,6,0.1,20,,0,30,0.1,35,0.09,20,0.09,12,0.1,15,0.1,,16,0.1,,30,0.1,,51,0,,30,0.1,30,0.1,25,0.06,18,0.01,,14,0.01,17,0.03,23,0.03,18,0.02,20,0.02,15,0.02,19,0.02,22,0.15,23,0.15,5,,4,0,11,0.01,18,0,6,0,13,0,18,0,20,0,28,0.15,20,0.4,,,,,15,0.05,30,0.1,15,0.05,,,,,,,,,,,,,16,0.01,,,,,,,,,,,,,,,,,,,,,,,,,,,30,0.1,60,0.1,110,0,
1100,Player/Npcs/Prefabs/npc_100.prefab,,Trương Lâm Tâm,,,,1.75,0.5,15,0.1,6,0.1,19,,0,,,20,0.5,20,0.5,,0.1,16,0.1,,12,0.2,,30,0.2,,30,0.2,,30,0.2,20,0.2,24,0.15,15,0.1,,18,0.08,,0.1,,0.1,15,0.09,,0.15,,0.15,,0.15,,0.15,,,,0.15,,0.08,,,,,,,,,,,,,,,,,,,,,,,,,20,0.05,20,0.05,,,,,,,,,,,,,,,,,,,,,,,,,,,,,,,,,,,,,,,,,,,30,0.2,
1101,Player/Npcs/Prefabs/npc_101.prefab,64,Dương Ảnh Phong,,,,1.75,0.5,15,0.1,6,0.1,20,,0,,,16,0.5,16,0.5,,0.1,15,0.1,,12,0.2,,30,0.2,,30,0.2,,30,0.2,20,0.2,24,0.15,15,0.1,,15,0.08,,0.1,,0.1,15,0.09,,0.15,,0.15,,0.15,,0.15,,,,0.15,,0.08,,,,,,,,,,,,,,,,,,,,,,,,,20,0.05,,,,,,,,,,,,,,,,,,,,,,,,,,,,,,,,,,,,,,,,,,,,,30,0.2,
1102,Player/Npcs/Prefabs/npc_102.prefab,,Nguyệt My Nhi,,,,1.75,0.5,15,0.1,6,0.1,21,,0,,,19,0.5,19,0.5,,0.1,15,0.1,,12,0.2,,30,0.2,,30,0.2,,30,0.2,20,0.2,28,0.15,15,0.1,,15,0.08,,0.1,,0.1,15,0.09,,0.15,,0.15,,0.15,,0.15,,,,0.15,,0.08,,,,,,,,,,,,,,,,,,,,,,,,,20,0.05,,,,,,,,,,,,,,,,,,,,,,,,,,,,,,,,,,,,,,,,,,,,,30,0.2,
1103,Player/Npcs/Prefabs/npc_103.prefab,,,,,,1.75,0.5,15,0.1,6,0.1,18,,0,,,16,0.5,16,0.5,,0.1,16,0.1,,12,0.2,,30,0.2,,30,0.2,,30,0.2,20,0.2,24,0.15,15,0.1,,15,0.08,,0.1,,0.1,15,0.09,,0.15,,0.15,,0.15,,0.15,,,,0.15,,0.08,,,,,,,,,,,,,,,,,,,,,,,,,,,,,,,,,,,,,,,,,,,,,,,,,,,,,,,,,,,,,,,,,,,,,,,30,0.2,
1106,Player/Npcs/Prefabs/npc_106.prefab,,Khúc Hà,,,,1.75,0.5,15,0.1,6,0.1,20,,0,,,20,0.5,20,0.5,,0.1,16,0.1,,12,0.2,,30,0.2,,30,0.2,,30,0.2,20,0.2,24,0.15,15,0.1,,15,0.08,,0.1,,0.1,15,0.09,,0.15,,0.15,,0.15,,0.15,,,,0.15,,0.08,,,,,,,,,,,,,,,,,,,,,,,,,,,,,,,,,,,,,,,,,,,,,,,,,,,,,,,,,,,,,,,,,,,,,,,30,0.2,
1107,Player/Npcs/Prefabs/npc_162.prefab,,Lý Nguyên Bá,,,,1.75,0.5,15,0.1,6,0.1,20,,0,,,16,0.5,16,0.5,,0.1,16,0.1,,12,0.2,,30,0.2,,30,0.2,,30,0.2,20,0.2,24,0.15,14,0.1,,13,0.08,,0.1,,0.1,15,0.09,,0.15,,0.15,,0.15,,0.15,,,,0.15,,0.08,,,,,,,,,,,,,,,,,,,,,,,,,,,,,,,,,,,,,,,,,,,,,,,,,,,,,,,,,,,,,,,,,,,,,,,30,0.2,
1108,Player/Npcs/Prefabs/npc_108.prefab,,Kinh Kha,,,,1.75,0.5,15,0.1,6,0.1,20,,0,,,17,0.5,17,0.5,,0.1,16,0.1,,12,0.2,,30,0.2,,30,0.2,,30,0.2,20,0.2,24,0.15,15,0.1,,14,0.08,,0.1,,0.1,15,0.09,,0.15,,0.15,,0.15,,0.15,,,,0.15,,0.08,,,,,,,,,,,,,,,,,,,,,,,,,,,,,,,,,,,,,,,,,,,,,,,,,,,,,,,,,,,,,,,,,,,,,,,30,0.2,
1109,Player/Npcs/Prefabs/npc_109.prefab,,Triệu Thăng Quyền,,,,1.75,0.5,15,0.1,6,0.1,15,,0,,,15,0.5,15,0.5,,0.1,16,0.1,,12,0.2,,30,0.2,,30,0.2,,30,0.2,20,0.2,24,0.15,15,0.1,,15,0.08,,0.1,,0.1,15,0.09,,0.15,,0.15,,0.15,,0.15,,,,0.15,,0.08,,,,,,,,,,,,,,,,,,,,,,,,,,,,,,,,,,,,,,,,,,,,,,,,,,,,,,,,,,,,,,,,,,,,,,,30,0.2,
1110,Player/Npcs/Prefabs/npc_110.prefab,,Dương Hi Liệt,,,,1.75,0.5,15,0.1,6,0.1,22,,0,,,17,0.5,17,0.5,,0.1,16,0.1,,12,0.2,,30,0.2,,30,0.2,,30,0.2,20,0.2,30,0.15,15,0.1,,15,0.08,,0.1,,0.1,15,0.09,,0.15,,0.15,,0.15,,0.15,,,,0.15,,0.08,,,,,,,,,,,,,,,,,,,,,,,,,,,,,,,,,,,,,,,,,,,,,,,,,,,,,,,,,,,,,,,,,,,,,,,30,0.2,
1111,Player/Npcs/Prefabs/npc_111.prefab,,Lý Thiên Mục,,,,1.75,0.5,38,0.1,6,0.1,20,,0,,,35,0.09,35,0.09,13,0.1,15,0.1,,16,0.1,,30,0.1,,30,0.1,,30,0.1,30,0.1,25,0.06,13,0.1,,13,0.08,13,0.08,18,0.01,18,0.05,21,0.05,20,0.05,28,0.15,48,0.15,,,5,,5,0.08,5,0.01,20,0,6,0,13,0,18,0,20,0,28,0.15,20,0.4,,,,,,,,,,,,,,,,,,,,,,,,,,,,,,,,,,,,,,,,,,,,,,,,,,,,,,,30,0.1,
1112,Player/Npcs/Prefabs/npc_112.prefab,,Ngu Cơ,,,,1.75,0.5,15,0.1,6,0.1,18,,0,,,16,0.5,16,0.5,,0.1,16,0.1,,12,0.2,,30,0.2,,30,0.2,,30,0.2,20,0.2,24,0.15,13,0.1,,15,0.08,,0.1,,0.1,15,0.09,,0.15,,0.15,,0.15,,0.15,,,,0.15,,0.08,,,,,,,,,,,,,,,,,,,,,,,,,,,,,,,,,,,,,,,,,,,,,,,,,,,,,,,,,,,,,,,,,,,,,,,30,0.2,
1113,Player/Npcs/Prefabs/npc_113_b.prefab,218,Triệu Vân,,,,1.75,0.5,15,0.1,6,0.1,18,,0,,,16,0.5,16,0.5,,0.1,16,0.1,,12,0.2,,30,0.2,,30,0.2,,30,0.2,20,0.2,24,0.15,15,0.1,,15,0.08,,0.1,,0.1,15,0.09,,0.15,,0.15,,0.15,,0.15,,,,0.15,,0.08,,,,,,,,,,,,,,,,,,,,,,,,,,,,,,,,,,,,,,,,,,,,,,,,,,,,,,,,,,,,,,,,,,,,,,,30,0.2,
1114,Player/Npcs/Prefabs/npc_114.prefab,,,,,,1.75,0.5,15,0.1,6,0.1,16,,0,,,17,0.5,17,0.5,,0.1,16,0.1,,12,0.2,,30,0.2,,30,0.2,,30,0.2,20,0.2,24,0.15,14,0.1,,14,0.08,,0.1,,0.1,15,0.09,,0.15,,0.15,,0.15,,0.15,,,,0.15,,0.08,,,,,,,,,,,,,,,,,,,,,,,,,,,,,,,,,,,,,,,,,,,,,,,,,,,,,,,,,,,,,,,,,,,,,,,30,0.2,
1116,Player/Npcs/Prefabs/npc_116.prefab,,Đạo Nhất Chân Nhân,,,,1.75,0.5,15,0.1,6,0.1,20,,0,,,15,0.5,15,0.5,,0.1,16,0.1,,12,0.2,,30,0.2,,30,0.2,,30,0.2,20,0.2,24,0.15,15,0.1,,15,0.08,15,0.1,15,0.1,15,0.09,,0.15,,0.15,,0.15,,0.15,,,,0.15,,0.08,,,,,,,,,,,,,,,,,,,,,,,,,,,,,,,,,,,,,,,,,,,,,,,,,,,,,,,,,,,,,,,,,,,,,,,30,0.2,
1117,Player/Npcs/Prefabs/npc_117.prefab,,Phương Miễn,,,,1.75,0.5,15,0.1,6,0.1,19,,0,,,20,0.5,20,0.5,,0.1,16,0.1,,12,0.2,,30,0.2,,30,0.2,,30,0.2,20,0.2,24,0.15,15,0.1,,15,0.08,,0.1,,0.1,15,0.09,,0.15,,0.15,,0.15,,0.15,,,,0.15,,0.08,,,,,,,,,,,,,,,,,,,,,,,,,2,0.05,,,,,,,,,,,,,,,,,,,,,,,,,,,,,,,,,,,,,,,,,,,,,30,0.2,
1118,Player/Npcs/Prefabs/npc_118.prefab,,Vô Tướng,,,,1.75,0.5,15,0.1,6,0.1,20,,0,,,15,0.5,15,0.5,,0.1,16,0.1,,12,0.2,,30,0.2,,30,0.2,,30,0.2,20,0.2,26,0.15,15,0.1,,14,0.08,,0.1,,0.1,15,0.09,,0.15,,0.15,,0.15,,0.15,,,,0.15,,0.08,,,,,,,,,,,,,,,,,,,,,,,,,,,,,,,,,,,,,,,,,,,,,,,,,,,,,,,,,,,,,,,,,,,,,,,30,0.2,
1119,Player/Npcs/Prefabs/npc_119.prefab,63,Trương Phong,,,,1.75,0.5,15,0.1,6,0.1,19,,0,,,20,0.5,20,0.5,,0.1,16,0.1,,12,0.2,,30,0.2,,30,0.2,,30,0.2,20,0.2,40,0.15,15,0.1,,15,0.08,,0.1,,0.1,15,0.09,,0.15,,0.15,,0.15,,0.15,,,,0.15,,0.08,,,,,,,,,,,,,,,,,,,,,,,,,20,0.05,,,,,,,,,,,,,,,,,,,,,,,,,,,,,,,,,,,,,,,,,,,,,30,0.2,
1120,Player/Npcs/Prefabs/npc_120.prefab,,Lâm Hải,,,,1.75,0.5,15,0.1,6,0.1,19,,0,,,18,0.5,18,0.5,,0.1,16,0.1,,12,0.2,,30,0.2,,30,0.2,,30,0.2,20,0.2,24,0.15,15,0.1,,15,0.08,,0.1,,0.1,15,0.09,,0.15,,0.15,,0.15,,0.15,,,,0.15,,0.08,,,,,,,,,,,,,,,,,,,,,,,,,20,0.05,,,,,,,,,,,,,,,,,,,,,,,,,,,,,,,,,,,,,,,,,,,,,30,0.2,
1121,Player/Npcs/Prefabs/npc_121.prefab,,Lư Thanh,,,,1.75,0.5,15,0.1,6,0.1,20,,0,,,16,0.5,16,0.5,,0.1,16,0.1,,12,0.2,,30,0.2,,30,0.2,,30,0.2,20,0.2,24,0.15,14,0.1,,15,0.08,,0.1,,0.1,15,0.09,,0.15,,0.15,,0.15,,0.15,,,,0.15,,0.08,,,,,,,,,,,,,,,,,,,,,,,,,,,,,,,,,,,,,,,,,,,,,,,,,,,,,,,,,,,,,,,,,,,,,,,30,0.2,
1122,Player/Npcs/Prefabs/npc_122.prefab,,Đoan Mộc Duệ,,,,1.75,0.5,15,0.1,6,0.1,20,,0,,,30,0.5,16,0.5,,0.1,16,0.1,,12,0.2,,30,0.2,,30,0.2,,30,0.2,20,0.2,24,0.15,15,0.1,,15,0.08,,0.1,,0.1,15,0.09,,0.15,,0.15,,0.15,,0.15,,,,0.15,,0.08,,,,,,,,,,,,,,,,,,,,,,,,,,,,,,,,,,,,,,,,,,,,,,,,,,,,,,,,,,,,,,,,,,,,,,,30,0.2,
1123,Player/Npcs/Prefabs/npc_123.prefab,,Đại Sứ Vương Lão Cát,,,,1.75,0.5,16,0.1,6,0.1,14,,0,,,16,0.5,16,0.5,,0.1,15,0.1,,10,0.2,,30,0.2,,30,0.2,,30,0.2,20,0.2,,0.15,12,0.1,,13,0.08,,0.1,,0.1,,0.09,,0.15,,0.15,,0.15,,0.15,,,,0.15,,0.08,,,,,,,,,,,,,,,,,,,,,,,,,,,,,,,,,,,,,,,,,,,,,,,,,,,,,,,,,,,,,,,,,,,,,,,30,0.2,
1124,Player/Npcs/Prefabs/npc_124.prefab,,,,,,1.75,0.5,16,0.1,6,0.1,18,,0,,,18,0.5,18,0.5,,0.1,15,0.1,,9,0.2,,30,0.2,,30,0.2,,30,0.2,25,0.2,13,0.4,15,0.1,,15,0.08,,0.1,,0.1,,0.09,,0.15,,0.15,,0.15,,0.15,,,,0.15,,0.08,,,,,,,,,,,,,,,,,,,,,,,,,,,,,,,,,,,,,,,,,,,,,,,,,,,,,,,,,,,,,,,,,,,,,,,30,0.2,
1125,Player/Npcs/Prefabs/npc_125.prefab,,Tần Lương Ngọc,,,,1.75,0.5,15,0.1,9,0.1,30,,0,,,19,0.5,19,0.5,,0.1,16,0.1,,12,0.2,,30,0.2,,30,0.2,,30,0.2,20,0.2,45,0.15,15,0.1,,15,0.08,,0.1,,0.1,15,0.09,,0.15,,0.15,,0.15,,0.15,,,,0.15,,0.08,,,,,,,,,,,,,,,,,,,,,,,,,20,0.05,,,,,,,,,,,,,,,,,,,,,,,,,,,,,,,,,,,,,,,,,,,,,30,0.2,
1126,Player/Npcs/Prefabs/npc_126.prefab,,Tống Binh,,,,1.75,0.5,16,0.1,6,0.1,19,,0,,,30,0.1,18,0.5,,0.1,15,0.1,,12,0.2,,30,0.2,,30,0.2,,30,0.2,20,0.2,13,0.4,15,0.1,,15,0.08,,0.1,,0.1,20,0.09,,0.15,,0.15,,0.15,,0.15,,,,0.15,,0.08,,,,,,,,,,,,,,,,,,,,,,,,,20,0.09,,,,,,,,,,,,,,,,,,,,,,,,,,,,,,,,,,,,,,,,,,,,,30,0.2,
1127,Player/Npcs/Prefabs/npc_127.prefab,,Kim Binh,,,,1.75,0.5,16,0.1,6,0.1,19,,0,,,20,0.5,20,0.5,,0.1,16,0.1,,12,0.2,,30,0.2,,30,0.2,,30,0.2,20,0.2,24,0.15,15,0.1,,15,0.08,,0.1,,0.1,,0.09,,0.15,,0.15,,0.15,,0.15,,,,0.15,,0.08,,,,,,,,,,,,,,,,,,,,,,,,,,,,,,,,,,,,,,,,,,,,,,,,,,,,,,,,,,,,,,,,,,,,,,,30,0.2,
1129,Player/Npcs/Prefabs/npc_129.prefab,,Yên Nhược Tuyết,,,,1.75,0.5,15,0.1,6,0.1,17,,0,,,33,0.5,16,0.5,,0.1,16,0.1,,12,0.2,,30,0.2,,30,0.2,,30,0.2,20,0.2,24,0.15,15,0.1,,15,0.08,,0.1,,0.1,15,0.09,,0.15,,0.15,,0.15,,0.15,,,,0.15,,0.08,,,,,,,,,,,,,,,,,,,,,,,,,,,,,,,,,,,,,,,,,,,,,,,,,,,,,,,,,,,,,,,,,,,,,,,30,0.2,
1130,Player/Npcs/Prefabs/npc_130.prefab,,Nhạc Phi,,,,1.9,0.5,15,0.1,6,0.1,20,,0,,,30,0.5,17,0.5,,0.1,16,0.1,,12,0.2,,30,0.2,,30,0.2,,30,0.2,20,0.2,24,0.15,15,0.1,,15,0.08,,0.1,,0.1,15,0.09,,0.15,,0.15,,0.15,,0.15,,,,0.15,,0.08,,,,,,,,,,,,,,,,,,,,,,,,,,,,,,,,,,,,,,,,,,,,,,,,,,,,,,,,,,,,,,,,,,,,,,,30,0.2,
1131,Player/Npcs/Prefabs/npc_131.prefab,,Hoàn Nhan Tương,,,,1.9,0.5,15,0.1,6,0.1,20,,0,,,30,0.5,16,0.5,,0.1,16,0.1,,12,0.2,,30,0.2,,30,0.2,,30,0.2,20,0.2,24,0.15,15,0.1,,16,0.08,,0.1,,0.1,15,0.09,,0.15,,0.15,,0.15,,0.15,,,,0.15,,0.08,,,,,,,,,,,,,,,,,,,,,,,,,,,,,,,,,,,,,,,,,,,,,,,,,,,,,,,,,,,,,,,,,,,,,,,30,0.2,
1132,Player/Npcs/Prefabs/npc_132.prefab,,Huyền Nhân,,,,1.9,0.5,15,0.1,6,0.1,20,,0,,,30,0.5,16,0.5,,0.1,16,0.1,,12,0.2,,30,0.2,,30,0.2,,30,0.2,20,0.2,24,0.15,15,0.1,,16,0.08,,0.1,,0.1,15,0.09,,0.15,,0.15,,0.15,,0.15,,,,0.15,,0.08,,,,,,,,,,,,,,,,,,,,,,,,,,,,,,,,,,,,,,,,,,,,,,,,,,,,,,,,,,,,,,,,,,,,,,,30,0.2,
1133,Player/Npcs/Prefabs/npc_133.prefab,,Tiểu Duyên,,,,1.9,0.5,15,0.1,6,0.1,20,,0,,,30,0.5,16,0.5,,0.1,16,0.1,,12,0.2,,30,0.2,,30,0.2,,30,0.2,20,0.2,24,0.15,15,0.1,,16,0.08,,0.1,,0.1,15,0.09,,0.15,,0.15,,0.15,,0.15,,,,0.15,,0.08,,,,,,,,,,,,,,,,,,,,,,,,,,,,,,,,,,,,,,,,,,,,,,,,,,,,,,,,,,,,,,,,,,,,,,,30,0.2,
1134,Player/Npcs/Prefabs/npc_134.prefab,,Đĩnh Ca,,,,1.9,0.5,15,0.1,6,0.1,20,,0,,,30,0.5,16,0.5,,0.1,16,0.1,,12,0.2,,30,0.2,,30,0.2,,30,0.2,20,0.2,24,0.15,15,0.1,,16,0.08,,0.1,,0.1,15,0.09,,0.15,,0.15,,0.15,,0.15,,,,0.15,,0.08,,,,,,,,,,,,,,,,,,,,,,,,,,,,,,,,,,,,,,,,,,,,,,,,,,,,,,,,,,,,,,,,,,,,,,,30,0.2,
1135,Player/Npcs/Prefabs/npc_135.prefab,,Lý Quảng,,,,1.75,0.5,20,0.1,9,0.1,16,,0,,,17,0.1,17,0.1,,0.1,16,0.1,,12,0.2,,30,0.1,,30,0.1,,30,0.1,20,0.1,,0.15,14,0.1,,14,0.08,,0.1,,0.1,30,0.09,,0.15,,0.15,,0.15,,0.15,,,,0.15,18,0.08,,,,,,,,,,,,,,,,,,,,,,,,,,,,,,,,,,,,,,,,,,,,,,,,,,,,,,,,,,,,,,,,,,,,,,,30,0.1,
1136,Player/Npcs/Prefabs/npc_136.prefab,,Tần Thủy Hoàng,,,,3,0.5,20,0.1,6,0.1,20,,0,,,30,0.1,16,0.1,,0.1,16,0.1,,12,0.2,,30,0.1,,30,0.1,,30,0.1,20,0.1,,0.15,15,0.1,,15,0.08,,0.1,,0.1,30,0.09,,0.15,,0.15,,0.15,,0.15,,,,0.15,18,0.08,,,,,,,,,,,,,,,,,,,,,,,,,,,,,,,,,,,,,,,,,,,,,,,,,,,,,,,,,,,,,,,,,,,,,,,30,0.1,
1137,Player/Npcs/Prefabs/npc_137.prefab,,Bạch Khởi,,,,2.5,0.5,20,0.1,6,0.1,20,,0,,,30,0.1,16,0.1,,0.1,16,0.1,,12,0.2,,30,0.1,,30,0.1,,30,0.1,20,0.1,,0.15,15,0.1,,14,0.08,,0.1,,0.1,30,0.09,,0.15,,0.15,,0.15,,0.15,,,,0.15,18,0.08,,,,,,,,,,,,,,,,,,,,,,,,,,,,,,,,,,,,,,,,,,,,,,,,,,,,,,,,,,,,,,,,,,,,,,,30,0.1,
1138,Player/Npcs/Prefabs/npc_138.prefab,,Lý Tư,,,,2.5,0.5,20,0.1,6,0.1,20,,0,,,30,0.1,16,0.1,,0.1,16,0.1,,12,0.2,,30,0.1,,30,0.1,,30,0.1,20,0.1,,0.15,15,0.1,,15,0.08,,0.1,,0.1,30,0.09,,0.15,,0.15,,0.15,,0.15,,,,0.15,18,0.08,,,,,,,,,,,,,,,,,,,,,,,,,,,,,,,,,,,,,,,,,,,,,,,,,,,,,,,,,,,,,,,,,,,,,,,30,0.1,
1139,Player/Npcs/Prefabs/npc_139_new.prefab,,Gấu Trúc,,,,1.75,0.5,20,0.1,6,0.1,20,,0,,,30,0.1,16,0.1,,0.1,16,0.1,,12,0.2,,30,0.1,,30,0.1,,30,0.1,20,0.1,,0.15,15,0.1,,15,0.08,,0.1,,0.1,15,0.09,,0.15,,0.15,,0.15,,0.15,,,,0.15,18,0.08,,,,,,,,,,,,,,,,,,,,,,,,,,,,,,,,,,,,,,,,,,,,,,,,,,,,,,,,,,,,,,,,,,,,,,,30,0.1,
1149,Player/Npcs/Prefabs/npc_149.prefab,206,Doãn Tiêu Vũ-Thúy Yên Đại Đệ Tử,,,,1.75,0.5,16,0.1,6,0.1,16,,0,,,14,0.5,14,0.5,,0.1,15,0.1,,9,0.2,,30,0.2,,30,0.2,,30,0.2,20,0.2,43,0.4,15,0.1,,14,0.08,,0.1,,0.1,,0.09,,0.15,,0.15,,0.15,,0.15,,,,0.15,,0.08,,,,,,,,,,,,,,,,,,,,,,,,,,,,,,,,,,,,,,,,,,,,,,,,,,,,,,,,,,,,,,,,,,,,,,,30,0.2,
1150,Player/Npcs/Prefabs/npc_150.prefab,,Tuyền Cơ Tử-Côn Lôn Chưởng Môn,,,,1.9,0.5,16,0.1,6,0.1,20,,0,,,19,0.5,19,0.5,,0.1,15,0.1,,12,0.2,,30,0.2,,30,0.2,,30,0.2,20,0.2,19,0.15,15,0.1,,15,0.08,,0.1,,0.1,,0.09,,0.15,,0.15,,0.15,,0.15,,,,0.15,,0.08,,,,,,,,,,,,,,,,,,,,,,,,,25,0.05,,,,,,,,,,,,,,,,,,,,,,,,,,,,,,,,,,,,,,,,,,,,,30,0.2,
1151,Player/Npcs/Prefabs/npc_151.prefab,,Thanh Hiểu Sư Thái-Mới,,,,1.75,0.5,16,0.1,6,0.1,20,,0,,,19,0.5,19,0.5,,0.1,15,0.1,,12,0.2,,30,0.2,,30,0.2,,30,0.2,20,0.2,24,0.15,10,0.1,,10,0.08,13,0.1,15,0.1,,0.09,,0.15,,0.15,,0.15,,0.15,,,,0.15,,0.08,,,,,,,,,,,,,,,,,,,,,,,,,,,,,,,,,,,,,,,,,,,,,,,,,,,,,,,,,,,,,,,,,,,,,,,30,0.2,
1152,Player/Npcs/Prefabs/npc_152.prefab,,Tường Vi-Mới,,,,1.75,0.5,16,0.1,6,0.1,13,,0,,,18,0.5,18,0.5,,0.1,15,0.1,,12,0.2,,30,0.2,,30,0.2,,30,0.2,18,0.2,23,0.15,15,0.1,,,0.08,,0.1,,0.1,50,0.09,,0.15,,0.15,,0.15,,0.15,,,,0.15,,0.08,,,,,,,,,,,,,,,,,,,,,,,,,,,,,,,,,,,,,,,,,,,,,,,,,,,,,,,,,,,,,,,,,,,,,,,30,0.2,
1153,Player/Npcs/Prefabs/npc_153.prefab,201,Thu Y Thủy-Mới,,,,1.75,0.5,16,0.1,6,0.1,20,,0,,,15,0.5,15,0.5,,0.1,15,0.1,,12,0.2,,30,0.2,,30,0.2,,30,0.2,20,0.2,28,0.4,15,0.1,,15,0.08,,0.1,,0.1,,0.09,,0.15,,0.15,,0.15,,0.15,,,,0.15,,0.08,,,,,,,,,,,,,,,,,,,,,,,,,,,,,,,,,,,,,,,,,,,,,,,,,,,,,,,,,,,,,,,,,,,,,,,30,0.2,
1154,Player/Npcs/Prefabs/npc_154.prefab,,Cô Gái Giáng Sinh,,,,1.9,0.5,20,0.1,6,0.1,19,,0,,,30,0.1,16,0.1,,0.1,16,0.1,,12,0.2,,30,0.1,,30,0.1,,30,0.1,20,0.1,,0.15,13,0.1,,15,0.08,,0.1,,0.1,30,0.09,,0.15,,0.15,,0.15,,0.15,,,,0.15,18,0.08,,,,,,,,,,,,,,,,,,,,,,,,,,,,,,,,,,,,,,,,,,,,,,,,,,,,,,,,,,,,,,,,,,,,,,,30,0.1,
1155,Player/Npcs/Prefabs/npc_155.prefab,206,Ném Tuyết-Bé Trai,,,,1.6,0.5,20,0.1,6,0.1,19,,0,,,30,0.1,16,0.1,,0.1,18,0.1,,12,0.2,,30,0.1,,30,0.1,,30,0.1,20,0.1,,0.15,15,0.1,,15,0.08,,0.1,,0.1,30,0.09,,0.15,,0.15,,0.15,,0.15,,,,0.15,18,0.08,,,,,,,,,,,,,,,,,,,,,,,,,,,,,,,,,,,,,,,,,,,,,,,,,,,,,,,,,,,,,,,,,,,,,,,30,0.1,
1156,Player/Npcs/Prefabs/npc_156.prefab,206,Ném Tuyết-Bé Gái,,,,1.6,0.5,20,0.1,6,0.1,20,,0,,,30,0.1,16,0.1,,0.1,16,0.1,,12,0.2,,30,0.1,,30,0.1,,30,0.1,20,0.1,,0.15,15,0.1,,15,0.08,,0.1,,0.1,30,0.09,,0.15,,0.15,,0.15,,0.15,,,,0.15,18,0.08,,,,,,,,,,,,,,,,,,,,,,,,,,,,,,,,,,,,,,,,,,,,,,,,,,,,,,,,,,,,,,,,,,,,,,,30,0.1,
1157,Player/Npcs/Prefabs/npc_157.prefab,65,Nón Sư Tử-Bé Trai,,,,1.6,0.5,20,0.1,6,0.1,20,,0,,,30,0.1,16,0.1,,0.1,16,0.1,,12,0.2,,30,0.1,,30,0.1,,30,0.1,20,0.1,,0.15,5,0.1,,5,0.08,,0.1,,0.1,30,0.09,,0.15,,0.15,,0.15,,0.15,,,,0.15,18,0.08,,,,,,,,,,,,,,,,,,,,,,,,,,,,,,,,,,,,,,,,,,,,,,,,,,,,,,,,,,,,,,,,,,,,,,,30,0.1,
1158,Player/Npcs/Prefabs/npc_158.prefab,65,Nón Sư Tử-Bé Gái,,,,1.6,0.5,20,0.1,6,0.1,20,,0,,,30,0.1,16,0.1,,0.1,16,0.1,,12,0.2,,30,0.1,,30,0.1,,30,0.1,20,0.1,,0.15,5,0.1,,5,0.08,,0.1,,0.1,30,0.09,,0.15,,0.15,,0.15,,0.15,,,,0.15,18,0.08,,,,,,,,,,,,,,,,,,,,,,,,,,,,,,,,,,,,,,,,,,,,,,,,,,,,,,,,,,,,,,,,,,,,,,,30,0.1,
1159,Player/Npcs/Prefabs/npc_159.prefab,,Niên Thú,,,,2,0.5,20,0.1,6,0.1,20,,0,,,30,0.1,16,0.1,,0.1,16,0.1,,12,0.2,,30,0.1,,30,0.1,,30,0.1,20,0.1,,0.15,15,0.1,,15,0.08,,0.1,,0.1,30,0.09,,0.15,,0.15,,0.15,,0.15,,,,0.15,18,0.08,,,,,,,,,,,,,,,,,,,,,,,,,,,,,,,,,,,,,,,,,,,,,,,,,,,,,,,,,,,,,,,,,,,,,,,30,0.1,
1160,Player/Npcs/Prefabs/npc_160.prefab,,Ông Già Giáng Sinh,,,,1.9,0.5,20,0.1,6,0.1,20,,0,,,30,0.1,16,0.1,,0.1,16,0.1,,12,0.2,,30,0.1,,30,0.1,,30,0.1,20,0.1,,0.15,15,0.1,,15,0.08,,0.1,,0.1,30,0.09,,0.15,,0.15,,0.15,,0.15,,,,0.15,18,0.08,,,,,,,,,,,,,,,,,,,,,,,,,,,,,,,,,,,,,,,,,,,,,,,,,,,,,,,,,,,,,,,,,,,,,,,30,0.1,
1161,Player/Npcs/Prefabs/npc_161.prefab,,Doãn Hàm Yên,,,,1.75,0.5,16,0.1,6,0.1,20,,0,,,15,0.5,15,0.5,,0.1,15,0.1,,12,0.2,,30,0.2,,30,0.2,,30,0.2,20,0.2,28,0.4,15,0.1,,15,0.08,,0.1,,0.1,,0.09,,0.15,,0.15,,0.15,,0.15,,,,0.15,,0.08,,,,,,,,,,,,,,,,,,,,,,,,,,,,,,,,,,,,,,,,,,,,,,,,,,,,,,,,,,,,,,,,,,,,,,,30,0.2,
1162,Player/Npcs/Prefabs/npc_162.prefab,61,Lý Nguyên Bá,,,,2.2,0.5,15,0.1,6,0.1,20,,0,,,16,0.5,16,0.5,,0.1,16,0.1,,12,0.2,,30,0.2,,30,0.2,,30,0.2,20,0.2,24,0.15,14,0.1,,13,0.08,,0.1,,0.1,15,0.09,,0.15,,0.15,,0.15,,0.15,,,,0.15,,0.08,,,,,,,,,,,,,,,,,,,,,,,,,,,,,,,,,,,,,,,,,,,,,,,,,,,,,,,,,,,,,,,,,,,,,,,30,0.2,
1163,Player/Npcs/Prefabs/npc_163.prefab,61,Huyền Thiên Đạo Nhân,,,,2.2,0.5,20,0.1,6,0.1,20,,0,,,17,0.1,17,0.1,,0.1,15,0.1,,12,0.2,,30,0.1,,30,0.1,,30,0.1,20,0.1,,0.15,15,0.1,,15,0.08,,0.1,,0.1,30,0.09,,0.15,,0.15,,0.15,,0.15,,,,0.15,18,0.08,,,,,,,,,,,,,,,,,,,,,,,,,,,,,,,,,,,,,,,,,,,,,,,,,,,,,,,,,,,,,,,,,,,,,,,30,0.1,
1164,Player/Npcs/Prefabs/npc_164.prefab,65,Đường Giản,,,,2.2,0.5,16,0.1,6,0.1,26,,0,,,30,0.5,15,0.5,,0.1,15,0.1,,12,0.2,,30,0.2,,30,0.2,,30,0.2,20,0.2,28,0.4,15,0.1,,15,0.08,,0.1,,0.1,,0.09,,0.15,,0.15,,0.15,,0.15,,,,0.15,,0.08,,,,,,,,,,,,,,,,,,,,,,,,,,,,,,,,,,,,,,,,,,,,,,,,,,,,,,,,,,,,,,,,,,,,,,,30,0.2,
1165,Player/Npcs/Prefabs/npc_165.prefab,,Tống Thu Thạch-Côn Lôn Đại Đệ Tử,,,,1.75,0.5,16,0.1,6,0.1,20,,0,,,30,0.5,16,0.5,,0.1,16,0.1,,12,0.2,,30,0.2,,30,0.2,,30,0.2,20,0.2,,0.4,15,0.1,,15,0.08,,0.1,,0.1,,0.09,,0.15,,0.15,,0.15,,0.15,,,,0.15,,0.08,,,,,,,,,,,,,,,,,,,,,,,,,,,,,,,,,,,,,,,,,,,,,,,,,,,,,,,,,,,,,,,,,,,,,,,30,0.2,
1166,Player/Npcs/Prefabs/npc_166.prefab,,Đường Hiểu-Đường Môn Đại Đệ Tử,,,,1.75,0.5,16,0.1,6,0.1,18,,0,,,30,0.5,16,0.5,,0.1,16,0.1,,12,0.2,,30,0.2,,30,0.2,,30,0.2,20,0.2,,0.4,15,0.1,,15,0.08,,0.1,,0.1,,0.09,,0.15,,0.15,,0.15,,0.15,,,,0.15,,0.08,,,,,,,,,,,,,,,,,,,,,,,,,,,,,,,,,,,,,,,,,,,,,,,,,,,,,,,,,,,,,,,,,,,,,,,30,0.2,
1167,Player/Npcs/Prefabs/npc_167.prefab,,Hắc Diện Lang Quân-Ngũ Độc Chưởng Môn,,,,1.75,0.5,16,0.1,6,0.1,20,,0,,,30,0.5,20,0.5,,0.1,16,0.1,,12,0.2,,30,0.2,,30,0.2,,30,0.2,20,0.2,,0.4,15,0.1,,15,0.08,,0.1,,0.1,,0.09,,0.15,,0.15,,0.15,,0.15,,,,0.15,,0.08,,,,,,,,,,,,,,,,,,,,,,,,,,,,,,,,,,,,,,,,,,,,,,,,,,,,,,,,,,,,,,,,,,,,,,,30,0.2,
1168,Player/Npcs/Prefabs/npc_168.prefab,,Thạch Hiên Viên-Cái Bang Chưởng Môn,,,,1.75,0.5,16,0.1,6,0.1,20,,0,,,30,0.5,16,0.5,,0.1,16,0.1,,12,0.2,,30,0.2,,30,0.2,,30,0.2,20,0.2,,0.4,15,0.1,,15,0.08,,0.1,,0.1,,0.09,,0.15,,0.15,,0.15,,0.15,,,,0.15,,0.08,,,,,,,,,,,,,,,,,,,,,,,,,,,,,,,,,,,,,,,,,,,,,,,,,,,,,,,,,,,,,,,,,,,,,,,30,0.2,
1169,Player/Npcs/Prefabs/npc_169.prefab,,Huyền Từ-Thiếu Lâm Đại Đệ Tử,,,,1.75,0.5,16,0.1,6,0.1,20,,0,,,30,0.5,16,0.5,,0.1,16,0.1,,12,0.2,,30,0.2,,30,0.2,,30,0.2,20,0.2,,0.4,15,0.1,,15,0.08,,0.1,,0.1,,0.09,,0.15,,0.15,,0.15,,0.15,,,,0.15,,0.08,,,,,,,,,,,,,,,,,,,,,,,,,,,,,,,,,,,,,,,,,,,,,,,,,,,,,,,,,,,,,,,,,,,,,,,30,0.2,
1170,Player/Npcs/Prefabs/npc_170.prefab,,Hà Nhân Ngã-Cái Bang Đại Đệ Tử,,,,1.75,0.5,16,0.1,6,0.1,19,,0,,,30,0.5,16,0.5,,0.1,16,0.1,,12,0.2,,30,0.2,,30,0.2,,30,0.2,20,0.2,,0.4,15,0.1,,15,0.08,,0.1,,0.1,,0.09,,0.15,,0.15,,0.15,,0.15,,,,0.15,,0.08,,,,,,,,,,,,,,,,,,,,,,,,,,,,,,,,,,,,,,,,,,,,,,,,,,,,,,,,,,,,,,,,,,,,,,,30,0.2,
1171,Player/Npcs/Prefabs/npc_171.prefab,61,Quỷ Cốc Tử,,,,2.5,0.5,16,0.1,6,0.1,20,,0,,,30,0.5,16,0.5,,0.1,16,0.1,,12,0.2,,30,0.2,,30,0.2,,30,0.2,20,0.2,,0.4,15,0.1,,15,0.08,,0.1,,0.1,,0.09,,0.15,,0.15,,0.15,,0.15,,,,0.15,,0.08,,,,,,,,,,,,,,,,,,,,,,,,,,,,,,,,,,,,,,,,,,,,,,,,,,,,,,,,,,,,,,,,,,,,,,,30,0.2,
1172,Player/Npcs/Prefabs/npc_172.prefab,61,Trương Tam Phong,,,,2.5,0.5,16,0.1,6,0.1,20,,0,,,30,0.5,16,0.5,,0.1,16,0.1,,12,0.2,,30,0.2,,30,0.2,,30,0.2,20,0.2,,0.4,15,0.1,,15,0.08,,0.1,,0.1,,0.09,,0.15,,0.15,,0.15,,0.15,,,,0.15,,0.08,,,,,,,,,,,,,,,,,,,,,,,,,,,,,,,,,,,,,,,,,,,,,,,,,,,,,,,,,,,,,,,,,,,,,,,30,0.2,
1173,Player/Npcs/Prefabs/npc_173.prefab,64,Hạng Vũ,,,,3,0.5,16,0.1,6,0.1,20,,0,,,30,0.5,16,0.5,,0.1,16,0.1,,15,0.2,,30,0.2,,30,0.2,,30,0.2,20,0.2,,0.4,15,0.1,,15,0.08,,0.1,,0.1,,0.09,,0.15,,0.15,,0.15,,0.15,,,,0.15,,0.08,,,,,,,,,,,,,,,,,,,,,,,,,,,,,,,,,,,,,,,,,,,,,,,,,,,,,,,,,,,,,,,,,,,,,,,30,0.2,
1174,Player/Npcs/Prefabs/npc_174.prefab,,Cổ Yên Nhiên-Ngũ Độc Đại Đệ Tử,,,,1.75,0.5,16,0.1,6,0.1,20,,0,,,30,0.5,16,0.5,,0.1,16,0.1,,12,0.2,,30,0.2,,30,0.2,,30,0.2,20,0.2,,0.4,15,0.1,,15,0.08,,0.1,,0.1,,0.09,,0.15,,0.15,,0.15,,0.15,,,,0.15,,0.08,,,,,,,,,,,,,,,,,,,,,,,,,,,,,,,,,,,,,,,,,,,,,,,,,,,,,,,,,,,,,,,,,,,,,,,30,0.2,
1175,Player/Npcs/Prefabs/npc_175.prefab,,Đường Cừu-Đường Môn Chưởng Môn,,,,1.75,0.5,16,0.1,6,0.1,20,,0,,,30,0.5,16,0.5,,0.1,16,0.1,,12,0.2,,30,0.2,,30,0.2,,30,0.2,20,0.2,,0.4,15,0.1,,15,0.08,,0.1,,0.1,,0.09,,0.15,,0.15,,0.15,,0.15,,,,0.15,,0.08,,,,,,,,,,,,,,,,,,,,,,,,,,,,,,,,,,,,,,,,,,,,,,,,,,,,,,,,,,,,,,,,,,,,,,,30,0.2,
1178,Player/Npcs/Prefabs/npc_178a.prefab,,Thiên Sơn Dĩnh Bảo Bảo,,,,1.75,0.5,16,0.1,6,0.1,20,,0,,,30,0.5,16,0.5,,0.1,16,0.1,,12,0.2,,30,0.2,,30,0.2,,30,0.2,20,0.2,,0.4,15,0.1,,15,0.08,,0.1,,0.1,,0.09,,0.15,,0.15,,0.15,,0.15,,,,0.15,,0.08,,,,,,,,,,,,,,,,,,,,,,,,,,,,,,,,,,,,,,,,,,,,,,,,,,,,,,,,,,,,,,,,,,,,,,,30,0.2,
1179,Player/Npcs/Prefabs/npc_179a.prefab,,Thiên Sơn Lâm Triều Hoa,,,,1.75,0.5,16,0.1,6,0.1,20,,0,,,30,0.5,16,0.5,,0.1,16,0.1,,12,0.2,,30,0.2,,30,0.2,,30,0.2,20,0.2,,0.4,15,0.1,,15,0.08,,0.1,,0.1,,0.09,,0.15,,0.15,,0.15,,0.15,,,,0.15,,0.08,,,,,,,,,,,,,,,,,,,,,,,,,,,,,,,,,,,,,,,,,,,,,,,,,,,,,,,,,,,,,,,,,,,,,,,30,0.2,
1180,Player/Npcs/Prefabs/npc_178b.prefab,,Hoa Sơn Dĩnh Bảo Bảo,,,,1.75,0.5,16,0.1,6,0.1,20,,0,,,30,0.5,16,0.5,,0.1,16,0.1,,12,0.2,,30,0.2,,30,0.2,,30,0.2,20,0.2,,0.4,15,0.1,,15,0.08,,0.1,,0.1,,0.09,,0.15,,0.15,,0.15,,0.15,,,,0.15,,0.08,,,,,,,,,,,,,,,,,,,,,,,,,,,,,,,,,,,,,,,,,,,,,,,,,,,,,,,,,,,,,,,,,,,,,,,30,0.2,
1181,Player/Npcs/Prefabs/npc_179b.prefab,,Hoa Sơn Lâm Triều Hoa,,,,1.75,0.5,16,0.1,6,0.1,20,,0,,,30,0.5,16,0.5,,0.1,16,0.1,,12,0.2,,30,0.2,,30,0.2,,30,0.2,20,0.2,,0.4,15,0.1,,15,0.08,,0.1,,0.1,,0.09,,0.15,,0.15,,0.15,,0.15,,,,0.15,,0.08,,,,,,,,,,,,,,,,,,,,,,,,,,,,,,,,,,,,,,,,,,,,,,,,,,,,,,,,,,,,,,,,,,,,,,,30,0.2,
1182,Player/Npcs/Prefabs/npc_182.prefab,,Ong Quỷ,,,,1.75,0.5,15,0.1,6,0.1,10,,0,,,14,0.5,14,0.5,,0.1,20,0.1,,21,0.2,,30,0.2,,30,0.2,,30,0.2,20,0.2,24,0.15,10,0.1,,15,0.08,,0.1,,0.1,21,0.09,,0.15,,0.15,,0.15,,0.15,,,,0.15,,0.08,,,,,,,,,,,,,,,,,,,,,,,,,,,,,,,,,,,,,,,,,,,,,,,,,,,,,,,,,,,,,,,,,,,,,,,30,0.2,
1190,Player/Npcs/Prefabs/npc_164.prefab,65,Đường Giản,,,,1.9,0.5,16,0.1,6,0.1,26,,0,,,30,0.5,15,0.5,,0.1,15,0.1,,12,0.2,,30,0.2,,30,0.2,,30,0.2,20,0.2,28,0.4,15,0.1,,15,0.08,,0.1,,0.1,,0.09,,0.15,,0.15,,0.15,,0.15,,,,0.15,,0.08,,,,,,,,,,,,,,,,,,,,,,,,,,,,,,,,,,,,,,,,,,,,,,,,,,,,,,,,,,,,,,,,,,,,,,,30,0.2,
1191,Player/Npcs/Prefabs/npc_139_new.prefab,65,Gấu Trúc 2,,,,1.75,0.5,20,0.1,6,0.1,20,,0,,,30,0.1,16,0.1,,0.1,16,0.1,,12,0.2,,30,0.1,,30,0.1,,30,0.1,20,0.1,,0.15,15,0.1,,15,0.08,,0.1,,0.1,15,0.09,,0.15,,0.15,,0.15,,0.15,,,,0.15,18,0.08,,,,,,,,,,,,,,,,,,,,,,,,,,,,,,,,,,,,,,,,,,,,,,,,,,,,,,,,,,,,,,,,,,,,,,,30,0.1,
1192,Player/Npcs/Prefabs/npc_139_new.prefab,208,Gấu Trúc 3,,,,1.75,0.5,20,0.1,6,0.1,20,,0,,,30,0.1,16,0.1,,0.1,16,0.1,,12,0.2,,30,0.1,,30,0.1,,30,0.1,20,0.1,,0.15,15,0.1,,15,0.08,,0.1,,0.1,15,0.09,,0.15,,0.15,,0.15,,0.15,,,,0.15,18,0.08,,,,,,,,,,,,,,,,,,,,,,,,,,,,,,,,,,,,,,,,,,,,,,,,,,,,,,,,,,,,,,,,,,,,,,,30,0.1,
1193,Player/Npcs/Prefabs/npc_139_new.prefab,212,Gấu Trúc 4,,,,1.75,0.5,20,0.1,6,0.1,20,,0,,,30,0.1,16,0.1,,0.1,16,0.1,,12,0.2,,30,0.1,,30,0.1,,30,0.1,20,0.1,,0.15,15,0.1,,15,0.08,,0.1,,0.1,15,0.09,,0.15,,0.15,,0.15,,0.15,,,,0.15,18,0.08,,,,,,,,,,,,,,,,,,,,,,,,,,,,,,,,,,,,,,,,,,,,,,,,,,,,,,,,,,,,,,,,,,,,,,,30,0.1,
1194,Player/Npcs/Prefabs/npc_139_jx.prefab,,Thức tỉnh Gấu Trúc 1,,,,1.75,0.5,20,0.1,6,0.1,20,,0,,,30,0.1,16,0.1,,0.1,16,0.1,,12,0.2,,30,0.1,,30,0.1,,30,0.1,20,0.1,,0.15,15,0.1,,15,0.08,,0.1,,0.1,15,0.09,,0.15,,0.15,,0.15,,0.15,,,,0.15,18,0.08,,,,,,,,,,,,,,,,,,,,,,,,,,,,,,,,,,,,,,,,,,,,,,,,,,,,,,,,,,,,,,,,,,,,,,,30,0.1,
1195,Player/Npcs/Prefabs/npc_139_jx.prefab,65,Thức tỉnh Gấu Trúc 2,,,,1.75,0.5,20,0.1,6,0.1,20,,0,,,30,0.1,16,0.1,,0.1,16,0.1,,12,0.2,,30,0.1,,30,0.1,,30,0.1,20,0.1,,0.15,15,0.1,,15,0.08,,0.1,,0.1,15,0.09,,0.15,,0.15,,0.15,,0.15,,,,0.15,18,0.08,,,,,,,,,,,,,,,,,,,,,,,,,,,,,,,,,,,,,,,,,,,,,,,,,,,,,,,,,,,,,,,,,,,,,,,30,0.1,
1196,Player/Npcs/Prefabs/npc_139_jx.prefab,208,Thức tỉnh Gấu Trúc 3,,,,1.75,0.5,20,0.1,6,0.1,20,,0,,,30,0.1,16,0.1,,0.1,16,0.1,,12,0.2,,30,0.1,,30,0.1,,30,0.1,20,0.1,,0.15,15,0.1,,15,0.08,,0.1,,0.1,15,0.09,,0.15,,0.15,,0.15,,0.15,,,,0.15,18,0.08,,,,,,,,,,,,,,,,,,,,,,,,,,,,,,,,,,,,,,,,,,,,,,,,,,,,,,,,,,,,,,,,,,,,,,,30,0.1,
1197,Player/Npcs/Prefabs/npc_139_jx.prefab,212,Thức tỉnh Gấu Trúc 4,,,,1.75,0.5,20,0.1,6,0.1,20,,0,,,30,0.1,16,0.1,,0.1,16,0.1,,12,0.2,,30,0.1,,30,0.1,,30,0.1,20,0.1,,0.15,15,0.1,,15,0.08,,0.1,,0.1,15,0.09,,0.15,,0.15,,0.15,,0.15,,,,0.15,18,0.08,,,,,,,,,,,,,,,,,,,,,,,,,,,,,,,,,,,,,,,,,,,,,,,,,,,,,,,,,,,,,,,,,,,,,,,30,0.1,
1205,Player/Npcs/Prefabs/npc_205.prefab,,Võ Tắc Thiên,,,,2,0.5,16,0.1,6,0.1,20,,0,,,30,0.5,16,0.5,,0.1,16,0.1,,12,0.2,,30,0.2,,30,0.2,,30,0.2,20,0.2,,0.4,15,0.1,,15,0.08,,0.1,,0.1,,0.09,,0.15,,0.15,,0.15,,0.15,,,,0.15,,0.08,,,,,,,,,,,,,,,,,,,,,,,,,,,,,,,,,,,,,,,,,,,,,,,,,,,,,,,,,,,,,,,,,,,,,,,30,0.2,
1210,Player/Npcs/Prefabs/npc_210.prefab,,Băng Nghi-Trường Ca Đại Đệ Tử,,,,1.9,0.5,16,0.1,6,0.1,20,,0,,,30,0.5,16,0.5,,0.1,18,0.1,,12,0.2,,30,0.2,,30,0.2,,30,0.2,20,0.2,28,0.4,15,0.1,,15,0.08,,0.1,,0.1,,0.09,,0.15,,0.15,,0.15,,0.15,,,,0.15,,0.08,,,,,,,,,,,,,,,,,,,,,,,,,,,,,,,,,,,,,,,,,,,,,,,,,,,,,,,,,,,,,,,,,,,,,,,30,0.2,
1214,Player/Npcs/Prefabs/npc_214.prefab,,Hoàng Chân Y,,,,2,0.5,15,0.1,6,0.1,20,,0,,,30,0.5,16,0.5,,0.1,16,0.1,,12,0.2,,30,0.2,,30,0.2,,30,0.2,20,0.2,24,0.15,15,0.1,,15,0.08,,0.1,,0.1,15,0.09,,0.15,,0.15,,0.15,,0.15,,,,0.15,,0.08,,,,,,,,,,,,,,,,,,,,,,,,,,,,,,,,,,,,,,,,,,,,,,,,,,,,,,,,,,,,,,,,,,,,,,,30,0.2,
1217,Player/Npcs/Prefabs/npc_217.prefab,,Diệp Vô Tâm-Tàng Kiếm Chưởng Môn,,,,1.9,0.5,16,0.1,6,0.1,19,,0,,,30,0.5,17,0.5,,0.1,16,0.1,,12,0.2,,30,0.2,,30,0.2,,30,0.2,20,0.2,28,0.4,15,0.1,,15,0.08,,0.1,,0.1,,0.09,,0.15,,0.15,,0.15,,0.15,,,,0.15,,0.08,,,,,,,,,,,,,,,,,,,,,,,,,,,,,,,,,,,,,,,,,,,,,,,,,,,,,,,,,,,,,,,,,,,,,,,30,0.2,
1218,Player/Npcs/Prefabs/npc_218.prefab,,Diệp Thanh Dương-Tàng Kiếm Đại Đệ Tử,,,,1.9,0.5,16,0.1,6,0.1,20,,0,,,30,0.5,16,0.5,,0.1,16,0.1,,12,0.2,,30,0.2,,30,0.2,,30,0.2,20,0.2,28,0.4,15,0.1,,15,0.08,,0.1,,0.1,,0.09,,0.15,,0.15,,0.15,,0.15,,,,0.15,,0.08,,,,,,,,,,,,,,,,,,,,,,,,,,,,,,,,,,,,,,,,,,,,,,,,,,,,,,,,,,,,,,,,,,,,,,,30,0.2,
1219,Player/Npcs/Prefabs/npc_219.prefab,,Tiêu Ngọc Trúc-Trường Ca Chưởng Môn,,,,1.9,0.5,16,0.1,6,0.1,20,,0,,,30,0.5,16,0.5,,0.1,16,0.1,,12,0.2,,30,0.2,,30,0.2,,30,0.2,20,0.2,28,0.4,15,0.1,,15,0.08,,0.1,,0.1,,0.09,,0.15,,0.15,,0.15,,0.15,,,,0.15,,0.08,,,,,,,,,,,,,,,,,,,,,,,,,,,,,,,,,,,,,,,,,,,,,,,,,,,,,,,,,,,,,,,,,,,,,,,30,0.2,
1220,Player/Npcs/Prefabs/npc_220.prefab,,Vô Tự Bi,,,,2,0.5,16,0.1,6,0.1,20,,0,,,30,0.5,16,0.5,,0.1,16,0.1,,12,0.2,,30,0.2,,30,0.2,,30,0.2,20,0.2,,0.4,15,0.1,,15,0.08,,0.1,,0.1,,0.09,,0.15,,0.15,,0.15,,0.15,,,,0.15,,0.08,,,,,,,,,,,,,,,,,,,,,,,,,,,,,,,,,,,,,,,,,,,,,,,,,,,,,,,,,,,,,,,,,,,,,,,30,0.2,
1221,Player/Npcs/Prefabs/npc_221.prefab,,Địch Nhân Kiệt,,,,2,0.5,16,0.1,6,0.1,20,,0,,,30,0.5,16,0.5,,0.1,16,0.1,,12,0.2,,30,0.2,,30,0.2,,30,0.2,20,0.2,,0.4,15,0.1,,15,0.08,,0.1,,0.1,,0.09,,0.15,,0.15,,0.15,,0.15,,,,0.15,,0.08,,,,,,,,,,,,,,,,,,,,,,,,,,,,,,,,,,,,,,,,,,,,,,,,,,,,,,,,,,,,,,,,,,,,,,,30,0.2,
1222,Player/Npcs/Prefabs/npc_222.prefab,,Lý Nguyên Phương,,,,2,0.5,16,0.1,6,0.1,20,,0,,,30,0.5,16,0.5,,0.1,16,0.1,,12,0.2,,30,0.2,,30,0.2,,30,0.2,20,0.2,,0.4,15,0.1,,15,0.08,,0.1,,0.1,,0.09,,0.15,,0.15,,0.15,,0.15,,,,0.15,,0.08,,,,,,,,,,,,,,,,,,,,,,,,,,,,,,,,,,,,,,,,,,,,,,,,,,,,,,,,,,,,,,,,,,,,,,,30,0.2,
1223,Player/Npcs/Prefabs/npc_223.prefab,,Tuyền Cơ Tử (Sửa),,,,2,0.5,16,0.1,6,0.1,20,,0,,,30,0.5,16,0.5,,0.1,16,0.1,,12,0.2,,30,0.2,,30,0.2,,30,0.2,20,0.2,,0.4,15,0.1,,15,0.08,,0.1,,0.1,,0.09,,0.15,,0.15,,0.15,,0.15,,,,0.15,,0.08,,,,,,,,,,,,,,,,,,,,,,,,,,,,,,,,,,,,,,,,,,,,,,,,,,,,,,,,,,,,,,,,,,,,,,,30,0.2,
1231,Player/Npcs/Prefabs/npc_231.prefab,,Thiên Âm Trưởng Lão-Thiên Sơn Chưởng Môn,,,,2,0.5,16,0.1,6,0.1,20,,0,,,30,0.5,16,0.5,,0.1,16,0.1,,12,0.2,,30,0.2,,30,0.2,,30,0.2,20,0.2,,0.4,15,0.1,,15,0.08,,0.1,,0.1,,0.09,,0.15,,0.15,,0.15,,0.15,,,,0.15,,0.08,,,,,,,,,,,,,,,,,,,,,,,,,,,,,,,,,,,,,,,,,,,,,,,,,,,,,,,,,,,,,,,,,,,,,,,30,0.2,
1232,Player/Npcs/Prefabs/npc_232.prefab,,Kinh Tuyết-Thiên Sơn Đại Đệ Tử,,,,2,0.5,16,0.1,6,0.1,20,,0,,,30,0.5,16,0.5,,0.1,16,0.1,,12,0.2,,30,0.2,,30,0.2,,30,0.2,20,0.2,,0.4,15,0.1,,15,0.08,,0.1,,0.1,,0.09,,0.15,,0.15,,0.15,,0.15,,,,0.15,,0.08,,,,,,,,,,,,,,,,,,,,,,,,,,,,,,,,,,,,,,,,,,,,,,,,,,,,,,,,,,,,,,,,,,,,,,,30,0.2,
1233,Player/Npcs/Prefabs/npc_233.prefab,,Sương Nhi-Nhân Vật Thiên Sơn,,,,2,0.5,16,0.1,6,0.1,20,,0,,,30,0.5,16,0.5,,0.1,16,0.1,,12,0.2,,30,0.2,,30,0.2,,30,0.2,20,0.2,,0.4,15,0.1,,15,0.08,,0.1,,0.1,,0.09,,0.15,,0.15,,0.15,,0.15,,,,0.15,,0.08,,,,,,,,,,,,,,,,,,,,,,,,,,,,,,,,,,,,,,,,,,,,,,,,,,,,,,,,,,,,,,,,,,,,,,,30,0.2,
1236,Player/Npcs/Prefabs/npc_236.prefab,,Đạo Nhất Chân Nhân (Sửa),,,,2,0.5,16,0.1,6,0.1,20,,0,,,30,0.5,16,0.5,,0.1,16,0.1,,12,0.2,,30,0.2,,30,0.2,,30,0.2,20,0.2,,0.4,15,0.1,,15,0.08,,0.1,,0.1,,0.09,,0.15,,0.15,,0.15,,0.15,,,,0.15,,0.08,,,,,,,,,,,,,,,,,,,,,,,,,,,,,,,,,,,,,,,,,,,,,,,,,,,,,,,,,,,,,,,,,,,,,,,30,0.2,
1241,Player/Npcs/Prefabs/npc_241.prefab,206,Bá Đao Chưởng Môn,,,,2,0.5,16,0.1,6,0.1,20,,0,,,30,0.5,16,0.5,,0.1,16,0.1,,12,0.2,,30,0.2,,30,0.2,,30,0.2,20,0.2,,0.4,15,0.1,,15,0.08,,0.1,,0.1,,0.09,,0.15,,0.15,,0.15,,0.15,,,,0.15,,0.08,,,,,,,,,,,,,,,,,,,,,,,,,,,,,,,,,,,,,,,,,,,,,,,,,,,,,,,,,,,,,,,,,,,,,,,30,0.2,
1242,Player/Npcs/Prefabs/npc_242.prefab,,Bá Đao Đại Sư Huynh-Vương Vân Tiêu,,,,2,0.5,16,0.1,6,0.1,20,,0,,,30,0.5,16,0.5,,0.1,16,0.1,,12,0.2,,30,0.2,,30,0.2,,30,0.2,20,0.2,,0.4,15,0.1,,15,0.08,,0.1,,0.1,,0.09,,0.15,,0.15,,0.15,,0.15,,,,0.15,,0.08,,,,,,,,,,,,,,,,,,,,,,,,,,,,,,,,,,,,,,,,,,,,,,,,,,,,,,,,,,,,,,,,,,,,,,,30,0.2,
1243,Player/Npcs/Prefabs/npc_243.prefab,,Hoa Sơn Chưởng Môn,,,,2,0.5,16,0.1,6,0.1,20,,0,,,30,0.5,16,0.5,,0.1,16,0.1,,12,0.2,,30,0.2,,30,0.2,,30,0.2,20,0.2,,0.4,15,0.1,,15,0.08,,0.1,,0.1,,0.09,,0.15,,0.15,,0.15,,0.15,,,,0.15,,0.08,,,,,,,,,,,,,,,,,,,,,,,,,,,,,,,,,,,,,,,,,,,,,,,,,,,,,,,,,,,,,,,,,,,,,,,30,0.2,
1244,Player/Npcs/Prefabs/npc_244.prefab,,Hoa Sơn Đại Sư Huynh-Lâm Thanh Vũ,,,,2,0.5,16,0.1,6,0.1,20,,0,,,30,0.5,16,0.5,,0.1,16,0.1,,12,0.2,,30,0.2,,30,0.2,,30,0.2,20,0.2,,0.4,15,0.1,,15,0.08,,0.1,,0.1,,0.09,,0.15,,0.15,,0.15,,0.15,,,,0.15,,0.08,,,,,,,,,,,,,,,,,,,,,,,,,,,,,,,,,,,,,,,,,,,,,,,,,,,,,,,,,,,,,,,,,,,,,,,30,0.2,
1245,Player/Npcs/Prefabs/npc_245.prefab,,Hỉ Thước Thường,,,,2,0.5,16,0.1,6,0.1,20,,0,,,30,0.5,16,0.5,,0.1,16,0.1,,12,0.2,,40,0.1,,30,0.2,,30,0.2,20,0.2,,0.4,15,0.1,,15,0.08,,0.1,,0.1,,0.09,,0.15,,0.15,,0.15,,0.15,,,,0.15,,0.08,,,,,,,,,,,,,,,,,,,,,,,,,,,,,,,,,,,,,,,,,,,,,,,,,,,,,,,,,,,,,,,,,,,,,,,30,0.2,
1246,Player/Npcs/Prefabs/npc_245a.prefab,,Trác Mễ Hỉ Thước,,,,2,0.5,16,0.1,6,0.1,20,,0,,,30,0.5,16,0.5,,0.1,16,0.1,,12,0.2,,258,0.1,,30,0.2,,30,0.2,20,0.2,,0.4,15,0.1,,15,0.08,,0.1,,0.1,,0.09,,0.15,,0.15,,0.15,,0.15,,,,0.15,,0.08,,,,,,,,,,,,,,,,,,,,,,,,,,,,,,,,,,,,,,,,,,,,,,,,,,,,,,,,,,,,,,,,,,,,,,,30,0.2,
1247,Player/Npcs/Prefabs/npc_245b.prefab,,Triển Sí Hỉ Thước,,,,2,0.5,16,0.1,6,0.1,20,,0,,,30,0.5,16,0.5,,0.1,16,0.1,,12,0.2,,275,0.1,,30,0.2,,30,0.2,20,0.2,,0.4,15,0.1,,15,0.08,,0.1,,0.1,,0.09,,0.15,,0.15,,0.15,,0.15,,,,0.15,,0.08,,,,,,,,,,,,,,,,,,,,,,,,,,,,,,,,,,,,,,,,,,,,,,,,,,,,,,,,,,,,,,,,,,,,,,,30,0.2,
1248,Player/Npcs/Prefabs/npc_248.prefab,,Nghênh Khách,,,,2,0.5,16,0.1,6,0.1,20,,0,,,30,0.5,16,0.5,,0.1,33,0.1,,12,0.2,10062,40,0.1,,30,0.2,,30,0.2,20,0.2,,0.4,15,0.1,,15,0.08,,0.1,,0.1,,0.09,,0.15,,0.15,,0.15,,0.15,,,,0.15,,0.08,,,,,,,,,,,,,,,,,,,,,,,,,,,,,,,,,,,,,,,,,,,,,,,,,,,,,,,,,,,,,,,,,,,,,,,30,0.2,
1249,Player/Npcs/Prefabs/npc_249.prefab,61,Cô Gái Chong Chóng,,,,2,0.5,16,0.1,6,0.1,20,,0,,,30,0.5,16,0.5,,0.1,35,0.1,,12,0.2,,40,0.1,,30,0.2,,30,0.2,20,0.2,,0.4,15,0.1,,15,0.08,,0.1,,0.1,,0.09,,0.15,,0.15,,0.15,,0.15,,,,0.15,,0.08,,,,,,,,,,,,,,,,,,,,,,,,,,,,,,,,,,,,,,,,,,,,,,,,,,,,,,,,,,,,,,,,,,,,,,,30,0.2,
1250,Player/Npcs/Prefabs/npc_262.prefab,,Đoàn Thị Đại Sư Huynh-Đoàn Trí Hưng,,,,2,0.5,16,0.1,6,0.1,20,,0,,,30,0.5,16,0.5,,0.1,16,0.1,,12,0.2,,30,0.2,,30,0.2,,30,0.2,20,0.2,,0.4,15,0.1,,15,0.08,,0.1,,0.1,,0.09,,0.15,,0.15,,0.15,,0.15,,,,0.15,,0.08,,,,,,,,,,,,,,,,,,,,,,,,,,,,,,,,,,,,,,,,,,,,,,,,,,,,,,,,,,,,,,,,,,,,,,,30,0.2,
1251,Player/Npcs/Prefabs/npc_263.prefab,,Đoàn Chính Hưng,,,,2,0.5,16,0.1,6,0.1,20,,0,,,30,0.5,16,0.5,,0.1,16,0.1,,12,0.2,,30,0.2,,30,0.2,,30,0.2,20,0.2,,0.4,15,0.1,,15,0.08,,0.1,,0.1,,0.09,,0.15,,0.15,,0.15,,0.15,,,,0.15,,0.08,,,,,,,,,,,,,,,,,,,,,,,,,,,,,,,,,,,,,,,,,,,,,,,,,,,,,,,,,,,,,,,,,,,,,,,30,0.2,
1252,Player/Npcs/Prefabs/npc_260.prefab,,Ân Lợi Hanh,,,,2,0.5,16,0.1,6,0.1,20,,0,,,30,0.5,16,0.5,,0.1,16,0.1,,12,0.2,,30,0.2,,30,0.2,,30,0.2,20,0.2,,0.4,15,0.1,,15,0.08,,0.1,,0.1,,0.09,,0.15,,0.15,,0.15,,0.15,,,,0.15,,0.08,,,,,,,,,,,,,,,,,,,,,,,,,,,,,,,,,,,,,,,,,,,,,,,,,,,,,,,,,,,,,,,,,,,,,,,30,0.2,
1253,Player/Npcs/Prefabs/npc_261.prefab,,Trương Tùng Khê,,,,2,0.5,16,0.1,6,0.1,20,,0,,,30,0.5,16,0.5,,0.1,16,0.1,,12,0.2,,30,0.2,,30,0.2,,30,0.2,20,0.2,,0.4,15,0.1,,15,0.08,,0.1,,0.1,,0.09,,0.15,,0.15,,0.15,,0.15,,,,0.15,,0.08,,,,,,,,,,,,,,,,,,,,,,,,,,,,,,,,,,,,,,,,,,,,,,,,,,,,,,,,,,,,,,,,,,,,,,,30,0.2,
1254,Player/Npcs/Prefabs/npc_264.prefab,,Tống Viễn Kiều,,,,2,0.5,16,0.1,6,0.1,20,,0,,,30,0.5,16,0.5,,0.1,16,0.1,,12,0.2,,30,0.2,,30,0.2,,30,0.2,20,0.2,,0.4,15,0.1,,15,0.08,,0.1,,0.1,,0.09,,0.15,,0.15,,0.15,,0.15,,,,0.15,,0.08,,,,,,,,,,,,,,,,,,,,,,,,,,,,,,,,,,,,,,,,,,,,,,,,,,,,,,,,,,,,,,,,,,,,,,,30,0.2,
1255,Player/Npcs/Prefabs/boss010.prefab,15001,Huyền Thiên Võ Cơ,,,,3,0.5,20,0.1,6,0.1,20,,0,,,19,0.1,19,0.1,,0.1,15,0.1,,12,0.2,,30,0.1,,30,0.1,,30,0.1,20,0.1,,0.15,15,0.1,,17,0.08,,0.1,,0.1,30,0.09,,0.15,,0.15,,0.15,,0.15,,,,0.15,18,0.08,,,,,,,,,,,,,,,,,,,,,,,,,,,,,,,,,,,,,,,,,,,,,,,,,,,,,,,,,,,,,,,,,,,,,,,30,0.1,
1256,Player/Npcs/Prefabs/npc_157.prefab,15002,Bé Lửa,,,,1.6,0.5,20,0.1,6,0.1,20,,0,,,30,0.1,16,0.1,,0.1,16,0.1,,12,0.2,,30,0.1,,30,0.1,,30,0.1,20,0.1,,0.15,5,0.1,,5,0.08,,0.1,,0.1,30,0.09,,0.15,,0.15,,0.15,,0.15,,,,0.15,18,0.08,,,,,,,,,,,,,,,,,,,,,,,,,,,,,,,,,,,,,,,,,,,,,,,,,,,,,,,,,,,,,,,,,,,,,,,30,0.1,
1257,Player/Npcs/Prefabs/npc_157.prefab,15003,Bé Nước,,,,1.6,0.5,20,0.1,6,0.1,20,,0,,,30,0.1,16,0.1,,0.1,16,0.1,,12,0.2,,30,0.1,,30,0.1,,30,0.1,20,0.1,,0.15,5,0.1,,5,0.08,,0.1,,0.1,30,0.09,,0.15,,0.15,,0.15,,0.15,,,,0.15,18,0.08,,,,,,,,,,,,,,,,,,,,,,,,,,,,,,,,,,,,,,,,,,,,,,,,,,,,,,,,,,,,,,,,,,,,,,,30,0.1,
1265,Player/Npcs/Prefabs/npc_265.prefab,,Vạn Hoa Chưởng Môn-Lâm Phong Đường,,,,2,0.5,16,0.1,6,0.1,20,,0,,,30,0.5,16,0.5,,0.1,16,0.1,,12,0.2,,30,0.2,,30,0.2,,30,0.2,20,0.2,,0.4,15,0.1,,15,0.08,,0.1,,0.1,,0.09,,0.15,,0.15,,0.15,,0.15,,,,0.15,,0.08,,,,,,,,,,,,,,,,,,,,,,,,,,,,,,,,,,,,,,,,,,,,,,,,,,,,,,,,,,,,,,,,,,,,,,,30,0.2,
1266,Player/Npcs/Prefabs/npc_266.prefab,,Vạn Hoa Đại Sư Huynh-Trương Thừa Tố,,,,2,0.5,16,0.1,6,0.1,20,,0,,,30,0.5,16,0.5,,0.1,16,0.1,,12,0.2,,30,0.2,,30,0.2,,30,0.2,20,0.2,,0.4,15,0.1,,15,0.08,,0.1,,0.1,,0.09,,0.15,,0.15,,0.15,,0.15,,,,0.15,,0.08,,,,,,,,,,,,,,,,,,,,,,,,,,,,,,,,,,,,,,,,,,,,,,,,,,,,,,,,,,,,,,,,,,,,,,,30,0.2,
1267,Player/Npcs/Prefabs/npc_267.prefab,,Đạt Ma,,,,2,0.5,16,0.1,6,0.1,20,,0,,,30,0.5,16,0.5,,0.1,16,0.1,,12,0.2,,30,0.2,,30,0.2,,30,0.2,20,0.2,,0.4,15,0.1,,15,0.08,,0.1,,0.1,,0.09,,0.15,,0.15,,0.15,,0.15,,,,0.15,,0.08,,,,,,,,,,,,,,,,,,,,,,,,,,,,,,,,,,,,,,,,,,,,,,,,,,,,,,,,,,,,,,,,,,,,,,,30,0.2,
1268,Player/Npcs/Prefabs/npc_268.prefab,,Thủy Mặc Hổ,,,,1.75,0.5,20,0.1,6,0.1,20,,0,,,30,0.1,16,0.1,,0.1,16,0.1,,12,0.2,,30,0.1,,30,0.1,,30,0.1,20,0.1,,0.15,15,0.1,,15,0.08,,0.1,,0.1,15,0.09,,0.15,,0.15,15,0.02,,0.15,,,,0.15,18,0.08,,,,,,,,,,,,,,,,,,,,,,,,,,,,,,,,,,,,,,,,,,,,,,,,,,,,,,,,,,,,,,,,,,,,,,,30,0.1,
1278,Player/Npcs/Prefabs/npc_278.prefab,63,Dương Môn Chưởng Môn-Dương Kế Chu,,,,2,0.5,16,0.1,6,0.1,20,,0,,,30,0.5,16,0.5,,0.1,16,0.1,,12,0.2,,30,0.2,,30,0.2,,30,0.2,20,0.2,,0.4,15,0.1,,15,0.08,,0.1,,0.1,,0.09,,0.15,,0.15,,0.15,,0.15,,,,0.15,,0.08,,,,,,,,,,,,,,,,,,,,,,,,,,,,,,,,,,,,,,,,,,,,,,,,,,,,,,,,,,,,,,,,,,,,,,,30,0.2,
1279,Player/Npcs/Prefabs/npc_279.prefab,63,Dương Môn Đại Sư Huynh-Dương Tận Thầm,,,,2,0.5,16,0.1,6,0.1,20,,0,,,30,0.5,16,0.5,,0.1,16,0.1,,12,0.2,,30,0.2,,30,0.2,,30,0.2,20,0.2,,0.4,15,0.1,,15,0.08,,0.1,,0.1,,0.09,,0.15,,0.15,,0.15,,0.15,,,,0.15,,0.08,,,,,,,,,,,,,,,,,,,,,,,,,,,,,,,,,,,,,,,,,,,,,,,,,,,,,,,,,,,,,,,,,,,,,,,30,0.2,
1280,Player/Npcs/Prefabs/npc_284.prefab,63,Long Tước Chưởng Môn-Bách Lý Sùng Nhạc,,,,2,0.5,16,0.1,6,0.1,20,,0,,,30,0.5,16,0.5,,0.1,16,0.1,,12,0.2,,30,0.2,,30,0.2,,30,0.2,20,0.2,,0.4,15,0.1,,15,0.08,,0.1,,0.1,,0.09,,0.15,,0.15,,0.15,,0.15,,,,0.15,,0.08,,,,,,,,,,,,,,,,,,,,,,,,,,,,,,,,,,,,,,,,,,,,,,,,,,,,,,,,,,,,,,,,,,,,,,,30,0.2,
1281,Player/Npcs/Prefabs/npc_283.prefab,63,Long Tước Đại Sư Huynh-Công Tôn Khải Dương,,,,2,0.5,16,0.1,6,0.1,20,,0,,,30,0.5,16,0.5,,0.1,16,0.1,,12,0.2,,30,0.2,,30,0.2,,30,0.2,20,0.2,,0.4,15,0.1,,15,0.08,,0.1,,0.1,,0.09,,0.15,,0.15,,0.15,,0.15,,,,0.15,,0.08,,,,,,,,,,,,,,,,,,,,,,,,,,,,,,,,,,,,,,,,,,,,,,,,,,,,,,,,,,,,,,,,,,,,,,,30,0.2,
1282,Player/Npcs/Prefabs/npc_285.prefab,,Xe Đẩy,,,,2,0.5,16,0.1,6,0.1,20,,0,,,30,0.5,16,0.5,,0.1,18,0.1,,18,0.2,,98,0.1,,30,0.2,,30,0.2,98,0.2,,0.4,15,0.1,,15,0.08,,0.1,,0.1,,0.09,,0.15,,0.15,,0.15,,0.15,,,,0.15,,0.08,,,,,,,,,,,,,,,,,,,,,,,,,,,,,,,,,,,,,,,,,,,,,,,,,,,,,,,,,,,,,,,,,,,,,,,30,0.2,
1283,Player/Npcs/Prefabs/longzhou01.prefab,205,Thuyền Rồng 1,,,,1.6,0.5,20,0.1,6,0.1,20,,0,,,30,0.1,16,0.1,,0.1,16,0.1,,12,0.2,,30,0.1,,30,0.1,,30,0.1,20,0.1,,0.15,5,0.1,,5,0.08,,0.1,,0.1,30,0.09,,0.15,,0.15,,0.15,,0.15,,,,0.15,18,0.08,,,,,,,,,,,,,,,,,,,,,,,,,,,,,,,,,,,,,,,,,,,,,,,,,,,,,,,,,,,,,,,,,,,,,,,30,0.1,
1284,Player/Npcs/Prefabs/longzhou02.prefab,205,Thuyền Rồng 2,,,,1.6,0.5,20,0.1,6,0.1,20,,0,,,30,0.1,16,0.1,,0.1,16,0.1,,12,0.2,,30,0.1,,30,0.1,,30,0.1,20,0.1,,0.15,5,0.1,,5,0.08,,0.1,,0.1,30,0.09,,0.15,,0.15,,0.15,,0.15,,,,0.15,18,0.08,,,,,,,,,,,,,,,,,,,,,,,,,,,,,,,,,,,,,,,,,,,,,,,,,,,,,,,,,,,,,,,,,,,,,,,30,0.1,
1285,Player/Npcs/Prefabs/npc_289.prefab,,Thần Cơ-Rối Ưng,,,,3,0.5,20,0.1,6,0.1,20,,0,,,30,0.1,16,0.1,,0.1,16,0.1,,12,0.2,,30,0.1,,30,0.1,,30,0.1,20,0.1,,0.15,9,0.1,,10,0.08,13,0.1,15,0.1,13,0.09,20,0.15,15,0.15,15,0.02,63,0.15,,,,0.15,30,0.08,13,0.01,,,,,,,,,,,,,,,,,,,,,,,,,,,,,,,,,,,,,,,,,,,,,,,,,,,,,,,,,,,,,,,,,,,,,30,0.1,
1286,Player/Npcs/Prefabs/npc_298.prefab,532,Quan Vũ,,,,1.75,0.5,16,0.1,6,0.1,20,,0,,,30,0.5,16,0.5,,0.1,16,0.1,,12,0.2,,30,0.2,,30,0.2,,30,0.2,20,0.2,,0.4,15,0.1,,15,0.08,,0.1,,0.1,,0.09,,0.15,,0.15,,0.15,,0.15,,,,0.15,,0.08,,,,,,,,,,,,,,,,,,,,,,,,,,,,,,,,,,,,,,,,,,,,,,,,,,,,,,,,,,,,,,,,,,,,,,,30,0.2,
1287,Player/Npcs/Prefabs/npc_293.prefab,63,Thần Cơ Chưởng Môn-Nguyên Thiên Xu,,,,2,0.5,16,0.1,6,0.1,20,,0,,,30,0.5,16,0.5,,0.1,16,0.1,,12,0.2,,30,0.2,,30,0.2,,30,0.2,20,0.2,,0.4,15,0.1,,15,0.08,,0.1,,0.1,,0.09,,0.15,,0.15,,0.15,,0.15,,,,0.15,,0.08,,,,,,,,,,,,,,,,,,,,,,,,,,,,,,,,,,,,,,,,,,,,,,,,,,,,,,,,,,,,,,,,,,,,,,,30,0.2,
1288,Player/Npcs/Prefabs/npc_294.prefab,63,Thần Cơ Đại Sư Huynh-Hạ Dụ Đường,,,,2,0.5,16,0.1,6,0.1,20,,0,,,30,0.5,16,0.5,,0.1,16,0.1,,12,0.2,,30,0.2,,30,0.2,,30,0.2,20,0.2,,0.4,15,0.1,,15,0.08,,0.1,,0.1,,0.09,,0.15,,0.15,,0.15,,0.15,,,,0.15,,0.08,,,,,,,,,,,,,,,,,,,,,,,,,,,,,,,,,,,,,,,,,,,,,,,,,,,,,,,,,,,,,,,,,,,,,,,30,0.2,
1289,Player/Npcs/Prefabs/npc_303.prefab,63,Huyền Thủy Chưởng Môn-Phong Chính Nam,,,,2,0.5,16,0.1,6,0.1,20,,0,,,30,0.5,16,0.5,,0.1,16,0.1,,12,0.2,,30,0.2,,30,0.2,,30,0.2,20,0.2,,0.4,15,0.1,,15,0.08,,0.1,,0.1,,0.09,,0.15,,0.15,,0.15,,0.15,,,,0.15,,0.08,,,,,,,,,,,,,,,,,,,,,,,,,,,,,,,,,,,,,,,,,,,,,,,,,,,,,,,,,,,,,,,,,,,,,,,30,0.2,
1290,Player/Npcs/Prefabs/npc_302.prefab,63,Hành Lang Lv5-Chữ T,,,,2,0.5,16,0.1,6,0.1,20,,0,,,30,0.5,16,0.5,,0.1,16,0.1,,12,0.2,,30,0.2,,30,0.2,,30,0.2,20,0.2,,0.4,15,0.1,,15,0.08,,0.1,,0.1,,0.09,,0.15,,0.15,,0.15,,0.15,,,,0.15,,0.08,,,,,,,,,,,,,,,,,,,,,,,,,,,,,,,,,,,,,,,,,,,,,,,,,,,,,,,,,,,,,,,,,,,,,,,30,0.2,
1291,Player/Npcs/Prefabs/npc_312.prefab,63,Xung Tiêu Chưởng Môn-Ngô Thiên Tường,,,,2,0.5,16,0.1,6,0.1,20,,0,,,30,0.5,16,0.5,,0.1,16,0.1,,12,0.2,,30,0.2,,30,0.2,,30,0.2,20,0.2,,0.4,15,0.1,,15,0.08,,0.1,,0.1,,0.09,,0.15,,0.15,,0.15,,0.15,,,,0.15,,0.08,,,,,,,,,,,,,,,,,,,,,,,,,,,,,,,,,,,,,,,,,,,,,,,,,,,,,,,,,,,,,,,,,,,,,,,30,0.2,
1292,Player/Npcs/Prefabs/npc_313.prefab,63,Xung Tiêu Đại Sư Huynh-Trần Đại Thông,,,,2,0.5,16,0.1,6,0.1,20,,0,,,30,0.5,16,0.5,,0.1,16,0.1,,12,0.2,,30,0.2,,30,0.2,,30,0.2,20,0.2,,0.4,15,0.1,,15,0.08,,0.1,,0.1,,0.09,,0.15,,0.15,,0.15,,0.15,,,,0.15,,0.08,,,,,,,,,,,,,,,,,,,,,,,,,,,,,,,,,,,,,,,,,,,,,,,,,,,,,,,,,,,,,,,,,,,,,,,30,0.2,
1293,Player/Npcs/Prefabs/npc_329.prefab,,Toàn Thiên Thử,,,,1.6,0.5,20,0.1,6,0.1,20,,0,,,30,0.1,16,0.1,,0.1,16,0.1,,12,0.2,,30,0.1,,30,0.1,,30,0.1,20,0.1,,0.15,5,0.1,,5,0.08,,0.1,,0.1,30,0.09,,0.15,,0.15,,0.15,,0.15,,,,0.15,18,0.08,,,,,,,,,,,,,,,,,,,,,,,,,,,,,,,,,,,,,,,,,,,,,,,,,,,,,,,,,,,,,,,,,,,,,,,30,0.1,
1294,Player/Npcs/Prefabs/npc_331.prefab,,Triệt Địa Thử,,,,1.6,0.5,20,0.1,6,0.1,20,,0,,,30,0.1,16,0.1,,0.1,16,0.1,,12,0.2,,30,0.1,,30,0.1,,30,0.1,20,0.1,,0.15,5,0.1,,5,0.08,,0.1,,0.1,30,0.09,,0.15,,0.15,,0.15,,0.15,,,,0.15,18,0.08,,,,,,,,,,,,,,,,,,,,,,,,,,,,,,,,,,,,,,,,,,,,,,,,,,,,,,,,,,,,,,,,,,,,,,,30,0.1,
1295,Player/Npcs/Prefabs/npc_332.prefab,,Xuyên Sơn Thử,,,,1.6,0.5,20,0.1,6,0.1,20,,0,,,30,0.1,16,0.1,,0.1,16,0.1,,12,0.2,,30,0.1,,30,0.1,,30,0.1,20,0.1,,0.15,5,0.1,,5,0.08,,0.1,,0.1,30,0.09,,0.15,,0.15,,0.15,,0.15,,,,0.15,18,0.08,,,,,,,,,,,,,,,,,,,,,,,,,,,,,,,,,,,,,,,,,,,,,,,,,,,,,,,,,,,,,,,,,,,,,,,30,0.1,
1296,Player/Npcs/Prefabs/npc_330.prefab,,Phiên Giang Thử,,,,1.6,0.5,20,0.1,6,0.1,20,,0,,,30,0.1,16,0.1,,0.1,16,0.1,,12,0.2,,30,0.1,,30,0.1,,30,0.1,20,0.1,,0.15,5,0.1,,5,0.08,,0.1,,0.1,30,0.09,,0.15,,0.15,,0.15,,0.15,,,,0.15,18,0.08,,,,,,,,,,,,,,,,,,,,,,,,,,,,,,,,,,,,,,,,,,,,,,,,,,,,,,,,,,,,,,,,,,,,,,,30,0.1,
1297,Player/Npcs/Prefabs/npc_333.prefab,,Cẩm Mao Thử,,,,1.6,0.5,20,0.1,6,0.1,20,,0,,,30,0.1,16,0.1,,0.1,16,0.1,,12,0.2,,30,0.1,,30,0.1,,30,0.1,20,0.1,,0.15,5,0.1,,5,0.08,,0.1,,0.1,30,0.09,,0.15,,0.15,,0.15,,0.15,,,,0.15,18,0.08,,,,,,,,,,,,,,,,,,,,,,,,,,,,,,,,,,,,,,,,,,,,,,,,,,,,,,,,,,,,,,,,,,,,,,,30,0.1,
1298,Player/Npcs/Prefabs/npc_334.prefab,63,Thành Cát Tư Hãn,,,,1.75,0.5,16,0.1,6,0.1,20,,0,,,30,0.5,16,0.5,,0.1,16,0.1,,12,0.2,,30,0.2,,30,0.2,,30,0.2,20,0.2,,0.4,15,0.1,,15,0.08,,0.1,,0.1,,0.09,,0.15,,0.15,,0.15,,0.15,,,,0.15,,0.08,,,,,,,,,,,,,,,,,,,,,,,,,,,,,,,,,,,,,,,,,,,,,,,,,,,,,,,,,,,,,,,,,,,,,,,30,0.2,
1299,Player/Npcs/Prefabs/npc_344.prefab,63,Long Uy Chưởng Môn-Ngô Chính Vượng,,,,2,0.5,16,0.1,6,0.1,20,,0,,,30,0.5,16,0.5,,0.1,16,0.1,,12,0.2,,30,0.2,,30,0.2,,30,0.2,20,0.2,,0.4,15,0.1,,15,0.08,,0.1,,0.1,,0.09,,0.15,,0.15,,0.15,,0.15,,,,0.15,,0.08,,,,,,,,,,,,,,,,,,,,,,,,,,,,,,,,,,,,,,,,,,,,,,,,,,,,,,,,,,,,,,,,,,,,,,,30,0.2,
1300,Player/Npcs/Prefabs/npc_345.prefab,63,Long Uy Đại Sư Huynh-Chu Chấn Uy,,,,2,0.5,16,0.1,6,0.1,20,,0,,,30,0.5,16,0.5,,0.1,16,0.1,,12,0.2,,30,0.2,,30,0.2,,30,0.2,20,0.2,,0.4,15,0.1,,15,0.08,,0.1,,0.1,,0.09,,0.15,,0.15,,0.15,,0.15,,,,0.15,,0.08,,,,,,,,,,,,,,,,,,,,,,,,,,,,,,,,,,,,,,,,,,,,,,,,,,,,,,,,,,,,,,,,,,,,,,,30,0.2,
1301,Player/Npcs/Prefabs/npc_347.prefab,65,Trượt Tuyết-Nữ,,,,1.6,0.5,20,0.1,6,0.1,20,,0,,,30,0.1,16,0.1,,0.1,16,0.1,,20,0.2,,30,0.1,,30,0.1,,30,0.1,20,0.1,,0.15,5,0.1,,5,0.08,,0.1,,0.1,30,0.09,,0.15,,0.15,,0.15,,0.15,,,,0.15,18,0.08,,,,,,,,,,,,,,,,,,,,,,,,,,,,,,,,,,,,,,,,,,,,,,,,,,,,,,,,,,,,,,,,,,,,,,,30,0.1,
1302,Player/Npcs/Prefabs/npc_348.prefab,65,Trượt Tuyết-Nam,,,,1.6,0.5,20,0.1,6,0.1,20,,0,,,30,0.1,16,0.1,,0.1,16,0.1,,20,0.2,,30,0.1,,30,0.1,,30,0.1,20,0.1,,0.15,5,0.1,,5,0.08,,0.1,,0.1,30,0.09,,0.15,,0.15,,0.15,,0.15,,,,0.15,18,0.08,,,,,,,,,,,,,,,,,,,,,,,,,,,,,,,,,,,,,,,,,,,,,,,,,,,,,,,,,,,,,,,,,,,,,,,30,0.1,
1303,Player/Npcs/Prefabs/npc_362.prefab,63,Hội Mộng Chưởng Môn-Kinh Hạo,,,,2,0.5,16,0.1,6,0.1,20,,0,,,30,0.5,16,0.5,,0.1,16,0.1,,12,0.2,,30,0.2,,30,0.2,,30,0.2,20,0.2,,0.4,15,0.1,,15,0.08,,0.1,,0.1,,0.09,,0.15,,0.15,,0.15,,0.15,,,,0.15,,0.08,,,,,,,,,,,,,,,,,,,,,,,,,,,,,,,,,,,,,,,,,,,,,,,,,,,,,,,,,,,,,,,,,,,,,,,30,0.2,
1304,Player/Npcs/Prefabs/npc_363.prefab,63,Hội Mộng Đại Sư Huynh-Quan Đồng,,,,2,0.5,16,0.1,6,0.1,20,,0,,,30,0.5,16,0.5,,0.1,16,0.1,,12,0.2,,30,0.2,,30,0.2,,30,0.2,20,0.2,,0.4,15,0.1,,15,0.08,,0.1,,0.1,,0.09,,0.15,,0.15,,0.15,,0.15,,,,0.15,,0.08,,,,,,,,,,,,,,,,,,,,,,,,,,,,,,,,,,,,,,,,,,,,,,,,,,,,,,,,,,,,,,,,,,,,,,,30,0.2,
1305,Player/Npcs/Prefabs/npc_381.prefab,63,Thiên Tâm Chưởng Môn-Liêu Thủ Chân,,,,2,0.5,16,0.1,6,0.1,20,,0,,,30,0.5,16,0.5,,0.1,16,0.1,,12,0.2,,30,0.2,,30,0.2,,30,0.2,20,0.2,,0.4,15,0.1,,15,0.08,,0.1,,0.1,,0.09,,0.15,,0.15,,0.15,,0.15,,,,0.15,,0.08,,,,,,,,,,,,,,,,,,,,,,,,,,,,,,,,,,,,,,,,,,,,,,,,,,,,,,,,,,,,,,,,,,,,,,,30,0.2,
1306,Player/Npcs/Prefabs/npc_380.prefab,63,Thiên Tâm Đại Sư Tỷ-Liêu Minh Tâm,,,,2,0.5,16,0.1,6,0.1,20,,0,,,30,0.5,16,0.5,,0.1,16,0.1,,12,0.2,,30,0.2,,30,0.2,,30,0.2,20,0.2,,0.4,15,0.1,,15,0.08,,0.1,,0.1,,0.09,,0.15,,0.15,,0.15,,0.15,,,,0.15,,0.08,,,,,,,,,,,,,,,,,,,,,,,,,,,,,,,,,,,,,,,,,,,,,,,,,,,,,,,,,,,,,,,,,,,,,,,30,0.2,
1307,Player/Npcs/Prefabs/npc_387.prefab,63,Hoa Mộc Lan,,,,1.75,0.5,16,0.1,6,0.1,20,,0,,,30,0.5,16,0.5,,0.1,16,0.1,,12,0.2,,30,0.2,,30,0.2,,30,0.2,20,0.2,,0.4,15,0.1,,15,0.08,,0.1,,0.1,,0.09,,0.15,,0.15,,0.15,,0.15,,,,0.15,,0.08,,,,,,,,,,,,,,,,,,,,,,,,,,,,,,,,,,,,,,,,,,,,,,,,,,,,,,,,,,,,,,,,,,,,,,,30,0.2,
1308,Player/Npcs/Prefabs/npc_398.prefab,63,Trảm Liệt Thiếu Chủ-Quan Viện,,,,2,0.5,16,0.1,6,0.1,20,,0,,,30,0.5,16,0.5,,0.1,16,0.1,,12,0.2,,30,0.2,,30,0.2,,30,0.2,20,0.2,,0.4,15,0.1,,15,0.08,,0.1,,0.1,,0.09,,0.15,,0.15,,0.15,,0.15,,,,0.15,,0.08,,,,,,,,,,,,,,,,,,,,,,,,,,,,,,,,,,,,,,,,,,,,,,,,,,,,,,,,,,,,,,,,,,,,,,,30,0.2,
1309,Player/critter/prefab/wuzichuan02.prefab,205,Chiến Thuyền 1,,,,1.6,0.5,20,0.1,6,0.1,20,,0,,,30,0.1,16,0.1,,0.1,16,0.1,,12,0.2,,30,0.1,,30,0.1,,30,0.1,20,0.1,,0.15,5,0.1,,5,0.08,,0.1,,0.1,30,0.09,,0.15,,0.15,,0.15,,0.15,,,,0.15,18,0.08,,,,,,,,,,,,,,,,,,,,,,,,,,,,,,,,,,,,,,,,,,,,,,,,,,,,,,,,,,,,,,,,,,,,,,,30,0.1,
1310,Player/critter/prefab/wuzichuan03.prefab,205,Chiến Thuyền 2,,,,1.6,0.5,20,0.1,6,0.1,20,,0,,,30,0.1,16,0.1,,0.1,16,0.1,,12,0.2,,30,0.1,,30,0.1,,30,0.1,20,0.1,,0.15,5,0.1,,5,0.08,,0.1,,0.1,30,0.09,,0.15,,0.15,,0.15,,0.15,,,,0.15,18,0.08,,,,,,,,,,,,,,,,,,,,,,,,,,,,,,,,,,,,,,,,,,,,,,,,,,,,,,,,,,,,,,,,,,,,,,,30,0.1,
1311,Player/critter/prefab/wuzichuan04.prefab,205,Chiến Thuyền 3,,,,1.6,0.5,20,0.1,6,0.1,20,,0,,,30,0.1,16,0.1,,0.1,16,0.1,,12,0.2,,30,0.1,,30,0.1,,30,0.1,20,0.1,,0.15,5,0.1,,5,0.08,,0.1,,0.1,30,0.09,,0.15,,0.15,,0.15,,0.15,,,,0.15,18,0.08,,,,,,,,,,,,,,,,,,,,,,,,,,,,,,,,,,,,,,,,,,,,,,,,,,,,,,,,,,,,,,,,,,,,,,,30,0.1,
1312,Player/Npcs/Prefabs/npc_334.prefab,532,Thành Cát Tư Hãn,,,,1.75,0.5,16,0.1,6,0.1,20,,0,,,30,0.5,16,0.5,,0.1,16,0.1,,12,0.2,,30,0.2,,30,0.2,,30,0.2,20,0.2,,0.4,15,0.1,,15,0.08,,0.1,,0.1,,0.09,,0.15,,0.15,,0.15,,0.15,,,,0.15,,0.08,,,,,,,,,,,,,,,,,,,,,,,,,,,,,,,,,,,,,,,,,,,,,,,,,,,,,,,,,,,,,,,,,,,,,,,30,0.2,
1313,Player/Npcs/Prefabs/npc_406.prefab,63,Cô Hồng Đao Chủ-Tiêu Hàn Xuyên,,,,2,0.5,16,0.1,6,0.1,20,,0,,,30,0.5,16,0.5,,0.1,16,0.1,,12,0.2,,30,0.2,,30,0.2,,30,0.2,20,0.2,,0.4,15,0.1,,15,0.08,,0.1,,0.1,,0.09,,0.15,,0.15,,0.15,,0.15,,,,0.15,,0.08,,,,,,,,,,,,,,,,,,,,,,,,,,,,,,,,,,,,,,,,,,,,,,,,,,,,,,,,,,,,,,,,,,,,,,,30,0.2,
1314,Player/Npcs/Prefabs/npc_153.prefab,66,Thu Y Thủy-Mới,,,,3.25,0.5,16,0.1,6,0.1,20,,0,,,15,0.5,15,0.5,,0.1,15,0.1,,12,0.2,,30,0.2,,30,0.2,,30,0.2,20,0.2,28,0.4,15,0.1,,15,0.08,,0.1,,0.1,,0.09,,0.15,,0.15,,0.15,,0.15,,,,0.15,,0.08,,,,,,,,,,,,,,,,,,,,,,,,,,,,,,,,,,,,,,,,,,,,,,,,,,,,,,,,,,,,,,,,,,,,,,,30,0.2,
5012,Player/Npcs/Prefabs/boss002_n.prefab,,Diệp Vô Tâm-Tàng Kiếm Chưởng Môn,,,,1.75,0.5,5,0.1,6,0.1,26,,0,,,15,0.1,15,0.1,,0.1,15,0.1,,10,0.2,,30,0.2,,30,0.2,,30,0.2,20,0.2,52,0.15,17,0.1,,16,0.08,,0.1,,0.1,,0.09,,0.15,,0.15,,0.15,,0.15,,,,0.15,16,0.08,,,,,,,,,,,,,,,,,,,,,,,,,,,,,,,,,,,,,,,,,,,,,,,,,,,,,,,,,,,,,,,,,,,,,,,30,0.2,
5013,Player/Npcs/Prefabs/boss003.prefab,,Thiên Tinh Đạo Trưởng,,,,1.75,0.5,16,0.1,6,0.1,30,,0,,,25,0.1,25,0.1,,0.1,15,0.1,,12,0.2,,30,0.2,,30,0.2,,30,0.2,16,0.2,,0.15,17,0.1,,38,0.08,,0.1,,0.1,35,0.09,,0.15,,0.15,,0.15,,0.15,,,,0.15,25,0.08,,,,,,,,,,,,,,,,,,,,,,,,,,,,,,,,,,,,,,,,,,,,,,,,,,,,,,,,,,,,,,,,,,,,,,,30,0.2,
5014,Player/Npcs/Prefabs/boss004_n.prefab,,Tiêu Động Trần,,,,1.75,0.5,20,0.1,6,0.1,18,,0,,,20,0.1,20,0.1,,0.1,15,0.1,,12,0.2,,30,0.1,,30,0.1,,30,0.1,20,0.1,27,0.15,18,0.1,,18,0.08,,0.1,,0.1,30,0.09,,0.15,,0.15,,0.15,,0.15,,,,0.15,18,0.08,,,,,,,,,,,,,,,,,,,,,,,,,,,,,,,,,,,,,,,,,,,,,,,,,,,,,,,,,,,,,,,,,,,,,,,30,0.1,
5015,Player/Npcs/Prefabs/boss005.prefab,,Triết Biệt,,,,1.75,0.5,20,0.1,6,0.1,20,,0,,,20,0.1,20,0.1,,0.1,15,0.1,,12,0.2,,30,0.1,,30,0.1,,30,0.1,20,0.1,,0.15,18,0.1,,17,0.08,,0.1,,0.1,30,0.09,,0.15,,0.15,,0.15,,0.15,,,,0.15,18,0.08,,,,,,,,,,,,,,,,,,,,,,,,,,,,,,,,,,,,,,,,,,,,,,,,,,,,,,,,,,,,,,,,,,,,,,,30,0.1,
5016,Player/Npcs/Prefabs/npc_163.prefab,,Huyền Thiên Đạo Nhân,,,,1.75,0.5,20,0.1,6,0.1,20,,0,,,17,0.1,17,0.1,,0.1,15,0.1,,12,0.2,,30,0.1,,30,0.1,,30,0.1,20,0.1,,0.15,15,0.1,,15,0.08,,0.1,,0.1,30,0.09,,0.15,,0.15,,0.15,,0.15,,,,0.15,18,0.08,,,,,,,,,,,,,,,,,,,,,,,,,,,,,,,,,,,,,,,,,,,,,,,,,,,,,,,,,,,,,,,,,,,,,,,30,0.1,
5019,Player/Npcs/Prefabs/boss009.prefab,,Viên Thừa Chí,,,,1.75,0.5,20,0.1,6,0.1,20,,0,,,18,0.1,18,0.1,,0.1,15,0.1,,12,0.2,,30,0.1,,30,0.1,,30,0.1,20,0.1,,0.15,15,0.1,,18,0.08,,0.1,,0.1,30,0.09,,0.15,,0.15,,0.15,,0.15,,,,0.15,18,0.08,,,,,,,,,,,,,,,,,,,,,,,,,,,,,,,,,,,,,,,,,,,,,,,,,,,,,,,,,,,,,,,,,,,,,,,30,0.1,
5021,Player/Npcs/Prefabs/boss011.prefab,202,Thượng Quan Phi Long,,,,1.75,0.5,20,0.1,6,0.1,20,,0,,,20,0.1,20,0.1,,0.1,15,0.1,,12,0.2,,30,0.1,,30,0.1,,30,0.1,20,0.1,22,0.15,15,0.1,,18,0.08,,0.1,,0.1,30,0.09,,0.15,,0.15,,0.15,,0.15,,,,0.15,18,0.08,,,,,,,,,,,,,,,,,,,,,,,,,,,,,,,,,,,,,,,,,,,,,,,,,,,,,,,,,,,,,,,,,,,,,,,30,0.1,
5022,Player/Npcs/Prefabs/boss012.prefab,,Hồ Thần Y,,,,1.75,0.5,20,0.1,6,0.1,18,,0,,,18,0.1,18,0.1,,0.1,15,0.1,,12,0.2,,30,0.1,,30,0.1,,30,0.1,20,0.1,,0.15,15,0.1,,15,0.08,,0.1,,0.1,30,0.09,,0.15,,0.15,,0.15,,0.15,,,,0.15,18,0.08,,,,,,,,,,,,,,,,,,,,,,,,,,,,,,,,,,,,,,,,,,,,,,,,,,,,,,,,,,,,,,,,,,,,,,,30,0.1,
5023,Player/Npcs/Prefabs/boss013_n.prefab,,Đường Tiêu,,,,1.75,0.5,20,0.1,6,0.1,18,,0,,,16,0.1,16,0.1,,0.1,15,0.1,,12,0.2,,30,0.1,,30,0.1,,30,0.1,20,0.1,,0.15,15,0.1,,15,0.08,,0.1,,0.1,30,0.09,,0.15,,0.15,,0.15,,0.15,,,,0.15,18,0.08,,,,,,,,,,,,,,,,,,,,,,,,,,,,,,,,,,,,,,,,,,,,,,,,,,,,,,,,,,,,,,,,,,,,,,,30,0.1,
5025,Player/Npcs/Prefabs/boss015.prefab,,Ngao Bái,,,,1.75,0.5,20,0.1,6,0.1,16,,0,,,20,0.1,20,0.1,,0.1,15,0.1,,12,0.2,,30,0.1,,30,0.1,,30,0.1,20,0.1,,0.15,15,0.1,,15,0.08,,0.1,,0.1,30,0.09,,0.15,,0.15,,0.15,,0.15,,,,0.15,18,0.08,,,,,,,,,,,,,,,,,,,,,,,,,,,,,,,,,,,,,,,,,,,,,,,,,,,,,,,,,,,,,,,,,,,,,,,30,0.1,
5026,Player/Npcs/Prefabs/boss016_n.prefab,,Cửu Vĩ Hồ Vương,,,,1.75,0.5,20,0.1,6,0.1,20,,0,,,20,0.1,20,0.1,,0.1,15,0.1,,12,0.2,,30,0.1,,30,0.1,,30,0.1,20,0.1,,0.15,15,0.1,,15,0.08,,0.1,,0.1,30,0.09,,0.15,,0.15,,0.15,,0.15,,,,0.15,18,0.08,,,,,,,,,,,,,,,,,,,,,,,,,,,,,,,,,,,,,,,,,,,,,,,,,,,,,,,,,,,,,,,,,,,,,,,30,0.1,
5027,Player/Npcs/Prefabs/boss017_n.prefab,,Nam Cung Phi,,,,1.75,0.5,20,0.1,6,0.1,20,,0,,,20,0.1,20,0.1,,0.1,15,0.1,,12,0.2,,30,0.1,,30,0.1,,30,0.1,20,0.1,,0.15,15,0.1,,15,0.08,,0.1,,0.1,30,0.09,,0.15,,0.15,,0.15,,0.15,,,,0.15,18,0.08,,,,,,,,,,,,,,,,,,,,,,,,,,,,,,,,,,,,,,,,,,,,,,,,,,,,,,,,,,,,,,,,,,,,,,,30,0.1,
5028,Player/Npcs/Prefabs/boss018_n.prefab,,Hàn Ngọc Lộc Vương,,,,1.75,0.5,20,0.1,6,0.1,15,,0,,,17,0.1,17,0.1,,0.1,15,0.1,,9,0.2,,30,0.1,,30,0.1,,30,0.1,20,0.1,,0.15,20,0.1,,16,0.08,,0.1,,0.1,30,0.09,,0.15,,0.15,,0.15,,0.15,,,,0.15,18,0.08,,,,,,,,,,,,,,,,,,,,,,,,,,,,,,,,,,,,,,,,,,,,,,,,,,,,,,,,,,,,,,,,,,,,,,,30,0.1,
5029,Player/Npcs/Prefabs/boss019_n.prefab,,Đại Địa Lang Vương,,,,1.75,0.5,20,0.1,6,0.1,20,,0,,,20,0.1,20,0.1,,0.1,15,0.1,,12,0.2,,30,0.1,,30,0.1,,30,0.1,20,0.1,,0.15,15,0.1,,15,0.08,,0.1,,0.1,30,0.09,,0.15,,0.15,,0.15,,0.15,,,,0.15,18,0.08,,,,,,,,,,,,,,,,,,,,,,,,,,,,,,,,,,,,,,,,,,,,,,,,,,,,,,,,,,,,,,,,,,,,,,,30,0.1,
5030,Player/Npcs/Prefabs/boss020_n.prefab,,Bôn Diệm Báo Vương,,,,1.75,0.5,20,0.1,6,0.1,20,,0,,,20,0.1,20,0.1,,0.1,15,0.1,,12,0.2,,30,0.1,,30,0.1,,30,0.1,20,0.1,,0.15,15,0.1,,15,0.08,,0.1,,0.1,30,0.09,,0.15,,0.15,,0.15,,0.15,,,,0.15,18,0.08,,,,,,,,,,,,,,,,,,,,,,,,,,,,,,,,,,,,,,,,,,,,,,,,,,,,,,,,,,,,,,,,,,,,,,,30,0.1,
5031,Player/Npcs/Prefabs/boss021_n.prefab,,Hoàn Nhan Hồng Liệt,,,,1.75,0.5,20,0.1,6,0.1,20,,0,,,30,0.1,16,0.1,,0.1,16,0.1,,12,0.2,,30,0.1,,30,0.1,,30,0.1,20,0.1,,0.15,15,0.1,,15,0.08,,0.1,,0.1,30,0.09,,0.15,,0.15,,0.15,,0.15,,,,0.15,18,0.08,,,,,,,,,,,,,,,,,,,,,,,,,,,,,,,,,,,,,,,,,,,,,,,,,,,,,,,,,,,,,,,,,,,,,,,30,0.1,
5032,Player/Npcs/Prefabs/boss022_n.prefab,203,Độc Cô Kiếm,,,,1.75,0.5,20,0.1,6,0.1,20,,0,,,30,0.1,16,0.1,,0.1,16,0.1,,12,0.2,,30,0.1,,30,0.1,,30,0.1,20,0.1,,0.15,15,0.1,,18,0.08,,0.1,,0.1,30,0.09,,0.15,,0.15,,0.15,,0.15,,,,0.15,18,0.08,,,,,,,,,,,,,,,,,,,,,,,,,,,,,,,,,,,,,,,,,,,,,,,,,,,,,,,,,,,,,,,,,,,,,,,30,0.1,
5034,Player/Npcs/Prefabs/boss024_n.prefab,,Song Thủ Dị Thú,,,,1.75,0.5,20,0.1,13,0.1,20,,0,,,30,0.1,16,0.1,,0.1,16,0.1,,12,0.2,,30,0.1,,30,0.1,,30,0.1,20,0.1,,0.15,15,0.1,,15,0.08,,0.1,,0.1,30,0.09,,0.15,,0.15,,0.15,,0.15,,,,0.15,18,0.08,,,,,,,,,,,,,,,,,,,,,,,,,,,,,,,,,,,,,,,,,,,,,,,,,,,,,,,,,,,,,,,,,,,,,,,30,0.1,
5035,Player/Npcs/Prefabs/boss025_n.prefab,,Bạch Mi Hầu Vương,,,,1.75,0.5,20,0.1,6,0.1,20,,0,,,30,0.1,16,0.1,,0.1,16,0.1,,12,0.2,,30,0.1,,30,0.1,,30,0.1,20,0.1,,0.15,15,0.1,,15,0.08,,0.1,,0.1,30,0.09,,0.15,,0.15,,0.15,,0.15,,,,0.15,18,0.08,,,,,,,,,,,,,,,,,,,,,,,,,,,,,,,,,,,,,,,,,,,,,,,,,,,,,,,,,,,,,,,,,,,,,,,30,0.1,
5036,Player/Npcs/Prefabs/boss026_n.prefab,,Kim Sí Bằng Hoàng,,,,1.75,0.5,20,0.1,6,0.1,20,,0,,,30,0.1,16,0.1,,0.1,16,0.1,,12,0.2,,30,0.1,,30,0.1,,30,0.1,20,0.1,,0.15,15,0.1,,15,0.08,,0.1,,0.1,30,0.09,,0.15,,0.15,,0.15,,0.15,,,,0.15,18,0.08,,,,,,,,,,,,,,,,,,,,,,,,,,,,,,,,,,,,,,,,,,,,,,,,,,,,,,,,,,,,,,,,,,,,,,,30,0.1,
5037,Player/Npcs/Prefabs/boss027.prefab,203,Hám Thiên Hùng Hoàng,,,,2.3,0.5,20,0.1,6,0.1,20,,0,,,30,0.1,16,0.1,,0.1,16,0.1,,12,0.2,,30,0.1,,30,0.1,,30,0.1,20,0.1,,0.15,15,0.1,,15,0.08,,0.1,,0.1,30,0.09,,0.15,,0.15,,0.15,,0.15,,,,0.15,18,0.08,,,,,,,,,,,,,,,,,,,,,,,,,,,,,,,,,,,,,,,,,,,,,,,,,,,,,,,,,,,,,,,,,,,,,,,30,0.1,
5038,Player/Npcs/Prefabs/boss028_n.prefab,,Ngân Giác Tê Hoàng,,,,1.75,0.5,20,0.1,6,0.1,20,,0,,,30,0.1,16,0.1,,0.1,16,0.1,,12,0.2,,30,0.1,,30,0.1,,30,0.1,20,0.1,,0.15,15,0.1,,15,0.08,,0.1,,0.1,30,0.09,,0.15,,0.15,,0.15,,0.15,,,,0.15,18,0.08,,,,,,,,,,,,,,,,,,,,,,,,,,,,,,,,,,,,,,,,,,,,,,,,,,,,,,,,,,,,,,,,,,,,,,,30,0.1,
5039,Player/Npcs/Prefabs/boss029.prefab,,Xích Tinh Hổ Hoàng,,,,2.5,0.5,20,0.1,6,0.1,20,,0,,,30,0.1,16,0.1,,0.1,16,0.1,,12,0.2,,30,0.1,,30,0.1,,30,0.1,20,0.1,,0.15,15,0.1,,15,0.08,,0.1,,0.1,30,0.09,,0.15,,0.15,,0.15,,0.15,,,,0.15,18,0.08,,,,,,,,,,,,,,,,,,,,,,,,,,,,,,,,,,,,,,,,,,,,,,,,,,,,,,,,,,,,,,,,,,,,,,,30,0.1,
5040,Player/Npcs/Prefabs/boss030_n.prefab,,Định Hải Kim Cang,,,,1.75,0.5,20,0.1,6,0.1,20,,0,,,30,0.1,16,0.1,,0.1,16,0.1,,12,0.2,,30,0.1,,30,0.1,,30,0.1,20,0.1,,0.15,15,0.1,,15,0.08,,0.1,,0.1,30,0.09,,0.15,,0.15,,0.15,,0.15,,,,0.15,18,0.08,,,,,,,,,,,,,,,,,,,,,,,,,,,,,,,,,,,,,,,,,,,,,,,,,,,,,,,,,,,,,,,,,,,,,,,30,0.1,
5041,Player/Npcs/Prefabs/boss031.prefab,205,Tử Bối Ngạc Hoàng,,,,2,0.5,20,0.1,6,0.1,15,,0,,,30,0.1,16,0.1,,0.1,16,0.1,,8,0.2,,30,0.1,,30,0.1,,30,0.1,20,0.1,,0.15,17,0.1,,15,0.08,,0.1,,0.1,30,0.09,,0.15,,0.15,,0.15,,0.15,,,,0.15,18,0.08,,,,,,,,,,,,,,,,,,,,,,,,,,,,,,,,,,,,,,,,,,,,,,,,,,,,,,,,,,,,,,,,,,,,,,,30,0.1,
5042,Player/Npcs/Prefabs/boss032.prefab,202,Băng Lân Tích Hoàng,,,,2,0.5,20,0.1,6,0.1,15,,0,,,17,0.1,17,0.1,,0.1,15,0.1,,9,0.2,,30,0.1,,30,0.1,,30,0.1,20,0.1,,0.15,20,0.1,,16,0.08,,0.1,,0.1,30,0.09,,0.15,,0.15,,0.15,,0.15,,,,0.15,18,0.08,,,,,,,,,,,,,,,,,,,,,,,,,,,,,,,,,,,,,,,,,,,,,,,,,,,,,,,,,,,,,,,,,,,,,,,30,0.1,
5043,Player/Npcs/Prefabs/boss033.prefab,202,Ngân Câu Hạt Hoàng,,,,2,0.5,20,0.1,6,0.1,20,,0,,,20,0.1,20,0.1,,0.1,15,0.1,,12,0.2,,30,0.1,,30,0.1,,30,0.1,20,0.1,,0.15,15,0.1,,15,0.08,,0.1,,0.1,30,0.09,,0.15,,0.15,,0.15,,0.15,,,,0.15,18,0.08,,,,,,,,,,,,,,,,,,,,,,,,,,,,,,,,,,,,,,,,,,,,,,,,,,,,,,,,,,,,,,,,,,,,,,,30,0.1,
5044,Player/Npcs/Prefabs/boss034.prefab,203,Cuồng Tông Ngao Hoàng,,,,2,0.5,20,0.1,6,0.1,20,,0,,,20,0.1,20,0.1,,0.1,15,0.1,,12,0.2,,30,0.1,,30,0.1,,30,0.1,20,0.1,,0.15,15,0.1,,15,0.08,,0.1,,0.1,30,0.09,,0.15,,0.15,,0.15,,0.15,,,,0.15,18,0.08,,,,,,,,,,,,,,,,,,,,,,,,,,,,,,,,,,,,,,,,,,,,,,,,,,,,,,,,,,,,,,,,,,,,,,,30,0.1,
5101,Player/Npcs/Prefabs/npc_001.prefab,,,,,,1.75,0.5,16,0.1,6,0.1,24,,0,,,30,0.1,22,0.5,,0.1,15,0.1,,16,0.2,,30,0.2,,30,0.2,,30,0.2,16,0.2,,0.15,18,0.1,900101,,0.08,,0.1,,0.1,33,0.09,30,0.1,30,0.05,5,0.15,,0.15,,,,0.15,,0.08,,,,,,,,,,,,,,,,,,,,,,,,,,,,,,,,,,,,,,,,,,,,,,,,,,,,,,,,,,,,,,,,,,,,,,,30,0.2,
5102,Player/Npcs/Prefabs/npc_002.prefab,,,,,,1.75,0.5,16,0.1,6,0.1,21,,0,,,30,0.1,17,0.5,,0.1,15,0.1,,14,0.2,,30,0.2,,30,0.2,,30,0.2,18,0.2,,0.15,18,0.1,,,0.08,,0.1,,0.1,,0.09,,0.15,,0.15,,0.15,,0.15,,,,0.15,,0.08,,,,,,,,,,,,,,,,,,,,,,,,,,,,,,,,,,,,,,,,,,,,,,,,,,,,,,,,,,,,,,,,,,,,,,,30,0.2,
5103,Player/Npcs/Prefabs/npc_152.prefab,,Tường Vi-Mới,,,,1.75,0.5,16,0.1,6,0.1,13,,0,,,18,0.5,18,0.5,,0.1,15,0.1,,12,0.2,,30,0.2,,30,0.2,,30,0.2,18,0.2,23,0.15,15,0.1,,,0.08,,0.1,,0.1,50,0.09,,0.15,,0.15,,0.15,,0.15,,,,0.15,,0.08,,,,,,,,,,,,,,,,,,,,,,,,,,,,,,,,,,,,,,,,,,,,,,,,,,,,,,,,,,,,,,,,,,,,,,,30,0.2,
5104,Player/Npcs/Prefabs/npc_004.prefab,,Hồng Y Nữ Đồng,,,,1.75,0.5,16,0.1,6,0.1,31,,0,,,30,0.1,16,0.5,,0.1,15,0.1,,11,0.2,,30,0.2,,30,0.2,,30,0.2,20,0.2,13,0.15,17,0.1,900401,,0.08,,0.1,,0.1,,0.09,,0.15,,0.15,,0.15,,0.15,,,,0.15,,0.08,,,,,,,,,,,,,,,,,,,,,,,,,,,,,,,,,,,,,,,,,,,,,,,,,,,,,,,,,,,,,,,,,,,,,,,30,0.2,
5105,Player/Npcs/Prefabs/npc_005.prefab,,,,,,1.75,0.5,16,0.1,6,0.1,14,,0,,,30,0.1,13,0.5,,0.1,15,0.1,,12,0.2,,30,0.2,,30,0.2,,30,0.2,18,0.2,,0.15,15,0.1,,,0.08,,0.1,,0.1,,0.09,,0.15,,0.15,,0.15,,0.15,,,,0.15,,0.08,,,,,,,,,,,,,,,,,,,,,,,,,,,,,,,,,,,,,,,,,,,,,,,,,,,,,,,,,,,,,,,,,,,,,,,30,0.2,
5106,Player/Npcs/Prefabs/npc_006.prefab,,Phong Lâm Vệ,,,,1.9,0.5,16,0.1,6,0.1,20,,0,,,30,0.1,16,0.5,,0.1,15,0.1,,10,0.2,,30,0.2,,30,0.2,,30,0.2,20,0.2,,0.15,15,0.1,,22,0.08,,0.1,,0.1,,0.09,,0.15,,0.15,,0.15,,0.15,,,,0.15,,0.08,,,,,,,,,,,,,,,,,,,,,,,,,,,,,,,,,,,,,,,,,,,,,,,,,,,,,,,,,,,,,,,,,,,,,,,30,0.2,
5107,Player/Npcs/Prefabs/npc_007.prefab,,Sinh Sứ,,,,1.9,0.5,15,0.1,6,0.1,32,,0,,,15,0.5,15,0.5,,0.1,15,0.1,,10,0.2,,30,0.2,,30,0.2,,30,0.2,20,0.2,,0.15,18,0.1,,,0.08,,0.1,,0.1,,0.09,,0.15,,0.15,,0.15,,0.15,,,,0.15,,0.08,,,,,,,,,,,,,,,,,,,,,,,,,,,,,,,,,,,,,,,,,,,,,,,,,,,,,,,,,,,,,,,,,,,,,,,30,0.2,
5108,Player/Npcs/Prefabs/npc_008.prefab,,Hồng Anh Thị,,,,1.9,0.5,15,0.1,6,0.1,24,,0,,,30,0.1,15,0.5,,0.1,15,0.1,,10,0.2,,30,0.2,,30,0.2,,30,0.2,20,0.2,,0.15,18,0.1,900801,23,0.08,,0.1,,0.1,,0.09,,0.15,,0.15,,0.15,,0.15,,,,0.15,23,0.08,,,,,,,,,,,,,,,,,,,,,,,,,,,,,,,,,,,,,,,,,,,,,,,,,,,,,,,,,,,,,,,,,,,,,,,30,0.2,
5109,Player/Npcs/Prefabs/npc_009.prefab,,,,,,1.75,0.5,5,0.1,6,0.1,23,,0,,,17,0.5,17,0.5,,0.1,15,0.1,,8,0.2,,30,0.2,,30,0.2,,30,0.2,20,0.2,,0.15,14,0.1,,,0.08,,0.1,,0.1,,0.09,,0.15,,0.15,,0.15,,0.15,,,,0.15,,0.08,,,,,,,,,,,,,,,,,,,,,,,,,,,,,,,,,,,,,,,,,,,,,,,,,,,,,,,,,,,,,,,,,,,,,,,30,0.2,
5110,Player/Npcs/Prefabs/npc_010.prefab,,Hỏa Hồ,,,,1.75,0.5,5,0.1,6,0.1,41,,0,,,23,0.5,23,0.5,,0.1,15,0.1,,8,0.2,,30,0.2,,30,0.2,,30,0.2,15,0.2,,0.15,15,0.1,,,0.08,,0.1,,0.1,,0.09,,0.15,,0.15,,0.15,,0.15,,,,0.15,,0.08,,,,,,,,,,,,,,,,,,,,,,,,,,,,,,,,,,,,,,,,,,,,,,,,,,,,,,,,,,,,,,,,,,,,,,,30,0.2,
5111,Player/Npcs/Prefabs/npc_011.prefab,,,,,,1.75,0.5,15,0.1,6,0.1,21,,0,,,24,0.5,24,0.5,,0.1,15,0.1,,8,0.2,,30,0.2,,30,0.2,,30,0.2,20,0.2,,0.15,20,0.1,,,0.08,,0.1,,0.1,,0.09,,0.15,,0.15,,0.15,,0.15,,,,0.15,,0.08,,,,,,,,,,,,,,,,,,,,,,,,,,,,,,,,,,,,,,,,,,,,,,,,,,,,,,,,,,,,,,,,,,,,,,,30,0.2,
5112,Player/Npcs/Prefabs/npc_012.prefab,,,,,,1.75,0.5,16,0.1,6,0.1,38,,0,,,18,0.5,18,0.5,,0.1,15,0.1,,4,0.2,,30,0.2,,30,0.2,,30,0.2,30,0.2,,0.15,17,0.1,,,0.08,,0.1,,0.1,,0.09,,0.15,,0.15,,0.15,,0.15,,,,0.15,,0.08,,,,,,,,,,,,,,,,,,,,,,,,,,,,,,,,,,,,,,,,,,,,,,,,,,,,,,,,,,,,,,,,,,,,,,,30,0.2,
5113,Player/Npcs/Prefabs/npc_013.prefab,,,,,,5,0.5,16,0.1,6,0.1,14,,0,,,18,0.5,18,0.5,,0.1,15,0.1,,15,0.2,,30,0.2,,30,0.2,,30,0.2,15,0.2,,0.15,15,0.1,,,0.08,,0.1,,0.1,,0.09,,0.15,,0.15,,0.15,,0.15,,,,0.15,,0.08,,,,,,,,,,,,,,,,,,,,,,,,,,,,,,,,,,,,,,,,,,,,,,,,,,,,,,,,,,,,,,,,,,,,,,,30,0.2,
5114,Player/Npcs/Prefabs/npc_014.prefab,,Mãnh Hổ,,,,1.75,0.5,16,0.1,6,0.1,12,,0,,,1,0.5,1,0.5,,0.1,15,0.1,,10,0.2,,30,0.2,,30,0.2,,30,0.2,15,0.2,,0.15,20,0.1,901401,,0.08,,0.1,,0.1,,0.09,,0.15,,0.15,,0.15,,0.15,,,,0.15,,0.08,,,,,,,,,,,,,,,,,,,,,,,,,,,,,,,,,,,,,,,,,,,,,,,,,,,,,,,,,,,,,,,,,,,,,,,30,0.2,
5115,Player/Npcs/Prefabs/npc_015.prefab,,Sói Xám,,,,1.75,0.5,16,0.1,6,0.1,13,,0,,,1,0.5,1,0.5,,0.1,15,0.1,,8,0.2,,30,0.2,,30,0.2,,30,0.2,20,0.2,,0.15,22,0.1,,12,0.08,,0.1,,0.1,30,0.09,,0.15,,0.15,,0.15,,0.15,,,,0.15,,0.08,,,,,,,,,,,,,,,,,,,,,,,,,,,,,,,,,,,,,,,,,,,,,,,,,,,,,,,,,,,,,,,,,,,,,,,30,0.2,
5116,Player/Npcs/Prefabs/npc_016.prefab,,Gấu Đen,,,,1.75,0.5,16,0.1,6,0.1,18,,0,,,10,0.5,10,0.5,,0.1,15,0.1,,12,0.2,,30,0.2,,30,0.2,,30,0.2,20,0.2,,0.15,10,0.1,,,0.08,,0.1,,0.1,,0.09,,0.15,,0.15,,0.15,,0.15,,,,0.15,,0.08,,,,,,,,,,,,,,,,,,,,,,,,,,,,,,,,,,,,,,,,,,,,,,,,,,,,,,,,,,,,,,,,,,,,,,,30,0.2,
5117,Player/Npcs/Prefabs/npc_017.prefab,,Viên Hầu,,,,1.75,0.5,16,0.1,6,0.1,15,,0,,,18,0.5,18,0.5,,0.1,15,0.1,,6,0.2,,30,0.2,,30,0.2,,30,0.2,20,0.2,,0.15,15,0.1,,,0.08,,0.1,,0.1,,0.09,,0.15,,0.15,,0.15,,0.15,,,,0.15,,0.08,,,,,,,,,,,,,,,,,,,,,,,,,,,,,,,,,,,,,,,,,,,,,,,,,,,,,,,,,,,,,,,,,,,,,,,30,0.2,
5118,Player/Npcs/Prefabs/npc_018.prefab,,Nguyệt Minh Dao,,,,1.85,0.5,16,0.1,6,0.1,20,,0,,,11,0.5,11,0.5,,0.1,15,0.1,,11,0.2,,30,0.2,,30,0.2,,30,0.2,20,0.2,,0.15,17,0.1,,19,0.08,,0.1,,0.1,,0.09,,0.15,,0.15,,0.15,,0.15,,,,0.15,,0.08,,,,,,,,,,,,,,,,,,,,,,,,,,,,,,,,,,,,,,,,,,,,,,,,,,,,,,,,,,,,,,,,,,,,,,,30,0.2,
5119,Player/Npcs/Prefabs/npc_019.prefab,,Đường Ảnh,,,,1.85,0.5,16,0.1,6,0.1,19,,0,,,17,0.5,17,0.5,,0.1,15,0.1,,11,0.2,,30,0.2,,30,0.2,,30,0.2,20,0.2,16,0.15,16,0.1,,18,0.08,,0.1,,0.1,,0.09,,0.15,,0.15,,0.15,,0.15,,,,0.15,,0.08,,,,,,,,,,,,,,,,,,,,,,,,,,,,,,,,,,,,,,,,,,,,,,,,,,,,,,,,,,,,,,,,,,,,,,,30,0.2,
5120,Player/Npcs/Prefabs/npc_020.prefab,,,,,,1.75,0.5,16,0.1,6,0.1,14,,0,,,16,0.5,16,0.5,,0.1,15,0.1,,10,0.2,,30,0.2,,30,0.2,,30,0.2,20,0.2,,0.15,12,0.1,,13,0.08,,0.1,,0.1,,0.09,,0.15,,0.15,,0.15,,0.15,,,,0.15,,0.08,,,,,,,,,,,,,,,,,,,,,,,,,,,,,,,,,,,,,,,,,,,,,,,,,,,,,,,,,,,,,,,,,,,,,,,30,0.2,
5122,Player/Npcs/Prefabs/npc_022_n.prefab,,Gia Luật Tị Li,,,,1.75,0.5,16,0.1,6,0.1,14,,0,,,16,0.5,16,0.5,,0.1,15,0.1,,10,0.2,,30,0.2,,30,0.2,,30,0.2,20,0.2,32,0.15,15,0.1,,20,0.08,,0.1,,0.1,,0.09,,0.15,,0.15,,0.15,,0.15,,,,0.15,,0.08,,,,,,,,,,,,,,,,,,,,,,,,,,,,,,,,,,,,,,,,,,,,,,,,,,,,,,,,,,,,,,,,,,,,,,,30,0.2,
5123,Player/Npcs/Prefabs/npc_023.prefab,,Võ Lâm Ác Đồ,,,,1.75,0.5,16,0.1,6,0.1,20,,0,,,30,0.1,15,0.5,,0.1,15,0.1,,10,0.2,,30,0.2,,30,0.2,,30,0.2,20,0.2,20,0.15,14,0.1,902301,18,0.08,,0.1,,0.1,,0.09,,0.15,,0.15,,0.15,,0.15,,,,0.15,,0.08,,,,,,,,,,,,,,,,,,,,,,,,,,,,,,,,,,,,,,,,,,,,,,,,,,,,,,,,,,,,,,,,,,,,,,,30,0.2,
5124,Player/Npcs/Prefabs/npc_024.prefab,,Đông Doanh Nhẫn Giả,,,,1.75,0.5,16,0.1,6,0.1,20,,0,,,30,0.1,12,0.5,,0.1,15,0.1,,10,0.2,,30,0.2,,30,0.2,,30,0.2,20,0.2,13,0.4,15,0.1,902401,18,0.08,,0.1,,0.1,,0.09,,0.15,,0.15,,0.15,,0.15,,,,0.15,,0.08,,,,,,,,,,,,,,,,,,,,,,,,,,,,,,,,,,,,,,,,,,,,,,,,,,,,,,,,,,,,,,,,,,,,,,,30,0.2,
5125,Player/Npcs/Prefabs/npc_025.prefab,,Tiểu Võ,,,,1.75,0.5,16,0.1,6,0.1,18,,0,,,18,0.5,18,0.5,,0.1,15,0.1,,12,0.2,,30,0.2,,30,0.2,,30,0.2,20,0.2,26,0.4,15,0.1,902501,20,0.08,,0.1,,0.1,,0.09,,0.15,,0.15,,0.15,,0.15,,,,0.15,,0.08,,,,,,,,,,,,,,,,,,,,,,,,,,,,,,,,,,,,,,,,,,,,,,,,,,,,,,,,,,,,,,,,,,,,,,,30,0.2,
5126,Player/Npcs/Prefabs/npc_026.prefab,,Nam Cung Thái Hồng,,,,1.75,0.5,16,0.1,6,0.1,15,,0,,,15,0.5,15,0.5,,0.1,15,0.1,,12,0.2,,30,0.2,,30,0.2,,30,0.2,20,0.2,42,0.4,12,0.1,,18,0.08,,0.1,,0.1,,0.09,,0.15,,0.15,,0.15,,0.15,,,,0.15,,0.08,,,,,,,,,,,,,,,,,,,,,,,,,,,,,,,,,,,,,,,,,,,,,,,,,,,,,,,,,,,,,,,,,,,,,,,30,0.2,
5127,Player/Npcs/Prefabs/npc_027.prefab,,Triệu Vô Song,,,,1.75,0.5,16,0.1,6,0.1,13,,0,,,15,0.5,15,0.5,,0.1,15,0.1,,12,0.2,,30,0.2,,30,0.2,,30,0.2,20,0.2,13,0.4,11,0.1,,22,0.08,,0.1,,0.1,,0.09,,0.15,,0.15,,0.15,,0.15,,,,0.15,,0.08,,,,,,,,,,,,,,,,,,,,,,,,,,,,,,,,,,,,,,,,,,,,,,,,,,,,,,,,,,,,,,,,,,,,,,,30,0.2,
5129,Player/Npcs/Prefabs/npc_029.prefab,63,Nam Cung Diệt,,,,1.75,0.5,16,0.1,6,0.1,20,,0,,,15,0.5,15,0.5,,0.1,15,0.1,,10,0.2,,30,0.2,,30,0.2,,30,0.2,20,0.2,39,0.4,20,0.1,,20,0.08,,0.1,,0.1,35,0.09,,0.15,,0.15,,0.15,,0.15,,,,0.15,,0.08,,,,,,,,,,,,,,,,,,,,,,,,,,,,,,,,,,,,,,,,,,,,,,,,,,,,,,,,,,,,,,,,,,,,,,,30,0.2,
5130,Player/Npcs/Prefabs/npc_030.prefab,,Hàn Thế Trung,,,,1.75,0.5,16,0.1,6,0.1,15,,0,,,14,0.5,14,0.5,,0.1,18,0.1,,12,0.2,,30,0.2,,30,0.2,,30,0.2,20,0.2,34,0.4,15,0.1,,15,0.08,,0.1,,0.1,,0.09,,0.15,,0.15,,0.15,,0.15,,,,0.15,,0.08,,,,,,,,,,,,,,,,,,,,,,,,,,,,,,,,,,,,,,,,,,,,,,,,,,,,,,,,,,,,,,,,,,,,,,,30,0.2,
5131,Player/Npcs/Prefabs/npc_031.prefab,,Tử Hiên,,,,1.75,0.5,16,0.1,6,0.1,16,,0,,,14,0.5,14,0.5,,0.1,15,0.1,,9,0.2,,30,0.2,,30,0.2,,30,0.2,20,0.2,43,0.4,15,0.1,,14,0.08,,0.1,,0.1,,0.09,,0.15,,0.15,,0.15,,0.15,,,,0.15,,0.08,,,,,,,,,,,,,,,,,,,,,,,,,,,,,,,,,,,,,,,,,,,,,,,,,,,,,,,,,,,,,,,,,,,,,,,30,0.2,
5132,Player/Npcs/Prefabs/npc_032.prefab,,Sài Tung,,,,1.75,0.5,16,0.1,6,0.1,15,,0,,,15,0.5,15,0.5,,0.1,15,0.1,,12,0.2,,30,0.2,,30,0.2,,30,0.2,20,0.2,13,0.4,12,0.1,,15,0.08,,0.1,,0.1,,0.09,,0.15,,0.15,,0.15,,0.15,,,,0.15,,0.08,,,,,,,,,,,,,,,,,,,,,,,,,,,,,,,,,,,,,,,,,,,,,,,,,,,,,,,,,,,,,,,,,,,,,,,30,0.2,
5133,Player/Npcs/Prefabs/npc_033.prefab,,Tô Mặc Vân,,,,1.75,0.5,16,0.1,6,0.1,18,,0,,,18,0.5,18,0.5,,0.1,15,0.1,,12,0.2,,30,0.2,,30,0.2,,30,0.2,20,0.2,30,0.4,15,0.1,,15,0.08,,0.1,,0.1,,0.09,,0.15,,0.15,,0.15,,0.15,,,,0.15,,0.08,,,60,,,,,,,,,,,,,,,,,,,,,,,,,,,,,,,,,,,,,,,,,,,,,,,,,,,,,,,,,,,,,,,,,,,,30,0.2,
5134,Player/Npcs/Prefabs/npc_034.prefab,,Đệ Tử Vô Ưu Giáo,,,,1.75,0.5,16,0.1,6,0.1,20,,0,,,30,0.1,16,0.5,,0.1,15,0.1,,12,0.2,,30,0.2,,30,0.2,,30,0.2,20,0.2,13,0.4,15,0.1,,17,0.08,,0.1,,0.1,42,0.09,,0.15,,0.15,,0.15,,0.15,,,,0.15,,0.08,,,,,,,,,,,,,,,,,,,,,,,,,,,,,,,,,,,,,,,,,,,,,,,,,,,,,,,,,,,,,,,,,,,,,,,30,0.2,
5135,Player/Npcs/Prefabs/npc_035.prefab,,Thầy Đúc Kiếm,,,,1.75,0.5,16,0.1,6,0.1,20,,0,,,20,0.5,20,0.5,,0.1,15,0.1,,12,0.2,,30,0.2,,30,0.2,,30,0.2,20,0.2,13,0.4,15,0.1,,15,0.08,,0.1,,0.1,5,0.09,,0.15,,0.15,,0.15,,0.15,,,,0.15,,0.08,,,,,,,,,,,,,,,,,,,,,,,,,20,0.05,,,,,,,,,,,,,,,,,,,,,,,,,,,,,,,,,,,,,,,,,,,,,30,0.2,
5136,Player/Npcs/Prefabs/npc_036.prefab,,Cường Đạo,,,,1.75,0.5,16,0.1,6,0.1,19,,0,,,30,0.1,19,0.5,,0.1,15,0.1,,12,0.2,,30,0.2,,30,0.2,,30,0.2,20,0.2,13,0.4,15,0.1,,19,0.08,,0.1,,0.1,5,0.09,,0.15,,0.15,,0.15,,0.15,,,,0.15,,0.08,,,,,,,,,,,,,,,,,,,,,,,,,,,,,,,,,,,,,,,,,,,,,,,,,,,,,,,,,,,,,,,,,,,,,,,30,0.2,
5137,Player/Npcs/Prefabs/npc_037.prefab,,,,,,1.75,0.5,16,0.1,6,0.1,20,,0,,,16,0.5,16,0.5,,0.1,15,0.1,,12,0.2,,30,0.2,,30,0.2,,30,0.2,20,0.2,13,0.4,15,0.1,,17,0.08,,0.1,,0.1,,0.09,,0.15,,0.15,,0.15,,0.15,,,,0.15,,0.08,,,,,,,,,,,,,,,,,,,,,,,,,,,,,,,,,,,,,,,,,,,,,,,,,,,,,,,,,,,,,,,,,,,,,,,30,0.2,
5138,Player/Npcs/Prefabs/npc_038.prefab,,Lộ Đạt,,,,1.75,0.5,16,0.1,6,0.1,20,,0,,,17,0.5,17,0.5,,0.1,15,0.1,,12,0.2,,30,0.2,,30,0.2,,30,0.2,20,0.2,13,0.4,15,0.1,,20,0.08,,0.1,,0.1,,0.09,,0.15,,0.15,,0.15,,0.15,,,,0.15,,0.08,,,,,,,,,,,,,,,,,,,,,,,,,,,,,,,,,,,,,,,,,,,,,,,,,,,,,,,,,,,,,,,,,,,,,,,30,0.2,
5139,Player/Npcs/Prefabs/npc_039.prefab,,Đệ Tử Dược Vương,,,,1.75,0.5,16,0.1,6,0.1,20,,0,,,30,0.1,18,0.5,,0.1,15,0.1,,12,0.2,,30,0.2,,30,0.2,,30,0.2,20,0.2,13,0.4,15,0.1,,15,0.08,,0.1,,0.1,,0.09,,0.15,,0.15,,0.15,,0.15,,,,0.15,,0.08,,,,,,,,,,,,,,,,,,,,,,,,,,,,,,,,,,,,,,,,,,,,,,,,,,,,,,,,,,,,,,,,,,,,,,,30,0.2,
5141,Player/Npcs/Prefabs/npc_041.prefab,,Dương Anh,,,,1.75,0.5,16,0.1,6,0.1,20,,0,,,19,0.5,19,0.5,,0.1,15,0.1,,12,0.2,,30,0.2,,30,0.2,,30,0.2,20,0.2,13,0.4,13,0.1,,14,0.08,15,0.1,15,0.1,,0.09,,0.15,,0.15,,0.15,,0.15,,,,0.15,,0.08,,,,,,,,,,,,,,,,,,,,,,,,,,,,,,,,,,,,,,,,,,,,,,,,,,,,,,,,,,,,,,,,,,,,,,,30,0.2,
5142,Player/Npcs/Prefabs/npc_042.prefab,,Thiên Công Tượng Giả,,,,1.75,0.5,16,0.1,6,0.1,18,,0,,,18,0.5,18,0.5,,0.1,15,0.1,,9,0.2,,30,0.2,,30,0.2,,30,0.2,25,0.2,13,0.4,15,0.1,,15,0.08,,0.1,,0.1,,0.09,,0.15,,0.15,,0.15,,0.15,,,,0.15,,0.08,,,,,,,,,,,,,,,,,,,,,,,,,,,,,,,,,,,,,,,,,,,,,,,,,,,,,,,,,,,,,,,,,,,,,,,30,0.2,
5143,Player/Npcs/Prefabs/npc_043.prefab,,Cố Võ,,,,1.75,0.5,16,0.1,6,0.1,18,,0,,,31,0.1,18,0.5,,0.1,15,0.1,,12,0.2,,30,0.2,,30,0.2,,30,0.2,20,0.2,13,0.4,15,0.1,,15,0.08,,0.1,,0.1,,0.09,,0.15,,0.15,,0.15,,0.15,,,,0.15,,0.08,,,,,,,,,,,,,,,,,,,,,,,,,,,,,,,,,,,,,,,,,,,,,,,,,,,,,,,,,,,,,,,,,,,,,,,30,0.2,
5144,Player/Npcs/Prefabs/npc_044.prefab,,Lục Văn Long,,,,1.75,0.5,16,0.1,6,0.1,18,,0,,,17,0.5,17,0.5,,0.1,15,0.1,,12,0.2,,30,0.2,,30,0.2,,30,0.2,20,0.2,13,0.4,15,0.1,,15,0.08,,0.1,,0.1,,0.09,,0.15,,0.15,,0.15,,0.15,,,,0.15,,0.08,,,,,,,,,,,,,,,,,,,,,,,,,,,,,,,,,,,,,,,,,,,,,,,,,,,,,,,,,,,,,,,,,,,,,,,30,0.2,
5149,Player/Npcs/Prefabs/npc_049.prefab,,Cao Trường Cung,,,,2.3,0.5,16,0.1,6,0.1,18,,0,,,20,0.1,20,0.5,,0.1,15,0.1,,12,0.2,,30,0.2,,30,0.2,,30,0.2,20,0.2,13,0.4,15,0.1,,15,0.08,,0.1,,0.1,20,0.09,,0.15,,0.15,,0.15,,0.15,,,,0.15,,0.08,,,,,,,,,,,,,,,,,,,,,,,,,,,,,,,,,,,,,,,,,,,,,,,,,,,,,,,,,,,,,,,,,,,,,,,30,0.2,
5150,Player/Npcs/Prefabs/npc_050.prefab,,,,,,1.75,0.5,16,0.1,6,0.1,19,,0,,,30,0.1,18,0.5,,0.1,15,0.1,,12,0.2,,30,0.2,,30,0.2,,30,0.2,20,0.2,13,0.4,15,0.1,,15,0.08,,0.1,,0.1,20,0.09,,0.15,,0.15,,0.15,,0.15,,,,0.15,,0.08,,,,,,,,,,,,,,,,,,,,,,,,,20,0.09,,,,,,,,,,,,,,,,,,,,,,,,,,,,,,,,,,,,,,,,,,,,,30,0.2,
5151,Player/Npcs/Prefabs/npc_051.prefab,,,,,,1.75,0.5,16,0.1,6,0.1,20,,0,,,30,0.1,16,0.5,,0.1,15,0.1,,12,0.2,,30,0.2,,30,0.2,,30,0.2,20,0.2,,0.15,13,0.1,,15,0.08,,0.1,,0.1,,0.09,,0.15,,0.15,,0.15,,0.15,,,,0.15,,0.08,,,,,,,,,,,,,,,,,,,,,,,,,,,,,,,,,,,,,,,,,,,,,,,,,,,,,,,,,,,,,,,,,,,,,,,30,0.2,
5152,Player/Npcs/Prefabs/npc_052.prefab,,,,,,1.75,0.5,16,0.1,6,0.1,20,,0,,,30,0.1,18,0.5,,0.1,15,0.1,,12,0.2,,30,0.2,,30,0.2,,30,0.2,20,0.2,,0.15,17,0.1,,19,0.08,,0.1,,0.1,,0.09,,0.15,,0.15,,0.15,,0.15,,,,0.15,,0.08,,,,,,,,,,,,,,,,,,,,,,,,,,,,,,,,,,,,,,,,,,,,,,,,,,,,,,,,,,,,,,,,,,,,,,,30,0.2,
5153,Player/Npcs/Prefabs/npc_053.prefab,,Triệu Tiết,,,,1.75,0.5,16,0.1,6,0.1,18,,0,,,18,0.5,18,0.5,,0.1,15,0.1,,12,0.2,,30,0.2,,30,0.2,,30,0.2,20,0.2,20,0.15,15,0.1,,16,0.08,,0.1,,0.1,,0.09,,0.15,,0.15,,0.15,,0.15,,,,0.15,,0.08,,,,,,,,,,,,,,,,,,,,,,,,,,,,,,,,,,,,,,,,,,,,,,,,,,,,,,,,,,,,,,,,,,,,,,,30,0.2,
5154,Player/Npcs/Prefabs/npc_054.prefab,,Cơ Quan Nhân,,,,1.75,0.5,16,0.1,6,0.1,16,,0,,,30,0.1,14,0.5,,0.1,15,0.1,,12,0.2,,30,0.2,,30,0.2,,30,0.2,20,0.2,24,0.15,14,0.1,,17,0.08,,0.1,,0.1,,0.09,,0.15,,0.15,,0.15,,0.15,,,,0.15,,0.08,,,,,,,,,,,,,,,,,,,,,,,,,,,,,,,,,,,,,,,,,,,,,,,,,,,,,,,,,,,,,,,,,,,,,,,30,0.2,
5155,Player/Npcs/Prefabs/npc_055_s.prefab,,Tử Thị,,,,1.75,0.5,16,0.1,6,0.1,20,,0,,,30,0.1,18,0.5,,0.1,15,0.1,,12,0.2,,30,0.2,,30,0.2,,30,0.2,20,0.2,13,0.4,15,0.1,,15,0.08,,0.1,,0.1,,0.09,,0.15,,0.15,,0.15,,0.15,,,,0.15,,0.08,,,,,,,,,,,,,,,,,,,,,,,,,,,,,,,,,,,,,,,,,,,,,,,,,,,,,,,,,,,,,,,,,,,,,,,30,0.2,
5156,Player/Npcs/Prefabs/npc_056.prefab,,Mạnh Tri Thu,,,,1.9,0.5,16,0.1,6,0.1,20,,0,,,19,0.5,19,0.5,,0.1,15,0.1,,12,0.2,,30,0.2,,30,0.2,,30,0.2,20,0.2,19,0.15,15,0.1,,15,0.08,,0.1,,0.1,,0.09,,0.15,,0.15,,0.15,,0.15,,,,0.15,,0.08,,,,,,,,,,,,,,,,,,,,,,,,,25,0.05,,,,,,,,,,,,,,,,,,,,,,,,,,,,,,,,,,,,,,,,,,,,,30,0.2,
5157,Player/Npcs/Prefabs/npc_057.prefab,,Thiết Diện Bổ Đầu,,,,1.9,0.5,15,0.1,6,0.1,17,,0,,,30,0.1,18,0.5,,0.1,15,0.1,,12,0.2,,30,0.2,,30,0.2,,30,0.2,20,0.2,20,0.15,14,0.1,,19,0.08,,0.1,,0.1,,0.09,,0.15,,0.15,,0.15,,0.15,,,,0.15,,0.08,,,,,,,,,,,,,,,,,,,,,,,,,,,,,,,,,,,,,,,,,,,,,,,,,,,,,,,,,,,,,,,,,,,,,,,30,0.2,
5158,Player/Npcs/Prefabs/npc_153.prefab,201,Thu Y Thủy-Mới,,,,1.75,0.5,16,0.1,6,0.1,20,,0,,,15,0.5,15,0.5,,0.1,15,0.1,,12,0.2,,30,0.2,,30,0.2,,30,0.2,20,0.2,28,0.4,15,0.1,,15,0.08,,0.1,,0.1,,0.09,,0.15,,0.15,,0.15,,0.15,,,,0.15,,0.08,,,,,,,,,,,,,,,,,,,,,,,,,,,,,,,,,,,,,,,,,,,,,,,,,,,,,,,,,,,,,,,,,,,,,,,30,0.2,
5159,Player/Npcs/Prefabs/npc_059.prefab,,Lý Tam,,,,1.75,0.5,16,0.1,6,0.1,20,,0,,,20,0.5,20,0.5,,0.1,15,0.1,,12,0.2,,30,0.2,,30,0.2,,30,0.2,20,0.2,13,0.4,14,0.1,,15,0.08,,0.1,,0.1,,0.09,,0.15,,0.15,,0.15,,0.15,,,,0.15,,0.08,,,,,,,,,,,,,,,,,,,,,,,,,,,,,,,,,,,,,,,,,,,,,,,,,,,,,,,,,,,,,,,,,,,,,,,30,0.2,
5160,Player/Npcs/Prefabs/npc_060.prefab,,Trương Trọng Thiên,,,,1.75,0.5,5,0.1,6,0.1,18,,0,,,15,0.5,15,0.5,,0.1,15,0.1,,12,0.2,,30,0.2,,30,0.2,,30,0.2,20,0.2,,0.15,15,0.1,,13,0.08,,0.1,,0.1,,0.09,,0.15,,0.15,,0.15,,0.15,,,,0.15,,0.08,,,,,,,,,,,,,,,,,,,,,,,,,,,,,,,,,,,,,,,,,,,,,,,,,,,,,,,,,,,,,,,,,,,,,,,30,0.2,
5165,Player/Npcs/Prefabs/npc_065.prefab,,,,,,1.75,0.5,16,0.1,6,0.1,20,,0,,,30,0.1,18,0.5,,0.1,15,0.1,,12,0.2,,30,0.2,,30,0.2,,30,0.2,20,0.2,,0.15,14,0.1,,16,0.08,,0.1,,0.1,,0.09,,0.15,,0.15,,0.15,,0.15,,,,0.15,,0.08,,,,,,,,,,,,,,,,,,,,,,,,,,,,,,,,,,,,,,,,,,,,,,,,,,,,,,,,,,,,,,,,,,,,,,,30,0.2,
5174,Player/Npcs/Prefabs/npc_074.prefab,,Đệ Tử Cửu U,,,,1.75,0.5,16,0.1,6,0.1,19,,0,,,30,0.1,19,0.5,,0.1,15,0.1,,12,0.2,,30,0.2,,30,0.2,,30,0.2,20,0.2,30,0.15,15,0.1,,15,0.08,,0.1,,0.1,,0.09,,0.15,,0.15,,0.15,,0.15,,,,0.15,,0.08,,,,,,,,,,,,,,,,,,,30,0.1,,,,,,,,,,,,,,,,,,,,,,,,,,,,,,,,,,,,,,,,,,,,,,,,,,,30,0.2,
5175,Player/Npcs/Prefabs/npc_075.prefab,,Độc Cô Kiếm-Thiếu Niên,,,,1.75,0.5,16,0.1,6,0.1,20,,0,,,18,0.5,18,0.5,,0.1,15,0.1,,12,0.2,,30,0.2,,30,0.2,,30,0.2,20,0.2,24,0.15,15,0.1,,15,0.08,,0.1,,0.1,12,0.09,,0.15,,0.15,,0.15,,0.15,,,,0.15,,0.08,,,,,,,,,,,,,,,,,,,,,,,,,20,0.05,20,0.05,44,0.05,,,,,,,,,,,,,,,,,,,,,,,,,,,,,,,,,,,,,,,,,30,0.2,
5176,Player/Npcs/Prefabs/npc_076.prefab,,,,,,1.75,0.5,16,0.1,6,0.1,21,,0,,,30,0.1,19,0.5,,0.1,15,0.1,,12,0.2,,30,0.2,,30,0.2,,30,0.2,20,0.2,24,0.15,14,0.1,,15,0.08,,0.1,,0.1,,0.09,,0.15,,0.15,,0.15,,0.15,,,,0.15,,0.08,,,,,,,,,,,,,,,,,,,,,,,,,,,,,,,,,,,,,,,,,,,,,,,,,,,,,,,,,,,,,,,,,,,,,,,30,0.2,
5177,Player/Npcs/Prefabs/npc_077.prefab,,Nạp Lan Chân,,,,1.75,0.5,16,0.1,6,0.1,20,,0,,,19,0.5,19,0.5,,0.1,15,0.1,,12,0.2,,30,0.2,,30,0.2,,30,0.2,20,0.2,24,0.15,15,0.1,,15,0.08,,0.1,,0.1,,0.09,,0.15,,0.15,,0.15,,0.15,,,,0.15,,0.08,,,,,,,,,,,,,,,,,,,,,,,,,50,0.05,40,0.05,,,,,,,,,,,,,,,,,,,,,,,,,,,,,,,,,,,,,,,,,,,30,0.2,
5178,Player/Npcs/Prefabs/npc_078.prefab,,,,,,1.75,0.5,16,0.1,6,0.1,21,,0,,,30,0.1,19,0.5,,0.1,15,0.1,,12,0.2,,30,0.2,,30,0.2,,30,0.2,15,0.2,24,0.15,15,0.1,,15,0.08,,0.1,,0.1,,0.09,,0.15,,0.15,,0.15,,0.15,,,,0.15,,0.08,,,,,,,,,,,,,,,,,,,,,,,,,,,,,,,,,,,,,,,,,,,,,,,,,,,,,,,,,,,,,,,,,,,,,,,30,0.2,
5182,Player/Npcs/Prefabs/npc_082.prefab,,Phong Ngọc Thư,,,,1.75,0.5,16,0.1,6,0.1,14,,0,,,15,0.5,15,0.5,,0.1,15,0.1,,10,0.2,,30,0.2,,30,0.2,,30,0.2,20,0.2,24,0.15,13,0.1,,20,0.08,,0.1,,0.1,,0.09,,0.15,,0.15,,0.15,,0.15,,,,0.15,,0.08,,,,,,,,,,,,,,,,,,,,,,,,,,,,,,,,,,,,,,,,,,,,,,,,,,,,,,,,,,,,,,,,,,,,,,,30,0.2,
5183,Player/Npcs/Prefabs/npc_083.prefab,,,,,,1.75,0.5,16,0.1,6,0.1,20,,0,,,16,0.5,16,0.5,,0.1,15,0.1,,12,0.2,,30,0.2,,30,0.2,,30,0.2,20,0.2,24,0.15,15,0.1,,15,0.08,,0.1,,0.1,,0.09,,0.15,,0.15,,0.15,,0.15,,,,0.15,,0.08,,,,,,,,,,,,,,,,,,,,,,,,,,,,,,,,,,,,,,,,,,,,,,,,,,,,,,,,,,,,,,,,,,,,,,,30,0.2,
5184,Player/Npcs/Prefabs/npc_084.prefab,,,,,,1.75,0.5,16,0.1,6,0.1,20,,0,,,20,0.5,20,0.5,,0.1,15,0.1,,12,0.2,,30,0.2,,30,0.2,,30,0.2,20,0.2,24,0.15,15,0.1,,15,0.08,,0.1,,0.1,,0.09,,0.15,,0.15,,0.15,,0.15,,,,0.15,,0.08,,,,,,,,,,,,,,,,,,,,,,,,,,,,,,,,,,,,,,,,,,,,,,,,,,,,,,,,,,,,,,,,,,,,,,,30,0.2,
5185,Player/Npcs/Prefabs/npc_151.prefab,,Thanh Hiểu Sư Thái-Mới,,,,1.75,0.5,16,0.1,6,0.1,20,,0,,,19,0.5,19,0.5,,0.1,15,0.1,,12,0.2,,30,0.2,,30,0.2,,30,0.2,20,0.2,24,0.15,10,0.1,,10,0.08,13,0.1,15,0.1,,0.09,,0.15,,0.15,,0.15,,0.15,,,,0.15,,0.08,,,,,,,,,,,,,,,,,,,,,,,,,,,,,,,,,,,,,,,,,,,,,,,,,,,,,,,,,,,,,,,,,,,,,,,30,0.2,
5187,Player/Npcs/Prefabs/npc_087_n.prefab,,Nạp Lan Tiềm Lẫm,,,,1.9,0.5,16,0.1,6,0.1,19,,0,,,30,0.5,16,0.5,,0.1,16,0.1,,12,0.2,,30,0.2,,30,0.2,,30,0.2,20,0.2,22,0.15,15,0.1,,15,0.08,,0.1,,0.1,,0.09,,0.15,,0.15,,0.15,,0.15,,,,0.15,,0.08,,,,,,,,,,,,,,,,,,,,,,,,,20,0.05,,,,,,,,,,,,,,,,,,,,,,,,,,,,,,,,,,,,,,,,,,,,,30,0.2,
5188,Player/Npcs/Prefabs/npc_088.prefab,,Tuyết Liên Lão Lão,,,,1.75,0.5,16,0.1,6,0.1,19,,0,,,16,0.5,16,0.5,,0.1,15,0.1,,12,0.2,,30,0.2,,30,0.2,,30,0.2,20,0.2,24,0.15,15,0.1,,14,0.08,,0.1,,0.1,,0.09,,0.15,,0.15,,0.15,,0.15,,,,0.15,,0.08,,,,,,,,,,,,,,,,,,,,,,,,,,,,,,,,,,,,,,,,,,,,,,,,,,,,,,,,,,,,,,,,,,,,,,,30,0.2,
5193,Player/Npcs/Prefabs/npc_093.prefab,,Trương Như Mộng,,,,1.75,0.5,16,0.1,6,0.1,20,,0,,,16,0.5,16,0.5,,0.1,15,0.1,,12,0.2,,30,0.2,,30,0.2,,30,0.2,20,0.2,29,0.15,15,0.1,,25,0.08,,0.1,,0.1,,0.09,,0.15,,0.15,,0.15,,0.15,,,,0.15,,0.08,,,,,,,,,,,,,,,,,,,,,,,,,20,0.05,,,,,,,,,,,,,,,,,,,,,,,,,,,,,,,,,,,,,,,,,,,,,30,0.2,
5194,Player/Npcs/Prefabs/npc_094.prefab,,Trác Phi Phàm,,,,1.75,0.5,16,0.1,6,0.1,19,,0,,,20,0.5,20,0.5,,0.1,15,0.1,,12,0.2,,30,0.2,,30,0.2,,30,0.2,20,0.2,24,0.15,15,0.1,,15,0.08,,0.1,,0.1,15,0.09,,0.15,,0.15,,0.15,,0.15,,,,0.15,,0.08,,,33,,,,,,,,,,,,,,,,,,,,,,20,0.05,2,0.05,,,,,,,,,,,,,,,,,,,,,,,,,,,,,,,,,,,,,,,,,,,30,0.2,
5196,Player/Npcs/Prefabs/npc_096.prefab,,Oanh Nhi,,,,1.75,0.5,16,0.1,6,0.1,20,,0,,,17,0.5,17,0.5,,0.1,15,0.1,,12,0.2,,30,0.2,,30,0.2,,30,0.2,20,0.2,24,0.15,15,0.1,,15,0.08,,0.1,,0.1,,0.09,,0.15,,0.15,,0.15,,0.15,,,,0.15,,0.08,,,,,,,,,,,,,,,,,,,,,,,,,,,,,,,,,,,,,,,,,,,,,,,,,,,,,,,,,,,,,,,,,,,,,,,30,0.2,
5198,Player/Npcs/Prefabs/npc_098.prefab,,Tiểu Ảnh Phong,,,,1.75,0.5,16,0.1,6,0.1,20,,0,,,16,0.5,16,0.5,,0.1,15,0.1,,12,0.2,,30,0.2,,30,0.2,,30,0.2,20,0.2,24,0.15,14,0.1,,15,0.08,,0.1,,0.1,15,0.09,,0.15,,0.15,,0.15,,0.15,,,,0.15,,0.08,,,,,,,,,,,,,,,,,,,,,,,,,,,,,,,,,,,,,,,,,,,,,,,,,,,,,,,,,,,,,,,,,,,,,,,30,0.2,
5199,Player/Npcs/Prefabs/npc_099.prefab,,Thiệu Kỵ Phong,,,,1.75,0.5,16,0.1,6,0.1,19,,0,,,16,0.5,16,0.5,,0.1,15,0.1,,12,0.2,,30,0.2,,30,0.2,,30,0.2,20,0.2,31,0.15,15,0.1,,15,0.08,,0.1,,0.1,,0.09,,0.15,,0.15,,0.15,,0.15,,,,0.15,,0.08,,,,,,,,,,,,,,,,,,,,,,,,,,,,,,,,,,,,,,,,,,,,,,,,,,,,,,,,,,,,,,,,,,,,,,,30,0.2,
5200,Player/Npcs/Prefabs/npc_100.prefab,,Trương Lâm Tâm,,,,1.75,0.5,15,0.1,6,0.1,19,,0,,,20,0.5,20,0.5,,0.1,16,0.1,,12,0.2,,30,0.2,,30,0.2,,30,0.2,20,0.2,24,0.15,15,0.1,,18,0.08,,0.1,,0.1,15,0.09,,0.15,,0.15,,0.15,,0.15,,,,0.15,,0.08,,,,,,,,,,,,,,,,,,,,,,,,,20,0.05,20,0.05,,,,,,,,,,,,,,,,,,,,,,,,,,,,,,,,,,,,,,,,,,,30,0.2,
5207,Player/Npcs/Prefabs/npc_pet005.prefab,,Hạng Lăng Thiên,,,,2,0.5,45,0.1,6,0.1,19,,0,,,45,0.1,45,0.1,5,0.1,15,0.1,,15,0.2,,30,0,,30,0,,30,0,30,0,20,0.05,15,0.1,,15,0.08,13,0.1,17,0.05,17,0,15,0.1,5,0.2,18,0.15,60,0.15,,,,0.15,15,0.08,,,18,0,6,0,,,,,,,,,,,,,,,,,,,,,,,,,,,,,,,,,,,,,,,,,,,,,,,,,,,,,,,,,,,,,,,,,30,0,
5208,Player/Npcs/Prefabs/npc_pet008.prefab,,,,,,2,0.5,45,0.1,6,0.1,20,,0,,,35,0.09,35,0.09,13,0.1,15,0.1,,15,0.1,,30,0.1,,30,0.1,,30,0.1,30,0.1,25,0.05,10,0.1,,15,0.08,13,0.1,15,0.1,15,0.09,18,0.11,23,0.1,25,0.12,20,0.15,,,,0.15,15,0.08,,,18,0,7,0,13,0,18,0,18,0,,,20,0.4,,,,,,,,,,,,,,,,,,,,,,,,,,,,,,,,,,,,,,,,,,,,,,,,,,,,,,,30,0.1,
5209,Player/Npcs/Prefabs/npc_pet002.prefab,,Lý Điềm Nhi,,,,1.6,0.5,45,0.1,6,0.1,15,,0,,,45,0.1,45,0.1,13,0.1,15,0.1,,15,0.2,,30,0,,30,0,,30,0,30,0,25,0.05,15,0.1,,15,0.08,16,0.1,,,18,0.09,21,0.1,20,0.2,20,0.15,37,0.15,,,,0.15,15,0.08,,,17,0,7,0,,,,,,,,,,,,,,,,,,,,,,,,,,,,,,,,,,,,,,,,,,,,,,,,,,,,,,,,,,,,,,,,,30,0,
5210,Player/Npcs/Prefabs/npc_pet004.prefab,,Liễu Tiêu Đình,,,,2,0.5,38,0.1,6,0.1,19,,0,,,38,0.1,38,0.1,13,0.1,15,0.1,,12,0.2,,30,0.2,,30,0.2,,30,0.2,30,0.2,25,0.06,13,0.1,,13,0.08,15,0.08,21,0.1,23,0.05,6,0.05,13,0.05,28,0.15,30,0.15,,,5,,5,0.08,5,0.01,20,0,5,0,,,,,,,28,0.15,,,,,,,,,,,,,,,,,,,,,,,,,,,,,,,,,,,,,,,,,,,,,,,,,,,,,,,,,30,0.2,
5211,Player/Npcs/Prefabs/npc_pet006.prefab,,Dương Thiết Tâm,,,,2,0.5,45,0.1,6,0.1,19,,0,,,45,0.1,45,0.1,5,0.1,15,0.1,,15,0.2,,30,0,,30,0,,30,0,30,0,20,0.05,15,0.1,,15,0.08,13,0.1,17,0.05,17,0,15,0.1,5,0.2,18,0.15,60,0.15,,,,0.15,15,0.08,,,18,0,6,0,,,,,,,,,,,,,,,,,,,,,,,,,,,,,,,,,,,,,,,,,,,,,,,,,,,,,,,,,,,,,,,,,30,0,
5212,Player/Npcs/Prefabs/npc_pet007.prefab,,Vô Tưởng,,,,2,0.5,45,0.1,6,0.1,20,,0,,,35,0.09,35,0.09,13,0.1,15,0.1,,15,0.1,,30,0.1,,30,0.1,,30,0.1,30,0.1,25,0.05,10,0.1,,15,0.08,13,0.1,15,0.1,15,0.09,18,0.11,23,0.1,25,0.12,20,0.15,,,,0.15,15,0.08,,,18,0,7,0,13,0,18,0,18,0,,,20,0.4,,,,,,,,,,,,,,,,,,,,,,,,,,,,,,,,,,,,,,,,,,,,,,,,,,,,,,,30,0.1,
5213,Player/Npcs/Prefabs/npc_pet001.prefab,,Hoàng Mộ Vân,,,,1.6,0.5,45,0.1,6,0.1,15,,0,,,45,0.1,45,0.1,13,0.1,15,0.1,,15,0.2,,30,0,,30,0,,30,0,30,0,25,0.05,15,0.1,,15,0.08,16,0.1,,,18,0.09,21,0.1,20,0.2,20,0.15,37,0.15,,,,0.15,15,0.08,,,17,0,7,0,,,,,,,,,,,,,,,,,,,,,,,,,,,,,,,,,,,,,,,,,,,,,,,,,,,,,,,,,,,,,,,,,30,0,
5214,Player/Npcs/Prefabs/npc_pet003.prefab,,Chúc Tử Hư,,,,2,0.5,38,0.1,6,0.1,19,,0,,,38,0.1,38,0.1,13,0.1,15,0.1,,12,0.2,,30,0.2,,30,0.2,,30,0.2,30,0.2,25,0.06,13,0.1,,13,0.08,15,0.08,21,0.1,23,0.05,6,0.05,13,0.05,28,0.15,30,0.15,,,5,,5,0.08,5,0.01,20,0,5,0,,,,,,,28,0.15,,,,,,,,,,,,,,,,,,,,,,,,,,,,,,,,,,,,,,,,,,,,,,,,,,,,,,,,,30,0.2,
5215,Player/Npcs/Prefabs/npc_005a.prefab,,Hà Mộ Tuyết,,,,1.75,0.5,16,0.1,6,0.1,13,,0,,,13,0.5,13,0.5,,0.1,16,0.1,,12,0.2,,30,0.2,,30,0.2,,30,0.2,18,0.2,,0.15,15,0.1,,,0.08,,0.1,,0.1,,0.09,,0.15,,0.15,,0.15,,0.15,,,,0.15,,0.08,,,,,,,,,,,,,,,,,,,,,,,,,,,,,,,,,,,,,,,,,,,,,,,,,,,,,,,,,,,,,,,,,,,,,,,30,0.2,
5318,Player/Npcs/Prefabs/boss111_test_n.prefab,,Tần Mộc Bạch,,,,2.2,0.5,45,0.1,6,0.1,52,,0,,,45,0.1,45,0.1,13,0.1,15,0.1,,50,0.2,,30,0.2,,30,0.2,,30,0.2,30,0.2,25,0.05,22,0.1,,37,0.08,57,0.1,20,0.05,34,0.09,40,0.1,20,0.2,20,0.15,37,0.15,,,,0.15,15,0.08,,,,,,,,,,,,,,,,,,,,,,,,,,,,,,,,,,,,,,,,,,,,,,,,,,,,,,,,,,,,,,,,,,,,,,,30,0.2,
6101,Player/Npcs/Prefabs/npc_101.prefab,63,Dương Ảnh Phong,,,,1.75,0.5,15,0.1,6,0.1,20,,0,,,16,0.5,16,0.5,,0.1,15,0.1,,12,0.2,,30,0.2,,30,0.2,,30,0.2,20,0.2,24,0.15,15,0.1,,15,0.08,,0.1,,0.1,,0.09,,0.15,,0.15,,0.15,,0.15,,,,0.15,,0.08,,,,,,,,,,,,,,,,,,,,,,,,,20,0.05,,,,,,,,,,,,,,,,,,,,,,,,,,,,,,,,,,,,,,,,,,,,,30,0.2,
6102,Player/Npcs/Prefabs/npc_102.prefab,,Nguyệt My Nhi,,,,1.75,0.5,15,0.1,6,0.1,21,,0,,,19,0.5,19,0.5,,0.1,15,0.1,,12,0.2,,30,0.2,,30,0.2,,30,0.2,20,0.2,28,0.15,15,0.1,,15,0.08,,0.1,,0.1,15,0.09,,0.15,,0.15,,0.15,,0.15,,,,0.15,,0.08,,,,,,,,,,,,,,,,,,,,,,,,,20,0.05,,,,,,,,,,,,,,,,,,,,,,,,,,,,,,,,,,,,,,,,,,,,,30,0.2,
6106,Player/Npcs/Prefabs/npc_106.prefab,,Khúc Hà,,,,1.75,0.5,15,0.1,6,0.1,20,,0,,,20,0.5,20,0.5,,0.1,16,0.1,,12,0.2,,30,0.2,,30,0.2,,30,0.2,20,0.2,24,0.15,15,0.1,,15,0.08,,0.1,,0.1,15,0.09,,0.15,,0.15,,0.15,,0.15,,,,0.15,,0.08,,,,,,,,,,,,,,,,,,,,,,,,,,,,,,,,,,,,,,,,,,,,,,,,,,,,,,,,,,,,,,,,,,,,,,,30,0.2,
6107,Player/Npcs/Prefabs/npc_162.prefab,,Lý Nguyên Bá,,,,1.75,0.5,15,0.1,6,0.1,20,,0,,,16,0.5,16,0.5,,0.1,16,0.1,,12,0.2,,30,0.2,,30,0.2,,30,0.2,20,0.2,24,0.15,14,0.1,,13,0.08,,0.1,,0.1,15,0.09,,0.15,,0.15,,0.15,,0.15,,,,0.15,,0.08,,,,,,,,,,,,,,,,,,,,,,,,,,,,,,,,,,,,,,,,,,,,,,,,,,,,,,,,,,,,,,,,,,,,,,,30,0.2,
6108,Player/Npcs/Prefabs/npc_108.prefab,,Kinh Kha,,,,1.75,0.5,15,0.1,6,0.1,20,,0,,,17,0.5,17,0.5,,0.1,16,0.1,,12,0.2,,30,0.2,,30,0.2,,30,0.2,20,0.2,24,0.15,15,0.1,,14,0.08,,0.1,,0.1,15,0.09,,0.15,,0.15,,0.15,,0.15,,,,0.15,,0.08,,,,,,,,,,,,,,,,,,,,,,,,,,,,,,,,,,,,,,,,,,,,,,,,,,,,,,,,,,,,,,,,,,,,,,,30,0.2,
6109,Player/Npcs/Prefabs/npc_109.prefab,,Triệu Thăng Quyền,,,,1.75,0.5,15,0.1,6,0.1,15,,0,,,15,0.5,15,0.5,,0.1,16,0.1,,12,0.2,,30,0.2,,30,0.2,,30,0.2,20,0.2,24,0.15,15,0.1,,15,0.08,,0.1,,0.1,15,0.09,,0.15,,0.15,,0.15,,0.15,,,,0.15,,0.08,,,,,,,,,,,,,,,,,,,,,,,,,,,,,,,,,,,,,,,,,,,,,,,,,,,,,,,,,,,,,,,,,,,,,,,30,0.2,
6110,Player/Npcs/Prefabs/npc_110.prefab,,Dương Hi Liệt,,,,1.75,0.5,15,0.1,6,0.1,22,,0,,,17,0.5,17,0.5,,0.1,16,0.1,,12,0.2,,30,0.2,,30,0.2,,30,0.2,20,0.2,30,0.15,15,0.1,,15,0.08,,0.1,,0.1,15,0.09,,0.15,,0.15,,0.15,,0.15,,,,0.15,,0.08,,,,,,,,,,,,,,,,,,,,,,,,,,,,,,,,,,,,,,,,,,,,,,,,,,,,,,,,,,,,,,,,,,,,,,,30,0.2,
6111,Player/Npcs/Prefabs/npc_111.prefab,,Lý Thiên Mục,,,,1.75,0.5,38,0.1,6,0.1,20,,0,,,35,0.09,35,0.09,13,0.1,15,0.1,,16,0.1,,30,0.1,,30,0.1,,30,0.1,30,0.1,25,0.06,13,0.1,,13,0.08,13,0.08,18,0.01,18,0.05,21,0.05,20,0.05,28,0.15,48,0.15,,,5,,5,0.08,5,0.01,20,0,6,0,13,0,18,0,20,0,28,0.15,20,0.4,,,,,,,,,,,,,,,,,,,,,,,,,,,,,,,,,,,,,,,,,,,,,,,,,,,,,,,30,0.1,
6112,Player/Npcs/Prefabs/npc_112.prefab,,Ngu Cơ,,,,1.75,0.5,15,0.1,6,0.1,18,,0,,,16,0.5,16,0.5,,0.1,16,0.1,,12,0.2,,30,0.2,,30,0.2,,30,0.2,20,0.2,24,0.15,13,0.1,,15,0.08,,0.1,,0.1,15,0.09,,0.15,,0.15,,0.15,,0.15,,,,0.15,,0.08,,,,,,,,,,,,,,,,,,,,,,,,,,,,,,,,,,,,,,,,,,,,,,,,,,,,,,,,,,,,,,,,,,,,,,,30,0.2,
6113,Player/Npcs/Prefabs/npc_113_b.prefab,218,Triệu Vân,,,,1.75,0.5,15,0.1,6,0.1,18,,0,,,16,0.5,16,0.5,,0.1,16,0.1,,12,0.2,,30,0.2,,30,0.2,,30,0.2,20,0.2,24,0.15,15,0.1,,15,0.08,,0.1,,0.1,15,0.09,,0.15,,0.15,,0.15,,0.15,,,,0.15,,0.08,,,,,,,,,,,,,,,,,,,,,,,,,,,,,,,,,,,,,,,,,,,,,,,,,,,,,,,,,,,,,,,,,,,,,,,30,0.2,
6116,Player/Npcs/Prefabs/npc_116.prefab,,Đạo Nhất Chân Nhân,,,,1.75,0.5,15,0.1,6,0.1,20,,0,,,15,0.5,15,0.5,,0.1,16,0.1,,12,0.2,,30,0.2,,30,0.2,,30,0.2,20,0.2,24,0.15,15,0.1,,15,0.08,15,0.1,15,0.1,15,0.09,,0.15,,0.15,,0.15,,0.15,,,,0.15,,0.08,,,,,,,,,,,,,,,,,,,,,,,,,,,,,,,,,,,,,,,,,,,,,,,,,,,,,,,,,,,,,,,,,,,,,,,30,0.2,
6117,Player/Npcs/Prefabs/npc_117.prefab,,Phương Miễn,,,,1.75,0.5,15,0.1,6,0.1,19,,0,,,20,0.5,20,0.5,,0.1,16,0.1,,12,0.2,,30,0.2,,30,0.2,,30,0.2,20,0.2,24,0.15,15,0.1,,15,0.08,,0.1,,0.1,15,0.09,,0.15,,0.15,,0.15,,0.15,,,,0.15,,0.08,,,,,,,,,,,,,,,,,,,,,,,,,2,0.05,,,,,,,,,,,,,,,,,,,,,,,,,,,,,,,,,,,,,,,,,,,,,30,0.2,
6118,Player/Npcs/Prefabs/npc_118.prefab,,Vô Tướng,,,,1.75,0.5,15,0.1,6,0.1,20,,0,,,15,0.5,15,0.5,,0.1,16,0.1,,12,0.2,,30,0.2,,30,0.2,,30,0.2,20,0.2,26,0.15,15,0.1,,14,0.08,,0.1,,0.1,15,0.09,,0.15,,0.15,,0.15,,0.15,,,,0.15,,0.08,,,,,,,,,,,,,,,,,,,,,,,,,,,,,,,,,,,,,,,,,,,,,,,,,,,,,,,,,,,,,,,,,,,,,,,30,0.2,
6119,Player/Npcs/Prefabs/npc_119.prefab,63,Trương Phong,,,,1.75,0.5,15,0.1,6,0.1,19,,0,,,20,0.5,20,0.5,,0.1,16,0.1,,12,0.2,,30,0.2,,30,0.2,,30,0.2,20,0.2,40,0.15,15,0.1,,15,0.08,,0.1,,0.1,15,0.09,,0.15,,0.15,,0.15,,0.15,,,,0.15,,0.08,,,,,,,,,,,,,,,,,,,,,,,,,20,0.05,,,,,,,,,,,,,,,,,,,,,,,,,,,,,,,,,,,,,,,,,,,,,30,0.2,
6120,Player/Npcs/Prefabs/npc_120.prefab,,Lâm Hải,,,,1.75,0.5,15,0.1,6,0.1,19,,0,,,18,0.5,18,0.5,,0.1,16,0.1,,12,0.2,,30,0.2,,30,0.2,,30,0.2,20,0.2,24,0.15,15,0.1,,15,0.08,,0.1,,0.1,15,0.09,,0.15,,0.15,,0.15,,0.15,,,,0.15,,0.08,,,,,,,,,,,,,,,,,,,,,,,,,20,0.05,,,,,,,,,,,,,,,,,,,,,,,,,,,,,,,,,,,,,,,,,,,,,30,0.2,
6125,Player/Npcs/Prefabs/npc_125.prefab,,Tần Lương Ngọc,,,,1.75,0.5,15,0.1,9,0.1,30,,0,,,19,0.5,19,0.5,,0.1,16,0.1,,12,0.2,,30,0.2,,30,0.2,,30,0.2,20,0.2,45,0.15,15,0.1,,15,0.08,,0.1,,0.1,15,0.09,,0.15,,0.15,,0.15,,0.15,,,,0.15,,0.08,,,,,,,,,,,,,,,,,,,,,,,,,20,0.05,,,,,,,,,,,,,,,,,,,,,,,,,,,,,,,,,,,,,,,,,,,,,30,0.2,
6121,Player/Npcs/Prefabs/npc_121.prefab,,Lư Thanh,,,,1.75,0.5,15,0.1,6,0.1,20,,0,,,16,0.5,16,0.5,,0.1,16,0.1,,12,0.2,,30,0.2,,30,0.2,,30,0.2,20,0.2,24,0.15,14,0.1,,15,0.08,,0.1,,0.1,15,0.09,,0.15,,0.15,,0.15,,0.15,,,,0.15,,0.08,,,,,,,,,,,,,,,,,,,,,,,,,,,,,,,,,,,,,,,,,,,,,,,,,,,,,,,,,,,,,,,,,,,,,,,30,0.2,
6122,Player/Npcs/Prefabs/npc_122_n.prefab,,Đoan Mộc Duệ,,,,1.75,0.5,15,0.1,6,0.1,20,,0,,,30,0.5,16,0.5,,0.1,16,0.1,,12,0.2,,30,0.2,,30,0.2,,30,0.2,20,0.2,24,0.15,15,0.1,,15,0.08,,0.1,,0.1,15,0.09,,0.15,,0.15,,0.15,,0.15,,,,0.15,,0.08,,,,,,,,,,,,,,,,,,,,,,,,,,,,,,,,,,,,,,,,,,,,,,,,,,,,,,,,,,,,,,,,,,,,,,,30,0.2,
6129,Player/Npcs/Prefabs/npc_129.prefab,,Yên Nhược Tuyết,,,,1.75,0.5,15,0.1,6,0.1,17,,0,,,33,0.5,16,0.5,,0.1,16,0.1,,12,0.2,,30,0.2,,30,0.2,,30,0.2,20,0.2,24,0.15,15,0.1,,15,0.08,,0.1,,0.1,15,0.09,,0.15,,0.15,,0.15,,0.15,,,,0.15,,0.08,,,,,,,,,,,,,,,,,,,,,,,,,,,,,,,,,,,,,,,,,,,,,,,,,,,,,,,,,,,,,,,,,,,,,,,30,0.2,
6130,Player/Npcs/Prefabs/npc_130_n.prefab,,Nhạc Phi,,,,1.9,0.5,15,0.1,6,0.1,20,,0,,,30,0.5,17,0.5,,0.1,16,0.1,,12,0.2,,30,0.2,,30,0.2,,30,0.2,20,0.2,24,0.15,15,0.1,,15,0.08,,0.1,,0.1,15,0.09,,0.15,,0.15,,0.15,,0.15,,,,0.15,,0.08,,,,,,,,,,,,,,,,,,,,,,,,,,,,,,,,,,,,,,,,,,,,,,,,,,,,,,,,,,,,,,,,,,,,,,,30,0.2,
6131,Player/Npcs/Prefabs/npc_131.prefab,,Hoàn Nhan Tương,,,,1.9,0.5,15,0.1,6,0.1,20,,0,,,30,0.5,16,0.5,,0.1,16,0.1,,12,0.2,,30,0.2,,30,0.2,,30,0.2,20,0.2,24,0.15,15,0.1,,16,0.08,,0.1,,0.1,15,0.09,,0.15,,0.15,,0.15,,0.15,,,,0.15,,0.08,,,,,,,,,,,,,,,,,,,,,,,,,,,,,,,,,,,,,,,,,,,,,,,,,,,,,,,,,,,,,,,,,,,,,,,30,0.2,
6132,Player/Npcs/Prefabs/npc_132.prefab,201,Huyền Nhân,,,,1.9,0.5,15,0.1,6,0.1,20,,0,,,30,0.5,16,0.5,,0.1,16,0.1,,12,0.2,,30,0.2,,30,0.2,,30,0.2,20,0.2,24,0.15,15,0.1,,16,0.08,,0.1,,0.1,15,0.09,,0.15,,0.15,,0.15,,0.15,,,,0.15,,0.08,,,,,,,,,,,,,,,,,,,,,,,,,,,,,,,,,,,,,,,,,,,,,,,,,,,,,,,,,,,,,,,,,,,,,,,30,0.2,
6135,Player/Npcs/Prefabs/npc_135.prefab,920,Lý Quảng,,,,1.75,0.5,20,0.1,9,0.1,16,,0,,,17,0.1,17,0.1,,0.1,16,0.1,,12,0.2,,30,0.1,,30,0.1,,30,0.1,20,0.1,,0.15,14,0.1,,14,0.08,,0.1,,0.1,30,0.09,,0.15,,0.15,,0.15,,0.15,,,,0.15,18,0.08,,,,,,,,,,,,,,,,,,,,,,,,,,,,,,,,,,,,,,,,,,,,,,,,,,,,,,,,,,,,,,,,,,,,,,,30,0.1,
6136,Player/Npcs/Prefabs/npc_136.prefab,202,Tần Thủy Hoàng,,,,2.2,0.5,20,0.1,6,0.1,20,,0,,,30,0.1,16,0.1,,0.1,16,0.1,,12,0.2,,30,0.1,,30,0.1,,30,0.1,20,0.1,,0.15,15,0.1,,15,0.08,,0.1,,0.1,30,0.09,,0.15,,0.15,,0.15,,0.15,,,,0.15,18,0.08,,,,,,,,,,,,,,,,,,,,,,,,,,,,,,,,,,,,,,,,,,,,,,,,,,,,,,,,,,,,,,,,,,,,,,,30,0.1,
6162,Player/Npcs/Prefabs/npc_162.prefab,,Lý Nguyên Bá,,,,2.2,0.5,15,0.1,6,0.1,20,,0,,,16,0.5,16,0.5,,0.1,16,0.1,,12,0.2,,30,0.2,,30,0.2,,30,0.2,20,0.2,24,0.15,14,0.1,,13,0.08,,0.1,,0.1,15,0.09,,0.15,,0.15,,0.15,,0.15,,,,0.15,,0.08,,,,,,,,,,,,,,,,,,,,,,,,,,,,,,,,,,,,,,,,,,,,,,,,,,,,,,,,,,,,,,,,,,,,,,,30,0.2,
6163,Player/Npcs/Prefabs/npc_163.prefab,,Huyền Thiên Đạo Nhân,,,,2.2,0.5,20,0.1,6,0.1,20,,0,,,17,0.1,17,0.1,,0.1,15,0.1,,12,0.2,,30,0.1,,30,0.1,,30,0.1,20,0.1,,0.15,15,0.1,,15,0.08,,0.1,,0.1,30,0.09,,0.15,,0.15,,0.15,,0.15,,,,0.15,18,0.08,,,,,,,,,,,,,,,,,,,,,,,,,,,,,,,,,,,,,,,,,,,,,,,,,,,,,,,,,,,,,,,,,,,,,,,30,0.1,
6164,Player/Npcs/Prefabs/npc_164.prefab,,Đường Giản,,,,2.2,0.5,16,0.1,6,0.1,26,,0,,,30,0.5,15,0.5,,0.1,15,0.1,,12,0.2,,30,0.2,,30,0.2,,30,0.2,20,0.2,28,0.4,15,0.1,,15,0.08,,0.1,,0.1,,0.09,,0.15,,0.15,,0.15,,0.15,,,,0.15,,0.08,,,,,,,,,,,,,,,,,,,,,,,,,,,,,,,,,,,,,,,,,,,,,,,,,,,,,,,,,,,,,,,,,,,,,,,30,0.2,
6165,Player/Npcs/Prefabs/npc_165.prefab,,Tống Thu Thạch,,,,2,0.5,16,0.1,6,0.1,20,,0,,,30,0.5,16,0.5,,0.1,16,0.1,,12,0.2,,30,0.2,,30,0.2,,30,0.2,20,0.2,,0.4,15,0.1,,15,0.08,,0.1,,0.1,,0.09,,0.15,,0.15,,0.15,,0.15,,,,0.15,,0.08,,,,,,,,,,,,,,,,,,,,,,,,,,,,,,,,,,,,,,,,,,,,,,,,,,,,,,,,,,,,,,,,,,,,,,,30,0.2,
6166,Player/Npcs/Prefabs/npc_166.prefab,,Đường Hiểu,,,,2,0.5,16,0.1,6,0.1,18,,0,,,30,0.5,16,0.5,,0.1,16,0.1,,12,0.2,,30,0.2,,30,0.2,,30,0.2,20,0.2,,0.4,15,0.1,,15,0.08,,0.1,,0.1,,0.09,,0.15,,0.15,,0.15,,0.15,,,,0.15,,0.08,,,,,,,,,,,,,,,,,,,,,,,,,,,,,,,,,,,,,,,,,,,,,,,,,,,,,,,,,,,,,,,,,,,,,,,30,0.2,
6167,Player/Npcs/Prefabs/npc_167.prefab,,Hắc Diện Lang Quân,,,,2,0.5,16,0.1,6,0.1,20,,0,,,30,0.5,20,0.5,,0.1,16,0.1,,12,0.2,,30,0.2,,30,0.2,,30,0.2,20,0.2,,0.4,15,0.1,,15,0.08,,0.1,,0.1,,0.09,,0.15,,0.15,,0.15,,0.15,,,,0.15,,0.08,,,,,,,,,,,,,,,,,,,,,,,,,,,,,,,,,,,,,,,,,,,,,,,,,,,,,,,,,,,,,,,,,,,,,,,30,0.2,
6168,Player/Npcs/Prefabs/npc_168.prefab,,Thạch Hiên Viên,,,,2,0.5,16,0.1,6,0.1,20,,0,,,30,0.5,16,0.5,,0.1,16,0.1,,12,0.2,,30,0.2,,30,0.2,,30,0.2,20,0.2,,0.4,15,0.1,,15,0.08,,0.1,,0.1,,0.09,,0.15,,0.15,,0.15,,0.15,,,,0.15,,0.08,,,,,,,,,,,,,,,,,,,,,,,,,,,,,,,,,,,,,,,,,,,,,,,,,,,,,,,,,,,,,,,,,,,,,,,30,0.2,
6169,Player/Npcs/Prefabs/npc_169.prefab,,Huyền Từ,,,,2,0.5,16,0.1,6,0.1,20,,0,,,30,0.5,16,0.5,,0.1,16,0.1,,12,0.2,,30,0.2,,30,0.2,,30,0.2,20,0.2,,0.4,15,0.1,,15,0.08,,0.1,,0.1,,0.09,,0.15,,0.15,,0.15,,0.15,,,,0.15,,0.08,,,,,,,,,,,,,,,,,,,,,,,,,,,,,,,,,,,,,,,,,,,,,,,,,,,,,,,,,,,,,,,,,,,,,,,30,0.2,
6170,Player/Npcs/Prefabs/npc_170.prefab,,Hà Nhân Ngã,,,,2,0.5,16,0.1,6,0.1,19,,0,,,30,0.5,16,0.5,,0.1,16,0.1,,12,0.2,,30,0.2,,30,0.2,,30,0.2,20,0.2,,0.4,15,0.1,,15,0.08,,0.1,,0.1,,0.09,,0.15,,0.15,,0.15,,0.15,,,,0.15,,0.08,,,,,,,,,,,,,,,,,,,,,,,,,,,,,,,,,,,,,,,,,,,,,,,,,,,,,,,,,,,,,,,,,,,,,,,30,0.2,
6171,Player/Npcs/Prefabs/npc_171.prefab,,Quỷ Cốc Tử,,,,2,0.5,16,0.1,6,0.1,20,,0,,,30,0.5,16,0.5,,0.1,16,0.1,,12,0.2,,30,0.2,,30,0.2,,30,0.2,20,0.2,,0.4,15,0.1,,15,0.08,,0.1,,0.1,,0.09,,0.15,,0.15,,0.15,,0.15,,,,0.15,,0.08,,,,,,,,,,,,,,,,,,,,,,,,,,,,,,,,,,,,,,,,,,,,,,,,,,,,,,,,,,,,,,,,,,,,,,,30,0.2,
6172,Player/Npcs/Prefabs/npc_172.prefab,63,Trương Tam Phong,,,,2,0.5,16,0.1,6,0.1,20,,0,,,30,0.5,16,0.5,,0.1,16,0.1,,12,0.2,,30,0.2,,30,0.2,,30,0.2,20,0.2,,0.4,15,0.1,,15,0.08,,0.1,,0.1,,0.09,,0.15,,0.15,,0.15,,0.15,,,,0.15,,0.08,,,,,,,,,,,,,,,,,,,,,,,,,,,,,,,,,,,,,,,,,,,,,,,,,,,,,,,,,,,,,,,,,,,,,,,30,0.2,
6173,Player/Npcs/Prefabs/npc_173.prefab,217,Hạng Vũ,,,,2.3,0.5,16,0.1,6,0.1,20,,0,,,30,0.5,16,0.5,,0.1,16,0.1,,15,0.2,,30,0.2,,30,0.2,,30,0.2,20,0.2,,0.4,15,0.1,,15,0.08,,0.1,,0.1,,0.09,,0.15,,0.15,,0.15,,0.15,,,,0.15,,0.08,,,,,,,,,,,,,,,,,,,,,,,,,,,,,,,,,,,,,,,,,,,,,,,,,,,,,,,,,,,,,,,,,,,,,,,30,0.2,
6174,Player/Npcs/Prefabs/npc_174.prefab,,Cổ Yên Nhiên,,,,2,0.5,16,0.1,6,0.1,20,,0,,,30,0.5,16,0.5,,0.1,16,0.1,,12,0.2,,30,0.2,,30,0.2,,30,0.2,20,0.2,,0.4,15,0.1,,15,0.08,,0.1,,0.1,,0.09,,0.15,,0.15,,0.15,,0.15,,,,0.15,,0.08,,,,,,,,,,,,,,,,,,,,,,,,,,,,,,,,,,,,,,,,,,,,,,,,,,,,,,,,,,,,,,,,,,,,,,,30,0.2,
6175,Player/Npcs/Prefabs/npc_175.prefab,,Đường Cừu,,,,2,0.5,16,0.1,6,0.1,20,,0,,,30,0.5,16,0.5,,0.1,16,0.1,,12,0.2,,30,0.2,,30,0.2,,30,0.2,20,0.2,,0.4,15,0.1,,15,0.08,,0.1,,0.1,,0.09,,0.15,,0.15,,0.15,,0.15,,,,0.15,,0.08,,,,,,,,,,,,,,,,,,,,,,,,,,,,,,,,,,,,,,,,,,,,,,,,,,,,,,,,,,,,,,,,,,,,,,,30,0.2,
6178,Player/Npcs/Prefabs/npc_178a.prefab,,Dĩnh Bảo Bảo ,,,,1.75,0.5,15,0.1,6,0.1,20,,0,,,30,0.5,16,0.5,,0.1,16,0.1,,12,0.2,,30,0.2,,30,0.2,,30,0.2,20,0.2,28,0.15,15,0.1,,10,0.08,15,0.1,15,0.1,15,0.09,,0.15,,0.15,,0.15,,0.15,,,,0.15,,0.08,,,,,,,,,,,,,,,,,,,,,,,,,20,0.05,,,,,,,,,,,,,,,,,,,,,,,,,,,,,,,,,,,,,,,,,,,,,30,0.2,
6179,Player/Npcs/Prefabs/npc_179a.prefab,,Lâm Dũ Cựu,,,,1.75,0.5,15,0.1,6,0.1,20,,0,,,30,0.5,16,0.5,,0.1,16,0.1,,12,0.2,,30,0.2,,30,0.2,,30,0.2,20,0.2,28,0.15,15,0.1,,10,0.08,15,0.1,15,0.1,15,0.09,,0.15,,0.15,,0.15,,0.15,,,,0.15,,0.08,,,,,,,,,,,,,,,,,,,,,,,,,20,0.05,,,,,,,,,,,,,,,,,,,,,,,,,,,,,,,,,,,,,,,,,,,,,30,0.2,
6190,Player/Npcs/Prefabs/npc_164.prefab,,Đường Giản,,,,1.9,0.5,16,0.1,6,0.1,26,,0,,,30,0.5,15,0.5,,0.1,15,0.1,,12,0.2,,30,0.2,,30,0.2,,30,0.2,20,0.2,28,0.4,15,0.1,,15,0.08,,0.1,,0.1,,0.09,,0.15,,0.15,,0.15,,0.15,,,,0.15,,0.08,,,,,,,,,,,,,,,,,,,,,,,,,,,,,,,,,,,,,,,,,,,,,,,,,,,,,,,,,,,,,,,,,,,,,,,30,0.2,
6205,Player/Npcs/Prefabs/npc_205.prefab,,Võ Tắc Thiên,,,,2,0.5,16,0.1,6,0.1,20,,0,,,30,0.5,16,0.5,,0.1,16,0.1,,12,0.2,,30,0.2,,30,0.2,,30,0.2,20,0.2,,0.4,15,0.1,,15,0.08,,0.1,,0.1,,0.09,,0.15,,0.15,,0.15,,0.15,,,,0.15,,0.08,,,,,,,,,,,,,,,,,,,,,,,,,,,,,,,,,,,,,,,,,,,,,,,,,,,,,,,,,,,,,,,,,,,,,,,30,0.2,
6214,Player/Npcs/Prefabs/npc_214.prefab,,Hoàng Chân Y,,,,2,0.5,15,0.1,6,0.1,20,,0,,,30,0.5,16,0.5,,0.1,16,0.1,,12,0.2,,30,0.2,,30,0.2,,30,0.2,20,0.2,24,0.15,15,0.1,,15,0.08,,0.1,,0.1,15,0.09,,0.15,,0.15,,0.15,,0.15,,,,0.15,,0.08,,,,,,,,,,,,,,,,,,,,,,,,,,,,,,,,,,,,,,,,,,,,,,,,,,,,,,,,,,,,,,,,,,,,,,,30,0.2,
10102,Player/Npcs/Prefabs/npc_102_c.prefab,,Nguyệt My Nhi,,,,1.75,0.5,15,0.1,6,0.1,21,,0,,,19,0.5,19,0.5,,0.1,15,0.1,,12,0.2,,30,0.2,,30,0.2,,30,0.2,20,0.2,28,0.15,15,0.1,,15,0.08,,0.1,,0.1,15,0.09,,0.15,,0.15,,0.15,,0.15,,,,0.15,,0.08,,,,,,,,,,,,,,,,,,,,,,,,,20,0.05,,,,,,,,,,,,,,,,,,,,,,,,,,,,,,,,,,,,,,,,,,,,,30,0.2,
10019,Player/Npcs/Prefabs/npc_019.prefab,904,Đường Ảnh,,,,1.85,0.5,16,0.1,6,0.1,19,,0,,,17,0.5,17,0.5,,0.1,15,0.1,,11,0.2,,30,0.2,,30,0.2,,30,0.2,20,0.2,16,0.15,16,0.1,,18,0.08,,0.1,,0.1,,0.09,,0.15,,0.15,,0.15,,0.15,,,,0.15,,0.08,,,,,,,,,,,,,,,,,,,,,,,,,,,,,,,,,,,,,,,,,,,,,,,,,,,,,,,,,,,,,,,,,,,,,,,30,0.2,
10029,Player/Npcs/Prefabs/npc_029.prefab,906,Nam Cung Diệt,,,,1.75,0.5,16,0.1,6,0.1,20,,0,,,15,0.5,15,0.5,,0.1,15,0.1,,10,0.2,,30,0.2,,30,0.2,,30,0.2,20,0.2,39,0.4,20,0.1,,20,0.08,,0.1,,0.1,35,0.09,,0.15,,0.15,,0.15,,0.15,,,,0.15,,0.08,,,,,,,,,,,,,,,,,,,,,,,,,,,,,,,,,,,,,,,,,,,,,,,,,,,,,,,,,,,,,,,,,,,,,,,30,0.2,
10030,Player/Npcs/Prefabs/npc_030_c.prefab,,Hàn Thế Trung,,,,1.75,0.5,16,0.1,6,0.1,15,,0,,,14,0.5,14,0.5,,0.1,18,0.1,,12,0.2,,30,0.2,,30,0.2,,30,0.2,20,0.2,34,0.4,15,0.1,,15,0.08,,0.1,,0.1,,0.09,,0.15,,0.15,,0.15,,0.15,,,,0.15,,0.08,,,,,,,,,,,,,,,,,,,,,,,,,,,,,,,,,,,,,,,,,,,,,,,,,,,,,,,,,,,,,,,,,,,,,,,30,0.2,
10041,Player/Npcs/Prefabs/npc_041_c.prefab,,Dương Anh,,,,1.75,0.5,16,0.1,6,0.1,20,,0,,,19,0.5,19,0.5,,0.1,15,0.1,,12,0.2,,30,0.2,,30,0.2,,30,0.2,20,0.2,13,0.4,13,0.1,,14,0.08,15,0.1,15,0.1,,0.09,,0.15,,0.15,,0.15,,0.15,,,,0.15,,0.08,,,,,,,,,,,,,,,,,,,,,,,,,,,,,,,,,,,,,,,,,,,,,,,,,,,,,,,,,,,,,,,,,,,,,,,30,0.2,
10049,Player/Npcs/Prefabs/npc_049_c.prefab,,Cao Trường Cung,,,,2.3,0.5,16,0.1,6,0.1,18,,0,,,20,0.1,20,0.5,,0.1,15,0.1,,12,0.2,,30,0.2,,30,0.2,,30,0.2,20,0.2,13,0.4,15,0.1,,15,0.08,,0.1,,0.1,20,0.09,,0.15,,0.15,,0.15,,0.15,,,,0.15,,0.08,,,,,,,,,,,,,,,,,,,,,,,,,,,,,,,,,,,,,,,,,,,,,,,,,,,,,,,,,,,,,,,,,,,,,,,30,0.2,
10056,Player/Npcs/Prefabs/npc_056_c.prefab,,Mạnh Tri Thu,,,,1.9,0.5,16,0.1,6,0.1,20,,0,,,19,0.5,19,0.5,,0.1,15,0.1,,12,0.2,,30,0.2,,30,0.2,,30,0.2,20,0.2,19,0.15,15,0.1,,15,0.08,,0.1,,0.1,,0.09,,0.15,,0.15,,0.15,,0.15,,,,0.15,,0.08,,,,,,,,,,,,,,,,,,,,,,,,,25,0.05,,,,,,,,,,,,,,,,,,,,,,,,,,,,,,,,,,,,,,,,,,,,,30,0.2,
10058,Player/Npcs/Prefabs/npc_153.prefab,129,Thu Y Thủy-Mới,,,,1.75,0.5,16,0.1,6,0.1,20,,0,,,15,0.5,15,0.5,,0.1,15,0.1,,12,0.2,,30,0.2,,30,0.2,,30,0.2,20,0.2,28,0.4,15,0.1,,15,0.08,,0.1,,0.1,,0.09,,0.15,,0.15,,0.15,,0.15,,,,0.15,,0.08,,,,,,,,,,,,,,,,,,,,,,,,,,,,,,,,,,,,,,,,,,,,,,,,,,,,,,,,,,,,,,,,,,,,,,,30,0.2,
10085,Player/Npcs/Prefabs/npc_151.prefab,128,Thanh Hiểu Sư Thái-Mới,,,,1.75,0.5,16,0.1,6,0.1,20,,0,,,19,0.5,19,0.5,,0.1,15,0.1,,12,0.2,,30,0.2,,30,0.2,,30,0.2,20,0.2,24,0.15,10,0.1,,10,0.08,13,0.1,15,0.1,,0.09,,0.15,,0.15,,0.15,,0.15,,,,0.15,,0.08,,,,,,,,,,,,,,,,,,,,,,,,,,,,,,,,,,,,,,,,,,,,,,,,,,,,,,,,,,,,,,,,,,,,,,,30,0.2,
10087,Player/Npcs/Prefabs/npc_087_c.prefab,,Nạp Lan Tiềm Lẫm,,,,1.9,0.5,16,0.1,6,0.1,19,,0,,,30,0.5,16,0.5,,0.1,16,0.1,,12,0.2,,30,0.2,,30,0.2,,30,0.2,20,0.2,22,0.15,15,0.1,,15,0.08,,0.1,,0.1,,0.09,,0.15,,0.15,,0.15,,0.15,,,,0.15,,0.08,,,,,,,,,,,,,,,,,,,,,,,,,20,0.05,,,,,,,,,,,,,,,,,,,,,,,,,,,,,,,,,,,,,,,,,,,,,30,0.2,
10101,Player/Npcs/Prefabs/npc_101.prefab,916,Dương Ảnh Phong,,,,1.75,0.5,15,0.1,6,0.1,20,,0,,,16,0.5,16,0.5,,0.1,15,0.1,,12,0.2,,30,0.2,,30,0.2,,30,0.2,20,0.2,24,0.15,15,0.1,,15,0.08,,0.1,,0.1,,0.09,,0.15,,0.15,,0.15,,0.15,,,,0.15,,0.08,,,,,,,,,,,,,,,,,,,,,,,,,20,0.05,,,,,,,,,,,,,,,,,,,,,,,,,,,,,,,,,,,,,,,,,,,,,30,0.2,
10107,Player/Npcs/Prefabs/npc_162.prefab,136,Lý Nguyên Bá,,,,1.75,0.5,15,0.1,6,0.1,20,,0,,,16,0.5,16,0.5,,0.1,16,0.1,,12,0.2,,30,0.2,,30,0.2,,30,0.2,20,0.2,24,0.15,14,0.1,,13,0.08,,0.1,,0.1,15,0.09,,0.15,,0.15,,0.15,,0.15,,,,0.15,,0.08,,,,,,,,,,,,,,,,,,,,,,,,,,,,,,,,,,,,,,,,,,,,,,,,,,,,,,,,,,,,,,,,,,,,,,,30,0.2,
10108,Player/Npcs/Prefabs/npc_108.prefab,917,Kinh Kha,,,,1.75,0.5,15,0.1,6,0.1,20,,0,,,17,0.5,17,0.5,,0.1,16,0.1,,12,0.2,,30,0.2,,30,0.2,,30,0.2,20,0.2,24,0.15,15,0.1,,14,0.08,,0.1,,0.1,15,0.09,,0.15,,0.15,,0.15,,0.15,,,,0.15,,0.08,,,,,,,,,,,,,,,,,,,,,,,,,,,,,,,,,,,,,,,,,,,,,,,,,,,,,,,,,,,,,,,,,,,,,,,30,0.2,
10110,Player/Npcs/Prefabs/npc_110_c.prefab,,Dương Hi Liệt,,,,1.75,0.5,15,0.1,6,0.1,22,,0,,,17,0.5,17,0.5,,0.1,16,0.1,,12,0.2,,30,0.2,,30,0.2,,30,0.2,20,0.2,30,0.15,15,0.1,,15,0.08,,0.1,,0.1,15,0.09,,0.15,,0.15,,0.15,,0.15,,,,0.15,,0.08,,,,,,,,,,,,,,,,,,,,,,,,,,,,,,,,,,,,,,,,,,,,,,,,,,,,,,,,,,,,,,,,,,,,,,,30,0.2,
10112,Player/Npcs/Prefabs/npc_112_c.prefab,,Ngu Cơ,,,,1.75,0.5,15,0.1,6,0.1,18,,0,,,16,0.5,16,0.5,,0.1,16,0.1,,12,0.2,,30,0.2,,30,0.2,,30,0.2,20,0.2,24,0.15,13,0.1,,15,0.08,,0.1,,0.1,15,0.09,,0.15,,0.15,,0.15,,0.15,,,,0.15,,0.08,,,,,,,,,,,,,,,,,,,,,,,,,,,,,,,,,,,,,,,,,,,,,,,,,,,,,,,,,,,,,,,,,,,,,,,30,0.2,
10113,Player/Npcs/Prefabs/npc_113_c.prefab,,Triệu Vân,,,,1.75,0.5,15,0.1,6,0.1,18,,0,,,16,0.5,16,0.5,,0.1,16,0.1,,12,0.2,,30,0.2,,30,0.2,,30,0.2,20,0.2,24,0.15,15,0.1,,15,0.08,,0.1,,0.1,15,0.09,,0.15,,0.15,,0.15,,0.15,,,,0.15,,0.08,,,,,,,,,,,,,,,,,,,,,,,,,,,,,,,,,,,,,,,,,,,,,,,,,,,,,,,,,,,,,,,,,,,,,,,30,0.2,
10116,Player/Npcs/Prefabs/npc_116_c.prefab,,Đạo Nhất Chân Nhân,,,,1.75,0.5,15,0.1,6,0.1,20,,0,,,15,0.5,15,0.5,,0.1,16,0.1,,12,0.2,,30,0.2,,30,0.2,,30,0.2,20,0.2,24,0.15,15,0.1,,15,0.08,15,0.1,15,0.1,15,0.09,,0.15,,0.15,,0.15,,0.15,,,,0.15,,0.08,,,,,,,,,,,,,,,,,,,,,,,,,,,,,,,,,,,,,,,,,,,,,,,,,,,,,,,,,,,,,,,,,,,,,,,30,0.2,
10117,Player/Npcs/Prefabs/npc_117.prefab,918,Phương Miễn,,,,1.75,0.5,15,0.1,6,0.1,19,,0,,,20,0.5,20,0.5,,0.1,16,0.1,,12,0.2,,30,0.2,,30,0.2,,30,0.2,20,0.2,24,0.15,15,0.1,,15,0.08,,0.1,,0.1,15,0.09,,0.15,,0.15,,0.15,,0.15,,,,0.15,,0.08,,,,,,,,,,,,,,,,,,,,,,,,,2,0.05,,,,,,,,,,,,,,,,,,,,,,,,,,,,,,,,,,,,,,,,,,,,,30,0.2,
10119,Player/Npcs/Prefabs/npc_119.prefab,919,Trương Phong,,,,1.75,0.5,15,0.1,6,0.1,19,,0,,,20,0.5,20,0.5,,0.1,16,0.1,,12,0.2,,30,0.2,,30,0.2,,30,0.2,20,0.2,40,0.15,15,0.1,,15,0.08,,0.1,,0.1,15,0.09,,0.15,,0.15,,0.15,,0.15,,,,0.15,,0.08,,,,,,,,,,,,,,,,,,,,,,,,,20,0.05,,,,,,,,,,,,,,,,,,,,,,,,,,,,,,,,,,,,,,,,,,,,,30,0.2,
10125,Player/Npcs/Prefabs/npc_125_c.prefab,,Tần Lương Ngọc,,,,1.75,0.5,15,0.1,9,0.1,30,,0,,,19,0.5,19,0.5,,0.1,16,0.1,,12,0.2,,30,0.2,,30,0.2,,30,0.2,20,0.2,45,0.15,15,0.1,,15,0.08,,0.1,,0.1,15,0.09,,0.15,,0.15,,0.15,,0.15,,,,0.15,,0.08,,,,,,,,,,,,,,,,,,,,,,,,,20,0.05,,,,,,,,,,,,,,,,,,,,,,,,,,,,,,,,,,,,,,,,,,,,,30,0.2,
10130,Player/Npcs/Prefabs/npc_130_c.prefab,,Nhạc Phi,,,,1.9,0.5,15,0.1,6,0.1,20,,0,,,30,0.5,17,0.5,,0.1,16,0.1,,12,0.2,,30,0.2,,30,0.2,,30,0.2,20,0.2,24,0.15,15,0.1,,15,0.08,,0.1,,0.1,15,0.09,,0.15,,0.15,,0.15,,0.15,,,,0.15,,0.08,,,,,,,,,,,,,,,,,,,,,,,,,,,,,,,,,,,,,,,,,,,,,,,,,,,,,,,,,,,,,,,,,,,,,,,30,0.2,
10132,Player/Npcs/Prefabs/npc_132.prefab,150,Huyền Nhân,,,,1.9,0.5,15,0.1,6,0.1,20,,0,,,30,0.5,16,0.5,,0.1,16,0.1,,12,0.2,,30,0.2,,30,0.2,,30,0.2,20,0.2,24,0.15,15,0.1,,16,0.08,,0.1,,0.1,15,0.09,,0.15,,0.15,,0.15,,0.15,,,,0.15,,0.08,,,,,,,,,,,,,,,,,,,,,,,,,,,,,,,,,,,,,,,,,,,,,,,,,,,,,,,,,,,,,,,,,,,,,,,30,0.2,
10136,Player/Npcs/Prefabs/npc_136.prefab,130,Tần Thủy Hoàng,,,,2.2,0.5,20,0.1,6,0.1,20,,0,,,30,0.1,16,0.1,,0.1,16,0.1,,12,0.2,,30,0.1,,30,0.1,,30,0.1,20,0.1,,0.15,15,0.1,,15,0.08,,0.1,,0.1,30,0.09,,0.15,,0.15,,0.15,,0.15,,,,0.15,18,0.08,,,,,,,,,,,,,,,,,,,,,,,,,,,,,,,,,,,,,,,,,,,,,,,,,,,,,,,,,,,,,,,,,,,,,,,30,0.1,
10162,Player/Npcs/Prefabs/npc_162.prefab,136,Lý Nguyên Bá,,,,2.2,0.5,15,0.1,6,0.1,20,,0,,,16,0.5,16,0.5,,0.1,16,0.1,,12,0.2,,30,0.2,,30,0.2,,30,0.2,20,0.2,24,0.15,14,0.1,,13,0.08,,0.1,,0.1,15,0.09,,0.15,,0.15,,0.15,,0.15,,,,0.15,,0.08,,,,,,,,,,,,,,,,,,,,,,,,,,,,,,,,,,,,,,,,,,,,,,,,,,,,,,,,,,,,,,,,,,,,,,,30,0.2,
10163,Player/Npcs/Prefabs/npc_163.prefab,137,Huyền Thiên Đạo Nhân,,,,2.2,0.5,20,0.1,6,0.1,20,,0,,,17,0.1,17,0.1,,0.1,15,0.1,,12,0.2,,30,0.1,,30,0.1,,30,0.1,20,0.1,,0.15,15,0.1,,15,0.08,,0.1,,0.1,30,0.09,,0.15,,0.15,,0.15,,0.15,,,,0.15,18,0.08,,,,,,,,,,,,,,,,,,,,,,,,,,,,,,,,,,,,,,,,,,,,,,,,,,,,,,,,,,,,,,,,,,,,,,,30,0.1,
10164,Player/Npcs/Prefabs/npc_164.prefab,138,Đường Giản,,,,2.2,0.5,16,0.1,6,0.1,26,,0,,,30,0.5,15,0.5,,0.1,15,0.1,,12,0.2,,30,0.2,,30,0.2,,30,0.2,20,0.2,28,0.4,15,0.1,,15,0.08,,0.1,,0.1,,0.09,,0.15,,0.15,,0.15,,0.15,,,,0.15,,0.08,,,,,,,,,,,,,,,,,,,,,,,,,,,,,,,,,,,,,,,,,,,,,,,,,,,,,,,,,,,,,,,,,,,,,,,30,0.2,
10165,Player/Npcs/Prefabs/npc_165.prefab,139,Tống Thu Thạch,,,,2,0.5,16,0.1,6,0.1,20,,0,,,30,0.5,16,0.5,,0.1,16,0.1,,12,0.2,,30,0.2,,30,0.2,,30,0.2,20,0.2,,0.4,15,0.1,,15,0.08,,0.1,,0.1,,0.09,,0.15,,0.15,,0.15,,0.15,,,,0.15,,0.08,,,,,,,,,,,,,,,,,,,,,,,,,,,,,,,,,,,,,,,,,,,,,,,,,,,,,,,,,,,,,,,,,,,,,,,30,0.2,
10166,Player/Npcs/Prefabs/npc_166.prefab,140,Đường Hiểu,,,,2,0.5,16,0.1,6,0.1,18,,0,,,30,0.5,16,0.5,,0.1,16,0.1,,12,0.2,,30,0.2,,30,0.2,,30,0.2,20,0.2,,0.4,15,0.1,,15,0.08,,0.1,,0.1,,0.09,,0.15,,0.15,,0.15,,0.15,,,,0.15,,0.08,,,,,,,,,,,,,,,,,,,,,,,,,,,,,,,,,,,,,,,,,,,,,,,,,,,,,,,,,,,,,,,,,,,,,,,30,0.2,
10167,Player/Npcs/Prefabs/npc_167.prefab,141,Hắc Diện Lang Quân,,,,2,0.5,16,0.1,6,0.1,20,,0,,,30,0.5,20,0.5,,0.1,16,0.1,,12,0.2,,30,0.2,,30,0.2,,30,0.2,20,0.2,,0.4,15,0.1,,15,0.08,,0.1,,0.1,,0.09,,0.15,,0.15,,0.15,,0.15,,,,0.15,,0.08,,,,,,,,,,,,,,,,,,,,,,,,,,,,,,,,,,,,,,,,,,,,,,,,,,,,,,,,,,,,,,,,,,,,,,,30,0.2,
10168,Player/Npcs/Prefabs/npc_168.prefab,142,Thạch Hiên Viên,,,,2,0.5,16,0.1,6,0.1,20,,0,,,30,0.5,16,0.5,,0.1,16,0.1,,12,0.2,,30,0.2,,30,0.2,,30,0.2,20,0.2,,0.4,15,0.1,,15,0.08,,0.1,,0.1,,0.09,,0.15,,0.15,,0.15,,0.15,,,,0.15,,0.08,,,,,,,,,,,,,,,,,,,,,,,,,,,,,,,,,,,,,,,,,,,,,,,,,,,,,,,,,,,,,,,,,,,,,,,30,0.2,
10169,Player/Npcs/Prefabs/npc_169.prefab,143,Huyền Từ,,,,2,0.5,16,0.1,6,0.1,20,,0,,,30,0.5,16,0.5,,0.1,16,0.1,,12,0.2,,30,0.2,,30,0.2,,30,0.2,20,0.2,,0.4,15,0.1,,15,0.08,,0.1,,0.1,,0.09,,0.15,,0.15,,0.15,,0.15,,,,0.15,,0.08,,,,,,,,,,,,,,,,,,,,,,,,,,,,,,,,,,,,,,,,,,,,,,,,,,,,,,,,,,,,,,,,,,,,,,,30,0.2,
10170,Player/Npcs/Prefabs/npc_170.prefab,144,Hà Nhân Ngã,,,,2,0.5,16,0.1,6,0.1,19,,0,,,30,0.5,16,0.5,,0.1,16,0.1,,12,0.2,,30,0.2,,30,0.2,,30,0.2,20,0.2,,0.4,15,0.1,,15,0.08,,0.1,,0.1,,0.09,,0.15,,0.15,,0.15,,0.15,,,,0.15,,0.08,,,,,,,,,,,,,,,,,,,,,,,,,,,,,,,,,,,,,,,,,,,,,,,,,,,,,,,,,,,,,,,,,,,,,,,30,0.2,
10171,Player/Npcs/Prefabs/npc_171.prefab,145,Quỷ Cốc Tử,,,,2,0.5,16,0.1,6,0.1,20,,0,,,30,0.5,16,0.5,,0.1,16,0.1,,12,0.2,,30,0.2,,30,0.2,,30,0.2,20,0.2,,0.4,15,0.1,,15,0.08,,0.1,,0.1,,0.09,,0.15,,0.15,,0.15,,0.15,,,,0.15,,0.08,,,,,,,,,,,,,,,,,,,,,,,,,,,,,,,,,,,,,,,,,,,,,,,,,,,,,,,,,,,,,,,,,,,,,,,30,0.2,
10172,Player/Npcs/Prefabs/npc_172.prefab,146,Trương Tam Phong,,,,2,0.5,16,0.1,6,0.1,20,,0,,,30,0.5,16,0.5,,0.1,16,0.1,,12,0.2,,30,0.2,,30,0.2,,30,0.2,20,0.2,,0.4,15,0.1,,15,0.08,,0.1,,0.1,,0.09,,0.15,,0.15,,0.15,,0.15,,,,0.15,,0.08,,,,,,,,,,,,,,,,,,,,,,,,,,,,,,,,,,,,,,,,,,,,,,,,,,,,,,,,,,,,,,,,,,,,,,,30,0.2,
10173,Player/Npcs/Prefabs/npc_173.prefab,147,Hạng Vũ,,,,2.3,0.5,16,0.1,6,0.1,20,,0,,,30,0.5,16,0.5,,0.1,16,0.1,,15,0.2,,30,0.2,,30,0.2,,30,0.2,20,0.2,,0.4,15,0.1,,15,0.08,,0.1,,0.1,,0.09,,0.15,,0.15,,0.15,,0.15,,,,0.15,,0.08,,,,,,,,,,,,,,,,,,,,,,,,,,,,,,,,,,,,,,,,,,,,,,,,,,,,,,,,,,,,,,,,,,,,,,,30,0.2,
10174,Player/Npcs/Prefabs/npc_174.prefab,148,Cổ Yên Nhiên,,,,2,0.5,16,0.1,6,0.1,20,,0,,,30,0.5,16,0.5,,0.1,16,0.1,,12,0.2,,30,0.2,,30,0.2,,30,0.2,20,0.2,,0.4,15,0.1,,15,0.08,,0.1,,0.1,,0.09,,0.15,,0.15,,0.15,,0.15,,,,0.15,,0.08,,,,,,,,,,,,,,,,,,,,,,,,,,,,,,,,,,,,,,,,,,,,,,,,,,,,,,,,,,,,,,,,,,,,,,,30,0.2,
10175,Player/Npcs/Prefabs/npc_175.prefab,149,Đường Cừu,,,,2,0.5,16,0.1,6,0.1,20,,0,,,30,0.5,16,0.5,,0.1,16,0.1,,12,0.2,,30,0.2,,30,0.2,,30,0.2,20,0.2,,0.4,15,0.1,,15,0.08,,0.1,,0.1,,0.09,,0.15,,0.15,,0.15,,0.15,,,,0.15,,0.08,,,,,,,,,,,,,,,,,,,,,,,,,,,,,,,,,,,,,,,,,,,,,,,,,,,,,,,,,,,,,,,,,,,,,,,30,0.2,
10178,Player/Npcs/Prefabs/npc_178a.prefab,929,Dĩnh Bảo Bảo ,,,,1.75,0.5,15,0.1,6,0.1,20,,0,,,30,0.5,16,0.5,,0.1,16,0.1,,12,0.2,,30,0.2,,30,0.2,,30,0.2,20,0.2,28,0.15,15,0.1,,10,0.08,15,0.1,15,0.1,15,0.09,,0.15,,0.15,,0.15,,0.15,,,,0.15,,0.08,,,,,,,,,,,,,,,,,,,,,,,,,20,0.05,,,,,,,,,,,,,,,,,,,,,,,,,,,,,,,,,,,,,,,,,,,,,30,0.2,
10179,Player/Npcs/Prefabs/npc_179a.prefab,930,Lâm Dũ Cựu,,,,1.75,0.5,15,0.1,6,0.1,20,,0,,,30,0.5,16,0.5,,0.1,16,0.1,,12,0.2,,30,0.2,,30,0.2,,30,0.2,20,0.2,28,0.15,15,0.1,,10,0.08,15,0.1,15,0.1,15,0.09,,0.15,,0.15,,0.15,,0.15,,,,0.15,,0.08,,,,,,,,,,,,,,,,,,,,,,,,,20,0.05,,,,,,,,,,,,,,,,,,,,,,,,,,,,,,,,,,,,,,,,,,,,,30,0.2,
10205,Player/Npcs/Prefabs/npc_205.prefab,155,Võ Tắc Thiên,,,,2,0.5,16,0.1,6,0.1,20,,0,,,30,0.5,16,0.5,,0.1,16,0.1,,12,0.2,,30,0.2,,30,0.2,,30,0.2,20,0.2,,0.4,15,0.1,,15,0.08,,0.1,,0.1,,0.09,,0.15,,0.15,,0.15,,0.15,,,,0.15,,0.08,,,,,,,,,,,,,,,,,,,,,,,,,,,,,,,,,,,,,,,,,,,,,,,,,,,,,,,,,,,,,,,,,,,,,,,30,0.2,
10210,Player/Npcs/Prefabs/npc_210.prefab,157,Băng Nghi,,,,1.9,0.5,16,0.1,6,0.1,20,,0,,,30,0.5,16,0.5,,0.1,18,0.1,,12,0.2,,30,0.2,,30,0.2,,30,0.2,20,0.2,28,0.4,15,0.1,,15,0.08,,0.1,,0.1,,0.09,,0.15,,0.15,,0.15,,0.15,,,,0.15,,0.08,,,,,,,,,,,,,,,,,,,,,,,,,,,,,,,,,,,,,,,,,,,,,,,,,,,,,,,,,,,,,,,,,,,,,,,30,0.2,
10214,Player/Npcs/Prefabs/npc_214.prefab,156,Hoàng Chân Y,,,,2,0.5,15,0.1,6,0.1,20,,0,,,30,0.5,16,0.5,,0.1,16,0.1,,12,0.2,,30,0.2,,30,0.2,,30,0.2,20,0.2,24,0.15,15,0.1,,15,0.08,,0.1,,0.1,15,0.09,,0.15,,0.15,,0.15,,0.15,,,,0.15,,0.08,,,,,,,,,,,,,,,,,,,,,,,,,,,,,,,,,,,,,,,,,,,,,,,,,,,,,,,,,,,,,,,,,,,,,,,30,0.2,
10217,Player/Npcs/Prefabs/npc_217.prefab,158,Diệp Vô Tâm,,,,1.9,0.5,16,0.1,6,0.1,19,,0,,,30,0.5,17,0.5,,0.1,16,0.1,,12,0.2,,30,0.2,,30,0.2,,30,0.2,20,0.2,28,0.4,15,0.1,,15,0.08,,0.1,,0.1,,0.09,,0.15,,0.15,,0.15,,0.15,,,,0.15,,0.08,,,,,,,,,,,,,,,,,,,,,,,,,,,,,,,,,,,,,,,,,,,,,,,,,,,,,,,,,,,,,,,,,,,,,,,30,0.2,
10218,Player/Npcs/Prefabs/npc_218.prefab,159,Diệp Thanh Dương,,,,1.9,0.5,16,0.1,6,0.1,20,,0,,,30,0.5,16,0.5,,0.1,16,0.1,,12,0.2,,30,0.2,,30,0.2,,30,0.2,20,0.2,28,0.4,15,0.1,,15,0.08,,0.1,,0.1,,0.09,,0.15,,0.15,,0.15,,0.15,,,,0.15,,0.08,,,,,,,,,,,,,,,,,,,,,,,,,,,,,,,,,,,,,,,,,,,,,,,,,,,,,,,,,,,,,,,,,,,,,,,30,0.2,
10219,Player/Npcs/Prefabs/npc_219.prefab,160,Tiêu Ngọc Trúc,,,,1.9,0.5,16,0.1,6,0.1,20,,0,,,30,0.5,16,0.5,,0.1,16,0.1,,12,0.2,,30,0.2,,30,0.2,,30,0.2,20,0.2,28,0.4,15,0.1,,15,0.08,,0.1,,0.1,,0.09,,0.15,,0.15,,0.15,,0.15,,,,0.15,,0.08,,,,,,,,,,,,,,,,,,,,,,,,,,,,,,,,,,,,,,,,,,,,,,,,,,,,,,,,,,,,,,,,,,,,,,,30,0.2,
11000,Player/Npcs/Prefabs/npc_pet003.prefab,161,Chúc Tử Hư,,,,2,0.5,38,0.1,6,0.1,19,,0,,,38,0.1,38,0.1,13,0.1,15,0.1,,12,0.2,,30,0.2,,30,0.2,,30,0.2,30,0.2,25,0.06,13,0.1,,13,0.08,15,0.08,21,0.1,23,0.05,6,0.05,13,0.05,28,0.15,30,0.15,,,5,,5,0.08,5,0.01,20,0,5,0,,,,,,,28,0.15,,,,,,,,,,,,,,,,,,,,,,,,,,,,,,,,,,,,,,,,,,,,,,,,,,,,,,,,,30,0.2,
11001,Player/Npcs/Prefabs/npc_pet001_c.prefab,,Hoàng Mộ Vân,,,,1.6,0.5,45,0.1,6,0.1,15,,0,,,45,0.1,45,0.1,13,0.1,15,0.1,,15,0.2,,30,0,,30,0,,30,0,30,0,25,0.05,15,0.1,,15,0.08,16,0.1,,,18,0.09,21,0.1,20,0.2,20,0.15,37,0.15,,,,0.15,15,0.08,,,17,0,7,0,,,,,,,,,,,,,,,,,,,,,,,,,,,,,,,,,,,,,,,,,,,,,,,,,,,,,,,,,,,,,,,,,30,0,
12003,Player/Npcs/Prefabs/boss003.prefab,901,Thiên Tinh Đạo Trưởng,,,,1.75,0.5,16,0.1,6,0.1,30,,0,,,25,0.1,25,0.1,,0.1,15,0.1,,12,0.2,,30,0.2,,30,0.2,,30,0.2,16,0.2,,0.15,17,0.1,,38,0.08,,0.1,,0.1,35,0.09,,0.15,,0.15,,0.15,,0.15,,,,0.15,25,0.08,,,,,,,,,,,,,,,,,,,,,,,,,,,,,,,,,,,,,,,,,,,,,,,,,,,,,,,,,,,,,,,,,,,,,,,30,0.2,
12005,Player/Npcs/Prefabs/boss005.prefab,926,Triết Biệt,,,,1.75,0.5,20,0.1,6,0.1,20,,0,,,20,0.1,20,0.1,,0.1,15,0.1,,12,0.2,,30,0.1,,30,0.1,,30,0.1,20,0.1,,0.15,18,0.1,,17,0.08,,0.1,,0.1,30,0.09,,0.15,,0.15,,0.15,,0.15,,,,0.15,18,0.08,,,,,,,,,,,,,,,,,,,,,,,,,,,,,,,,,,,,,,,,,,,,,,,,,,,,,,,,,,,,,,,,,,,,,,,30,0.1,
12006,Player/Npcs/Prefabs/npc_163.prefab,137,Huyền Thiên Đạo Nhân,,,,1.75,0.5,20,0.1,6,0.1,20,,0,,,17,0.1,17,0.1,,0.1,15,0.1,,12,0.2,,30,0.1,,30,0.1,,30,0.1,20,0.1,,0.15,15,0.1,,15,0.08,,0.1,,0.1,30,0.09,,0.15,,0.15,,0.15,,0.15,,,,0.15,18,0.08,,,,,,,,,,,,,,,,,,,,,,,,,,,,,,,,,,,,,,,,,,,,,,,,,,,,,,,,,,,,,,,,,,,,,,,30,0.1,
12009,Player/Npcs/Prefabs/boss009.prefab,927,Viên Thừa Chí,,,,1.75,0.5,20,0.1,6,0.1,20,,0,,,18,0.1,18,0.1,,0.1,15,0.1,,12,0.2,,30,0.1,,30,0.1,,30,0.1,20,0.1,,0.15,15,0.1,,18,0.08,,0.1,,0.1,30,0.09,,0.15,,0.15,,0.15,,0.15,,,,0.15,18,0.08,,,,,,,,,,,,,,,,,,,,,,,,,,,,,,,,,,,,,,,,,,,,,,,,,,,,,,,,,,,,,,,,,,,,,,,30,0.1,
12011,Player/Npcs/Prefabs/boss011.prefab,902,Thượng Quan Phi Long,,,,1.75,0.5,20,0.1,6,0.1,20,,0,,,20,0.1,20,0.1,,0.1,15,0.1,,12,0.2,,30,0.1,,30,0.1,,30,0.1,20,0.1,22,0.15,15,0.1,,18,0.08,,0.1,,0.1,30,0.09,,0.15,,0.15,,0.15,,0.15,,,,0.15,18,0.08,,,,,,,,,,,,,,,,,,,,,,,,,,,,,,,,,,,,,,,,,,,,,,,,,,,,,,,,,,,,,,,,,,,,,,,30,0.1,
12015,Player/Npcs/Prefabs/boss015.prefab,928,Ngao Bái,,,,1.75,0.5,20,0.1,6,0.1,16,,0,,,20,0.1,20,0.1,,0.1,15,0.1,,12,0.2,,30,0.1,,30,0.1,,30,0.1,20,0.1,,0.15,15,0.1,,15,0.08,,0.1,,0.1,30,0.09,,0.15,,0.15,,0.15,,0.15,,,,0.15,18,0.08,,,,,,,,,,,,,,,,,,,,,,,,,,,,,,,,,,,,,,,,,,,,,,,,,,,,,,,,,,,,,,,,,,,,,,,30,0.1,
12017,Player/Npcs/Prefabs/boss017_c.prefab,,Nam Cung Phi,,,,1.75,0.5,20,0.1,6,0.1,20,,0,,,20,0.1,20,0.1,,0.1,15,0.1,,12,0.2,,30,0.1,,30,0.1,,30,0.1,20,0.1,,0.15,15,0.1,,15,0.08,,0.1,,0.1,30,0.09,,0.15,,0.15,,0.15,,0.15,,,,0.15,18,0.08,,,,,,,,,,,,,,,,,,,,,,,,,,,,,,,,,,,,,,,,,,,,,,,,,,,,,,,,,,,,,,,,,,,,,,,30,0.1,
12021,Player/Npcs/Prefabs/boss021_n.prefab,154,Hoàn Nhan Hồng Liệt,,,,2.2,0.5,20,0.1,6,0.1,20,,0,,,30,0.1,16,0.1,,0.1,16,0.1,,12,0.2,,30,0.1,,30,0.1,,30,0.1,20,0.1,,0.15,15,0.1,,15,0.08,,0.1,,0.1,30,0.09,,0.15,,0.15,,0.15,,0.15,,,,0.15,18,0.08,,,,,,,,,,,,,,,,,,,,,,,,,,,,,,,,,,,,,,,,,,,,,,,,,,,,,,,,,,,,,,,,,,,,,,,30,0.1,
12022,Player/Npcs/Prefabs/boss022_c.prefab,203,Độc Cô Kiếm,,,,1.75,0.5,20,0.1,6,0.1,20,,0,,,30,0.1,16,0.1,,0.1,16,0.1,,12,0.2,,30,0.1,,30,0.1,,30,0.1,20,0.1,,0.15,15,0.1,,18,0.08,,0.1,,0.1,30,0.09,,0.15,,0.15,,0.15,,0.15,,,,0.15,18,0.08,,,,,,,,,,,,,,,,,,,,,,,,,,,,,,,,,,,,,,,,,,,,,,,,,,,,,,,,,,,,,,,,,,,,,,,30,0.1,
12032,Player/Npcs/Prefabs/boss032.prefab,151,Băng Lân Tích Hoàng,,,,2,0.5,20,0.1,6,0.1,15,,0,,,17,0.1,17,0.1,,0.1,15,0.1,,9,0.2,,30,0.1,,30,0.1,,30,0.1,20,0.1,,0.15,20,0.1,,16,0.08,,0.1,,0.1,30,0.09,,0.15,,0.15,,0.15,,0.15,,,,0.15,18,0.08,,,,,,,,,,,,,,,,,,,,,,,,,,,,,,,,,,,,,,,,,,,,,,,,,,,,,,,,,,,,,,,,,,,,,,,30,0.1,
12033,Player/Npcs/Prefabs/boss033.prefab,152,Ngân Câu Hạt Hoàng,,,,2,0.5,20,0.1,6,0.1,20,,0,,,20,0.1,20,0.1,,0.1,15,0.1,,12,0.2,,30,0.1,,30,0.1,,30,0.1,20,0.1,,0.15,15,0.1,,15,0.08,,0.1,,0.1,30,0.09,,0.15,,0.15,,0.15,,0.15,,,,0.15,18,0.08,,,,,,,,,,,,,,,,,,,,,,,,,,,,,,,,,,,,,,,,,,,,,,,,,,,,,,,,,,,,,,,,,,,,,,,30,0.1,
12034,Player/Npcs/Prefabs/boss034.prefab,153,Cuồng Tông Ngao Hoàng,,,,2,0.5,20,0.1,6,0.1,20,,0,,,20,0.1,20,0.1,,0.1,15,0.1,,12,0.2,,30,0.1,,30,0.1,,30,0.1,20,0.1,,0.15,15,0.1,,15,0.08,,0.1,,0.1,30,0.09,,0.15,,0.15,,0.15,,0.15,,,,0.15,18,0.08,,,,,,,,,,,,,,,,,,,,,,,,,,,,,,,,,,,,,,,,,,,,,,,,,,,,,,,,,,,,,,,,,,,,,,,30,0.1,
12035,Player/Npcs/Prefabs/npc_267.prefab,931,Đạt Ma,,,,2,0.5,16,0.1,6,0.1,20,,0,,,30,0.5,16,0.5,,0.1,16,0.1,,12,0.2,,30,0.2,,30,0.2,,30,0.2,20,0.2,,0.4,15,0.1,,15,0.08,,0.1,,0.1,,0.09,,0.15,,0.15,,0.15,,0.15,,,,0.15,,0.08,,,,,,,,,,,,,,,,,,,,,,,,,,,,,,,,,,,,,,,,,,,,,,,,,,,,,,,,,,,,,,,,,,,,,,,30,0.2,
12036,Player/Npcs/Prefabs/npc_298.prefab,932,Quan Vũ,,,,1.75,0.5,16,0.1,6,0.1,20,,0,,,30,0.5,16,0.5,,0.1,16,0.1,,12,0.2,,30,0.2,,30,0.2,,30,0.2,20,0.2,,0.4,15,0.1,,15,0.08,,0.1,,0.1,,0.09,,0.15,,0.15,,0.15,,0.15,,,,0.15,,0.08,,,,,,,,,,,,,,,,,,,,,,,,,,,,,,,,,,,,,,,,,,,,,,,,,,,,,,,,,,,,,,,,,,,,,,,30,0.2,
12037,Player/Npcs/Prefabs/npc_334.prefab,933,Thành Cát Tư Hãn,,,,1.75,0.5,16,0.1,6,0.1,20,,0,,,30,0.5,16,0.5,,0.1,16,0.1,,12,0.2,,30,0.2,,30,0.2,,30,0.2,20,0.2,,0.4,15,0.1,,15,0.08,,0.1,,0.1,,0.09,,0.15,,0.15,,0.15,,0.15,,,,0.15,,0.08,,,,,,,,,,,,,,,,,,,,,,,,,,,,,,,,,,,,,,,,,,,,,,,,,,,,,,,,,,,,,,,,,,,,,,,30,0.2,
12038,Player/Npcs/Prefabs/npc_387_1.prefab,63,Hoa Mộc Lan,,,,1.75,0.5,16,0.1,6,0.1,20,,0,,,30,0.5,16,0.5,,0.1,16,0.1,,12,0.2,,30,0.2,,30,0.2,,30,0.2,20,0.2,,0.4,15,0.1,,15,0.08,,0.1,,0.1,,0.09,,0.15,,0.15,,0.15,,0.15,,,,0.15,,0.08,,,,,,,,,,,,,,,,,,,,,,,,,,,,,,,,,,,,,,,,,,,,,,,,,,,,,,,,,,,,,,,,,,,,,,,30,0.2,
20000,Player/Npcs/Prefabs/npc_177.prefab,,Mô hình nhân vật người chế tạo gia cụ,,,,1.75,0.5,20,0.1,6,0.1,20,,0,,,30,0.1,16,0.1,,0.1,16,0.1,,12,0.2,,30,0.1,,30,0.1,,30,0.1,20,0.1,,0.15,15,0.1,,18,0.08,,0.1,,0.1,30,0.09,,0.15,,0.15,,0.15,,0.15,,,,0.15,18,0.08,,,,,,,,,,,,,,,,,,,,,,,,,,,,,,,,,,,,,,,,,,,,,,,,,,,,,,,,,,,,,,,,,,,,,,,30,0.1,
20001,Scenes/Meshes/fb_jiehun/prefab/sn_jiehun_dengzi01.prefab,,Kết Hôn 1-Ghế,,,,1.75,0.5,20,0.1,6,0.1,20,,0,,,30,0.1,16,0.1,,0.1,16,0.1,,12,0.2,,30,0.1,,30,0.1,,30,0.1,20,0.1,,0.15,15,0.1,,18,0.08,,0.1,,0.1,30,0.09,,0.15,,0.15,,0.15,,0.15,,,,0.15,18,0.08,,,,,,,,,,,,,,,,,,,,,,,,,,,,,,,,,,,,,,,,,,,,,,,,,,,,,,,,,,,,,,,,,,,,,,,30,0.1,
20002,Scenes/Meshes/fb_jiehun/prefab/sn_jiehun_zhuozi01_01.prefab,,Kết Hôn 1-Bàn Trống,,,,1.75,0.5,20,0.1,6,0.1,20,,0,,,30,0.1,16,0.1,,0.1,16,0.1,,12,0.2,,30,0.1,,30,0.1,,30,0.1,20,0.1,,0.15,15,0.1,,18,0.08,,0.1,,0.1,30,0.09,,0.15,,0.15,,0.15,,0.15,,,,0.15,18,0.08,,,,,,,,,,,,,,,,,,,,,,,,,,,,,,,,,,,,,,,,,,,,,,,,,,,,,,,,,,,,,,,,,,,,,,,30,0.1,
20003,Scenes/Meshes/fb_jiehun/prefab/sn_jiehun_zhuozi01_02.prefab,,Kết Hôn 1-Bàn,,,,1.75,0.5,20,0.1,6,0.1,20,,0,,,30,0.1,16,0.1,,0.1,16,0.1,,12,0.2,,30,0.1,,30,0.1,,30,0.1,20,0.1,,0.15,15,0.1,,18,0.08,,0.1,,0.1,30,0.09,,0.15,,0.15,,0.15,,0.15,,,,0.15,18,0.08,,,,,,,,,,,,,,,,,,,,,,,,,,,,,,,,,,,,,,,,,,,,,,,,,,,,,,,,,,,,,,,,,,,,,,,30,0.1,
20004,Scenes/Meshes/fb_jiehun/prefab/sn_jiehun_dengzi02.prefab,,Kết Hôn 2-Ghế,,,,1.75,0.5,20,0.1,6,0.1,20,,0,,,30,0.1,16,0.1,,0.1,16,0.1,,12,0.2,,30,0.1,,30,0.1,,30,0.1,20,0.1,,0.15,15,0.1,,18,0.08,,0.1,,0.1,30,0.09,,0.15,,0.15,,0.15,,0.15,,,,0.15,18,0.08,,,,,,,,,,,,,,,,,,,,,,,,,,,,,,,,,,,,,,,,,,,,,,,,,,,,,,,,,,,,,,,,,,,,,,,30,0.1,
20005,Scenes/Meshes/fb_jiehun/prefab/sn_jiehun_zhuozi02_01.prefab,,Kết Hôn 2-Bàn Trống,,,,1.75,0.5,20,0.1,6,0.1,20,,0,,,30,0.1,16,0.1,,0.1,16,0.1,,12,0.2,,30,0.1,,30,0.1,,30,0.1,20,0.1,,0.15,15,0.1,,18,0.08,,0.1,,0.1,30,0.09,,0.15,,0.15,,0.15,,0.15,,,,0.15,18,0.08,,,,,,,,,,,,,,,,,,,,,,,,,,,,,,,,,,,,,,,,,,,,,,,,,,,,,,,,,,,,,,,,,,,,,,,30,0.1,
20006,Scenes/Meshes/fb_jiehun/prefab/sn_jiehun_zhuozi02_02.prefab,,Kết Hôn 2-Bàn,,,,1.75,0.5,20,0.1,6,0.1,20,,0,,,30,0.1,16,0.1,,0.1,16,0.1,,12,0.2,,30,0.1,,30,0.1,,30,0.1,20,0.1,,0.15,15,0.1,,18,0.08,,0.1,,0.1,30,0.09,,0.15,,0.15,,0.15,,0.15,,,,0.15,18,0.08,,,,,,,,,,,,,,,,,,,,,,,,,,,,,,,,,,,,,,,,,,,,,,,,,,,,,,,,,,,,,,,,,,,,,,,30,0.1,
20007,Scenes/Meshes/fb_jiehun/prefab/sn_jiehun_dengzi03.prefab,,Kết Hôn 3-Ghế,,,,1.75,0.5,20,0.1,6,0.1,20,,0,,,30,0.1,16,0.1,,0.1,16,0.1,,12,0.2,,30,0.1,,30,0.1,,30,0.1,20,0.1,,0.15,15,0.1,,18,0.08,,0.1,,0.1,30,0.09,,0.15,,0.15,,0.15,,0.15,,,,0.15,18,0.08,,,,,,,,,,,,,,,,,,,,,,,,,,,,,,,,,,,,,,,,,,,,,,,,,,,,,,,,,,,,,,,,,,,,,,,30,0.1,
20008,Scenes/Meshes/fb_jiehun/prefab/sn_jiehun_zhuozi03_01.prefab,,Kết Hôn 3-Bàn Trống,,,,1.75,0.5,20,0.1,6,0.1,20,,0,,,30,0.1,16,0.1,,0.1,16,0.1,,12,0.2,,30,0.1,,30,0.1,,30,0.1,20,0.1,,0.15,15,0.1,,18,0.08,,0.1,,0.1,30,0.09,,0.15,,0.15,,0.15,,0.15,,,,0.15,18,0.08,,,,,,,,,,,,,,,,,,,,,,,,,,,,,,,,,,,,,,,,,,,,,,,,,,,,,,,,,,,,,,,,,,,,,,,30,0.1,
20009,Scenes/Meshes/fb_jiehun/prefab/sn_jiehun_zhuozi03_02.prefab,,Kết Hôn 3-Bàn,,,,1.75,0.5,20,0.1,6,0.1,20,,0,,,30,0.1,16,0.1,,0.1,16,0.1,,12,0.2,,30,0.1,,30,0.1,,30,0.1,20,0.1,,0.15,15,0.1,,18,0.08,,0.1,,0.1,30,0.09,,0.15,,0.15,,0.15,,0.15,,,,0.15,18,0.08,,,,,,,,,,,,,,,,,,,,,,,,,,,,,,,,,,,,,,,,,,,,,,,,,,,,,,,,,,,,,,,,,,,,,,,30,0.1,
20010,Scenes/Meshes/fb_jiehun/prefab/sn_jiehun_zhuozi01_02.prefab,,Kết Hôn-Bàn Đầy Thường,,,,1.75,0.5,20,0.1,6,0.1,20,,0,,,30,0.1,16,0.1,,0.1,16,0.1,,12,0.2,,30,0.1,,30,0.1,,30,0.1,20,0.1,,0.15,15,0.1,,18,0.08,,0.1,,0.1,30,0.09,,0.15,,0.15,,0.15,,0.15,,,,0.15,18,0.08,,,,,,,,,,,,,,,,,,,,,,,,,,,,,,,,,,,,,,,,,,,,,,,,,,,,,,,,,,,,,,,,,,,,,,,30,0.1,
20011,Scenes/Meshes/fb_jiehun/prefab/sn_jiehun_zhuozi02_02.prefab,,Kết Hôn-Bàn Đầy Long Trọng,,,,1.75,0.5,20,0.1,6,0.1,20,,0,,,30,0.1,16,0.1,,0.1,16,0.1,,12,0.2,,30,0.1,,30,0.1,,30,0.1,20,0.1,,0.15,15,0.1,,18,0.08,,0.1,,0.1,30,0.09,,0.15,,0.15,,0.15,,0.15,,,,0.15,18,0.08,,,,,,,,,,,,,,,,,,,,,,,,,,,,,,,,,,,,,,,,,,,,,,,,,,,,,,,,,,,,,,,,,,,,,,,30,0.1,
20012,Scenes/Meshes/fb_jiehun/prefab/sn_jiehun_zhuozi03_02.prefab,,Kết Hôn-Bàn Đầy Hào Hoa,,,,1.75,0.5,20,0.1,6,0.1,20,,0,,,30,0.1,16,0.1,,0.1,16,0.1,,12,0.2,,30,0.1,,30,0.1,,30,0.1,20,0.1,,0.15,15,0.1,,18,0.08,,0.1,,0.1,30,0.09,,0.15,,0.15,,0.15,,0.15,,,,0.15,18,0.08,,,,,,,,,,,,,,,,,,,,,,,,,,,,,,,,,,,,,,,,,,,,,,,,,,,,,,,,,,,,,,,,,,,,,,,30,0.1,
20013,Scenes/Meshes/sn_jiayuan/Prefabs/sy_huaduo01.prefab,,Kết hôn-Vòng Hoa,,,,0.1,0.5,20,0.1,6,0.1,20,,0,,,30,0.1,16,0.1,,0.1,16,0.1,,12,0.2,,30,0.1,,30,0.1,,30,0.1,20,0.1,,0.15,15,0.1,,18,0.08,,0.1,,0.1,30,0.09,,0.15,,0.15,,0.15,,0.15,,,,0.15,18,0.08,,,,,,,,,,,,,,,,,,,,,,,,,,,,,,,,,,,,,,,,,,,,,,,,,,,,,,,,,,,,,,,,,,,,,,,30,0.1,
20014,Player/critter/prefab/zc_wangzuo01.prefab ,,Công Thành Liên SV-Vương Tọa,,,,1.75,0.5,20,0.1,6,0.1,20,,0,,,30,0.1,16,0.1,,0.1,16,0.1,,12,0.2,,30,0.1,,30,0.1,,30,0.1,20,0.1,,0.15,15,0.1,,18,0.08,,0.1,,0.1,30,0.09,,0.15,,0.15,,0.15,,0.15,,,,0.15,18,0.08,,,,,,,,,,,,,,,,,,,,,,,,,,,,,,,,,,,,,,,,,,,,,,,,,,,,,,,,,,,,,,,,,,,,,,,30,0.1,
20015,Player/critter/prefab/zc_shibei01.prefab,,Bia Thủ-Thanh Long,,,,2.5,1,,,,,,,,,,,,,,,,,,,,,,,,,,,,,,,,,,,,,,,,,,,,,,,,,,,,,,,,,,,,,,,,,,,,,,,,,,,,,,,,,,,,,,,,,,,,,,,,,,,,,,,,,,,,,,,,,,,,,,,,,,,,,,,,,,,
20016,Player/critter/prefab/zc_shibei02.prefab,,Bia Thủ-Bạch Hổ,,,,2.5,1,,,,,,,,,,,,,,,,,,,,,,,,,,,,,,,,,,,,,,,,,,,,,,,,,,,,,,,,,,,,,,,,,,,,,,,,,,,,,,,,,,,,,,,,,,,,,,,,,,,,,,,,,,,,,,,,,,,,,,,,,,,,,,,,,,,
20017,Player/critter/prefab/zc_shibei03.prefab,,Bia Thủ-Huyền Vũ,,,,2.5,1,,,,,,,,,,,,,,,,,,,,,,,,,,,,,,,,,,,,,,,,,,,,,,,,,,,,,,,,,,,,,,,,,,,,,,,,,,,,,,,,,,,,,,,,,,,,,,,,,,,,,,,,,,,,,,,,,,,,,,,,,,,,,,,,,,,
20018,Player/critter/prefab/zc_shibei04.prefab,,Bia Thủ-Chu Tước,,,,2.5,1,,,,,,,,,,,,,,,,,,,,,,,,,,,,,,,,,,,,,,,,,,,,,,,,,,,,,,,,,,,,,,,,,,,,,,,,,,,,,,,,,,,,,,,,,,,,,,,,,,,,,,,,,,,,,,,,,,,,,,,,,,,,,,,,,,,
20019,Scenes/Meshes/fb_cangjian/prefab/fb_cangjian_zhou01.prefab,15004,Vòng Bi,,,,1.75,0.5,20,0.1,6,0.1,20,,0,,,30,0.1,16,0.1,,0.1,16,0.1,,12,0.2,,30,0.1,,30,0.1,,30,0.1,20,0.1,,0.15,15,0.1,,18,0.08,,0.1,,0.1,30,0.09,,0.15,,0.15,,0.15,,0.15,,,,0.15,18,0.08,,,,,,,,,,,,,,,,,,,,,,,,,,,,,,,,,,,,,,,,,,,,,,,,,,,,,,,,,,,,,,,,,,,,,,,30,0.1,
20020,Scenes/Meshes/fb_cangjian/prefab/fb_cangjian_chilun01.prefab,15004,Bánh Răng,,,,1.75,0.5,20,0.1,6,0.1,20,,0,,,30,0.1,16,0.1,,0.1,16,0.1,,12,0.2,,30,0.1,,30,0.1,,30,0.1,20,0.1,,0.15,15,0.1,,18,0.08,,0.1,,0.1,30,0.09,,0.15,,0.15,,0.15,,0.15,,,,0.15,18,0.08,,,,,,,,,,,,,,,,,,,,,,,,,,,,,,,,,,,,,,,,,,,,,,,,,,,,,,,,,,,,,,,,,,,,,,,30,0.1,
20021,Scenes/Meshes/fb_cangjian/prefab/fb_cangjian_chilun04.prefab,15004,Bánh Răng,,,,1.75,0.5,20,0.1,6,0.1,20,,0,,,30,0.1,16,0.1,,0.1,16,0.1,,12,0.2,,30,0.1,,30,0.1,,30,0.1,20,0.1,,0.15,15,0.1,,18,0.08,,0.1,,0.1,30,0.09,,0.15,,0.15,,0.15,,0.15,,,,0.15,18,0.08,,,,,,,,,,,,,,,,,,,,,,,,,,,,,,,,,,,,,,,,,,,,,,,,,,,,,,,,,,,,,,,,,,,,,,,30,0.1,
20300,Player/Npcs/Prefabs/npc_a001.prefab,61,Tiểu Bạch (Gia Viên-Chó),,,,1,0.5,20,0.1,6,0.1,20,,0,,,30,0.1,16,0.1,,0.1,8,0.1,,9,0.2,,28,0.1,,58,0.1,,30,0.1,20,0.1,,0.15,15,0.1,,18,0.08,,0.1,,0.1,30,0.09,,0.15,,0.15,,0.15,,0.15,,,,0.15,18,0.08,,,,,,,,,,,,,,,,,,,,,,,,,,,,,,,,,,,,,,,,,,,,,,,,,,,,,,,,,,,,,,,,,,,,,,,58,0.1,
20301,Player/Npcs/Prefabs/npc_a002.prefab,205,Tiểu Hắc (Gia Viên-Mèo),,,,1,0.5,20,0.1,6,0.1,20,,0,,,30,0.1,16,0.1,,0.1,8,0.1,,9,0.2,,19,0,,87,0.1,,107,0.01,20,0.1,,0.15,15,0.1,,18,0.08,,0.1,,0.1,30,0.09,,0.15,,0.15,,0.15,,0.15,,,,0.15,18,0.08,,,,,,,,,,,,,,,,,,,,,,,,,,,,,,,,,,,,,,,,,,,,,,,,,,,,,,,,,,,,,,,,,,,,,,,87,0.1,
20302,Player/Npcs/Prefabs/npc_a003.prefab,205,Ba Tư (Gia Viên-Mèo),,,,1,0.5,20,0.1,6,0.1,20,,0,,,30,0.1,16,0.1,,0.1,8,0.1,,9,0.2,,19,0,,87,0.1,,107,0.01,20,0.1,,0.15,15,0.1,,18,0.08,,0.1,,0.1,30,0.09,,0.15,,0.15,,0.15,,0.15,,,,0.15,18,0.08,,,,,,,,,,,,,,,,,,,,,,,,,,,,,,,,,,,,,,,,,,,,,,,,,,,,,,,,,,,,,,,,,,,,,,,87,0.1,
20303,Player/Npcs/Prefabs/npc_a004.prefab,211,Lợn (Gia Viên-Lợn),,,,1,0.5,20,0.1,6,0.1,20,,0,,,30,0.1,16,0.1,,0.1,8,0.1,,9,0.2,,28,0.1,,98,0.1,,132,0.1,20,0.1,,0.15,15,0.1,,18,0.08,,0.1,,0.1,30,0.09,,0.15,,0.15,,0.15,,0.15,,,,0.15,18,0.08,,,,,,,,,,,,,,,,,,,,,,,,,,,,,,,,,,,,,,,,,,,,,,,,,,,,,,,,,,,,,,,,,,,,,,,98,0.1,
20304,Player/Npcs/Prefabs/npc_a004a.prefab,211,Heo (Đồ chơi),,,,1,0.5,20,0.1,6,0.1,20,,0,,,30,0.1,16,0.1,,0.1,8,0.1,,9,0.2,,28,0.1,,98,0.1,,132,0.1,20,0.1,,0.15,15,0.1,,18,0.08,,0.1,,0.1,30,0.09,,0.15,,0.15,,0.15,,0.15,,,,0.15,18,0.08,,,,,,,,,,,,,,,,,,,,,,,,,,,,,,,,,,,,,,,,,,,,,,,,,,,,,,,,,,,,,,,,,,,,,,,98,0.1,
20305,Player/Npcs/Prefabs/npc_a005.prefab,61,Tiểu Bạch Thố (Gia Viên-Thố),,,,1,0.5,20,0.1,6,0.1,20,,0,,,30,0.1,16,0.1,,0.1,5,0.1,,5,0.2,,30,0.1,,137,0.1,,84,0.1,20,0.1,,0.15,15,0.1,,18,0.08,,0.1,,0.1,30,0.09,,0.15,,0.15,,0.15,,0.15,,,,0.15,18,0.08,,,,,,,,,,,,,,,,,,,,,,,,,,,,,,,,,,,,,,,,,,,,,,,,,,,,,,,,,,,,,,,,,,,,,,,137,0.1,
20306,Player/Npcs/Prefabs/npc_a006.prefab,61,Tiểu Tùng Thử (Gia Viên) ,,,,1,0.5,20,0.1,6,0.1,20,,0,,,30,0.1,16,0.1,,0.1,10,0.1,,8,0.2,,30,0.1,,47,0.1,,96,0.1,20,0.1,,0.15,15,0.1,,18,0.08,,0.1,,0.1,30,0.09,,0.15,,0.15,,0.15,,0.15,,,,0.15,18,0.08,,,,,,,,,,,,,,,,,,,,,,,,,,,,,,,,,,,,,,,,,,,,,,,,,,,,,,,,,,,,,,,,,,,,,,,47,0.1,
20307,Player/Npcs/Prefabs/npc_a008.prefab,,Chó Husky(Thú Cưng-Chó Con),,,,1,0.5,20,0.1,6,0.1,20,,0,,,30,0.1,16,0.1,,0.1,14,0.1,,5,0.08,,20,0.1,,58,0.1,,30,0.1,20,0.1,,0.15,32,0.1,,18,0.08,,0.1,,0.1,30,0.09,67,0.15,69,0.15,,0.15,,0.15,,,,0.15,42,0.08,45,,,,,,,,,,,,,,9,0.08,,,,,,,,,,,,,,,39,0.15,75,0.15,39,0.15,,,40,0.15,40,0.15,48,0.15,48,0.15,,,,,,,,,,,,,,,,,,,,,,,,,58,0.1,
20308,Player/Npcs/Prefabs/npc_a007.prefab,,Chó Husky(Thú Cưng-Chó Lớn),,,,1,0.5,110,0.1,6,0.1,20,,0,,,30,0.1,16,0.1,,0.1,16,0.1,,6,0.08,,20,0.1,,58,0.1,,30,0.1,20,0.1,,0.15,42,0.1,,68,0.08,34,0.1,85,0.1,44,0.09,72,0.15,67,0.15,45,0.15,59,0.15,,,,0.15,38,0.08,55,,,,,,,,,,,,,,9,0.08,,,,,,,,,,,,,,,39,0.15,83,0.15,37,0.15,,,50,0.15,50,0.15,49,0.15,48,0.15,,,,,,,,,,,,,,,,,,,,,,,,,58,0.1,
20309,Player/Npcs/Prefabs/npc_a009.prefab,,Ragdoll (Thú Cưng-Mèo Con),,,,1,0.5,20,0.1,6,0.1,20,,0,,,30,0.1,16,0.1,,0.1,14,0.1,,5,0.08,,30,0.1,,58,0.1,,30,0.1,20,0.1,,0.15,72,0.1,,18,0.08,,0.1,,0.1,30,0.09,69,0.15,65,0.15,,0.15,,0.15,,,,0.15,43,0.08,65,,,,,,,,,,,,,,8,0.08,,,,,,,,,,,,,,,62,0.15,60,0.15,32,0.15,,,32,0.15,36,0.15,51,0.15,48,0.15,,,,,,,,,,,,,,,,,,,,,,,,,58,0.1,
20310,Player/Npcs/Prefabs/npc_a010.prefab,,Ragdoll (Thú Cưng-Mèo Trưởng Thành),,,,1,0.5,60,0.1,6,0.1,20,,0,,,30,0.1,16,0.1,,0.1,16,0.1,,6,0.08,,30,0.1,,58,0.1,,30,0.1,20,0.1,,0.15,73,0.1,,73,0.08,126,0.1,56,0.1,65,0.09,67,0.15,62,0.15,47,0.15,71,0.15,,,,0.15,66,0.08,55,,,,,,,,,,,,,,7,0.08,,,,,,,,,,,,,,,62,0.15,58,0.15,32,0.15,,,38,0.15,38,0.15,53,0.15,53,0.15,,,,,,,,,,,,,,,,,,,,,,,,,58,0.1,
20311,Player/Npcs/Prefabs/npc_a011.prefab,,Hải Báo (Thú Cưng-Báo Con),,,,1,0.5,20,0.1,6,0.1,20,,0,,,30,0.1,16,0.1,,0.1,14,0.1,,5,0.08,,30,0.1,,58,0.1,,30,0.1,20,0.1,,0.15,44,0.1,,18,0.08,,0.1,,0.1,30,0.09,49,0.15,68,0.15,,0.15,,0.15,,,,0.15,43,0.08,65,,,,,,,,,,,,,,8,0.08,,,,,,,,,,,,,,,43,0.15,42,0.15,43,0.15,,,25,0.15,25,0.15,,,,,,,,,,,,,,,,,,,,,,,,,,,,,58,0.1,
20312,Player/Npcs/Prefabs/npc_a012.prefab,,Hải Báo (Thú Cưng-Báo Trưởng Thành),,,,1,0.5,77,0.1,6,0.1,20,,0,,,30,0.1,16,0.1,,0.1,16,0.1,,6,0.08,,30,0.1,,58,0.1,,30,0.1,20,0.1,,0.15,62,0.1,,48,0.08,27,0.1,46,0.1,68,0.09,52,0.15,62,0.15,64,0.15,71,0.15,,,,0.15,66,0.08,55,,,,,,,,,,,,,,8,0.08,,,,,,,,,,,,,,,43,0.15,42,0.15,43,0.15,,,25,0.15,25,0.15,,,,,,,,,,,,,,,,,,,,,,,,,,,,,58,0.1,
20313,Player/Npcs/Prefabs/npc_a016.prefab,,Vịt (Thú-Vịt Con),,,,1,0.5,20,0.1,6,0.1,20,,0,,,30,0.1,16,0.1,,0.1,14,0.1,,5,0.08,,30,0.1,,58,0.1,,30,0.1,20,0.1,,0.15,83,0.1,,18,0.08,,0.1,,0.1,30,0.09,69,0.15,51,0.15,,0.15,,0.15,,,,0.15,43,0.08,65,,,,,,,,,,,,,,9,0.08,,,,,,,,,,,,,,,39,0.15,35,0.15,38,0.15,,,30,0.15,35,0.15,42,0.15,41,0.15,,,,,,,,,,,,,,,,,,,,,,,,,58,0.1,
20314,Player/Npcs/Prefabs/npc_a015.prefab,,Vịt (Thú-Vịt Lớn),,,,1,0.5,46,0.1,6,0.1,20,,0,,,30,0.1,16,0.1,,0.1,16,0.1,,6,0.08,,30,0.1,,58,0.1,,30,0.1,20,0.1,,0.15,75,0.1,,28,0.08,37,0.1,56,0.1,65,0.09,67,0.15,57,0.15,47,0.15,71,0.15,,,,0.15,66,0.08,55,,,,,,,,,,,,,,9,0.08,,,,,,,,,,,,,,,42,0.15,40,0.15,39,0.15,,,37,0.15,36,0.15,38,0.15,37,0.15,,,,,,,,,,,,,,,,,,,,,,,,,58,0.1,
20315,Player/Npcs/Prefabs/npc_a014.prefab,,Chim Cánh Cụt (Thú-Chim Con),,,,1,0.5,20,0.1,6,0.1,20,,0,,,30,0.1,16,0.1,,0.1,14,0.1,,5,0.08,,30,0.1,,58,0.1,,30,0.1,20,0.1,,0.15,85,0.1,,18,0.08,,0.1,,0.1,30,0.09,50,0.15,64,0.15,,0.15,,0.15,,,,0.15,43,0.08,65,,,,,,,,,,,,,,8,0.08,,,,,,,,,,,,,,,38,0.15,47,0.15,41,0.15,,,43,0.15,30,0.15,41,0.15,44,0.15,,,,,,,,,,,,,,,,,,,,,,,,,58,0.1,
20316,Player/Npcs/Prefabs/npc_a013.prefab,,Chim Cánh Cụt (Thú-Chim Lớn),,,,1,0.5,82,0.1,6,0.1,20,,0,,,30,0.1,16,0.1,,0.1,16,0.1,,6,0.08,,30,0.1,,58,0.1,,30,0.1,20,0.1,,0.15,63,0.1,,129,0.08,81,0.1,59,0.1,43,0.09,53,0.15,61,0.15,47,0.15,49,0.15,,,,0.15,66,0.08,55,,,,,,,,,,,,,,9,0.08,,,,,,,,,,,,,,,30,0.15,36,0.15,43,0.15,,,43,0.15,45,0.15,43,0.15,43,0.15,,,,,,,,,,,,,,,,,,,,,,,,,58,0.1,
20317,Player/Npcs/Prefabs/npc_a017.prefab,,Thỏ (Thú Cưng-Thỏ),,,,1,0.5,53,0.1,6,0.1,20,,0,,,30,0.1,16,0.1,,0.1,14,0.1,,5,0.08,,30,0.1,,58,0.1,,30,0.1,20,0.1,,0.15,72,0.1,,78,0.08,67,0.1,,0.1,30,0.09,69,0.15,85,0.15,,0.15,,0.15,,,,0.15,43,0.08,65,,,,,,,,,,,,,,6,0.08,,,,,,,,,,,,,,,45,0.15,34,0.15,45,0.15,,,40,0.15,40,0.15,27,0.15,27,0.15,,,,,,,,,,,,,,,,,,,,,,,,,58,0.1,
20318,Player/Npcs/Prefabs/npc_a018.prefab,,Heo Lớn,,,,1,0.5,70,0.1,6,0.1,20,,0,,,30,0.1,16,0.1,,0.1,16,0.1,,8,0.08,,30,0.1,,58,0.1,,30,0.1,20,0.1,,0.15,59,0.1,,56,0.08,64,0.1,51,0.1,53,0.09,58,0.15,190,0.15,47,0.15,56,0.15,,,,0.15,66,0.08,55,,,,,,,,,,,,,,9,0.08,,,,,,,,,,,,,,,27,0.15,41,0.15,42,0.15,,,42,0.15,42,0.15,28,0.15,28,0.15,,,,,,,,,,,,,,,,,,,,,,,,,58,0.1,
20319,Player/Npcs/Prefabs/npc_a019.prefab,,Heo Nhỏ,,,,1,0.5,20,0.1,6,0.1,20,,0,,,30,0.1,16,0.1,,0.1,14,0.1,,8,0.08,,20,0.1,,58,0.1,,30,0.1,20,0.1,,0.15,58,0.1,,18,0.08,,0.1,,0.1,30,0.09,45,0.15,137,0.15,,0.15,,0.15,,,,0.15,43,0.08,65,,,,,,,,,,,,,,9,0.08,,,,,,,,,,,,,,,35,0.15,47,0.15,44,0.15,,,54,0.15,54,0.15,24,0.15,25,0.15,,,,,,,,,,,,,,,,,,,,,,,,,58,0.1,
20320,Player/Npcs/Prefabs/npc_a020.prefab,,Sóc,,,,1,0.5,86,0.1,6,0.1,20,,0,,,30,0.1,16,0.1,,0.1,16,0.1,,8,0.08,,20,0.1,,58,0.1,,30,0.1,20,0.1,,0.15,78,0.1,,61,0.08,79,0.1,59,0.1,43,0.09,53,0.15,53,0.15,47,0.15,49,0.15,,,,0.15,66,0.08,55,,,,,,,,,,,,,,9,0.08,,,,,,,,,,,,,,,30,0.15,43,0.15,32,0.15,,,29,0.15,28,0.15,29,0.15,28,0.15,,,,,,,,,,,,,,,,,,,,,,,,,58,0.1,
20321,Player/Npcs/Prefabs/npc_a023.prefab,,Gà (Thú Cưng-Gà Lớn),,,,1,0.5,59,0.1,6,0.1,20,,0,,,30,0.1,16,0.1,,0.1,16,0.1,,8,0.08,,30,0.1,,58,0.1,,30,0.1,20,0.1,,0.15,42,0.1,,69,0.08,47,0.1,32,0.1,61,0.09,65,0.15,64,0.15,132,0.15,57,0.15,,,,0.15,66,0.08,55,,,,,,,,,,,,,,9,0.08,,,,,,,,,,,,,,,41,0.15,28,0.15,46,0.15,,,32,0.15,32,0.15,27,0.15,29,0.15,,,,,,,,,,,,,,,,,,,,,,,,,58,0.1,
20322,Player/Npcs/Prefabs/npc_a024.prefab,,Gà (Thú Cưng-Gà Nhỏ),,,,1,0.5,20,0.1,6,0.1,20,,0,,,30,0.1,16,0.1,,0.1,14,0.1,,8,0.08,,30,0.1,,58,0.1,,30,0.1,20,0.1,,0.15,34,0.1,,18,0.08,,0.1,,0.1,30,0.09,63,0.15,45,0.15,,0.15,,0.15,,,,0.15,43,0.08,65,,,,,,,,,,,,,,9,0.08,,,,,,,,,,,,,,,41,0.15,39,0.15,41,0.15,,,29,0.15,37,0.15,37,0.15,37,0.15,,,,,,,,,,,,,,,,,,,,,,,,,58,0.1,
20323,Player/Npcs/Prefabs/npc_a021.prefab,,Khỉ (Thú Cưng-Khỉ Lớn),,,,1,0.5,94,0.1,6,0.1,20,,0,,,30,0.1,16,0.1,,0.1,16,0.1,,8,0.08,,30,0.1,,58,0.1,,30,0.1,20,0.1,,0.15,25,0.1,,124,0.08,136,0.1,76,0.1,25,0.09,75,0.15,55,0.15,48,0.15,112,0.15,,,,0.15,66,0.08,55,,,,,,,,,,,,,,9,0.08,,,,,,,,,,,,,,,52,0.15,40,0.15,40,0.15,,,41,0.15,42,0.15,35,0.15,41,0.15,,,,,,,,,,,,,,,,,,,,,,,,,58,0.1,
20324,Player/Npcs/Prefabs/npc_a022.prefab,,Khỉ (Thú Cưng-Khỉ Nhỏ),,,,1,0.5,20,0.1,6,0.1,20,,0,,,30,0.1,16,0.1,,0.1,14,0.1,,8,0.08,,30,0.1,,58,0.1,,30,0.1,20,0.1,,0.15,30,0.1,,18,0.08,,0.1,,0.1,30,0.09,87,0.15,50,0.15,,0.15,,0.15,,,,0.15,43,0.08,65,,,,,,,,,,,,,,9,0.08,,,,,,,,,,,,,,,42,0.15,40,0.15,59,0.15,,,41,0.15,42,0.15,36,0.15,35,0.15,,,,,,,,,,,,,,,,,,,,,,,,,58,0.1,
20325,Player/Npcs/Prefabs/npc_a025.prefab,,Gấu Mèo Nhỏ (Thú Cưng-Gấu Mèo Nhỏ),,,,1,0.5,39,0.1,6,0.1,20,,0,,,30,0.1,16,0.1,,0.1,14,0.1,,6,0.08,,20,0.1,,58,0.1,,30,0.1,20,0.1,,0.15,31,0.1,,75,0.08,62,0.1,,0.1,30,0.09,69,0.15,37,0.15,,0.15,,0.15,,,,0.15,43,0.08,65,,,,,,,,,,,,,,9,0.08,,,,,,,,,,,,,,,44,0.15,28,0.15,40,0.15,,,27,0.15,26,0.15,30,0.15,30,0.15,,,,,,,,,,,,,,,,,,,,,,,,,58,0.1,
20326,Player/Npcs/Prefabs/npc_a027.prefab,,Rồng (Thú Cưng-Ấu Long),,,,1,0.5,70,0.1,6,0.1,20,,0,,,30,0.1,16,0.1,,0.1,16,0.1,,8,0.08,,20,0.1,,58,0.1,,30,0.1,20,0.1,,0.15,40,0.1,,56,0.08,64,0.1,51,0.1,53,0.09,40,0.15,56,0.15,47,0.15,56,0.15,,,,0.15,66,0.08,55,,,,,,,,,,,,,,9,0.08,,,,,,,,,,,,,,,25,0.15,42,0.15,37,0.15,,,30,0.15,30,0.15,25,0.15,25,0.15,,,,,,,,,,,,,,,,,,,,,,,,,58,0.1,
20327,Player/Npcs/Prefabs/npc_a028.prefab,,Rồng (Thú Cưng-Trưởng Thành),,,,1,0.5,34,0.1,6,0.1,20,,0,,,30,0.1,16,0.1,,0.1,14,0.1,,6,0.08,,20,0.1,,58,0.1,,30,0.1,20,0.1,,0.15,56,0.1,,73,0.08,62,0.1,28,0.1,42,0.09,57,0.15,69,0.15,54,0.15,43,0.15,,,,0.15,43,0.08,65,,,,,,,,,,,,,,9,0.08,,,,,,,,,,,,,,,32,0.15,41,0.15,35,0.15,,,29,0.15,29,0.15,22,0.15,26,0.15,,,,,,,,,,,,,,,,,,,,,,,,,58,0.1,
20328,Player/Npcs/Prefabs/npc_a030.prefab,,Sao Biển (Thú Cưng-Sao Biển),,,,1,0.5,79,0.1,6,0.1,20,,0,,,30,0.1,16,0.1,,0.1,14,0.1,,11,0.08,,20,0.1,,58,0.1,,30,0.1,20,0.1,,0.15,32,0.1,,73,0.08,33,0.1,28,0.1,42,0.09,57,0.15,31,0.15,54,0.15,43,0.15,,,,0.15,43,0.08,65,,,,,,,,,,,,,,10,0.08,,,,,,,,,,,,,,,21,0.15,33,0.15,41,0.15,,,30,0.15,30,0.15,31,0.15,31,0.15,,,,,,,,,,,,,,,,,,,,,,,,,58,0.1,
20329,Player/Npcs/Prefabs/npc_a029.prefab,,Cá Mập (Thú Cưng-Thành Sa),,,,1,0.5,72,0.1,6,0.1,20,,0,,,30,0.1,16,0.1,,0.1,14,0.1,,6,0.08,,15,0.1,,58,0.1,,30,0.1,20,0.1,,0.15,52,0.1,,42,0.08,106,0.1,55,0.1,72,0.09,32,0.15,32,0.15,31,0.15,40,0.15,,,,0.15,43,0.08,65,,,,,,,,,,,,,,9,0.08,,,,,,,,,,,,,,,33,0.15,38,0.15,39,0.15,,,30,0.15,30,0.15,25,0.15,24,0.15,,,,,,,,,,,,,,,,,,,,,,,,,58,0.1,
20330,Player/Npcs/Prefabs/npc_a031.prefab,,Cá Mập (Thú Cưng-Cá Mập Con),,,,1,0.5,34,0.1,6,0.1,20,,0,,,30,0.1,16,0.1,,0.1,14,0.1,,7,0.08,,15,0.1,,58,0.1,,30,0.1,20,0.1,,0.15,48,0.1,,73,0.08,62,0.1,28,0.1,42,0.09,30,0.15,28,0.15,54,0.15,43,0.15,,,,0.15,43,0.08,65,,,,,,,,,,,,,,12,0.08,,,,,,,,,,,,,,,20,0.15,39,0.15,35,0.15,,,27,0.15,26,0.15,22,0.15,26,0.15,,,,,,,,,,,,,,,,,,,,,,,,,58,0.1,
20331,Player/Npcs/Prefabs/npc_a032.prefab,,Hồ Ly (Thú Cưng-Thành Cáo),,,,1,0.5,109,0.1,6,0.1,20,,0,,,30,0.1,16,0.1,,0.1,14,0.1,,8,0.08,,25,0.1,,58,0.1,,30,0.1,20,0.1,,0.15,57,0.1,,48,0.08,93,0.1,59,0.1,56,0.09,58,0.15,45,0.15,54,0.15,68,0.15,,,,0.15,43,0.08,65,,,,,,,,,,,,,,8,0.08,,,,,,,,,,,,,,,30,0.15,27,0.15,37,0.15,,,59,0.15,58,0.15,41,0.15,35,0.15,,,,,,,,,,,,,,,,,,,,,,,,,58,0.1,
20332,Player/Npcs/Prefabs/npc_a033.prefab,,Hồ Ly (Thú Cưng-Cáo Con),,,,1,0.5,34,0.1,6,0.1,20,,0,,,30,0.1,16,0.1,,0.1,14,0.1,,8,0.08,,25,0.1,,58,0.1,,30,0.1,20,0.1,,0.15,57,0.1,,73,0.08,62,0.1,28,0.1,42,0.09,58,0.15,45,0.15,54,0.15,43,0.15,,,,0.15,43,0.08,65,,,,,,,,,,,,,,8,0.08,,,,,,,,,,,,,,,30,0.15,27,0.15,37,0.15,,,59,0.15,58,0.15,36,0.15,34,0.15,,,,,,,,,,,,,,,,,,,,,,,,,58,0.1,
20333,Player/Npcs/Prefabs/npc_a037.prefab,,Lục Hồ Ly (Thú Cưng-Cáo Con),,,,1,0.5,34,0.1,6,0.1,20,,0,,,30,0.1,16,0.1,,0.1,14,0.1,,8,0.08,,25,0.1,,58,0.1,,30,0.1,20,0.1,,0.15,57,0.1,,73,0.08,62,0.1,28,0.1,42,0.09,58,0.15,45,0.15,54,0.15,43,0.15,,,,0.15,43,0.08,65,,,,,,,,,,,,,,8,0.08,,,,,,,,,,,,,,,30,0.15,27,0.15,37,0.15,,,59,0.15,58,0.15,41,0.15,35,0.15,,,,,,,,,,,,,,,,,,,,,,,,,58,0.1,
20334,Player/Npcs/Prefabs/npc_a038.prefab,,Lục Hồ Ly (Thú Cưng-Thành Cáo),,,,1,0.5,109,0.1,6,0.1,20,,0,,,30,0.1,16,0.1,,0.1,14,0.1,,8,0.08,,25,0.1,,58,0.1,,30,0.1,20,0.1,,0.15,57,0.1,,48,0.08,93,0.1,59,0.1,56,0.09,58,0.15,45,0.15,54,0.15,68,0.15,,,,0.15,43,0.08,65,,,,,,,,,,,,,,8,0.08,,,,,,,,,,,,,,,30,0.15,27,0.15,37,0.15,,,59,0.15,58,0.15,36,0.15,34,0.15,,,,,,,,,,,,,,,,,,,,,,,,,58,0.1,
20335,Player/Npcs/Prefabs/npc_a034a.prefab,,Mèo Ai Cập (Thú Cưng-Mèo Con),,,,1,0.5,20,0.1,6,0.1,20,,0,,,30,0.1,16,0.1,,0.1,14,0.1,,5,0.08,,30,0.1,,58,0.1,,30,0.1,20,0.1,,0.15,72,0.1,,18,0.08,,0.1,,0.1,30,0.09,69,0.15,65,0.15,,0.15,,0.15,,,,0.15,43,0.08,65,,,,,,,,,,,,,,8,0.08,,,,,,,,,,,,,,,62,0.15,60,0.15,32,0.15,,,32,0.15,36,0.15,51,0.15,48,0.15,,,,,,,,,,,,,,,,,,,,,,,,,58,0.1,
20336,Player/Npcs/Prefabs/npc_a034.prefab,,Mèo Ai Cập (Thú Cưng-Mèo),,,,1,0.5,60,0.1,6,0.1,20,,0,,,30,0.1,16,0.1,,0.1,16,0.1,,6,0.08,,30,0.1,,58,0.1,,30,0.1,20,0.1,,0.15,73,0.1,,73,0.08,126,0.1,56,0.1,65,0.09,67,0.15,62,0.15,47,0.15,71,0.15,,,,0.15,66,0.08,55,,,,,,,,,,,,,,7,0.08,,,,,,,,,,,,,,,62,0.15,58,0.15,32,0.15,,,38,0.15,38,0.15,53,0.15,53,0.15,,,,,,,,,,,,,,,,,,,,,,,,,58,0.1,
20337,Player/Npcs/Prefabs/npc_a035.prefab,,Nhĩ Khoách Hồ (Thú Cưng-Cáo Con),,,,1,0.5,34,0.1,6,0.1,20,,0,,,30,0.1,16,0.1,,0.1,14,0.1,,8,0.08,,25,0.1,,58,0.1,,30,0.1,20,0.1,,0.15,57,0.1,,73,0.08,62,0.1,28,0.1,42,0.09,58,0.15,45,0.15,54,0.15,43,0.15,,,,0.15,43,0.08,65,,,,,,,,,,,,,,8,0.08,,,,,,,,,,,,,,,30,0.15,27,0.15,37,0.15,,,59,0.15,58,0.15,41,0.15,35,0.15,,,,,,,,,,,,,,,,,,,,,,,,,58,0.1,
20338,Player/Npcs/Prefabs/npc_a036.prefab,,Nhĩ Khoách Hồ (Thú Cưng-Thành Cáo),,,,1,0.5,109,0.1,6,0.1,20,,0,,,30,0.1,16,0.1,,0.1,14,0.1,,8,0.08,,25,0.1,,58,0.1,,30,0.1,20,0.1,,0.15,57,0.1,,48,0.08,93,0.1,59,0.1,56,0.09,58,0.15,45,0.15,54,0.15,68,0.15,,,,0.15,43,0.08,65,,,,,,,,,,,,,,8,0.08,,,,,,,,,,,,,,,30,0.15,27,0.15,37,0.15,,,59,0.15,58,0.15,36,0.15,34,0.15,,,,,,,,,,,,,,,,,,,,,,,,,58,0.1,
20339,Player/Npcs/Prefabs/npc_a042.prefab,,Cú Mèo (Thú Cưng-Nhỏ),,,,1,0.5,20,0.1,6,0.1,20,,0,,,30,0.1,16,0.1,,0.1,14,0.1,,5,0.08,,30,0.1,,58,0.1,,30,0.1,20,0.1,,0.15,83,0.1,,18,0.08,,0.1,,0.1,30,0.09,69,0.15,51,0.15,,0.15,,0.15,,,,0.15,43,0.08,65,,,,,,,,,,,,,,9,0.08,,,,,,,,,,,,,,,39,0.15,35,0.15,38,0.15,,,30,0.15,35,0.15,42,0.15,41,0.15,,,,,,,,,,,,,,,,,,,,,,,,,58,0.1,
20340,Player/Npcs/Prefabs/npc_a041.prefab,,Cú Mèo (Thú Cưng-Trưởng Thành),,,,1,0.5,46,0.1,6,0.1,20,,0,,,30,0.1,16,0.1,,0.1,16,0.1,,6,0.08,,30,0.1,,58,0.1,,30,0.1,20,0.1,,0.15,75,0.1,,28,0.08,37,0.1,56,0.1,65,0.09,67,0.15,57,0.15,47,0.15,71,0.15,,,,0.15,66,0.08,55,,,,,,,,,,,,,,9,0.08,,,,,,,,,,,,,,,42,0.15,40,0.15,39,0.15,,,37,0.15,36,0.15,38,0.15,37,0.15,,,,,,,,,,,,,,,,,,,,,,,,,58,0.1,
20341,Player/Npcs/Prefabs/npc_a040.prefab,,Chó Bướm (Thú Cưng-Nhỏ),,,,1,0.5,20,0.1,6,0.1,20,,0,,,30,0.1,16,0.1,,0.1,14,0.1,,5,0.08,,20,0.1,,58,0.1,,30,0.1,20,0.1,,0.15,32,0.1,,18,0.08,,0.1,,0.1,30,0.09,67,0.15,69,0.15,,0.15,,0.15,,,,0.15,42,0.08,45,,,,,,,,,,,,,,9,0.08,,,,,,,,,,,,,,,39,0.15,75,0.15,39,0.15,,,40,0.15,40,0.15,48,0.15,48,0.15,,,,,,,,,,,,,,,,,,,,,,,,,58,0.1,
20342,Player/Npcs/Prefabs/npc_a039.prefab,,Chó Bướm (Thú Cưng-Lớn),,,,1,0.5,110,0.1,6,0.1,20,,0,,,30,0.1,16,0.1,,0.1,16,0.1,,6,0.08,,20,0.1,,58,0.1,,30,0.1,20,0.1,,0.15,42,0.1,,68,0.08,34,0.1,85,0.1,44,0.09,72,0.15,67,0.15,45,0.15,59,0.15,,,,0.15,38,0.08,55,,,,,,,,,,,,,,9,0.08,,,,,,,,,,,,,,,39,0.15,83,0.15,37,0.15,,,50,0.15,50,0.15,49,0.15,48,0.15,,,,,,,,,,,,,,,,,,,,,,,,,58,0.1,
20343,Player/Npcs/Prefabs/npc_a047.prefab,,Hươu Ngốc Nghếch (Thú Cưng-Nhỏ),,,,1,0.5,20,0.1,6,0.1,20,,0,,,30,0.1,16,0.1,,0.1,14,0.1,,5,0.08,,20,0.1,,58,0.1,,30,0.1,20,0.1,,0.15,32,0.1,,18,0.08,,0.1,,0.1,30,0.09,67,0.15,69,0.15,,0.15,,0.15,,,,0.15,42,0.08,45,,,,,,,,,,,,,,9,0.08,,,,,,,,,,,,,,,39,0.15,75,0.15,39,0.15,,,40,0.15,40,0.15,48,0.15,48,0.15,,,,,,,,,,,,,,,,,,,,,,,,,58,0.1,
20344,Player/Npcs/Prefabs/npc_a046.prefab,,Hươu Ngốc Nghếch (Thú Cưng-Lớn),,,,1,0.5,110,0.1,6,0.1,20,,0,,,30,0.1,16,0.1,,0.1,16,0.1,,6,0.08,,20,0.1,,58,0.1,,30,0.1,20,0.1,,0.15,42,0.1,,68,0.08,34,0.1,85,0.1,44,0.09,72,0.15,67,0.15,45,0.15,59,0.15,,,,0.15,38,0.08,55,,,,,,,,,,,,,,9,0.08,,,,,,,,,,,,,,,39,0.15,83,0.15,37,0.15,,,50,0.15,50,0.15,49,0.15,48,0.15,,,,,,,,,,,,,,,,,,,,,,,,,58,0.1,
20400,Player/Npcs/Prefabs/npc_080.prefab,61,,,,,2.5,0.5,16,0.1,6,0.1,18,,0,,,16,0.5,16,0.5,,0.1,15,0.1,,12,0.2,,30,0.2,,30,0.2,,30,0.2,20,0.2,24,0.15,15,0.1,,15,0.08,,0.1,,0.1,,0.09,,0.15,,0.15,,0.15,,0.15,,,,0.15,,0.08,,,,,,,,,,,,,,,,,,,,,,,,,,,,,,,,,,,,,,,,,,,,,,,,,,,,,,,,,,,,,,,,,,,,,,,30,0.2,
20401,Player/Npcs/Prefabs/boss021.prefab,65,Hoàn Nhan Hồng Liệt,,,,2.5,0.5,20,0.1,6,0.1,20,,0,,,30,0.1,16,0.1,,0.1,16,0.1,,12,0.2,,30,0.1,,30,0.1,,30,0.1,20,0.1,,0.15,15,0.1,,15,0.08,,0.1,,0.1,30,0.09,,0.15,,0.15,,0.15,,0.15,,,,0.15,18,0.08,,,,,,,,,,,,,,,,,,,,,,,,,,,,,,,,,,,,,,,,,,,,,,,,,,,,,,,,,,,,,,,,,,,,,,,30,0.1,
20402,Player/Npcs/Prefabs/npc_a007a.prefab,,Chó (Thú Cưng Đại Chiến),,,,1,0.5,20,0.1,6,0.1,20,,0,,,30,0.1,16,0.1,,0.1,14,0.1,,5,0.08,,20,0.1,,58,0.1,,30,0.1,20,0.1,,0.15,32,0.1,,18,0.08,,0.1,,0.1,30,0.09,67,0.15,69,0.15,,0.15,,0.15,,,,0.15,42,0.08,45,,,,,,,,,,,,,,9,0.08,,,,,,,,,,,,,,,39,0.15,75,0.15,39,0.15,,,40,0.15,40,0.15,48,0.15,48,0.15,,,,,,,,,,,,,,,,,,,,,,,,,58,0.1,
20403,Player/Npcs/Prefabs/npc_a010a.prefab,,Con rối (Thú Cưng Đại Chiến),,,,1,0.5,20,0.1,6,0.1,20,,0,,,30,0.1,16,0.1,,0.1,14,0.1,,5,0.08,,20,0.1,,58,0.1,,30,0.1,20,0.1,,0.15,32,0.1,,18,0.08,,0.1,,0.1,30,0.09,67,0.15,69,0.15,,0.15,,0.15,,,,0.15,42,0.08,45,,,,,,,,,,,,,,9,0.08,,,,,,,,,,,,,,,39,0.15,75,0.15,39,0.15,,,40,0.15,40,0.15,48,0.15,48,0.15,,,,,,,,,,,,,,,,,,,,,,,,,58,0.1,
20404,Player/Npcs/Prefabs/npc_a012a.prefab,,Báo Biển (Thú Cưng Đại Chiến),,,,1,0.5,20,0.1,6,0.1,20,,0,,,30,0.1,16,0.1,,0.1,14,0.1,,5,0.08,,20,0.1,,58,0.1,,30,0.1,20,0.1,,0.15,32,0.1,,18,0.08,,0.1,,0.1,30,0.09,67,0.15,69,0.15,,0.15,,0.15,,,,0.15,42,0.08,45,,,,,,,,,,,,,,9,0.08,,,,,,,,,,,,,,,39,0.15,75,0.15,39,0.15,,,40,0.15,40,0.15,48,0.15,48,0.15,,,,,,,,,,,,,,,,,,,,,,,,,58,0.1,
20405,Player/Npcs/Prefabs/npc_a015a.prefab,,Vịt (Thú Cưng Đại Chiến),,,,1,0.5,20,0.1,6,0.1,20,,0,,,30,0.1,16,0.1,,0.1,14,0.1,,5,0.08,,20,0.1,,58,0.1,,30,0.1,20,0.1,,0.15,32,0.1,,18,0.08,,0.1,,0.1,30,0.09,67,0.15,69,0.15,,0.15,,0.15,,,,0.15,42,0.08,45,,,,,,,,,,,,,,9,0.08,,,,,,,,,,,,,,,39,0.15,75,0.15,39,0.15,,,40,0.15,40,0.15,48,0.15,48,0.15,,,,,,,,,,,,,,,,,,,,,,,,,58,0.1,
20406,Player/Npcs/Prefabs/npc_a013a.prefab,,Chim Cánh Cụt (Thú Cưng Đại Chiến),,,,1,0.5,20,0.1,6,0.1,20,,0,,,30,0.1,16,0.1,,0.1,14,0.1,,5,0.08,,20,0.1,,58,0.1,,30,0.1,20,0.1,,0.15,32,0.1,,18,0.08,,0.1,,0.1,30,0.09,67,0.15,69,0.15,,0.15,,0.15,,,,0.15,42,0.08,45,,,,,,,,,,,,,,9,0.08,,,,,,,,,,,,,,,39,0.15,75,0.15,39,0.15,,,40,0.15,40,0.15,48,0.15,48,0.15,,,,,,,,,,,,,,,,,,,,,,,,,58,0.1,
20407,Player/Npcs/Prefabs/npc_a017a.prefab,,Thỏ (Thú Cưng Đại Chiến),,,,1,0.5,20,0.1,6,0.1,20,,0,,,30,0.1,16,0.1,,0.1,14,0.1,,5,0.08,,20,0.1,,58,0.1,,30,0.1,20,0.1,,0.15,32,0.1,,18,0.08,,0.1,,0.1,30,0.09,67,0.15,69,0.15,,0.15,,0.15,,,,0.15,42,0.08,45,,,,,,,,,,,,,,9,0.08,,,,,,,,,,,,,,,39,0.15,75,0.15,39,0.15,,,40,0.15,40,0.15,48,0.15,48,0.15,,,,,,,,,,,,,,,,,,,,,,,,,58,0.1,
20408,Player/Npcs/Prefabs/npc_a023a.prefab,,Gà (Thú Cưng Đại Chiến),,,,1,0.5,20,0.1,6,0.1,20,,0,,,30,0.1,16,0.1,,0.1,14,0.1,,5,0.08,,20,0.1,,58,0.1,,30,0.1,20,0.1,,0.15,32,0.1,,18,0.08,,0.1,,0.1,30,0.09,67,0.15,69,0.15,,0.15,,0.15,,,,0.15,42,0.08,45,,,,,,,,,,,,,,9,0.08,,,,,,,,,,,,,,,39,0.15,75,0.15,39,0.15,,,40,0.15,40,0.15,48,0.15,48,0.15,,,,,,,,,,,,,,,,,,,,,,,,,58,0.1,
20409,Player/Npcs/Prefabs/npc_a020a.prefab,,Sóc (Thú Cưng Đại Chiến),,,,1,0.5,20,0.1,6,0.1,20,,0,,,30,0.1,16,0.1,,0.1,14,0.1,,5,0.08,,20,0.1,,58,0.1,,30,0.1,20,0.1,,0.15,32,0.1,,18,0.08,,0.1,,0.1,30,0.09,67,0.15,69,0.15,,0.15,,0.15,,,,0.15,42,0.08,45,,,,,,,,,,,,,,9,0.08,,,,,,,,,,,,,,,39,0.15,75,0.15,39,0.15,,,40,0.15,40,0.15,48,0.15,48,0.15,,,,,,,,,,,,,,,,,,,,,,,,,58,0.1,
20410,Player/Npcs/Prefabs/npc_a021a.prefab,61,Khỉ (Thú Cưng Đại Chiến),,,,1,0.5,20,0.1,6,0.1,20,,0,,,30,0.1,16,0.1,,0.1,14,0.1,,5,0.08,,20,0.1,,58,0.1,,30,0.1,20,0.1,,0.15,32,0.1,,18,0.08,,0.1,,0.1,30,0.09,67,0.15,69,0.15,,0.15,,0.15,,,,0.15,42,0.08,45,,,,,,,,,,,,,,9,0.08,,,,,,,,,,,,,,,39,0.15,75,0.15,39,0.15,,,40,0.15,40,0.15,48,0.15,48,0.15,,,,,,,,,,,,,,,,,,,,,,,,,58,0.1,
20411,Player/Npcs/Prefabs/npc_a018a.prefab,61,Heo (Thú Cưng Đại Chiến),,,,1,0.5,20,0.1,6,0.1,20,,0,,,30,0.1,16,0.1,,0.1,14,0.1,,5,0.08,,20,0.1,,58,0.1,,30,0.1,20,0.1,,0.15,32,0.1,,18,0.08,,0.1,,0.1,30,0.09,67,0.15,69,0.15,,0.15,,0.15,,,,0.15,42,0.08,45,,,,,,,,,,,,,,9,0.08,,,,,,,,,,,,,,,39,0.15,75,0.15,39,0.15,,,40,0.15,40,0.15,48,0.15,48,0.15,,,,,,,,,,,,,,,,,,,,,,,,,58,0.1,
20412,Player/Npcs/Prefabs/npc_015.prefab,61,Sói Xám,,,,1.75,0.5,16,0.1,6,0.1,13,,0,,,1,0.5,1,0.5,,0.1,15,0.1,,8,0.2,,30,0.2,,30,0.2,,30,0.2,20,0.2,,0.15,22,0.1,,12,0.08,,0.1,,0.1,30,0.09,,0.15,,0.15,,0.15,,0.15,,,,0.15,,0.08,,,,,,,,,,,,,,,,,,,,,,,,,,,,,,,,,,,,,,,,,,,,,,,,,,,,,,,,,,,,,,,,,,,,,,,30,0.2,
20413,Player/Npcs/Prefabs/npc_016.prefab,61,Gấu Đen,,,,1.75,0.5,16,0.1,6,0.1,18,,0,,,10,0.5,10,0.5,,0.1,15,0.1,,12,0.2,,30,0.2,,30,0.2,,30,0.2,20,0.2,,0.15,10,0.1,,,0.08,,0.1,,0.1,,0.09,,0.15,,0.15,,0.15,,0.15,,,,0.15,,0.08,,,,,,,,,,,,,,,,,,,,,,,,,,,,,,,,,,,,,,,,,,,,,,,,,,,,,,,,,,,,,,,,,,,,,,,30,0.2,
2962,Player/critter/prefab/baoxiang_001OP.prefab,212,Bảo Rương Lớn,,,,2,0.5,,,6,,,,,,,,,,,,,15,0.1,,,,,10,0.2,,10,0.2,,10,0.2,,,,,8,0.1,,,,,,,,,,,,,,,,,,,,,,,,,,,,,,,,,,,,,,,,,,,,,,,,,,,,,,,,,,,,,,,,,,,,,,,,,,,,,,,,,,,,,,,,,,,,,,10,0.2,
2957,Player/critter/prefab/baoxiang_001OP.prefab,63,Bảo Rương Lớn,,,,1.75,0.5,,,6,,,,,,,,,,,,,15,0.1,,,,,10,0.2,,10,0.2,,10,0.2,,,,,8,0.1,,,,,,,,,,,,,,,,,,,,,,,,,,,,,,,,,,,,,,,,,,,,,,,,,,,,,,,,,,,,,,,,,,,,,,,,,,,,,,,,,,,,,,,,,,,,,,10,0.2,
2958,Player/Npcs/Prefabs/npc_017_b.prefab,205,Khỉ Con,,,,2.7,0.5,16,0.1,6,0.1,15,,0,,,18,0.5,18,0.5,,0.1,15,0.1,,6,0.2,,30,0.2,,30,0.2,,30,0.2,20,0.2,,0.15,15,0.1,,,0.08,,0.1,,0.1,,0.09,,0.15,,0.15,,0.15,,0.15,,,,0.15,,0.08,,,,,,,,,,,,,,,,,,,,,,,,,,,,,,,,,,,,,,,,,,,,,,,,,,,,,,,,,,,,,,,,,,,,,,,30,0.2,
3207,Player/critter/prefab/yukuang01.prefab,,Ô Cá,,,,1,0.5,30,0.1,6,0.1,10,,0,,,30,0.1,30,0.1,,0.1,15,0.1,,9,0.2,,10,0.2,,10,0.2,,10,0.2,10,0.2,,0.15,30,0.1,,,0.08,,0.1,,0.1,,0.09,,0.15,,0.15,,0.15,,0.15,,,,0.15,,0.08,,,,,,,,,,,,,,,,,,,,,,,,,,,,,,,,,,,,,,,,,,,,,,,,,,,,,,,,,,,,,,,,,,,,,,,10,0.2,
3208,Player/critter/prefab/hehua02.prefab,,Hà Hoa,,,,1,0.5,30,0.1,6,0.1,10,,0,,,30,0.1,30,0.1,,0.1,15,0.1,,9,0.2,,10,0.2,,10,0.2,,10,0.2,10,0.2,,0.15,30,0.1,,,0.08,,0.1,,0.1,,0.09,,0.15,,0.15,,0.15,,0.15,,,,0.15,,0.08,,,,,,,,,,,,,,,,,,,,,,,,,,,,,,,,,,,,,,,,,,,,,,,,,,,,,,,,,,,,,,,,,,,,,,,10,0.2,
3215,Scenes/Meshes/sn_jiayuan/Prefabs/sn_jiayuan_zhuozi01_01s.prefab,,Bàn Gỗ Tùng,,,,1.75,0.5,20,0.1,6,0.1,20,,0,,,30,0.1,16,0.1,,0.1,16,0.1,,12,0.2,,30,0.1,,30,0.1,,30,0.1,20,0.1,,0.15,15,0.1,,18,0.08,,0.1,,0.1,30,0.09,,0.15,,0.15,,0.15,,0.15,,,,0.15,18,0.08,,,,,,,,,,,,,,,,,,,,,,,,,,,,,,,,,,,,,,,,,,,,,,,,,,,,,,,,,,,,,,,,,,,,,,,30,0.1,
3216,Scenes/Meshes/sn_jiuguan01/Prefabs/sn_jiuguan01_jiuzhuo02.prefab,,Bàn Thường,,,,1.75,0.5,20,0.1,6,0.1,20,,0,,,30,0.1,16,0.1,,0.1,16,0.1,,12,0.2,,30,0.1,,30,0.1,,30,0.1,20,0.1,,0.15,15,0.1,,18,0.08,,0.1,,0.1,30,0.09,,0.15,,0.15,,0.15,,0.15,,,,0.15,18,0.08,,,,,,,,,,,,,,,,,,,,,,,,,,,,,,,,,,,,,,,,,,,,,,,,,,,,,,,,,,,,,,,,,,,,,,,30,0.1,
3217,Player/Npcs/Prefabs/npc_017_b.prefab,201,Khỉ Con,,,,2.7,0.5,16,0.1,6,0.1,15,,0,,,18,0.5,18,0.5,,0.1,15,0.1,,6,0.2,,30,0.2,,30,0.2,,30,0.2,20,0.2,,0.15,15,0.1,,,0.08,,0.1,,0.1,,0.09,,0.15,,0.15,,0.15,,0.15,,,,0.15,,0.08,,,,,,,,,,,,,,,,,,,,,,,,,,,,,,,,,,,,,,,,,,,,,,,,,,,,,,,,,,,,,,,,,,,,,,,30,0.2,
3218,Player/critter/prefab/jiutan01.prefab,,Hũ Trà,,,,1.75,0.5,,,6,,,,,,,,,,,,,15,0.1,,,,,10,0.2,,10,0.2,,10,0.2,,,,,8,0.1,,,,,,,,,,,,,,,,,,,,,,,,,,,,,,,,,,,,,,,,,,,,,,,,,,,,,,,,,,,,,,,,,,,,,,,,,,,,,,,,,,,,,,,,,,,,,,10,0.2,
3219,Player/Npcs/Prefabs/boss010.prefab,205,Huyền Thiên Võ Cơ,,,,1.75,0.5,20,0.1,6,0.1,20,,0,,,19,0.1,19,0.1,,0.1,15,0.1,,24,0.2,,30,0.1,,30,0.1,,30,0.1,20,0.1,,0.15,15,0.1,,17,0.08,,0.1,,0.1,30,0.09,,0.15,,0.15,,0.15,,0.15,,,,0.15,18,0.08,,,,,,,,,,,,,,,,,,,,,,,,,,,,,,,,,,,,,,,,,,,,,,,,,,,,,,,,,,,,,,,,,,,,,,,30,0.1,
3220,Player/critter/prefab/jiutan01.prefab,61,Hũ Trà,,,,1.75,0.5,,,6,,,,,,,,,,,,,15,0.1,,,,,10,0.2,,10,0.2,,10,0.2,,,,,8,0.1,,,,,,,,,,,,,,,,,,,,,,,,,,,,,,,,,,,,,,,,,,,,,,,,,,,,,,,,,,,,,,,,,,,,,,,,,,,,,,,,,,,,,,,,,,,,,,10,0.2,
3221,Player/critter/prefab/jiutan01.prefab,212,Hũ Trà,,,,1.75,0.5,,,6,,,,,,,,,,,,,15,0.1,,,,,10,0.2,,10,0.2,,10,0.2,,,,,8,0.1,,,,,,,,,,,,,,,,,,,,,,,,,,,,,,,,,,,,,,,,,,,,,,,,,,,,,,,,,,,,,,,,,,,,,,,,,,,,,,,,,,,,,,,,,,,,,,10,0.2,
3222,Player/Npcs/Prefabs/npc_352.prefab,,Hổ Đôn,,,,1.75,0.5,20,0.1,6,0.1,20,,0,,,19,0.1,19,0.1,,0.1,15,0.1,,24,0.2,,30,0.1,,30,0.1,,30,0.1,20,0.1,,0.15,15,0.1,,17,0.08,,0.1,,0.1,30,0.09,,0.15,,0.15,,0.15,,0.15,,,,0.15,18,0.08,,,,,,,,,,,,,,,,,,,,,,,,,,,,,,,,,,,,,,,,,,,,,,,,,,,,,,,,,,,,,,,,,,,,,,,30,0.1,
3223,Effect/Prefabs/ChangJing/Effect_linan_qinrenjiezhuanshi.prefab,,Vật Trang Trí Lễ Tình Nhân,,,,1.75,0.5,,,6,,,,,,,,,,,,,15,0.1,,,,,10,0.2,,10,0.2,,10,0.2,,,,,8,0.1,,,,,,,,,,,,,,,,,,,,,,,,,,,,,,,,,,,,,,,,,,,,,,,,,,,,,,,,,,,,,,,,,,,,,,,,,,,,,,,,,,,,,,,,,,,,,,10,0.2,
30001,Player/Npcs/Prefabs/dx_002.prefab,205,Tượng Thành Chủ Thiên Vương,,,,2,0.5,38,0.1,6,0.1,20,,0,30,0.1,35,0.09,20,0.09,13,0.1,15,0.1,,16,0.1,,30,0.1,,30,0.1,,30,0.1,30,0.1,25,0.06,15,0.1,,10,0.08,12,0.08,14,0.1,13,0.05,20,0.05,14,0.05,13,0.15,30,0.15,,,5,,5,0.08,5,0.01,18,0,7,0,13,0,18,0,20,0,28,0.15,23,0.4,,,,,15,0.05,30,0.1,15,0.05,,,,,,,,,,,,,,,,,,,,,,,,,,,,,,,,,,,,,,,,,,,,,30,0.1,
30002,Player/Npcs/Prefabs/dx_025.prefab,205,Tượng Thành Chủ Thiên Vương Nữ,,,,2,0.5,38,0.1,6,0.1,20,,0,30,0.1,35,0.09,20,0.09,13,0.1,15,0.1,,16,0.1,,30,0.1,,30,0.1,,30,0.1,30,0.1,25,0.06,15,0.1,,10,0.08,12,0.08,14,0.1,13,0.05,20,0.05,14,0.05,13,0.15,30,0.15,,,5,,5,0.08,5,0.01,18,0,7,0,13,0,18,0,20,0,28,0.15,23,0.4,,,,,15,0.05,30,0.1,15,0.05,,,,,,,,,,,,,,,,,,,,,,,,,,,,,,,,,,,,,,,,,,,,,30,0.1,
30003,Player/Npcs/Prefabs/dx_010.prefab,205,Tượng Thành Chủ Nga Mi,,,,2,0.5,38,0.1,6,0.1,20,,0,30,0.1,35,0.09,20,0.09,13,0.1,15,0.1,,16,0.1,,30,0.1,,30,0.1,,30,0.1,30,0.1,25,0.06,15,0.1,,10,0.08,12,0.08,14,0.1,13,0.05,20,0.05,14,0.05,13,0.15,30,0.15,,,5,,5,0.08,5,0.01,18,0,7,0,13,0,18,0,20,0,28,0.15,23,0.4,,,,,15,0.05,30,0.1,15,0.05,,,,,,,,,,,,,,,,,,,,,,,,,,,,,,,,,,,,,,,,,,,,,30,0.1,
30004,Player/Npcs/Prefabs/dx_009.prefab,205,Tượng Thành Chủ Đào Hoa,,,,2,0.5,38,0.1,6,0.1,20,,0,30,0.1,35,0.09,20,0.09,13,0.1,15,0.1,,16,0.1,,30,0.1,,30,0.1,,30,0.1,30,0.1,25,0.06,15,0.1,,10,0.08,12,0.08,14,0.1,13,0.05,20,0.05,14,0.05,13,0.15,30,0.15,,,5,,5,0.08,5,0.01,18,0,7,0,13,0,18,0,20,0,28,0.15,23,0.4,,,,,15,0.05,30,0.1,15,0.05,,,,,,,,,,,,,,,,,,,,,,,,,,,,,,,,,,,,,,,,,,,,,30,0.1,
30005,Player/Npcs/Prefabs/dx_001.prefab,205,Tượng Thành Chủ Tiêu Dao,,,,2,0.5,38,0.1,6,0.1,20,,0,30,0.1,35,0.09,20,0.09,13,0.1,15,0.1,,16,0.1,,30,0.1,,30,0.1,,30,0.1,30,0.1,25,0.06,15,0.1,,10,0.08,12,0.08,14,0.1,13,0.05,20,0.05,14,0.05,13,0.15,30,0.15,,,5,,5,0.08,5,0.01,18,0,7,0,13,0,18,0,20,0,28,0.15,23,0.4,,,,,15,0.05,30,0.1,15,0.05,,,,,,,,,,,,,,,,,,,,,,,,,,,,,,,,,,,,,,,,,,,,,30,0.1,
30006,Player/Npcs/Prefabs/dx_003.prefab,205,Tượng Thành Chủ Võ Đang,,,,2,0.5,38,0.1,6,0.1,20,,0,30,0.1,35,0.09,20,0.09,13,0.1,15,0.1,,16,0.1,,30,0.1,,30,0.1,,30,0.1,30,0.1,25,0.06,15,0.1,,10,0.08,12,0.08,14,0.1,13,0.05,20,0.05,14,0.05,13,0.15,30,0.15,,,5,,5,0.08,5,0.01,18,0,7,0,13,0,18,0,20,0,28,0.15,23,0.4,,,,,15,0.05,30,0.1,15,0.05,,,,,,,,,,,,,,,,,,,,,,,,,,,,,,,,,,,,,,,,,,,,,30,0.1,
30007,Player/Npcs/Prefabs/dx_019.prefab,205,Tượng Thành Chủ Võ Đang-Nữ,,,,2,0.5,38,0.1,6,0.1,20,,0,30,0.1,35,0.09,20,0.09,13,0.1,15,0.1,,16,0.1,,30,0.1,,30,0.1,,30,0.1,30,0.1,25,0.06,15,0.1,,10,0.08,12,0.08,14,0.1,13,0.05,20,0.05,14,0.05,13,0.15,30,0.15,,,5,,5,0.08,5,0.01,18,0,7,0,13,0,18,0,20,0,28,0.15,23,0.4,,,,,15,0.05,30,0.1,15,0.05,,,,,,,,,,,,,,,,,,,,,,,,,,,,,,,,,,,,,,,,,,,,,30,0.1,
30008,Player/Npcs/Prefabs/dx_011.prefab,205,Tượng Thành Chủ Thiên Nhẫn,,,,2,0.5,38,0.1,6,0.1,20,,0,30,0.1,35,0.09,20,0.09,13,0.1,15,0.1,,16,0.1,,30,0.1,,30,0.1,,30,0.1,30,0.1,25,0.06,15,0.1,,10,0.08,12,0.08,14,0.1,13,0.05,20,0.05,14,0.05,13,0.15,30,0.15,,,5,,5,0.08,5,0.01,18,0,7,0,13,0,18,0,20,0,28,0.15,23,0.4,,,,,15,0.05,30,0.1,15,0.05,,,,,,,,,,,,,,,,,,,,,,,,,,,,,,,,,,,,,,,,,,,,,30,0.1,
30009,Player/Npcs/Prefabs/dx_004.prefab,205,Tượng Thành Chủ Thiếu Lâm,,,,2,0.5,38,0.1,6,0.1,20,,0,30,0.1,35,0.09,20,0.09,13,0.1,15,0.1,,16,0.1,,30,0.1,,30,0.1,,30,0.1,30,0.1,25,0.06,15,0.1,,10,0.08,12,0.08,14,0.1,13,0.05,20,0.05,14,0.05,13,0.15,30,0.15,,,5,,5,0.08,5,0.01,18,0,7,0,13,0,18,0,20,0,28,0.15,23,0.4,,,,,15,0.05,30,0.1,15,0.05,,,,,,,,,,,,,,,,,,,,,,,,,,,,,,,,,,,,,,,,,,,,,30,0.1,
30010,Player/Npcs/Prefabs/dx_012.prefab,205,Tượng Thành Chủ Thúy Yên,,,,2,0.5,38,0.1,6,0.1,20,,0,30,0.1,35,0.09,20,0.09,13,0.1,15,0.1,,16,0.1,,30,0.1,,30,0.1,,30,0.1,30,0.1,25,0.06,15,0.1,,10,0.08,12,0.08,14,0.1,13,0.05,20,0.05,14,0.05,13,0.15,30,0.15,,,5,,5,0.08,5,0.01,18,0,7,0,13,0,18,0,20,0,28,0.15,23,0.4,,,,,15,0.05,30,0.1,15,0.05,,,,,,,,,,,,,,,,,,,,,,,,,,,,,,,,,,,,,,,,,,,,,30,0.1,
30011,Player/Npcs/Prefabs/dx_005.prefab,205,Tượng Thành Chủ Đường Môn,,,,2,0.5,38,0.1,6,0.1,20,,0,30,0.1,35,0.09,20,0.09,13,0.1,15,0.1,,16,0.1,,30,0.1,,30,0.1,,30,0.1,30,0.1,25,0.06,15,0.1,,10,0.08,12,0.08,14,0.1,13,0.05,20,0.05,14,0.05,13,0.15,30,0.15,,,5,,5,0.08,5,0.01,18,0,7,0,13,0,18,0,20,0,28,0.15,23,0.4,,,,,15,0.05,30,0.1,15,0.05,,,,,,,,,,,,,,,,,,,,,,,,,,,,,,,,,,,,,,,,,,,,,30,0.1,
30012,Player/Npcs/Prefabs/dx_013.prefab,205,Tượng Thành Chủ Côn Lôn,,,,2,0.5,38,0.1,6,0.1,20,,0,30,0.1,35,0.09,20,0.09,13,0.1,15,0.1,,16,0.1,,30,0.1,,30,0.1,,30,0.1,30,0.1,25,0.06,15,0.1,,10,0.08,12,0.08,14,0.1,13,0.05,20,0.05,14,0.05,13,0.15,30,0.15,,,5,,5,0.08,5,0.01,18,0,7,0,13,0,18,0,20,0,28,0.15,23,0.4,,,,,15,0.05,30,0.1,15,0.05,,,,,,,,,,,,,,,,,,,,,,,,,,,,,,,,,,,,,,,,,,,,,30,0.1,
30013,Player/Npcs/Prefabs/dx_020.prefab,205,Tượng Thành Chủ Côn Lôn-Nam,,,,2,0.5,38,0.1,6,0.1,20,,0,30,0.1,35,0.09,20,0.09,13,0.1,15,0.1,,16,0.1,,30,0.1,,30,0.1,,30,0.1,30,0.1,25,0.06,15,0.1,,10,0.08,12,0.08,14,0.1,13,0.05,20,0.05,14,0.05,13,0.15,30,0.15,,,5,,5,0.08,5,0.01,18,0,7,0,13,0,18,0,20,0,28,0.15,23,0.4,,,,,15,0.05,30,0.1,15,0.05,,,,,,,,,,,,,,,,,,,,,,,,,,,,,,,,,,,,,,,,,,,,,30,0.1,
30014,Player/Npcs/Prefabs/dx_006.prefab,205,Tượng Thành Chủ Cái Bang,,,,2,0.5,38,0.1,6,0.1,20,,0,30,0.1,35,0.09,20,0.09,13,0.1,15,0.1,,16,0.1,,30,0.1,,30,0.1,,30,0.1,30,0.1,25,0.06,15,0.1,,10,0.08,12,0.08,14,0.1,13,0.05,20,0.05,14,0.05,13,0.15,30,0.15,,,5,,5,0.08,5,0.01,18,0,7,0,13,0,18,0,20,0,28,0.15,23,0.4,,,,,15,0.05,30,0.1,15,0.05,,,,,,,,,,,,,,,,,,,,,,,,,,,,,,,,,,,,,,,,,,,,,30,0.1,
30015,Player/Npcs/Prefabs/dx_014.prefab,205,Tượng Thành Chủ Ngũ Độc,,,,2,0.5,38,0.1,6,0.1,20,,0,30,0.1,35,0.09,20,0.09,13,0.1,15,0.1,,16,0.1,,30,0.1,,30,0.1,,30,0.1,30,0.1,25,0.06,15,0.1,,10,0.08,12,0.08,14,0.1,13,0.05,20,0.05,14,0.05,13,0.15,30,0.15,,,5,,5,0.08,5,0.01,18,0,7,0,13,0,18,0,20,0,28,0.15,23,0.4,,,,,15,0.05,30,0.1,15,0.05,,,,,,,,,,,,,,,,,,,,,,,,,,,,,,,,,,,,,,,,,,,,,30,0.1,
30016,Player/Npcs/Prefabs/dx_007.prefab,205,Tượng Thành Chủ Tàng Kiếm,,,,2,0.5,38,0.1,6,0.1,20,,0,30,0.1,35,0.09,20,0.09,13,0.1,15,0.1,,16,0.1,,30,0.1,,30,0.1,,30,0.1,30,0.1,25,0.06,15,0.1,,10,0.08,12,0.08,14,0.1,13,0.05,20,0.05,14,0.05,13,0.15,30,0.15,,,5,,5,0.08,5,0.01,18,0,7,0,13,0,18,0,20,0,28,0.15,23,0.4,,,,,15,0.05,30,0.1,15,0.05,,,,,,,,,,,,,,,,,,,,,,,,,,,,,,,,,,,,,,,,,,,,,30,0.1,
30017,Player/Npcs/Prefabs/dx_015.prefab,205,Tượng Thành Chủ Trường Ca,,,,2,0.5,38,0.1,6,0.1,20,,0,30,0.1,35,0.09,20,0.09,13,0.1,15,0.1,,16,0.1,,30,0.1,,30,0.1,,30,0.1,30,0.1,25,0.06,15,0.1,,10,0.08,12,0.08,14,0.1,13,0.05,20,0.05,14,0.05,13,0.15,30,0.15,,,5,,5,0.08,5,0.01,18,0,7,0,13,0,18,0,20,0,28,0.15,23,0.4,,,,,15,0.05,30,0.1,15,0.05,,,,,,,,,,,,,,,,,,,,,,,,,,,,,,,,,,,,,,,,,,,,,30,0.1,
30018,Player/Npcs/Prefabs/dx_008.prefab,205,Tượng Thành Chủ Thiên Sơn-Nam,,,,2,0.5,38,0.1,6,0.1,20,,0,30,0.1,35,0.09,20,0.09,13,0.1,15,0.1,,16,0.1,,30,0.1,,30,0.1,,30,0.1,30,0.1,25,0.06,15,0.1,,10,0.08,12,0.08,14,0.1,13,0.05,20,0.05,14,0.05,13,0.15,30,0.15,,,5,,5,0.08,5,0.01,18,0,7,0,13,0,18,0,20,0,28,0.15,23,0.4,,,,,15,0.05,30,0.1,15,0.05,,,,,,,,,,,,,,,,,,,,,,,,,,,,,,,,,,,,,,,,,,,,,30,0.1,
30019,Player/Npcs/Prefabs/dx_016.prefab,205,Tượng Thành Chủ Thiên Sơn-Nữ,,,,2,0.5,38,0.1,6,0.1,20,,0,30,0.1,35,0.09,20,0.09,13,0.1,15,0.1,,16,0.1,,30,0.1,,30,0.1,,30,0.1,30,0.1,25,0.06,15,0.1,,10,0.08,12,0.08,14,0.1,13,0.05,20,0.05,14,0.05,13,0.15,30,0.15,,,5,,5,0.08,5,0.01,18,0,7,0,13,0,18,0,20,0,28,0.15,23,0.4,,,,,15,0.05,30,0.1,15,0.05,,,,,,,,,,,,,,,,,,,,,,,,,,,,,,,,,,,,,,,,,,,,,30,0.1,
30020,Player/Npcs/Prefabs/dx_018.prefab,205,Tượng Thành Chủ Bá Đao-Nam,,,,2,0.5,38,0.1,6,0.1,20,,0,30,0.1,35,0.09,20,0.09,13,0.1,15,0.1,,16,0.1,,30,0.1,,30,0.1,,30,0.1,30,0.1,25,0.06,15,0.1,,10,0.08,12,0.08,14,0.1,13,0.05,20,0.05,14,0.05,13,0.15,30,0.15,,,5,,5,0.08,5,0.01,18,0,7,0,13,0,18,0,20,0,28,0.15,23,0.4,,,,,15,0.05,30,0.1,15,0.05,,,,,,,,,,,,,,,,,,,,,,,,,,,,,,,,,,,,,,,,,,,,,30,0.1,
30021,Player/Npcs/Prefabs/dx_017.prefab,205,Tượng Thành Chủ Bá Đao-Nữ,,,,2,0.5,38,0.1,6,0.1,20,,0,30,0.1,35,0.09,20,0.09,13,0.1,15,0.1,,16,0.1,,30,0.1,,30,0.1,,30,0.1,30,0.1,25,0.06,15,0.1,,10,0.08,12,0.08,14,0.1,13,0.05,20,0.05,14,0.05,13,0.15,30,0.15,,,5,,5,0.08,5,0.01,18,0,7,0,13,0,18,0,20,0,28,0.15,23,0.4,,,,,15,0.05,30,0.1,15,0.05,,,,,,,,,,,,,,,,,,,,,,,,,,,,,,,,,,,,,,,,,,,,,30,0.1,
30022,Player/Npcs/Prefabs/dx_021.prefab,205,Tượng Thành Chủ Hoa Sơn-Nam,,,,2,0.5,38,0.1,6,0.1,20,,0,30,0.1,35,0.09,20,0.09,13,0.1,15,0.1,,16,0.1,,30,0.1,,30,0.1,,30,0.1,30,0.1,25,0.06,15,0.1,,10,0.08,12,0.08,14,0.1,13,0.05,20,0.05,14,0.05,13,0.15,30,0.15,,,5,,5,0.08,5,0.01,18,0,7,0,13,0,18,0,20,0,28,0.15,23,0.4,,,,,15,0.05,30,0.1,15,0.05,,,,,,,,,,,,,,,,,,,,,,,,,,,,,,,,,,,,,,,,,,,,,30,0.1,
30023,Player/Npcs/Prefabs/dx_022.prefab,205,Tượng Thành Chủ Hoa Sơn-Nữ,,,,2,0.5,38,0.1,6,0.1,20,,0,30,0.1,35,0.09,20,0.09,13,0.1,15,0.1,,16,0.1,,30,0.1,,30,0.1,,30,0.1,30,0.1,25,0.06,15,0.1,,10,0.08,12,0.08,14,0.1,13,0.05,20,0.05,14,0.05,13,0.15,30,0.15,,,5,,5,0.08,5,0.01,18,0,7,0,13,0,18,0,20,0,28,0.15,23,0.4,,,,,15,0.05,30,0.1,15,0.05,,,,,,,,,,,,,,,,,,,,,,,,,,,,,,,,,,,,,,,,,,,,,30,0.1,
30024,Player/Npcs/Prefabs/dx_023.prefab,205,Tượng Thành Chủ Minh Giáo Nam,,,,2,0.5,38,0.1,6,0.1,20,,0,30,0.1,35,0.09,20,0.09,13,0.1,15,0.1,,16,0.1,,30,0.1,,30,0.1,,30,0.1,30,0.1,25,0.06,15,0.1,,10,0.08,12,0.08,14,0.1,13,0.05,20,0.05,14,0.05,13,0.15,30,0.15,,,5,,5,0.08,5,0.01,18,0,7,0,13,0,18,0,20,0,28,0.15,23,0.4,,,,,15,0.05,30,0.1,15,0.05,,,,,,,,,,,,,,,,,,,,,,,,,,,,,,,,,,,,,,,,,,,,,30,0.1,
30025,Player/Npcs/Prefabs/dx_024.prefab,205,Tượng Thành Chủ Minh Giáo Nữ,,,,2,0.5,38,0.1,6,0.1,20,,0,30,0.1,35,0.09,20,0.09,13,0.1,15,0.1,,16,0.1,,30,0.1,,30,0.1,,30,0.1,30,0.1,25,0.06,15,0.1,,10,0.08,12,0.08,14,0.1,13,0.05,20,0.05,14,0.05,13,0.15,30,0.15,,,5,,5,0.08,5,0.01,18,0,7,0,13,0,18,0,20,0,28,0.15,23,0.4,,,,,15,0.05,30,0.1,15,0.05,,,,,,,,,,,,,,,,,,,,,,,,,,,,,,,,,,,,,,,,,,,,,30,0.1,
30026,Player/Npcs/Prefabs/dx_026.prefab,205,Tượng Thành Chủ Đoàn Thị-Nam,,,,3.5,0.5,38,0.1,6,0.1,20,,0,30,0.1,35,0.09,20,0.09,13,0.1,15,0.1,,16,0.1,,30,0.1,,30,0.1,,30,0.1,30,0.1,25,0.06,15,0.1,,10,0.08,12,0.08,14,0.1,13,0.05,20,0.05,14,0.05,13,0.15,30,0.15,,,5,,5,0.08,5,0.01,18,0,7,0,13,0,18,0,20,0,28,0.15,23,0.4,,,,,15,0.05,30,0.1,15,0.05,,,,,,,,,,,,,,,,,,,,,,,,,,,,,,,,,,,,,,,,,,,,,30,0.1,
30027,Player/Npcs/Prefabs/dx_027.prefab,205,Tượng Thành Chủ Đoàn Thị-Nữ,,,,3,0.5,38,0.1,6,0.1,20,,0,30,0.1,35,0.09,20,0.09,13,0.1,15,0.1,,16,0.1,,30,0.1,,30,0.1,,30,0.1,30,0.1,25,0.06,15,0.1,,10,0.08,12,0.08,14,0.1,13,0.05,20,0.05,14,0.05,13,0.15,30,0.15,,,5,,5,0.08,5,0.01,18,0,7,0,13,0,18,0,20,0,28,0.15,23,0.4,,,,,15,0.05,30,0.1,15,0.05,,,,,,,,,,,,,,,,,,,,,,,,,,,,,,,,,,,,,,,,,,,,,30,0.1,
30028,Player/Npcs/Prefabs/dx_028.prefab,205,Tượng Thành Chủ Tiêu Dao-Nữ,,,,3,0.5,38,0.1,6,0.1,20,,0,30,0.1,35,0.09,20,0.09,13,0.1,15,0.1,,16,0.1,,30,0.1,,30,0.1,,30,0.1,30,0.1,25,0.06,15,0.1,,10,0.08,12,0.08,14,0.1,13,0.05,20,0.05,14,0.05,13,0.15,30,0.15,,,5,,5,0.08,5,0.01,18,0,7,0,13,0,18,0,20,0,28,0.15,23,0.4,,,,,15,0.05,30,0.1,15,0.05,,,,,,,,,,,,,,,,,,,,,,,,,,,,,,,,,,,,,,,,,,,,,30,0.1,
30029,Player/Npcs/Prefabs/dx_031.prefab,205,Tượng Thành Chủ Nam Vạn Hoa,,,,3.5,0.5,38,0.1,6,0.1,20,,0,30,0.1,35,0.09,20,0.09,13,0.1,15,0.1,,16,0.1,,30,0.1,,30,0.1,,30,0.1,30,0.1,25,0.06,15,0.1,,10,0.08,12,0.08,14,0.1,13,0.05,20,0.05,14,0.05,13,0.15,30,0.15,,,5,,5,0.08,5,0.01,18,0,7,0,13,0,18,0,20,0,28,0.15,23,0.4,,,,,15,0.05,30,0.1,15,0.05,,,,,,,,,,,,,,,,,,,,,,,,,,,,,,,,,,,,,,,,,,,,,30,0.1,
30030,Player/Npcs/Prefabs/dx_030.prefab,205,Tượng Thành Chủ Nữ Vạn Hoa,,,,3,0.5,38,0.1,6,0.1,20,,0,30,0.1,35,0.09,20,0.09,13,0.1,15,0.1,,16,0.1,,30,0.1,,30,0.1,,30,0.1,30,0.1,25,0.06,15,0.1,,10,0.08,12,0.08,14,0.1,13,0.05,20,0.05,14,0.05,13,0.15,30,0.15,,,5,,5,0.08,5,0.01,18,0,7,0,13,0,18,0,20,0,28,0.15,23,0.4,,,,,15,0.05,30,0.1,15,0.05,,,,,,,,,,,,,,,,,,,,,,,,,,,,,,,,,,,,,,,,,,,,,30,0.1,
30031,Player/Npcs/Prefabs/dx_029.prefab,205,Tượng Thành Chủ Nữ Cái Bang,,,,3,0.5,38,0.1,6,0.1,20,,0,30,0.1,35,0.09,20,0.09,13,0.1,15,0.1,,16,0.1,,30,0.1,,30,0.1,,30,0.1,30,0.1,25,0.06,15,0.1,,10,0.08,12,0.08,14,0.1,13,0.05,20,0.05,14,0.05,13,0.15,30,0.15,,,5,,5,0.08,5,0.01,18,0,7,0,13,0,18,0,20,0,28,0.15,23,0.4,,,,,15,0.05,30,0.1,15,0.05,,,,,,,,,,,,,,,,,,,,,,,,,,,,,,,,,,,,,,,,,,,,,30,0.1,
30032,Player/Npcs/Prefabs/dx_032.prefab,205,Tượng Thành Chủ Dương Môn Nam,,,,3.5,0.5,38,0.1,6,0.1,20,,0,30,0.1,35,0.09,20,0.09,13,0.1,15,0.1,,16,0.1,,30,0.1,,30,0.1,,30,0.1,30,0.1,25,0.06,15,0.1,,10,0.08,12,0.08,14,0.1,13,0.05,20,0.05,14,0.05,13,0.15,30,0.15,,,5,,5,0.08,5,0.01,18,0,7,0,13,0,18,0,20,0,28,0.15,23,0.4,,,,,15,0.05,30,0.1,15,0.05,,,,,,,,,,,,,,,,,,,,,,,,,,,,,,,,,,,,,,,,,,,,,30,0.1,
30033,Player/Npcs/Prefabs/dx_033.prefab,205,Tượng Thành Chủ Dương Môn Nữ,,,,3,0.5,38,0.1,6,0.1,20,,0,30,0.1,35,0.09,20,0.09,13,0.1,15,0.1,,16,0.1,,30,0.1,,30,0.1,,30,0.1,30,0.1,25,0.06,15,0.1,,10,0.08,12,0.08,14,0.1,13,0.05,20,0.05,14,0.05,13,0.15,30,0.15,,,5,,5,0.08,5,0.01,18,0,7,0,13,0,18,0,20,0,28,0.15,23,0.4,,,,,15,0.05,30,0.1,15,0.05,,,,,,,,,,,,,,,,,,,,,,,,,,,,,,,,,,,,,,,,,,,,,30,0.1,
30034,Player/Npcs/Prefabs/dx_034.prefab,205,Tượng Thành Chủ Thiên Nhẫn Nam,,,,3.5,0.5,38,0.1,6,0.1,20,,0,30,0.1,35,0.09,20,0.09,13,0.1,15,0.1,,16,0.1,,30,0.1,,30,0.1,,30,0.1,30,0.1,25,0.06,15,0.1,,10,0.08,12,0.08,14,0.1,13,0.05,20,0.05,14,0.05,13,0.15,30,0.15,,,5,,5,0.08,5,0.01,18,0,7,0,13,0,18,0,20,0,28,0.15,23,0.4,,,,,15,0.05,30,0.1,15,0.05,,,,,,,,,,,,,,,,,,,,,,,,,,,,,,,,,,,,,,,,,,,,,30,0.1,
30035,Player/Npcs/Prefabs/dx_037.prefab,205,Tượng Thành Chủ Long Tước Nam,,,,3.5,0.5,38,0.1,6,0.1,20,,0,30,0.1,35,0.09,20,0.09,13,0.1,15,0.1,,16,0.1,,30,0.1,,30,0.1,,30,0.1,30,0.1,25,0.06,15,0.1,,10,0.08,12,0.08,14,0.1,13,0.05,20,0.05,14,0.05,13,0.15,30,0.15,,,5,,5,0.08,5,0.01,18,0,7,0,13,0,18,0,20,0,28,0.15,23,0.4,,,,,15,0.05,30,0.1,15,0.05,,,,,,,,,,,,,,,,,,,,,,,,,,,,,,,,,,,,,,,,,,,,,30,0.1,
30036,Player/Npcs/Prefabs/dx_036.prefab,205,Tượng Thành Chủ Long Tước Nữ,,,,3,0.5,38,0.1,6,0.1,20,,0,30,0.1,35,0.09,20,0.09,13,0.1,15,0.1,,16,0.1,,30,0.1,,30,0.1,,30,0.1,30,0.1,25,0.06,15,0.1,,10,0.08,12,0.08,14,0.1,13,0.05,20,0.05,14,0.05,13,0.15,30,0.15,,,5,,5,0.08,5,0.01,18,0,7,0,13,0,18,0,20,0,28,0.15,23,0.4,,,,,15,0.05,30,0.1,15,0.05,,,,,,,,,,,,,,,,,,,,,,,,,,,,,,,,,,,,,,,,,,,,,30,0.1,
30037,Player/Npcs/Prefabs/dx_035.prefab,205,Tượng Thành Chủ Nữ Đường Môn,,,,3.5,0.5,38,0.1,6,0.1,20,,0,30,0.1,35,0.09,20,0.09,13,0.1,15,0.1,,16,0.1,,30,0.1,,30,0.1,,30,0.1,30,0.1,25,0.06,15,0.1,,10,0.08,12,0.08,14,0.1,13,0.05,20,0.05,14,0.05,13,0.15,30,0.15,,,5,,5,0.08,5,0.01,18,0,7,0,13,0,18,0,20,0,28,0.15,23,0.4,,,,,15,0.05,30,0.1,15,0.05,,,,,,,,,,,,,,,,,,,,,,,,,,,,,,,,,,,,,,,,,,,,,30,0.1,
29001,Player/Npcs/Prefabs/dx_038.prefab,205,Tượng Thành Chủ Thần Cơ Nam,,,,3.5,0.5,38,0.1,6,0.1,20,,0,30,0.1,35,0.09,20,0.09,13,0.1,15,0.1,,16,0.1,,30,0.1,,30,0.1,,30,0.1,30,0.1,25,0.06,15,0.1,,10,0.08,12,0.08,14,0.1,13,0.05,20,0.05,14,0.05,13,0.15,30,0.15,,,5,,5,0.08,5,0.01,18,0,7,0,13,0,18,0,20,0,28,0.15,23,0.4,,,,,15,0.05,30,0.1,15,0.05,,,,,,,,,,,,,,,,,,,,,,,,,,,,,,,,,,,,,,,,,,,,,30,0.1,
29002,Player/Npcs/Prefabs/dx_039.prefab,205,Tượng Thành Chủ Thần Cơ Nữ,,,,3,0.5,38,0.1,6,0.1,20,,0,30,0.1,35,0.09,20,0.09,13,0.1,15,0.1,,16,0.1,,30,0.1,,30,0.1,,30,0.1,30,0.1,25,0.06,15,0.1,,10,0.08,12,0.08,14,0.1,13,0.05,20,0.05,14,0.05,13,0.15,30,0.15,,,5,,5,0.08,5,0.01,18,0,7,0,13,0,18,0,20,0,28,0.15,23,0.4,,,,,15,0.05,30,0.1,15,0.05,,,,,,,,,,,,,,,,,,,,,,,,,,,,,,,,,,,,,,,,,,,,,30,0.1,
29003,Player/Npcs/Prefabs/dx_040.prefab,205,Tượng Thành Chủ Tàng Kiếm Nữ,,,,3,0.5,38,0.1,6,0.1,20,,0,30,0.1,35,0.09,20,0.09,13,0.1,15,0.1,,16,0.1,,30,0.1,,30,0.1,,30,0.1,30,0.1,25,0.06,15,0.1,,10,0.08,12,0.08,14,0.1,13,0.05,20,0.05,14,0.05,13,0.15,30,0.15,,,5,,5,0.08,5,0.01,18,0,7,0,13,0,18,0,20,0,28,0.15,23,0.4,,,,,15,0.05,30,0.1,15,0.05,,,,,,,,,,,,,,,,,,,,,,,,,,,,,,,,,,,,,,,,,,,,,30,0.1,
30038,Player/Npcs/Prefabs/dx_038.prefab,,Tượng Thành Chủ Thần Cơ Nam,,,,3.5,0.5,38,0.1,6,0.1,20,,0,30,0.1,35,0.09,20,0.09,13,0.1,15,0.1,,16,0.1,,30,0.1,,30,0.1,,30,0.1,30,0.1,25,0.06,15,0.1,,10,0.08,12,0.08,14,0.1,13,0.05,20,0.05,14,0.05,13,0.15,30,0.15,,,5,,5,0.08,5,0.01,18,0,7,0,13,0,18,0,20,0,28,0.15,23,0.4,,,,,15,0.05,30,0.1,15,0.05,,,,,,,,,,,,,,,,,,,,,,,,,,,,,,,,,,,,,,,,,,,,,30,0.1,
30039,Player/Npcs/Prefabs/dx_039.prefab,,Tượng Thành Chủ Thần Cơ Nữ,,,,3,0.5,38,0.1,6,0.1,20,,0,30,0.1,35,0.09,20,0.09,13,0.1,15,0.1,,16,0.1,,30,0.1,,30,0.1,,30,0.1,30,0.1,25,0.06,15,0.1,,10,0.08,12,0.08,14,0.1,13,0.05,20,0.05,14,0.05,13,0.15,30,0.15,,,5,,5,0.08,5,0.01,18,0,7,0,13,0,18,0,20,0,28,0.15,23,0.4,,,,,15,0.05,30,0.1,15,0.05,,,,,,,,,,,,,,,,,,,,,,,,,,,,,,,,,,,,,,,,,,,,,30,0.1,
30040,Player/Npcs/Prefabs/dx_040.prefab,,Tượng Thành Chủ Tàng Kiếm Nữ,,,,3,0.5,38,0.1,6,0.1,20,,0,30,0.1,35,0.09,20,0.09,13,0.1,15,0.1,,16,0.1,,30,0.1,,30,0.1,,30,0.1,30,0.1,25,0.06,15,0.1,,10,0.08,12,0.08,14,0.1,13,0.05,20,0.05,14,0.05,13,0.15,30,0.15,,,5,,5,0.08,5,0.01,18,0,7,0,13,0,18,0,20,0,28,0.15,23,0.4,,,,,15,0.05,30,0.1,15,0.05,,,,,,,,,,,,,,,,,,,,,,,,,,,,,,,,,,,,,,,,,,,,,30,0.1,
30041,Player/Npcs/Prefabs/dx_038.prefab,,Tượng Hoa Sơn Luận Kiếm Thần Cơ Nam,,,,3.5,0.5,38,0.1,6,0.1,20,,0,30,0.1,35,0.09,20,0.09,13,0.1,15,0.1,,16,0.1,,30,0.1,,30,0.1,,30,0.1,30,0.1,25,0.06,15,0.1,,10,0.08,12,0.08,14,0.1,13,0.05,20,0.05,14,0.05,13,0.15,30,0.15,,,5,,5,0.08,5,0.01,18,0,7,0,13,0,18,0,20,0,28,0.15,23,0.4,,,,,15,0.05,30,0.1,15,0.05,,,,,,,,,,,,,,,,,,,,,,,,,,,,,,,,,,,,,,,,,,,,,30,0.1,
30042,Player/Npcs/Prefabs/dx_039.prefab,,Tượng Hoa Sơn Luận Kiếm Thần Cơ Nữ,,,,3,0.5,38,0.1,6,0.1,20,,0,30,0.1,35,0.09,20,0.09,13,0.1,15,0.1,,16,0.1,,30,0.1,,30,0.1,,30,0.1,30,0.1,25,0.06,15,0.1,,10,0.08,12,0.08,14,0.1,13,0.05,20,0.05,14,0.05,13,0.15,30,0.15,,,5,,5,0.08,5,0.01,18,0,7,0,13,0,18,0,20,0,28,0.15,23,0.4,,,,,15,0.05,30,0.1,15,0.05,,,,,,,,,,,,,,,,,,,,,,,,,,,,,,,,,,,,,,,,,,,,,30,0.1,
30043,Player/Npcs/Prefabs/dx_040.prefab,,Tượng Hoa Sơn Luận Kiếm Tàng Kiếm Nữ,,,,3,0.5,38,0.1,6,0.1,20,,0,30,0.1,35,0.09,20,0.09,13,0.1,15,0.1,,16,0.1,,30,0.1,,30,0.1,,30,0.1,30,0.1,25,0.06,15,0.1,,10,0.08,12,0.08,14,0.1,13,0.05,20,0.05,14,0.05,13,0.15,30,0.15,,,5,,5,0.08,5,0.01,18,0,7,0,13,0,18,0,20,0,28,0.15,23,0.4,,,,,15,0.05,30,0.1,15,0.05,,,,,,,,,,,,,,,,,,,,,,,,,,,,,,,,,,,,,,,,,,,,,30,0.1,
30044,Player/Npcs/Prefabs/dx_041.prefab,,Tượng Thành Chủ Nam Huyền Thủy,,,,3.5,0.5,38,0.1,6,0.1,20,,0,30,0.1,35,0.09,20,0.09,13,0.1,15,0.1,,16,0.1,,30,0.1,,30,0.1,,30,0.1,30,0.1,25,0.06,15,0.1,,10,0.08,12,0.08,14,0.1,13,0.05,20,0.05,14,0.05,13,0.15,30,0.15,,,5,,5,0.08,5,0.01,18,0,7,0,13,0,18,0,20,0,28,0.15,23,0.4,,,,,15,0.05,30,0.1,15,0.05,,,,,,,,,,,,,,,,,,,,,,,,,,,,,,,,,,,,,,,,,,,,,30,0.1,
30045,Player/Npcs/Prefabs/dx_042.prefab,,Tượng Thành Chủ Nữ Huyền Thủy,,,,3,0.5,38,0.1,6,0.1,20,,0,30,0.1,35,0.09,20,0.09,13,0.1,15,0.1,,16,0.1,,30,0.1,,30,0.1,,30,0.1,30,0.1,25,0.06,15,0.1,,10,0.08,12,0.08,14,0.1,13,0.05,20,0.05,14,0.05,13,0.15,30,0.15,,,5,,5,0.08,5,0.01,18,0,7,0,13,0,18,0,20,0,28,0.15,23,0.4,,,,,15,0.05,30,0.1,15,0.05,,,,,,,,,,,,,,,,,,,,,,,,,,,,,,,,,,,,,,,,,,,,,30,0.1,
30046,Player/Npcs/Prefabs/dx_044.prefab,,Tượng Thành Chủ Xung Tiêu Nam,,,,3.5,0.5,38,0.1,6,0.1,20,,0,30,0.1,35,0.09,20,0.09,13,0.1,15,0.1,,16,0.1,,30,0.1,,30,0.1,,30,0.1,30,0.1,25,0.06,15,0.1,,10,0.08,12,0.08,14,0.1,13,0.05,20,0.05,14,0.05,13,0.15,30,0.15,,,5,,5,0.08,5,0.01,18,0,7,0,13,0,18,0,20,0,28,0.15,23,0.4,,,,,15,0.05,30,0.1,15,0.05,,,,,,,,,,,,,,,,,,,,,,,,,,,,,,,,,,,,,,,,,,,,,30,0.1,
30047,Player/Npcs/Prefabs/dx_043.prefab,,Tượng Thành Chủ Xung Tiêu Nữ,,,,3,0.5,38,0.1,6,0.1,20,,0,30,0.1,35,0.09,20,0.09,13,0.1,15,0.1,,16,0.1,,30,0.1,,30,0.1,,30,0.1,30,0.1,25,0.06,15,0.1,,10,0.08,12,0.08,14,0.1,13,0.05,20,0.05,14,0.05,13,0.15,30,0.15,,,5,,5,0.08,5,0.01,18,0,7,0,13,0,18,0,20,0,28,0.15,23,0.4,,,,,15,0.05,30,0.1,15,0.05,,,,,,,,,,,,,,,,,,,,,,,,,,,,,,,,,,,,,,,,,,,,,30,0.1,
30048,Player/Npcs/Prefabs/dx_046.prefab,,Long Uy Tượng Thành Chủ-Nam,,,,3.5,0.5,38,0.1,6,0.1,20,,0,30,0.1,35,0.09,20,0.09,13,0.1,15,0.1,,16,0.1,,30,0.1,,30,0.1,,30,0.1,30,0.1,25,0.06,15,0.1,,10,0.08,12,0.08,14,0.1,13,0.05,20,0.05,14,0.05,13,0.15,30,0.15,,,5,,5,0.08,5,0.01,18,0,7,0,13,0,18,0,20,0,28,0.15,23,0.4,,,,,15,0.05,30,0.1,15,0.05,,,,,,,,,,,,,,,,,,,,,,,,,,,,,,,,,,,,,,,,,,,,,30,0.1,
30049,Player/Npcs/Prefabs/dx_045.prefab,,Long Uy Tượng Thành Chủ-Nữ,,,,3,0.5,38,0.1,6,0.1,20,,0,30,0.1,35,0.09,20,0.09,13,0.1,15,0.1,,16,0.1,,30,0.1,,30,0.1,,30,0.1,30,0.1,25,0.06,15,0.1,,10,0.08,12,0.08,14,0.1,13,0.05,20,0.05,14,0.05,13,0.15,30,0.15,,,5,,5,0.08,5,0.01,18,0,7,0,13,0,18,0,20,0,28,0.15,23,0.4,,,,,15,0.05,30,0.1,15,0.05,,,,,,,,,,,,,,,,,,,,,,,,,,,,,,,,,,,,,,,,,,,,,30,0.1,
30050,Player/Npcs/Prefabs/dx_048.prefab,,Hội Mộng Tượng Thành Chủ-Nam,,,,3.5,0.5,38,0.1,6,0.1,20,,0,30,0.1,35,0.09,20,0.09,13,0.1,15,0.1,,16,0.1,,30,0.1,,30,0.1,,30,0.1,30,0.1,25,0.06,15,0.1,,10,0.08,12,0.08,14,0.1,13,0.05,20,0.05,14,0.05,13,0.15,30,0.15,,,5,,5,0.08,5,0.01,18,0,7,0,13,0,18,0,20,0,28,0.15,23,0.4,,,,,15,0.05,30,0.1,15,0.05,,,,,,,,,,,,,,,,,,,,,,,,,,,,,,,,,,,,,,,,,,,,,30,0.1,
30051,Player/Npcs/Prefabs/dx_047.prefab,,Hội Mộng Tượng Thành Chủ-Nữ,,,,3,0.5,38,0.1,6,0.1,20,,0,30,0.1,35,0.09,20,0.09,13,0.1,15,0.1,,16,0.1,,30,0.1,,30,0.1,,30,0.1,30,0.1,25,0.06,15,0.1,,10,0.08,12,0.08,14,0.1,13,0.05,20,0.05,14,0.05,13,0.15,30,0.15,,,5,,5,0.08,5,0.01,18,0,7,0,13,0,18,0,20,0,28,0.15,23,0.4,,,,,15,0.05,30,0.1,15,0.05,,,,,,,,,,,,,,,,,,,,,,,,,,,,,,,,,,,,,,,,,,,,,30,0.1,
30052,Player/Npcs/Prefabs/dx_050.prefab,,Tượng Thành Chủ Thiên Tâm Nam,,,,3.5,0.5,38,0.1,6,0.1,20,,0,30,0.1,35,0.09,20,0.09,13,0.1,15,0.1,,16,0.1,,30,0.1,,30,0.1,,30,0.1,30,0.1,25,0.06,15,0.1,,10,0.08,12,0.08,14,0.1,13,0.05,20,0.05,14,0.05,13,0.15,30,0.15,,,5,,5,0.08,5,0.01,18,0,7,0,13,0,18,0,20,0,28,0.15,23,0.4,,,,,15,0.05,30,0.1,15,0.05,,,,,,,,,,,,,,,,,,,,,,,,,,,,,,,,,,,,,,,,,,,,,30,0.1,
30053,Player/Npcs/Prefabs/dx_049.prefab,,Tượng Thành Chủ Thiên Tâm Nữ,,,,3,0.5,38,0.1,6,0.1,20,,0,30,0.1,35,0.09,20,0.09,13,0.1,15,0.1,,16,0.1,,30,0.1,,30,0.1,,30,0.1,30,0.1,25,0.06,15,0.1,,10,0.08,12,0.08,14,0.1,13,0.05,20,0.05,14,0.05,13,0.15,30,0.15,,,5,,5,0.08,5,0.01,18,0,7,0,13,0,18,0,20,0,28,0.15,23,0.4,,,,,15,0.05,30,0.1,15,0.05,,,,,,,,,,,,,,,,,,,,,,,,,,,,,,,,,,,,,,,,,,,,,30,0.1,
30054,Player/Npcs/Prefabs/dx_041.prefab,205,Tượng Thành Chủ Nam Huyền Thủy,,,,3.5,0.5,38,0.1,6,0.1,20,,0,30,0.1,35,0.09,20,0.09,13,0.1,15,0.1,,16,0.1,,30,0.1,,30,0.1,,30,0.1,30,0.1,25,0.06,15,0.1,,10,0.08,12,0.08,14,0.1,13,0.05,20,0.05,14,0.05,13,0.15,30,0.15,,,5,,5,0.08,5,0.01,18,0,7,0,13,0,18,0,20,0,28,0.15,23,0.4,,,,,15,0.05,30,0.1,15,0.05,,,,,,,,,,,,,,,,,,,,,,,,,,,,,,,,,,,,,,,,,,,,,30,0.1,
30055,Player/Npcs/Prefabs/dx_042.prefab,205,Tượng Thành Chủ Nữ Huyền Thủy,,,,3,0.5,38,0.1,6,0.1,20,,0,30,0.1,35,0.09,20,0.09,13,0.1,15,0.1,,16,0.1,,30,0.1,,30,0.1,,30,0.1,30,0.1,25,0.06,15,0.1,,10,0.08,12,0.08,14,0.1,13,0.05,20,0.05,14,0.05,13,0.15,30,0.15,,,5,,5,0.08,5,0.01,18,0,7,0,13,0,18,0,20,0,28,0.15,23,0.4,,,,,15,0.05,30,0.1,15,0.05,,,,,,,,,,,,,,,,,,,,,,,,,,,,,,,,,,,,,,,,,,,,,30,0.1,
30056,Player/Npcs/Prefabs/dx_044.prefab,205,Tượng Thành Chủ Xung Tiêu Nam,,,,3.5,0.5,38,0.1,6,0.1,20,,0,30,0.1,35,0.09,20,0.09,13,0.1,15,0.1,,16,0.1,,30,0.1,,30,0.1,,30,0.1,30,0.1,25,0.06,15,0.1,,10,0.08,12,0.08,14,0.1,13,0.05,20,0.05,14,0.05,13,0.15,30,0.15,,,5,,5,0.08,5,0.01,18,0,7,0,13,0,18,0,20,0,28,0.15,23,0.4,,,,,15,0.05,30,0.1,15,0.05,,,,,,,,,,,,,,,,,,,,,,,,,,,,,,,,,,,,,,,,,,,,,30,0.1,
30057,Player/Npcs/Prefabs/dx_043.prefab,205,Tượng Thành Chủ Xung Tiêu Nữ,,,,3,0.5,38,0.1,6,0.1,20,,0,30,0.1,35,0.09,20,0.09,13,0.1,15,0.1,,16,0.1,,30,0.1,,30,0.1,,30,0.1,30,0.1,25,0.06,15,0.1,,10,0.08,12,0.08,14,0.1,13,0.05,20,0.05,14,0.05,13,0.15,30,0.15,,,5,,5,0.08,5,0.01,18,0,7,0,13,0,18,0,20,0,28,0.15,23,0.4,,,,,15,0.05,30,0.1,15,0.05,,,,,,,,,,,,,,,,,,,,,,,,,,,,,,,,,,,,,,,,,,,,,30,0.1,
30058,Player/Npcs/Prefabs/dx_046.prefab,205,Long Uy Tượng Thành Chủ-Nam,,,,3.5,0.5,38,0.1,6,0.1,20,,0,30,0.1,35,0.09,20,0.09,13,0.1,15,0.1,,16,0.1,,30,0.1,,30,0.1,,30,0.1,30,0.1,25,0.06,15,0.1,,10,0.08,12,0.08,14,0.1,13,0.05,20,0.05,14,0.05,13,0.15,30,0.15,,,5,,5,0.08,5,0.01,18,0,7,0,13,0,18,0,20,0,28,0.15,23,0.4,,,,,15,0.05,30,0.1,15,0.05,,,,,,,,,,,,,,,,,,,,,,,,,,,,,,,,,,,,,,,,,,,,,30,0.1,
30059,Player/Npcs/Prefabs/dx_045.prefab,205,Long Uy Tượng Thành Chủ-Nữ,,,,3,0.5,38,0.1,6,0.1,20,,0,30,0.1,35,0.09,20,0.09,13,0.1,15,0.1,,16,0.1,,30,0.1,,30,0.1,,30,0.1,30,0.1,25,0.06,15,0.1,,10,0.08,12,0.08,14,0.1,13,0.05,20,0.05,14,0.05,13,0.15,30,0.15,,,5,,5,0.08,5,0.01,18,0,7,0,13,0,18,0,20,0,28,0.15,23,0.4,,,,,15,0.05,30,0.1,15,0.05,,,,,,,,,,,,,,,,,,,,,,,,,,,,,,,,,,,,,,,,,,,,,30,0.1,
30060,Player/Npcs/Prefabs/dx_048.prefab,205,Hội Mộng Tượng Thành Chủ-Nam,,,,3.5,0.5,38,0.1,6,0.1,20,,0,30,0.1,35,0.09,20,0.09,13,0.1,15,0.1,,16,0.1,,30,0.1,,30,0.1,,30,0.1,30,0.1,25,0.06,15,0.1,,10,0.08,12,0.08,14,0.1,13,0.05,20,0.05,14,0.05,13,0.15,30,0.15,,,5,,5,0.08,5,0.01,18,0,7,0,13,0,18,0,20,0,28,0.15,23,0.4,,,,,15,0.05,30,0.1,15,0.05,,,,,,,,,,,,,,,,,,,,,,,,,,,,,,,,,,,,,,,,,,,,,30,0.1,
30061,Player/Npcs/Prefabs/dx_047.prefab,205,Hội Mộng Tượng Thành Chủ-Nữ,,,,3,0.5,38,0.1,6,0.1,20,,0,30,0.1,35,0.09,20,0.09,13,0.1,15,0.1,,16,0.1,,30,0.1,,30,0.1,,30,0.1,30,0.1,25,0.06,15,0.1,,10,0.08,12,0.08,14,0.1,13,0.05,20,0.05,14,0.05,13,0.15,30,0.15,,,5,,5,0.08,5,0.01,18,0,7,0,13,0,18,0,20,0,28,0.15,23,0.4,,,,,15,0.05,30,0.1,15,0.05,,,,,,,,,,,,,,,,,,,,,,,,,,,,,,,,,,,,,,,,,,,,,30,0.1,
30062,Player/Npcs/Prefabs/dx_050.prefab,205,Tượng Thành Chủ Thiên Tâm Nam,,,,3.5,0.5,38,0.1,6,0.1,20,,0,30,0.1,35,0.09,20,0.09,13,0.1,15,0.1,,16,0.1,,30,0.1,,30,0.1,,30,0.1,30,0.1,25,0.06,15,0.1,,10,0.08,12,0.08,14,0.1,13,0.05,20,0.05,14,0.05,13,0.15,30,0.15,,,5,,5,0.08,5,0.01,18,0,7,0,13,0,18,0,20,0,28,0.15,23,0.4,,,,,15,0.05,30,0.1,15,0.05,,,,,,,,,,,,,,,,,,,,,,,,,,,,,,,,,,,,,,,,,,,,,30,0.1,
30063,Player/Npcs/Prefabs/dx_049.prefab,205,Tượng Thành Chủ Thiên Tâm Nữ,,,,3,0.5,38,0.1,6,0.1,20,,0,30,0.1,35,0.09,20,0.09,13,0.1,15,0.1,,16,0.1,,30,0.1,,30,0.1,,30,0.1,30,0.1,25,0.06,15,0.1,,10,0.08,12,0.08,14,0.1,13,0.05,20,0.05,14,0.05,13,0.15,30,0.15,,,5,,5,0.08,5,0.01,18,0,7,0,13,0,18,0,20,0,28,0.15,23,0.4,,,,,15,0.05,30,0.1,15,0.05,,,,,,,,,,,,,,,,,,,,,,,,,,,,,,,,,,,,,,,,,,,,,30,0.1,
30064,Player/Npcs/Prefabs/dx_051.prefab,,Trảm Liệt Tượng Thành Chủ-Nam,,,,3.5,0.5,38,0.1,6,0.1,20,,0,30,0.1,35,0.09,20,0.09,13,0.1,15,0.1,,16,0.1,,30,0.1,,30,0.1,,30,0.1,30,0.1,25,0.06,15,0.1,,10,0.08,12,0.08,14,0.1,13,0.05,20,0.05,14,0.05,13,0.15,30,0.15,,,5,,5,0.08,5,0.01,18,0,7,0,13,0,18,0,20,0,28,0.15,23,0.4,,,,,15,0.05,30,0.1,15,0.05,,,,,,,,,,,,,,,,,,,,,,,,,,,,,,,,,,,,,,,,,,,,,30,0.1,
30065,Player/Npcs/Prefabs/dx_052.prefab,,Trảm Liệt Tượng Thành Chủ-Nữ,,,,3,0.5,38,0.1,6,0.1,20,,0,30,0.1,35,0.09,20,0.09,13,0.1,15,0.1,,16,0.1,,30,0.1,,30,0.1,,30,0.1,30,0.1,25,0.06,15,0.1,,10,0.08,12,0.08,14,0.1,13,0.05,20,0.05,14,0.05,13,0.15,30,0.15,,,5,,5,0.08,5,0.01,18,0,7,0,13,0,18,0,20,0,28,0.15,23,0.4,,,,,15,0.05,30,0.1,15,0.05,,,,,,,,,,,,,,,,,,,,,,,,,,,,,,,,,,,,,,,,,,,,,30,0.1,
30066,Player/Npcs/Prefabs/dx_051.prefab,205,Trảm Liệt Tượng Thành Chủ-Nam,,,,3.5,0.5,38,0.1,6,0.1,20,,0,30,0.1,35,0.09,20,0.09,13,0.1,15,0.1,,16,0.1,,30,0.1,,30,0.1,,30,0.1,30,0.1,25,0.06,15,0.1,,10,0.08,12,0.08,14,0.1,13,0.05,20,0.05,14,0.05,13,0.15,30,0.15,,,5,,5,0.08,5,0.01,18,0,7,0,13,0,18,0,20,0,28,0.15,23,0.4,,,,,15,0.05,30,0.1,15,0.05,,,,,,,,,,,,,,,,,,,,,,,,,,,,,,,,,,,,,,,,,,,,,30,0.1,
30067,Player/Npcs/Prefabs/dx_052.prefab,205,Trảm Liệt Tượng Thành Chủ-Nữ,,,,3,0.5,38,0.1,6,0.1,20,,0,30,0.1,35,0.09,20,0.09,13,0.1,15,0.1,,16,0.1,,30,0.1,,30,0.1,,30,0.1,30,0.1,25,0.06,15,0.1,,10,0.08,12,0.08,14,0.1,13,0.05,20,0.05,14,0.05,13,0.15,30,0.15,,,5,,5,0.08,5,0.01,18,0,7,0,13,0,18,0,20,0,28,0.15,23,0.4,,,,,15,0.05,30,0.1,15,0.05,,,,,,,,,,,,,,,,,,,,,,,,,,,,,,,,,,,,,,,,,,,,,30,0.1,
30068,Player/Npcs/Prefabs/dx_054.prefab,,Tượng Thành Chủ Nam Cô Hồng,,,,3.5,0.5,38,0.1,6,0.1,20,,0,30,0.1,35,0.09,20,0.09,13,0.1,15,0.1,,16,0.1,,30,0.1,,30,0.1,,30,0.1,30,0.1,25,0.06,15,0.1,,10,0.08,12,0.08,14,0.1,13,0.05,20,0.05,14,0.05,13,0.15,30,0.15,,,5,,5,0.08,5,0.01,18,0,7,0,13,0,18,0,20,0,28,0.15,23,0.4,,,,,15,0.05,30,0.1,15,0.05,,,,,,,,,,,,,,,,,,,,,,,,,,,,,,,,,,,,,,,,,,,,,30,0.1,
30069,Player/Npcs/Prefabs/dx_053.prefab,,Tượng Thành Chủ Cô Hồng Nữ,,,,3,0.5,38,0.1,6,0.1,20,,0,30,0.1,35,0.09,20,0.09,13,0.1,15,0.1,,16,0.1,,30,0.1,,30,0.1,,30,0.1,30,0.1,25,0.06,15,0.1,,10,0.08,12,0.08,14,0.1,13,0.05,20,0.05,14,0.05,13,0.15,30,0.15,,,5,,5,0.08,5,0.01,18,0,7,0,13,0,18,0,20,0,28,0.15,23,0.4,,,,,15,0.05,30,0.1,15,0.05,,,,,,,,,,,,,,,,,,,,,,,,,,,,,,,,,,,,,,,,,,,,,30,0.1,
30070,Player/Npcs/Prefabs/dx_054.prefab,205,Tượng Thành Chủ Nam Cô Hồng,,,,3.5,0.5,38,0.1,6,0.1,20,,0,30,0.1,35,0.09,20,0.09,13,0.1,15,0.1,,16,0.1,,30,0.1,,30,0.1,,30,0.1,30,0.1,25,0.06,15,0.1,,10,0.08,12,0.08,14,0.1,13,0.05,20,0.05,14,0.05,13,0.15,30,0.15,,,5,,5,0.08,5,0.01,18,0,7,0,13,0,18,0,20,0,28,0.15,23,0.4,,,,,15,0.05,30,0.1,15,0.05,,,,,,,,,,,,,,,,,,,,,,,,,,,,,,,,,,,,,,,,,,,,,30,0.1,
30071,Player/Npcs/Prefabs/dx_053.prefab,205,Tượng Thành Chủ Cô Hồng Nữ,,,,3,0.5,38,0.1,6,0.1,20,,0,30,0.1,35,0.09,20,0.09,13,0.1,15,0.1,,16,0.1,,30,0.1,,30,0.1,,30,0.1,30,0.1,25,0.06,15,0.1,,10,0.08,12,0.08,14,0.1,13,0.05,20,0.05,14,0.05,13,0.15,30,0.15,,,5,,5,0.08,5,0.01,18,0,7,0,13,0,18,0,20,0,28,0.15,23,0.4,,,,,15,0.05,30,0.1,15,0.05,,,,,,,,,,,,,,,,,,,,,,,,,,,,,,,,,,,,,,,,,,,,,30,0.1,
3360,Player/Npcs/Prefabs/npc_256.prefab,,Phong Ấn Kích,,,,3,0.5,20,0.1,6,0.1,20,,0,,,30,0.1,16,0.1,,0.1,16,0.1,,12,0.2,,30,0.1,,30,0.1,,30,0.1,20,0.1,,0.15,15,0.1,,18,0.08,,0.1,,0.1,30,0.09,,0.15,,0.15,,0.15,,0.15,,,,0.15,18,0.08,,,,,,,,,,,,,,,,,,,,,,,,,,,,,,,,,,,,,,,,,,,,,,,,,,,,,,,,,,,,,,,,,,,,,,,30,0.1,
3361,Player/Npcs/Prefabs/npc_255.prefab,,Phong Ấn Trượng,,,,3,0.5,20,0.1,6,0.1,20,,0,,,30,0.1,16,0.1,,0.1,16,0.1,,12,0.2,,30,0.1,,30,0.1,,30,0.1,20,0.1,,0.15,15,0.1,,18,0.08,,0.1,,0.1,30,0.09,,0.15,,0.15,,0.15,,0.15,,,,0.15,18,0.08,,,,,,,,,,,,,,,,,,,,,,,,,,,,,,,,,,,,,,,,,,,,,,,,,,,,,,,,,,,,,,,,,,,,,,,30,0.1,
3362,Player/Npcs/Prefabs/npc_254.prefab,,Phong Ấn Kiếm,,,,3,0.5,20,0.1,6,0.1,20,,0,,,30,0.1,16,0.1,,0.1,16,0.1,,12,0.2,,30,0.1,,30,0.1,,30,0.1,20,0.1,,0.15,15,0.1,,18,0.08,,0.1,,0.1,30,0.09,,0.15,,0.15,,0.15,,0.15,,,,0.15,18,0.08,,,,,,,,,,,,,,,,,,,,,,,,,,,,,,,,,,,,,,,,,,,,,,,,,,,,,,,,,,,,,,,,,,,,,,,30,0.1,
3363,Player/Npcs/Prefabs/boss026.prefab,,Phong Ấn Ưng,,,,3,0.5,20,0.1,6,0.1,20,,0,,,30,0.1,16,0.1,,0.1,16,0.1,,12,0.2,,30,0.1,,30,0.1,,30,0.1,20,0.1,,0.15,15,0.1,,18,0.08,,0.1,,0.1,30,0.09,,0.15,,0.15,,0.15,,0.15,,,,0.15,18,0.08,,,,,,,,,,,,,,,,,,,,,,,,,,,,,,,,,,,,,,,,,,,,,,,,,,,,,,,,,,,,,,,,,,,,,,,30,0.1,
3364,Player/Npcs/Prefabs/npc_257.prefab,,Phong Ấn Vũ,,,,3,0.5,20,0.1,6,0.1,20,,0,,,30,0.1,16,0.1,,0.1,16,0.1,,12,0.2,,30,0.1,,30,0.1,,30,0.1,20,0.1,,0.15,15,0.1,,18,0.08,,0.1,,0.1,30,0.09,,0.15,,0.15,,0.15,,0.15,,,,0.15,18,0.08,,,,,,,,,,,,,,,,,,,,,,,,,,,,,,,,,,,,,,,,,,,,,,,,,,,,,,,,,,,,,,,,,,,,,,,30,0.1,
3365,Player/Npcs/Prefabs/npc_386.prefab,,Bàn Tay Phong Ấn,,,,3,0.5,20,0.1,6,0.1,20,,0,,,30,0.1,16,0.1,,0.1,16,0.1,,12,0.2,,30,0.1,,30,0.1,,30,0.1,20,0.1,,0.15,15,0.1,,18,0.08,,0.1,,0.1,30,0.09,,0.15,,0.15,,0.15,,0.15,,,,0.15,18,0.08,,,,,,,,,,,,,,,,,,,,,,,,,,,,,,,,,,,,,,,,,,,,,,,,,,,,,,,,,,,,,,,,,,,,,,,30,0.1,
3366,Player/Npcs/Prefabs/npc_395.prefab,,Phong Ấn Thủ,,,,3,0.5,20,0.1,6,0.1,20,,0,,,30,0.1,16,0.1,,0.1,16,0.1,,12,0.2,,30,0.1,,30,0.1,,30,0.1,20,0.1,,0.15,15,0.1,,18,0.08,,0.1,,0.1,30,0.09,,0.15,,0.15,,0.15,,0.15,,,,0.15,18,0.08,,,,,,,,,,,,,,,,,,,,,,,,,,,,,,,,,,,,,,,,,,,,,,,,,,,,,,,,,,,,,,,,,,,,,,,30,0.1,
3367,Player/Npcs/Prefabs/npc_298_a.prefab,,Phong Ấn Đao,,,,3,0.5,20,0.1,6,0.1,20,,0,,,30,0.1,16,0.1,,0.1,16,0.1,,12,0.2,,30,0.1,,30,0.1,,30,0.1,20,0.1,,0.15,15,0.1,,18,0.08,,0.1,,0.1,30,0.09,,0.15,,0.15,,0.15,,0.15,,,,0.15,18,0.08,,,,,,,,,,,,,,,,,,,,,,,,,,,,,,,,,,,,,,,,,,,,,,,,,,,,,,,,,,,,,,,,,,,,,,,30,0.1,
3368,Player/Npcs/Prefabs/npc_407.prefab,,Phong ấn Loan Đao,,,,3,0.5,20,0.1,6,0.1,20,,0,,,30,0.1,16,0.1,,0.1,16,0.1,,12,0.2,,30,0.1,,30,0.1,,30,0.1,20,0.1,,0.15,15,0.1,,18,0.08,,0.1,,0.1,30,0.09,,0.15,,0.15,,0.15,,0.15,,,,0.15,18,0.08,,,,,,,,,,,,,,,,,,,,,,,,,,,,,,,,,,,,,,,,,,,,,,,,,,,,,,,,,,,,,,,,,,,,,,,30,0.1,
3401,Player/Npcs/Prefabs/npc_250.prefab,,Đầu Rồng,,,,2,0.5,38,0.1,6,0.1,20,,0,30,0.1,35,0.09,18,0.09,13,0.1,15,0.1,,12,0.1,,30,0.1,,72,0,,30,0.1,30,0.1,25,0.06,10,0.1,,10,0.08,12,0.08,14,0.1,13,0.05,14,0.05,10,0.05,18,0.15,20,0.15,,,5,,5,0.08,10,0.01,20,0,5,0,13,0,18,0,20,0,28,0.15,23,0.4,,,,,,,,,,,,,,,,,,,,,,,,,,,,,,,,,,,,,,,,,,,,,,,,,,,,,,,72,0,
3402,Player/Npcs/Prefabs/npc_251.prefab,,Mình Rồng,,,,2,0.5,38,0.1,6,0.1,20,,0,30,0.1,35,0.09,18,0.09,13,0.1,15,0.1,,12,0.1,,30,0.1,,72,0,,30,0.1,30,0.1,25,0.06,10,0.1,,10,0.08,12,0.08,14,0.1,13,0.05,14,0.05,10,0.05,18,0.15,20,0.15,,,5,,5,0.08,10,0.01,20,0,5,0,13,0,18,0,20,0,28,0.15,23,0.4,,,,,,,,,,,,,,,,,,,,,,,,,,,,,,,,,,,,,,,,,,,,,,,,,,,,,,,72,0,
3403,Player/Npcs/Prefabs/npc_252.prefab,,Đuôi Rồng,,,,2,0.5,38,0.1,6,0.1,20,,0,30,0.1,35,0.09,18,0.09,13,0.1,15,0.1,,12,0.1,,30,0.1,,72,0,,30,0.1,30,0.1,25,0.06,10,0.1,,10,0.08,12,0.08,14,0.1,13,0.05,14,0.05,10,0.05,18,0.15,20,0.15,,,5,,5,0.08,10,0.01,20,0,5,0,13,0,18,0,20,0,28,0.15,23,0.4,,,,,,,,,,,,,,,,,,,,,,,,,,,,,,,,,,,,,,,,,,,,,,,,,,,,,,,72,0,
3432,Player/critter/prefab/xn_fuzi01.prefab,,Chữ Phúc,,,,1.75,0.5,,,6,,,,,,,,,,,,,15,0.1,,,,,10,0.2,,10,0.2,,10,0.2,,,,,8,0.1,,,,,,,,,,,,,,,,,,,,,,,,,,,,,,,,,,,,,,,,,,,,,,,,,,,,,,,,,,,,,,,,,,,,,,,,,,,,,,,,,,,,,,,,,,,,,,10,0.2,
3433,Player/critter/prefab/xn_fuzi02.prefab,,Chữ Phúc,,,,1.75,0.5,,,6,,,,,,,,,,,,,15,0.1,,,,,10,0.2,,10,0.2,,10,0.2,,,,,8,0.1,,,,,,,,,,,,,,,,,,,,,,,,,,,,,,,,,,,,,,,,,,,,,,,,,,,,,,,,,,,,,,,,,,,,,,,,,,,,,,,,,,,,,,,,,,,,,,10,0.2,
3434,Player/critter/prefab/xn_bianpao01.prefab,,Pháo,,,,1.75,0.5,,,6,,,,,,,,,,,,,15,0.1,,,,,10,0.2,,10,0.2,,10,0.2,,,,,8,0.1,,,,,,,,,,,,,,,,,,,,,,,,,,,,,,,,,,,,,,,,,,,,,,,,,,,,,,,,,,,,,,,,,,,,,,,,,,,,,,,,,,,,,,,,,,,,,,10,0.2,
3435,Player/critter/prefab/xn_bianpao02.prefab,,Pháo,,,,1.75,0.5,,,6,,,,,,,,,,,,,15,0.1,,,,,10,0.2,,10,0.2,,10,0.2,,,,,8,0.1,,,,,,,,,,,,,,,,,,,,,,,,,,,,,,,,,,,,,,,,,,,,,,,,,,,,,,,,,,,,,,,,,,,,,,,,,,,,,,,,,,,,,,,,,,,,,,10,0.2,
3436,Player/critter/prefab/xn_denglong01.prefab,,Lồng Đèn,,,,1.75,0.5,,,6,,,,,,,,,,,,,15,0.1,,,,,10,0.2,,10,0.2,,10,0.2,,,,,8,0.1,,,,,,,,,,,,,,,,,,,,,,,,,,,,,,,,,,,,,,,,,,,,,,,,,,,,,,,,,,,,,,,,,,,,,,,,,,,,,,,,,,,,,,,,,,,,,,10,0.2,
3437,Player/critter/prefab/xn_nianyefan01.prefab,,Bàn,,,,1.75,0.5,,,6,,,,,,,,,,,,,15,0.1,,,,,10,0.2,,10,0.2,,10,0.2,,,,,8,0.1,,,,,,,,,,,,,,,,,,,,,,,,,,,,,,,,,,,,,,,,,,,,,,,,,,,,,,,,,,,,,,,,,,,,,,,,,,,,,,,,,,,,,,,,,,,,,,10,0.2,
3438,Player/critter/prefab/xn_yuanbao01.prefab,,Nguyên Bảo,,,,1.75,0.5,,,6,,,,,,,,,,,,,15,0.1,,,,,10,0.2,,10,0.2,,10,0.2,,,,,8,0.1,,,,,,,,,,,,,,,,,,,,,,,,,,,,,,,,,,,,,,,,,,,,,,,,,,,,,,,,,,,,,,,,,,,,,,,,,,,,,,,,,,,,,,,,,,,,,,10,0.2,
3439,Player/Npcs/Prefabs/npc_250a.prefab,,Đầu Rồng,,,,2,0.5,38,0.1,6,0.1,20,,0,30,0.1,35,0.09,18,0.09,13,0.1,15,0.1,,12,0.1,,30,0.1,,72,0,,30,0.1,30,0.1,25,0.06,10,0.1,,10,0.08,12,0.08,14,0.1,13,0.05,14,0.05,10,0.05,18,0.15,20,0.15,,,5,,5,0.08,10,0.01,20,0,5,0,13,0,18,0,20,0,28,0.15,23,0.4,,,,,,,,,,,,,,,,,,,,,,,,,,,,,,,,,,,,,,,,,,,,,,,,,,,,,,,72,0,
3440,Player/Npcs/Prefabs/npc_251b.prefab,,Mình Rồng,,,,2,0.5,38,0.1,6,0.1,20,,0,30,0.1,35,0.09,18,0.09,13,0.1,15,0.1,,12,0.1,,30,0.1,,72,0,,30,0.1,30,0.1,25,0.06,10,0.1,,10,0.08,12,0.08,14,0.1,13,0.05,14,0.05,10,0.05,18,0.15,20,0.15,,,5,,5,0.08,10,0.01,20,0,5,0,13,0,18,0,20,0,28,0.15,23,0.4,,,,,,,,,,,,,,,,,,,,,,,,,,,,,,,,,,,,,,,,,,,,,,,,,,,,,,,72,0,
3441,Player/Npcs/Prefabs/npc_252c.prefab,,Đuôi Rồng,,,,2,0.5,38,0.1,6,0.1,20,,0,30,0.1,35,0.09,18,0.09,13,0.1,15,0.1,,12,0.1,,30,0.1,,72,0,,30,0.1,30,0.1,25,0.06,10,0.1,,10,0.08,12,0.08,14,0.1,13,0.05,14,0.05,10,0.05,18,0.15,20,0.15,,,5,,5,0.08,10,0.01,20,0,5,0,13,0,18,0,20,0,28,0.15,23,0.4,,,,,,,,,,,,,,,,,,,,,,,,,,,,,,,,,,,,,,,,,,,,,,,,,,,,,,,72,0,
3669,Player/critter/prefab/zc_longzhu03.prefab,,Lãnh Thổ Chiến-Long Trụ 3,,,,2.5,0.5,,,,,,,,,,,,,,,,,,,,,,,,,,,,,,,,,,,,,,,,,,,,,,,,,,,,,,,,,,,,,,,,,,,,,,,,,,,,,,,,,,,,,,,,,,,,,,,,,,,,,,,,,,,,,,,,,,,,,,,,,,,,,,,,,,,
3670,Player/critter/prefab/zc_longzhu04.prefab,,Lãnh Thổ Chiến-Long Trụ 4,,,,2.5,0.5,,,,,,,,,,,,,,,,,,,,,,,,,,,,,,,,,,,,,,,,,,,,,,,,,,,,,,,,,,,,,,,,,,,,,,,,,,,,,,,,,,,,,,,,,,,,,,,,,,,,,,,,,,,,,,,,,,,,,,,,,,,,,,,,,,,
3671,Player/critter/prefab/zc_longzhu05.prefab,,Lãnh Thổ Chiến-Long Trụ 5,,,,2.5,0.5,,,,,,,,,,,,,,,,,,,,,,,,,,,,,,,,,,,,,,,,,,,,,,,,,,,,,,,,,,,,,,,,,,,,,,,,,,,,,,,,,,,,,,,,,,,,,,,,,,,,,,,,,,,,,,,,,,,,,,,,,,,,,,,,,,,
3673,Player/critter/prefab/zc_lingtuzhan_chengmen02.prefab,,Lãnh Thổ Chiến-Cổng Thành 2,,,,2.5,1,,,,,,,,,,,,,,,,,,,,,,,,,,,,,,,,,,,,,,,,,,,,,,,,,,,,,,,,,,,,,,,,,,,,,,,,,,,,,,,,,,,,,,,,,,,,,,,,,,,,,,,,,,,,,,,,,,,,,,,,,,,,,,,,,,,
3674,Player/critter/prefab/zc_lingtuzhan_chengmen03.prefab,,Lãnh Thổ Chiến-Cổng Thành 3,,,,2.5,1,,,,,,,,,,,,,,,,,,,,,,,,,,,,,,,,,,,,,,,,,,,,,,,,,,,,,,,,,,,,,,,,,,,,,,,,,,,,,,,,,,,,,,,,,,,,,,,,,,,,,,,,,,,,,,,,,,,,,,,,,,,,,,,,,,,
3675,Player/critter/prefab/zc_lingtuzhan_chengmen04.prefab,,Lãnh Thổ Chiến-Cổng Thành 4,,,,2.5,1,,,,,,,,,,,,,,,,,,,,,,,,,,,,,,,,,,,,,,,,,,,,,,,,,,,,,,,,,,,,,,,,,,,,,,,,,,,,,,,,,,,,,,,,,,,,,,,,,,,,,,,,,,,,,,,,,,,,,,,,,,,,,,,,,,,
3676,Player/critter/prefab/zc_lingtuzhan_chengmen05.prefab,,Lãnh Thổ Chiến-Nội Môn,,,,2.5,1,,,,,,,,,,,,,,,,,,,,,,,,,,,,,,,,,,,,,,,,,,,,,,,,,,,,,,,,,,,,,,,,,,,,,,,,,,,,,,,,,,,,,,,,,,,,,,,,,,,,,,,,,,,,,,,,,,,,,,,,,,,,,,,,,,,
3677,Effect/Prefabs/JueSe/other1/shikongmen_X.prefab,,Cửa Truyền Tống,,,,1.9,0.5,30,0.1,,0.1,10,,0,,,30,0.1,30,0.1,,0.1,15,0.1,,9,0.2,,10,0.2,,10,0.2,,10,0.2,10,0.2,,0.15,30,0.1,,,0.08,,0.1,,0.1,,0.09,,0.15,,0.15,,0.15,,0.15,,,,0.15,,0.08,,,,,,,,,,,,,,,,,,,,,,,,,,,,,,,,,,,,,,,,,,,,,,,,,,,,,,,,,,,,,,,,,,,,,,,10,0.2,
3680,Player/critter/prefab/zc_lingtuzhan_chengmen06.prefab,,Lãnh Thổ Chiến-Cổng Huyện Trấn 1,,,,2.5,1,,,,,,,,,,,,,,,,,,,,,,,,,,,,,,,,,,,,,,,,,,,,,,,,,,,,,,,,,,,,,,,,,,,,,,,,,,,,,,,,,,,,,,,,,,,,,,,,,,,,,,,,,,,,,,,,,,,,,,,,,,,,,,,,,,,
3681,Player/critter/prefab/zc_lingtuzhan_chengmen07.prefab,,Lãnh Thổ Chiến-Cổng Huyện Trấn 2,,,,2.5,1,,,,,,,,,,,,,,,,,,,,,,,,,,,,,,,,,,,,,,,,,,,,,,,,,,,,,,,,,,,,,,,,,,,,,,,,,,,,,,,,,,,,,,,,,,,,,,,,,,,,,,,,,,,,,,,,,,,,,,,,,,,,,,,,,,,
3682,Player/critter/prefab/zc_lingtuzhan_chengmen08.prefab,,Lãnh Thổ Chiến-Cổng Huyện Trấn 3,,,,2.5,1,,,,,,,,,,,,,,,,,,,,,,,,,,,,,,,,,,,,,,,,,,,,,,,,,,,,,,,,,,,,,,,,,,,,,,,,,,,,,,,,,,,,,,,,,,,,,,,,,,,,,,,,,,,,,,,,,,,,,,,,,,,,,,,,,,,
3683,Effect/Prefabs/JueSe/other1/shikongmen_X1.prefab,,Cửa Truyền Tống,,,,1.9,0.5,30,0.1,,0.1,10,,0,,,30,0.1,30,0.1,,0.1,15,0.1,,9,0.2,,10,0.2,,10,0.2,,10,0.2,10,0.2,,0.15,30,0.1,,,0.08,,0.1,,0.1,,0.09,,0.15,,0.15,,0.15,,0.15,,,,0.15,,0.08,,,,,,,,,,,,,,,,,,,,,,,,,,,,,,,,,,,,,,,,,,,,,,,,,,,,,,,,,,,,,,,,,,,,,,,10,0.2,
3689,Player/critter/prefab/hd_lihe01.prefab,,Hộp Quà Mừng Lễ 1,,,,1.75,0.5,,,6,,,,,,,,,,,,,15,0.1,,,,,10,0.2,,10,0.2,,10,0.2,,,,,8,0.1,,,,,,,,,,,,,,,,,,,,,,,,,,,,,,,,,,,,,,,,,,,,,,,,,,,,,,,,,,,,,,,,,,,,,,,,,,,,,,,,,,,,,,,,,,,,,,10,0.2,
3690,Player/critter/prefab/hd_lihe02.prefab,,Hộp Quà Mừng Lễ 2,,,,1.75,0.5,,,6,,,,,,,,,,,,,15,0.1,,,,,10,0.2,,10,0.2,,10,0.2,,,,,8,0.1,,,,,,,,,,,,,,,,,,,,,,,,,,,,,,,,,,,,,,,,,,,,,,,,,,,,,,,,,,,,,,,,,,,,,,,,,,,,,,,,,,,,,,,,,,,,,,10,0.2,
3691,Player/critter/prefab/hd_lihe03.prefab,,Hộp Quà Mừng Lễ 3,,,,1.75,0.5,,,6,,,,,,,,,,,,,15,0.1,,,,,10,0.2,,10,0.2,,10,0.2,,,,,8,0.1,,,,,,,,,,,,,,,,,,,,,,,,,,,,,,,,,,,,,,,,,,,,,,,,,,,,,,,,,,,,,,,,,,,,,,,,,,,,,,,,,,,,,,,,,,,,,,10,0.2,
3692,Player/critter/prefab/hd_lihe04.prefab,,Hộp Quà Mừng Lễ 4,,,,1.75,0.5,,,6,,,,,,,,,,,,,15,0.1,,,,,10,0.2,,10,0.2,,10,0.2,,,,,8,0.1,,,,,,,,,,,,,,,,,,,,,,,,,,,,,,,,,,,,,,,,,,,,,,,,,,,,,,,,,,,,,,,,,,,,,,,,,,,,,,,,,,,,,,,,,,,,,,10,0.2,
3693,Player/critter/prefab/hd_lihe05.prefab,,Hộp Quà Mừng Lễ 5,,,,1.75,0.5,,,6,,,,,,,,,,,,,15,0.1,,,,,10,0.2,,10,0.2,,10,0.2,,,,,8,0.1,,,,,,,,,,,,,,,,,,,,,,,,,,,,,,,,,,,,,,,,,,,,,,,,,,,,,,,,,,,,,,,,,,,,,,,,,,,,,,,,,,,,,,,,,,,,,,10,0.2,
3694,Player/critter/prefab/hd_lihe06.prefab,,Hộp Quà Mừng Lễ 6,,,,1.75,0.5,,,6,,,,,,,,,,,,,15,0.1,,,,,10,0.2,,10,0.2,,10,0.2,,,,,8,0.1,,,,,,,,,,,,,,,,,,,,,,,,,,,,,,,,,,,,,,,,,,,,,,,,,,,,,,,,,,,,,,,,,,,,,,,,,,,,,,,,,,,,,,,,,,,,,,10,0.2,
3695,Player/critter/prefab/hd_jiutan01.prefab,,Trà Mừng Lễ 1,,,,1.75,0.5,,,6,,,,,,,,,,,,,15,0.1,,,,,10,0.2,,10,0.2,,10,0.2,,,,,8,0.1,,,,,,,,,,,,,,,,,,,,,,,,,,,,,,,,,,,,,,,,,,,,,,,,,,,,,,,,,,,,,,,,,,,,,,,,,,,,,,,,,,,,,,,,,,,,,,10,0.2,
3696,Player/critter/prefab/hd_jiutan02.prefab,,Trà Mừng Lễ 2,,,,1.75,0.5,,,6,,,,,,,,,,,,,15,0.1,,,,,10,0.2,,10,0.2,,10,0.2,,,,,8,0.1,,,,,,,,,,,,,,,,,,,,,,,,,,,,,,,,,,,,,,,,,,,,,,,,,,,,,,,,,,,,,,,,,,,,,,,,,,,,,,,,,,,,,,,,,,,,,,10,0.2,
3697,Player/critter/prefab/hd_jiutan03.prefab,,Trà Mừng Lễ 3,,,,1.75,0.5,,,6,,,,,,,,,,,,,15,0.1,,,,,10,0.2,,10,0.2,,10,0.2,,,,,8,0.1,,,,,,,,,,,,,,,,,,,,,,,,,,,,,,,,,,,,,,,,,,,,,,,,,,,,,,,,,,,,,,,,,,,,,,,,,,,,,,,,,,,,,,,,,,,,,,10,0.2,
3698,Player/critter/prefab/hd_jiutan04.prefab,,Trà Mừng Lễ 4,,,,1.75,0.5,,,6,,,,,,,,,,,,,15,0.1,,,,,10,0.2,,10,0.2,,10,0.2,,,,,8,0.1,,,,,,,,,,,,,,,,,,,,,,,,,,,,,,,,,,,,,,,,,,,,,,,,,,,,,,,,,,,,,,,,,,,,,,,,,,,,,,,,,,,,,,,,,,,,,,10,0.2,
3699,Player/critter/prefab/hd_jiutan05.prefab,,Trà Mừng Lễ 5,,,,1.75,0.5,,,6,,,,,,,,,,,,,15,0.1,,,,,10,0.2,,10,0.2,,10,0.2,,,,,8,0.1,,,,,,,,,,,,,,,,,,,,,,,,,,,,,,,,,,,,,,,,,,,,,,,,,,,,,,,,,,,,,,,,,,,,,,,,,,,,,,,,,,,,,,,,,,,,,,10,0.2,
3700,Player/critter/prefab/hd_huazhu.prefab,,Hoa Đăng Chào Mừng,,,,1.75,0.5,,,6,,,,,,,,,,,,,15,0.1,,,,,10,0.2,,10,0.2,,10,0.2,,,,,8,0.1,,,,,,,,,,,,,,,,,,,,,,,,,,,,,,,,,,,,,,,,,,,,,,,,,,,,,,,,,,,,,,,,,,,,,,,,,,,,,,,,,,,,,,,,,,,,,,10,0.2,
3705,Player/critter/prefab/hd_jiutan01_1.prefab,,Trà Bị Chôn,,,,1.75,0.5,,,6,,,,,,,,,,,,,15,0.1,,,,,10,0.2,,10,0.2,,10,0.2,,,,,8,0.1,,,,,,,,,,,,,,,,,,,,,,,,,,,,,,,,,,,,,,,,,,,,,,,,,,,,,,,,,,,,,,,,,,,,,,,,,,,,,,,,,,,,,,,,,,,,,,10,0.2,
3749,Player/critter/prefab/lingzhi.prefab,,Linh Chi,,,,1.75,0.5,,,6,,,,,,,,,,,,,15,0.1,,,,,10,0.2,,10,0.2,,10,0.2,,,,,8,0.1,,,,,,,,,,,,,,,,,,,,,,,,,,,,,,,,,,,,,,,,,,,,,,,,,,,,,,,,,,,,,,,,,,,,,,,,,,,,,,,,,,,,,,,,,,,,,,10,0.2,
3750,Player/critter/prefab/renshen.prefab,,Nhân Sâm,,,,1.75,0.5,,,6,,,,,,,,,,,,,15,0.1,,,,,10,0.2,,10,0.2,,10,0.2,,,,,8,0.1,,,,,,,,,,,,,,,,,,,,,,,,,,,,,,,,,,,,,,,,,,,,,,,,,,,,,,,,,,,,,,,,,,,,,,,,,,,,,,,,,,,,,,,,,,,,,,10,0.2,
3751,Player/critter/prefab/xuelianhua.prefab,,Tuyết Liên Hoa,,,,1.75,0.5,,,6,,,,,,,,,,,,,15,0.1,,,,,10,0.2,,10,0.2,,10,0.2,,,,,8,0.1,,,,,,,,,,,,,,,,,,,,,,,,,,,,,,,,,,,,,,,,,,,,,,,,,,,,,,,,,,,,,,,,,,,,,,,,,,,,,,,,,,,,,,,,,,,,,,10,0.2,
3752,Player/critter/prefab/mutong02.prefab,,Thủy,,,,1.75,0.5,,,6,,,,,,,,,,,,,15,0.1,,,,,10,0.2,,10,0.2,,10,0.2,,,,,8,0.1,,,,,,,,,,,,,,,,,,,,,,,,,,,,,,,,,,,,,,,,,,,,,,,,,,,,,,,,,,,,,,,,,,,,,,,,,,,,,,,,,,,,,,,,,,,,,,10,0.2,
3753,Player/critter/prefab/baicai.prefab,,Rau,,,,1.75,0.5,,,6,,,,,,,,,,,,,15,0.1,,,,,10,0.2,,10,0.2,,10,0.2,,,,,8,0.1,,,,,,,,,,,,,,,,,,,,,,,,,,,,,,,,,,,,,,,,,,,,,,,,,,,,,,,,,,,,,,,,,,,,,,,,,,,,,,,,,,,,,,,,,,,,,,10,0.2,
3754,Player/critter/prefab/jidan.prefab,,Trứng Gà,,,,1.75,0.5,,,6,,,,,,,,,,,,,15,0.1,,,,,10,0.2,,10,0.2,,10,0.2,,,,,8,0.1,,,,,,,,,,,,,,,,,,,,,,,,,,,,,,,,,,,,,,,,,,,,,,,,,,,,,,,,,,,,,,,,,,,,,,,,,,,,,,,,,,,,,,,,,,,,,,10,0.2,
3755,Player/critter/prefab/xianggu.prefab,,Nấm Hương,,,,1.75,0.5,,,6,,,,,,,,,,,,,15,0.1,,,,,10,0.2,,10,0.2,,10,0.2,,,,,8,0.1,,,,,,,,,,,,,,,,,,,,,,,,,,,,,,,,,,,,,,,,,,,,,,,,,,,,,,,,,,,,,,,,,,,,,,,,,,,,,,,,,,,,,,,,,,,,,,10,0.2,
3756,Player/critter/prefab/lajiao.prefab,,Ớt,,,,1.75,0.5,,,6,,,,,,,,,,,,,15,0.1,,,,,10,0.2,,10,0.2,,10,0.2,,,,,8,0.1,,,,,,,,,,,,,,,,,,,,,,,,,,,,,,,,,,,,,,,,,,,,,,,,,,,,,,,,,,,,,,,,,,,,,,,,,,,,,,,,,,,,,,,,,,,,,,10,0.2,
3757,Player/critter/prefab/yiner.prefab,,Ngân Nhĩ,,,,1.75,0.5,,,6,,,,,,,,,,,,,15,0.1,,,,,10,0.2,,10,0.2,,10,0.2,,,,,8,0.1,,,,,,,,,,,,,,,,,,,,,,,,,,,,,,,,,,,,,,,,,,,,,,,,,,,,,,,,,,,,,,,,,,,,,,,,,,,,,,,,,,,,,,,,,,,,,,10,0.2,
3758,Player/critter/prefab/yulou.prefab,,Giỏ Cá,,,,1.75,0.5,,,6,,,,,,,,,,,,,15,0.1,,,,,10,0.2,,10,0.2,,10,0.2,,,,,8,0.1,,,,,,,,,,,,,,,,,,,,,,,,,,,,,,,,,,,,,,,,,,,,,,,,,,,,,,,,,,,,,,,,,,,,,,,,,,,,,,,,,,,,,,,,,,,,,,10,0.2,
3759,Player/Npcs/Prefabs/npc_138.prefab,202,Lý Tư,,,,1.75,0.5,20,0.1,6,0.1,20,,0,,,30,0.1,16,0.1,,0.1,16,0.1,,12,0.2,,30,0.1,,30,0.1,,30,0.1,20,0.1,,0.15,15,0.1,,15,0.08,,0.1,,0.1,30,0.09,,0.15,,0.15,,0.15,,0.15,,,,0.15,18,0.08,,,,,,,,,,,,,,,,,,,,,,,,,,,,,,,,,,,,,,,,,,,,,,,,,,,,,,,,,,,,,,,,,,,,,,,30,0.1,
3760,Player/Npcs/Prefabs/boss001.prefab,61,Tâm Ma,,,,3.6,0.5,5,0.1,6,0.1,15,,0,,,5,0.1,5,0.1,,0.1,15,0.1,,12,0.2,,30,0.2,,30,0.2,,30,0.2,20,0.2,24,0.15,15,0.1,,15,0.08,,0.1,,0.1,,0.09,,0.15,,0.15,,0.15,,0.15,,,,0.15,,0.08,,,,,,,,,,,,,,,,,,,,,,,,,,,,,,,,,,,,,,,,,,,,,,,,,,,,,,,,,,,,,,,,,,,,,,,30,0.2,
3761,Player/Npcs/Prefabs/npc_021.prefab,61,,,,,4.5,0.5,16,0.1,6,0.1,14,,0,,,12,0.5,12,0.5,,0.1,15,0.1,,10,0.2,,30,0.2,,30,0.2,,30,0.2,20,0.2,22,0.15,13,0.1,,20,0.08,,0.1,,0.1,,0.09,,0.15,,0.15,,0.15,,0.15,,,,0.15,,0.08,,,88,0.08,,,,,,,,,,,,,,,,,,,,,,,,,,,,,,,,,,,,,,,,,,,,,,,,,,,,,,,,,,,,,,,,,,,30,0.2,
3762,Player/Npcs/Prefabs/npc_267.prefab,61,Đạt Ma,,,,3.6,0.5,16,0.1,6,0.1,20,,0,,,30,0.5,16,0.5,,0.1,16,0.1,,12,0.2,,30,0.2,,30,0.2,,30,0.2,20,0.2,,0.4,15,0.1,,15,0.08,,0.1,,0.1,,0.09,,0.15,,0.15,,0.15,,0.15,,,,0.15,,0.08,,,,,,,,,,,,,,,,,,,,,,,,,,,,,,,,,,,,,,,,,,,,,,,,,,,,,,,,,,,,,,,,,,,,,,,30,0.2,
3763,Player/Npcs/Prefabs/npc_055.prefab,64,Thiên Cổ Độc Thi,,,,4.5,0.5,16,0.1,6,0.1,20,,0,,,30,0.1,18,0.5,,0.1,15,0.1,,12,0.2,,30,0.2,,30,0.2,,30,0.2,20,0.2,13,0.4,15,0.1,,15,0.08,,0.1,,0.1,,0.09,,0.15,,0.15,,0.15,,0.15,,,,0.15,,0.08,,,,,,,,,,,,,,,,,,,,,,,,,,,,,,,,,,,,,,,,,,,,,,,,,,,,,,,,,,,,,,,,,,,,,,,30,0.2,
3764,Player/Npcs/Prefabs/npc_054.prefab,61,Cơ Quan Nhân,,,,3.15,0.5,16,0.1,6,0.1,16,,0,,,30,0.1,14,0.5,,0.1,15,0.1,,12,0.2,,30,0.2,,30,0.2,,30,0.2,20,0.2,24,0.15,14,0.1,,17,0.08,,0.1,,0.1,,0.09,,0.15,,0.15,,0.15,,0.15,,,,0.15,,0.08,,,,,,,,,,,,,,,,,,,,,,,,,,,,,,,,,,,,,,,,,,,,,,,,,,,,,,,,,,,,,,,,,,,,,,,30,0.2,
3765,Player/Npcs/Prefabs/npc_071.prefab,61,,,,,3.15,0.5,16,0.1,6,0.1,20,,0,,,30,0.1,18,0.5,,0.1,15,0.1,,12,0.2,,30,0.2,,30,0.2,,30,0.2,20,0.2,,0.15,15,0.1,,15,0.08,,0.1,,0.1,15,0.09,,0.15,,0.15,,0.15,,0.15,,,,0.15,,0.08,,,,,,,,,,,,,,,,,,,,,,,,,,,,,,,,,,,,,,,,,,,,,,,,,,,,,,,,,,,,,,,,,,,,,,,30,0.2,
3766,Player/Npcs/Prefabs/npc_118_b.prefab,64,Vô Tướng,,,,3,0.5,15,0.1,6,0.1,20,,0,,,15,0.5,15,0.5,,0.1,16,0.1,,12,0.2,,30,0.2,,30,0.2,,30,0.2,20,0.2,26,0.15,15,0.1,,14,0.08,,0.1,,0.1,15,0.09,,0.15,,0.15,,0.15,,0.15,,,,0.15,,0.08,,,,,,,,,,,,,,,,,,,,,,,,,,,,,,,,,,,,,,,,,,,,,,,,,,,,,,,,,,,,,,,,,,,,,,,30,0.2,
3767,Player/Npcs/Prefabs/npc_296.prefab,,Lâm Dũ Cựu,,,,2.5,0.5,20,0.1,6,0.1,20,,0,,,20,0.1,20,0.1,,0.1,15,0.1,,12,0.2,,30,0.1,,30,0.1,,30,0.1,20,0.1,22,0.15,49,0.1,,37,0.08,41,0.1,,0.1,37,0.09,55,0.15,56,0.15,,0.15,,0.15,,,,0.15,18,0.08,,,,,,,,,,,,,,,,,,,,,,,,,27,0.15,38,0.15,83,0.15,,,,,,,,,,,,,,,,,,,,,,,,,,,,,,,,,,,,,,,,,30,0.1,
3768,Player/Npcs/Prefabs/npc_297.prefab,,Tiểu Nhu,,,,2.5,0.5,20,0.1,6,0.1,20,,0,,,20,0.1,20,0.1,,0.1,15,0.1,,12,0.2,,30,0.1,,30,0.1,,30,0.1,20,0.1,22,0.15,40,0.1,,65,0.08,53,0.1,,0.1,54,0.09,65,0.15,71,0.15,,0.15,,0.15,,,,0.15,18,0.08,,,,,,,,,,,,,,,,,,,,,,,,,46,0.15,45,0.15,54,0.15,,,,,,,,,,,,,,,,,,,,,,,,,,,,,,,,,,,,,,,,,30,0.1,
3801,Effect/Prefabs/ChangJing/xinshouguan2020/xinshouguan2020_QG_effect_CH_QG.prefab,,Bản Đồ Khinh Công Ải Tân Thủ,,,,0,0.5,,,6,,,,,,,,,,,,,15,0.1,,,,,10,0.2,,10,0.2,,10,0.2,,,,,8,0.1,,,,,,,,,,,,,,,,,,,,,,,,,,,,,,,,,,,,,,,,,,,,,,,,,,,,,,,,,,,,,,,,,,,,,,,,,,,,,,,,,,,,,,,,,,,,,,10,0.2,
3802,Effect/Prefabs/ChangJing/xinshouguan2020/xinshouguan2020_JZ_effect_CH.prefab,,Bản Đồ Quyết Chiến Tân Thủ,,,,0,0.5,,,6,,,,,,,,,,,,,15,0.1,,,,,10,0.2,,10,0.2,,10,0.2,,,,,8,0.1,,,,,,,,,,,,,,,,,,,,,,,,,,,,,,,,,,,,,,,,,,,,,,,,,,,,,,,,,,,,,,,,,,,,,,,,,,,,,,,,,,,,,,,,,,,,,,10,0.2,
3803,Player/Npcs/Prefabs/npc_075_a.prefab,,Độc Cô Kiếm-Thiếu Niên,,,,1.75,0.5,16,0.1,6,0.1,20,,0,,,18,0.5,18,0.5,,0.1,15,0.1,,12,0.2,,30,0.2,,30,0.2,,30,0.2,20,0.2,24,0.15,15,0.1,,15,0.08,,0.1,,0.1,12,0.09,,0.15,,0.15,,0.15,,0.15,,,,0.15,,0.08,,,,,,,,,,,,,,,,,,,,,,,,,20,0.05,20,0.05,44,0.05,,,,,,,,,,,,,,,,,,,,,,,,,,,,,,,,,,,,,,,,,30,0.2,
3885,Scenes/Meshes/cj_linan01/prefab/jiazhuhuopeng01_1.prefab,,Lửa Trại Giữa Thành,,,,1.75,0.5,,,6,,,,,,,,,,,,,15,0.1,,,,,10,0.2,,10,0.2,,10,0.2,,,,,8,0.1,,,,,,,,,,,,,,,,,,,,,,,,,,,,,,,,,,,,,,,,,,,,,,,,,,,,,,,,,,,,,,,,,,,,,,,,,,,,,,,,,,,,,,,,,,,,,,10,0.2,
3888,Scenes/Meshes/cj_luoyang01/prefab/cj_luoyang_yanhuahuopen.prefab,,Lửa Trại Giữa Thành,,,,1.75,0.5,,,6,,,,,,,,,,,,,15,0.1,,,,,10,0.2,,10,0.2,,10,0.2,,,,,8,0.1,,,,,,,,,,,,,,,,,,,,,,,,,,,,,,,,,,,,,,,,,,,,,,,,,,,,,,,,,,,,,,,,,,,,,,,,,,,,,,,,,,,,,,,,,,,,,,10,0.2,
3901,Player/critter/prefab/jz_qincai01_qx.prefab,,Cần Tây,,,,1.75,0.5,,,6,,,,,,,,,,,,,15,0.1,,,,,10,0.2,,10,0.2,,10,0.2,,,,,8,0.1,,,,,,,,,,,,,,,,,,,,,,,,,,,,,,,,,,,,,,,,,,,,,,,,,,,,,,,,,,,,,,,,,,,,,,,,,,,,,,,,,,,,,,,,,,,,,,10,0.2,
3902,Player/critter/prefab/jz_xianggu01_qx.prefab,,Nấm,,,,1.75,0.5,,,6,,,,,,,,,,,,,15,0.1,,,,,10,0.2,,10,0.2,,10,0.2,,,,,8,0.1,,,,,,,,,,,,,,,,,,,,,,,,,,,,,,,,,,,,,,,,,,,,,,,,,,,,,,,,,,,,,,,,,,,,,,,,,,,,,,,,,,,,,,,,,,,,,,10,0.2,
3903,Player/critter/prefab/jz_baicai01_qx.prefab,,Cải Trắng,,,,1.75,0.5,,,6,,,,,,,,,,,,,15,0.1,,,,,10,0.2,,10,0.2,,10,0.2,,,,,8,0.1,,,,,,,,,,,,,,,,,,,,,,,,,,,,,,,,,,,,,,,,,,,,,,,,,,,,,,,,,,,,,,,,,,,,,,,,,,,,,,,,,,,,,,,,,,,,,,10,0.2,
3904,Player/critter/prefab/jz_dongsun01_qx.prefab ,,Măng,,,,1.75,0.5,,,6,,,,,,,,,,,,,15,0.1,,,,,10,0.2,,10,0.2,,10,0.2,,,,,8,0.1,,,,,,,,,,,,,,,,,,,,,,,,,,,,,,,,,,,,,,,,,,,,,,,,,,,,,,,,,,,,,,,,,,,,,,,,,,,,,,,,,,,,,,,,,,,,,,10,0.2,
3905,Player/critter/prefab/jz_jidan01_qx.prefab,,Trứng Gà,,,,1.75,0.5,,,6,,,,,,,,,,,,,15,0.1,,,,,10,0.2,,10,0.2,,10,0.2,,,,,8,0.1,,,,,,,,,,,,,,,,,,,,,,,,,,,,,,,,,,,,,,,,,,,,,,,,,,,,,,,,,,,,,,,,,,,,,,,,,,,,,,,,,,,,,,,,,,,,,,10,0.2,
3906,Player/critter/prefab/jz_yu01_qx.prefab,,Cá,,,,1.75,0.5,,,6,,,,,,,,,,,,,15,0.1,,,,,10,0.2,,10,0.2,,10,0.2,,,,,8,0.1,,,,,,,,,,,,,,,,,,,,,,,,,,,,,,,,,,,,,,,,,,,,,,,,,,,,,,,,,,,,,,,,,,,,,,,,,,,,,,,,,,,,,,,,,,,,,,10,0.2,
3907,Player/critter/prefab/jz_niurou01_qx.prefab,,Thịt,,,,1.75,0.5,,,6,,,,,,,,,,,,,15,0.1,,,,,10,0.2,,10,0.2,,10,0.2,,,,,8,0.1,,,,,,,,,,,,,,,,,,,,,,,,,,,,,,,,,,,,,,,,,,,,,,,,,,,,,,,,,,,,,,,,,,,,,,,,,,,,,,,,,,,,,,,,,,,,,,10,0.2,
3908,Player/critter/prefab/jz_zhaotai01.prefab,,Kệ Bếp,,,,1.75,0.5,,,6,,,,,,,,,,,,,15,0.1,,,,,10,0.2,,10,0.2,,10,0.2,,,,,8,0.1,,,,,,,,,,,,,,,,,,,,,,,,,,,,,,,,,,,,,,,,,,,,,,,,,,,,,,,,,,,,,,,,,,,,,,,,,,,,,,,,,,,,,,,,,,,,,,10,0.2,
3909,Player/critter/prefab/jz_tiaozhuo01.prefab,,Bàn Dài,,,,1.75,0.5,,,6,,,,,,,,,,,,,15,0.1,,,,,10,0.2,,10,0.2,,10,0.2,,,,,8,0.1,,,,,,,,,,,,,,,,,,,,,,,,,,,,,,,,,,,,,,,,,,,,,,,,,,,,,,,,,,,,,,,,,,,,,,,,,,,,,,,,,,,,,,,,,,,,,,10,0.2,
3910,Player/critter/prefab/mubei01.prefab,,Mộ Bia,,,,1.75,0.5,,,6,,,,,,,,,,,,,15,0.1,,,,,10,0.2,,10,0.2,,10,0.2,,,,,8,0.1,,,,,,,,,,,,,,,,,,,,,,,,,,,,,,,,,,,,,,,,,,,,,,,,,,,,,,,,,,,,,,,,,,,,,,,,,,,,,,,,,,,,,,,,,,,,,,10,0.2,
3911,Player/critter/prefab/jz_niurou01.prefab,,Thịt Bò,,,,0.25,0.5,,,6,,,,,,,,,,,,,15,0.1,,,,,10,0.2,,10,0.2,,10,0.2,,,,,8,0.1,,,,,,,,,,,,,,,,,,,,,,,,,,,,,,,,,,,,,,,,,,,,,,,,,,,,,,,,,,,,,,,,,,,,,,,,,,,,,,,,,,,,,,,,,,,,,,10,0.2,
3912,Player/critter/prefab/jz_jidan01.prefab,,Trứng Gà,,,,0.25,0.5,,,6,,,,,,,,,,,,,15,0.1,,,,,10,0.2,,10,0.2,,10,0.2,,,,,8,0.1,,,,,,,,,,,,,,,,,,,,,,,,,,,,,,,,,,,,,,,,,,,,,,,,,,,,,,,,,,,,,,,,,,,,,,,,,,,,,,,,,,,,,,,,,,,,,,10,0.2,
3913,Player/critter/prefab/xuemudan01.prefab,,Hoa Hồng,,,,1,0.5,,,6,,,,,,,,,,,,,15,0.1,,,,,10,0.2,,10,0.2,,10,0.2,,,,,8,0.1,,,,,,,,,,,,,,,,,,,,,,,,,,,,,,,,,,,,,,,,,,,,,,,,,,,,,,,,,,,,,,,,,,,,,,,,,,,,,,,,,,,,,,,,,,,,,,10,0.2,
3914,Player/critter/prefab/zq_guihua01.prefab,,Quế Hoa,,,,0.25,0.5,,,6,,,,,,,,,,,,,15,0.1,,,,,10,0.2,,10,0.2,,10,0.2,,,,,8,0.1,,,,,,,,,,,,,,,,,,,,,,,,,,,,,,,,,,,,,,,,,,,,,,,,,,,,,,,,,,,,,,,,,,,,,,,,,,,,,,,,,,,,,,,,,,,,,,10,0.2,
3915,Player/critter/prefab/zq_bingtang01.prefab,,Kẹo,,,,0.25,0.5,,,6,,,,,,,,,,,,,15,0.1,,,,,10,0.2,,10,0.2,,10,0.2,,,,,8,0.1,,,,,,,,,,,,,,,,,,,,,,,,,,,,,,,,,,,,,,,,,,,,,,,,,,,,,,,,,,,,,,,,,,,,,,,,,,,,,,,,,,,,,,,,,,,,,,10,0.2,
3916,Player/critter/prefab/zq_hongzao01.prefab,,Dây Lạt,,,,0.25,0.5,,,6,,,,,,,,,,,,,15,0.1,,,,,10,0.2,,10,0.2,,10,0.2,,,,,8,0.1,,,,,,,,,,,,,,,,,,,,,,,,,,,,,,,,,,,,,,,,,,,,,,,,,,,,,,,,,,,,,,,,,,,,,,,,,,,,,,,,,,,,,,,,,,,,,,10,0.2,
3917,Player/critter/prefab/zq_yuebing05.prefab,,Bánh Trung Thu,,,,0.25,0.5,,,6,,,,,,,,,,,,,15,0.1,,,,,10,0.2,,10,0.2,,10,0.2,,,,,8,0.1,,,,,,,,,,,,,,,,,,,,,,,,,,,,,,,,,,,,,,,,,,,,,,,,,,,,,,,,,,,,,,,,,,,,,,,,,,,,,,,,,,,,,,,,,,,,,,10,0.2,
3918,Player/Npcs/Prefabs/npc_012.prefab,215,Nhện,,,,1.75,0.5,16,0.1,6,0.1,38,,0,,,18,0.5,18,0.5,,0.1,15,0.1,,4,0.2,,30,0.2,,30,0.2,,30,0.2,30,0.2,,0.15,17,0.1,,,0.08,,0.1,,0.1,,0.09,,0.15,,0.15,,0.15,,0.15,,,,0.15,,0.08,,,,,,,,,,,,,,,,,,,,,,,,,,,,,,,,,,,,,,,,,,,,,,,,,,,,,,,,,,,,,,,,,,,,,,,30,0.2,
3919,Player/critter/prefab/zq_yuebingdiaoluo01.prefab,,Hộp Bánh Trung Thu,,,,1.75,0.5,,,6,,,,,,,,,,,,,15,0.1,,,,,10,0.2,,10,0.2,,10,0.2,,,,,8,0.1,,,,,,,,,,,,,,,,,,,,,,,,,,,,,,,,,,,,,,,,,,,,,,,,,,,,,,,,,,,,,,,,,,,,,,,,,,,,,,,,,,,,,,,,,,,,,,10,0.2,
3920,Player/critter/prefab/zq_yuebing01.prefab,,Bánh Nhân Thịt Nguội,,,,1.75,0.5,,,6,,,,,,,,,,,,,15,0.1,,,,,10,0.2,,10,0.2,,10,0.2,,,,,8,0.1,,,,,,,,,,,,,,,,,,,,,,,,,,,,,,,,,,,,,,,,,,,,,,,,,,,,,,,,,,,,,,,,,,,,,,,,,,,,,,,,,,,,,,,,,,,,,,10,0.2,
3921,Player/critter/prefab/zq_yuebing02.prefab,,Bánh Kim Sa Tan Chảy,,,,1.75,0.5,,,6,,,,,,,,,,,,,15,0.1,,,,,10,0.2,,10,0.2,,10,0.2,,,,,8,0.1,,,,,,,,,,,,,,,,,,,,,,,,,,,,,,,,,,,,,,,,,,,,,,,,,,,,,,,,,,,,,,,,,,,,,,,,,,,,,,,,,,,,,,,,,,,,,,10,0.2,
3922,Player/critter/prefab/zq_yuebing03.prefab,,Bánh Hạt Sen Trứng Muối,,,,1.75,0.5,,,6,,,,,,,,,,,,,15,0.1,,,,,10,0.2,,10,0.2,,10,0.2,,,,,8,0.1,,,,,,,,,,,,,,,,,,,,,,,,,,,,,,,,,,,,,,,,,,,,,,,,,,,,,,,,,,,,,,,,,,,,,,,,,,,,,,,,,,,,,,,,,,,,,,10,0.2,
3923,Player/critter/prefab/zq_yuebing04.prefab,,Bánh Dẻo Sầu Riêng,,,,1.75,0.5,,,6,,,,,,,,,,,,,15,0.1,,,,,10,0.2,,10,0.2,,10,0.2,,,,,8,0.1,,,,,,,,,,,,,,,,,,,,,,,,,,,,,,,,,,,,,,,,,,,,,,,,,,,,,,,,,,,,,,,,,,,,,,,,,,,,,,,,,,,,,,,,,,,,,,10,0.2,
3924,Effect/Prefabs/HuoDong/Effect_ZQ_TJDM_01.prefab ,,Đất Nước Đường,,,,1.75,0.5,,,6,,,,,,,,,,,,,,,,,,,,,,,,,,,,,,,,,,,,,,,,,,,,,,,,,,,,,,,,,,,,,,,,,,,,,,,,,,,,,,,,,,,,,,,,,,,,,,,,,,,,,,,,,,,,,,,,,,,,,,,,,,,,,,,,
3925,Player/Npcs/Prefabs/npc_012.prefab,61,Nhện,,,,1.75,0.5,16,0.1,6,0.1,20,,0,,,18,0.5,18,0.5,,0.1,15,0.1,,4,0.2,,30,0.2,,30,0.2,,30,0.2,30,0.2,,0.15,17,0.1,,,0.08,,0.1,,0.1,,0.09,,0.15,,0.15,,0.15,,0.15,,,,0.15,,0.08,,,,,,,,,,,,,,,,,,,,,,,,,,,,,,,,,,,,,,,,,,,,,,,,,,,,,,,,,,,,,,,,,,,,,,,30,0.2,
3926,Player/Npcs/Prefabs/npc_300.prefab,,,,,,1.75,0.5,16,0.1,6,0.1,38,,0,,,18,0.5,18,0.5,,0.1,15,0.1,,12,0.2,,30,0.2,,30,0.2,,30,0.2,30,0.2,,0.15,17,0.1,,,0.08,,0.1,,0.1,,0.09,,0.15,,0.15,,0.15,,0.15,,,,0.15,,0.08,,,,,,,,,,,,,,,,,,,,,,,,,,,,,,,,,,,,,,,,,,,,,,,,,,,,,,,,,,,,,,,,,,,,,,,30,0.2,
3927,Player/Npcs/Prefabs/npc_299.prefab,12934,Nón Tai Thỏ 1,,,,1.6,0.5,20,0.1,6,0.1,20,,0,,,30,0.1,16,0.1,,0.1,16,0.1,,12,0.2,,30,0.1,,30,0.1,,30,0.1,20,0.1,,0.15,5,0.1,,5,0.08,,0.1,,0.1,30,0.09,,0.15,,0.15,,0.15,,0.15,,,,0.15,18,0.08,,,,,,,,,,,,,,,,,,,,,,,,,,,,,,,,,,,,,,,,,,,,,,,,,,,,,,,,,,,,,,,,,,,,,,,30,0.1,
3928,Player/Npcs/Prefabs/npc_299.prefab,12935,Nón Tai Thỏ 2,,,,1.6,0.5,20,0.1,6,0.1,20,,0,,,30,0.1,16,0.1,,0.1,16,0.1,,12,0.2,,30,0.1,,30,0.1,,30,0.1,20,0.1,,0.15,5,0.1,,5,0.08,,0.1,,0.1,30,0.09,,0.15,,0.15,,0.15,,0.15,,,,0.15,18,0.08,,,,,,,,,,,,,,,,,,,,,,,,,,,,,,,,,,,,,,,,,,,,,,,,,,,,,,,,,,,,,,,,,,,,,,,30,0.1,
3929,Player/Npcs/Prefabs/npc_299.prefab,12936,Nón Tai Thỏ 3,,,,1.6,0.5,20,0.1,6,0.1,20,,0,,,30,0.1,16,0.1,,0.1,16,0.1,,12,0.2,,30,0.1,,30,0.1,,30,0.1,20,0.1,,0.15,5,0.1,,5,0.08,,0.1,,0.1,30,0.09,,0.15,,0.15,,0.15,,0.15,,,,0.15,18,0.08,,,,,,,,,,,,,,,,,,,,,,,,,,,,,,,,,,,,,,,,,,,,,,,,,,,,,,,,,,,,,,,,,,,,,,,30,0.1,
3930,Player/Npcs/Prefabs/npc_299.prefab,12937,Nón Tai Thỏ 4,,,,1.6,0.5,20,0.1,6,0.1,20,,0,,,30,0.1,16,0.1,,0.1,16,0.1,,12,0.2,,30,0.1,,30,0.1,,30,0.1,20,0.1,,0.15,5,0.1,,5,0.08,,0.1,,0.1,30,0.09,,0.15,,0.15,,0.15,,0.15,,,,0.15,18,0.08,,,,,,,,,,,,,,,,,,,,,,,,,,,,,,,,,,,,,,,,,,,,,,,,,,,,,,,,,,,,,,,,,,,,,,,30,0.1,
3931,Player/Npcs/Prefabs/npc_299.prefab,12938,Nón Tai Thỏ 5,,,,1.6,0.5,20,0.1,6,0.1,20,,0,,,30,0.1,16,0.1,,0.1,16,0.1,,12,0.2,,30,0.1,,30,0.1,,30,0.1,20,0.1,,0.15,5,0.1,,5,0.08,,0.1,,0.1,30,0.09,,0.15,,0.15,,0.15,,0.15,,,,0.15,18,0.08,,,,,,,,,,,,,,,,,,,,,,,,,,,,,,,,,,,,,,,,,,,,,,,,,,,,,,,,,,,,,,,,,,,,,,,30,0.1,
3932,Player/critter/prefab/jianweixiaoshipian01.prefab,,Thuốc Tiêu Hóa,,,,1.75,0.5,,,6,,,,,,,,,,,,,15,0.1,,,,,10,0.2,,10,0.2,,10,0.2,,,,,8,0.1,,,,,,,,,,,,,,,,,,,,,,,,,,,,,,,,,,,,,,,,,,,,,,,,,,,,,,,,,,,,,,,,,,,,,,,,,,,,,,,,,,,,,,,,,,,,,,10,0.2,
3933,Player/critter/prefab/jz_guihua01_qx.prefab,,Quế Hoa,,,,1.75,0.5,,,6,,,,,,,,,,,,,15,0.1,,,,,10,0.2,,10,0.2,,10,0.2,,,,,8,0.1,,,,,,,,,,,,,,,,,,,,,,,,,,,,,,,,,,,,,,,,,,,,,,,,,,,,,,,,,,,,,,,,,,,,,,,,,,,,,,,,,,,,,,,,,,,,,,10,0.2,
3934,Player/critter/prefab/jz_hongzao01_qx.prefab,,Dây Lạt,,,,1.75,0.5,,,6,,,,,,,,,,,,,15,0.1,,,,,10,0.2,,10,0.2,,10,0.2,,,,,8,0.1,,,,,,,,,,,,,,,,,,,,,,,,,,,,,,,,,,,,,,,,,,,,,,,,,,,,,,,,,,,,,,,,,,,,,,,,,,,,,,,,,,,,,,,,,,,,,,10,0.2,
3935,Player/critter/prefab/jz_bingtang01_qx.prefab,,Kẹo,,,,1.75,0.5,,,6,,,,,,,,,,,,,15,0.1,,,,,10,0.2,,10,0.2,,10,0.2,,,,,8,0.1,,,,,,,,,,,,,,,,,,,,,,,,,,,,,,,,,,,,,,,,,,,,,,,,,,,,,,,,,,,,,,,,,,,,,,,,,,,,,,,,,,,,,,,,,,,,,,10,0.2,
3936,Player/critter/prefab/jz_jiucai01_qx.prefab,,Rau Hẹ,,,,1.75,0.5,,,6,,,,,,,,,,,,,15,0.1,,,,,10,0.2,,10,0.2,,10,0.2,,,,,8,0.1,,,,,,,,,,,,,,,,,,,,,,,,,,,,,,,,,,,,,,,,,,,,,,,,,,,,,,,,,,,,,,,,,,,,,,,,,,,,,,,,,,,,,,,,,,,,,,10,0.2,
3937,Player/critter/prefab/jz_lajiao01_qx.prefab,,Ớt,,,,1.75,0.5,,,6,,,,,,,,,,,,,15,0.1,,,,,10,0.2,,10,0.2,,10,0.2,,,,,8,0.1,,,,,,,,,,,,,,,,,,,,,,,,,,,,,,,,,,,,,,,,,,,,,,,,,,,,,,,,,,,,,,,,,,,,,,,,,,,,,,,,,,,,,,,,,,,,,,10,0.2,
3938,Scenes/Meshes/zc_kuangchang/Prefabs/zc_kuangchang_chelun01_b.prefab,,Bánh Xe,,,,1.75,0.5,,,6,,,,,,,,,,,,,15,0.1,,,,,10,0.2,,10,0.2,,10,0.2,,,,,8,0.1,,,,,,,,,,,,,,,,,,,,,,,,,,,,,,,,,,,,,,,,,,,,,,,,,,,,,,,,,,,,,,,,,,,,,,,,,,,,,,,,,,,,,,,,,,,,,,10,0.2,
3939,Scenes/Meshes/zc_kuangchang/Prefabs/zc_kuangchang_chuizi01_b.prefab,,Thiết Chùy,,,,1.75,0.5,,,6,,,,,,,,,,,,,15,0.1,,,,,10,0.2,,10,0.2,,10,0.2,,,,,8,0.1,,,,,,,,,,,,,,,,,,,,,,,,,,,,,,,,,,,,,,,,,,,,,,,,,,,,,,,,,,,,,,,,,,,,,,,,,,,,,,,,,,,,,,,,,,,,,,10,0.2,
3940,Scenes/Meshes/zc_kuangchang/Prefabs/zc_kuangchang_tieban01_b.prefab,,Ván Bảo Vệ,,,,1.75,0.5,,,6,,,,,,,,,,,,,15,0.1,,,,,10,0.2,,10,0.2,,10,0.2,,,,,8,0.1,,,,,,,,,,,,,,,,,,,,,,,,,,,,,,,,,,,,,,,,,,,,,,,,,,,,,,,,,,,,,,,,,,,,,,,,,,,,,,,,,,,,,,,,,,,,,,10,0.2,
3941,Scenes/Meshes/judianzhan_01/prefab/judianzhan_ql01.prefab,203,Cứ Điểm Chiến-Thanh Long,,,,2.5,0.5,,,,,,,,,,,,,,,,,,,,,,,,,,,,,,,,,,,,,,,,,,,,,,,,,,,,,,,,,,,,,,,,,,,,,,,,,,,,,,,,,,,,,,,,,,,,,,,,,,,,,,,,,,,,,,,,,,,,,,,,,,,,,,,,,,,
3942,Scenes/Meshes/judianzhan_01/prefab/judianzhan_bh01.prefab,203,Cứ Điểm Chiến-Bạch Hổ,,,,2.5,0.5,,,,,,,,,,,,,,,,,,,,,,,,,,,,,,,,,,,,,,,,,,,,,,,,,,,,,,,,,,,,,,,,,,,,,,,,,,,,,,,,,,,,,,,,,,,,,,,,,,,,,,,,,,,,,,,,,,,,,,,,,,,,,,,,,,,
3943,Scenes/Meshes/judianzhan_01/prefab/judianzhan_zq01.prefab,203,Cứ Điểm Chiến-Chu Tước,,,,2.5,0.5,,,,,,,,,,,,,,,,,,,,,,,,,,,,,,,,,,,,,,,,,,,,,,,,,,,,,,,,,,,,,,,,,,,,,,,,,,,,,,,,,,,,,,,,,,,,,,,,,,,,,,,,,,,,,,,,,,,,,,,,,,,,,,,,,,,
3944,Scenes/Meshes/judianzhan_01/prefab/judianzhan_xw01.prefab,203,Cứ Điểm Chiến-Huyền Vũ,,,,2.5,0.5,,,,,,,,,,,,,,,,,,,,,,,,,,,,,,,,,,,,,,,,,,,,,,,,,,,,,,,,,,,,,,,,,,,,,,,,,,,,,,,,,,,,,,,,,,,,,,,,,,,,,,,,,,,,,,,,,,,,,,,,,,,,,,,,,,,
3945,Scenes/Meshes/judianzhan_01/prefab/judianzhan_ta01.prefab,202,Cứ Điểm Chiến-Tháp,,,,2.5,0.5,,,,,,4912,,,,,,,,,,,,,,,,,,,,,,,,,,,,,,,,,,,,,,,,,,,,,,,,,,,,,,,,,,,,,,,,,,,,,,,,,,,,,,,,,,,,,,,,,,,,,,,,,,,,,,,,,,,,,,,,,,,,,,,,,,,,,
3946,Player/Npcs/Prefabs/npc_308.prefab,,Xe Sắt Lớn,,,,1.75,1,16,0.1,6,0.1,15,,0,,,,0.5,,0.5,,0.1,,0.1,,10,0.2,,30,0.2,,20,0.2,,20,0.2,20,0.2,,0.4,13,0.1,,,0.08,,0.1,,0.1,,0.09,,0.15,,0.15,,0.15,,0.15,,,,0.15,,0.08,,,,,,,,,,,,,,,,,,,,,,,,,,,,,,,,,,,,,,,,,,,,,,,,,,,,,,,,,,,,,,,,,,,,,,,20,0.2,
3947,Player/Npcs/Prefabs/npc_307.prefab,,Xe Sắt Nhỏ,,,,1.75,1,16,0.1,6,0.1,15,,0,,,,0.5,,0.5,,0.1,,0.1,,10,0.2,,30,0.2,,20,0.2,,20,0.2,20,0.2,,0.4,13,0.1,,,0.08,,0.1,,0.1,,0.09,,0.15,,0.15,,0.15,,0.15,,,,0.15,,0.08,,,,,,,,,,,,,,,,,,,,,,,,,,,,,,,,,,,,,,,,,,,,,,,,,,,,,,,,,,,,,,,,,,,,,,,20,0.2,
3948,Player/Npcs/Prefabs/npc_308a.prefab,,Xe Than Lớn,,,,1.75,1,16,0.1,6,0.1,15,,0,,,,0.5,,0.5,,0.1,,0.1,,10,0.2,,30,0.2,,20,0.2,,20,0.2,20,0.2,,0.4,13,0.1,,,0.08,,0.1,,0.1,,0.09,,0.15,,0.15,,0.15,,0.15,,,,0.15,,0.08,,,,,,,,,,,,,,,,,,,,,,,,,,,,,,,,,,,,,,,,,,,,,,,,,,,,,,,,,,,,,,,,,,,,,,,20,0.2,
3949,Player/Npcs/Prefabs/npc_307a.prefab,,Xe Than Nhỏ,,,,1.75,1,16,0.1,6,0.1,15,,0,,,,0.5,,0.5,,0.1,,0.1,,10,0.2,,30,0.2,,20,0.2,,20,0.2,20,0.2,,0.4,13,0.1,,,0.08,,0.1,,0.1,,0.09,,0.15,,0.15,,0.15,,0.15,,,,0.15,,0.08,,,,,,,,,,,,,,,,,,,,,,,,,,,,,,,,,,,,,,,,,,,,,,,,,,,,,,,,,,,,,,,,,,,,,,,20,0.2,
3950,Player/Npcs/Prefabs/npc_310.prefab,,Xe Sắt-Lớn,,,,1.75,1,16,0.1,6,0.1,15,,0,,,,0.5,,0.5,,0.1,,0.1,,10,0.2,,30,0.2,,20,0.2,,20,0.2,20,0.2,,0.4,13,0.1,,,0.08,,0.1,,0.1,,0.09,,0.15,,0.15,,0.15,,0.15,,,,0.15,,0.08,,,,,,,,,,,,,,,,,,,,,,,,,,,,,,,,,,,,,,,,,,,,,,,,,,,,,,,,,,,,,,,,,,,,,,,20,0.2,
3951,Player/Npcs/Prefabs/npc_309.prefab,,Xe Sắt-Nhỏ,,,,1.75,1,16,0.1,6,0.1,15,,0,,,,0.5,,0.5,,0.1,,0.1,,10,0.2,,30,0.2,,20,0.2,,20,0.2,20,0.2,,0.4,13,0.1,,,0.08,,0.1,,0.1,,0.09,,0.15,,0.15,,0.15,,0.15,,,,0.15,,0.08,,,,,,,,,,,,,,,,,,,,,,,,,,,,,,,,,,,,,,,,,,,,,,,,,,,,,,,,,,,,,,,,,,,,,,,20,0.2,
3952,Player/Npcs/Prefabs/npc_310a.prefab,,Xe Than Chở Người-Lớn,,,,1.75,1,16,0.1,6,0.1,15,,0,,,,0.5,,0.5,,0.1,,0.1,,10,0.2,,30,0.2,,20,0.2,,20,0.2,20,0.2,,0.4,13,0.1,,,0.08,,0.1,,0.1,,0.09,,0.15,,0.15,,0.15,,0.15,,,,0.15,,0.08,,,,,,,,,,,,,,,,,,,,,,,,,,,,,,,,,,,,,,,,,,,,,,,,,,,,,,,,,,,,,,,,,,,,,,,20,0.2,
3953,Player/Npcs/Prefabs/npc_309a.prefab,,Xe Than Chở Người-Nhỏ,,,,1.75,1,16,0.1,6,0.1,15,,0,,,,0.5,,0.5,,0.1,,0.1,,10,0.2,,30,0.2,,20,0.2,,20,0.2,20,0.2,,0.4,13,0.1,,,0.08,,0.1,,0.1,,0.09,,0.15,,0.15,,0.15,,0.15,,,,0.15,,0.08,,,,,,,,,,,,,,,,,,,,,,,,,,,,,,,,,,,,,,,,,,,,,,,,,,,,,,,,,,,,,,,,,,,,,,,20,0.2,
3954,Scenes/Meshes/judianzhan_01/prefab/judianzhan_ta01.prefab,205,Cứ Điểm Chiến-Tháp (Nhỏ),,,,2.5,0.5,,,,,,,,,,,,,,,,,,,,,,,,,,,,,,,,,,,,,,,,,,,,,,,,,,,,,,,,,,,,,,,,,,,,,,,,,,,,,,,,,,,,,,,,,,,,,,,,,,,,,,,,,,,,,,,,,,,,,,,,,,,,,,,,,,,
3955,Player/critter/prefab/WJ_gunshi.prefab,205,Hỏa Tật Lê,,,,1.7,0.5,16,0.1,6,0.1,20,,0,,,16,0.5,16,0.5,,0.1,15,0.1,,30,0.2,,20,0.2,,20,0.2,,20,0.2,20,0.2,13,0.4,15,0.1,,17,0.08,,0.1,,0.1,,0.09,,0.15,,0.15,,0.15,,0.15,,,,0.15,,0.08,,,,,,,,,,,,,,,,,,,,,,,,,,,,,,,,,,,,,,,,,,,,,,,,,,,,,,,,,,,,,,,,,,,,,,,20,0.2,
3956,Player/Npcs/Prefabs/npc_311.prefab,61,Quan Vũ-Bàng Đức,,,,3.6,0.5,16,0.1,6,0.1,20,,0,,,30,0.5,16,0.5,,0.1,16,0.1,,12,0.2,,30,0.2,,30,0.2,,30,0.2,20,0.2,,0.4,15,0.1,,15,0.08,,0.1,,0.1,,0.09,,0.15,,0.15,,0.15,,0.15,,,,0.15,,0.08,,,,,,,,,,,,,,,,,,,,,,,,,,,,,,,,,,,,,,,,,,,,,,,,,,,,,,,,,,,,,,,,,,,,,,,30,0.2,
3957,Player/Npcs/Prefabs/npc_304.prefab,61,Lữ Mông,,,,3.6,0.5,16,0.1,6,0.1,20,,0,,,30,0.5,16,0.5,,0.1,16,0.1,,12,0.2,,30,0.2,,30,0.2,,30,0.2,20,0.2,,0.4,15,0.1,,15,0.08,,0.1,,0.1,,0.09,,0.15,,0.15,,0.15,,0.15,,,,0.15,,0.08,,,,,,,,,,,,,,,,,,,,,,,,,,,,,,,,,,,,,,,,,,,,,,,,,,,,,,,,,,,,,,,,,,,,,,,30,0.2,
3958,Player/critter/prefab/zc_lingtuzhan_qizhi01_b.prefab,61,Con Cờ,,,,3.7,0.5,,,,,,,,,,,,,,,,,,,,,,20,0.2,,20,0.2,,20,0.2,,,,,,,,,,,,,,,,,,,,,,,,,,,,,,,,,,,,,,,,,,,,,,,,,,,,,,,,,,,,,,,,,,,,,,,,,,,,,,,,,,,,,,,,,,,,,,,,,,,,20,0.2,
3959,Player/Npcs/Prefabs/npc_126_b.prefab,61,Tiên Phong Quan,,,,3.6,0.5,16,0.1,6,0.1,19,,0,,,30,0.1,18,0.5,,0.1,15,0.1,,12,0.2,,30,0.2,,30,0.2,,30,0.2,20,0.2,13,0.4,15,0.1,,15,0.08,,0.1,,0.1,20,0.09,,0.15,,0.15,,0.15,,0.15,,,,0.15,,0.08,,,,,,,,,,,,,,,,,,,,,,,,,,,,,,,,,,,,,,,,,,,,,,,,,,,,,,,,,,,,,,,,,,,,,,,30,0.2,
3960,Player/Npcs/Prefabs/npc_pet002.prefab,63,Đệ Tử Đào Hoa Lv2,,,,1.6,0.5,45,0.1,6,0.1,15,,0,,,45,0.1,45,0.1,13,0.1,15,0.1,,15,0.2,,30,0,,30,0,,30,0,30,0,25,0.05,15,0.1,,15,0.08,16,0.1,,,18,0.09,21,0.1,20,0.2,20,0.15,37,0.15,,,,0.15,15,0.08,,,17,0,7,0,,,,,,,,,,,,,,,,,,,,,,,,,,,,,,,,,,,,,,,,,,,,,,,,,,,,,,,,,,,,,,,,,30,0,
3961,Player/Npcs/Prefabs/npc_pet006.prefab,63,Đệ Tử Thiên Vương Lv2,,,,2,0.5,45,0.1,6,0.1,19,,0,,,45,0.1,45,0.1,5,0.1,15,0.1,,15,0.2,,30,0,,30,0,,30,0,30,0,20,0.05,15,0.1,,15,0.08,13,0.1,17,0.05,17,0,15,0.1,5,0.2,18,0.15,60,0.15,,,,0.15,15,0.08,,,18,0,6,0,,,,,,,,,,,,,,,,,,,,,,,,,,,,,,,,,,,,,,,,,,,,,,,,,,,,,,,,,,,,,,,,,30,0,
3962,Player/Npcs/Prefabs/npc_pet002.prefab,64,Đệ Tử Đào Hoa Lv3,,,,1.6,0.5,45,0.1,6,0.1,15,,0,,,45,0.1,45,0.1,13,0.1,15,0.1,,15,0.2,,30,0,,30,0,,30,0,30,0,25,0.05,15,0.1,,15,0.08,16,0.1,,,18,0.09,21,0.1,20,0.2,20,0.15,37,0.15,,,,0.15,15,0.08,,,17,0,7,0,,,,,,,,,,,,,,,,,,,,,,,,,,,,,,,,,,,,,,,,,,,,,,,,,,,,,,,,,,,,,,,,,30,0,
3963,Player/Npcs/Prefabs/npc_pet006.prefab,64,Đệ Tử Thiên Vương Lv3,,,,2,0.5,45,0.1,6,0.1,19,,0,,,45,0.1,45,0.1,5,0.1,15,0.1,,15,0.2,,30,0,,30,0,,30,0,30,0,20,0.05,15,0.1,,15,0.08,13,0.1,17,0.05,17,0,15,0.1,5,0.2,18,0.15,60,0.15,,,,0.15,15,0.08,,,18,0,6,0,,,,,,,,,,,,,,,,,,,,,,,,,,,,,,,,,,,,,,,,,,,,,,,,,,,,,,,,,,,,,,,,,30,0,
3964,Player/Npcs/Prefabs/npc_pet002.prefab,65,Đệ Tử Đào Hoa Lv4,,,,1.6,0.5,45,0.1,6,0.1,15,,0,,,45,0.1,45,0.1,13,0.1,15,0.1,,15,0.2,,30,0,,30,0,,30,0,30,0,25,0.05,15,0.1,,15,0.08,16,0.1,,,18,0.09,21,0.1,20,0.2,20,0.15,37,0.15,,,,0.15,15,0.08,,,17,0,7,0,,,,,,,,,,,,,,,,,,,,,,,,,,,,,,,,,,,,,,,,,,,,,,,,,,,,,,,,,,,,,,,,,30,0,
3965,Player/Npcs/Prefabs/npc_pet006.prefab,65,Đệ Tử Thiên Vương Lv4,,,,2,0.5,45,0.1,6,0.1,19,,0,,,45,0.1,45,0.1,5,0.1,15,0.1,,15,0.2,,30,0,,30,0,,30,0,30,0,20,0.05,15,0.1,,15,0.08,13,0.1,17,0.05,17,0,15,0.1,5,0.2,18,0.15,60,0.15,,,,0.15,15,0.08,,,18,0,6,0,,,,,,,,,,,,,,,,,,,,,,,,,,,,,,,,,,,,,,,,,,,,,,,,,,,,,,,,,,,,,,,,,30,0,
3966,Player/critter/prefab/WJ_chongche01.prefab,61,Chiến Xa phó bản Tháp Phòng,,,,1.75,1,25,0.1,,,20,,0,,,,,,,,,,,,15,0.2,,,,,,,,,,30,0.1,,,25,0.1,,,,,,,,,,,,,,,,,,,,,,,,,,,,,,,,,,,,,,,,,,,,,,,,,,,,,,,,,,,,,,,,,,,,,,,,,,,,,,,,,,,,,,,,,,,,,,,,
3967,Player/critter/prefab/hd_czn_nuche01.prefab,,Xe Bắn Nỏ,,,,1.75,1,16,0.1,6,0.1,15,,0,,,,0.5,,0.5,,0.1,,0.1,,10,0.2,,30,0.2,,20,0.2,,20,0.2,20,0.2,,0.4,11,0.1,,11,0.1,11,0.1,11,0.1,14,0.1,,0.15,,0.15,,0.15,,0.15,,,,0.15,,0.08,,,,,,,,,,,,,,,,,,,,,,,,,,,,,,,,,,,,,,,,,,,,,,,,,,,,,,,,,,,,,,,,,,,,,,,20,0.2,
3968,Scenes/Meshes/jz_shanzhuang01/prefab/zhengpengnpc01.prefab,,Lều 1,,,,1.75,1,16,0.1,6,0.1,15,,0,,,,0.5,,0.5,,0.1,,0.1,,10,0.2,,30,0.2,,20,0.2,,20,0.2,20,0.2,,0.4,13,0.1,,,0.08,,0.1,,0.1,,0.09,,0.15,,0.15,,0.15,,0.15,,,,0.15,,0.08,,,,,,,,,,,,,,,,,,,,,,,,,,,,,,,,,,,,,,,,,,,,,,,,,,,,,,,,,,,,,,,,,,,,,,,20,0.2,
3969,Scenes/Meshes/jz_shanzhuang01/prefab/zhangpengnpc02.prefab,,Lều 2,,,,1.75,1,16,0.1,6,0.1,15,,0,,,,0.5,,0.5,,0.1,,0.1,,10,0.2,,30,0.2,,20,0.2,,20,0.2,20,0.2,,0.4,13,0.1,,,0.08,,0.1,,0.1,,0.09,,0.15,,0.15,,0.15,,0.15,,,,0.15,,0.08,,,,,,,,,,,,,,,,,,,,,,,,,,,,,,,,,,,,,,,,,,,,,,,,,,,,,,,,,,,,,,,,,,,,,,,20,0.2,
3970,Player/critter/prefab/tanlandao_jinbi01.prefab,,Thông Bảo,,,,1.75,1,16,0.1,6,0.1,15,,0,,,,0.5,,0.5,,0.1,,0.1,,10,0.2,,30,0.2,,20,0.2,,20,0.2,20,0.2,,0.4,13,0.1,,,0.08,,0.1,,0.1,,0.09,,0.15,,0.15,,0.15,,0.15,,,,0.15,,0.08,,,,,,,,,,,,,,,,,,,,,,,,,,,,,,,,,,,,,,,,,,,,,,,,,,,,,,,,,,,,,,,,,,,,,,,20,0.2,
3971,Scenes/Effects/prefabs/Hd_TanLanDao_JianTou_01.prefab,,Mũi tên chỉ hướng,,,,1.75,1,16,0.1,6,0.1,15,,0,,,,0.5,,0.5,,0.1,,0.1,,10,0.2,,30,0.2,,20,0.2,,20,0.2,20,0.2,,0.4,13,0.1,,,0.08,,0.1,,0.1,,0.09,,0.15,,0.15,,0.15,,0.15,,,,0.15,,0.08,,,,,,,,,,,,,,,,,,,,,,,,,,,,,,,,,,,,,,,,,,,,,,,,,,,,,,,,,,,,,,,,,,,,,,,20,0.2,
3972,Player/critter/prefab/hd_huangjiamachang_caodui01.prefab,,Cỏ Ngựa,,,,1.75,1,16,0.1,6,0.1,15,,0,,,,0.5,,0.5,,0.1,,0.1,,10,0.2,,30,0.2,,20,0.2,,20,0.2,20,0.2,,0.4,13,0.1,,,0.08,,0.1,,0.1,,0.09,,0.15,,0.15,,0.15,,0.15,,,,0.15,,0.08,,,,,,,,,,,,,,,,,,,,,,,,,,,,,,,,,,,,,,,,,,,,,,,,,,,,,,,,,,,,,,,,,,,,,,,20,0.2,
3973,Player/critter/prefab/hd_huangjiamachang_shitou.prefab,,Đá,,,,1.75,1,16,0.1,6,0.1,15,,0,,,,0.5,,0.5,,0.1,,0.1,,10,0.2,,30,0.2,,20,0.2,,20,0.2,20,0.2,,0.4,13,0.1,,,0.08,,0.1,,0.1,,0.09,,0.15,,0.15,,0.15,,0.15,,,,0.15,,0.08,,,,,,,,,,,,,,,,,,,,,,,,,,,,,,,,,,,,,,,,,,,,,,,,,,,,,,,,,,,,,,,,,,,,,,,20,0.2,
3974,Player/critter/prefab/hd_huangjiamachang_shuitan01.prefab,,Thủy,,,,1.75,1,16,0.1,6,0.1,15,,0,,,,0.5,,0.5,,0.1,,0.1,,10,0.2,,30,0.2,,20,0.2,,20,0.2,20,0.2,,0.4,13,0.1,,,0.08,,0.1,,0.1,,0.09,,0.15,,0.15,,0.15,,0.15,,,,0.15,,0.08,,,,,,,,,,,,,,,,,,,,,,,,,,,,,,,,,,,,,,,,,,,,,,,,,,,,,,,,,,,,,,,,,,,,,,,20,0.2,
3975,Player/Npcs/Prefabs/npc_314.prefab,,Chủ Vạn Tự Thái,,,,1.75,0.5,16,0.1,6,0.1,19,,0,,,30,0.5,16,0.5,,0.1,16,0.1,,12,0.2,,20,0.2,,30,0.2,,30,0.2,20,0.2,22,0.15,15,0.1,,15,0.08,,0.1,,0.1,,0.09,,0.15,,0.15,,0.15,,0.15,,,,0.15,,0.08,,,,,,,,,,,,,,,,,,,,,,,,,20,0.05,,,,,,,,,,,,,,,,,,,,,,,,,,,,,,,,,,,,,,,,,,,,,30,0.2,
3976,Player/Npcs/Prefabs/npc_315.prefab,,Chủ Giả Tự Thái,,,,1.75,0.5,16,0.1,6,0.1,19,,0,,,30,0.5,16,0.5,,0.1,16,0.1,,12,0.2,,20,0.2,,30,0.2,,30,0.2,20,0.2,22,0.15,15,0.1,,15,0.08,,0.1,,0.1,,0.09,,0.15,,0.15,,0.15,,0.15,,,,0.15,,0.08,,,,,,,,,,,,,,,,,,,,,,,,,20,0.05,,,,,,,,,,,,,,,,,,,,,,,,,,,,,,,,,,,,,,,,,,,,,30,0.2,
3977,Player/Npcs/Prefabs/npc_316.prefab,66,Toán Mệnh Tiên Sinh,,,,1.75,0.5,16,0.1,6,0.1,19,,0,,,30,0.5,16,0.5,,0.1,16,0.1,,12,0.2,,30,0.2,,129,0.2,,30,0.2,20,0.2,22,0.15,15,0.1,,15,0.08,,0.1,,0.1,,0.09,,0.15,,0.15,,0.15,,0.15,,,,0.15,,0.08,,,,,,,,,,,,,,,,,,,,,,,,,20,0.05,,,,,,,,,,,,,,,,,,,,,,,,,,,,,,,,,,,,,,,,,,,,,129,0.2,
3978,Player/Npcs/Prefabs/npc_318.prefab,,Bảo Vệ Tùng Quả,,,,1.75,0.5,16,0.1,6,0.1,19,,0,,,30,0.5,16,0.5,,0.1,16,0.1,,12,0.2,,20,0.2,,30,0.2,,30,0.2,20,0.2,22,0.15,15,0.1,,15,0.08,,0.1,,0.1,,0.09,,0.15,,0.15,,0.15,,0.15,,,,0.15,,0.08,,,,,,,,,,,,,,,,,,,,,,,,,20,0.05,,,,,,,,,,,,,,,,,,,,,,,,,,,,,,,,,,,,,,,,,,,,,30,0.2,
3979,Player/Npcs/Prefabs/npc_319.prefab,,Nhị Đỉnh Nhất Kỳ Đồng,,,,1.75,0.5,16,0.1,6,0.1,19,,0,,,30,0.5,16,0.5,,0.1,16,0.1,,12,0.2,,20,0.2,,30,0.2,,30,0.2,20,0.2,22,0.15,15,0.1,,15,0.08,,0.1,,0.1,,0.09,,0.15,,0.15,,0.15,,0.15,,,,0.15,,0.08,,,,,,,,,,,,,,,,,,,,,,,,,20,0.05,,,,,,,,,,,,,,,,,,,,,,,,,,,,,,,,,,,,,,,,,,,,,30,0.2,
3980,Player/Npcs/Prefabs/npc_320.prefab,,Ngũ Diệu Liên Châu Kỳ Đồng,,,,1.75,0.5,16,0.1,6,0.1,19,,0,,,30,0.5,16,0.5,,0.1,16,0.1,,12,0.2,,20,0.2,,30,0.2,,30,0.2,20,0.2,22,0.15,15,0.1,,15,0.08,,0.1,,0.1,,0.09,,0.15,,0.15,,0.15,,0.15,,,,0.15,,0.08,,,,,,,,,,,,,,,,,,,,,,,,,20,0.05,,,,,,,,,,,,,,,,,,,,,,,,,,,,,,,,,,,,,,,,,,,,,30,0.2,
3981,Player/Npcs/Prefabs/npc_321.prefab,,Chủ Tiệm Đại Chiến Dưa Hấu,,,,1.75,0.5,16,0.1,6,0.1,19,,0,,,30,0.5,16,0.5,,0.1,16,0.1,,12,0.2,,20,0.2,,30,0.2,,30,0.2,20,0.2,22,0.15,15,0.1,,15,0.08,,0.1,,0.1,,0.09,,0.15,,0.15,,0.15,,0.15,,,,0.15,,0.08,,,,,,,,,,,,,,,,,,,,,,,,,20,0.05,,,,,,,,,,,,,,,,,,,,,,,,,,,,,,,,,,,,,,,,,,,,,30,0.2,
3982,Player/Npcs/Prefabs/npc_322.prefab,,Người Chăn Ngựa,,,,1.75,0.5,16,0.1,6,0.1,19,,0,,,30,0.5,16,0.5,,0.1,16,0.1,,12,0.2,,20,0.2,,30,0.2,,30,0.2,20,0.2,22,0.15,15,0.1,,15,0.08,,0.1,,0.1,,0.09,,0.15,,0.15,,0.15,,0.15,,,,0.15,,0.08,,,,,,,,,,,,,,,,,,,,,,,,,20,0.05,,,,,,,,,,,,,,,,,,,,,,,,,,,,,,,,,,,,,,,,,,,,,30,0.2,
3983,Player/Npcs/Prefabs/npc_323.prefab,,Chủ Tiệm Trò Bắn Bi,,,,1.75,0.5,16,0.1,6,0.1,19,,0,,,30,0.5,16,0.5,,0.1,16,0.1,,12,0.2,,20,0.2,,30,0.2,,30,0.2,20,0.2,22,0.15,15,0.1,,15,0.08,,0.1,,0.1,,0.09,,0.15,,0.15,,0.15,,0.15,,,,0.15,,0.08,,,,,,,,,,,,,,,,,,,,,,,,,20,0.05,,,,,,,,,,,,,,,,,,,,,,,,,,,,,,,,,,,,,,,,,,,,,30,0.2,
3984,Player/Npcs/Prefabs/npc_324.prefab,,Nghệ Nhân Pháo Hoa,,,,1.75,0.5,16,0.1,6,0.1,19,,0,,,30,0.5,16,0.5,,0.1,16,0.1,,12,0.2,,20,0.2,,75,0.2,,30,0.2,20,0.2,22,0.15,15,0.1,,15,0.08,,0.1,,0.1,,0.09,,0.15,,0.15,,0.15,,0.15,,,,0.15,,0.08,,,,,,,,,,,,,,,,,,,,,,,,,20,0.05,,,,,,,,,,,,,,,,,,,,,,,,,,,,,,,,,,,,,,,,,,,,,75,0.2,
3985,Player/Npcs/Prefabs/npc_325.prefab,,Nghệ Nhận Tạp Kỹ,,,,1.75,0.5,16,0.1,6,0.1,19,,0,,,30,0.5,16,0.5,,0.1,16,0.1,,12,0.2,,20,0.2,,267,0.2,,30,0.2,20,0.2,22,0.15,15,0.1,,15,0.08,,0.1,,0.1,,0.09,,0.15,,0.15,,0.15,,0.15,,,,0.15,,0.08,,,,,,,,,,,,,,,,,,,,,,,,,20,0.05,,,,,,,,,,,,,,,,,,,,,,,,,,,,,,,,,,,,,,,,,,,,,267,0.2,
3986,Player/Npcs/Prefabs/npc_326.prefab,,Đảo Chủ Đảo Tham Lam,,,,1.75,0.5,16,0.1,6,0.1,19,,0,,,30,0.5,16,0.5,,0.1,16,0.1,,12,0.2,,20,0.2,,30,0.2,,30,0.2,20,0.2,22,0.15,15,0.1,,15,0.08,,0.1,,0.1,,0.09,,0.15,,0.15,,0.15,,0.15,,,,0.15,,0.08,,,,,,,,,,,,,,,,,,,,,,,,,20,0.05,,,,,,,,,,,,,,,,,,,,,,,,,,,,,,,,,,,,,,,,,,,,,30,0.2,
3987,Player/Npcs/Prefabs/npc_327.prefab,,Chủ Tiệm,,,,1.75,0.5,16,0.1,6,0.1,19,,0,,,30,0.5,16,0.5,,0.1,16,0.1,,12,0.2,,20,0.2,,30,0.2,,30,0.2,20,0.2,22,0.15,15,0.1,,15,0.08,,0.1,,0.1,,0.09,,0.15,,0.15,,0.15,,0.15,,,,0.15,,0.08,,,,,,,,,,,,,,,,,,,,,,,,,20,0.05,,,,,,,,,,,,,,,,,,,,,,,,,,,,,,,,,,,,,,,,,,,,,30,0.2,
3988,Player/Npcs/Prefabs/npc_a020.prefab,,Sóc (Phó bản-Sóc),,,,1,0.5,86,0.1,6,0.1,,,0,,,30,0.1,16,0.1,,0.1,16,0.1,,8,0.08,,20,0.1,,58,0.1,,30,0.1,20,0.1,,0.15,78,0.1,,61,0.08,79,0.1,59,0.1,43,0.09,53,0.15,53,0.15,47,0.15,49,0.15,,,,0.15,66,0.08,55,,,,,,,,,,,,,,9,0.08,,,,,,,,,,,,,,,30,0.15,43,0.15,32,0.15,,,29,0.15,28,0.15,29,0.15,28,0.15,,,,,,,,,,,,,,,,,,,,,,,,,58,0.1,
3989,Player/Npcs/Prefabs/npc_328.prefab,,Nhân vật Thiên Vương-Nữ,,,,1.6,0.5,45,0.1,10,0.1,19,,0,30,0.1,35,0.09,20,0.09,12,0.1,15,0.1,,18,0.1,,30,0.1,,53,0,,30,0.1,30,0.1,20,0.05,15,0.1,,14,0.08,13,0.1,14,0.05,17,0,20,0.1,5,0.2,20,0.15,60,0.15,23,0.15,,0.15,15,0.08,,,18,0,6,0,13,0,18,0,18,0,,,24,0.4,,,,,15,0.05,30,0.1,15,0.05,,,,,,,,,,,,,,,,,,,,,,,,,,,,,,,,,,,,,,,,,30,0.1,60,0.1,53,0,
3990,Player/critter/prefab/critter_mache002.prefab,,Tiêu Xa Sinh Thần Cang,,,,1.75,0.5,30,0.1,6,0.1,10,,0,,,30,0.1,30,0.1,,0.1,15,0.1,,15,0.2,,135,0.2,,135,0.2,,135,0.2,10,0.2,,0.15,30,0.1,,,0.08,,0.1,,0.1,,0.09,,0.15,,0.15,,0.15,,0.15,,,,0.15,,0.08,,,,,,,,,,,,,,,,,,,,,,,,,,,,,,,,,,,,,,,,,,,,,,,,,,,,,,,,,,,,,,,,,,,,,,,135,0.2,
3991,Scenes/Meshes/hd_washe/prefab/hd_washe_xgtz_xigua03,,Dưa hấu,,,,0.75,0.5,,,6,,,,,,,,,,,,,15,0.1,,,,,10,0.2,,10,0.2,,10,0.2,,,,,8,0.1,,,,,,,,,,,,,,,,,,,,,,,,,,,,,,,,,,,,,,,,,,,,,,,,,,,,,,,,,,,,,,,,,,,,,,,,,,,,,,,,,,,,,,,,,,,,,,10,0.2,
3992,Player/critter/prefab/wzn_dangao01.prefab,,Hũ Trà,,,,1.75,0.5,,,6,,,,,,,,,,,,,15,0.1,,,,,10,0.2,,10,0.2,,10,0.2,,,,,8,0.1,,,,,,,,,,,,,,,,,,,,,,,,,,,,,,,,,,,,,,,,,,,,,,,,,,,,,,,,,,,,,,,,,,,,,,,,,,,,,,,,,,,,,,,,,,,,,,10,0.2,
3993,Player/critter/prefab/wzn_dangao01.prefab,64,Hũ Trà,,,,1.75,0.5,,,6,,,,,,,,,,,,,15,0.1,,,,,10,0.2,,10,0.2,,10,0.2,,,,,8,0.1,,,,,,,,,,,,,,,,,,,,,,,,,,,,,,,,,,,,,,,,,,,,,,,,,,,,,,,,,,,,,,,,,,,,,,,,,,,,,,,,,,,,,,,,,,,,,,10,0.2,
3994,Player/critter/prefab/wzn_dangao01.prefab,61,Hũ Trà,,,,1.75,0.5,,,6,,,,,,,,,,,,,15,0.1,,,,,10,0.2,,10,0.2,,10,0.2,,,,,8,0.1,,,,,,,,,,,,,,,,,,,,,,,,,,,,,,,,,,,,,,,,,,,,,,,,,,,,,,,,,,,,,,,,,,,,,,,,,,,,,,,,,,,,,,,,,,,,,,10,0.2,
3995,Scenes/Meshes/sj_ziyuan/prefab/sj_chengchi_men01.prefab,,Trục Lộc-Cổng Pháo Đài,,,,2.5,1,,,,,,,,,,,,,,,,,,,,,,,,,,,,,,,,,,,,,,,,,,,,,,,,,,,,,,,,,,,,,,,,,,,,,,,,,,,,,,,,,,,,,,,,,,,,,,,,,,,,,,,,,,,,,,,,,,,,,,,,,,,,,,,,,,,
3996,Scenes/Meshes/sj_ziyuan/prefab/sj_chengchi_qiao01.prefab,,Trục Lộc-Cầu,,,,2.5,1,,,,,,,,,,,,,,,,,,,,,,,,,,,,,,,,,,,,,,,,,,,,,,,,,,,,,,,,,,,,,,,,,,,,,,,,,,,,,,,,,,,,,,,,,,,,,,,,,,,,,,,,,,,,,,,,,,,,,,,,,,,,,,,,,,,
3997,Scenes/Meshes/sj_ziyuan/prefab/sj_jianyu01_npc.prefab,,Trục Lộc-Cổng Giám Ngục,,,,2.5,1,,,,,,,,,,,,,,,,,,,,,,,,,,,,,,,,,,,,,,,,,,,,,,,,,,,,,,,,,,,,,,,,,,,,,,,,,,,,,,,,,,,,,,,,,,,,,,,,,,,,,,,,,,,,,,,,,,,,,,,,,,,,,,,,,,,
3998,Scenes/Meshes/sj_ziyuan/prefab/sj_chengchi_talou01.prefab,204,Trục Lộc-Chính Điện,,,,2.5,1,,,,,,,,,,,,,,,,,,,,,,,,,,,,,,,,,,,,,,,,,,,,,,,,,,,,,,,,,,,,,,,,,,,,,,,,,,,,,,,,,,,,,,,,,,,,,,,,,,,,,,,,,,,,,,,,,,,,,,,,,,,,,,,,,,,
3999,Player/critter/prefab/zc_lingtuzhan_chengmen06.prefab,533,Trục Lộc-Cổng Thành 1,,,,2.5,1,,,,,,,,,,,,,,,,,,,,,,,,,,,,,,,,,,,,,,,,,,,,,,,,,,,,,,,,,,,,,,,,,,,,,,,,,,,,,,,,,,,,,,,,,,,,,,,,,,,,,,,,,,,,,,,,,,,,,,,,,,,,,,,,,,,
4000,Player/critter/prefab/zc_lingtuzhan_chengmen06.prefab,533,Trục Lộc-Cổng Thành 2,,,,2.5,1,,,,,,,,,,,,,,,,,,,,,,,,,,,,,,,,,,,,,,,,,,,,,,,,,,,,,,,,,,,,,,,,,,,,,,,,,,,,,,,,,,,,,,,,,,,,,,,,,,,,,,,,,,,,,,,,,,,,,,,,,,,,,,,,,,,
4001,Player/Npcs/Prefabs/npc_135.prefab,61,Lý Quảng,,,,2.5,0.5,20,0.1,9,0.1,16,,0,,,17,0.1,17,0.1,,0.1,16,0.1,,12,0.2,,30,0.1,,30,0.1,,30,0.1,20,0.1,,0.15,14,0.1,,14,0.08,,0.1,,0.1,30,0.09,,0.15,,0.15,,0.15,,0.15,,,,0.15,18,0.08,,,,,,,,,,,,,,,,,,,,,,,,,,,,,,,,,,,,,,,,,,,,,,,,,,,,,,,,,,,,,,,,,,,,,,,30,0.1,
4002,Scenes/Meshes/zc_kuangchang/Prefabs/zc_kuangchang_tiekuang_01_1.prefab,,Sắt,,,,1,0.5,30,0.1,6,0.1,10,,0,,,30,0.1,30,0.1,,0.1,15,0.1,,9,0.2,,10,0.2,,10,0.2,,10,0.2,10,0.2,,0.15,30,0.1,,,0.08,,0.1,,0.1,,0.09,,0.15,,0.15,,0.15,,0.15,,,,0.15,,0.08,,,,,,,,,,,,,,,,,,,,,,,,,,,,,,,,,,,,,,,,,,,,,,,,,,,,,,,,,,,,,,,,,,,,,,,10,0.2,
4003,Player/Npcs/Prefabs/npc_337.prefab,,Xe Lương Lục,,,,1.75,1,16,0.1,6,0.1,15,,0,,,,0.5,,0.5,,0.1,,0.1,,10,0.2,,30,0.2,,20,0.2,,20,0.2,20,0.2,,0.4,13,0.1,,,0.08,,0.1,,0.1,,0.09,,0.15,,0.15,,0.15,,0.15,,,,0.15,,0.08,,,,,,,,,,,,,,,,,,,,,,,,,,,,,,,,,,,,,,,,,,,,,,,,,,,,,,,,,,,,,,,,,,,,,,,20,0.2,
4004,Player/Npcs/Prefabs/npc_337a.prefab,,Xe Lương Lam,,,,1.75,1,16,0.1,6,0.1,15,,0,,,,0.5,,0.5,,0.1,,0.1,,10,0.2,,30,0.2,,20,0.2,,20,0.2,20,0.2,,0.4,13,0.1,,,0.08,,0.1,,0.1,,0.09,,0.15,,0.15,,0.15,,0.15,,,,0.15,,0.08,,,,,,,,,,,,,,,,,,,,,,,,,,,,,,,,,,,,,,,,,,,,,,,,,,,,,,,,,,,,,,,,,,,,,,,20,0.2,
4005,Player/Npcs/Prefabs/npc_337b.prefab,,Xe Lương Tím,,,,1.75,1,16,0.1,6,0.1,15,,0,,,,0.5,,0.5,,0.1,,0.1,,10,0.2,,30,0.2,,20,0.2,,20,0.2,20,0.2,,0.4,13,0.1,,,0.08,,0.1,,0.1,,0.09,,0.15,,0.15,,0.15,,0.15,,,,0.15,,0.08,,,,,,,,,,,,,,,,,,,,,,,,,,,,,,,,,,,,,,,,,,,,,,,,,,,,,,,,,,,,,,,,,,,,,,,20,0.2,
4006,Player/Npcs/Prefabs/npc_336.prefab,,Xe Lương Lục-Chở Người,,,,1.75,1,16,0.1,6,0.1,15,,0,,,,0.5,,0.5,,0.1,,0.1,,10,0.2,,30,0.2,,20,0.2,,20,0.2,20,0.2,,0.4,13,0.1,,,0.08,,0.1,,0.1,,0.09,,0.15,,0.15,,0.15,,0.15,,,,0.15,,0.08,,,,,,,,,,,,,,,,,,,,,,,,,,,,,,,,,,,,,,,,,,,,,,,,,,,,,,,,,,,,,,,,,,,,,,,20,0.2,
4007,Player/Npcs/Prefabs/npc_336a.prefab,,Xe Lương Lam-Chở Người,,,,1.75,1,16,0.1,6,0.1,15,,0,,,,0.5,,0.5,,0.1,,0.1,,10,0.2,,30,0.2,,20,0.2,,20,0.2,20,0.2,,0.4,13,0.1,,,0.08,,0.1,,0.1,,0.09,,0.15,,0.15,,0.15,,0.15,,,,0.15,,0.08,,,,,,,,,,,,,,,,,,,,,,,,,,,,,,,,,,,,,,,,,,,,,,,,,,,,,,,,,,,,,,,,,,,,,,,20,0.2,
4008,Player/Npcs/Prefabs/npc_336b.prefab,,Xe Lương Tím-Chở Người,,,,1.75,1,16,0.1,6,0.1,15,,0,,,,0.5,,0.5,,0.1,,0.1,,10,0.2,,30,0.2,,20,0.2,,20,0.2,20,0.2,,0.4,13,0.1,,,0.08,,0.1,,0.1,,0.09,,0.15,,0.15,,0.15,,0.15,,,,0.15,,0.08,,,,,,,,,,,,,,,,,,,,,,,,,,,,,,,,,,,,,,,,,,,,,,,,,,,,,,,,,,,,,,,,,,,,,,,20,0.2,
4009,Scenes/Meshes/sj_ziyuan/prefab/sj_zhucheng01_qiao01.prefab,,Trục Lộc-Cầu,,,,2.5,1,,,,,,,,,,,,,,,,,,,,,,,,,,,,,,,,,,,,,,,,,,,,,,,,,,,,,,,,,,,,,,,,,,,,,,,,,,,,,,,,,,,,,,,,,,,,,,,,,,,,,,,,,,,,,,,,,,,,,,,,,,,,,,,,,,,
4010,Player/critter/prefab/liangcaodui01.prefab,,Đống Lương Thảo Nhỏ,,,,1.75,1,16,0.1,6,0.1,15,,0,,,,0.5,,0.5,,0.1,,0.1,,10,0.2,,30,0.2,,20,0.2,,20,0.2,20,0.2,,0.4,13,0.1,,,0.08,,0.1,,0.1,,0.09,,0.15,,0.15,,0.15,,0.15,,,,0.15,,0.08,,,,,,,,,,,,,,,,,,,,,,,,,,,,,,,,,,,,,,,,,,,,,,,,,,,,,,,,,,,,,,,,,,,,,,,20,0.2,
4011,Player/critter/prefab/liangcaodui02.prefab,,Đống Lương Thảo Lớn,,,,1.75,1,16,0.1,6,0.1,15,,0,,,,0.5,,0.5,,0.1,,0.1,,10,0.2,,30,0.2,,20,0.2,,20,0.2,20,0.2,,0.4,13,0.1,,,0.08,,0.1,,0.1,,0.09,,0.15,,0.15,,0.15,,0.15,,,,0.15,,0.08,,,,,,,,,,,,,,,,,,,,,,,,,,,,,,,,,,,,,,,,,,,,,,,,,,,,,,,,,,,,,,,,,,,,,,,20,0.2,
4012,Effect/Prefabs/HuoDong/Effter_wudang_qiu_lan.prefab,,Tinh,,,,1.2,0.5,,,,,,,,,,,,,,,,,,,,,,,,,,,,,,,,,,,,,,,,,,,,,,,,,,,,,,,,,,,,,,,,,,,,,,,,,,,,,,,,,,,,,,,,,,,,,,,,,,,,,,,,,,,,,,,,,,,,,,,,,,,,,,,,,,,
4013,Effect/Prefabs/HuoDong/Effter_wudang_qiu_huang.prefab,,Khí,,,,1.2,0.5,,,,,,,,,,,,,,,,,,,,,,,,,,,,,,,,,,,,,,,,,,,,,,,,,,,,,,,,,,,,,,,,,,,,,,,,,,,,,,,,,,,,,,,,,,,,,,,,,,,,,,,,,,,,,,,,,,,,,,,,,,,,,,,,,,,
4014,Effect/Prefabs/HuoDong/Effter_wudang_qiu_hong.prefab,,Thần,,,,1.2,0.5,,,,,,,,,,,,,,,,,,,,,,,,,,,,,,,,,,,,,,,,,,,,,,,,,,,,,,,,,,,,,,,,,,,,,,,,,,,,,,,,,,,,,,,,,,,,,,,,,,,,,,,,,,,,,,,,,,,,,,,,,,,,,,,,,,,
4015,Player/critter/prefab/mucai.prefab,203,Củi,,,,1,0.5,30,0.1,6,0.1,10,,0,,,30,0.1,30,0.1,,0.1,15,0.1,,9,0.2,,10,0.2,,10,0.2,,10,0.2,10,0.2,,0.15,30,0.1,,,0.08,,0.1,,0.1,,0.09,,0.15,,0.15,,0.15,,0.15,,,,0.15,,0.08,,,,,,,,,,,,,,,,,,,,,,,,,,,,,,,,,,,,,,,,,,,,,,,,,,,,,,,,,,,,,,,,,,,,,,,10,0.2,
4016,Player/critter/prefab/hd_huangjiamachang_shitou.prefab,205,Đá,,,,1.75,1,16,0.1,6,0.1,15,,0,,,,0.5,,0.5,,0.1,,0.1,,10,0.2,,30,0.2,,20,0.2,,20,0.2,20,0.2,,0.4,13,0.1,,,0.08,,0.1,,0.1,,0.09,,0.15,,0.15,,0.15,,0.15,,,,0.15,,0.08,,,,,,,,,,,,,,,,,,,,,,,,,,,,,,,,,,,,,,,,,,,,,,,,,,,,,,,,,,,,,,,,,,,,,,,20,0.2,
4017,Scenes/Meshes/zc_kuangchang/Prefabs/zc_kuangchang_tiekuang_01_1.prefab,204,Sắt,,,,1,0.5,30,0.1,6,0.1,10,,0,,,30,0.1,30,0.1,,0.1,15,0.1,,9,0.2,,10,0.2,,10,0.2,,10,0.2,10,0.2,,0.15,30,0.1,,,0.08,,0.1,,0.1,,0.09,,0.15,,0.15,,0.15,,0.15,,,,0.15,,0.08,,,,,,,,,,,,,,,,,,,,,,,,,,,,,,,,,,,,,,,,,,,,,,,,,,,,,,,,,,,,,,,,,,,,,,,10,0.2,
4018,Player/critter/prefab/mucai.prefab,202,Củi,,,,1,0.5,30,0.1,6,0.1,10,,0,,,30,0.1,30,0.1,,0.1,15,0.1,,9,0.2,,10,0.2,,10,0.2,,10,0.2,10,0.2,,0.15,30,0.1,,,0.08,,0.1,,0.1,,0.09,,0.15,,0.15,,0.15,,0.15,,,,0.15,,0.08,,,,,,,,,,,,,,,,,,,,,,,,,,,,,,,,,,,,,,,,,,,,,,,,,,,,,,,,,,,,,,,,,,,,,,,10,0.2,
4019,Player/critter/prefab/hd_huangjiamachang_shitou.prefab,204,Đá,,,,1.75,1,16,0.1,6,0.1,15,,0,,,,0.5,,0.5,,0.1,,0.1,,10,0.2,,30,0.2,,20,0.2,,20,0.2,20,0.2,,0.4,13,0.1,,,0.08,,0.1,,0.1,,0.09,,0.15,,0.15,,0.15,,0.15,,,,0.15,,0.08,,,,,,,,,,,,,,,,,,,,,,,,,,,,,,,,,,,,,,,,,,,,,,,,,,,,,,,,,,,,,,,,,,,,,,,20,0.2,
4020,Scenes/Meshes/zc_kuangchang/Prefabs/zc_kuangchang_tiekuang_01_1.prefab,203,Sắt,,,,1,0.5,30,0.1,6,0.1,10,,0,,,30,0.1,30,0.1,,0.1,15,0.1,,9,0.2,,10,0.2,,10,0.2,,10,0.2,10,0.2,,0.15,30,0.1,,,0.08,,0.1,,0.1,,0.09,,0.15,,0.15,,0.15,,0.15,,,,0.15,,0.08,,,,,,,,,,,,,,,,,,,,,,,,,,,,,,,,,,,,,,,,,,,,,,,,,,,,,,,,,,,,,,,,,,,,,,,10,0.2,
4021,Player/critter/prefab/mucai.prefab,201,Củi,,,,1,0.5,30,0.1,6,0.1,10,,0,,,30,0.1,30,0.1,,0.1,15,0.1,,9,0.2,,10,0.2,,10,0.2,,10,0.2,10,0.2,,0.15,30,0.1,,,0.08,,0.1,,0.1,,0.09,,0.15,,0.15,,0.15,,0.15,,,,0.15,,0.08,,,,,,,,,,,,,,,,,,,,,,,,,,,,,,,,,,,,,,,,,,,,,,,,,,,,,,,,,,,,,,,,,,,,,,,10,0.2,
4022,Player/critter/prefab/hd_huangjiamachang_shitou.prefab,203,Đá,,,,1.75,1,16,0.1,6,0.1,15,,0,,,,0.5,,0.5,,0.1,,0.1,,10,0.2,,30,0.2,,20,0.2,,20,0.2,20,0.2,,0.4,13,0.1,,,0.08,,0.1,,0.1,,0.09,,0.15,,0.15,,0.15,,0.15,,,,0.15,,0.08,,,,,,,,,,,,,,,,,,,,,,,,,,,,,,,,,,,,,,,,,,,,,,,,,,,,,,,,,,,,,,,,,,,,,,,20,0.2,
4023,Scenes/Meshes/zc_kuangchang/Prefabs/zc_kuangchang_tiekuang_01_1.prefab,202,Sắt,,,,1,0.5,30,0.1,6,0.1,10,,0,,,30,0.1,30,0.1,,0.1,15,0.1,,9,0.2,,10,0.2,,10,0.2,,10,0.2,10,0.2,,0.15,30,0.1,,,0.08,,0.1,,0.1,,0.09,,0.15,,0.15,,0.15,,0.15,,,,0.15,,0.08,,,,,,,,,,,,,,,,,,,,,,,,,,,,,,,,,,,,,,,,,,,,,,,,,,,,,,,,,,,,,,,,,,,,,,,10,0.2,
4024,Player/critter/prefab/guishu.prefab,,Cây Quế,,,,1.75,1,16,0.1,6,0.1,15,,0,,,,0.5,,0.5,,0.1,,0.1,,10,0.2,,30,0.2,,20,0.2,,20,0.2,20,0.2,,0.4,13,0.1,,,0.08,,0.1,,0.1,,0.09,,0.15,,0.15,,0.15,,0.15,,,,0.15,,0.08,,,,,,,,,,,,,,,,,,,,,,,,,,,,,,,,,,,,,,,,,,,,,,,,,,,,,,,,,,,,,,,,,,,,,,,20,0.2,
4025,Player/critter/prefab/zq_panzi01.prefab,212,Bánh Tình Như Thủ Túc (Trống),,,,1.75,1,16,0.1,6,0.1,15,,0,,,,0.5,,0.5,,0.1,,0.1,,10,0.2,,30,0.2,,20,0.2,,20,0.2,20,0.2,,0.4,13,0.1,,,0.08,,0.1,,0.1,,0.09,,0.15,,0.15,,0.15,,0.15,,,,0.15,,0.08,,,,,,,,,,,,,,,,,,,,,,,,,,,,,,,,,,,,,,,,,,,,,,,,,,,,,,,,,,,,,,,,,,,,,,,20,0.2,
4026,Player/critter/prefab/zq_yuebing05.prefab,212,Bánh Tình Như Thủ Túc,,,,1.75,1,16,0.1,6,0.1,15,,0,,,,0.5,,0.5,,0.1,,0.1,,10,0.2,,30,0.2,,20,0.2,,20,0.2,20,0.2,,0.4,13,0.1,,,0.08,,0.1,,0.1,,0.09,,0.15,,0.15,,0.15,,0.15,,,,0.15,,0.08,,,,,,,,,,,,,,,,,,,,,,,,,,,,,,,,,,,,,,,,,,,,,,,,,,,,,,,,,,,,,,,,,,,,,,,20,0.2,
4027,Player/critter/prefab/hd_langan01.prefab,,Tường Tình Như Thủ Túc (Dài),,,,,,,,,,,,,,,,,,,,,,,,,,,,,,,,,,,,,,,,,,,,,,,,,,,,,,,,,,,,,,,,,,,,,,,,,,,,,,,,,,,,,,,,,,,,,,,,,,,,,,,,,,,,,,,,,,,,,,,,,,,,,,,,,,,,,,,,
4028,Player/critter/prefab/hd_langan02.prefab,,Tường Tình Như Thủ Túc (Ngắn),,,,,,,,,,,,,,,,,,,,,,,,,,,,,,,,,,,,,,,,,,,,,,,,,,,,,,,,,,,,,,,,,,,,,,,,,,,,,,,,,,,,,,,,,,,,,,,,,,,,,,,,,,,,,,,,,,,,,,,,,,,,,,,,,,,,,,,,
4029,Player/critter/prefab/feiliao01.prefab,61,Phân Bón Tình Như Thủ Túc,,,,1.75,1,16,0.1,6,0.1,15,,0,,,,0.5,,0.5,,0.1,,0.1,,10,0.2,,30,0.2,,20,0.2,,20,0.2,20,0.2,,0.4,13,0.1,,,0.08,,0.1,,0.1,,0.09,,0.15,,0.15,,0.15,,0.15,,,,0.15,,0.08,,,,,,,,,,,,,,,,,,,,,,,,,,,,,,,,,,,,,,,,,,,,,,,,,,,,,,,,,,,,,,,,,,,,,,,20,0.2,
4030,Player/critter/prefab/shuihu01.prefab,212,Bình Nước Tình Như Thủ Túc,,,,1.75,1,16,0.1,6,0.1,15,,0,,,,0.5,,0.5,,0.1,,0.1,,10,0.2,,30,0.2,,20,0.2,,20,0.2,20,0.2,,0.4,13,0.1,,,0.08,,0.1,,0.1,,0.09,,0.15,,0.15,,0.15,,0.15,,,,0.15,,0.08,,,,,,,,,,,,,,,,,,,,,,,,,,,,,,,,,,,,,,,,,,,,,,,,,,,,,,,,,,,,,,,,,,,,,,,20,0.2,
4031,Player/Npcs/Prefabs/npc_338.prefab,61,Tình Đồng Thủ Túc-Trùng,,,,,,16,0.1,6,0.1,15,,0,,,,0.5,,0.5,,0.1,,0.1,,15,0.2,,30,0.2,,20,0.2,,20,0.2,20,0.2,,0.4,13,0.1,,,0.08,,0.1,,0.1,,0.09,,0.15,,0.15,,0.15,,0.15,,,,0.15,,0.08,,,,,,,,,,,,,,,,,,,,,,,,,,,,,,,,,,,,,,,,,,,,,,,,,,,,,,,,,,,,,,,,,,,,,,,20,0.2,
4032,Player/Npcs/Prefabs/npc_183.prefab,,Ẩn NPC,,,,1.75,0.5,30,0.1,6,0.1,0,,0,,,30,0.1,30,0.1,,0.1,15,0.1,,9,0.2,,10,0.2,,10,0.2,,10,0.2,10,0.2,,0.15,30,0.1,,,0.08,,0.1,,0.1,,0.09,,0.15,,0.15,,0.15,,0.15,,,,0.15,,0.08,,,,,,,,,,,,,,,,,,,,,,,,,,,,,,,,,,,,,,,,,,,,,,,,,,,,,,,,,,,,,,,,,,,,,,,10,0.2,
4033,Player/Npcs/Prefabs/npc_340.prefab,,Kế Hoạch-Hoa Quyển,,,,1.75,0.5,16,0.1,6,0.1,19,,0,,,30,0.5,16,0.5,,0.1,16,0.1,,12,0.2,,20,0.2,,267,0.2,,30,0.2,20,0.2,22,0.15,15,0.1,,15,0.08,,0.1,,0.1,,0.09,,0.15,,0.15,,0.15,,0.15,,,,0.15,,0.08,,,,,,,,,,,,,,,,,,,,,,,,,20,0.05,,,,,,,,,,,,,,,,,,,,,,,,,,,,,,,,,,,,,,,,,,,,,267,0.2,
4034,Player/Npcs/Prefabs/npc_341.prefab,,Mỹ Thuật-Nhị Cẩu Ky,,,,1.75,0.5,16,0.1,6,0.1,19,,0,,,30,0.5,16,0.5,,0.1,16,0.1,,12,0.2,,20,0.2,,267,0.2,,30,0.2,20,0.2,22,0.15,15,0.1,,15,0.08,,0.1,,0.1,,0.09,,0.15,,0.15,,0.15,,0.15,,,,0.15,,0.08,,,,,,,,,,,,,,,,,,,,,,,,,20,0.05,,,,,,,,,,,,,,,,,,,,,,,,,,,,,,,,,,,,,,,,,,,,,267,0.2,
4035,Player/Npcs/Prefabs/npc_342.prefab,,Kế Hoạch-Đông Đông,,,,1.75,0.5,16,0.1,6,0.1,19,,0,,,30,0.5,16,0.5,,0.1,16,0.1,,12,0.2,,20,0.2,,267,0.2,,30,0.2,20,0.2,22,0.15,15,0.1,,15,0.08,,0.1,,0.1,,0.09,,0.15,,0.15,,0.15,,0.15,,,,0.15,,0.08,,,,,,,,,,,,,,,,,,,,,,,,,20,0.05,,,,,,,,,,,,,,,,,,,,,,,,,,,,,,,,,,,,,,,,,,,,,267,0.2,
4036,Player/Npcs/Prefabs/npc_343.prefab,,Kế Hoạch-Đa Đa,,,,1.75,0.5,16,0.1,6,0.1,19,,0,,,30,0.5,16,0.5,,0.1,16,0.1,,12,0.2,,20,0.2,,267,0.2,,30,0.2,20,0.2,22,0.15,15,0.1,,15,0.08,,0.1,,0.1,,0.09,,0.15,,0.15,,0.15,,0.15,,,,0.15,,0.08,,,,,,,,,,,,,,,,,,,,,,,,,20,0.05,,,,,,,,,,,,,,,,,,,,,,,,,,,,,,,,,,,,,,,,,,,,,267,0.2,
4037,Scenes/Meshes/hd_washe/prefab/hd_washe_xgtz_xigua01_npc.prefab,,Dưa hấu,,,,0.75,0.5,,,6,,,,,,,,,,,,,15,0.1,,,,,10,0.2,,10,0.2,,10,0.2,,,,,8,0.1,,,,,,,,,,,,,,,,,,,,,,,,,,,,,,,,,,,,,,,,,,,,,,,,,,,,,,,,,,,,,,,,,,,,,,,,,,,,,,,,,,,,,,,,,,,,,,10,0.2,
4038,Player/critter/prefab/jiuzhuo_di.prefab,,Anh Hùng Yến-Bàn 1,,,,1.75,0.5,20,0.1,6,0.1,20,,0,,,30,0.1,16,0.1,,0.1,16,0.1,,12,0.2,,30,0.1,,30,0.1,,30,0.1,20,0.1,,0.15,15,0.1,,18,0.08,,0.1,,0.1,30,0.09,,0.15,,0.15,,0.15,,0.15,,,,0.15,18,0.08,,,,,,,,,,,,,,,,,,,,,,,,,,,,,,,,,,,,,,,,,,,,,,,,,,,,,,,,,,,,,,,,,,,,,,,30,0.1,
4039,Player/critter/prefab/jiuzhuo_zhong.prefab,,Anh Hùng Yến-Bàn 2,,,,1.75,0.5,20,0.1,6,0.1,20,,0,,,30,0.1,16,0.1,,0.1,16,0.1,,12,0.2,,30,0.1,,30,0.1,,30,0.1,20,0.1,,0.15,15,0.1,,18,0.08,,0.1,,0.1,30,0.09,,0.15,,0.15,,0.15,,0.15,,,,0.15,18,0.08,,,,,,,,,,,,,,,,,,,,,,,,,,,,,,,,,,,,,,,,,,,,,,,,,,,,,,,,,,,,,,,,,,,,,,,30,0.1,
4040,Player/critter/prefab/jiuzhuo_gao.prefab,,Anh Hùng Yến-Bàn 3,,,,1.75,0.5,20,0.1,6,0.1,20,,0,,,30,0.1,16,0.1,,0.1,16,0.1,,12,0.2,,30,0.1,,30,0.1,,30,0.1,20,0.1,,0.15,15,0.1,,18,0.08,,0.1,,0.1,30,0.09,,0.15,,0.15,,0.15,,0.15,,,,0.15,18,0.08,,,,,,,,,,,,,,,,,,,,,,,,,,,,,,,,,,,,,,,,,,,,,,,,,,,,,,,,,,,,,,,,,,,,,,,30,0.1,
4041,Player/Npcs/Prefabs/boss121.prefab,201,Thanh Long,,,,4,1,20,0.1,6,0.1,20,,0,,,20,0.1,20,0.1,,0.1,15,0.1,,12,0.2,,30,0.1,,30,0.1,,30,0.1,20,0.1,,0.15,20,0.1,,20,0.08,,0.1,,0.1,30,0.09,,0.15,,0.15,,0.15,,0.15,,,,0.15,18,0.08,,,,,,,,,,,,,,,,,,,,,,,,,,,,,,,,,,,,,,,,,,,,,,,,,,,,,,,,,,,,,,,,,,,,,,,30,0.1,
4042,Player/Npcs/Prefabs/boss121_a.prefab,,Tử Long,,,,4,1,20,0.1,6,0.1,20,,0,,,20,0.1,20,0.1,,0.1,15,0.1,,12,0.2,,30,0.1,,30,0.1,,30,0.1,20,0.1,,0.15,20,0.1,,20,0.08,,0.1,,0.1,30,0.09,,0.15,,0.15,,0.15,,0.15,,,,0.15,18,0.08,,,,,,,,,,,,,,,,,,,,,,,,,,,,,,,,,,,,,,,,,,,,,,,,,,,,,,,,,,,,,,,,,,,,,,,30,0.1,
4043,Player/Npcs/Prefabs/boss121_b.prefab,63,Kim Long,,,,4,1,20,0.1,6,0.1,20,,0,,,20,0.1,20,0.1,,0.1,15,0.1,,12,0.2,,30,0.1,,30,0.1,,30,0.1,20,0.1,,0.15,20,0.1,,20,0.08,,0.1,,0.1,30,0.09,,0.15,,0.15,,0.15,,0.15,,,,0.15,18,0.08,,,,,,,,,,,,,,,,,,,,,,,,,,,,,,,,,,,,,,,,,,,,,,,,,,,,,,,,,,,,,,,,,,,,,,,30,0.1,
4044,Player/Npcs/Prefabs/boss121_c.prefab,63,Bạch Long,,,,4,1,20,0.1,6,0.1,20,,0,,,20,0.1,20,0.1,,0.1,15,0.1,,12,0.2,,30,0.1,,30,0.1,,30,0.1,20,0.1,,0.15,20,0.1,,20,0.08,,0.1,,0.1,30,0.09,,0.15,,0.15,,0.15,,0.15,,,,0.15,18,0.08,,,,,,,,,,,,,,,,,,,,,,,,,,,,,,,,,,,,,,,,,,,,,,,,,,,,,,,,,,,,,,,,,,,,,,,30,0.1,
4045,Player/Npcs/Prefabs/boss121_d.prefab,63,Hắc Long,,,,4,1,20,0.1,6,0.1,20,,0,,,20,0.1,20,0.1,,0.1,15,0.1,,12,0.2,,30,0.1,,30,0.1,,30,0.1,20,0.1,,0.15,20,0.1,,20,0.08,,0.1,,0.1,30,0.09,,0.15,,0.15,,0.15,,0.15,,,,0.15,18,0.08,,,,,,,,,,,,,,,,,,,,,,,,,,,,,,,,,,,,,,,,,,,,,,,,,,,,,,,,,,,,,,,,,,,,,,,30,0.1,
4046,Player/Npcs/Prefabs/npc_346.prefab,,Long Oa,,,,1.75,0.5,16,0.1,6,0.1,19,,0,,,30,0.5,16,0.5,,0.1,16,0.1,,12,0.2,,20,0.2,,30,0.2,,30,0.2,20,0.2,22,0.15,15,0.1,,15,0.08,,0.1,,0.1,,0.09,,0.15,,0.15,,0.15,,0.15,,,,0.15,,0.08,,,,,,,,,,,,,,,,,,,,,,,,,20,0.05,,,,,,,,,,,,,,,,,,,,,,,,,,,,,,,,,,,,,,,,,,,,,30,0.2,
4047,Player/critter/prefab/critter_mache003.prefab,,Tiêu Xa Nguyên Vẹn,,,,1.75,0.5,16,0.1,6,0.1,19,,0,,,30,0.5,16,0.5,,0.1,15,0.1,,12,0.2,,30,0.1,,30,0.1,,30,0.1,20,0.2,,0.15,15,0.1,,15,0.08,,0.1,,0.1,30,0.09,,0.15,,0.15,,0.15,,0.15,,,,0.15,18,0.08,,,,,,,,,,,,,,,,,,,,,,,,,,,,,,,,,,,,,,,,,,,,,,,,,,,,,,,,,,,,,,,,,,,,,,,30,0.1,
4048,Player/critter/prefab/critter_mache004.prefab,,Tiêu Xa Hỏng,,,,1.75,0.5,16,0.1,6,0.1,19,,0,,,30,0.5,16,0.5,,0.1,15,0.1,,12,0.2,,30,0.1,,30,0.1,,30,0.1,20,0.2,,0.15,15,0.1,,15,0.08,,0.1,,0.1,30,0.09,,0.15,,0.15,,0.15,,0.15,,,,0.15,18,0.08,,,,,,,,,,,,,,,,,,,,,,,,,,,,,,,,,,,,,,,,,,,,,,,,,,,,,,,,,,,,,,,,,,,,,,,30,0.1,
4049,Player/Npcs/Prefabs/boss127.prefab,,Bổn Quan,,,,2.5,0.5,20,0.1,13,0.1,24,,0,,,30,0.1,18,0.1,,0.1,16,0.1,,10,0.2,,30,0.1,,30,0.1,,30,0.1,20,0.1,,0.15,26,0.1,,28,0.08,,0.1,,0.1,30,0.09,,0.15,,0.15,,0.15,,0.15,,,,0.15,18,0.08,,,,,,,,,,,,,,,,,,,,,,,,,,,,,,,,,,,,,,,,,,,,,,,,,,,,,,,,,,,,,,,,,,,,,,,30,0.1,
4050,Player/Npcs/Prefabs/boss129.prefab,,Bổn Tham,,,,2.5,0.5,20,0.1,12,0.1,20,,0,,,33,0.1,16,0.1,,0.1,18,0.1,,12,0.2,,30,0.1,,30,0.1,,30,0.1,20,0.1,,0.15,26,0.1,,31,0.08,,0.1,,0.1,30,0.09,,0.15,,0.15,,0.15,,0.15,,,,0.15,18,0.08,,,,,,,,,,,,,,,,,,,,,,,,,,,,,,,,,,,,,,,,,,,,,,,,,,,,,,,,,,,,,,,,,,,,,,,30,0.1,
4051,Player/Npcs/Prefabs/boss126.prefab,,Bổn Nhân,,,,2.5,0.5,20,0.1,12,0.1,21,,0,,,36,0.1,16,0.1,,0.1,16,0.1,,12,0.2,,30,0.1,,30,0.1,,30,0.1,20,0.1,,0.15,25,0.1,,27,0.08,,0.1,,0.1,30,0.09,,0.15,,0.15,,0.15,,0.15,,,,0.15,18,0.08,,,,,,,,,,,,,,,,,,,,,,,,,,,,,,,,,,,,,,,,,,,,,,,,,,,,,,,,,,,,,,,,,,,,,,,30,0.1,
4052,Player/Npcs/Prefabs/boss128.prefab,,Bổn Tướng,,,,2.5,0.5,20,0.1,11,0.1,22,,0,,,37,0.1,16,0.1,,0.1,15,0.1,,12,0.2,,30,0.1,,30,0.1,,30,0.1,20,0.1,,0.15,29,0.1,,25,0.08,,0.1,,0.1,30,0.09,,0.15,,0.15,,0.15,,0.15,,,,0.15,18,0.08,,,,,,,,,,,,,,,,,,,,,,,,,,,,,,,,,,,,,,,,,,,,,,,,,,,,,,,,,,,,,,,,,,,,,,,30,0.1,
4053,Player/Npcs/Prefabs/boss130.prefab,61,Thủ Lĩnh Thích Khách,,,,2.5,0.5,16,0.1,6,0.1,20,,0,,,30,0.1,16,0.5,,0.1,15,0.1,,10,0.2,,30,0.2,,30,0.2,,30,0.2,20,0.2,,0.15,15,0.1,,22,0.08,,0.1,,0.1,,0.09,,0.15,,0.15,,0.15,,0.15,,,,0.15,,0.08,,,,,,,,,,,,,,,,,,,,,,,,,,,,,,,,,,,,,,,,,,,,,,,,,,,,,,,,,,,,,,,,,,,,,,,30,0.2,
4054,Player/critter/prefab/biaoqi01.prefab,,Tiêu Kỳ,,,,3.5,0.5,30,0.1,6,0.1,10,,0,,,30,0.1,30,0.1,,0.1,15,0.1,,9,0.2,,10,0.2,,10,0.2,,10,0.2,10,0.2,,0.15,30,0.1,,,0.08,,0.1,,0.1,,0.09,,0.15,,0.15,,0.15,,0.15,,,,0.15,,0.08,,,,,,,,,,,,,,,,,,,,,,,,,,,,,,,,,,,,,,,,,,,,,,,,,,,,,,,,,,,,,,,,,,,,,,,10,0.2,
4055,Player/critter/prefab/dilei01.prefab,,Địa Lôi,,,,1.75,0.5,20,0.1,6,0.1,20,,0,,,30,0.1,16,0.1,,0.1,16,0.1,,12,0.2,,30,0.1,,30,0.1,,30,0.1,20,0.1,,0.15,15,0.1,,18,0.08,,0.1,,0.1,30,0.09,,0.15,,0.15,,0.15,,0.15,,,,0.15,18,0.08,,,,,,,,,,,,,,,,,,,,,,,,,,,,,,,,,,,,,,,,,,,,,,,,,,,,,,,,,,,,,,,,,,,,,,,30,0.1,
4056,Player/critter/prefab/liangcaodui01.prefab,,Cốc Vật,,,,0.5,1,16,0.1,6,0.1,15,,0,,,,0.5,,0.5,,0.1,,0.1,,10,0.2,,30,0.2,,20,0.2,,20,0.2,20,0.2,,0.4,13,0.1,,,0.08,,0.1,,0.1,,0.09,,0.15,,0.15,,0.15,,0.15,,,,0.15,,0.08,,,,,,,,,,,,,,,,,,,,,,,,,,,,,,,,,,,,,,,,,,,,,,,,,,,,,,,,,,,,,,,,,,,,,,,20,0.2,
4057,Player/critter/prefab/baicai.prefab,,Rau,,,,0.75,0.5,,,6,,,,,,,,,,,,,15,0.1,,,,,10,0.2,,10,0.2,,10,0.2,,,,,8,0.1,,,,,,,,,,,,,,,,,,,,,,,,,,,,,,,,,,,,,,,,,,,,,,,,,,,,,,,,,,,,,,,,,,,,,,,,,,,,,,,,,,,,,,,,,,,,,,10,0.2,
4058,Player/Npcs/Prefabs/npc_349.prefab,,Trân Châu Bối,,,,0.5,1,16,0.1,6,0.1,15,,0,,,,0.5,,0.5,,0.1,,0.1,,10,0.2,,30,0.2,,20,0.2,,20,0.2,20,0.2,,0.4,13,0.1,,,0.08,,0.1,,0.1,,0.09,,0.15,,0.15,,0.15,,0.15,,,,0.15,,0.08,,,,,,,,,,,,,,,,,,,,,,,,,,,,,,,,,,,,,,,,,,,,,,,,,,,,,,,,,,,,,,,,,,,,,,,20,0.2,
4059,Effect/Prefabs/HuoDong/Effect_qrj_zhengzhu.prefab,,Trân Châu,,,,0.5,0.5,30,0.1,6,0.1,10,,0,,,30,0.1,30,0.1,,0.1,15,0.1,,9,0.2,,10,0.2,,10,0.2,,10,0.2,10,0.2,,0.15,30,0.1,,,0.08,,0.1,,0.1,,0.09,,0.15,,0.15,,0.15,,0.15,,,,0.15,,0.08,,,,,,,,,,,,,,,,,,,,,,,,,,,,,,,,,,,,,,,,,,,,,,,,,,,,,,,,,,,,,,,,,,,,,,,10,0.2,
4060,Effect/Prefabs/HuoDong/Effect_qrj_zhengti.prefab,,Trái Tim,,,,0.5,0.5,30,0.1,6,0.1,10,,0,,,30,0.1,30,0.1,,0.1,15,0.1,,9,0.2,,10,0.2,,10,0.2,,10,0.2,10,0.2,,0.15,30,0.1,,,0.08,,0.1,,0.1,,0.09,,0.15,,0.15,,0.15,,0.15,,,,0.15,,0.08,,,,,,,,,,,,,,,,,,,,,,,,,,,,,,,,,,,,,,,,,,,,,,,,,,,,,,,,,,,,,,,,,,,,,,,10,0.2,
4061,Effect/Prefabs/HuoDong/Effect_qrj_tishi.prefab,,Vị trí đặt,,,,0.5,0.5,30,0.1,6,0.1,10,,0,,,30,0.1,30,0.1,,0.1,15,0.1,,9,0.2,,10,0.2,,10,0.2,,10,0.2,10,0.2,,0.15,30,0.1,,,0.08,,0.1,,0.1,,0.09,,0.15,,0.15,,0.15,,0.15,,,,0.15,,0.08,,,,,,,,,,,,,,,,,,,,,,,,,,,,,,,,,,,,,,,,,,,,,,,,,,,,,,,,,,,,,,,,,,,,,,,10,0.2,
4062,Player/Npcs/Prefabs/npc_353.prefab,,Lễ Tình Nhân Nữ,,,,1.75,0.5,16,0.1,6,0.1,19,,0,,,30,0.5,16,0.5,,0.1,16,0.1,,12,0.2,,20,0.2,,267,0.2,,30,0.2,20,0.2,22,0.15,15,0.1,,15,0.08,,0.1,,0.1,15,0.09,,0.15,,0.15,,0.15,,0.15,,,,0.15,,0.08,,,,,,,,,,,,,,,,,,,,,,,,,20,0.05,,,,,,,,,,,,,,,,,,,,,,,,,,,,,,,,,,,,,,,,,,,,,267,0.2,
4063,Player/Npcs/Prefabs/npc_354.prefab,,Lễ Tình Nhân Nam,,,,1.75,0.5,16,0.1,6,0.1,19,,0,,,30,0.5,16,0.5,,0.1,16,0.1,,12,0.2,,20,0.2,,267,0.2,,30,0.2,20,0.2,22,0.15,15,0.1,,15,0.08,,0.1,,0.1,17,0.09,,0.15,,0.15,,0.15,,0.15,,,,0.15,,0.08,,,,,,,,,,,,,,,,,,,,,,,,,20,0.05,,,,,,,,,,,,,,,,,,,,,,,,,,,,,,,,,,,,,,,,,,,,,267,0.2,
4064,Player/Npcs/Prefabs/npc_351.prefab,212,Nguyên Tiêu Đuổi Chuột,,,,1,0.5,86,0.1,6,0.1,,,0,,,30,0.1,16,0.1,,0.1,16,0.1,,8,0.08,,20,0.1,,58,0.1,,30,0.1,20,0.1,,0.15,78,0.1,,61,0.08,79,0.1,59,0.1,43,0.09,53,0.15,53,0.15,47,0.15,49,0.15,,,,0.15,66,0.08,55,,,,,,,,,,,,,,9,0.08,,,,,,,,,,,,,,,30,0.15,43,0.15,32,0.15,,,29,0.15,28,0.15,29,0.15,28,0.15,,,,,,,,,,,,,,,,,,,,,,,,,58,0.1,
4065,Player/Npcs/Prefabs/npc_352.prefab,,Long Môn Bí Quật Hổ Đôn,,,,0.5,0.5,20,0.1,6,0.1,20,,0,,,19,0.1,19,0.1,,0.1,15,0.1,,24,0.2,,30,0.1,,30,0.1,,30,0.1,20,0.1,,0.15,15,0.1,,17,0.08,,0.1,,0.1,30,0.09,,0.15,,0.15,,0.15,,0.15,,,,0.15,18,0.08,,,,,,,,,,,,,,,,,,,,,,,,,,,,,,,,,,,,,,,,,,,,,,,,,,,,,,,,,,,,,,,,,,,,,,,30,0.1,
4066,Effect/Prefabs/JueSe/NPC/Fuben/TongYong/hd_KongMingDeng2_d.prefab,,Nguyên Tiêu Khổng Minh Đăng,,,,1.75,0.5,,,,,,,,,,,,,,,,,,,,,,,,,,,,,,,,,,,,,,,,,,,,,,,,,,,,,,,,,,,,,,,,,,,,,,,,,,,,,,,,,,,,,,,,,,,,,,,,,,,,,,,,,,,,,,,,,,,,,,,,,,,,,,,,,,,
4067,Effect/Prefabs/HuoDong/Effect_qrj_tishi_cg.prefab,,Vị trí đặt,,,,0.5,0.5,30,0.1,6,0.1,10,,0,,,30,0.1,30,0.1,,0.1,15,0.1,,9,0.2,,10,0.2,,10,0.2,,10,0.2,10,0.2,,0.15,30,0.1,,,0.08,,0.1,,0.1,,0.09,,0.15,,0.15,,0.15,,0.15,,,,0.15,,0.08,,,,,,,,,,,,,,,,,,,,,,,,,,,,,,,,,,,,,,,,,,,,,,,,,,,,,,,,,,,,,,,,,,,,,,,10,0.2,
4068,Effect/Prefabs/HuoDong/Effect_baozi.prefab,,Bánh Bao Thịt Lớn,,,,0.5,0.5,30,0.1,6,0.1,10,,0,,,30,0.1,30,0.1,,0.1,15,0.1,,9,0.2,,10,0.2,,10,0.2,,10,0.2,10,0.2,,0.15,30,0.1,,,0.08,,0.1,,0.1,,0.09,,0.15,,0.15,,0.15,,0.15,,,,0.15,,0.08,,,,,,,,,,,,,,,,,,,,,,,,,,,,,,,,,,,,,,,,,,,,,,,,,,,,,,,,,,,,,,,,,,,,,,,10,0.2,
4069,Effect/Prefabs/HuoDong/Effect_fenghuolun.prefab,,Phong Hỏa Luân,,,,0.5,0.5,30,0.1,6,0.1,10,,0,,,30,0.1,30,0.1,,0.1,15,0.1,,9,0.2,,10,0.2,,10,0.2,,10,0.2,10,0.2,,0.15,30,0.1,,,0.08,,0.1,,0.1,,0.09,,0.15,,0.15,,0.15,,0.15,,,,0.15,,0.08,,,,,,,,,,,,,,,,,,,,,,,,,,,,,,,,,,,,,,,,,,,,,,,,,,,,,,,,,,,,,,,,,,,,,,,10,0.2,
4070,Effect/Prefabs/HuoDong/Effect_baozu.prefab,,Pháo Lớn,,,,0.5,0.5,30,0.1,6,0.1,10,,0,,,30,0.1,30,0.1,,0.1,15,0.1,,9,0.2,,10,0.2,,10,0.2,,10,0.2,10,0.2,,0.15,30,0.1,,,0.08,,0.1,,0.1,,0.09,,0.15,,0.15,,0.15,,0.15,,,,0.15,,0.08,,,,,,,,,,,,,,,,,,,,,,,,,,,,,,,,,,,,,,,,,,,,,,,,,,,,,,,,,,,,,,,,,,,,,,,10,0.2,
4071,Scenes/Meshes/sj_ziyuan/prefab/sj_chengchi02_qiao01_npc.prefab,,Trục Lộc-Cầu,,,,2.5,1,,,,,,,,,,,,,,,,,,,,,,,,,,,,,,,,,,,,,,,,,,,,,,,,,,,,,,,,,,,,,,,,,,,,,,,,,,,,,,,,,,,,,,,,,,,,,,,,,,,,,,,,,,,,,,,,,,,,,,,,,,,,,,,,,,,
4072,Scenes/Meshes/sj_ziyuan/prefab/sj_chengchi01_jianyu01_1.prefab,,Trục Lộc-Cổng Giám Ngục,,,,2.5,1,,,,,,,,,,,,,,,,,,,,,,,,,,,,,,,,,,,,,,,,,,,,,,,,,,,,,,,,,,,,,,,,,,,,,,,,,,,,,,,,,,,,,,,,,,,,,,,,,,,,,,,,,,,,,,,,,,,,,,,,,,,,,,,,,,,
4073,Scenes/Meshes/sj_ziyuan/prefab/sj_cunzhai_jianyu01_1.prefab,,Trục Lộc-Cổng Giám Ngục,,,,2.5,1,,,,,,,,,,,,,,,,,,,,,,,,,,,,,,,,,,,,,,,,,,,,,,,,,,,,,,,,,,,,,,,,,,,,,,,,,,,,,,,,,,,,,,,,,,,,,,,,,,,,,,,,,,,,,,,,,,,,,,,,,,,,,,,,,,,
4074,Scenes/Meshes/sj_ziyuan/prefab/sj_chengchi02_ta.prefab,,Chính Điện Thành 2,,,,2.5,0.5,,,,,,,,,,,,,,,,,,,,,,,,,,,,,,,,,,,,,,,,,,,,,,,,,,,,,,,,,,,,,,,,,,,,,,,,,,,,,,,,,,,,,,,,,,,,,,,,,,,,,,,,,,,,,,,,,,,,,,,,,,,,,,,,,,,
4075,Player/Npcs/Prefabs/npc_334.prefab,61,Thành Cát Tư Hãn,,,,1.75,0.5,16,0.1,6,0.1,20,,0,,,30,0.5,16,0.5,,0.1,16,0.1,,12,0.2,,30,0.2,,30,0.2,,30,0.2,20,0.2,,0.4,15,0.1,,15,0.08,,0.1,,0.1,,0.09,,0.15,,0.15,,0.15,,0.15,,,,0.15,,0.08,,,,,,,,,,,,,,,,,,,,,,,,,,,,,,,,,,,,,,,,,,,,,,,,,,,,,,,,,,,,,,,,,,,,,,,30,0.2,
4076,Player/Npcs/Prefabs/npc_357.prefab,,Tú Cầu,,,,0.5,0.5,30,0.1,6,0.1,10,,0,,,30,0.1,30,0.1,,0.1,15,0.1,,9,0.2,,10,0.2,,10,0.2,,10,0.2,10,0.2,,0.15,30,0.1,,,0.08,,0.1,,0.1,,0.09,,0.15,,0.15,,0.15,,0.15,,,,0.15,,0.08,,,,,,,,,,,,,,,,,,,,,,,,,,,,,,,,,,,,,,,,,,,,,,,,,,,,,,,,,,,,,,,,,,,,,,,10,0.2,
4077,Player/Npcs/Prefabs/npc_357a.prefab,,Tú Cầu,,,,0.5,0.5,30,0.1,6,0.1,10,,0,,,30,0.1,30,0.1,,0.1,15,0.1,,9,0.2,,10,0.2,,10,0.2,,10,0.2,10,0.2,,0.15,30,0.1,,,0.08,,0.1,,0.1,,0.09,,0.15,,0.15,,0.15,,0.15,,,,0.15,,0.08,,,,,,,,,,,,,,,,,,,,,,,,,,,,,,,,,,,,,,,,,,,,,,,,,,,,,,,,,,,,,,,,,,,,,,,10,0.2,
4078,Player/Npcs/Prefabs/npc_357b.prefab,,Tú Cầu,,,,0.5,0.5,30,0.1,6,0.1,10,,0,,,30,0.1,30,0.1,,0.1,15,0.1,,9,0.2,,10,0.2,,10,0.2,,10,0.2,10,0.2,,0.15,30,0.1,,,0.08,,0.1,,0.1,,0.09,,0.15,,0.15,,0.15,,0.15,,,,0.15,,0.08,,,,,,,,,,,,,,,,,,,,,,,,,,,,,,,,,,,,,,,,,,,,,,,,,,,,,,,,,,,,,,,,,,,,,,,10,0.2,
4079,Player/Npcs/Prefabs/npc_359.prefab,,Chu sư tỷ,,,,1.75,0.5,20,0.1,6,0.1,20,,0,,,20,0.1,20,0.1,,0.1,15,0.1,,12,0.2,,30,0.1,,30,0.1,,30,0.1,20,0.1,22,0.15,40,0.1,,65,0.08,53,0.1,,0.1,54,0.09,65,0.15,71,0.15,,0.15,,0.15,,,,0.15,18,0.08,,,,,,,,,,,,,,,,,,,,,,,,,46,0.15,45,0.15,54,0.15,,,,,,,,,,,,,,,,,,,,,,,,,,,,,,,,,,,,,,,,,30,0.1,
4080,Player/Npcs/Prefabs/npc_356.prefab,,Thầy Thuần Thú,,,,1.75,0.5,20,0.1,6,0.1,20,,0,,,20,0.1,20,0.1,,0.1,15,0.1,,12,0.2,,20,0.1,,50,0.1,,30,0.1,20,0.1,22,0.15,40,0.1,,65,0.08,53,0.1,,0.1,54,0.09,65,0.15,71,0.15,,0.15,,0.15,,,,0.15,18,0.08,,,,,,,,,,,,,,,,,,,,,,,,,46,0.15,45,0.15,54,0.15,,,,,,,,,,,,,,,,,,,,,,,,,,,,,,,,,,,,,,,,,50,0.1,
4081,Effect/Prefabs/HuoDong/Effect_gencong_qidian.prefab,,Khởi Điểm Tuyến,,,,0.5,0.5,30,0.1,6,0.1,10,,0,,,30,0.1,30,0.1,,0.1,15,0.1,,9,0.2,,10,0.2,,10,0.2,,10,0.2,10,0.2,,0.15,30,0.1,,,0.08,,0.1,,0.1,,0.09,,0.15,,0.15,,0.15,,0.15,,,,0.15,,0.08,,,,,,,,,,,,,,,,,,,,,,,,,,,,,,,,,,,,,,,,,,,,,,,,,,,,,,,,,,,,,,,,,,,,,,,10,0.2,
4082,Effect/Prefabs/HuoDong/Effect_gencong_zhongdian.prefab,,Kênh cuối,,,,0.5,0.5,30,0.1,6,0.1,10,,0,,,30,0.1,30,0.1,,0.1,15,0.1,,9,0.2,,10,0.2,,10,0.2,,10,0.2,10,0.2,,0.15,30,0.1,,,0.08,,0.1,,0.1,,0.09,,0.15,,0.15,,0.15,,0.15,,,,0.15,,0.08,,,,,,,,,,,,,,,,,,,,,,,,,,,,,,,,,,,,,,,,,,,,,,,,,,,,,,,,,,,,,,,,,,,,,,,10,0.2,
4083,Player/critter/prefab/chongwujingsu.prefab,,Trụ Điểm Cuối,,,,0.5,0.5,30,0.1,6,0.1,10,,0,,,30,0.1,30,0.1,,0.1,15,0.1,,9,0.2,,10,0.2,,10,0.2,,10,0.2,10,0.2,,0.15,30,0.1,,,0.08,,0.1,,0.1,,0.09,,0.15,,0.15,,0.15,,0.15,,,,0.15,,0.08,,,,,,,,,,,,,,,,,,,,,,,,,,,,,,,,,,,,,,,,,,,,,,,,,,,,,,,,,,,,,,,,,,,,,,,10,0.2,
4084,Player/Npcs/Prefabs/npc_355.prefab,61,Khiếp Tiết Quân,,,,3,0.5,15,0.1,6,0.1,20,,0,,,15,0.5,15,0.5,,0.1,16,0.1,,12,0.2,,30,0.2,,30,0.2,,30,0.2,20,0.2,26,0.15,15,0.1,,14,0.08,,0.1,,0.1,,0.09,,0.15,,0.15,,0.15,,0.15,,,,0.15,,0.08,,,,,,,,,,,,,,,,,,,,,,,,,,,,,,,,,,,,,,,,,,,,,,,,,,,,,,,,,,,,,,,,,,,,,,,30,0.2,
4085,Player/Npcs/Prefabs/npc_358.prefab,61,Na Nha A,,,,3.5,0.5,30,0.1,6,0.1,10,,0,,,30,0.1,30,0.1,,0.1,15,0.1,,9,0.2,,10,0.2,,10,0.2,,10,0.2,10,0.2,,0.15,30,0.1,,,0.08,,0.1,,0.1,,0.09,,0.15,,0.15,,0.15,,0.15,,,,0.15,,0.08,,,,,,,,,,,,,,,,,,,,,,,,,,,,,,,,,,,,,,,,,,,,,,,,,,,,,,,,,,,,,,,,,,,,,,,10,0.2,
4086,Player/Npcs/Prefabs/npc_055_A.prefab,64,BOSS Trục Lộc Chiến,,,,1.75,0.5,20,0.1,6,0.1,20,,0,,,20,0.1,20,0.1,,0.1,15,0.1,,12,0.2,,30,0.1,,30,0.1,,30,0.1,20,0.1,22,0.15,40,0.1,,65,0.08,53,0.1,,0.1,54,0.09,65,0.15,71,0.15,,0.15,,0.15,,,,0.15,18,0.08,,,,,,,,,,,,,,,,,,,,,,,,,46,0.15,45,0.15,54,0.15,,,,,,,,,,,,,,,,,,,,,,,,,,,,,,,,,,,,,,,,,30,0.1,
4087,Player/Npcs/Prefabs/npc_057_b_A.prefab,64,BOSS Trục Lộc Chiến,,,,1.75,0.5,20,0.1,6,0.1,20,,0,,,20,0.1,20,0.1,,0.1,15,0.1,,12,0.2,,30,0.1,,30,0.1,,30,0.1,20,0.1,22,0.15,40,0.1,,65,0.08,53,0.1,,0.1,54,0.09,65,0.15,71,0.15,,0.15,,0.15,,,,0.15,18,0.08,,,,,,,,,,,,,,,,,,,,,,,,,46,0.15,45,0.15,54,0.15,,,,,,,,,,,,,,,,,,,,,,,,,,,,,,,,,,,,,,,,,30,0.1,
4088,Player/Npcs/Prefabs/npc_054_A.prefab,61,BOSS Trục Lộc Chiến,,,,1.75,0.5,20,0.1,6,0.1,20,,0,,,20,0.1,20,0.1,,0.1,15,0.1,,12,0.2,,30,0.1,,30,0.1,,30,0.1,20,0.1,22,0.15,40,0.1,,65,0.08,53,0.1,,0.1,54,0.09,65,0.15,71,0.15,,0.15,,0.15,,,,0.15,18,0.08,,,,,,,,,,,,,,,,,,,,,,,,,46,0.15,45,0.15,54,0.15,,,,,,,,,,,,,,,,,,,,,,,,,,,,,,,,,,,,,,,,,30,0.1,
4089,Player/Npcs/Prefabs/npc_220_A.prefab,61,BOSS Trục Lộc Chiến,,,,1.75,0.5,20,0.1,6,0.1,20,,0,,,20,0.1,20,0.1,,0.1,15,0.1,,12,0.2,,30,0.1,,30,0.1,,30,0.1,20,0.1,22,0.15,40,0.1,,65,0.08,53,0.1,,0.1,54,0.09,65,0.15,71,0.15,,0.15,,0.15,,,,0.15,18,0.08,,,,,,,,,,,,,,,,,,,,,,,,,46,0.15,45,0.15,54,0.15,,,,,,,,,,,,,,,,,,,,,,,,,,,,,,,,,,,,,,,,,30,0.1,
4090,Player/Npcs/Prefabs/boss010_A.prefab,63,BOSS Trục Lộc Chiến,,,,1.75,0.5,20,0.1,6,0.1,20,,0,,,20,0.1,20,0.1,,0.1,15,0.1,,12,0.2,,30,0.1,,30,0.1,,30,0.1,20,0.1,22,0.15,40,0.1,,65,0.08,53,0.1,,0.1,54,0.09,65,0.15,71,0.15,,0.15,,0.15,,,,0.15,18,0.08,,,,,,,,,,,,,,,,,,,,,,,,,46,0.15,45,0.15,54,0.15,,,,,,,,,,,,,,,,,,,,,,,,,,,,,,,,,,,,,,,,,30,0.1,
4619,Player/Npcs/Prefabs/boss132.prefab,203,Thiên Hỏa Phân Thân,,,,3.5,0.5,20,0.1,6,0.1,20,,0,,,20,0.1,20,0.1,,0.1,15,0.1,,12,0.2,,30,0.1,,30,0.1,,30,0.1,20,0.1,22,0.15,40,0.1,,65,0.08,53,0.1,,0.1,54,0.09,65,0.15,71,0.15,,0.15,,0.15,,,,0.15,18,0.08,,,,,,,,,,,,,,,,,,,,,,,,,,,,,,,,,,,,,,,,,,,,,,,,,,,,,,,,,,,,,,,,,,,,,,,,,
4620,Player/Npcs/Prefabs/npc_236A.prefab,,Trần Cung,,,,1.75,0.5,20,0.1,6,0.1,20,,0,,,20,0.1,20,0.1,,0.1,15,0.1,,12,0.2,,30,0.1,,30,0.1,,30,0.1,20,0.1,22,0.15,40,0.1,,65,0.08,53,0.1,,0.1,54,0.09,65,0.15,71,0.15,,0.15,,0.15,,,,0.15,18,0.08,,,,,,,,,,,,,,,,,,,,,,,,,46,0.15,45,0.15,54,0.15,,,,,,,,,,,,,,,,,,,,,,,,,,,,,,,,,,,,,,,,,30,0.1,
4621,Player/Npcs/Prefabs/npc_172A.prefab,,Phùng Ưng,,,,1.75,0.5,20,0.1,6,0.1,20,,0,,,20,0.1,20,0.1,,0.1,15,0.1,,12,0.2,,30,0.1,,30,0.1,,30,0.1,20,0.1,22,0.15,40,0.1,,65,0.08,53,0.1,,0.1,54,0.09,65,0.15,71,0.15,,0.15,,0.15,,,,0.15,18,0.08,,,,,,,,,,,,,,,,,,,,,,,,,46,0.15,45,0.15,54,0.15,,,,,,,,,,,,,,,,,,,,,,,,,,,,,,,,,,,,,,,,,30,0.1,
4622,Player/Npcs/Prefabs/npc_171A.prefab,,Quách Hoài,,,,1.75,0.5,20,0.1,6,0.1,20,,0,,,20,0.1,20,0.1,,0.1,15,0.1,,12,0.2,,30,0.1,,30,0.1,,30,0.1,20,0.1,22,0.15,40,0.1,,65,0.08,53,0.1,,0.1,54,0.09,65,0.15,71,0.15,,0.15,,0.15,,,,0.15,18,0.08,,,,,,,,,,,,,,,,,,,,,,,,,46,0.15,45,0.15,54,0.15,,,,,,,,,,,,,,,,,,,,,,,,,,,,,,,,,,,,,,,,,30,0.1,
4623,Effect/Prefabs/HuoDong/effect_qq_h.prefab,,Vòng Sáng 1,,,,0.5,0.5,30,0.1,6,0.1,10,,0,,,30,0.1,30,0.1,,0.1,15,0.1,,9,0.2,,10,0.2,,10,0.2,,10,0.2,10,0.2,,0.15,30,0.1,,,0.08,,0.1,,0.1,,0.09,,0.15,,0.15,,0.15,,0.15,,,,0.15,,0.08,,,,,,,,,,,,,,,,,,,,,,,,,,,,,,,,,,,,,,,,,,,,,,,,,,,,,,,,,,,,,,,,,,,,,,,10,0.2,
4624,Effect/Prefabs/HuoDong/effect_qq_n.prefab,,Vòng Sáng 2,,,,0.5,0.5,30,0.1,6,0.1,10,,0,,,30,0.1,30,0.1,,0.1,15,0.1,,9,0.2,,10,0.2,,10,0.2,,10,0.2,10,0.2,,0.15,30,0.1,,,0.08,,0.1,,0.1,,0.09,,0.15,,0.15,,0.15,,0.15,,,,0.15,,0.08,,,,,,,,,,,,,,,,,,,,,,,,,,,,,,,,,,,,,,,,,,,,,,,,,,,,,,,,,,,,,,,,,,,,,,,10,0.2,
4625,Player/critter/prefab/znq_zhujianttai_diji.prefab,,Thần Kiếm-Sơ,,,,3,0.5,,,,,,,,,,,,,,,,,,,,,,,,,,,,,,,,,,,,,,,,,,,,,,,,,,,,,,,,,,,,,,,,,,,,,,,,,,,,,,,,,,,,,,,,,,,,,,,,,,,,,,,,,,,,,,,,,,,,,,,,,,,,,,,,,,,
4626,Player/critter/prefab/znq_zhujianttai_zhongji.prefab,,Thần Kiếm-Trung,,,,3,0.5,,,,,,,,,,,,,,,,,,,,,,,,,,,,,,,,,,,,,,,,,,,,,,,,,,,,,,,,,,,,,,,,,,,,,,,,,,,,,,,,,,,,,,,,,,,,,,,,,,,,,,,,,,,,,,,,,,,,,,,,,,,,,,,,,,,
4627,Player/critter/prefab/znq_zhujianttai_gaoji.prefab,,Thần Kiếm-Cao,,,,3,0.5,,,,,,,,,,,,,,,,,,,,,,,,,,,,,,,,,,,,,,,,,,,,,,,,,,,,,,,,,,,,,,,,,,,,,,,,,,,,,,,,,,,,,,,,,,,,,,,,,,,,,,,,,,,,,,,,,,,,,,,,,,,,,,,,,,,
4628,Player/critter/prefab/critter_mache005.prefab,203,Xe ngựa-LaLa,,,,1.75,0.5,30,0.1,6,0.1,10,,0,,,30,0.1,30,0.1,,0.1,15,0.1,,15,0.2,,135,0.2,,135,0.2,,135,0.2,10,0.2,,0.15,30,0.1,,,0.08,,0.1,,0.1,,0.09,,0.15,,0.15,,0.15,,0.15,,,,0.15,,0.08,,,,,,,,,,,,,,,,,,,,,,,,,,,,,,,,,,,,,,,,,,,,,,,,,,,,,,,,,,,,,,,,,,,,,,,135,0.2,
4629,Player/Npcs/Prefabs/npc_360l.prefab,,Xe Lương Thực Lục-LaLa,,,,1.75,1,16,0.1,6,0.1,15,,0,,,,0.5,,0.5,,0.1,,0.1,,10,0.2,,30,0.2,,20,0.2,,20,0.2,20,0.2,,0.4,13,0.1,,,0.08,,0.1,,0.1,,0.09,,0.15,,0.15,,0.15,,0.15,,,,0.15,,0.08,,,,,,,,,,,,,,,,,,,,,,,,,,,,,,,,,,,,,,,,,,,,,,,,,,,,,,,,,,,,,,,,,,,,,,,20,0.2,
4630,Player/Npcs/Prefabs/npc_360f.prefab,,Xe Lương Thực Lam-LaLa,,,,1.75,1,16,0.1,6,0.1,15,,0,,,,0.5,,0.5,,0.1,,0.1,,10,0.2,,30,0.2,,20,0.2,,20,0.2,20,0.2,,0.4,13,0.1,,,0.08,,0.1,,0.1,,0.09,,0.15,,0.15,,0.15,,0.15,,,,0.15,,0.08,,,,,,,,,,,,,,,,,,,,,,,,,,,,,,,,,,,,,,,,,,,,,,,,,,,,,,,,,,,,,,,,,,,,,,,20,0.2,
4631,Player/Npcs/Prefabs/npc_360g.prefab,,Xe Lương Thực Tím-LaLa,,,,1.75,1,16,0.1,6,0.1,15,,0,,,,0.5,,0.5,,0.1,,0.1,,10,0.2,,30,0.2,,20,0.2,,20,0.2,20,0.2,,0.4,13,0.1,,,0.08,,0.1,,0.1,,0.09,,0.15,,0.15,,0.15,,0.15,,,,0.15,,0.08,,,,,,,,,,,,,,,,,,,,,,,,,,,,,,,,,,,,,,,,,,,,,,,,,,,,,,,,,,,,,,,,,,,,,,,20,0.2,
4632,Player/Npcs/Prefabs/npc_360e.prefab,,Xe Lương Thực Lục Chở Người-LaLa,,,,1.75,1,16,0.1,6,0.1,15,,0,,,,0.5,,0.5,,0.1,,0.1,,10,0.2,,30,0.2,,20,0.2,,20,0.2,20,0.2,,0.4,13,0.1,,,0.08,,0.1,,0.1,,0.09,,0.15,,0.15,,0.15,,0.15,,,,0.15,,0.08,,,,,,,,,,,,,,,,,,,,,,,,,,,,,,,,,,,,,,,,,,,,,,,,,,,,,,,,,,,,,,,,,,,,,,,20,0.2,
4633,Player/Npcs/Prefabs/npc_360c.prefab,,Xe Lương Thực Lam Chở Người-LaLa,,,,1.75,1,16,0.1,6,0.1,15,,0,,,,0.5,,0.5,,0.1,,0.1,,10,0.2,,30,0.2,,20,0.2,,20,0.2,20,0.2,,0.4,13,0.1,,,0.08,,0.1,,0.1,,0.09,,0.15,,0.15,,0.15,,0.15,,,,0.15,,0.08,,,,,,,,,,,,,,,,,,,,,,,,,,,,,,,,,,,,,,,,,,,,,,,,,,,,,,,,,,,,,,,,,,,,,,,20,0.2,
4634,Player/Npcs/Prefabs/npc_360d.prefab,,Xe Lương Thực Tím Chở Người-LaLa,,,,1.75,1,16,0.1,6,0.1,15,,0,,,,0.5,,0.5,,0.1,,0.1,,10,0.2,,30,0.2,,20,0.2,,20,0.2,20,0.2,,0.4,13,0.1,,,0.08,,0.1,,0.1,,0.09,,0.15,,0.15,,0.15,,0.15,,,,0.15,,0.08,,,,,,,,,,,,,,,,,,,,,,,,,,,,,,,,,,,,,,,,,,,,,,,,,,,,,,,,,,,,,,,,,,,,,,,20,0.2,
4635,Player/Npcs/Prefabs/npc_361.prefab,,Gian hàng LaLa,,,,2,1,16,0.1,6,0.1,15,,0,,,,0.5,,0.5,,0.1,,0.1,,10,0.2,,30,0.2,,20,0.2,,20,0.2,20,0.2,,0.4,13,0.1,,,0.08,,0.1,,0.1,,0.09,,0.15,,0.15,,0.15,,0.15,,,,0.15,,0.08,,,,,,,,,,,,,,,,,,,,,,,,,,,,,,,,,,,,,,,,,,,,,,,,,,,,,,,,,,,,,,,,,,,,,,,20,0.2,
4636,Player/Horse/Prefabs/Horse23_a.prefab,,Tiểu Mã-Phấn,,,,2,0.5,38,0.1,6,0.1,20,,0,30,0.1,35,0.09,18,0.09,13,0.1,15,0.1,,12,0.1,,30,0.1,,72,0,,30,0.1,30,0.1,25,0.06,10,0.1,,10,0.08,12,0.08,14,0.1,13,0.05,14,0.05,10,0.05,18,0.15,20,0.15,,,5,,5,0.08,10,0.01,20,0,5,0,13,0,18,0,20,0,28,0.15,23,0.4,,,,,15,0.05,30,0.1,15,0.05,,,,,,,,,,,,,,,,,,,,,,,,,,,,,,,,,,,,,,,,,,,,,72,0,
4637,Player/Npcs/Prefabs/boss132.prefab,61,Thiên Hỏa,,,,3.5,0.5,20,0.1,6,0.1,20,,0,,,20,0.1,20,0.1,,0.1,15,0.1,,12,0.2,,30,0.1,,30,0.1,,30,0.1,20,0.1,22,0.15,40,0.1,,65,0.08,53,0.1,,0.1,54,0.09,65,0.15,71,0.15,,0.15,,0.15,,,,0.15,18,0.08,,,,,,,,,,,,,,,,,,,,,,,,,46,0.15,45,0.15,54,0.15,,,,,,,,,,,,,,,,,,,,,,,,,,,,,,,,,,,,,,,,,30,0.1,
4638,Player/critter/prefab/znq_shuijing01.prefab,212,Thần Kiếm Kết Tinh,,,,1.75,0.5,,,,,,,,,,,,,,,,,,,,,,,,,,,,,,,,,,,,,,,,,,,,,,,,,,,,,,,,,,,,,,,,,,,,,,,,,,,,,,,,,,,,,,,,,,,,,,,,,,,,,,,,,,,,,,,,,,,,,,,,,,,,,,,,,,,
4639,Effect/Prefabs/HuoDong/Effect_caijishuijing_01.prefab,,Hiệu ứng Thần Kiếm Kết Tinh,,,,,,,,,,,,,,,,,,,,,,,,,,,,,,,,,,,,,,,,,,,,,,,,,,,,,,,,,,,,,,,,,,,,,,,,,,,,,,,,,,,,,,,,,,,,,,,,,,,,,,,,,,,,,,,,,,,,,,,,,,,,,,,,,,,,,,,,
4640,Effect/Prefabs/HuoDong/effect_longzhu_dm.prefab,,Long Châu,,,,1.75,1,16,0.1,6,0.1,15,,0,,,,0.5,,0.5,,0.1,,0.1,,10,0.2,,30,0.2,,20,0.2,,20,0.2,20,0.2,,0.4,13,0.1,,,0.08,,0.1,,0.1,,0.09,,0.15,,0.15,,0.15,,0.15,,,,0.15,,0.08,,,,,,,,,,,,,,,,,,,,,,,,,,,,,,,,,,,,,,,,,,,,,,,,,,,,,,,,,,,,,,,,,,,,,,,20,0.2,
4641,Player/critter/prefab/linglongxiantou_01.prefab,,Rương 1,,,,1.75,0.5,,,6,,,,,,,,,,,,,15,0.1,,,,,10,0.2,,10,0.2,,10,0.2,,,,,8,0.1,,,,,,,,,,,,,,,,,,,,,,,,,,,,,,,,,,,,,,,,,,,,,,,,,,,,,,,,,,,,,,,,,,,,,,,,,,,,,,,,,,,,,,,,,,,,,,10,0.2,
4642,Player/critter/prefab/linglongxiantou_02.prefab,,Rương 2,,,,1.75,0.5,,,6,,,,,,,,,,,,,15,0.1,,,,,10,0.2,,10,0.2,,10,0.2,,,,,8,0.1,,,,,,,,,,,,,,,,,,,,,,,,,,,,,,,,,,,,,,,,,,,,,,,,,,,,,,,,,,,,,,,,,,,,,,,,,,,,,,,,,,,,,,,,,,,,,,10,0.2,
4643,Player/critter/prefab/linglongxiantou_03.prefab,,Bảo Rương-3,,,,1.75,0.5,,,6,,,,,,,,,,,,,15,0.1,,,,,10,0.2,,10,0.2,,10,0.2,,,,,8,0.1,,,,,,,,,,,,,,,,,,,,,,,,,,,,,,,,,,,,,,,,,,,,,,,,,,,,,,,,,,,,,,,,,,,,,,,,,,,,,,,,,,,,,,,,,,,,,,10,0.2,
4644,Player/critter/prefab/linglongxiantou_04.prefab,,Bảo Rương-4,,,,1.75,0.5,,,6,,,,,,,,,,,,,15,0.1,,,,,10,0.2,,10,0.2,,10,0.2,,,,,8,0.1,,,,,,,,,,,,,,,,,,,,,,,,,,,,,,,,,,,,,,,,,,,,,,,,,,,,,,,,,,,,,,,,,,,,,,,,,,,,,,,,,,,,,,,,,,,,,,10,0.2,
4645,Player/critter/prefab/linglongxiantou_05.prefab,,Bảo Rương-5,,,,1.75,0.5,,,6,,,,,,,,,,,,,15,0.1,,,,,10,0.2,,10,0.2,,10,0.2,,,,,8,0.1,,,,,,,,,,,,,,,,,,,,,,,,,,,,,,,,,,,,,,,,,,,,,,,,,,,,,,,,,,,,,,,,,,,,,,,,,,,,,,,,,,,,,,,,,,,,,,10,0.2,
4646,Player/critter/prefab/linglongxiantou_06.prefab,61,Bảo Rương-6,,,,1.75,0.5,,,6,,,,,,,,,,,,,15,0.1,,,,,10,0.2,,10,0.2,,10,0.2,,,,,8,0.1,,,,,,,,,,,,,,,,,,,,,,,,,,,,,,,,,,,,,,,,,,,,,,,,,,,,,,,,,,,,,,,,,,,,,,,,,,,,,,,,,,,,,,,,,,,,,,10,0.2,
4647,Effect/Prefabs/JueSe/other1/Effect_xingmo_dimian_da.prefab,,Khí Vận Phù-Đại,,,,0.5,0.5,30,0.1,6,0.1,10,,0,,,30,0.1,30,0.1,,0.1,15,0.1,,9,0.2,,10,0.2,,10,0.2,,10,0.2,10,0.2,,0.15,30,0.1,,,0.08,,0.1,,0.1,,0.09,,0.15,,0.15,,0.15,,0.15,,,,0.15,,0.08,,,,,,,,,,,,,,,,,,,,,,,,,,,,,,,,,,,,,,,,,,,,,,,,,,,,,,,,,,,,,,,,,,,,,,,10,0.2,
4648,Effect/Prefabs/JueSe/other1/Effect_xingmo_dimian_xiao.prefab,,Khí Vận Phù-Tiểu,,,,0.5,0.5,30,0.1,6,0.1,10,,0,,,30,0.1,30,0.1,,0.1,15,0.1,,9,0.2,,10,0.2,,10,0.2,,10,0.2,10,0.2,,0.15,30,0.1,,,0.08,,0.1,,0.1,,0.09,,0.15,,0.15,,0.15,,0.15,,,,0.15,,0.08,,,,,,,,,,,,,,,,,,,,,,,,,,,,,,,,,,,,,,,,,,,,,,,,,,,,,,,,,,,,,,,,,,,,,,,10,0.2,
4649,Effect/Prefabs/JueSe/other1/Effect_xingmo_dimian_shun.prefab,,Khí Vận Phù-Thuận,,,,0.5,0.5,30,0.1,6,0.1,10,,0,,,30,0.1,30,0.1,,0.1,15,0.1,,9,0.2,,10,0.2,,10,0.2,,10,0.2,10,0.2,,0.15,30,0.1,,,0.08,,0.1,,0.1,,0.09,,0.15,,0.15,,0.15,,0.15,,,,0.15,,0.08,,,,,,,,,,,,,,,,,,,,,,,,,,,,,,,,,,,,,,,,,,,,,,,,,,,,,,,,,,,,,,,,,,,,,,,10,0.2,
4650,Effect/Prefabs/JueSe/other1/Effect_xingmo_dimian_he.prefab,,Khí Vận Phù-Hòa,,,,0.5,0.5,30,0.1,6,0.1,10,,0,,,30,0.1,30,0.1,,0.1,15,0.1,,9,0.2,,10,0.2,,10,0.2,,10,0.2,10,0.2,,0.15,30,0.1,,,0.08,,0.1,,0.1,,0.09,,0.15,,0.15,,0.15,,0.15,,,,0.15,,0.08,,,,,,,,,,,,,,,,,,,,,,,,,,,,,,,,,,,,,,,,,,,,,,,,,,,,,,,,,,,,,,,,,,,,,,,10,0.2,
4651,Effect/Prefabs/JueSe/other1/YanHua_11_zhongqiu.prefab,,Pháo Hoa 11,,,,2,0.5,30,0.1,6,0.1,10,,0,,,30,0.1,30,0.1,,0.1,15,0.1,,9,0.2,,10,0.2,,10,0.2,,10,0.2,10,0.2,,0.15,30,0.1,,,0.08,,0.1,,0.1,,0.09,,0.15,,0.15,,0.15,,0.15,,,,0.15,,0.08,,,,,,,,,,,,,,,,,,,,,,,,,,,,,,,,,,,,,,,,,,,,,,,,,,,,,,,,,,,,,,,,,,,,,,,10,0.2,
4652,Player/Npcs/Prefabs/npc_366.prefab,,Triều Hoa Đế Vương,,,,1.75,0.5,20,0.1,6,0.1,20,,0,,,20,0.1,20,0.1,,0.1,15,0.1,,12,0.2,,30,0.1,,30,0.1,,30,0.1,20,0.1,22,0.15,40,0.1,,65,0.08,53,0.1,,0.1,54,0.09,65,0.15,71,0.15,,0.15,,0.15,,,,0.15,18,0.08,,,,,,,,,,,,,,,,,,,,,,,,,46,0.15,45,0.15,54,0.15,,,,,,,,,,,,,,,,,,,,,,,,,,,,,,,,,,,,,,,,,30,0.1,
4653,Player/Npcs/Prefabs/npc_365.prefab,,Liễu Mi,,,,1.75,0.5,20,0.1,6,0.1,20,,0,,,20,0.1,20,0.1,,0.1,15,0.1,,12,0.2,,30,0.1,,30,0.1,,30,0.1,20,0.1,22,0.15,40,0.1,,65,0.08,53,0.1,,0.1,54,0.09,65,0.15,71,0.15,,0.15,,0.15,,,,0.15,18,0.08,,,,,,,,,,,,,,,,,,,,,,,,,46,0.15,45,0.15,54,0.15,,,,,,,,,,,,,,,,,,,,,,,,,,,,,,,,,,,,,,,,,30,0.1,
4654,Player/Npcs/Prefabs/npc_364.prefab,,Mộ Uyễn,,,,1.75,0.5,20,0.1,6,0.1,20,,0,,,20,0.1,20,0.1,,0.1,15,0.1,,12,0.2,,30,0.1,,30,0.1,,30,0.1,20,0.1,22,0.15,40,0.1,,65,0.08,53,0.1,,0.1,54,0.09,65,0.15,71,0.15,,0.15,,0.15,,,,0.15,18,0.08,,,,,,,,,,,,,,,,,,,,,,,,,46,0.15,45,0.15,54,0.15,,,,,,,,,,,,,,,,,,,,,,,,,,,,,,,,,,,,,,,,,30,0.1,
4655,Effect/Prefabs/HuoDong/effect_qq_zl.prefab,,Vòng Sáng Hồi Phục,,,,1.75,0.5,,,6,,,,,,,,,,,,,,,,,,,,,,,,,,,,,,,,,,,,,,,,,,,,,,,,,,,,,,,,,,,,,,,,,,,,,,,,,,,,,,,,,,,,,,,,,,,,,,,,,,,,,,,,,,,,,,,,,,,,,,,,,,,,,,,,
4656,Player/Npcs/Prefabs/npc_367.prefab,,Mộc Đầu Nhân,,,,2.7,0.5,16,0.1,6,0.1,15,,0,,,18,0.5,18,0.5,,0.1,15,0.1,,6,0.2,,30,0.2,,30,0.2,,30,0.2,20,0.2,,0.15,15,0.1,,,0.08,,0.1,,0.1,,0.09,,0.15,,0.15,,0.15,,0.15,,,,0.15,,0.08,,,,,,,,,,,,,,,,,,,,,,,,,,,,,,,,,,,,,,,,,,,,,,,,,,,,,,,,,,,,,,,,,,,,,,,30,0.2,
4657,Player/Npcs/Prefabs/boss020_a.prefab,61,BOSS Trục Lộc Chiến,,,,1.75,0.5,20,0.1,6,0.1,20,,0,,,20,0.1,20,0.1,,0.1,15,0.1,,12,0.2,,30,0.1,,30,0.1,,30,0.1,20,0.1,22,0.15,40,0.1,,65,0.08,53,0.1,,0.1,54,0.09,65,0.15,71,0.15,,0.15,,0.15,,,,0.15,18,0.08,,,,,,,,,,,,,,,,,,,,,,,,,46,0.15,45,0.15,54,0.15,,,,,,,,,,,,,,,,,,,,,,,,,,,,,,,,,,,,,,,,,30,0.1,
4658,Player/Npcs/Prefabs/boss026_a.prefab,212,BOSS Trục Lộc Chiến,,,,1.75,0.5,20,0.1,6,0.1,20,,0,,,20,0.1,20,0.1,,0.1,15,0.1,,12,0.2,,30,0.1,,30,0.1,,30,0.1,20,0.1,22,0.15,40,0.1,,65,0.08,53,0.1,,0.1,54,0.09,65,0.15,71,0.15,,0.15,,0.15,,,,0.15,18,0.08,,,,,,,,,,,,,,,,,,,,,,,,,46,0.15,45,0.15,54,0.15,,,,,,,,,,,,,,,,,,,,,,,,,,,,,,,,,,,,,,,,,30,0.1,
4659,Player/Npcs/Prefabs/boss116_a.prefab,212,BOSS Trục Lộc Chiến,,,,1.75,0.5,20,0.1,6,0.1,20,,0,,,20,0.1,20,0.1,,0.1,15,0.1,,12,0.2,,30,0.1,,30,0.1,,30,0.1,20,0.1,22,0.15,40,0.1,,65,0.08,53,0.1,,0.1,54,0.09,65,0.15,71,0.15,,0.15,,0.15,,,,0.15,18,0.08,,,,,,,,,,,,,,,,,,,,,,,,,46,0.15,45,0.15,54,0.15,,,,,,,,,,,,,,,,,,,,,,,,,,,,,,,,,,,,,,,,,30,0.1,
4660,Player/Npcs/Prefabs/boss133.prefab,215,BOSS Trục Lộc Chiến,,,,1.75,0.5,20,0.1,6,0.1,20,,0,,,20,0.1,20,0.1,,0.1,15,0.1,,12,0.2,,30,0.1,,30,0.1,,30,0.1,20,0.1,22,0.15,40,0.1,,65,0.08,53,0.1,,0.1,54,0.09,65,0.15,71,0.15,,0.15,,0.15,,,,0.15,18,0.08,,,,,,,,,,,,,,,,,,,,,,,,,46,0.15,45,0.15,54,0.15,,,,,,,,,,,,,,,,,,,,,,,,,,,,,,,,,,,,,,,,,30,0.1,
4661,Player/Npcs/Prefabs/boss134.prefab,215,BOSS Trục Lộc Chiến,,,,1.75,0.5,20,0.1,6,0.1,20,,0,,,20,0.1,20,0.1,,0.1,15,0.1,,12,0.2,,30,0.1,,30,0.1,,30,0.1,20,0.1,22,0.15,40,0.1,,65,0.08,53,0.1,,0.1,54,0.09,65,0.15,71,0.15,,0.15,,0.15,,,,0.15,18,0.08,,,,,,,,,,,,,,,,,,,,,,,,,46,0.15,45,0.15,54,0.15,,,,,,,,,,,,,,,,,,,,,,,,,,,,,,,,,,,,,,,,,30,0.1,
4662,Player/Npcs/Prefabs/boss029_a.prefab,,Cửu Ưu Hổ,,,,1.75,0.5,20,0.1,6,0.1,20,,0,,,20,0.1,20,0.1,,0.1,15,0.1,,12,0.2,,30,0.1,,30,0.1,,30,0.1,20,0.1,22,0.15,40,0.1,,65,0.08,53,0.1,,0.1,54,0.09,65,0.15,71,0.15,,0.15,,0.15,,,,0.15,18,0.08,,,,,,,,,,,,,,,,,,,,,,,,,46,0.15,45,0.15,54,0.15,,,,,,,,,,,,,,,,,,,,,,,,,,,,,,,,,,,,,,,,,30,0.1,
4663,Player/Npcs/Prefabs/boss026_a.prefab,,Tinh Vệ Huyền Điểu,,,,1.75,0.5,20,0.1,6,0.1,20,,0,,,20,0.1,20,0.1,,0.1,15,0.1,,12,0.2,,30,0.1,,30,0.1,,30,0.1,20,0.1,22,0.15,40,0.1,,65,0.08,53,0.1,,0.1,54,0.09,65,0.15,71,0.15,,0.15,,0.15,,,,0.15,18,0.08,,,,,,,,,,,,,,,,,,,,,,,,,46,0.15,45,0.15,54,0.15,,,,,,,,,,,,,,,,,,,,,,,,,,,,,,,,,,,,,,,,,30,0.1,
4664,Scenes/Meshes/hd_washe/prefab/hd_washe_kongmingdeng01.prefab,,Thiên Đăng-Nhỏ,,,,1.75,0.5,,,,,,,,,,,,,,,,,,,,,,,,,,,,,,,,,,,,,,,,,,,,,,,,,,,,,,,,,,,,,,,,,,,,,,,,,,,,,,,,,,,,,,,,,,,,,,,,,,,,,,,,,,,,,,,,,,,,,,,,,,,,,,,,,,,
4665,Scenes/Meshes/hd_washe/prefab/hd_washe_kongmingdeng02.prefab,,Thiên Đăng-Vừa,,,,1.75,0.5,,,,,,,,,,,,,,,,,,,,,,,,,,,,,,,,,,,,,,,,,,,,,,,,,,,,,,,,,,,,,,,,,,,,,,,,,,,,,,,,,,,,,,,,,,,,,,,,,,,,,,,,,,,,,,,,,,,,,,,,,,,,,,,,,,,
4666,Scenes/Meshes/hd_washe/prefab/hd_washe_kongmingdeng03.prefab,,Đại Thiên Đăng,,,,1.75,0.5,,,,,,,,,,,,,,,,,,,,,,,,,,,,,,,,,,,,,,,,,,,,,,,,,,,,,,,,,,,,,,,,,,,,,,,,,,,,,,,,,,,,,,,,,,,,,,,,,,,,,,,,,,,,,,,,,,,,,,,,,,,,,,,,,,,
4667,Player/critter/prefab/duobao_npc_dacaishen.prefab,,Tượng Đại Thần Tài,,,,1.75,0.5,,,,,,,,,,,,,,,,,,,,,,,,,,,,,,,,,,,,,,,,,,,,,,,,,,,,,,,,,,,,,,,,,,,,,,,,,,,,,,,,,,,,,,,,,,,,,,,,,,,,,,,,,,,,,,,,,,,,,,,,,,,,,,,,,,,
4668,Player/critter/prefab/duobao_npc_leigong.prefab,,Tượng Lôi Công,,,,1.75,0.5,,,,,,,,,,,,,,,,,,,,,,,,,,,,,,,,,,,,,,,,,,,,,,,,,,,,,,,,,,,,,,,,,,,,,,,,,,,,,,,,,,,,,,,,,,,,,,,,,,,,,,,,,,,,,,,,,,,,,,,,,,,,,,,,,,,
4669,Player/critter/prefab/duobao_npc_pusa.prefab,,Tượng Bồ Tát,,,,1.75,0.5,,,,,,,,,,,,,,,,,,,,,,,,,,,,,,,,,,,,,,,,,,,,,,,,,,,,,,,,,,,,,,,,,,,,,,,,,,,,,,,,,,,,,,,,,,,,,,,,,,,,,,,,,,,,,,,,,,,,,,,,,,,,,,,,,,,
4670,Player/critter/prefab/duobao_npc_xiaocaishen.prefab,,Tượng Thần Tài Nhỏ,,,,1.75,0.5,,,,,,,,,,,,,,,,,,,,,,,,,,,,,,,,,,,,,,,,,,,,,,,,,,,,,,,,,,,,,,,,,,,,,,,,,,,,,,,,,,,,,,,,,,,,,,,,,,,,,,,,,,,,,,,,,,,,,,,,,,,,,,,,,,,
4671,Effect/Prefabs/HuoDong/Effect_yanhua_glws_1.prefab,,Pháo Hoa Ngõa Xá,,,,1.75,0.5,,,,,,,,,,,,,,,,,,,,,,,,,,,,,,,,,,,,,,,,,,,,,,,,,,,,,,,,,,,,,,,,,,,,,,,,,,,,,,,,,,,,,,,,,,,,,,,,,,,,,,,,,,,,,,,,,,,,,,,,,,,,,,,,,,,
4672,Effect/Prefabs/HuoDong/Effect_yanhua_glws_cx.prefab,,Pháo Hoa Ngõa Xá-Tuần hoàn,,,,1.75,0.5,,,,,,,,,,,,,,,,,,,,,,,,,,,,,,,,,,,,,,,,,,,,,,,,,,,,,,,,,,,,,,,,,,,,,,,,,,,,,,,,,,,,,,,,,,,,,,,,,,,,,,,,,,,,,,,,,,,,,,,,,,,,,,,,,,,
4673,Player/Npcs/Prefabs/npc_373.prefab,,Kế Hoạch-Hoa Quyển,,,,1.75,0.5,20,0.1,6,0.1,20,,0,,,20,0.1,20,0.1,,0.1,15,0.1,,12,0.2,,30,0.1,,30,0.1,,30,0.1,20,0.1,22,0.15,40,0.1,,65,0.08,53,0.1,,0.1,54,0.09,65,0.15,71,0.15,,0.15,,0.15,,,,0.15,18,0.08,,,,,,,,,,,,,,,,,,,,,,,,,46,0.15,45,0.15,54,0.15,,,,,,,,,,,,,,,,,,,,,,,,,,,,,,,,,,,,,,,,,30,0.1,
4674,Player/Npcs/Prefabs/npc_372.prefab,,Kế hoạch,,,,1.75,0.5,20,0.1,6,0.1,20,,0,,,20,0.1,20,0.1,,0.1,15,0.1,,12,0.2,,30,0.1,,30,0.1,,30,0.1,20,0.1,22,0.15,40,0.1,,65,0.08,53,0.1,,0.1,54,0.09,65,0.15,71,0.15,,0.15,,0.15,,,,0.15,18,0.08,,,,,,,,,,,,,,,,,,,,,,,,,46,0.15,45,0.15,54,0.15,,,,,,,,,,,,,,,,,,,,,,,,,,,,,,,,,,,,,,,,,30,0.1,
4675,Player/Npcs/Prefabs/npc_371.prefab,,Mỹ thuật,,,,1.75,0.5,20,0.1,6,0.1,20,,0,,,20,0.1,20,0.1,,0.1,15,0.1,,12,0.2,,30,0.1,,30,0.1,,30,0.1,20,0.1,22,0.15,40,0.1,,65,0.08,53,0.1,,0.1,54,0.09,65,0.15,71,0.15,,0.15,,0.15,,,,0.15,18,0.08,,,,,,,,,,,,,,,,,,,,,,,,,46,0.15,45,0.15,54,0.15,,,,,,,,,,,,,,,,,,,,,,,,,,,,,,,,,,,,,,,,,30,0.1,
4676,Player/Npcs/Prefabs/npc_374.prefab,,Kế Hoạch-Đông Đông,,,,1.75,0.5,16,0.1,6,0.1,19,,0,,,30,0.5,16,0.5,,0.1,16,0.1,,12,0.2,,20,0.2,,267,0.2,,30,0.2,20,0.2,22,0.15,15,0.1,,15,0.08,,0.1,,0.1,,0.09,,0.15,,0.15,,0.15,,0.15,,,,0.15,,0.08,,,,,,,,,,,,,,,,,,,,,,,,,20,0.05,,,,,,,,,,,,,,,,,,,,,,,,,,,,,,,,,,,,,,,,,,,,,267,0.2,
4677,Player/critter/prefab/zc_lingtuzhan_chengmen10.prefab,,Cổng Thành Ngũ Sắc Bí Quật,,,,1.75,0.5,16,0.1,6,0.1,19,,0,,,30,0.5,16,0.5,,0.1,16,0.1,,12,0.2,,20,0.2,,267,0.2,,30,0.2,20,0.2,22,0.15,15,0.1,,15,0.08,,0.1,,0.1,,0.09,,0.15,,0.15,,0.15,,0.15,,,,0.15,,0.08,,,,,,,,,,,,,,,,,,,,,,,,,,,,,,,,,,,,,,,,,,,,,,,,,,,,,,,,,,,,,,,,,,,,,,,,,
4678,Player/critter/prefab/mijing_tielangan01.prefab,,Rào Sắt Ngũ Sắc Bí Quật,,,,1.75,0.5,16,0.1,6,0.1,19,,0,,,30,0.5,16,0.5,,0.1,16,0.1,,12,0.2,,20,0.2,,267,0.2,,30,0.2,20,0.2,22,0.15,15,0.1,,15,0.08,,0.1,,0.1,,0.09,,0.15,,0.15,,0.15,,0.15,,,,0.15,,0.08,,,,,,,,,,,,,,,,,,,,,,,,,,,,,,,,,,,,,,,,,,,,,,,,,,,,,,,,,,,,,,,,,,,,,,,,,
4679,Scenes/Meshes/mijing_e_11/Prefabs/mijing_jiguan.prefab,,Cơ Quan Ngũ Sắc Bí Quật,,,,1.75,0.5,16,0.1,6,0.1,19,,0,,,30,0.5,16,0.5,,0.1,16,0.1,,12,0.2,,20,0.2,,267,0.2,,30,0.2,20,0.2,22,0.15,15,0.1,,15,0.08,,0.1,,0.1,,0.09,,0.15,,0.15,,0.15,,0.15,,,,0.15,,0.08,,,,,,,,,,,,,,,,,,,,,,,,,,,,,,,,,,,,,,,,,,,,,,,,,,,,,,,,,,,,,,,,,,,,,,,,,
4680,Player/critter/prefab/muxiang01.prefab,205,Rương Vật Tư,,,,1.75,0.5,,,6,,,,,,,,,,,,,15,0.1,,,,,10,0.2,,10,0.2,,10,0.2,,,,,8,0.1,,,,,,,,,,,,,,,,,,,,,,,,,,,,,,,,,,,,,,,,,,,,,,,,,,,,,,,,,,,,,,,,,,,,,,,,,,,,,,,,,,,,,,,,,,,,,,10,0.2,
4681,Effect/Prefabs/HuoDong/JC5_Effect_FengYeQuan_da.prefab,,Cờ Lớn,,,,1.75,0.5,,,6,,,,,,,,,,,,,15,0.1,,,,,10,0.2,,10,0.2,,10,0.2,,,,,8,0.1,,,,,,,,,,,,,,,,,,,,,,,,,,,,,,,,,,,,,,,,,,,,,,,,,,,,,,,,,,,,,,,,,,,,,,,,,,,,,,,,,,,,,,,,,,,,,,10,0.2,
4682,Effect/Prefabs/HuoDong/JC5_Effect_FengYeQuan_xiao.prefab,,Cờ Nhỏ,,,,1.75,0.5,,,6,,,,,,,,,,,,,15,0.1,,,,,10,0.2,,10,0.2,,10,0.2,,,,,8,0.1,,,,,,,,,,,,,,,,,,,,,,,,,,,,,,,,,,,,,,,,,,,,,,,,,,,,,,,,,,,,,,,,,,,,,,,,,,,,,,,,,,,,,,,,,,,,,,10,0.2,
4683,Player/Npcs/Prefabs/npc_099.prefab,61,Thiệu Kỵ Phong_Bí Cảnh Kỳ Ngộ,,,,1.75,0.5,16,0.1,6,0.1,19,,0,,,16,0.5,16,0.5,,0.1,15,0.1,,12,0.2,,30,0.2,,30,0.2,,30,0.2,20,0.2,31,0.15,15,0.1,,15,0.08,,0.1,,0.1,,0.09,,0.15,,0.15,,0.15,,0.15,,,,0.15,,0.08,,,,,,,,,,,,,,,,,,,,,,,,,,,,,,,,,,,,,,,,,,,,,,,,,,,,,,,,,,,,,,,,,,,,,,,30,0.2,
4684,Effect/Prefabs/JueSe/other1/ChangbaiZhangai.prefab,,Đỉnh Trường Bạch_Chướng Ngại,,,,2,0.5,45,0.1,6,0.1,19,80004,0,,,45,0.1,45,0.1,5,0.1,15,0.1,,18,0.2,,30,0,,30,0,,30,0,30,0,20,0.05,15,0.1,,15,0.08,15,0.1,20,0.05,17,0,30,0.1,4,0.2,25,0.15,70,0.15,,,,0.15,15,0.08,,,,,,,,,,,,,,,,,,,,,,,,,,,,,,,,,,,,,,,,,,,,,,,,,,,,,,,,,,,,,,,,,,,,,,,30,0,
4685,Player/critter/prefab/WJ_paoche.prefab,214,,,,,1.7,1,16,0.1,6,0.1,20,,0,,,16,0.5,16,0.5,,0.1,15,0.1,,12,0.2,,20,0.2,,20,0.2,,20,0.2,20,0.2,13,0.4,15,0.1,,17,0.08,,0.1,,0.1,,0.09,,0.15,,0.15,,0.15,,0.15,,,,0.15,,0.08,,,,,,,,,,,,,,,,,,,,,,,,,,,,,,,,,,,,,,,,,,,,,,,,,,,,,,,,,,,,,,,,,,,,,,,20,0.2,
4686,Player/Npcs/Prefabs/npc_377.prefab,61,Mèo Chiêu Tài,,,,3,0.5,20,0.1,6,0.1,20,,0,,,30,0.1,16,0.1,,0.1,16,0.1,,12,0.2,,30,0.1,,30,0.1,,30,0.1,20,0.1,,0.15,15,0.1,,15,0.08,,0.1,,0.1,30,0.09,,0.15,,0.15,,0.15,,0.15,,,,0.15,18,0.08,,,,,,,,,,,,,,,,,,,,,,,,,,,,,,,,,,,,,,,,,,,,,,,,,,,,,,,,,,,,,,,,,,,,,,,30,0.1,
4687,Player/critter/prefab/caibaotu_jitan1.prefab,,Tế Đàn Kho Báu,,,,1,0.5,30,0.1,6,0.1,10,,0,,,30,0.1,30,0.1,,0.1,15,0.1,,9,0.2,,10,0.2,,10,0.2,,10,0.2,10,0.2,,0.15,30,0.1,,,0.08,,0.1,,0.1,,0.09,,0.15,,0.15,,0.15,,0.15,,,,0.15,,0.08,,,,,,,,,,,,,,,,,,,,,,,,,,,,,,,,,,,,,,,,,,,,,,,,,,,,,,,,,,,,,,,,,,,,,,,10,0.2,
4688,Player/critter/prefab/caibaotu_jitan2.prefab,,Tế Đàn Kho Báu,,,,1,0.5,30,0.1,6,0.1,10,,0,,,30,0.1,30,0.1,,0.1,15,0.1,,9,0.2,,10,0.2,,10,0.2,,10,0.2,10,0.2,,0.15,30,0.1,,,0.08,,0.1,,0.1,,0.09,,0.15,,0.15,,0.15,,0.15,,,,0.15,,0.08,,,,,,,,,,,,,,,,,,,,,,,,,,,,,,,,,,,,,,,,,,,,,,,,,,,,,,,,,,,,,,,,,,,,,,,10,0.2,
4689,Player/critter/prefab/caibaotu_jitan3.prefab,,Tế Đàn Kho Báu,,,,1,0.5,30,0.1,6,0.1,10,,0,,,30,0.1,30,0.1,,0.1,15,0.1,,9,0.2,,10,0.2,,10,0.2,,10,0.2,10,0.2,,0.15,30,0.1,,,0.08,,0.1,,0.1,,0.09,,0.15,,0.15,,0.15,,0.15,,,,0.15,,0.08,,,,,,,,,,,,,,,,,,,,,,,,,,,,,,,,,,,,,,,,,,,,,,,,,,,,,,,,,,,,,,,,,,,,,,,10,0.2,
4690,Player/critter/prefab/caibaotu_jitan4.prefab,,Tế Đàn Kho Báu,,,,1,0.5,30,0.1,6,0.1,10,,0,,,30,0.1,30,0.1,,0.1,15,0.1,,9,0.2,,10,0.2,,10,0.2,,10,0.2,10,0.2,,0.15,30,0.1,,,0.08,,0.1,,0.1,,0.09,,0.15,,0.15,,0.15,,0.15,,,,0.15,,0.08,,,,,,,,,,,,,,,,,,,,,,,,,,,,,,,,,,,,,,,,,,,,,,,,,,,,,,,,,,,,,,,,,,,,,,,10,0.2,
4691,Player/Npcs/Prefabs/box_004.prefab,61,Bảo Rương,,,,2,0.5,,,6,,,,,,,,,,,,,15,0.1,,,,,10,0.2,,10,0.2,,10,0.2,,,,,8,0.1,,,,,,,,,,,,,,,,,,,,,,,,,,,,,,,,,,,,,,,,,,,,,,,,,,,,,,,,,,,,,,,,,,,,,,,,,,,,,,,,,,,,,,,,,,,,,,10,0.2,
4692,Effect/Prefabs/HuoDong/Effect_goddess_ShuiJin_HuDun.prefab,,Thủy Tinh Hộ Thuẫn,,,,1.75,0.5,,,,,,,,,,,,,,,,,,,,,,,,,,,,,,,,,,,,,,,,,,,,,,,,,,,,,,,,,,,,,,,,,,,,,,,,,,,,,,,,,,,,,,,,,,,,,,,,,,,,,,,,,,,,,,,,,,,,,,,,,,,,,,,,,,,
4693,Effect/Prefabs/HuoDong/Effect_goddess_ShuiJin_BaoZha.prefab,,Thủy Tinh Nổ,,,,1.75,0.5,,,,,,,,,,,,,,,,,,,,,,,,,,,,,,,,,,,,,,,,,,,,,,,,,,,,,,,,,,,,,,,,,,,,,,,,,,,,,,,,,,,,,,,,,,,,,,,,,,,,,,,,,,,,,,,,,,,,,,,,,,,,,,,,,,,
4694,Effect/Prefabs/HuoDong/Effect_goddess_GuangQuan_GongJi.prefab,,Vòng Sáng Tấn Công,,,,1.75,0.5,,,,,,,,,,,,,,,,,,,,,,,,,,,,,,,,,,,,,,,,,,,,,,,,,,,,,,,,,,,,,,,,,,,,,,,,,,,,,,,,,,,,,,,,,,,,,,,,,,,,,,,,,,,,,,,,,,,,,,,,,,,,,,,,,,,
4695,Effect/Prefabs/HuoDong/Effect_goddess_GuangQuan_BaoHu.prefab,,Vòng Sáng Hộ Thuẫn,,,,1.75,0.5,,,,,,,,,,,,,,,,,,,,,,,,,,,,,,,,,,,,,,,,,,,,,,,,,,,,,,,,,,,,,,,,,,,,,,,,,,,,,,,,,,,,,,,,,,,,,,,,,,,,,,,,,,,,,,,,,,,,,,,,,,,,,,,,,,,
4696,Effect/Prefabs/HuoDong/Effect_goddess_GuangQuan_MianKong.prefab,,Vòng Sáng Miễn Dịch,,,,1.75,0.5,,,,,,,,,,,,,,,,,,,,,,,,,,,,,,,,,,,,,,,,,,,,,,,,,,,,,,,,,,,,,,,,,,,,,,,,,,,,,,,,,,,,,,,,,,,,,,,,,,,,,,,,,,,,,,,,,,,,,,,,,,,,,,,,,,,
4697,Player/Npcs/Prefabs/npc_379.prefab,,Biến Thân Nữ Thần,,,,1.75,0.5,20,0.1,6,0.1,20,,0,,,20,0.1,20,0.1,,0.1,15,0.1,,12,0.2,,30,0.1,,30,0.1,,30,0.1,20,0.1,22,0.15,40,0.1,,65,0.08,53,0.1,,0.1,54,0.09,65,0.15,71,0.15,,0.15,,0.15,,,,0.15,18,0.08,,,,,,,,,,,,,,,,,,,,,,,,,46,0.15,45,0.15,54,0.15,,,,,,,,,,,,,,,,,,,,,,,,,,,,,,,,,,,,,,,,,30,0.1,
4698,Player/Npcs/Prefabs/npc_022_a.prefab,,Gia Luật Tị Li,,,,2.5,0.5,16,0.1,6,0.1,14,,0,,,16,0.5,16,0.5,,0.1,15,0.1,,10,0.2,,30,0.2,,30,0.2,,30,0.2,20,0.2,32,0.15,15,0.1,,20,0.08,,0.1,,0.1,,0.09,,0.15,,0.15,,0.15,,0.15,,,,0.15,,0.08,,,,,,,,,,,,,,,,,,,,,,,,,,,,,,,,,,,,,,,,,,,,,,,,,,,,,,,,,,,,,,,,,,,,,,,30,0.2,
4699,Player/Npcs/Prefabs/npc_099_a.prefab,61,Thiệu Kỵ Phong,,,,1.75,0.5,16,0.1,6,0.1,19,,0,,,16,0.5,16,0.5,,0.1,15,0.1,,12,0.2,,30,0.2,,30,0.2,,30,0.2,20,0.2,31,0.15,15,0.1,,15,0.08,,0.1,,0.1,,0.09,,0.15,,0.15,,0.15,,0.15,,,,0.15,,0.08,,,,,,,,,,,,,,,,,,,,,,,,,,,,,,,,,,,,,,,,,,,,,,,,,,,,,,,,,,,,,,,,,,,,,,,30,0.2,
4700,Player/Npcs/Prefabs/npc_220_A.prefab,61,Thủ Thành Cơ Quan,,,,3.5,0.5,20,0.1,6,0.1,20,,0,,,20,0.1,20,0.1,,0.1,15,0.1,,12,0.2,,30,0.1,,30,0.1,,30,0.1,20,0.1,22,0.15,40,0.1,,65,0.08,53,0.1,,0.1,54,0.09,65,0.15,71,0.15,,0.15,,0.15,,,,0.15,18,0.08,,,,,,,,,,,,,,,,,,,,,,,,,46,0.15,45,0.15,54,0.15,,,,,,,,,,,,,,,,,,,,,,,,,,,,,,,,,,,,,,,,,30,0.1,
4701,Player/Npcs/Prefabs/npc_358.prefab,61,Bất Diệt Cấm Quân,,,,3.5,0.5,30,0.1,6,0.1,10,,0,,,30,0.1,30,0.1,,0.1,15,0.1,,9,0.2,,10,0.2,,10,0.2,,10,0.2,10,0.2,,0.15,30,0.1,,,0.08,,0.1,,0.1,,0.09,,0.15,,0.15,,0.15,,0.15,,,,0.15,,0.08,,,,,,,,,,,,,,,,,,,,,,,,,,,,,,,,,,,,,,,,,,,,,,,,,,,,,,,,,,,,,,,,,,,,,,,10,0.2,
4702,Player/critter/prefab/critter_mache002.prefab,,Trì Trọng Xa Đội,,,,1.75,0.5,30,0.1,6,0.1,10,,0,,,30,0.1,30,0.1,,0.1,15,0.1,,15,0.2,,135,0.2,,135,0.2,,135,0.2,10,0.2,,0.15,30,0.1,,,0.08,,0.1,,0.1,,0.09,,0.15,,0.15,,0.15,,0.15,,,,0.15,,0.08,,,,,,,,,,,,,,,,,,,,,,,,,,,,,,,,,,,,,,,,,,,,,,,,,,,,,,,,,,,,,,,,,,,,,,,135,0.2,
4703,Scenes/Meshes/mijing_e_11/Prefabs/mijing_jiguan.prefab,61,Cơ Quan,,,,1.75,0.5,16,0.1,6,0.1,19,,0,,,30,0.5,16,0.5,,0.1,16,0.1,,12,0.2,,20,0.2,,267,0.2,,30,0.2,20,0.2,22,0.15,15,0.1,,15,0.08,,0.1,,0.1,,0.09,,0.15,,0.15,,0.15,,0.15,,,,0.15,,0.08,,,,,,,,,,,,,,,,,,,,,,,,,,,,,,,,,,,,,,,,,,,,,,,,,,,,,,,,,,,,,,,,,,,,,,,,,
4704,Player/critter/prefab/zc_lingtuzhan_qizhi01_b.prefab,61,Cờ Thủy Nguyên,,,,3.7,0.5,,,,,,,,,,,,,,,,,,,,,,20,0.2,,20,0.2,,20,0.2,,,,,,,,,,,,,,,,,,,,,,,,,,,,,,,,,,,,,,,,,,,,,,,,,,,,,,,,,,,,,,,,,,,,,,,,,,,,,,,,,,,,,,,,,,,,,,,,,,,,20,0.2,
4705,Player/critter/prefab/zc_lingtuzhan_qizhi01.prefab,,Cờ Hồi Sinh,,,,3.7,0.5,,,,,,,,,,,,,,,,,,,,,,20,0.2,,20,0.2,,20,0.2,,,,,,,,,,,,,,,,,,,,,,,,,,,,,,,,,,,,,,,,,,,,,,,,,,,,,,,,,,,,,,,,,,,,,,,,,,,,,,,,,,,,,,,,,,,,,,,,,,,,20,0.2,
4706,Player/critter/prefab/WJ_paoche.prefab,,Pháo Xa,,,,3.7,0.5,,,,,,,,,,,,,,,,,,,,,,,,,,,,,,,,,,,,,,,,,,,,,,,,,,,,,,,,,,,,,,,,,,,,,,,,,,,,,,,,,,,,,,,,,,,,,,,,,,,,,,,,,,,,,,,,,,,,,,,,,,,,,,,,,,,
4707,Effect/Prefabs/HuoDong/Effect_BaiZhanLouLan_TieLaoLing.prefab,,Thiết Lao Lệnh,,,,3.7,0.5,,,,,,,,,,,,,,,,,,,,,,,,,,,,,,,,,,,,,,,,,,,,,,,,,,,,,,,,,,,,,,,,,,,,,,,,,,,,,,,,,,,,,,,,,,,,,,,,,,,,,,,,,,,,,,,,,,,,,,,,,,,,,,,,,,,
4708,Player/Npcs/Prefabs/npc_273.prefab,65,Cờ Cổ Vũ,,,,3.7,0.5,,,,,,,,,,,,,,,,,,,,,,,,,,,,,,,,,,,,,,,,,,,,,,,,,,,,,,,,,,,,,,,,,,,,,,,,,,,,,,,,,,,,,,,,,,,,,,,,,,,,,,,,,,,,,,,,,,,,,,,,,,,,,,,,,,,
4709,Player/critter/prefab/muxiang01.prefab,212,Rương Thuốc,,,,1.75,0.5,,,6,,,,,,,,,,,,,15,0.1,,,,,10,0.2,,10,0.2,,10,0.2,,,,,8,0.1,,,,,,,,,,,,,,,,,,,,,,,,,,,,,,,,,,,,,,,,,,,,,,,,,,,,,,,,,,,,,,,,,,,,,,,,,,,,,,,,,,,,,,,,,,,,,,10,0.2,
4710,Player/Npcs/Prefabs/boss003.prefab,61,Thiên Tinh Đạo Trưởng,,,,1.75,0.5,16,0.1,6,0.1,30,,0,,,25,0.1,25,0.1,,0.1,15,0.1,,12,0.2,,30,0.2,,30,0.2,,30,0.2,16,0.2,,0.15,17,0.1,,38,0.08,,0.1,,0.1,35,0.09,,0.15,,0.15,,0.15,,0.15,,,,0.15,25,0.08,,,,,,,,,,,,,,,,,,,,,,,,,,,,,,,,,,,,,,,,,,,,,,,,,,,,,,,,,,,,,,,,,,,,,,,30,0.2,
4711,Player/Npcs/Prefabs/npc_029.prefab,934,Nam Cung Diệt,,,,1.75,0.5,16,0.1,6,0.1,20,,0,,,15,0.5,15,0.5,,0.1,15,0.1,,10,0.2,,30,0.2,,30,0.2,,30,0.2,20,0.2,39,0.4,20,0.1,,20,0.08,,0.1,,0.1,35,0.09,,0.15,,0.15,,0.15,,0.15,,,,0.15,,0.08,,,,,,,,,,,,,,,,,,,,,,,,,,,,,,,,,,,,,,,,,,,,,,,,,,,,,,,,,,,,,,,,,,,,,,,30,0.2,
4712,Scenes/Meshes/cj_linan01/prefab/cj_linan_jianta01.prefab,207,Liên Đấu Bang Tiễn Lâu,,,,1.75,0.5,16,0.1,6,0.1,20,,0,,,15,0.5,15,0.5,,0.1,15,0.1,,10,0.2,,30,0.2,,30,0.2,,30,0.2,20,0.2,39,0.4,20,0.1,,20,0.08,,0.1,,0.1,35,0.09,,0.15,,0.15,,0.15,,0.15,,,,0.15,,0.08,,,,,,,,,,,,,,,,,,,,,,,,,,,,,,,,,,,,,,,,,,,,,,,,,,,,,,,,,,,,,,,,,,,,,,,30,0.2,
4713,Scenes/Meshes/zc_lingtuzhan/prefab/fb_xueshan_zhuzi01_1.prefab,207,Liên Đấu Bang Tiễn Lâu,,,,1.75,0.5,16,0.1,6,0.1,20,,0,,,15,0.5,15,0.5,,0.1,15,0.1,,10,0.2,,30,0.2,,30,0.2,,30,0.2,20,0.2,39,0.4,20,0.1,,20,0.08,,0.1,,0.1,35,0.09,,0.15,,0.15,,0.15,,0.15,,,,0.15,,0.08,,,,,,,,,,,,,,,,,,,,,,,,,,,,,,,,,,,,,,,,,,,,,,,,,,,,,,,,,,,,,,,,,,,,,,,30,0.2,
4714,Effect/Prefabs/JueSe/BUFF/buffqiu_hong_gai.prefab,,Liên Đấu_Tấn công,,,,1.75,0.5,,,,,,,,,,,,,,,,,,,,,,,,,,,,,,,,,,,,,,,,,,,,,,,,,,,,,,,,,,,,,,,,,,,,,,,,,,,,,,,,,,,,,,,,,,,,,,,,,,,,,,,,,,,,,,,,,,,,,,,,,,,,,,,,,,,
4715,Effect/Prefabs/JueSe/BUFF/buffqiu_lv_gai.prefab,,Liên Đấu_Sinh lực tối đa,,,,1.75,0.5,,,,,,,,,,,,,,,,,,,,,,,,,,,,,,,,,,,,,,,,,,,,,,,,,,,,,,,,,,,,,,,,,,,,,,,,,,,,,,,,,,,,,,,,,,,,,,,,,,,,,,,,,,,,,,,,,,,,,,,,,,,,,,,,,,,
4716,Effect/Prefabs/JueSe/BUFF/buffqiu_jin_gai.prefab,,Liên Đấu_Kháng Tất Cả,,,,1.75,0.5,,,,,,,,,,,,,,,,,,,,,,,,,,,,,,,,,,,,,,,,,,,,,,,,,,,,,,,,,,,,,,,,,,,,,,,,,,,,,,,,,,,,,,,,,,,,,,,,,,,,,,,,,,,,,,,,,,,,,,,,,,,,,,,,,,,
4717,Effect/Prefabs/JueSe/BUFF/buffqiu_hong.prefab,,Liên Đấu_Bạo Kích,,,,1.75,0.5,,,,,,,,,,,,,,,,,,,,,,,,,,,,,,,,,,,,,,,,,,,,,,,,,,,,,,,,,,,,,,,,,,,,,,,,,,,,,,,,,,,,,,,,,,,,,,,,,,,,,,,,,,,,,,,,,,,,,,,,,,,,,,,,,,,
4718,Player/Npcs/Prefabs/npc_183.prefab,,NPC Ẩn Cũi Thí Luyện Quân Hàm,,,,2.7,0.5,30,0.1,6,0.1,10,,0,,,30,0.1,30,0.1,,0.1,15,0.1,,9,0.2,,10,0.2,,10,0.2,,10,0.2,10,0.2,,0.15,30,0.1,,,0.08,,0.1,,0.1,,0.09,,0.15,,0.15,,0.15,,0.15,,,,0.15,,0.08,,,,,,,,,,,,,,,,,,,,,,,,,,,,,,,,,,,,,,,,,,,,,,,,,,,,,,,,,,,,,,,,,,,,,,,10,0.2,
4719,Player/Npcs/Prefabs/npc_382.prefab,,Hôn Lễ Kim Cương-Nữ,,,,1.75,0.5,15,0.1,6,0.1,10,,0,,,14,0.5,14,0.5,,0.1,12,0.1,,12,0.2,,30,0.2,,30,0.2,,30,0.2,20,0.2,24,0.15,10,0.1,,15,0.08,,0.1,,0.1,21,0.09,,0.15,,0.15,,0.15,,0.15,,,,0.15,,0.08,,,,,,,,,,,,,,,,,,,,,,,,,,,,,,,,,,,,,,,,,,,,,,,,,,,,,,,,,,,,,,,,,,,,,,,30,0.2,
4720,Player/Npcs/Prefabs/npc_383.prefab,,Hôn Lễ Kim Cương-Nam,,,,1.75,0.5,15,0.1,6,0.1,10,,0,,,14,0.5,14,0.5,,0.1,12,0.1,,12,0.2,,30,0.2,,30,0.2,,30,0.2,20,0.2,24,0.15,10,0.1,,15,0.08,,0.1,,0.1,21,0.09,,0.15,,0.15,,0.15,,0.15,,,,0.15,,0.08,,,,,,,,,,,,,,,,,,,,,,,,,,,,,,,,,,,,,,,,,,,,,,,,,,,,,,,,,,,,,,,,,,,,,,,30,0.2,
4721,Player/Npcs/Prefabs/npc_375.prefab,65,Thiếu Niên Trương Tam Phong (Thí Luyện Quân Hàm),,,,2,0.5,38,0.1,6,0.1,20,,0,30,0.1,35,0.09,18,0.09,13,0.1,15,0.1,,12,0.1,,30,0.1,,72,0,,30,0.1,30,0.1,25,0.06,10,0.1,,10,0.08,12,0.08,14,0.1,13,0.05,14,0.05,10,0.05,18,0.15,20,0.15,,,5,,5,0.08,10,0.01,20,0,5,0,13,0,18,0,20,0,28,0.15,23,0.4,,,,,15,0.05,30,0.1,15,0.05,,,,,,,,,,,,,,,,,,,,,,,,,,,,,,,,,,,,,,,,,,,,,72,0,
4722,Player/Npcs/Prefabs/npc_pet001.prefab,65,Hoàng Mộ Vân (Thí Luyện Quân Hàm),,,,1.6,0.5,45,0.1,6,0.1,15,,0,,,45,0.1,45,0.1,13,0.1,15,0.1,,15,0.2,,30,0,,30,0,,30,0,30,0,25,0.05,15,0.1,,15,0.08,16,0.1,,,18,0.09,21,0.1,20,0.2,20,0.15,37,0.15,,,,0.15,15,0.08,,,17,0,7,0,,,,,,,,,,,,,,,,,,,,,,,,,,,,,,,,,,,,,,,,,,,,,,,,,,,,,,,,,,,,,,,,,30,0,
4723,Player/Npcs/Prefabs/npc_384.prefab,,Công Chúa Lâu Lan,,,,1.75,0.5,16,0.1,6,0.1,19,,0,,,30,0.5,16,0.5,,0.1,16,0.1,,12,0.2,,20,0.2,,267,0.2,,30,0.2,20,0.2,22,0.15,15,0.1,,15,0.08,,0.1,,0.1,15,0.09,,0.15,,0.15,,0.15,,0.15,,,,0.15,,0.08,,,,,,,,,,,,,,,,,,,,,,,,,20,0.05,,,,,,,,,,,,,,,,,,,,,,,,,,,,,,,,,,,,,,,,,,,,,267,0.2,
4724,Effect/Prefabs/ChangJing/hd_washe_chuansongmen01_End.prefab,,Đóng Cửa Truyền Tống,,,,1.75,0.5,,,,,,,,,,,,,,,,,,,,,,,,,,,,,,,,,,,,,,,,,,,,,,,,,,,,,,,,,,,,,,,,,,,,,,,,,,,,,,,,,,,,,,,,,,,,,,,,,,,,,,,,,,,,,,,,,,,,,,,,,,,,,,,,,,,
4725,Effect/Prefabs/ChangJing/hd_washe_chuansongmen01_Start.prefab,,Mở Cửa Truyền Tống,,,,1.75,0.5,,,,,,,,,,,,,,,,,,,,,,,,,,,,,,,,,,,,,,,,,,,,,,,,,,,,,,,,,,,,,,,,,,,,,,,,,,,,,,,,,,,,,,,,,,,,,,,,,,,,,,,,,,,,,,,,,,,,,,,,,,,,,,,,,,,
4726,Scenes/Meshes/hd_nanhaigouchen/Prefabs/hd_nanhaigouchen_baoxiang04.prefab,,Bảo Rương Lớn,,,,1.75,0.5,,,,,,,,,,,,,,,,,,,,,,,,,,,,,,,,,,,,,,,,,,,,,,,,,,,,,,,,,,,,,,,,,,,,,,,,,,,,,,,,,,,,,,,,,,,,,,,,,,,,,,,,,,,,,,,,,,,,,,,,,,,,,,,,,,,
4727,Scenes/Meshes/hd_nanhaigouchen/Prefabs/hd_nanhaigouchen_baoxiang04_1.prefab,,Đóng Bảo Rương Khổng Lồ,,,,1.75,0.5,,,,,,,,,,,,,,,,,,,,,,,,,,,,,,,,,,,,,,,,,,,,,,,,,,,,,,,,,,,,,,,,,,,,,,,,,,,,,,,,,,,,,,,,,,,,,,,,,,,,,,,,,,,,,,,,,,,,,,,,,,,,,,,,,,,
4728,Effect/Prefabs/HuoDong/Effect_tuanbenPVE_redDiaoXiang.prefab,203,Thí Luyện PB Tổ Đội-Tượng Tấn Công,,,,2.5,0.5,,,,,,,,,,,,,,,,,,,,,,,,,,,,,,,,,,,,,,,,,,,,,,,,,,,,,,,,,,,,,,,,,,,,,,,,,,,,,,,,,,,,,,,,,,,,,,,,,,,,,,,,,,,,,,,,,,,,,,,,,,,,,,,,,,,
4729,Effect/Prefabs/HuoDong/Effect_tuanbenPVE_blueDiaoXiang.prefab,205,Thí Luyện PB Tổ Đội-Tượng Phòng Thủ,,,,2.2,0.5,,,,,,,,,,,,,,,,,,,,,,,,,,,,,,,,,,,,,,,,,,,,,,,,,,,,,,,,,,,,,,,,,,,,,,,,,,,,,,,,,,,,,,,,,,,,,,,,,,,,,,,,,,,,,,,,,,,,,,,,,,,,,,,,,,,
4730,Effect/Prefabs/HuoDong/Effect_tuanbenPVE_greenDiaoXiang.prefab,,Thí Luyện PB Tổ Đội-Tượng Hồi Phục,,,,2.2,0.5,,,,,,,,,,,,,,,,,,,,,,,,,,,,,,,,,,,,,,,,,,,,,,,,,,,,,,,,,,,,,,,,,,,,,,,,,,,,,,,,,,,,,,,,,,,,,,,,,,,,,,,,,,,,,,,,,,,,,,,,,,,,,,,,,,,
4731,Player/critter/prefab/znq_zhujiantai02.prefab,204,Lửa Trại Bang Hội 1,,,,,,,,,,,,,,,,,,,,,,,,,,,,,,,,,,,,,,,,,,,,,,,,,,,,,,,,,,,,,,,,,,,,,,,,,,,,,,,,,,,,,,,,,,,,,,,,,,,,,,,,,,,,,,,,,,,,,,,,,,,,,,,,,,,,,,,,
4732,Scenes/Meshes/jz_shanzhuang01/prefab/jz_jianzhu01.prefab,,Lãnh Địa Bang Hội-Chính Điện Mặc Định,,,,,,,,,,,,,,,,,,,,,,,,,,,,,,,,,,,,,,,,,,,,,,,,,,,,,,,,,,,,,,,,,,,,,,,,,,,,,,,,,,,,,,,,,,,,,,,,,,,,,,,,,,,,,,,,,,,,,,,,,,,,,,,,,,,,,,,,
4733,Player/critter/prefab/jiazhuhuopeng.prefab,,Lửa Trại mặc định của Bang Hội,,,,,,,,,,,,,,,,,,,,,,,,,,,,,,,,,,,,,,,,,,,,,,,,,,,,,,,,,,,,,,,,,,,,,,,,,,,,,,,,,,,,,,,,,,,,,,,,,,,,,,,,,,,,,,,,,,,,,,,,,,,,,,,,,,,,,,,,
4734,Scenes/Meshes/jz_shanzhuang01/prefab/jz_jianzhu02.prefab,,Lãnh Địa Bang Hội-Chính Điện,,,,,,,,,,,,,,,,,,,,,,,,,,,,,,,,,,,,,,,,,,,,,,,,,,,,,,,,,,,,,,,,,,,,,,,,,,,,,,,,,,,,,,,,,,,,,,,,,,,,,,,,,,,,,,,,,,,,,,,,,,,,,,,,,,,,,,,,
4735,Player/Npcs/Prefabs/npc_136_1.prefab,64,Thủy Hoàng Chi Ảnh,,,,3,0.5,20,0.1,6,0.1,20,,0,,,30,0.1,16,0.1,,0.1,16,0.1,,12,0.2,,30,0.1,,30,0.1,,30,0.1,20,0.1,,0.15,15,0.1,,15,0.08,,0.1,,0.1,30,0.09,,0.15,,0.15,,0.15,,0.15,,,,0.15,18,0.08,,,,,,,,,,,,,,,,,,,,,,,,,,,,,,,,,,,,,,,,,,,,,,,,,,,,,,,,,,,,,,,,,,,,,,,30,0.1,
4736,Player/Npcs/Prefabs/boss121_1.prefab,201,Chân Long Hồn,,,,2.5,0.5,20,0.1,6,0.1,20,,0,,,20,0.1,20,0.1,,0.1,15,0.1,,12,0.2,,30,0.1,,30,0.1,,30,0.1,20,0.1,,0.15,20,0.1,,20,0.08,,0.1,,0.1,30,0.09,,0.15,,0.15,,0.15,,0.15,,,,0.15,18,0.08,,,,,,,,,,,,,,,,,,,,,,,,,,,,,,,,,,,,,,,,,,,,,,,,,,,,,,,,,,,,,,,,,,,,,,,30,0.1,
4737,Effect/Prefabs/HuoDong/Effect_XiangLong_GuangQuan_Nan.prefab,,Vòng Sáng Nam,,,,1.75,0.5,,,,,,,,,,,,,,,,,,,,,,,,,,,,,,,,,,,,,,,,,,,,,,,,,,,,,,,,,,,,,,,,,,,,,,,,,,,,,,,,,,,,,,,,,,,,,,,,,,,,,,,,,,,,,,,,,,,,,,,,,,,,,,,,,,,
4738,Effect/Prefabs/HuoDong/Effect_XiangLong_GuangQuan_Nv.prefab,,Vòng Sáng Nữ,,,,1.75,0.5,,,,,,,,,,,,,,,,,,,,,,,,,,,,,,,,,,,,,,,,,,,,,,,,,,,,,,,,,,,,,,,,,,,,,,,,,,,,,,,,,,,,,,,,,,,,,,,,,,,,,,,,,,,,,,,,,,,,,,,,,,,,,,,,,,,
4739,Player/Npcs/Prefabs/npc_139a.prefab,,Gấu Trúc Hàm Hàm,,,,1.75,0.5,,,,,,,,,,,,,,,,,,,,,,,,,,,,,,,,,,,,,,,,,,,,,,,,,,,,,,,,,,,,,,,,,,,,,,,,,,,,,,,,,,,,,,,,,,,,,,,,,,,,,,,,,,,,,,,,,,,,,,,,,,,,,,,,,,,
4740,Scenes/Meshes/hd_washe/prefab/hd_washe_huoguo.prefab,,Châm Lửa Lẩu,,,,1.75,0.5,,,,,,,,,,,,,,,,,,,,,,,,,,,,,,,,,,,,,,,,,,,,,,,,,,,,,,,,,,,,,,,,,,,,,,,,,,,,,,,,,,,,,,,,,,,,,,,,,,,,,,,,,,,,,,,,,,,,,,,,,,,,,,,,,,,
4741,Scenes/Meshes/hd_washe/prefab/hd_washe_huoguo02.prefab,,Lẩu,,,,1.75,0.5,,,,,,,,,,,,,,,,,,,,,,,,,,,,,,,,,,,,,,,,,,,,,,,,,,,,,,,,,,,,,,,,,,,,,,,,,,,,,,,,,,,,,,,,,,,,,,,,,,,,,,,,,,,,,,,,,,,,,,,,,,,,,,,,,,,
4742,Scenes/Meshes/paizhao/prefab/paizhao_hua01.prefab,,Hoa Hải 01,,,,1.75,0.5,,,,,,,,,,,,,,,,,,,,,,,,,,,,,,,,,,,,,,,,,,,,,,,,,,,,,,,,,,,,,,,,,,,,,,,,,,,,,,,,,,,,,,,,,,,,,,,,,,,,,,,,,,,,,,,,,,,,,,,,,,,,,,,,,,,
4743,Scenes/Meshes/paizhao/prefab/paizhao_hua02.prefab,,Hoa Hải 02,,,,1.75,0.5,,,,,,,,,,,,,,,,,,,,,,,,,,,,,,,,,,,,,,,,,,,,,,,,,,,,,,,,,,,,,,,,,,,,,,,,,,,,,,,,,,,,,,,,,,,,,,,,,,,,,,,,,,,,,,,,,,,,,,,,,,,,,,,,,,,
4744,Scenes/Meshes/paizhao/prefab/paizhao_hua03.prefab,,Hoa Hải 03,,,,1.75,0.5,,,,,,,,,,,,,,,,,,,,,,,,,,,,,,,,,,,,,,,,,,,,,,,,,,,,,,,,,,,,,,,,,,,,,,,,,,,,,,,,,,,,,,,,,,,,,,,,,,,,,,,,,,,,,,,,,,,,,,,,,,,,,,,,,,,
4745,Scenes/Meshes/paizhao/prefab/paizhao_hehua01.prefab,,Hoa Sen Lá Sen,,,,1.75,0.5,,,,,,,,,,,,,,,,,,,,,,,,,,,,,,,,,,,,,,,,,,,,,,,,,,,,,,,,,,,,,,,,,,,,,,,,,,,,,,,,,,,,,,,,,,,,,,,,,,,,,,,,,,,,,,,,,,,,,,,,,,,,,,,,,,,
4746,Scenes/Meshes/hd_washe/prefab/hd_washe_denglongjia04.prefab,,Tường Đèn,,,,1.75,0.5,,,,,,,,,,,,,,,,,,,,,,,,,,,,,,,,,,,,,,,,,,,,,,,,,,,,,,,,,,,,,,,,,,,,,,,,,,,,,,,,,,,,,,,,,,,,,,,,,,,,,,,,,,,,,,,,,,,,,,,,,,,,,,,,,,,
4747,Scenes/Meshes/hd_washe/prefab/hd_washe_qiaqia.prefab,,Quầy Hạt Dưa Hiệp Hiệp,,,,2,1,16,0.1,6,0.1,15,,0,,,,0.5,,0.5,,0.1,,0.1,,10,0.2,,30,0.2,,20,0.2,,20,0.2,20,0.2,,0.4,13,0.1,,,0.08,,0.1,,0.1,,0.09,,0.15,,0.15,,0.15,,0.15,,,,0.15,,0.08,,,,,,,,,,,,,,,,,,,,,,,,,,,,,,,,,,,,,,,,,,,,,,,,,,,,,,,,,,,,,,,,,,,,,,,20,0.2,
4748,Player/Npcs/Prefabs/npc_391.prefab,,Bà Chủ Tiệm Hiệp Hiệp,,,,1.75,0.5,15,0.1,6,0.1,10,,0,,,14,0.5,14,0.5,,0.1,12,0.1,,12,0.2,,120,1.5,,30,0.2,,30,0.2,20,0.2,24,0.15,10,0.1,,15,0.08,,0.1,,0.1,21,0.09,,0.15,,0.15,,0.15,,0.15,,,,0.15,,0.08,,,,,,,,,,,,,,,,,,,,,,,,,,,,,,,,,,,,,,,,,,,,,,,,,,,,,,,,,,,,,,,,,,,,,,,30,0.2,
4749,Effect/Prefabs/HuoDong/Effect_LongMai_jinghunNPC.prefab,,Long Mạch Tinh Hồn,,,,1.75,0.5,,,,,,,,,,,,,,,,,,,,,,,,,,,,,,,,,,,,,,,,,,,,,,,,,,,,,,,,,,,,,,,,,,,,,,,,,,,,,,,,,,,,,,,,,,,,,,,,,,,,,,,,,,,,,,,,,,,,,,,,,,,,,,,,,,,
4750,Player/Npcs/Prefabs/npc_036.prefab,,Cường Đạo,,,,1.75,0.5,16,0.1,6,0.1,19,,0,,,30,0.1,19,0.5,,0.1,15,0.1,,12,0.2,,30,0.2,,30,0.2,,30,0.2,20,0.2,13,0.4,15,0.1,,19,0.08,,0.1,,0.1,5,0.09,,0.15,,0.15,,0.15,,0.15,,,,0.15,,0.08,,,,,,,,,,,,,,,,,,,,,,,,,,,,,,,,,,,,,,,,,,,,,,,,,,,,,,,,,,,,,,,,,,,,,,,30,0.2,
4751,Player/Npcs/Prefabs/npc_015.prefab,,Sói Xám,,,,1.75,0.5,16,0.1,6,0.1,13,,0,,,1,0.5,1,0.5,,0.1,15,0.1,,8,0.2,,30,0.2,,30,0.2,,30,0.2,20,0.2,,0.15,22,0.1,,12,0.08,,0.1,,0.1,30,0.09,,0.15,,0.15,,0.15,,0.15,,,,0.15,,0.08,,,,,,,,,,,,,,,,,,,,,,,,,,,,,,,,,,,,,,,,,,,,,,,,,,,,,,,,,,,,,,,,,,,,,,,30,0.2,
4752,Player/Npcs/Prefabs/npc_208A.prefab,,Mã Tặc 1,,,,2.5,0.5,16,0.1,6,0.1,19,,0,,,17,0.5,17,0.5,,0.1,15,0.1,,11,0.2,,30,0.2,,30,0.2,,30,0.2,20,0.2,16,0.15,16,0.1,,18,0.08,,0.1,,0.1,,0.09,,0.15,,0.15,,0.15,,0.15,,,,0.15,,0.08,,,,,,,,,,,,,,,,,,,,,,,,,,,,,,,,,,,,,,,,,,,,,,,,,,,,,,,,,,,,,,,,,,,,,,,30,0.2,
4753,Player/critter/prefab/zc_longzhu01.prefab,,Long Trụ 1,,,,2.5,0.5,,,,,,,,,,,,,,,,,,,,,,,,,,,,,,,,,,,,,,,,,,,,,,,,,,,,,,,,,,,,,,,,,,,,,,,,,,,,,,,,,,,,,,,,,,,,,,,,,,,,,,,,,,,,,,,,,,,,,,,,,,,,,,,,,,,
4754,Player/critter/prefab/zc_longzhu05.prefab,,Long Trụ 5,,,,2.5,0.5,,,,,,,,,,,,,,,,,,,,,,,,,,,,,,,,,,,,,,,,,,,,,,,,,,,,,,,,,,,,,,,,,,,,,,,,,,,,,,,,,,,,,,,,,,,,,,,,,,,,,,,,,,,,,,,,,,,,,,,,,,,,,,,,,,,
4755,Player/critter/prefab/longmaisuipian.prefab,,Mảnh Long Mạch,,,,1.75,0.5,,,,,,,,,,,,,,,,,,,,,,,,,,,,,,,,,,,,,,,,,,,,,,,,,,,,,,,,,,,,,,,,,,,,,,,,,,,,,,,,,,,,,,,,,,,,,,,,,,,,,,,,,,,,,,,,,,,,,,,,,,,,,,,,,,,
4756,Scenes/Meshes/sj_ziyuan/prefab/sj_baicai01_1.prefab,,Cải Trắng,,,,1.75,0.5,,,6,,,,,,,,,,,,,15,0.1,,,,,10,0.2,,10,0.2,,10,0.2,,,,,8,0.1,,,,,,,,,,,,,,,,,,,,,,,,,,,,,,,,,,,,,,,,,,,,,,,,,,,,,,,,,,,,,,,,,,,,,,,,,,,,,,,,,,,,,,,,,,,,,,10,0.2,
4757,Scenes/Meshes/sj_ziyuan/prefab/sj_baicai01_2.prefab,,Cải Trắng,,,,1.75,0.5,,,6,,,,,,,,,,,,,15,0.1,,,,,10,0.2,,10,0.2,,10,0.2,,,,,8,0.1,,,,,,,,,,,,,,,,,,,,,,,,,,,,,,,,,,,,,,,,,,,,,,,,,,,,,,,,,,,,,,,,,,,,,,,,,,,,,,,,,,,,,,,,,,,,,,10,0.2,
4758,Scenes/Meshes/sj_ziyuan/prefab/sj_baicai01_3.prefab,,Cải Trắng,,,,1.75,0.5,,,6,,,,,,,,,,,,,15,0.1,,,,,10,0.2,,10,0.2,,10,0.2,,,,,8,0.1,,,,,,,,,,,,,,,,,,,,,,,,,,,,,,,,,,,,,,,,,,,,,,,,,,,,,,,,,,,,,,,,,,,,,,,,,,,,,,,,,,,,,,,,,,,,,,10,0.2,
4759,Scenes/Meshes/sj_ziyuan/prefab/sj_maizi01_1.prefab,,Lúa Mì,,,,1.75,0.5,,,6,,,,,,,,,,,,,15,0.1,,,,,10,0.2,,10,0.2,,10,0.2,,,,,8,0.1,,,,,,,,,,,,,,,,,,,,,,,,,,,,,,,,,,,,,,,,,,,,,,,,,,,,,,,,,,,,,,,,,,,,,,,,,,,,,,,,,,,,,,,,,,,,,,10,0.2,
4760,Scenes/Meshes/sj_ziyuan/prefab/sj_maizi01_2.prefab,,Lúa Mì,,,,1.75,0.5,,,6,,,,,,,,,,,,,15,0.1,,,,,10,0.2,,10,0.2,,10,0.2,,,,,8,0.1,,,,,,,,,,,,,,,,,,,,,,,,,,,,,,,,,,,,,,,,,,,,,,,,,,,,,,,,,,,,,,,,,,,,,,,,,,,,,,,,,,,,,,,,,,,,,,10,0.2,
4761,Scenes/Meshes/sj_ziyuan/prefab/sj_maizi01_3.prefab,,Lúa Mì,,,,1.75,0.5,,,6,,,,,,,,,,,,,15,0.1,,,,,10,0.2,,10,0.2,,10,0.2,,,,,8,0.1,,,,,,,,,,,,,,,,,,,,,,,,,,,,,,,,,,,,,,,,,,,,,,,,,,,,,,,,,,,,,,,,,,,,,,,,,,,,,,,,,,,,,,,,,,,,,,10,0.2,
4762,Scenes/Meshes/sj_ziyuan/prefab/sj_shuidao01_1.prefab,,Lúa Nước,,,,1.75,0.5,,,6,,,,,,,,,,,,,15,0.1,,,,,10,0.2,,10,0.2,,10,0.2,,,,,8,0.1,,,,,,,,,,,,,,,,,,,,,,,,,,,,,,,,,,,,,,,,,,,,,,,,,,,,,,,,,,,,,,,,,,,,,,,,,,,,,,,,,,,,,,,,,,,,,,10,0.2,
4763,Scenes/Meshes/sj_ziyuan/prefab/sj_shuidao01_2.prefab,,Lúa Nước,,,,1.75,0.5,,,6,,,,,,,,,,,,,15,0.1,,,,,10,0.2,,10,0.2,,10,0.2,,,,,8,0.1,,,,,,,,,,,,,,,,,,,,,,,,,,,,,,,,,,,,,,,,,,,,,,,,,,,,,,,,,,,,,,,,,,,,,,,,,,,,,,,,,,,,,,,,,,,,,,10,0.2,
4764,Scenes/Meshes/sj_ziyuan/prefab/sj_shuidao01_3.prefab,,Lúa Nước,,,,1.75,0.5,,,6,,,,,,,,,,,,,15,0.1,,,,,10,0.2,,10,0.2,,10,0.2,,,,,8,0.1,,,,,,,,,,,,,,,,,,,,,,,,,,,,,,,,,,,,,,,,,,,,,,,,,,,,,,,,,,,,,,,,,,,,,,,,,,,,,,,,,,,,,,,,,,,,,,10,0.2,
4765,Effect/Prefabs/HuoDong/Effter_gq_b.prefab,202,Thí Luyện Nhóm-Cầu Sáng,,,,1.2,0.5,,,,,,,,,,,,,,,,,,,,,,,,,,,,,,,,,,,,,,,,,,,,,,,,,,,,,,,,,,,,,,,,,,,,,,,,,,,,,,,,,,,,,,,,,,,,,,,,,,,,,,,,,,,,,,,,,,,,,,,,,,,,,,,,,,,
4766,Effect/Prefabs/HuoDong/Effter_gq_z.prefab,202,Thí Luyện Nhóm-Cầu Tối,,,,1.2,0.5,,,,,,,,,,,,,,,,,,,,,,,,,,,,,,,,,,,,,,,,,,,,,,,,,,,,,,,,,,,,,,,,,,,,,,,,,,,,,,,,,,,,,,,,,,,,,,,,,,,,,,,,,,,,,,,,,,,,,,,,,,,,,,,,,,,
4767,Player/Npcs/Prefabs/npc_389.prefab,,Lôi Đình Nữ Đế,,,,1.75,0.5,15,0.1,6,0.1,10,,0,,,14,0.5,14,0.5,,0.1,12,0.1,,12,0.2,,30,0.2,,30,0.2,,30,0.2,20,0.2,24,0.15,10,0.1,,15,0.08,,0.1,,0.1,21,0.09,,0.15,,0.15,,0.15,,0.15,,,,0.15,,0.08,,,,,,,,,,,,,,,,,,,,,,,,,,,,,,,,,,,,,,,,,,,,,,,,,,,,,,,,,,,,,,,,,,,,,,,,,
4768,Player/Npcs/Prefabs/npc_390.prefab,,Lôi Đình Nữ Đế (Đấu),,,,1.75,0.5,15,0.1,6,0.1,10,,0,,,14,0.5,14,0.5,,0.1,12,0.1,,12,0.2,,30,0.2,,30,0.2,,30,0.2,20,0.2,24,0.15,10,0.1,,15,0.08,,0.1,,0.1,21,0.09,,0.15,,0.15,,0.15,,0.15,,,,0.15,,0.08,,,,,,,,,,,,,,,,,,,,,,,,,,,,,,,,,,,,,,,,,,,,,,,,,,,,,,,,,,,,,,,,,,,,,,,,,
4769,Player/Npcs/Prefabs/npc_388.prefab,,Vương Lâm,,,,1.75,0.5,15,0.1,6,0.1,10,,0,,,14,0.5,14,0.5,,0.1,12,0.1,,12,0.2,,30,0.2,,30,0.2,,30,0.2,20,0.2,24,0.15,10,0.1,,15,0.08,,0.1,,0.1,21,0.09,,0.15,,0.15,,0.15,,0.15,,,,0.15,,0.08,,,,,,,,,,,,,,,,,,,,,,,,,,,,,,,,,,,,,,,,,,,,,,,,,,,,,,,,,,,,,,,,,,,,,,,,,
4770,Player/Npcs/Prefabs/npc_a043.prefab,,Gà Trụi Lông,,,,1,0.5,15,0.1,6,0.1,10,,0,,,14,0.5,14,0.5,,0.1,12,0.1,,12,0.2,,30,0.2,,30,0.2,,30,0.2,20,0.2,24,0.15,10,0.1,,15,0.08,,0.1,,0.1,21,0.09,,0.15,,0.15,,0.15,,0.15,,,,0.15,,0.08,,,,,,,,,,,,,,,,,,,,,,,,,,,,,,,,,,,,,,,,,,,,,,,,,,,,,,,,,,,,,,,,,,,,,,,,,
4771,Player/Npcs/Prefabs/npc_174.prefab,,Cổ Yên Nhiên (Thí Luyện Quân Hàm),,,,2,0.5,16,0.1,6,0.1,20,,0,,,30,0.5,16,0.5,,0.1,16,0.1,,12,0.2,,30,0.2,,30,0.2,,30,0.2,20,0.2,,0.4,15,0.1,,15,0.08,,0.1,,0.1,,0.09,,0.15,,0.15,,0.15,,0.15,,,,0.15,,0.08,,,,,,,,,,,,,,,,,,,,,,,,,,,,,,,,,,,,,,,,,,,,,,,,,,,,,,,,,,,,,,,,,,,,,,,30,0.2,
4772,Player/Npcs/Prefabs/npc_131.prefab,,Hoàn Nhan Tương (Thí Luyện Quân Hàm),,,,1.9,0.5,15,0.1,6,0.1,20,,0,,,30,0.5,16,0.5,,0.1,16,0.1,,12,0.2,,30,0.2,,30,0.2,,30,0.2,20,0.2,24,0.15,15,0.1,,16,0.08,,0.1,,0.1,15,0.09,,0.15,,0.15,,0.15,,0.15,,,,0.15,,0.08,,,,,,,,,,,,,,,,,,,,,,,,,,,,,,,,,,,,,,,,,,,,,,,,,,,,,,,,,,,,,,,,,,,,,,,30,0.2,
4773,Player/Npcs/Prefabs/npc_034.prefab,,Kim Quốc Thích Khách (Thí Luyện Quân Hàm),,,,1.75,0.5,16,0.1,6,0.1,20,,0,,,30,0.1,16,0.5,,0.1,15,0.1,,12,0.2,,30,0.2,,30,0.2,,30,0.2,20,0.2,13,0.4,15,0.1,,17,0.08,,0.1,,0.1,42,0.09,,0.15,,0.15,,0.15,,0.15,,,,0.15,,0.08,,,,,,,,,,,,,,,,,,,,,,,,,,,,,,,,,,,,,,,,,,,,,,,,,,,,,,,,,,,,,,,,,,,,,,,30,0.2,
4774,Player/Npcs/Prefabs/npc_394.prefab,214,Rồng Tài Lộc,,,,3,0.5,20,0.1,6,0.1,20,,0,,,30,0.1,16,0.1,,0.1,16,0.1,,12,0.2,,30,0.1,,30,0.1,,30,0.1,20,0.1,,0.15,15,0.1,,15,0.08,,0.1,,0.1,30,0.09,,0.15,,0.15,,0.15,,0.15,,,,0.15,18,0.08,,,,,,,,,,,,,,,,,,,,,,,,,,,,,,,,,,,,,,,,,,,,,,,,,,,,,,,,,,,,,,,,,,,,,,,30,0.1,
4775,Scenes/Meshes/jy_zhuti01/prefab/jy_qiao04.prefab,,Trốn Tìm-Cầu,,,,3,3,,,6,,,,,,,,,,,,,15,0.1,,,,,10,0.2,,10,0.2,,10,0.2,,,,,8,0.1,,,,,,,,,,,,,,,,,,,,,,,,,,,,,,,,,,,,,,,,,,,,,,,,,,,,,,,,,,,,,,,,,,,,,,,,,,,,,,,,,,,,,,,,,,,,,,,,
4776,Player/Npcs/Prefabs/npc_055.prefab,,Thiên Cổ Độc Thi,,,,2,0.5,16,0.1,6,0.1,20,,0,,,30,0.1,18,0.5,,0.1,15,0.1,,12,0.2,,30,0.2,,30,0.2,,30,0.2,20,0.2,13,0.4,15,0.1,,15,0.08,,0.1,,0.1,,0.09,,0.15,,0.15,,0.15,,0.15,,,,0.15,,0.08,,,,,,,,,,,,,,,,,,,,,,,,,,,,,,,,,,,,,,,,,,,,,,,,,,,,,,,,,,,,,,,,,,,,,,,30,0.2,
4777,Scenes/Meshes/sn_jiayuan/Prefabs/sy_tanzi04.prefab,,Trốn Tìm-Hải Nạp Bách Xuyên,,,,1.5,1.5,,,6,,,,,,,,,,,,,,,,,,,,,,,,,,,,,,,,,,,,,,,,,,,,,,,,,,,,,,,,,,,,,,,,,,,,,,,,,,,,,,,,,,,,,,,,,,,,,,,,,,,,,,,,,,,,,,,,,,,,,,,,,,,,,,,,
4778,Scenes/Meshes/sn_jiayuan/Prefabs/sn_jiayuan_yulong02s.prefab,,Trốn Tìm-Thúy Ngọc Điêu Long,,,,1.5,1.5,,,6,,,,,,,,,,,,,,,,,,,,,,,,,,,,,,,,,,,,,,,,,,,,,,,,,,,,,,,,,,,,,,,,,,,,,,,,,,,,,,,,,,,,,,,,,,,,,,,,,,,,,,,,,,,,,,,,,,,,,,,,,,,,,,,,
4779,Scenes/Meshes/sn_jiayuan/Prefabs/sy_ludeng01.prefab,,Trốn Tìm-Nguyệt Thượng Liễu Đầu,,,,1.5,1.5,,,6,,,,,,,,,,,,,,,,,,,,,,,,,,,,,,,,,,,,,,,,,,,,,,,,,,,,,,,,,,,,,,,,,,,,,,,,,,,,,,,,,,,,,,,,,,,,,,,,,,,,,,,,,,,,,,,,,,,,,,,,,,,,,,,,
4780,Scenes/Meshes/sn_jiayuan/Prefabs/sn_jiayuan_yulong01s.prefab,,Trốn Tìm-Kim Bích Tỳ Hưu,,,,1.5,1.5,,,6,,,,,,,,,,,,,,,,,,,,,,,,,,,,,,,,,,,,,,,,,,,,,,,,,,,,,,,,,,,,,,,,,,,,,,,,,,,,,,,,,,,,,,,,,,,,,,,,,,,,,,,,,,,,,,,,,,,,,,,,,,,,,,,,
4781,Scenes/Meshes/sn_jiayuan/Prefabs/sy_huatan02.prefab,,Trốn Tìm-Xá Tử Yên Hồng,,,,1.5,1.5,,,6,,,,,,,,,,,,,,,,,,,,,,,,,,,,,,,,,,,,,,,,,,,,,,,,,,,,,,,,,,,,,,,,,,,,,,,,,,,,,,,,,,,,,,,,,,,,,,,,,,,,,,,,,,,,,,,,,,,,,,,,,,,,,,,,
4782,Scenes/Meshes/sn_jiayuan/Prefabs/sy_tanzi03.prefab,,Trốn Tìm-Kim Tượng Nhĩ Quán,,,,1.5,1.5,,,6,,,,,,,,,,,,,,,,,,,,,,,,,,,,,,,,,,,,,,,,,,,,,,,,,,,,,,,,,,,,,,,,,,,,,,,,,,,,,,,,,,,,,,,,,,,,,,,,,,,,,,,,,,,,,,,,,,,,,,,,,,,,,,,,
4783,Scenes/Meshes/sn_jiayuan/Prefabs/sy_ludeng02.prefab,,Trốn Tìm-Tương Kim Thạch Đăng,,,,1.5,1.5,,,6,,,,,,,,,,,,,,,,,,,,,,,,,,,,,,,,,,,,,,,,,,,,,,,,,,,,,,,,,,,,,,,,,,,,,,,,,,,,,,,,,,,,,,,,,,,,,,,,,,,,,,,,,,,,,,,,,,,,,,,,,,,,,,,,
4784,Scenes/Meshes/sn_jiayuan/Prefabs/sy_huatan04.prefab,,Trốn Tìm-Bách Hoa Trản,,,,1.5,1.5,,,6,,,,,,,,,,,,,,,,,,,,,,,,,,,,,,,,,,,,,,,,,,,,,,,,,,,,,,,,,,,,,,,,,,,,,,,,,,,,,,,,,,,,,,,,,,,,,,,,,,,,,,,,,,,,,,,,,,,,,,,,,,,,,,,,
4785,Scenes/Meshes/sn_jiayuan/Prefabs/sy_tanzi02.prefab,,Trốn Tìm-Xích Đồng Hồ,,,,1.5,1.5,,,6,,,,,,,,,,,,,,,,,,,,,,,,,,,,,,,,,,,,,,,,,,,,,,,,,,,,,,,,,,,,,,,,,,,,,,,,,,,,,,,,,,,,,,,,,,,,,,,,,,,,,,,,,,,,,,,,,,,,,,,,,,,,,,,,
4786,Scenes/Meshes/sn_jiayuan/Prefabs/sy_huaduo02.prefab,,Trốn Tìm-Đế Nữ Hoa,,,,1.5,1.5,,,6,,,,,,,,,,,,,,,,,,,,,,,,,,,,,,,,,,,,,,,,,,,,,,,,,,,,,,,,,,,,,,,,,,,,,,,,,,,,,,,,,,,,,,,,,,,,,,,,,,,,,,,,,,,,,,,,,,,,,,,,,,,,,,,,
4787,Scenes/Meshes/sn_jiayuan/Prefabs/sy_huaduo01.prefab,,Trốn Tìm-Ngọ Thì Hoa,,,,1.5,1.5,,,6,,,,,,,,,,,,,,,,,,,,,,,,,,,,,,,,,,,,,,,,,,,,,,,,,,,,,,,,,,,,,,,,,,,,,,,,,,,,,,,,,,,,,,,,,,,,,,,,,,,,,,,,,,,,,,,,,,,,,,,,,,,,,,,,
4788,Scenes/Meshes/sn_jiayuan/Prefabs/sy_ludeng03.prefab,,Trốn Tìm-Hoa Cương Thạch Đăng,,,,1.5,1.5,,,6,,,,,,,,,,,,,,,,,,,,,,,,,,,,,,,,,,,,,,,,,,,,,,,,,,,,,,,,,,,,,,,,,,,,,,,,,,,,,,,,,,,,,,,,,,,,,,,,,,,,,,,,,,,,,,,,,,,,,,,,,,,,,,,,
4789,Scenes/Meshes/sn_jiayuan/Prefabs/sy_caoren01.prefab,,Trốn Tìm-Bù Nhìn,,,,1.5,1.5,,,6,,,,,,,,,,,,,,,,,,,,,,,,,,,,,,,,,,,,,,,,,,,,,,,,,,,,,,,,,,,,,,,,,,,,,,,,,,,,,,,,,,,,,,,,,,,,,,,,,,,,,,,,,,,,,,,,,,,,,,,,,,,,,,,,
4790,Scenes/Meshes/sn_jiayuan/Prefabs/sy_tanzi01.prefab,,Trốn Tìm-Trần Niên Lão Tửu Đàn,,,,1.5,1.5,,,6,,,,,,,,,,,,,,,,,,,,,,,,,,,,,,,,,,,,,,,,,,,,,,,,,,,,,,,,,,,,,,,,,,,,,,,,,,,,,,,,,,,,,,,,,,,,,,,,,,,,,,,,,,,,,,,,,,,,,,,,,,,,,,,,
4791,Scenes/Meshes/sn_jiayuan/Prefabs/sy_guanmu01.prefab,,Trốn Tìm-Tử Hồ Điệp,,,,1.5,1.5,,,6,,,,,,,,,,,,,,,,,,,,,,,,,,,,,,,,,,,,,,,,,,,,,,,,,,,,,,,,,,,,,,,,,,,,,,,,,,,,,,,,,,,,,,,,,,,,,,,,,,,,,,,,,,,,,,,,,,,,,,,,,,,,,,,,
4792,Scenes/Meshes/sn_jiayuan/Prefabs/sy_guanmu02.prefab,,Trốn Tìm-Lam Triều Nhan,,,,1.5,1.5,,,6,,,,,,,,,,,,,,,,,,,,,,,,,,,,,,,,,,,,,,,,,,,,,,,,,,,,,,,,,,,,,,,,,,,,,,,,,,,,,,,,,,,,,,,,,,,,,,,,,,,,,,,,,,,,,,,,,,,,,,,,,,,,,,,,
4793,Scenes/Meshes/sn_jiayuan/Prefabs/sy_shizi01.prefab,,Trốn Tìm-Thạch Sư Tử,,,,1.5,1.5,,,6,,,,,,,,,,,,,,,,,,,,,,,,,,,,,,,,,,,,,,,,,,,,,,,,,,,,,,,,,,,,,,,,,,,,,,,,,,,,,,,,,,,,,,,,,,,,,,,,,,,,,,,,,,,,,,,,,,,,,,,,,,,,,,,,
4794,Player/critter/prefab/menpaizhili02.prefab,,Toại Minh Tuyệt Cảnh-Chân Nguyên Lực,,,,1.4,0.5,30,0.1,6,0.1,10,,0,,,30,0.1,30,0.1,,0.1,15,0.1,,9,0.2,,10,0.2,,10,0.2,,10,0.2,10,0.2,,0.15,30,0.1,,,0.08,,0.1,,0.1,,0.09,,0.15,,0.15,,0.15,,0.15,,,,0.15,,0.08,,,,,,,,,,,,,,,,,,,,,,,,,,,,,,,,,,,,,,,,,,,,,,,,,,,,,,,,,,,,,,,,,,,,,,,10,0.2,
4795,Scenes/Meshes/sn_jiayuan/Prefabs/sn_jiayuan_fokan03.prefab,,Toại Minh Tuyệt Cảnh-Bệ Thờ,,,,1.4,0.5,30,0.1,6,0.1,10,,0,,,30,0.1,30,0.1,,0.1,15,0.1,,9,0.2,,10,0.2,,10,0.2,,10,0.2,10,0.2,,0.15,30,0.1,,,0.08,,0.1,,0.1,,0.09,,0.15,,0.15,,0.15,,0.15,,,,0.15,,0.08,,,,,,,,,,,,,,,,,,,,,,,,,,,,,,,,,,,,,,,,,,,,,,,,,,,,,,,,,,,,,,,,,,,,,,,10,0.2,
4796,Player/Npcs/Prefabs/boss137.prefab,,Tam Sinh Duyên-Hạt Vĩ Hồ,,,,2.5,0.5,20,0.1,6,0.1,20,,0,,,20,0.1,20,0.1,,0.1,15,0.1,,12,0.2,,30,0.1,,30,0.1,,30,0.1,20,0.1,,0.15,15,0.1,,15,0.08,,0.1,,0.1,30,0.09,,0.15,,0.15,,0.15,,0.15,,,,0.15,18,0.08,,,,,,,,,,,,,,,,,,,,,,,,,,,,,,,,,,,,,,,,,,,,,,,,,,,,,,,,,,,,,,,,,,,,,,,30,0.1,
4797,Player/Npcs/Prefabs/boss136.prefab,,Tam Sinh Duyên-Tà Hồn,,,,2.5,0.5,20,0.1,6,0.1,20,,0,,,20,0.1,20,0.1,,0.1,15,0.1,,12,0.2,,30,0.1,,30,0.1,,30,0.1,20,0.1,,0.15,15,0.1,,15,0.08,57,0.1,,0.1,30,0.09,,0.15,,0.15,,0.15,,0.15,,,,0.15,18,0.08,,,,,,,,,,,,,,,,,,,,,,,,,,,,,,,,,,,,,,,,,,,,,,,,,,,,,,,,,,,,,,,,,,,,,,,30,0.1,
4798,Player/critter/prefab/daihuacao.prefab,,Tam Sinh Duyên-Cỏ Giải Độc,,,,1,0.5,30,0.1,6,0.1,10,,0,,,30,0.1,30,0.1,,0.1,15,0.1,,9,0.2,,10,0.2,,10,0.2,,10,0.2,10,0.2,,0.15,30,0.1,,,0.08,,0.1,,0.1,,0.09,,0.15,,0.15,,0.15,,0.15,,,,0.15,,0.08,,,,,,,,,,,,,,,,,,,,,,,,,,,,,,,,,,,,,,,,,,,,,,,,,,,,,,,,,,,,,,,,,,,,,,,10,0.2,
4799,Effect/Prefabs/JueSe/NPC/XX/du_02.prefab,,Tam Sinh Duyên-Độc Khí,,,,1.5,1.5,,,,,,,,,,,,,,,,,,,,,,,,,,,,,,,,,,,,,,,,,,,,,,,,,,,,,,,,,,,,,,,,,,,,,,,,,,,,,,,,,,,,,,,,,,,,,,,,,,,,,,,,,,,,,,,,,,,,,,,,,,,,,,,,,,,
4800,Effect/Prefabs/HuoDong/effect_duquan_1.prefab,,Toại Minh Tuyệt Cảnh-Huyền Hỏa 1,,,,1.4,0.5,30,0.1,6,0.1,10,,0,,,30,0.1,30,0.1,,0.1,15,0.1,,9,0.2,,10,0.2,,10,0.2,,10,0.2,10,0.2,,0.15,30,0.1,,,0.08,,0.1,,0.1,,0.09,,0.15,,0.15,,0.15,,0.15,,,,0.15,,0.08,,,,,,,,,,,,,,,,,,,,,,,,,,,,,,,,,,,,,,,,,,,,,,,,,,,,,,,,,,,,,,,,,,,,,,,10,0.2,
4801,Effect/Prefabs/HuoDong/effect_duquan_2.prefab,,Toại Minh Tuyệt Cảnh-Huyền Hỏa 2,,,,1.4,0.5,30,0.1,6,0.1,10,,0,,,30,0.1,30,0.1,,0.1,15,0.1,,9,0.2,,10,0.2,,10,0.2,,10,0.2,10,0.2,,0.15,30,0.1,,,0.08,,0.1,,0.1,,0.09,,0.15,,0.15,,0.15,,0.15,,,,0.15,,0.08,,,,,,,,,,,,,,,,,,,,,,,,,,,,,,,,,,,,,,,,,,,,,,,,,,,,,,,,,,,,,,,,,,,,,,,10,0.2,
4802,Effect/Prefabs/HuoDong/effect_duquan_3.prefab,,Toại Minh Tuyệt Cảnh-Huyền Hỏa 3,,,,1.4,0.5,30,0.1,6,0.1,10,,0,,,30,0.1,30,0.1,,0.1,15,0.1,,9,0.2,,10,0.2,,10,0.2,,10,0.2,10,0.2,,0.15,30,0.1,,,0.08,,0.1,,0.1,,0.09,,0.15,,0.15,,0.15,,0.15,,,,0.15,,0.08,,,,,,,,,,,,,,,,,,,,,,,,,,,,,,,,,,,,,,,,,,,,,,,,,,,,,,,,,,,,,,,,,,,,,,,10,0.2,
4803,Player/Npcs/Prefabs/npc_396.prefab,,Dương Nạp Khang,,,,1.75,0.5,15,0.1,6,0.1,10,,0,,,14,0.5,14,0.5,,0.1,12,0.1,,12,0.2,,30,0.2,,30,0.2,,30,0.2,20,0.2,24,0.15,10,0.1,,15,0.08,,0.1,,0.1,21,0.09,,0.15,,0.15,,0.15,,0.15,,,,0.15,,0.08,,,,,,,,,,,,,,,,,,,,,,,,,,,,,,,,,,,,,,,,,,,,,,,,,,,,,,,,,,,,,,,,,,,,,,,,,
4804,Effect/Prefabs/HuoDong/Effect_XiangLong_fengexian.prefab,,Dải phân cách,,,,3.5,0.5,,,,,,,,,,,,,,,,,,,,,,,,,,,,,,,,,,,,,,,,,,,,,,,,,,,,,,,,,,,,,,,,,,,,,,,,,,,,,,,,,,,,,,,,,,,,,,,,,,,,,,,,,,,,,,,,,,,,,,,,,,,,,,,,,,,
4805,Player/critter/prefab/baguapan.prefab,,Bát Quái Bàn,,,,2.5,0.5,,,,,,,,,,,,,,,,,,,,,,,,,,,,,,,,,,,,,,,,,,,,,,,,,,,,,,,,,,,,,,,,,,,,,,,,,,,,,,,,,,,,,,,,,,,,,,,,,,,,,,,,,,,,,,,,,,,,,,,,,,,,,,,,,,,
4806,Effect/Prefabs/HuoDong/Effect_QiMen_TeXiao.prefab,,Vòng Sáng Bát Quái Bàn,,,,1.75,0.5,,,,,,,,,,,,,,,,,,,,,,,,,,,,,,,,,,,,,,,,,,,,,,,,,,,,,,,,,,,,,,,,,,,,,,,,,,,,,,,,,,,,,,,,,,,,,,,,,,,,,,,,,,,,,,,,,,,,,,,,,,,,,,,,,,,
4807,Effect/Prefabs/HuoDong/Effect_QiMen_GQ.prefab,,Cầu Ánh Sáng Bát Quái Bàn,,,,1.75,0.5,,,,,,,,,,,,,,,,,,,,,,,,,,,,,,,,,,,,,,,,,,,,,,,,,,,,,,,,,,,,,,,,,,,,,,,,,,,,,,,,,,,,,,,,,,,,,,,,,,,,,,,,,,,,,,,,,,,,,,,,,,,,,,,,,,,
4808,Effect/Prefabs/HuoDong/Effect_TianGong_jinduhong_jihuo.prefab,,Chiếm lĩnh Ký hiệu Đỏ,,,,1.75,0.5,,,,,,,,,,,,,,,,,,,,,,,,,,,,,,,,,,,,,,,,,,,,,,,,,,,,,,,,,,,,,,,,,,,,,,,,,,,,,,,,,,,,,,,,,,,,,,,,,,,,,,,,,,,,,,,,,,,,,,,,,,,,,,,,,,,
4809,Effect/Prefabs/HuoDong/Effect_TianGong_jinduhuang_jihuo.prefab,,Chiếm lĩnh Ký hiệu Vàng,,,,1.75,0.5,,,,,,,,,,,,,,,,,,,,,,,,,,,,,,,,,,,,,,,,,,,,,,,,,,,,,,,,,,,,,,,,,,,,,,,,,,,,,,,,,,,,,,,,,,,,,,,,,,,,,,,,,,,,,,,,,,,,,,,,,,,,,,,,,,,
4810,Effect/Prefabs/HuoDong/Effect_TianGong_jindulan_jihuo.prefab,,Chiếm lĩnh Ký hiệu Lam,,,,1.75,0.5,,,,,,,,,,,,,,,,,,,,,,,,,,,,,,,,,,,,,,,,,,,,,,,,,,,,,,,,,,,,,,,,,,,,,,,,,,,,,,,,,,,,,,,,,,,,,,,,,,,,,,,,,,,,,,,,,,,,,,,,,,,,,,,,,,,
4811,Effect/Prefabs/HuoDong/Effect_TianGong_jindulv_jihuo.prefab,,Chiếm lĩnh Ký hiệu Lục,,,,1.75,0.5,,,,,,,,,,,,,,,,,,,,,,,,,,,,,,,,,,,,,,,,,,,,,,,,,,,,,,,,,,,,,,,,,,,,,,,,,,,,,,,,,,,,,,,,,,,,,,,,,,,,,,,,,,,,,,,,,,,,,,,,,,,,,,,,,,,
4812,Player/critter/prefab/critter_mache006.prefab,,Xe Ngựa (Hào Hoa),,,,1.75,0.5,30,0.1,6,0.1,10,,0,,,30,0.1,30,0.1,,0.1,15,0.1,,15,0.2,,135,0.2,,135,0.2,,135,0.2,10,0.2,,0.15,30,0.1,,,0.08,,0.1,,0.1,,0.09,,0.15,,0.15,,0.15,,0.15,,,,0.15,,0.08,,,,,,,,,,,,,,,,,,,,,,,,,,,,,,,,,,,,,,,,,,,,,,,,,,,,,,,,,,,,,,,,,,,,,,,135,0.2,
4813,Player/Npcs/Prefabs/npc_397.prefab,,Lăng Tuyết Yên,,,,1.75,0.5,15,0.1,6,0.1,10,,0,,,14,0.5,14,0.5,,0.1,12,0.1,,12,0.2,,30,0.2,,30,0.2,,30,0.2,20,0.2,24,0.15,10,0.1,,15,0.08,,0.1,,0.1,21,0.09,,0.15,,0.15,,0.15,,0.15,,,,0.15,,0.08,,,,,,,,,,,,,,,,,,,,,,,,,,,,,,,,,,,,,,,,,,,,,,,,,,,,,,,,,,,,,,,,,,,,,,,,,
4814,Player/Npcs/Prefabs/npc_021.prefab,,Hoàn Nhan Ngạo Phong,,,,1.75,0.5,15,0.1,6,0.1,10,,0,,,14,0.5,14,0.5,,0.1,12,0.1,,12,0.2,,30,0.2,,30,0.2,,30,0.2,20,0.2,24,0.15,10,0.1,,15,0.08,,0.1,,0.1,21,0.09,,0.15,,0.15,,0.15,,0.15,,,,0.15,,0.08,,,,,,,,,,,,,,,,,,,,,,,,,,,,,,,,,,,,,,,,,,,,,,,,,,,,,,,,,,,,,,,,,,,,,,,,,
4815,Player/Npcs/Prefabs/npc_021.prefab,,Lão Vương,,,,1.75,0.5,15,0.1,6,0.1,10,,0,,,14,0.5,14,0.5,,0.1,12,0.1,,12,0.2,,30,0.2,,30,0.2,,30,0.2,20,0.2,24,0.15,10,0.1,,15,0.08,,0.1,,0.1,21,0.09,,0.15,,0.15,,0.15,,0.15,,,,0.15,,0.08,,,,,,,,,,,,,,,,,,,,,,,,,,,,,,,,,,,,,,,,,,,,,,,,,,,,,,,,,,,,,,,,,,,,,,,,,
4816,Player/Npcs/Prefabs/boss135.prefab,61,Ma Chướng Giác Long,,,,2.5,0.5,20,0.1,6,0.1,20,,0,,,20,0.1,20,0.1,,0.1,15,0.1,,12,0.2,,30,0.1,,30,0.1,,30,0.1,20,0.1,,0.15,20,0.1,,20,0.08,,0.1,,0.1,30,0.09,,0.15,,0.15,,0.15,,0.15,,,,0.15,18,0.08,,,,,,,,,,,,,,,,,,,,,,,,,,,,,,,,,,,,,,,,,,,,,,,,,,,,,,,,,,,,,,,,,,,,,,,30,0.1,
4817,Player/Npcs/Prefabs/npc_396.prefab,4325,Dương Nạp Khang,,,,1.75,0.5,15,0.1,6,0.1,10,,0,,,14,0.5,14,0.5,,0.1,12,0.1,,12,0.2,,30,0.2,,30,0.2,,30,0.2,20,0.2,24,0.15,10,0.1,,15,0.08,,0.1,,0.1,21,0.09,,0.15,,0.15,,0.15,,0.15,,,,0.15,,0.08,,,,,,,,,,,,,,,,,,,,,,,,,,,,,,,,,,,,,,,,,,,,,,,,,,,,,,,,,,,,,,,,,,,,,,,,,
4818,Player/Npcs/Prefabs/npc_397.prefab,4326,Lăng Tuyết Yên,,,,1.75,0.5,15,0.1,6,0.1,10,,0,,,14,0.5,14,0.5,,0.1,12,0.1,,12,0.2,,30,0.2,,30,0.2,,30,0.2,20,0.2,24,0.15,10,0.1,,15,0.08,,0.1,,0.1,21,0.09,,0.15,,0.15,,0.15,,0.15,,,,0.15,,0.08,,,,,,,,,,,,,,,,,,,,,,,,,,,,,,,,,,,,,,,,,,,,,,,,,,,,,,,,,,,,,,,,,,,,,,,,,
4819,Player/Npcs/Prefabs/npc_117.prefab,4325,Phương Miễn,,,,2.5,0.5,15,0.1,6,0.1,19,,0,,,20,0.5,20,0.5,,0.1,16,0.1,,12,0.2,,30,0.2,,30,0.2,,30,0.2,20,0.2,24,0.15,15,0.1,,15,0.08,,0.1,,0.1,15,0.09,,0.15,,0.15,,0.15,,0.15,,,,0.15,,0.08,,,,,,,,,,,,,,,,,,,,,,,,,2,0.05,,,,,,,,,,,,,,,,,,,,,,,,,,,,,,,,,,,,,,,,,,,,,30,0.2,
4820,Effect/Prefabs/HuoDong/effect_duquan_90.prefab,,Thiên Công Diễn Võ-Vòng Độc 1,,,,1.4,0.5,30,0.1,6,0.1,10,,0,,,30,0.1,30,0.1,,0.1,15,0.1,,9,0.2,,10,0.2,,10,0.2,,10,0.2,10,0.2,,0.15,30,0.1,,,0.08,,0.1,,0.1,,0.09,,0.15,,0.15,,0.15,,0.15,,,,0.15,,0.08,,,,,,,,,,,,,,,,,,,,,,,,,,,,,,,,,,,,,,,,,,,,,,,,,,,,,,,,,,,,,,,,,,,,,,,10,0.2,
4821,Effect/Prefabs/HuoDong/effect_duquan_45.prefab,,Thiên Công Diễn Võ-Vòng Độc 2,,,,1.4,0.5,30,0.1,6,0.1,10,,0,,,30,0.1,30,0.1,,0.1,15,0.1,,9,0.2,,10,0.2,,10,0.2,,10,0.2,10,0.2,,0.15,30,0.1,,,0.08,,0.1,,0.1,,0.09,,0.15,,0.15,,0.15,,0.15,,,,0.15,,0.08,,,,,,,,,,,,,,,,,,,,,,,,,,,,,,,,,,,,,,,,,,,,,,,,,,,,,,,,,,,,,,,,,,,,,,,10,0.2,
4822,Effect/Prefabs/HuoDong/effect_duquan_10.prefab,,Thiên Công Diễn Võ-Vòng Độc 3,,,,1.4,0.5,30,0.1,6,0.1,10,,0,,,30,0.1,30,0.1,,0.1,15,0.1,,9,0.2,,10,0.2,,10,0.2,,10,0.2,10,0.2,,0.15,30,0.1,,,0.08,,0.1,,0.1,,0.09,,0.15,,0.15,,0.15,,0.15,,,,0.15,,0.08,,,,,,,,,,,,,,,,,,,,,,,,,,,,,,,,,,,,,,,,,,,,,,,,,,,,,,,,,,,,,,,,,,,,,,,10,0.2,
4823,Player/Npcs/Prefabs/boss010.prefab,212,Cơ Quan Nhân Mất Kiểm Soát,,,,3,0.5,20,0.1,6,0.1,20,,0,,,19,0.1,19,0.1,,0.1,15,0.1,,12,0.2,,30,0.1,,30,0.1,,30,0.1,20,0.1,,0.15,15,0.1,,17,0.08,,0.1,,0.1,30,0.09,,0.15,,0.15,,0.15,,0.15,,,,0.15,18,0.08,,,,,,,,,,,,,,,,,,,,,,,,,,,,,,,,,,,,,,,,,,,,,,,,,,,,,,,,,,,,,,,,,,,,,,,30,0.1,
4824,Player/Npcs/Prefabs/boss017.prefab,4325,Nam Cung Phi,,,,2.5,0.5,20,0.1,6,0.1,20,,0,,,20,0.1,20,0.1,,0.1,15,0.1,,12,0.2,,30,0.1,,30,0.1,,30,0.1,20,0.1,,0.15,15,0.1,,15,0.08,,0.1,,0.1,30,0.09,,0.15,,0.15,,0.15,,0.15,,,,0.15,18,0.08,,,,,,,,,,,,,,,,,,,,,,,,,,,,,,,,,,,,,,,,,,,,,,,,,,,,,,,,,,,,,,,,,,,,,,,30,0.1,
4825,Player/Npcs/Prefabs/npc_080.prefab,4325,Hoàn Nhan Ngạo Phong,,,,2.5,0.5,20,0.1,6,0.1,20,,0,,,20,0.1,20,0.1,,0.1,15,0.1,,12,0.2,,30,0.1,,30,0.1,,30,0.1,20,0.1,,0.15,15,0.1,,15,0.08,,0.1,,0.1,30,0.09,,0.15,,0.15,,0.15,,0.15,,,,0.15,18,0.08,,,,,,,,,,,,,,,,,,,,,,,,,,,,,,,,,,,,,,,,,,,,,,,,,,,,,,,,,,,,,,,,,,,,,,,30,0.1,
4826,Player/Npcs/Prefabs/npc_306.prefab,,Bàng Đức,,,,2,0.5,38,0.1,6,0.1,20,,0,30,0.1,35,0.09,18,0.09,13,0.1,15,0.1,,12,0.1,,30,0.1,,72,0,,30,0.1,30,0.1,25,0.06,10,0.1,,10,0.08,12,0.08,14,0.1,13,0.05,14,0.05,10,0.05,18,0.15,20,0.15,,,5,,5,0.08,10,0.01,20,0,5,0,13,0,18,0,20,0,28,0.15,23,0.4,,,,,15,0.05,30,0.1,15,0.05,,,,,,,,,,,,,,,,,,,,,,,,,,,,,,,,,,,,,,,,,,,,,72,0,
4827,Player/Npcs/Prefabs/npc_080.prefab,212,Kim Ngột Thuật,,,,2.5,0.5,16,0.1,6,0.1,18,,0,,,16,0.5,16,0.5,,0.1,15,0.1,,12,0.2,,30,0.2,,30,0.2,,30,0.2,20,0.2,24,0.15,15,0.1,,15,0.08,,0.1,,0.1,,0.09,,0.15,,0.15,,0.15,,0.15,,,,0.15,,0.08,,,,,,,,,,,,,,,,,,,,,,,,,,,,,,,,,,,,,,,,,,,,,,,,,,,,,,,,,,,,,,,,,,,,,,,30,0.2,
4828,Player/Npcs/Prefabs/boss135_1.prefab,212,Ma Chướng Giác Long,,,,2.5,0.5,20,0.1,6,0.1,20,,0,,,20,0.1,20,0.1,,0.1,15,0.1,,12,0.2,,30,0.1,,30,0.1,,30,0.1,20,0.1,,0.15,20,0.1,,20,0.08,,0.1,,0.1,30,0.09,,0.15,,0.15,,0.15,,0.15,,,,0.15,18,0.08,,,,,,,,,,,,,,,,,,,,,,,,,,,,,,,,,,,,,,,,,,,,,,,,,,,,,,,,,,,,,,,,,,,,,,,30,0.1,
4829,Player/Npcs/Prefabs/boss135_1.prefab,61,Ma Chướng Giác Long,,,,2.5,0.5,20,0.1,6,0.1,20,,0,,,20,0.1,20,0.1,,0.1,15,0.1,,12,0.2,,30,0.1,,30,0.1,,30,0.1,20,0.1,,0.15,20,0.1,,20,0.08,,0.1,,0.1,30,0.09,,0.15,,0.15,,0.15,,0.15,,,,0.15,18,0.08,,,,,,,,,,,,,,,,,,,,,,,,,,,,,,,,,,,,,,,,,,,,,,,,,,,,,,,,,,,,,,,,,,,,,,,30,0.1,
4830,Player/Npcs/Prefabs/npc_057_b_A.prefab,,Tuần La Cơ Quan Nhân,,,,2.5,0.5,15,0.1,6,0.1,17,,0,,,30,0.1,18,0.5,,0.1,15,0.1,,12,0.2,,30,0.2,,30,0.2,,30,0.2,20,0.2,20,0.15,14,0.1,,19,0.08,,0.1,,0.1,6,0.09,,0.15,,0.15,,0.15,,0.15,,,,0.15,,0.08,,,,,,,,,,,,,,,,,,,,,,,,,,,,,,,,,,,,,,,,,,,,,,,,,,,,,,,,,,,,,,,,,,,,,,,30,0.2,
4831,Player/Npcs/Prefabs/boss010_A.prefab,205,Cơ Quan Nhân-Nhỏ,,,,1.75,0.5,20,0.1,6,0.1,20,,0,,,20,0.1,20,0.1,,0.1,15,0.1,,12,0.2,,30,0.1,,30,0.1,,30,0.1,20,0.1,22,0.15,40,0.1,,65,0.08,53,0.1,,0.1,54,0.09,65,0.15,71,0.15,,0.15,,0.15,,,,0.15,18,0.08,,,,,,,,,,,,,,,,,,,,,,,,,46,0.15,45,0.15,54,0.15,,,,,,,,,,,,,,,,,,,,,,,,,,,,,,,,,,,,,,,,,30,0.1,
4832,Player/Npcs/Prefabs/boss010_A.prefab,,Cơ Quan Nhân-Vừa,,,,1.75,0.5,20,0.1,6,0.1,20,,0,,,20,0.1,20,0.1,,0.1,15,0.1,,12,0.2,,30,0.1,,30,0.1,,30,0.1,20,0.1,22,0.15,40,0.1,,65,0.08,53,0.1,,0.1,54,0.09,65,0.15,71,0.15,,0.15,,0.15,,,,0.15,18,0.08,,,,,,,,,,,,,,,,,,,,,,,,,46,0.15,45,0.15,54,0.15,,,,,,,,,,,,,,,,,,,,,,,,,,,,,,,,,,,,,,,,,30,0.1,
4833,Player/Npcs/Prefabs/boss010_A.prefab,61,Cơ Quan Nhân-Lớn,,,,1.75,0.5,20,0.1,6,0.1,20,,0,,,20,0.1,20,0.1,,0.1,15,0.1,,12,0.2,,30,0.1,,30,0.1,,30,0.1,20,0.1,22,0.15,40,0.1,,65,0.08,53,0.1,,0.1,54,0.09,65,0.15,71,0.15,,0.15,,0.15,,,,0.15,18,0.08,,,,,,,,,,,,,,,,,,,,,,,,,46,0.15,45,0.15,54,0.15,,,,,,,,,,,,,,,,,,,,,,,,,,,,,,,,,,,,,,,,,30,0.1,
4834,Player/Npcs/Prefabs/boss010_A.prefab,212,Cơ Quan Nhân-Lớn,,,,1.75,0.5,20,0.1,6,0.1,20,,0,,,20,0.1,20,0.1,,0.1,15,0.1,,12,0.2,,30,0.1,,30,0.1,,30,0.1,20,0.1,22,0.15,40,0.1,,65,0.08,53,0.1,,0.1,54,0.09,65,0.15,71,0.15,,0.15,,0.15,,,,0.15,18,0.08,,,,,,,,,,,,,,,,,,,,,,,,,46,0.15,45,0.15,54,0.15,,,,,,,,,,,,,,,,,,,,,,,,,,,,,,,,,,,,,,,,,30,0.1,
4835,Player/Npcs/Prefabs/npc_057_b.prefab,214,Thủ Thành Cơ Quan-Lớn,,,,3.7,0.5,15,0.1,6,0.1,17,,0,,,30,0.1,18,0.5,,0.1,15,0.1,,12,0.2,,30,0.2,,30,0.2,,30,0.2,20,0.2,20,0.15,14,0.1,,19,0.08,,0.1,,0.1,6,0.09,,0.15,,0.15,,0.15,,0.15,,,,0.15,,0.08,,,,,,,,,,,,,,,,,,,,,,,,,,,,,,,,,,,,,,,,,,,,,,,,,,,,,,,,,,,,,,,,,,,,,,,30,0.2,
4836,Player/Npcs/Prefabs/npc_057_b.prefab,212,Thủ Thành Cơ Quan Nhân,,,,2.5,0.5,15,0.1,6,0.1,17,,0,,,30,0.1,18,0.5,,0.1,15,0.1,,12,0.2,,30,0.2,,30,0.2,,30,0.2,20,0.2,20,0.15,14,0.1,,19,0.08,,0.1,,0.1,6,0.09,,0.15,,0.15,,0.15,,0.15,,,,0.15,,0.08,,,,,,,,,,,,,,,,,,,,,,,,,,,,,,,,,,,,,,,,,,,,,,,,,,,,,,,,,,,,,,,,,,,,,,,30,0.2,
4837,Scenes/Meshes/sn_jiayuan/Prefabs/sy_huaduo01.prefab,,Hoa Đỏ 1,,,,0.4,1.5,20,0.1,6,0.1,20,,0,,,30,0.1,16,0.1,,0.1,16,0.1,,12,0.2,,30,0.1,,30,0.1,,30,0.1,20,0.1,,0.15,15,0.1,,18,0.08,,0.1,,0.1,30,0.09,,0.15,,0.15,,0.15,,0.15,,,,0.15,18,0.08,,,,,,,,,,,,,,,,,,,,,,,,,,,,,,,,,,,,,,,,,,,,,,,,,,,,,,,,,,,,,,,,,,,,,,,30,0.1,
4838,Scenes/Meshes/sn_jiayuan/Prefabs/sy_huaduo02.prefab,,Hoa Vàng 1,,,,0.4,1.5,,,6,,,,,,,,,,,,,,,,,,,,,,,,,,,,,,,,,,,,,,,,,,,,,,,,,,,,,,,,,,,,,,,,,,,,,,,,,,,,,,,,,,,,,,,,,,,,,,,,,,,,,,,,,,,,,,,,,,,,,,,,,,,,,,,,
4839,Player/critter/prefab/xuemudan01.prefab,,Hoa Đỏ 2,,,,0.4,1.5,30,0.1,6,0.1,10,,0,,,30,0.1,30,0.1,,0.1,15,0.1,,9,0.2,,10,0.2,,10,0.2,,10,0.2,10,0.2,,0.15,30,0.1,,,0.08,,0.1,,0.1,,0.09,,0.15,,0.15,,0.15,,0.15,,,,0.15,,0.08,,,,,,,,,,,,,,,,,,,,,,,,,,,,,,,,,,,,,,,,,,,,,,,,,,,,,,,,,,,,,,,,,,,,,,,10,0.2,
4840,Player/critter/prefab/daihuacao.prefab,,Dược thảo có hoa,,,,0.4,1.5,30,0.1,6,0.1,10,,0,,,30,0.1,30,0.1,,0.1,15,0.1,,9,0.2,,10,0.2,,10,0.2,,10,0.2,10,0.2,,0.15,30,0.1,,,0.08,,0.1,,0.1,,0.09,,0.15,,0.15,,0.15,,0.15,,,,0.15,,0.08,,,,,,,,,,,,,,,,,,,,,,,,,,,,,,,,,,,,,,,,,,,,,,,,,,,,,,,,,,,,,,,,,,,,,,,10,0.2,
4841,Player/critter/prefab/hehua02.prefab,,Hà Hoa,,,,0.4,1.5,30,0.1,6,0.1,10,,0,,,30,0.1,30,0.1,,0.1,15,0.1,,9,0.2,,10,0.2,,10,0.2,,10,0.2,10,0.2,,0.15,30,0.1,,,0.08,,0.1,,0.1,,0.09,,0.15,,0.15,,0.15,,0.15,,,,0.15,,0.08,,,,,,,,,,,,,,,,,,,,,,,,,,,,,,,,,,,,,,,,,,,,,,,,,,,,,,,,,,,,,,,,,,,,,,,10,0.2,
4842,Player/critter/prefab/xuelianhua.prefab,,Tuyết Liên Hoa,,,,0.4,1.5,,,6,,,,,,,,,,,,,15,0.1,,,,,10,0.2,,10,0.2,,10,0.2,,,,,8,0.1,,,,,,,,,,,,,,,,,,,,,,,,,,,,,,,,,,,,,,,,,,,,,,,,,,,,,,,,,,,,,,,,,,,,,,,,,,,,,,,,,,,,,,,,,,,,,,10,0.2,
4843,Scenes/Meshes/yw_qingqiutaolin/Prefabs/yw_qingqiu_hua09_1.prefab,,Cầu Hoa Tím,,,,0.4,1.5,30,0.1,6,0.1,10,,0,,,30,0.1,30,0.1,,0.1,15,0.1,,9,0.2,,10,0.2,,10,0.2,,10,0.2,10,0.2,,0.15,30,0.1,,,0.08,,0.1,,0.1,,0.09,,0.15,,0.15,,0.15,,0.15,,,,0.15,,0.08,,,,,,,,,,,,,,,,,,,,,,,,,,,,,,,,,,,,,,,,,,,,,,,,,,,,,,,,,,,,,,,,,,,,,,,10,0.2,
4844,Scenes/Meshes/yw_qingqiutaolin/Prefabs/yw_qingqiu_hua02_1.prefab,,Bụi Hoa Tím,,,,0.4,1.5,30,0.1,6,0.1,10,,0,,,30,0.1,30,0.1,,0.1,15,0.1,,9,0.2,,10,0.2,,10,0.2,,10,0.2,10,0.2,,0.15,30,0.1,,,0.08,,0.1,,0.1,,0.09,,0.15,,0.15,,0.15,,0.15,,,,0.15,,0.08,,,,,,,,,,,,,,,,,,,,,,,,,,,,,,,,,,,,,,,,,,,,,,,,,,,,,,,,,,,,,,,,,,,,,,,10,0.2,
4845,Scenes/Meshes/yw_qingqiutaolin/Prefabs/yw_qingqiu_hua06_1.prefab,,Bó Hoa Trắng Tím,,,,0.4,1.5,30,0.1,6,0.1,10,,0,,,30,0.1,30,0.1,,0.1,15,0.1,,9,0.2,,10,0.2,,10,0.2,,10,0.2,10,0.2,,0.15,30,0.1,,,0.08,,0.1,,0.1,,0.09,,0.15,,0.15,,0.15,,0.15,,,,0.15,,0.08,,,,,,,,,,,,,,,,,,,,,,,,,,,,,,,,,,,,,,,,,,,,,,,,,,,,,,,,,,,,,,,,,,,,,,,10,0.2,
4846,Scenes/Meshes/yw_qingqiutaolin/Prefabs/yw_qingqiu_hua03_1.prefab,,Linh Lan,,,,0.4,1.5,30,0.1,6,0.1,10,,0,,,30,0.1,30,0.1,,0.1,15,0.1,,9,0.2,,10,0.2,,10,0.2,,10,0.2,10,0.2,,0.15,30,0.1,,,0.08,,0.1,,0.1,,0.09,,0.15,,0.15,,0.15,,0.15,,,,0.15,,0.08,,,,,,,,,,,,,,,,,,,,,,,,,,,,,,,,,,,,,,,,,,,,,,,,,,,,,,,,,,,,,,,,,,,,,,,10,0.2,
4847,Scenes/Meshes/yw_qingqiutaolin/Prefabs/yw_qingqiu_hua04_1.prefab,,Bó Hoa Lam Tím,,,,0.4,1.5,30,0.1,6,0.1,10,,0,,,30,0.1,30,0.1,,0.1,15,0.1,,9,0.2,,10,0.2,,10,0.2,,10,0.2,10,0.2,,0.15,30,0.1,,,0.08,,0.1,,0.1,,0.09,,0.15,,0.15,,0.15,,0.15,,,,0.15,,0.08,,,,,,,,,,,,,,,,,,,,,,,,,,,,,,,,,,,,,,,,,,,,,,,,,,,,,,,,,,,,,,,,,,,,,,,10,0.2,
4848,Scenes/Meshes/yw_qingqiutaolin/Prefabs/yw_qingqiu_hua05_1.prefab,,Bó Hoa Trắng,,,,0.4,1.5,30,0.1,6,0.1,10,,0,,,30,0.1,30,0.1,,0.1,15,0.1,,9,0.2,,10,0.2,,10,0.2,,10,0.2,10,0.2,,0.15,30,0.1,,,0.08,,0.1,,0.1,,0.09,,0.15,,0.15,,0.15,,0.15,,,,0.15,,0.08,,,,,,,,,,,,,,,,,,,,,,,,,,,,,,,,,,,,,,,,,,,,,,,,,,,,,,,,,,,,,,,,,,,,,,,10,0.2,
4849,Scenes/Meshes/yw_qingqiutaolin/Prefabs/yw_qingqiu_hua08_1.prefab,,Hoa Nhỏ Vàng,,,,0.4,1.5,30,0.1,6,0.1,10,,0,,,30,0.1,30,0.1,,0.1,15,0.1,,9,0.2,,10,0.2,,10,0.2,,10,0.2,10,0.2,,0.15,30,0.1,,,0.08,,0.1,,0.1,,0.09,,0.15,,0.15,,0.15,,0.15,,,,0.15,,0.08,,,,,,,,,,,,,,,,,,,,,,,,,,,,,,,,,,,,,,,,,,,,,,,,,,,,,,,,,,,,,,,,,,,,,,,10,0.2,
4850,Player/Npcs/Prefabs/npc_183.prefab,,Ẩn NPC,,,,0.4,2,30,0.1,6,0.1,10,,0,,,30,0.1,30,0.1,,0.1,15,0.1,,9,0.2,,10,0.2,,10,0.2,,10,0.2,10,0.2,,0.15,30,0.1,,,0.08,,0.1,,0.1,,0.09,,0.15,,0.15,,0.15,,0.15,,,,0.15,,0.08,,,,,,,,,,,,,,,,,,,,,,,,,,,,,,,,,,,,,,,,,,,,,,,,,,,,,,,,,,,,,,,,,,,,,,,10,0.2,
4851,Player/Npcs/Prefabs/npc_360a_1.prefab,,Thiểm Tống Hiệp,,,,1.75,0.5,16,0.1,6,0.1,19,,0,,,30,0.5,16,0.5,,0.1,16,0.1,,12,0.2,,20,0.2,,30,0.2,,30,0.2,20,0.2,22,0.15,15,0.1,,15,0.08,,0.1,,0.1,,0.09,,0.15,,0.15,,0.15,,0.15,,,,0.15,,0.08,,,,,,,,,,,,,,,,,,,,,,,,,20,0.05,,,,,,,,,,,,,,,,,,,,,,,,,,,,,,,,,,,,,,,,,,,,,30,0.2,
4852,Player/critter/prefab/taoshu01.prefab,,Cây Non Đào Hoa,,,,0.4,1.5,30,0.1,,0.1,10,,0,,,30,0.1,30,0.1,,0.1,15,0.1,,9,0.2,,10,0.2,,10,0.2,,10,0.2,10,0.2,,0.15,30,0.1,,,0.08,,0.1,,0.1,,0.09,,0.15,,0.15,,0.15,,0.15,,,,0.15,,0.08,,,,,,,,,,,,,,,,,,,,,,,,,,,,,,,,,,,,,,,,,,,,,,,,,,,,,,,,,,,,,,,,,,,,,,,10,0.2,
4853,Player/Npcs/Prefabs/npc_131.prefab,61,Hoàn Nhan Tương,,,,2.5,0.5,15,0.1,6,0.1,20,,0,,,30,0.5,16,0.5,,0.1,16,0.1,,12,0.2,,30,0.2,,30,0.2,,30,0.2,20,0.2,24,0.15,15,0.1,,16,0.08,,0.1,,0.1,15,0.09,,0.15,,0.15,,0.15,,0.15,,,,0.15,,0.08,,,,,,,,,,,,,,,,,,,,,,,,,,,,,,,,,,,,,,,,,,,,,,,,,,,,,,,,,,,,,,,,,,,,,,,30,0.2,
4854,Scenes/Meshes/hd_nanhaigouchen/Prefabs/hd_nanhaigouchen_baoxiang05.prefab,,Rương Cắm Hoa,,,,1,1,30,0.1,6,0.1,10,,0,,,30,0.1,30,0.1,,0.1,15,0.1,,9,0.2,,10,0.2,,10,0.2,,10,0.2,10,0.2,,0.15,30,0.1,,,0.08,,0.1,,0.1,,0.09,,0.15,,0.15,,0.15,,0.15,,,,0.15,,0.08,,,,,,,,,,,,,,,,,,,,,,,,,,,,,,,,,,,,,,,,,,,,,,,,,,,,,,,,,,,,,,,,,,,,,,,10,0.2,
4855,Player/Npcs/Prefabs/boss010_B.prefab,,Thánh Cảnh Thủ Vệ,,,,3,0.5,20,0.1,6,0.1,20,,0,,,19,0.1,19,0.1,,0.1,15,0.1,,12,0.2,,30,0.1,,30,0.1,,30,0.1,20,0.1,,0.15,15,0.1,,17,0.08,,0.1,,0.1,30,0.09,,0.15,,0.15,,0.15,,0.15,,,,0.15,18,0.08,,,,,,,,,,,,,,,,,,,,,,,,,,,,,,,,,,,,,,,,,,,,,,,,,,,,,,,,,,,,,,,,,,,,,,,30,0.1,
4856,Effect/Prefabs/HuoDong/Effect_goddess_ShuiJin_FaGuang.prefab,,Linh Đài,,,,1.75,0.5,,,,,,,,,,,,,,,,,,,,,,,,,,,,,,,,,,,,,,,,,,,,,,,,,,,,,,,,,,,,,,,,,,,,,,,,,,,,,,,,,,,,,,,,,,,,,,,,,,,,,,,,,,,,,,,,,,,,,,,,,,,,,,,,,,,
4857,Player/Npcs/Prefabs/boss015_A.prefab,61,Thánh Cảnh Thú Vương,,,,2.5,0.5,20,0.1,6,0.1,16,,0,,,20,0.1,20,0.1,,0.1,15,0.1,,12,0.2,,30,0.1,,30,0.1,,30,0.1,20,0.1,,0.15,15,0.1,,15,0.08,,0.1,,0.1,30,0.09,,0.15,,0.15,,0.15,,0.15,,,,0.15,18,0.08,,,,,,,,,,,,,,,,,,,,,,,,,,,,,,,,,,,,,,,,,,,,,,,,,,,,,,,,,,,,,,,,,,,,,,,30,0.1,
4858,Effect/Prefabs/HuoDong/Effect_shengjing_lanbanyuan.prefab,,Thánh Cảnh-Lam,,,,,,,,,,,,,,,,,,,,,,,,,,,,,,,,,,,,,,,,,,,,,,,,,,,,,,,,,,,,,,,,,,,,,,,,,,,,,,,,,,,,,,,,,,,,,,,,,,,,,,,,,,,,,,,,,,,,,,,,,,,,,,,,,,,,,,,,
4859,Effect/Prefabs/HuoDong/Effect_shengjing_hongbanyuan.prefab,,Thánh Cảnh-Đỏ,,,,,,,,,,,,,,,,,,,,,,,,,,,,,,,,,,,,,,,,,,,,,,,,,,,,,,,,,,,,,,,,,,,,,,,,,,,,,,,,,,,,,,,,,,,,,,,,,,,,,,,,,,,,,,,,,,,,,,,,,,,,,,,,,,,,,,,,
4860,Effect/Prefabs/HuoDong/Effect_shengjing_siquan.prefab,,Thánh Cảnh-Vòng Lửa,,,,,,,,,,,,,,,,,,,,,,,,,,,,,,,,,,,,,,,,,,,,,,,,,,,,,,,,,,,,,,,,,,,,,,,,,,,,,,,,,,,,,,,,,,,,,,,,,,,,,,,,,,,,,,,,,,,,,,,,,,,,,,,,,,,,,,,,
4861,Effect/Prefabs/HuoDong/Effect_shengjing_baozha.prefab,,Thánh Cảnh-Hiệu ứng Leo Tháp,,,,,,,,,,,,,,,,,,,,,,,,,,,,,,,,,,,,,,,,,,,,,,,,,,,,,,,,,,,,,,,,,,,,,,,,,,,,,,,,,,,,,,,,,,,,,,,,,,,,,,,,,,,,,,,,,,,,,,,,,,,,,,,,,,,,,,,,
4862,Effect/Prefabs/HuoDong/Effect_xiaochang_hongquan4.prefab,,Đơn Kỵ Hiệu Trường_Vòng Đỏ 1,,,,,,,,,,,,,,,,,,,,,,,,,,,,,,,,,,,,,,,,,,,,,,,,,,,,,,,,,,,,,,,,,,,,,,,,,,,,,,,,,,,,,,,,,,,,,,,,,,,,,,,,,,,,,,,,,,,,,,,,,,,,,,,,,,,,,,,,
4863,Effect/Prefabs/HuoDong/Effect_xiaochang_hongquan3.prefab,,Đơn Kỵ Hiệu Trường_Vòng Đỏ 2,,,,,,,,,,,,,,,,,,,,,,,,,,,,,,,,,,,,,,,,,,,,,,,,,,,,,,,,,,,,,,,,,,,,,,,,,,,,,,,,,,,,,,,,,,,,,,,,,,,,,,,,,,,,,,,,,,,,,,,,,,,,,,,,,,,,,,,,
4864,Effect/Prefabs/HuoDong/Effect_xiaochang_hongquan2.prefab,,Đơn Kỵ Hiệu Trường_Vòng Đỏ 3,,,,,,,,,,,,,,,,,,,,,,,,,,,,,,,,,,,,,,,,,,,,,,,,,,,,,,,,,,,,,,,,,,,,,,,,,,,,,,,,,,,,,,,,,,,,,,,,,,,,,,,,,,,,,,,,,,,,,,,,,,,,,,,,,,,,,,,,
4865,Effect/Prefabs/HuoDong/Effect_xiaochang_hongquan1.prefab,,Đơn Kỵ Hiệu Trường_Vòng Đỏ 4,,,,,,,,,,,,,,,,,,,,,,,,,,,,,,,,,,,,,,,,,,,,,,,,,,,,,,,,,,,,,,,,,,,,,,,,,,,,,,,,,,,,,,,,,,,,,,,,,,,,,,,,,,,,,,,,,,,,,,,,,,,,,,,,,,,,,,,,
4866,Effect/Prefabs/HuoDong/Effect_xiaochang_baiquan4.prefab,,Đơn Kỵ Hiệu Trường_Vòng Trắng 1,,,,,,,,,,,,,,,,,,,,,,,,,,,,,,,,,,,,,,,,,,,,,,,,,,,,,,,,,,,,,,,,,,,,,,,,,,,,,,,,,,,,,,,,,,,,,,,,,,,,,,,,,,,,,,,,,,,,,,,,,,,,,,,,,,,,,,,,
4867,Effect/Prefabs/HuoDong/Effect_xiaochang_baiquan3.prefab,,Đơn Kỵ Hiệu Trường_Vòng Trắng 2,,,,,,,,,,,,,,,,,,,,,,,,,,,,,,,,,,,,,,,,,,,,,,,,,,,,,,,,,,,,,,,,,,,,,,,,,,,,,,,,,,,,,,,,,,,,,,,,,,,,,,,,,,,,,,,,,,,,,,,,,,,,,,,,,,,,,,,,
4868,Effect/Prefabs/HuoDong/Effect_xiaochang_baiquan2.prefab,,Đơn Kỵ Hiệu Trường_Vòng Trắng 3,,,,,,,,,,,,,,,,,,,,,,,,,,,,,,,,,,,,,,,,,,,,,,,,,,,,,,,,,,,,,,,,,,,,,,,,,,,,,,,,,,,,,,,,,,,,,,,,,,,,,,,,,,,,,,,,,,,,,,,,,,,,,,,,,,,,,,,,
4869,Effect/Prefabs/HuoDong/Effect_xiaochang_baiquan1.prefab,,Đơn Kỵ Hiệu Trường_Vòng Trắng 4,,,,,,,,,,,,,,,,,,,,,,,,,,,,,,,,,,,,,,,,,,,,,,,,,,,,,,,,,,,,,,,,,,,,,,,,,,,,,,,,,,,,,,,,,,,,,,,,,,,,,,,,,,,,,,,,,,,,,,,,,,,,,,,,,,,,,,,,
4870,Effect/Prefabs/ChangJing/Huodongchangjing/YuRenJie_XuanZeFaZhen.prefab,,Đơn Kỵ Hiệu Trường_Vòng thêm điểm,,,,,,,,,,,,,,,,,,,,,,,,,,,,,,,,,,,,,,,,,,,,,,,,,,,,,,,,,,,,,,,,,,,,,,,,,,,,,,,,,,,,,,,,,,,,,,,,,,,,,,,,,,,,,,,,,,,,,,,,,,,,,,,,,,,,,,,,
4871,Player/critter/prefab/zc_lingtuzhan_chengmen06.prefab,534,Trục Lộc-Cổng Thành 3,,,,2.5,1,,,,,,,,,,,,,,,,,,,,,,,,,,,,,,,,,,,,,,,,,,,,,,,,,,,,,,,,,,,,,,,,,,,,,,,,,,,,,,,,,,,,,,,,,,,,,,,,,,,,,,,,,,,,,,,,,,,,,,,,,,,,,,,,,,,
4872,Player/Npcs/Prefabs/npc_130_d.prefab,61,Tướng Lĩnh Sở Quân,,,,2.5,0.5,15,0.1,6,0.1,20,,0,,,30,0.5,17,0.5,,0.1,16,0.1,,12,0.2,,30,0.2,,30,0.2,,30,0.2,20,0.2,24,0.15,15,0.1,,15,0.08,,0.1,,0.1,15,0.09,,0.15,,0.15,,0.15,,0.15,,,,0.15,,0.08,,,,,,,,,,,,,,,,,,,,,,,,,,,,,,,,,,,,,,,,,,,,,,,,,,,,,,,,,,,,,,,,,,,,,,,30,0.2,
4873,Player/Npcs/Prefabs/npc_130_e.prefab,61,Tướng Lĩnh Hán Quân,,,,2.5,0.5,15,0.1,6,0.1,20,,0,,,30,0.5,17,0.5,,0.1,16,0.1,,12,0.2,,30,0.2,,30,0.2,,30,0.2,20,0.2,24,0.15,15,0.1,,15,0.08,,0.1,,0.1,15,0.09,,0.15,,0.15,,0.15,,0.15,,,,0.15,,0.08,,,,,,,,,,,,,,,,,,,,,,,,,,,,,,,,,,,,,,,,,,,,,,,,,,,,,,,,,,,,,,,,,,,,,,,30,0.2,
4874,Player/Npcs/Prefabs/npc_400.prefab,61,Lưu Bang,,,,2.5,0.5,15,0.1,6,0.1,20,,0,,,30,0.5,17,0.5,,0.1,16,0.1,,12,0.2,,30,0.2,,30,0.2,,30,0.2,20,0.2,24,0.15,15,0.1,,15,0.08,,0.1,,0.1,15,0.09,,0.15,,0.15,,0.15,,0.15,,,,0.15,,0.08,,,,,,,,,,,,,,,,,,,,,,,,,,,,,,,,,,,,,,,,,,,,,,,,,,,,,,,,,,,,,,,,,,,,,,,30,0.2,
4875,Effect/Prefabs/JueSe/other1/YanHua_12.prefab,,Pháo Hoa 12,,,,2,0.5,30,0.1,6,0.1,10,,0,,,30,0.1,30,0.1,,0.1,15,0.1,,9,0.2,,10,0.2,,10,0.2,,10,0.2,10,0.2,,0.15,30,0.1,,,0.08,,0.1,,0.1,,0.09,,0.15,,0.15,,0.15,,0.15,,,,0.15,,0.08,,,,,,,,,,,,,,,,,,,,,,,,,,,,,,,,,,,,,,,,,,,,,,,,,,,,,,,,,,,,,,,,,,,,,,,10,0.2,
4876,Player/Npcs/Prefabs/npc_402.prefab,,Rắn Ham Ăn-Đầu,,,,2,0.5,38,0.1,6,0.1,20,,0,30,0.1,35,0.09,18,0.09,13,0.1,15,0.1,,12,0.1,,30,0.1,,72,0,,30,0.1,30,0.1,25,0.06,10,0.1,,10,0.08,12,0.08,14,0.1,13,0.05,14,0.05,10,0.05,18,0.15,20,0.15,,,5,,5,0.08,10,0.01,20,0,5,0,13,0,18,0,20,0,28,0.15,23,0.4,,,,,,,,,,,,,,,,,,,,,,,,,,,,,,,,,,,,,,,,,,,,,,,,,,,,,,,72,0,
4877,Player/Npcs/Prefabs/npc_403.prefab,,Rắn Ham Ăn-Thân,,,,2,0.5,38,0.1,6,0.1,20,,0,30,0.1,35,0.09,18,0.09,13,0.1,15,0.1,,12,0.1,,30,0.1,,72,0,,30,0.1,30,0.1,25,0.06,10,0.1,,10,0.08,12,0.08,14,0.1,13,0.05,14,0.05,10,0.05,18,0.15,20,0.15,,,5,,5,0.08,10,0.01,20,0,5,0,13,0,18,0,20,0,28,0.15,23,0.4,,,,,,,,,,,,,,,,,,,,,,,,,,,,,,,,,,,,,,,,,,,,,,,,,,,,,,,72,0,
4878,Player/Npcs/Prefabs/npc_404.prefab,,Rắn Ham Ăn-Đuôi,,,,2,0.5,38,0.1,6,0.1,20,,0,30,0.1,35,0.09,18,0.09,13,0.1,15,0.1,,12,0.1,,30,0.1,,72,0,,30,0.1,30,0.1,25,0.06,10,0.1,,10,0.08,12,0.08,14,0.1,13,0.05,14,0.05,10,0.05,18,0.15,20,0.15,,,5,,5,0.08,10,0.01,20,0,5,0,13,0,18,0,20,0,28,0.15,23,0.4,,,,,,,,,,,,,,,,,,,,,,,,,,,,,,,,,,,,,,,,,,,,,,,,,,,,,,,72,0,
4879,Player/Npcs/Prefabs/npc_401.prefab,,Xu,,,,2,0.5,38,0.1,6,0.1,20,,0,30,0.1,35,0.09,18,0.09,13,0.1,15,0.1,,12,0.1,,30,0.1,,72,0,,30,0.1,30,0.1,25,0.06,10,0.1,,10,0.08,12,0.08,14,0.1,13,0.05,14,0.05,10,0.05,18,0.15,20,0.15,,,5,,5,0.08,10,0.01,20,0,5,0,13,0,18,0,20,0,28,0.15,23,0.4,,,,,,,,,,,,,,,,,,,,,,,,,,,,,,,,,,,,,,,,,,,,,,,,,,,,,,,72,0,
4880,Player/Npcs/Prefabs/npc_401.prefab,64,Xu,,,,2,0.5,38,0.1,6,0.1,20,,0,30,0.1,35,0.09,18,0.09,13,0.1,15,0.1,,12,0.1,,30,0.1,,72,0,,30,0.1,30,0.1,25,0.06,10,0.1,,10,0.08,12,0.08,14,0.1,13,0.05,14,0.05,10,0.05,18,0.15,20,0.15,,,5,,5,0.08,10,0.01,20,0,5,0,13,0,18,0,20,0,28,0.15,23,0.4,,,,,,,,,,,,,,,,,,,,,,,,,,,,,,,,,,,,,,,,,,,,,,,,,,,,,,,72,0,
4881,Effect/Prefabs/HuoDong/S5_Effect_LanQuan.prefab,,Vòng Lam,,,,,,,,,,,,,,,,,,,,,,,,,,,,,,,,,,,,,,,,,,,,,,,,,,,,,,,,,,,,,,,,,,,,,,,,,,,,,,,,,,,,,,,,,,,,,,,,,,,,,,,,,,,,,,,,,,,,,,,,,,,,,,,,,,,,,,,,
4882,Player/critter/prefab/qingmingjie_fengzheng.prefab,,Diều,,,,1.75,0.5,,,,,,,,,,,,,,,,,,,,,,,,,,,,,,,,,,,,,,,,,,,,,,,,,,,,,,,,,,,,,,,,,,,,,,,,,,,,,,,,,,,,,,,,,,,,,,,,,,,,,,,,,,,,,,,,,,,,,,,,,,,,,,,,,,,
4883,Player/critter/prefab/qingmingjie_qingtuan.prefab,,Bánh Ngải,,,,1.75,0.5,,,,,,,,,,,,,,,,,,,,,,,,,,,,,,,,,,,,,,,,,,,,,,,,,,,,,,,,,,,,,,,,,,,,,,,,,,,,,,,,,,,,,,,,,,,,,,,,,,,,,,,,,,,,,,,,,,,,,,,,,,,,,,,,,,,
4884,Player/critter/prefab/qingmingjie_taohua.prefab,,Bẻ cành,,,,1.75,0.5,,,,,,,,,,,,,,,,,,,,,,,,,,,,,,,,,,,,,,,,,,,,,,,,,,,,,,,,,,,,,,,,,,,,,,,,,,,,,,,,,,,,,,,,,,,,,,,,,,,,,,,,,,,,,,,,,,,,,,,,,,,,,,,,,,,
4885,Player/critter/prefab/jiuzhuo_jiuping02.prefab,,Nước Gạo (Bình Rượu),,,,1.75,0.5,,,,,,,,,,,,,,,,,,,,,,,,,,,,,,,,,,,,,,,,,,,,,,,,,,,,,,,,,,,,,,,,,,,,,,,,,,,,,,,,,,,,,,,,,,,,,,,,,,,,,,,,,,,,,,,,,,,,,,,,,,,,,,,,,,,
4886,Player/critter/prefab/taohuaban02.prefab,,Đào Hoa,,,,1.75,0.5,,,,,,,,,,,,,,,,,,,,,,,,,,,,,,,,,,,,,,,,,,,,,,,,,,,,,,,,,,,,,,,,,,,,,,,,,,,,,,,,,,,,,,,,,,,,,,,,,,,,,,,,,,,,,,,,,,,,,,,,,,,,,,,,,,,
4887,Scenes/Meshes/hd_washe/prefab/hd_washe_zhenglong02.prefab,,Lồng Hấp,,,,1.75,0.5,,,,,,,,,,,,,,,,,,,,,,,,,,,,,,,,,,,,,,,,,,,,,,,,,,,,,,,,,,,,,,,,,,,,,,,,,,,,,,,,,,,,,,,,,,,,,,,,,,,,,,,,,,,,,,,,,,,,,,,,,,,,,,,,,,,
4888,Effect/Prefabs/HuoDong/Effect_tuanbenPVE_WJhudun10.prefab,,Chụp Bảo Vệ,,,,1.75,,,,,,,,,,,,,,,,,,,,,,,,,,,,,,,,,,,,,,,,,,,,,,,,,,,,,,,,,,,,,,,,,,,,,,,,,,,,,,,,,,,,,,,,,,,,,,,,,,,,,,,,,,,,,,,,,,,,,,,,,,,,,,,,,,,,
4889,Player/Npcs/Prefabs/npc_358.prefab,203,Na Nha A,,,,2,0.5,38,0.1,6,0.1,20,,0,30,0.1,35,0.09,18,0.09,13,0.1,15,0.1,,12,0.1,,30,0.1,,72,0,,30,0.1,30,0.1,25,0.06,10,0.1,,10,0.08,12,0.08,14,0.1,13,0.05,14,0.05,10,0.05,18,0.15,20,0.15,,,5,,5,0.08,10,0.01,20,0,5,0,13,0,18,0,20,0,28,0.15,23,0.4,,,,,15,0.05,30,0.1,15,0.05,,,,,,,,,,,,,,,,,,,,,,,,,,,,,,,,,,,,,,,,,,,,,72,0,
4890,Scenes/Meshes/sj_ziyuan/prefab/sj_baicai01_1.prefab,,Mầm Rau Thường,,,,1.75,0.5,,,6,,,,,,,,,,,,,15,0.1,,,,,10,0.2,,10,0.2,,10,0.2,,,,,8,0.1,,,,,,,,,,,,,,,,,,,,,,,,,,,,,,,,,,,,,,,,,,,,,,,,,,,,,,,,,,,,,,,,,,,,,,,,,,,,,,,,,,,,,,,,,,,,,,10,0.2,
4891,Scenes/Meshes/sj_ziyuan/prefab/sj_baicai01_1.prefab,,Cải Trắng,,,,1.75,0.5,,,6,,,,,,,,,,,,,15,0.1,,,,,10,0.2,,10,0.2,,10,0.2,,,,,8,0.1,,,,,,,,,,,,,,,,,,,,,,,,,,,,,,,,,,,,,,,,,,,,,,,,,,,,,,,,,,,,,,,,,,,,,,,,,,,,,,,,,,,,,,,,,,,,,,10,0.2,
4892,Scenes/Meshes/sj_ziyuan/prefab/sj_baicai01_2.prefab,,Cải Trắng,,,,1.75,0.5,,,6,,,,,,,,,,,,,15,0.1,,,,,10,0.2,,10,0.2,,10,0.2,,,,,8,0.1,,,,,,,,,,,,,,,,,,,,,,,,,,,,,,,,,,,,,,,,,,,,,,,,,,,,,,,,,,,,,,,,,,,,,,,,,,,,,,,,,,,,,,,,,,,,,,10,0.2,
4893,Scenes/Meshes/sj_ziyuan/prefab/sj_baicai01_3.prefab,,Cải Trắng,,,,1.75,0.5,,,6,,,,,,,,,,,,,15,0.1,,,,,10,0.2,,10,0.2,,10,0.2,,,,,8,0.1,,,,,,,,,,,,,,,,,,,,,,,,,,,,,,,,,,,,,,,,,,,,,,,,,,,,,,,,,,,,,,,,,,,,,,,,,,,,,,,,,,,,,,,,,,,,,,10,0.2,
4894,Scenes/Meshes/sj_ziyuan/prefab/sj_maizi01_1.prefab,,Lúa Mì,,,,1.75,0.5,,,6,,,,,,,,,,,,,15,0.1,,,,,10,0.2,,10,0.2,,10,0.2,,,,,8,0.1,,,,,,,,,,,,,,,,,,,,,,,,,,,,,,,,,,,,,,,,,,,,,,,,,,,,,,,,,,,,,,,,,,,,,,,,,,,,,,,,,,,,,,,,,,,,,,10,0.2,
4895,Scenes/Meshes/sj_ziyuan/prefab/sj_maizi01_2.prefab,,Lúa Mì,,,,1.75,0.5,,,6,,,,,,,,,,,,,15,0.1,,,,,10,0.2,,10,0.2,,10,0.2,,,,,8,0.1,,,,,,,,,,,,,,,,,,,,,,,,,,,,,,,,,,,,,,,,,,,,,,,,,,,,,,,,,,,,,,,,,,,,,,,,,,,,,,,,,,,,,,,,,,,,,,10,0.2,
4896,Scenes/Meshes/sj_ziyuan/prefab/sj_maizi01_3.prefab,,Lúa Mì,,,,1.75,0.5,,,6,,,,,,,,,,,,,15,0.1,,,,,10,0.2,,10,0.2,,10,0.2,,,,,8,0.1,,,,,,,,,,,,,,,,,,,,,,,,,,,,,,,,,,,,,,,,,,,,,,,,,,,,,,,,,,,,,,,,,,,,,,,,,,,,,,,,,,,,,,,,,,,,,,10,0.2,
4897,Scenes/Meshes/sj_ziyuan/prefab/sj_shuidao01_1.prefab,,Lúa Nước,,,,1.75,0.5,,,6,,,,,,,,,,,,,15,0.1,,,,,10,0.2,,10,0.2,,10,0.2,,,,,8,0.1,,,,,,,,,,,,,,,,,,,,,,,,,,,,,,,,,,,,,,,,,,,,,,,,,,,,,,,,,,,,,,,,,,,,,,,,,,,,,,,,,,,,,,,,,,,,,,10,0.2,
4898,Scenes/Meshes/sj_ziyuan/prefab/sj_shuidao01_2.prefab,,Lúa Nước,,,,1.75,0.5,,,6,,,,,,,,,,,,,15,0.1,,,,,10,0.2,,10,0.2,,10,0.2,,,,,8,0.1,,,,,,,,,,,,,,,,,,,,,,,,,,,,,,,,,,,,,,,,,,,,,,,,,,,,,,,,,,,,,,,,,,,,,,,,,,,,,,,,,,,,,,,,,,,,,,10,0.2,
4899,Scenes/Meshes/sj_ziyuan/prefab/sj_shuidao01_3.prefab,,Lúa Nước,,,,1.75,0.5,,,6,,,,,,,,,,,,,15,0.1,,,,,10,0.2,,10,0.2,,10,0.2,,,,,8,0.1,,,,,,,,,,,,,,,,,,,,,,,,,,,,,,,,,,,,,,,,,,,,,,,,,,,,,,,,,,,,,,,,,,,,,,,,,,,,,,,,,,,,,,,,,,,,,,10,0.2,
4900,Scenes/Meshes/sj_ziyuan/prefab/sj_nangua01_1.prefab,,Bí Ngô,,,,1.75,0.5,,,6,,,,,,,,,,,,,15,0.1,,,,,10,0.2,,10,0.2,,10,0.2,,,,,8,0.1,,,,,,,,,,,,,,,,,,,,,,,,,,,,,,,,,,,,,,,,,,,,,,,,,,,,,,,,,,,,,,,,,,,,,,,,,,,,,,,,,,,,,,,,,,,,,,10,0.2,
4901,Scenes/Meshes/sj_ziyuan/prefab/sj_nangua01_2.prefab,,Bí Ngô,,,,1.75,0.5,,,6,,,,,,,,,,,,,15,0.1,,,,,10,0.2,,10,0.2,,10,0.2,,,,,8,0.1,,,,,,,,,,,,,,,,,,,,,,,,,,,,,,,,,,,,,,,,,,,,,,,,,,,,,,,,,,,,,,,,,,,,,,,,,,,,,,,,,,,,,,,,,,,,,,10,0.2,
4902,Scenes/Meshes/sj_ziyuan/prefab/sj_nangua01_3.prefab,,Bí Ngô,,,,1.75,0.5,,,6,,,,,,,,,,,,,15,0.1,,,,,10,0.2,,10,0.2,,10,0.2,,,,,8,0.1,,,,,,,,,,,,,,,,,,,,,,,,,,,,,,,,,,,,,,,,,,,,,,,,,,,,,,,,,,,,,,,,,,,,,,,,,,,,,,,,,,,,,,,,,,,,,,10,0.2,
4903,Scenes/Meshes/yw_haidao01/prefab/yw_haidao_mogu01_2.prefab,,Nấm,,,,1.75,0.5,,,6,,,,,,,,,,,,,15,0.1,,,,,10,0.2,,10,0.2,,10,0.2,,,,,8,0.1,,,,,,,,,,,,,,,,,,,,,,,,,,,,,,,,,,,,,,,,,,,,,,,,,,,,,,,,,,,,,,,,,,,,,,,,,,,,,,,,,,,,,,,,,,,,,,10,0.2,
4904,Scenes/Meshes/yw_haidao01/prefab/yw_haidao_mogu01_1.prefab,,Nấm,,,,1.75,0.5,,,6,,,,,,,,,,,,,15,0.1,,,,,10,0.2,,10,0.2,,10,0.2,,,,,8,0.1,,,,,,,,,,,,,,,,,,,,,,,,,,,,,,,,,,,,,,,,,,,,,,,,,,,,,,,,,,,,,,,,,,,,,,,,,,,,,,,,,,,,,,,,,,,,,,10,0.2,
4905,Player/critter/prefab/lajiao.prefab,,Ớt,,,,1.75,0.5,,,6,,,,,,,,,,,,,15,0.1,,,,,10,0.2,,10,0.2,,10,0.2,,,,,8,0.1,,,,,,,,,,,,,,,,,,,,,,,,,,,,,,,,,,,,,,,,,,,,,,,,,,,,,,,,,,,,,,,,,,,,,,,,,,,,,,,,,,,,,,,,,,,,,,10,0.2,
4906,Scenes/Meshes/hd_washe/prefab/hd_washe_lajiao03_4.prefab,,Ớt,,,,1.75,0.5,,,6,,,,,,,,,,,,,15,0.1,,,,,10,0.2,,10,0.2,,10,0.2,,,,,8,0.1,,,,,,,,,,,,,,,,,,,,,,,,,,,,,,,,,,,,,,,,,,,,,,,,,,,,,,,,,,,,,,,,,,,,,,,,,,,,,,,,,,,,,,,,,,,,,,10,0.2,
4907,Player/critter/prefab/lingzhi_1.prefab,,Linh Chi,,,,1.75,0.5,,,6,,,,,,,,,,,,,15,0.1,,,,,10,0.2,,10,0.2,,10,0.2,,,,,8,0.1,,,,,,,,,,,,,,,,,,,,,,,,,,,,,,,,,,,,,,,,,,,,,,,,,,,,,,,,,,,,,,,,,,,,,,,,,,,,,,,,,,,,,,,,,,,,,,10,0.2,
4908,Player/critter/prefab/lingzhi.prefab,,Linh Chi,,,,1.75,0.5,,,6,,,,,,,,,,,,,15,0.1,,,,,10,0.2,,10,0.2,,10,0.2,,,,,8,0.1,,,,,,,,,,,,,,,,,,,,,,,,,,,,,,,,,,,,,,,,,,,,,,,,,,,,,,,,,,,,,,,,,,,,,,,,,,,,,,,,,,,,,,,,,,,,,,10,0.2,
4909,Scenes/Meshes/sj_ziyuan/prefab/sj_xigua01_1.prefab,219,Dưa hấu,,,,1.75,0.5,,,6,,,,,,,,,,,,,15,0.1,,,,,10,0.2,,10,0.2,,10,0.2,,,,,8,0.1,,,,,,,,,,,,,,,,,,,,,,,,,,,,,,,,,,,,,,,,,,,,,,,,,,,,,,,,,,,,,,,,,,,,,,,,,,,,,,,,,,,,,,,,,,,,,,10,0.2,
4910,Scenes/Meshes/sj_ziyuan/prefab/sj_xigua01_1.prefab,,Dưa hấu,,,,1.75,0.5,,,6,,,,,,,,,,,,,15,0.1,,,,,10,0.2,,10,0.2,,10,0.2,,,,,8,0.1,,,,,,,,,,,,,,,,,,,,,,,,,,,,,,,,,,,,,,,,,,,,,,,,,,,,,,,,,,,,,,,,,,,,,,,,,,,,,,,,,,,,,,,,,,,,,,10,0.2,
4911,Player/critter/prefab/taohuashibei.prefab,,Bia Đá Đào Hoa Đảo,,,,1.75,0.5,,,6,,,,,,,,,,,,,15,0.1,,,,,10,0.2,,10,0.2,,10,0.2,,,,,8,0.1,,,,,,,,,,,,,,,,,,,,,,,,,,,,,,,,,,,,,,,,,,,,,,,,,,,,,,,,,,,,,,,,,,,,,,,,,,,,,,,,,,,,,,,,,,,,,,10,0.2,
4912,Scenes/Meshes/sj_ziyuan/prefab/sj_guanmu05_1.prefab,,Hướng Dương,,,,1.75,0.5,,,6,,,,,,,,,,,,,15,0.1,,,,,10,0.2,,10,0.2,,10,0.2,,,,,8,0.1,,,,,,,,,,,,,,,,,,,,,,,,,,,,,,,,,,,,,,,,,,,,,,,,,,,,,,,,,,,,,,,,,,,,,,,,,,,,,,,,,,,,,,,,,,,,,,10,0.2,
4913,Scenes/Meshes/sj_ziyuan/prefab/sj_guanmu05_2.prefab,,Hướng Dương,,,,1.75,0.5,,,6,,,,,,,,,,,,,15,0.1,,,,,10,0.2,,10,0.2,,10,0.2,,,,,8,0.1,,,,,,,,,,,,,,,,,,,,,,,,,,,,,,,,,,,,,,,,,,,,,,,,,,,,,,,,,,,,,,,,,,,,,,,,,,,,,,,,,,,,,,,,,,,,,,10,0.2,
4914,Effect/Prefabs/HuoDong/effect_qq_h.prefab,205,Vòng Sáng 1,,,,0.5,0.5,30,0.1,6,0.1,10,,0,,,30,0.1,30,0.1,,0.1,15,0.1,,9,0.2,,10,0.2,,10,0.2,,10,0.2,10,0.2,,0.15,30,0.1,,,0.08,,0.1,,0.1,,0.09,,0.15,,0.15,,0.15,,0.15,,,,0.15,,0.08,,,,,,,,,,,,,,,,,,,,,,,,,,,,,,,,,,,,,,,,,,,,,,,,,,,,,,,,,,,,,,,,,,,,,,,10,0.2,
4915,Effect/Prefabs/HuoDong/effect_qq_n.prefab,205,Vòng Sáng 2,,,,0.5,0.5,30,0.1,6,0.1,10,,0,,,30,0.1,30,0.1,,0.1,15,0.1,,9,0.2,,10,0.2,,10,0.2,,10,0.2,10,0.2,,0.15,30,0.1,,,0.08,,0.1,,0.1,,0.09,,0.15,,0.15,,0.15,,0.15,,,,0.15,,0.08,,,,,,,,,,,,,,,,,,,,,,,,,,,,,,,,,,,,,,,,,,,,,,,,,,,,,,,,,,,,,,,,,,,,,,,10,0.2,
4916,Player/Npcs/Prefabs/boss018.prefab,203,Hàn Ngọc Lộc Vương,,,,2.5,0.5,20,0.1,6,0.1,15,,0,,,17,0.1,17,0.1,,0.1,15,0.1,,9,0.2,,30,0.1,,30,0.1,,30,0.1,20,0.1,,0.15,20,0.1,,16,0.08,,0.1,,0.1,30,0.09,,0.15,,0.15,,0.15,,0.15,,,,0.15,18,0.08,,,,,,,,,,,,,,,,,,,,,,,,,,,,,,,,,,,,,,,,,,,,,,,,,,,,,,,,,,,,,,,,,,,,,,,30,0.1,
4917,Player/Npcs/Prefabs/boss016.prefab,203,Cửu Vĩ Hồ Vương,,,,2.5,0.5,20,0.1,6,0.1,20,,0,,,20,0.1,20,0.1,,0.1,15,0.1,,12,0.2,,30,0.1,,30,0.1,,30,0.1,20,0.1,,0.15,15,0.1,,15,0.08,,0.1,,0.1,30,0.09,,0.15,,0.15,,0.15,,0.15,,,,0.15,18,0.08,,,,,,,,,,,,,,,,,,,,,,,,,,,,,,,,,,,,,,,,,,,,,,,,,,,,,,,,,,,,,,,,,,,,,,,30,0.1,
4918,Player/Npcs/Prefabs/boss019.prefab,203,Đại Địa Lang Vương,,,,2.5,0.5,20,0.1,6,0.1,20,,0,,,20,0.1,20,0.1,,0.1,15,0.1,,12,0.2,,30,0.1,,30,0.1,,30,0.1,20,0.1,,0.15,15,0.1,,15,0.08,,0.1,,0.1,30,0.09,,0.15,,0.15,,0.15,,0.15,,,,0.15,18,0.08,,,,,,,,,,,,,,,,,,,,,,,,,,,,,,,,,,,,,,,,,,,,,,,,,,,,,,,,,,,,,,,,,,,,,,,30,0.1,
4919,Player/Npcs/Prefabs/boss028.prefab,203,Ngân Giác Tê Hoàng,,,,2.5,0.5,20,0.1,6,0.1,20,,0,,,30,0.1,16,0.1,,0.1,16,0.1,,12,0.2,,30,0.1,,30,0.1,,30,0.1,20,0.1,,0.15,15,0.1,,15,0.08,,0.1,,0.1,30,0.09,,0.15,,0.15,,0.15,,0.15,,,,0.15,18,0.08,,,,,,,,,,,,,,,,,,,,,,,,,,,,,,,,,,,,,,,,,,,,,,,,,,,,,,,,,,,,,,,,,,,,,,,30,0.1,
4920,Player/Npcs/Prefabs/boss031.prefab,205,Tử Bối Ngạc Hoàng,,,,2,0.5,20,0.1,6,0.1,15,,0,,,30,0.1,16,0.1,,0.1,16,0.1,,8,0.2,,30,0.1,,30,0.1,,30,0.1,20,0.1,,0.15,17,0.1,,15,0.08,,0.1,,0.1,30,0.09,,0.15,,0.15,,0.15,,0.15,,,,0.15,18,0.08,,,,,,,,,,,,,,,,,,,,,,,,,,,,,,,,,,,,,,,,,,,,,,,,,,,,,,,,,,,,,,,,,,,,,,,30,0.1,
4921,Player/Npcs/Prefabs/boss032.prefab,203,Băng Lân Tích Hoàng,,,,2.5,0.5,20,0.1,6,0.1,15,,0,,,17,0.1,17,0.1,,0.1,15,0.1,,9,0.2,,30,0.1,,30,0.1,,30,0.1,20,0.1,,0.15,20,0.1,,16,0.08,,0.1,,0.1,30,0.09,,0.15,,0.15,,0.15,,0.15,,,,0.15,18,0.08,,,,,,,,,,,,,,,,,,,,,,,,,,,,,,,,,,,,,,,,,,,,,,,,,,,,,,,,,,,,,,,,,,,,,,,30,0.1,
4922,Player/Npcs/Prefabs/npc_099.prefab,,Thư Sinh,,,,3,0.5,16,0.1,6,0.1,19,,0,,,16,0.5,16,0.5,,0.1,15,0.1,,12,0.2,,30,0.2,,30,0.2,,30,0.2,20,0.2,31,0.15,15,0.1,,15,0.08,,0.1,,0.1,,0.09,,0.15,,0.15,,0.15,,0.15,,,,0.15,,0.08,,,,,,,,,,,,,,,,,,,,,,,,,,,,,,,,,,,,,,,,,,,,,,,,,,,,,,,,,,,,,,,,,,,,,,,30,0.2,
4923,Player/critter/prefab/qixi_tongxinsuo.prefab,,Khóa Đồng Tâm,,,,1.75,0.5,,,,,,,,,,,,,,,,,,,,,,,,,,,,,,,,,,,,,,,,,,,,,,,,,,,,,,,,,,,,,,,,,,,,,,,,,,,,,,,,,,,,,,,,,,,,,,,,,,,,,,,,,,,,,,,,,,,,,,,,,,,,,,,,,,,
4924,Player/critter/prefab/qixi_queyu.prefab,,Lông Chim Tước,,,,1.75,0.5,,,,,,,,,,,,,,,,,,,,,,,,,,,,,,,,,,,,,,,,,,,,,,,,,,,,,,,,,,,,,,,,,,,,,,,,,,,,,,,,,,,,,,,,,,,,,,,,,,,,,,,,,,,,,,,,,,,,,,,,,,,,,,,,,,,
4925,Player/critter/prefab/qixi_yuzan.prefab,,Trâm Ngọc,,,,1.75,0.5,,,,,,,,,,,,,,,,,,,,,,,,,,,,,,,,,,,,,,,,,,,,,,,,,,,,,,,,,,,,,,,,,,,,,,,,,,,,,,,,,,,,,,,,,,,,,,,,,,,,,,,,,,,,,,,,,,,,,,,,,,,,,,,,,,,
4926,Player/critter/prefab/qixi_wusesheng.prefab,,Dây Ngũ Sắc,,,,1.75,0.5,,,,,,,,,,,,,,,,,,,,,,,,,,,,,,,,,,,,,,,,,,,,,,,,,,,,,,,,,,,,,,,,,,,,,,,,,,,,,,,,,,,,,,,,,,,,,,,,,,,,,,,,,,,,,,,,,,,,,,,,,,,,,,,,,,,
4927,Player/critter/prefab/qixi_qiaoguo.prefab,,Bánh xảo,,,,1.75,0.5,,,,,,,,,,,,,,,,,,,,,,,,,,,,,,,,,,,,,,,,,,,,,,,,,,,,,,,,,,,,,,,,,,,,,,,,,,,,,,,,,,,,,,,,,,,,,,,,,,,,,,,,,,,,,,,,,,,,,,,,,,,,,,,,,,,
4928,Player/Npcs/Prefabs/boss116.prefab,212,Huyền Thủy Xà Vương,,,,2.5,0.5,20,0.1,6,0.1,20,,0,,,20,0.1,20,0.1,,0.1,15,0.1,,12,0.2,,30,0.1,,30,0.1,,30,0.1,20,0.1,,0.15,20,0.1,,20,0.08,,0.1,,0.1,30,0.09,,0.15,,0.15,,0.15,,0.15,,,,0.15,18,0.08,,,,,,,,,,,,,,,,,,,,,,,,,,,,,,,,,,,,,,,,,,,,,,,,,,,,,,,,,,,,,,,,,,,,,,,30,0.1,
4929,Scenes/Meshes/sj_ziyuan/prefab/sj_guanmu05_1.prefab,212,Động Thiên Trung-Điểm Thu Thập,,,,1.75,0.5,,,6,,,,,,,,,,,,,15,0.1,,,,,10,0.2,,10,0.2,,10,0.2,,,,,8,0.1,,,,,,,,,,,,,,,,,,,,,,,,,,,,,,,,,,,,,,,,,,,,,,,,,,,,,,,,,,,,,,,,,,,,,,,,,,,,,,,,,,,,,,,,,,,,,,,,
4930,Player/critter/prefab/lingzhi_1.prefab,212,Động Thiên Cao-Điểm Thu Thập,,,,1.75,0.5,,,6,,,,,,,,,,,,,15,0.1,,,,,10,0.2,,10,0.2,,10,0.2,,,,,8,0.1,,,,,,,,,,,,,,,,,,,,,,,,,,,,,,,,,,,,,,,,,,,,,,,,,,,,,,,,,,,,,,,,,,,,,,,,,,,,,,,,,,,,,,,,,,,,,,10,0.2,
4931,Player/critter/prefab/baoshikuang01.prefab,212,Điểm Khoáng Động Thiên (Trung),,,,1.5,0.5,30,0.1,6,0.1,10,,0,,,30,0.1,30,0.1,,0.1,15,0.1,,9,0.2,,10,0.2,,10,0.2,,10,0.2,10,0.2,,0.15,30,0.1,,,0.08,,0.1,,0.1,,0.09,,0.15,,0.15,,0.15,,0.15,,,,0.15,,0.08,,,,,,,,,,,,,,,,,,,,,,,,,,,,,,,,,,,,,,,,,,,,,,,,,,,,,,,,,,,,,,,,,,,,,,,10,0.2,
4932,Player/critter/prefab/shuijingkuang01.prefab,212,Điểm Khoáng Động Thiên (Cao),,,,1.5,0.5,30,0.1,6,0.1,10,,0,,,30,0.1,30,0.1,,0.1,15,0.1,,9,0.2,,10,0.2,,10,0.2,,10,0.2,10,0.2,,0.15,30,0.1,,,0.08,,0.1,,0.1,,0.09,,0.15,,0.15,,0.15,,0.15,,,,0.15,,0.08,,,,,,,,,,,,,,,,,,,,,,,,,,,,,,,,,,,,,,,,,,,,,,,,,,,,,,,,,,,,,,,,,,,,,,,10,0.2,
4933,Player/critter/prefab/hd_jiutong01.prefab,,Gia Tộc Tửu Đàn Trống,,,,2.5,0.5,,,6,,,,,,,,,,,,,15,0.1,,,,,10,0.2,,10,0.2,,10,0.2,,,,,8,0.1,,,,,,,,,,,,,,,,,,,,,,,,,,,,,,,,,,,,,,,,,,,,,,,,,,,,,,,,,,,,,,,,,,,,,,,,,,,,,,,,,,,,,,,,,,,,,,10,0.2,
4934,Player/critter/prefab/hd_jiutong02.prefab,,Gia Tộc Tửu Đàn Đầy,,,,2.5,0.5,,,6,,,,,,,,,,,,,15,0.1,,,,,10,0.2,,10,0.2,,10,0.2,,,,,8,0.1,,,,,,,,,,,,,,,,,,,,,,,,,,,,,,,,,,,,,,,,,,,,,,,,,,,,,,,,,,,,,,,,,,,,,,,,,,,,,,,,,,,,,,,,,,,,,,10,0.2,
4935,Player/critter/prefab/xn_nianyefan01.prefab,212,Túy Mộng Giang Hồ tiệc lớn,,,,1.75,0.5,,,6,,,,,,,,,,,,,15,0.1,,,,,10,0.2,,10,0.2,,10,0.2,,,,,8,0.1,,,,,,,,,,,,,,,,,,,,,,,,,,,,,,,,,,,,,,,,,,,,,,,,,,,,,,,,,,,,,,,,,,,,,,,,,,,,,,,,,,,,,,,,,,,,,,10,0.2,
4936,Player/critter/prefab/xn_nianyefan01.prefab,61,Túy Mộng Giang Hồ tiệc vừa,,,,1.75,0.5,,,6,,,,,,,,,,,,,15,0.1,,,,,10,0.2,,10,0.2,,10,0.2,,,,,8,0.1,,,,,,,,,,,,,,,,,,,,,,,,,,,,,,,,,,,,,,,,,,,,,,,,,,,,,,,,,,,,,,,,,,,,,,,,,,,,,,,,,,,,,,,,,,,,,,10,0.2,
4937,Player/critter/prefab/xn_nianyefan01.prefab,,Túy Mộng Giang Hồ tiệc nhỏ,,,,1.75,0.5,,,6,,,,,,,,,,,,,15,0.1,,,,,10,0.2,,10,0.2,,10,0.2,,,,,8,0.1,,,,,,,,,,,,,,,,,,,,,,,,,,,,,,,,,,,,,,,,,,,,,,,,,,,,,,,,,,,,,,,,,,,,,,,,,,,,,,,,,,,,,,,,,,,,,,10,0.2,
4938,Player/Npcs/Prefabs/boss022_n.prefab,61,Độc Cô Kiếm,,,,3,0.5,20,0.1,6,0.1,20,,0,,,30,0.1,16,0.1,,0.1,16,0.1,,12,0.2,,30,0.1,,30,0.1,,30,0.1,20,0.1,,0.15,15,0.1,,18,0.08,,0.1,,0.1,30,0.09,,0.15,,0.15,,0.15,,0.15,,,,0.15,18,0.08,,,,,,,,,,,,,,,,,,,,,,,,,,,,,,,,,,,,,,,,,,,,,,,,,,,,,,,,,,,,,,,,,,,,,,,30,0.1,
4939,Player/Npcs/Prefabs/boss121_1.prefab,205,Yêu Long,,,,2.5,0.5,20,0.1,6,0.1,20,,0,,,20,0.1,20,0.1,,0.1,15,0.1,,12,0.2,,30,0.1,,30,0.1,,30,0.1,20,0.1,,0.15,20,0.1,,20,0.08,,0.1,,0.1,30,0.09,,0.15,,0.15,,0.15,,0.15,,,,0.15,18,0.08,,,,,,,,,,,,,,,,,,,,,,,,,,,,,,,,,,,,,,,,,,,,,,,,,,,,,,,,,,,,,,,,,,,,,,,30,0.1,
4940,Player/Npcs/Prefabs/boss121.prefab,204,Du Long,,,,2.5,0.5,20,0.1,6,0.1,20,,0,,,20,0.1,20,0.1,,0.1,15,0.1,,12,0.2,,30,0.1,,30,0.1,,30,0.1,20,0.1,,0.15,20,0.1,,20,0.08,,0.1,,0.1,30,0.09,,0.15,,0.15,,0.15,,0.15,,,,0.15,18,0.08,,,,,,,,,,,,,,,,,,,,,,,,,,,,,,,,,,,,,,,,,,,,,,,,,,,,,,,,,,,,,,,,,,,,,,,,,
4941,Player/Npcs/Prefabs/boss121_a.prefab,202,Huyền Thanh Long,,,,2.5,0.5,20,0.1,6,0.1,20,,0,,,20,0.1,20,0.1,,0.1,15,0.1,,12,0.2,,30,0.1,,30,0.1,,30,0.1,20,0.1,,0.15,20,0.1,,20,0.08,,0.1,,0.1,30,0.09,,0.15,,0.15,,0.15,,0.15,,,,0.15,18,0.08,,,,,,,,,,,,,,,,,,,,,,,,,,,,,,,,,,,,,,,,,,,,,,,,,,,,,,,,,,,,,,,,,,,,,,,,,
4942,Player/Npcs/Prefabs/boss121_e.prefab,,Minh Uyên Ma Long,,,,2.5,0.5,20,0.1,6,0.1,20,,0,,,20,0.1,20,0.1,,0.1,15,0.1,,12,0.2,,30,0.1,,30,0.1,,30,0.1,20,0.1,,0.15,20,0.1,,20,0.08,,0.1,,0.1,30,0.09,,0.15,,0.15,,0.15,,0.15,,,,0.15,18,0.08,,,,,,,,,,,,,,,,,,,,,,,,,,,,,,,,,,,,,,,,,,,,,,,,,,,,,,,,,,,,,,,,,,,,,,,,,
4943,Player/Npcs/Prefabs/boss121_b.prefab,64,Hoàng Kim Ứng Long,,,,2.5,0.5,20,0.1,6,0.1,20,,0,,,20,0.1,20,0.1,,0.1,15,0.1,,12,0.2,,30,0.1,,30,0.1,,30,0.1,20,0.1,,0.15,20,0.1,,20,0.08,,0.1,,0.1,30,0.09,,0.15,,0.15,,0.15,,0.15,,,,0.15,18,0.08,,,,,,,,,,,,,,,,,,,,,,,,,,,,,,,,,,,,,,,,,,,,,,,,,,,,,,,,,,,,,,,,,,,,,,,,,
4944,Effect/Prefabs/HuoDong/Effect_TLY_greenNPC.prefab,,Long Uyên Đan Phàm Phẩm,,,,1.75,0.5,,,,,,,,,,,,,,,,,,,,,,,,,,,,,,,,,,,,,,,,,,,,,,,,,,,,,,,,,,,,,,,,,,,,,,,,,,,,,,,,,,,,,,,,,,,,,,,,,,,,,,,,,,,,,,,,,,,,,,,,,,,,,,,,,,,
4945,Effect/Prefabs/HuoDong/Effect_TLY_blueNPC.prefab,,Long Uyên Đan Thượng Phẩm,,,,1.75,0.5,,,,,,,,,,,,,,,,,,,,,,,,,,,,,,,,,,,,,,,,,,,,,,,,,,,,,,,,,,,,,,,,,,,,,,,,,,,,,,,,,,,,,,,,,,,,,,,,,,,,,,,,,,,,,,,,,,,,,,,,,,,,,,,,,,,
4946,Effect/Prefabs/HuoDong/Effect_TLY_purpleNPC.prefab,,Long Uyên Đan Cực Phẩm,,,,1.75,0.5,,,,,,,,,,,,,,,,,,,,,,,,,,,,,,,,,,,,,,,,,,,,,,,,,,,,,,,,,,,,,,,,,,,,,,,,,,,,,,,,,,,,,,,,,,,,,,,,,,,,,,,,,,,,,,,,,,,,,,,,,,,,,,,,,,,
4947,Effect/Prefabs/HuoDong/Effect_boss025_skill02_ZhuZi.prefab,,Thí Luyện Thánh Thúy Vũ-Trụ,,,,3,3,,,,,,,,,,,,,,,,,,,,,,,,,,,,,,,,,,,,,,,,,,,,,,,,,,,,,,,,,,,,,,,,,,,,,,,,,,,,,,,,,,,,,,,,,,,,,,,,,,,,,,,,,,,,,,,,,,,,,,,,,,,,,,,,,,,
4948,Effect/Prefabs/HuoDong/Effect_boss025_skill02_ZhuZi_Jin.prefab,,Thánh Thí Luyện Thúy Vũ-Trụ-Kim,,,,3,3,,,,,,,,,,,,,,,,,,,,,,,,,,,,,,,,,,,,,,,,,,,,,,,,,,,,,,,,,,,,,,,,,,,,,,,,,,,,,,,,,,,,,,,,,,,,,,,,,,,,,,,,,,,,,,,,,,,,,,,,,,,,,,,,,,,
4949,Effect/Prefabs/HuoDong/Effect_boss025_skill02_ZhuZi_Mu.prefab,,Thánh Thí Luyện Thúy Vũ-Trụ-Mộc,,,,3,3,,,,,,,,,,,,,,,,,,,,,,,,,,,,,,,,,,,,,,,,,,,,,,,,,,,,,,,,,,,,,,,,,,,,,,,,,,,,,,,,,,,,,,,,,,,,,,,,,,,,,,,,,,,,,,,,,,,,,,,,,,,,,,,,,,,
4950,Effect/Prefabs/HuoDong/Effect_boss025_skill02_ZhuZi_Shui.prefab,,Thánh Thí Luyện Thúy Vũ-Trụ-Thủy,,,,3,3,,,,,,,,,,,,,,,,,,,,,,,,,,,,,,,,,,,,,,,,,,,,,,,,,,,,,,,,,,,,,,,,,,,,,,,,,,,,,,,,,,,,,,,,,,,,,,,,,,,,,,,,,,,,,,,,,,,,,,,,,,,,,,,,,,,
4951,Effect/Prefabs/HuoDong/Effect_boss025_skill02_ZhuZi_Huo.prefab,,Thánh Thí Luyện Thúy Vũ-Trụ-Hỏa,,,,3,3,,,,,,,,,,,,,,,,,,,,,,,,,,,,,,,,,,,,,,,,,,,,,,,,,,,,,,,,,,,,,,,,,,,,,,,,,,,,,,,,,,,,,,,,,,,,,,,,,,,,,,,,,,,,,,,,,,,,,,,,,,,,,,,,,,,
4952,Effect/Prefabs/HuoDong/Effect_boss025_skill02_ZhuZi_Tu.prefab,,Thánh Thí Luyện Thúy Vũ-Trụ-Thổ,,,,3,3,,,,,,,,,,,,,,,,,,,,,,,,,,,,,,,,,,,,,,,,,,,,,,,,,,,,,,,,,,,,,,,,,,,,,,,,,,,,,,,,,,,,,,,,,,,,,,,,,,,,,,,,,,,,,,,,,,,,,,,,,,,,,,,,,,,
4953,Effect/Prefabs/HuoDong/Effect_boss025_skill03_Quan_01.prefab,,Thánh Thí Luyện Thúy Vũ-Trụ-Âm,,,,2.5,0.5,,,,,,,,,,,,,,,,,,,,,,,,,,,,,,,,,,,,,,,,,,,,,,,,,,,,,,,,,,,,,,,,,,,,,,,,,,,,,,,,,,,,,,,,,,,,,,,,,,,,,,,,,,,,,,,,,,,,,,,,,,,,,,,,,,,
4954,Effect/Prefabs/HuoDong/Effect_boss025_skill03_Quan_02.prefab,,Thánh Thí Luyện Thúy Vũ-Trụ-Dương,,,,2.5,0.5,,,,,,,,,,,,,,,,,,,,,,,,,,,,,,,,,,,,,,,,,,,,,,,,,,,,,,,,,,,,,,,,,,,,,,,,,,,,,,,,,,,,,,,,,,,,,,,,,,,,,,,,,,,,,,,,,,,,,,,,,,,,,,,,,,,
4955,Player/critter/prefab/wldh_dajian01_1.prefab,,Kiếm Trận-Thiên,,,,2.5,0.5,,,,,,,,,,,,,,,,,,,,,,,,,,,,,,,,,,,,,,,,,,,,,,,,,,,,,,,,,,,,,,,,,,,,,,,,,,,,,,,,,,,,,,,,,,,,,,,,,,,,,,,,,,,,,,,,,,,,,,,,,,,,,,,,,,,
4956,Scenes/Meshes/sn_jiayuan/Prefabs/sy_hslj01_1.prefab,,Kiếm Trận-Địa,,,,2.5,0.5,,,,,,,,,,,,,,,,,,,,,,,,,,,,,,,,,,,,,,,,,,,,,,,,,,,,,,,,,,,,,,,,,,,,,,,,,,,,,,,,,,,,,,,,,,,,,,,,,,,,,,,,,,,,,,,,,,,,,,,,,,,,,,,,,,,
4957,Player/critter/prefab/wzn_dajian01_1.prefab,,Kiếm Trận-Nhân,,,,2.5,0.5,,,,,,,,,,,,,,,,,,,,,,,,,,,,,,,,,,,,,,,,,,,,,,,,,,,,,,,,,,,,,,,,,,,,,,,,,,,,,,,,,,,,,,,,,,,,,,,,,,,,,,,,,,,,,,,,,,,,,,,,,,,,,,,,,,,
4958,Effect/Prefabs/HuoDong/Effect_XingChiJianPo_JiHuo.prefab,,Kích hoạt Kiếm Trận,,,,0.5,0.5,30,0.1,6,0.1,10,,0,,,30,0.1,30,0.1,,0.1,15,0.1,,9,0.2,,10,0.2,,10,0.2,,10,0.2,10,0.2,,0.15,30,0.1,,,0.08,,0.1,,0.1,,0.09,,0.15,,0.15,,0.15,,0.15,,,,0.15,,0.08,,,,,,,,,,,,,,,,,,,,,,,,,,,,,,,,,,,,,,,,,,,,,,,,,,,,,,,,,,,,,,,,,,,,,,,10,0.2,
4959,Player/Npcs/Prefabs/npc_023.prefab,61,Sơn Tặc Đầu Mục,,,,1.75,0.5,16,0.1,6,0.1,20,,0,,,30,0.1,15,0.5,,0.1,15,0.1,,10,0.2,,30,0.2,,30,0.2,,30,0.2,20,0.2,20,0.15,14,0.1,902301,18,0.08,,0.1,,0.1,,0.09,,0.15,,0.15,,0.15,,0.15,,,,0.15,,0.08,,,,,,,,,,,,,,,,,,,,,,,,,,,,,,,,,,,,,,,,,,,,,,,,,,,,,,,,,,,,,,,,,,,,,,,30,0.2,
4960,Effect/Prefabs/HuoDong/Effect_S14Long_Da.prefab,,Vòng Sáng Lớn,,,,1.75,0.5,,,,,,,,,,,,,,,,,,,,,,,,,,,,,,,,,,,,,,,,,,,,,,,,,,,,,,,,,,,,,,,,,,,,,,,,,,,,,,,,,,,,,,,,,,,,,,,,,,,,,,,,,,,,,,,,,,,,,,,,,,,,,,,,,,,
4961,Effect/Prefabs/HuoDong/Effect_S14Long_Xiao.prefab,,Vòng Sáng Nhỏ,,,,1.75,0.5,,,,,,,,,,,,,,,,,,,,,,,,,,,,,,,,,,,,,,,,,,,,,,,,,,,,,,,,,,,,,,,,,,,,,,,,,,,,,,,,,,,,,,,,,,,,,,,,,,,,,,,,,,,,,,,,,,,,,,,,,,,,,,,,,,,
4962,Player/critter/prefab/qifushu_01.prefab,,Cây Chúc Phúc,,,,4,0.5,30,0.1,,0.1,10,,0,,,30,0.1,30,0.1,,0.1,15,0.1,,9,0.2,,10,0.2,,10,0.2,,10,0.2,10,0.2,,0.15,30,0.1,,,0.08,,0.1,,0.1,,0.09,,0.15,,0.15,,0.15,,0.15,,,,0.15,,0.08,,,,,,,,,,,,,,,,,,,,,,,,,,,,,,,,,,,,,,,,,,,,,,,,,,,,,,,,,,,,,,,,,,,,,,,,,
4963,Player/critter/prefab/qifushu_02.prefab,,Cây Chúc Phúc,,,,4,0.5,30,0.1,,0.1,10,,0,,,30,0.1,30,0.1,,0.1,15,0.1,,9,0.2,,10,0.2,,10,0.2,,10,0.2,10,0.2,,0.15,30,0.1,,,0.08,,0.1,,0.1,,0.09,,0.15,,0.15,,0.15,,0.15,,,,0.15,,0.08,,,,,,,,,,,,,,,,,,,,,,,,,,,,,,,,,,,,,,,,,,,,,,,,,,,,,,,,,,,,,,,,,,,,,,,,,
4964,Player/critter/prefab/qifushu_03.prefab,,Cây Chúc Phúc,,,,4,0.5,30,0.1,,0.1,10,,0,,,30,0.1,30,0.1,,0.1,15,0.1,,9,0.2,,10,0.2,,10,0.2,,10,0.2,10,0.2,,0.15,30,0.1,,,0.08,,0.1,,0.1,,0.09,,0.15,,0.15,,0.15,,0.15,,,,0.15,,0.08,,,,,,,,,,,,,,,,,,,,,,,,,,,,,,,,,,,,,,,,,,,,,,,,,,,,,,,,,,,,,,,,,,,,,,,,,
4965,Player/critter/prefab/qifushu_04.prefab,,Cây Chúc Phúc,,,,4,0.5,30,0.1,,0.1,10,,0,,,30,0.1,30,0.1,,0.1,15,0.1,,9,0.2,,10,0.2,,10,0.2,,10,0.2,10,0.2,,0.15,30,0.1,,,0.08,,0.1,,0.1,,0.09,,0.15,,0.15,,0.15,,0.15,,,,0.15,,0.08,,,,,,,,,,,,,,,,,,,,,,,,,,,,,,,,,,,,,,,,,,,,,,,,,,,,,,,,,,,,,,,,,,,,,,,,,
4966,Player/critter/prefab/qifushu_05.prefab,,Cây Chúc Phúc,,,,4,0.5,30,0.1,,0.1,10,,0,,,30,0.1,30,0.1,,0.1,15,0.1,,9,0.2,,10,0.2,,10,0.2,,10,0.2,10,0.2,,0.15,30,0.1,,,0.08,,0.1,,0.1,,0.09,,0.15,,0.15,,0.15,,0.15,,,,0.15,,0.08,,,,,,,,,,,,,,,,,,,,,,,,,,,,,,,,,,,,,,,,,,,,,,,,,,,,,,,,,,,,,,,,,,,,,,,,,
4967,Player/critter/prefab/qifushu_06.prefab,,Cây Chúc Phúc,,,,4,0.5,30,0.1,,0.1,10,,0,,,30,0.1,30,0.1,,0.1,15,0.1,,9,0.2,,10,0.2,,10,0.2,,10,0.2,10,0.2,,0.15,30,0.1,,,0.08,,0.1,,0.1,,0.09,,0.15,,0.15,,0.15,,0.15,,,,0.15,,0.08,,,,,,,,,,,,,,,,,,,,,,,,,,,,,,,,,,,,,,,,,,,,,,,,,,,,,,,,,,,,,,,,,,,,,,,,,
4968,Effect/Prefabs/HuoDong/Effect_Qingrenjie2026_aixing.prefab,,Đôi Ngựa Tâm Tình-Tim,,,,1.75,0.5,,,6,,,,,,,,,,,,,15,0.1,,,,,10,0.2,,10,0.2,,10,0.2,,,,,8,0.1,,,,,,,,,,,,,,,,,,,,,,,,,,,,,,,,,,,,,,,,,,,,,,,,,,,,,,,,,,,,,,,,,,,,,,,,,,,,,,,,,,,,,,,,,,,,,,,,
4969,Effect/Prefabs/HuoDong/Effect_yanhua_glws_1_wutexiao.prefab,,Đôi Ngựa Tâm Tình-Chưa Thắp Pháo Hoa,,,,1.75,0.5,,,,,,,,,,,,,,,,,,,,,,,,,,,,,,,,,,,,,,,,,,,,,,,,,,,,,,,,,,,,,,,,,,,,,,,,,,,,,,,,,,,,,,,,,,,,,,,,,,,,,,,,,,,,,,,,,,,,,,,,,,,,,,,,,,,
4970,Effect/Prefabs/HuoDong/Effect_yanhua_glws_cx.prefab,,Đôi Ngựa Tâm Tình-Đã Thắp Pháo Hoa,,,,1.75,0.5,,,,,,,,,,,,,,,,,,,,,,,,,,,,,,,,,,,,,,,,,,,,,,,,,,,,,,,,,,,,,,,,,,,,,,,,,,,,,,,,,,,,,,,,,,,,,,,,,,,,,,,,,,,,,,,,,,,,,,,,,,,,,,,,,,,
4971,Player/Horse/Prefabs/Carriage01_a.prefab,205,Bạch Câu Quá Khách,,,,2,0.5,38,0.1,6,0.1,20,,0,30,0.1,35,0.09,18,0.09,13,0.1,15,0.1,,12,0.1,,30,0.1,,72,0,,30,0.1,30,0.1,25,0.06,10,0.1,,10,0.08,12,0.08,14,0.1,13,0.05,14,0.05,10,0.05,18,0.15,20,0.15,,,5,,5,0.08,10,0.01,20,0,5,0,13,0,18,0,20,0,28,0.15,23,0.4,,,,,15,0.05,30,0.1,15,0.05,,,,,,,,,,,,,,,,,,,,,,,,,,,,,,,,,,,,,,,,,,,,,72,0,
4972,Effect/Prefabs/HuoDong/Effect_hongchen_baoxiang_lv.prefab,212,Rương Rong Ruổi Hồng Trần-Lục,,,,1.75,0.5,,,,,,,,,,,,,,,,,,,,,,,,,,,,,,,,,,,,,,,,,,,,,,,,,,,,,,,,,,,,,,,,,,,,,,,,,,,,,,,,,,,,,,,,,,,,,,,,,,,,,,,,,,,,,,,,,,,,,,,,,,,,,,,,,,,
4973,Effect/Prefabs/HuoDong/Effect_hongchen_baoxiang_zi.prefab,212,Rương Rong Ruổi Hồng Trần-Tím,,,,1.75,0.5,,,,,,,,,,,,,,,,,,,,,,,,,,,,,,,,,,,,,,,,,,,,,,,,,,,,,,,,,,,,,,,,,,,,,,,,,,,,,,,,,,,,,,,,,,,,,,,,,,,,,,,,,,,,,,,,,,,,,,,,,,,,,,,,,,,
4974,Effect/Prefabs/JueSe/UI/wenhao_lan_face.prefab,61,Đạo cụ Rong Ruổi Hồng Trần ngẫu nhiên,,,,1.75,0.5,,,,,,,,,,,,,,,,,,,,,,,,,,,,,,,,,,,,,,,,,,,,,,,,,,,,,,,,,,,,,,,,,,,,,,,,,,,,,,,,,,,,,,,,,,,,,,,,,,,,,,,,,,,,,,,,,,,,,,,,,,,,,,,,,,,
4975,Effect/Prefabs/HuoDong/Effect_hongchen_baoxiang.prefab,212,Rương Rong Ruổi Hồng Trần-Vàng,,,,1.75,0.5,,,,,,,,,,,,,,,,,,,,,,,,,,,,,,,,,,,,,,,,,,,,,,,,,,,,,,,,,,,,,,,,,,,,,,,,,,,,,,,,,,,,,,,,,,,,,,,,,,,,,,,,,,,,,,,,,,,,,,,,,,,,,,,,,,,
4976,Scenes/Meshes/sn_jiayuan/Prefabs/sy_yinghuashu01.prefab,204,Cây Hoa Đào,,,,3.5,0.5,30,0.1,,0.1,10,,0,,,30,0.1,30,0.1,,0.1,15,0.1,,9,0.2,,10,0.2,,10,0.2,,10,0.2,10,0.2,,0.15,30,0.1,,,0.08,,0.1,,0.1,,0.09,,0.15,,0.15,,0.15,,0.15,,,,0.15,,0.08,,,,,,,,,,,,,,,,,,,,,,,,,,,,,,,,,,,,,,,,,,,,,,,,,,,,,,,,,,,,,,,,,,,,,,,10,0.2,
4977,Player/Npcs/Prefabs/npc_099_a.prefab,61,Thí Luyện Trường Ca-BOSS-Thư Sinh,,,,3.25,0.5,16,0.1,6,0.1,20,,0,,,15,0.5,15,0.5,,0.1,15,0.1,,12,0.2,,30,0.2,,30,0.2,,30,0.2,20,0.2,28,0.4,15,0.1,,15,0.08,,0.1,,0.1,,0.09,,0.15,,0.15,,0.15,,0.15,,,,0.15,,0.08,,,,,,,,,,,,,,,,,,,,,,,,,,,,,,,,,,,,,,,,,,,,,,,,,,,,,,,,,,,,,,,,,,,,,,,30,0.2,
4978,Effect/Prefabs/HuoDong/Effect_CGtuanben_xushi_jia6.prefab,,Hư Thực Ảo-Ảo,,,,,,,,,,,,,,,,,,,,,,,,,,,,,,,,,,,,,,,,,,,,,,,,,,,,,,,,,,,,,,,,,,,,,,,,,,,,,,,,,,,,,,,,,,,,,,,,,,,,,,,,,,,,,,,,,,,,,,,,,,,,,,,,,,,,,,,,
4979,Effect/Prefabs/HuoDong/Effect_CGtuanben_xushi_xu6.prefab,,Hư Thực Ảo-Hư,,,,,,,,,,,,,,,,,,,,,,,,,,,,,,,,,,,,,,,,,,,,,,,,,,,,,,,,,,,,,,,,,,,,,,,,,,,,,,,,,,,,,,,,,,,,,,,,,,,,,,,,,,,,,,,,,,,,,,,,,,,,,,,,,,,,,,,,
4980,Effect/Prefabs/HuoDong/Effect_CGtuanben_xushi_shi6.prefab,,Hư Thực Ảo-Thực,,,,,,,,,,,,,,,,,,,,,,,,,,,,,,,,,,,,,,,,,,,,,,,,,,,,,,,,,,,,,,,,,,,,,,,,,,,,,,,,,,,,,,,,,,,,,,,,,,,,,,,,,,,,,,,,,,,,,,,,,,,,,,,,,,,,,,,,
4981,Effect/Prefabs/HuoDong/Effect_CGtuanben_zhiyin_Gong_xianjing3.prefab,,Cung-Bẫy Mặt Đất,,,,,,,,,,,,,,,,,,,,,,,,,,,,,,,,,,,,,,,,,,,,,,,,,,,,,,,,,,,,,,,,,,,,,,,,,,,,,,,,,,,,,,,,,,,,,,,,,,,,,,,,,,,,,,,,,,,,,,,,,,,,,,,,,,,,,,,,
4982,Effect/Prefabs/HuoDong/Effect_CGtuanben_zhiyin_Shang_xianjing3.prefab,,Thương-Bẫy Mặt Đất,,,,,,,,,,,,,,,,,,,,,,,,,,,,,,,,,,,,,,,,,,,,,,,,,,,,,,,,,,,,,,,,,,,,,,,,,,,,,,,,,,,,,,,,,,,,,,,,,,,,,,,,,,,,,,,,,,,,,,,,,,,,,,,,,,,,,,,,
4983,Effect/Prefabs/HuoDong/Effect_CGtuanben_zhiyin_Jue_xianjing3.prefab,,Giốc-Bẫy Mặt Đất,,,,,,,,,,,,,,,,,,,,,,,,,,,,,,,,,,,,,,,,,,,,,,,,,,,,,,,,,,,,,,,,,,,,,,,,,,,,,,,,,,,,,,,,,,,,,,,,,,,,,,,,,,,,,,,,,,,,,,,,,,,,,,,,,,,,,,,,
4984,Effect/Prefabs/HuoDong/Effect_CGtuanben_zhiyin_Zhi_xianjing3.prefab,,Chủy-Bẫy Mặt Đất,,,,,,,,,,,,,,,,,,,,,,,,,,,,,,,,,,,,,,,,,,,,,,,,,,,,,,,,,,,,,,,,,,,,,,,,,,,,,,,,,,,,,,,,,,,,,,,,,,,,,,,,,,,,,,,,,,,,,,,,,,,,,,,,,,,,,,,,
4985,Effect/Prefabs/HuoDong/Effect_CGtuanben_zhiyin_Yu_xianjing3.prefab,,Vũ-Bẫy Mặt Đất,,,,,,,,,,,,,,,,,,,,,,,,,,,,,,,,,,,,,,,,,,,,,,,,,,,,,,,,,,,,,,,,,,,,,,,,,,,,,,,,,,,,,,,,,,,,,,,,,,,,,,,,,,,,,,,,,,,,,,,,,,,,,,,,,,,,,,,,
4986,Scenes/Meshes/sj_ziyuan/prefab/sj_baijian03.prefab,213,Động Thiên-Điểm Khảo Cổ-Sơ,,,,1.75,0.5,,,,,,,,,,,,,,,,,,,,,,,,,,,,,,,,,,,,,,,,,,,,,,,,,,,,,,,,,,,,,,,,,,,,,,,,,,,,,,,,,,,,,,,,,,,,,,,,,,,,,,,,,,,,,,,,,,,,,,,,,,,,,,,,,,,
4987,Scenes/Meshes/sj_ziyuan/prefab/sj_baijian01.prefab,214,Động Thiên-Điểm Khảo Cổ-Trung,,,,1.75,0.5,,,,,,,,,,,,,,,,,,,,,,,,,,,,,,,,,,,,,,,,,,,,,,,,,,,,,,,,,,,,,,,,,,,,,,,,,,,,,,,,,,,,,,,,,,,,,,,,,,,,,,,,,,,,,,,,,,,,,,,,,,,,,,,,,,,
4988,Scenes/Meshes/sj_ziyuan/prefab/sj_diaoxiang01.prefab,219,Động Thiên-Điểm Khảo Cổ-Cao,,,,2.5,0.5,,,,,,,,,,,,,,,,,,,,,,,,,,,,,,,,,,,,,,,,,,,,,,,,,,,,,,,,,,,,,,,,,,,,,,,,,,,,,,,,,,,,,,,,,,,,,,,,,,,,,,,,,,,,,,,,,,,,,,,,,,,,,,,,,,,
4989,Scenes/Meshes/yw_qingqiutaolin/Prefabs/yw_qingqiu_hua08_1.prefab,207,Nguyệt Quế (Nhỏ),,,,1.75,0.5,30,0.1,6,0.1,10,,0,,,30,0.1,30,0.1,,0.1,15,0.1,,9,0.2,,10,0.2,,10,0.2,,10,0.2,10,0.2,,0.15,30,0.1,,,0.08,,0.1,,0.1,,0.09,,0.15,,0.15,,0.15,,0.15,,,,0.15,,0.08,,,,,,,,,,,,,,,,,,,,,,,,,,,,,,,,,,,,,,,,,,,,,,,,,,,,,,,,,,,,,,,,,,,,,,,10,0.2,
4990,Scenes/Meshes/yw_qingqiutaolin/Prefabs/yw_qingqiu_hua08_1.prefab,205,Nguyệt Quế (Lớn),,,,1.75,0.5,,,,,,,,,,,,,,,,,,,,,,,,,,,,,,,,,,,,,,,,,,,,,,,,,,,,,,,,,,,,,,,,,,,,,,,,,,,,,,,,,,,,,,,,,,,,,,,,,,,,,,,,,,,,,,,,,,,,,,,,,,,,,,,,,,,
4991,Player/critter/prefab/hehua02.prefab,207,Hoa Sen (Nhỏ),,,,1.75,0.5,30,0.1,6,0.1,10,,0,,,30,0.1,30,0.1,,0.1,15,0.1,,9,0.2,,10,0.2,,10,0.2,,10,0.2,10,0.2,,0.15,30,0.1,,,0.08,,0.1,,0.1,,0.09,,0.15,,0.15,,0.15,,0.15,,,,0.15,,0.08,,,,,,,,,,,,,,,,,,,,,,,,,,,,,,,,,,,,,,,,,,,,,,,,,,,,,,,,,,,,,,,,,,,,,,,10,0.2,
4992,Player/critter/prefab/hehua02.prefab,203,Hoa Sen (Lớn),,,,1.75,0.5,,,,,,,,,,,,,,,,,,,,,,,,,,,,,,,,,,,,,,,,,,,,,,,,,,,,,,,,,,,,,,,,,,,,,,,,,,,,,,,,,,,,,,,,,,,,,,,,,,,,,,,,,,,,,,,,,,,,,,,,,,,,,,,,,,,
4993,Scenes/Meshes/yw_qingqiutaolin/Prefabs/yw_qingqiu_hua03_1.prefab,204,Linh Lan (Nhỏ),,,,1.75,0.5,30,0.1,6,0.1,10,,0,,,30,0.1,30,0.1,,0.1,15,0.1,,9,0.2,,10,0.2,,10,0.2,,10,0.2,10,0.2,,0.15,30,0.1,,,0.08,,0.1,,0.1,,0.09,,0.15,,0.15,,0.15,,0.15,,,,0.15,,0.08,,,,,,,,,,,,,,,,,,,,,,,,,,,,,,,,,,,,,,,,,,,,,,,,,,,,,,,,,,,,,,,,,,,,,,,10,0.2,
4994,Scenes/Meshes/yw_qingqiutaolin/Prefabs/yw_qingqiu_hua03_1.prefab,64,Linh Lan (Lớn),,,,1.75,0.5,30,0.1,6,0.1,10,,0,,,30,0.1,30,0.1,,0.1,15,0.1,,9,0.2,,10,0.2,,10,0.2,,10,0.2,10,0.2,,0.15,30,0.1,,,0.08,,0.1,,0.1,,0.09,,0.15,,0.15,,0.15,,0.15,,,,0.15,,0.08,,,,,,,,,,,,,,,,,,,,,,,,,,,,,,,,,,,,,,,,,,,,,,,,,,,,,,,,,,,,,,,,,,,,,,,10,0.2,
4995,Scenes/Meshes/yw_qingqiutaolin/Prefabs/yw_qingqiu_hua05_1.prefab,219,Mãn Thiên Tinh (Nhỏ),,,,1.75,0.5,30,0.1,6,0.1,10,,0,,,30,0.1,30,0.1,,0.1,15,0.1,,9,0.2,,10,0.2,,10,0.2,,10,0.2,10,0.2,,0.15,30,0.1,,,0.08,,0.1,,0.1,,0.09,,0.15,,0.15,,0.15,,0.15,,,,0.15,,0.08,,,,,,,,,,,,,,,,,,,,,,,,,,,,,,,,,,,,,,,,,,,,,,,,,,,,,,,,,,,,,,,,,,,,,,,10,0.2,
4996,Scenes/Meshes/yw_qingqiutaolin/Prefabs/yw_qingqiu_hua05_1.prefab,202,Mãn Thiên Tinh (Lớn),,,,1.75,0.5,30,0.1,6,0.1,10,,0,,,30,0.1,30,0.1,,0.1,15,0.1,,9,0.2,,10,0.2,,10,0.2,,10,0.2,10,0.2,,0.15,30,0.1,,,0.08,,0.1,,0.1,,0.09,,0.15,,0.15,,0.15,,0.15,,,,0.15,,0.08,,,,,,,,,,,,,,,,,,,,,,,,,,,,,,,,,,,,,,,,,,,,,,,,,,,,,,,,,,,,,,,,,,,,,,,10,0.2,
4997,Player/critter/prefab/xuelianhua.prefab,204,Tuyết Liên (Nhỏ),,,,1.75,0.5,,,6,,,,,,,,,,,,,15,0.1,,,,,10,0.2,,10,0.2,,10,0.2,,,,,8,0.1,,,,,,,,,,,,,,,,,,,,,,,,,,,,,,,,,,,,,,,,,,,,,,,,,,,,,,,,,,,,,,,,,,,,,,,,,,,,,,,,,,,,,,,,,,,,,,10,0.2,
4998,Player/critter/prefab/xuelianhua.prefab,,Tuyết Liên (Lớn),,,,1.75,0.5,,,6,,,,,,,,,,,,,15,0.1,,,,,10,0.2,,10,0.2,,10,0.2,,,,,8,0.1,,,,,,,,,,,,,,,,,,,,,,,,,,,,,,,,,,,,,,,,,,,,,,,,,,,,,,,,,,,,,,,,,,,,,,,,,,,,,,,,,,,,,,,,,,,,,,10,0.2,
4999,Player/critter/prefab/taohuaban02.prefab,65,Hải Đường (Nhỏ),,,,1.75,0.5,,,6,,,,,,,,,,,,,15,0.1,,,,,10,0.2,,10,0.2,,10,0.2,,,,,8,0.1,,,,,,,,,,,,,,,,,,,,,,,,,,,,,,,,,,,,,,,,,,,,,,,,,,,,,,,,,,,,,,,,,,,,,,,,,,,,,,,,,,,,,,,,,,,,,,10,0.2,
5000,Player/critter/prefab/taohuaban02.prefab,213,Hải Đường (Lớn),,,,1.75,0.5,,,6,,,,,,,,,,,,,15,0.1,,,,,10,0.2,,10,0.2,,10,0.2,,,,,8,0.1,,,,,,,,,,,,,,,,,,,,,,,,,,,,,,,,,,,,,,,,,,,,,,,,,,,,,,,,,,,,,,,,,,,,,,,,,,,,,,,,,,,,,,,,,,,,,,10,0.2,
5001,Scenes/Meshes/yw_qingqiutaolin/Prefabs/yw_qingqiu_hua06_1.prefab,207,Bạch Hạc Tiên (Nhỏ),,,,1.75,0.5,30,0.1,6,0.1,10,,0,,,30,0.1,30,0.1,,0.1,15,0.1,,9,0.2,,10,0.2,,10,0.2,,10,0.2,10,0.2,,0.15,30,0.1,,,0.08,,0.1,,0.1,,0.09,,0.15,,0.15,,0.15,,0.15,,,,0.15,,0.08,,,,,,,,,,,,,,,,,,,,,,,,,,,,,,,,,,,,,,,,,,,,,,,,,,,,,,,,,,,,,,,,,,,,,,,10,0.2,
5002,Scenes/Meshes/yw_qingqiutaolin/Prefabs/yw_qingqiu_hua06_1.prefab,203,Bạch Hạc Tiên (Lớn),,,,1.75,0.5,30,0.1,6,0.1,10,,0,,,30,0.1,30,0.1,,0.1,15,0.1,,9,0.2,,10,0.2,,10,0.2,,10,0.2,10,0.2,,0.15,30,0.1,,,0.08,,0.1,,0.1,,0.09,,0.15,,0.15,,0.15,,0.15,,,,0.15,,0.08,,,,,,,,,,,,,,,,,,,,,,,,,,,,,,,,,,,,,,,,,,,,,,,,,,,,,,,,,,,,,,,,,,,,,,,10,0.2,
5003,Player/Npcs/Prefabs/npc_183e.prefab,,Tân Lang (Bậc 4),,,,1.75,0.5,15,0.1,6,0.1,10,,0,,,14,0.5,14,0.5,,0.1,12,0.1,,12,0.2,,30,0.2,,30,0.2,,30,0.2,20,0.2,24,0.15,10,0.1,,15,0.08,,0.1,,0.1,21,0.09,,0.15,,0.15,,0.15,,0.15,,,,0.15,,0.08,,,,,,,,,,,,,,,,,,,,,,,,,,,,,,,,,,,,,,,,,,,,,,,,,,,,,,,,,,,,,,,,,,,,,,,30,0.2,
5004,Player/Npcs/Prefabs/npc_184e.prefab,,Tân Nương (Bậc 4),,,,1.75,0.5,15,0.1,6,0.1,10,,0,,,14,0.5,14,0.5,,0.1,12,0.1,,12,0.2,,30,0.2,,30,0.2,,30,0.2,20,0.2,24,0.15,10,0.1,,15,0.08,,0.1,,0.1,21,0.09,,0.15,,0.15,,0.15,,0.15,,,,0.15,,0.08,,,,,,,,,,,,,,,,,,,,,,,,,,,,,,,,,,,,,,,,,,,,,,,,,,,,,,,,,,,,,,,,,,,,,,,30,0.2,
5005,Player/Npcs/Prefabs/npc_185e.prefab,,Tân Nương Nữ Loli (Bậc 4),,,,1.75,0.5,15,0.1,6,0.1,10,,0,,,14,0.5,14,0.5,,0.1,12,0.1,,11,0.2,,30,0.2,,30,0.2,,30,0.2,20,0.2,24,0.15,10,0.1,,15,0.08,,0.1,,0.1,21,0.09,,0.15,,0.15,,0.15,,0.15,,,,0.15,,0.08,,,,,,,,,,,,,,,,,,,,,,,,,,,,,,,,,,,,,,,,,,,,,,,,,,,,,,,,,,,,,,,,,,,,,,,30,0.2,
5006,Player/Npcs/Prefabs/npc_202a.prefab,201,"Kiệu Hoa Nữ-Đỉnh (kiệu hoa 4 người), thu nhỏ còn 0.9",,,,2.2,0.5,15,0.1,6,0.1,10,,0,,,14,0.5,14,0.5,,0.1,12,0.1,,12,0.2,,30,0.2,,30,0.2,,30,0.2,20,0.2,24,0.15,10,0.1,,15,0.08,,0.1,,0.1,21,0.09,,0.15,,0.15,,0.15,,0.15,,,,0.15,,0.08,,,,,,,,,,,,,,,,,,,,,,,,,,,,,,,,,,,,,,,,,,,,,,,,,,,,,,,,,,,,,,,,,,,,,,,30,0.2,
5007,Player/Npcs/Prefabs/npc_204a.prefab,,Kiệu Hoa Nam-Đỉnh,,,,2,0.5,15,0.1,6,0.1,10,,0,,,14,0.5,14,0.5,,0.1,12,0.1,,12,0.2,,30,0.2,,30,0.2,,30,0.2,20,0.2,24,0.15,10,0.1,,15,0.08,,0.1,,0.1,21,0.09,,0.15,,0.15,,0.15,,0.15,,,,0.15,,0.08,,,,,,,,,,,,,,,,,,,,,,,,,,,,,,,,,,,,,,,,,,,,,,,,,,,,,,,,,,,,,,,,,,,,,,,30,0.2,
5008,Player/Npcs/Prefabs/npc_183f.prefab,,Tân Lang (Nam cường tráng-bậc 4),,,,1.75,0.5,15,0.1,6,0.1,10,,0,,,14,0.5,14,0.5,,0.1,12,0.1,,12,0.2,,30,0.2,,30,0.2,,30,0.2,20,0.2,24,0.15,10,0.1,,15,0.08,,0.1,,0.1,21,0.09,,0.15,,0.15,,0.15,,0.15,,,,0.15,,0.08,,,,,,,,,,,,,,,,,,,,,,,,,,,,,,,,,,,,,,,,,,,,,,,,,,,,,,,,,,,,,,,,,,,,,,,30,0.2,
