Index,TemplateID,Name,Kind,Camp,ClassName,ScriptParam,NpcResID,FaceID,BigFaceID,DefaultDialog,ReviveFrame,NpcAttribID,NormalSkill1,NormalSkillLevel1,NormalSkill2,NormalSkillLevel2,NormalSkill3,NormalSkillLevel3,VisionRadius,ActiveRadius,AiFile,Treasure,DropFile,FightMode,RunSpeed,BloodStyle,ForbitMove,TitleID,AuraSkillId,AuraSkillLevel,StartActEvent,Tag,DropType,WalkSpeed,NameColor,Experience,GouHuoRate,TransBossNpcTID,TransBossRate,IsNotShowShadow,FixExperience,SyncFirst,IsNotBYStealLife,Sex,NotBYStealLifeLevel
Fb_Protect_1,71,Thiếu Nữ Áo Trắng,0,0,FubenDeath,,105,3,103,,,205,57,1,,,,,560,980,Setting/Npc/Ai/CommonActive2.ini,,,1,20,,,,,,,,,,,,,,,,,,,,
Fb_Protect_2,72,Hồng Anh Thị,0,1,FubenDeath,,108,,,,,201,21,1,,,,,560,980,Setting/Npc/Ai/CommonActive.ini,,,1,15,1,,,,,900000,,,,,,,,,,,,,,
chuansong,73,Cửa Truyền Tống,4,0,,,8,,,,,1,,,,,,,560,980,,,,1,15,,,,,,,,,,,,,,,,,,,,
chuansong_rongyao,5692,Điện Vinh Quang,4,0,,,8,,,,,1,,,,,,,560,980,,,,1,15,,,,,,,,,,,,,,,,,,,,
chuansong_X,3677,Cửa Truyền Tống,4,0,,,3677,,,,,1,,,,,,,560,980,,,,1,15,,,,,,,,,,,,,,,,,1,,,
chuansong_X1,3683,Cửa Truyền Tống,4,0,,,3683,,,,,1,,,,,,,560,980,,,,1,15,,,,,,,,,,,,,,,,,,,,
Changjing_hehua,232,Hà Hoa,5,0,,,355,,,,,1,,,,,,,,,,,,,,,,,,,,,,,,,,,,,,,,,
qinggong,74,Thượng Thăng Khí Lưu,4,0,,,361,,,,,1,,,,,,,560,980,,,,1,15,,,,,,,,,,,,,,,,,1,,,
qinggong_noname,5850,Thượng Thăng Khí Lưu,5,0,,,361,,,,,1,,,,,,,560,980,,,,1,15,,,,,,,,,,,,,,,,,1,,,
Task_xs_1,75,Nạp Lan Chân,2,1,,,177,13,113,Đây là đối thoại mặc định,,1,,,,,,,560,980,,,,1,17,1,,,,,,,,,,,,,,,,,,,
Task_xs_2,76,Nạp Lan Tiềm Lẫm,2,1,,,21,210,310,,,1,,,,,,,560,980,,,,1,17,1,,,,,,,,,,,,,,,,,,,
Test_muzhuang,81,Cọc gỗ-Vững như bàn thạch,0,1,,,11,,,,,100,,,,,,,560,980,,,,1,15,1,1,,,,,,,,,,,,,,,,,,
Test_muzhuang_1,244,Cọc Gỗ,0,1,,,11,,,,,100,,,,,,,560,980,,,,1,15,1,,,,,,,,,,,,,,,,,,,
Test13,82,Quái bị động,0,1,FubenDeath,,11,,,,,1,21,1,,,,,560,980,Setting/Npc/Ai/CommonPassive.ini,,,1,15,1,,,,,,,,,,,,,,,,,,,
Test14,83,Quái chủ động,0,1,FubenDeath,,11,,,,,1,38,1,,,,,560,980,Setting/Npc/Ai/ComboTest.ini,,,1,15,1,,,,,,,,,,,,,,,,,,,
Test_combo,84,Thử Nghiệm AI-Liên Chiêu,0,1,,,1,,,,10,2,201,1,202,1,203,1,560,980,Setting/Npc/Ai/CommonActive.ini,,,1,15,1,,,,,,,,,,,,,,,,,,,
Test_pt1,85,Không phải đồng đội của tôi,3,1,,,11,,,,,,,,,,,,560,980,Setting/Npc/Ai/partner/FellowCommon.ini,,,1,15,1,,,,,,,,,,,,,,,,,,,
Test_pt2,86,Không phải đồng đội của đại hiệp,3,1,,,13,,,,,,201,1,,,,,560,980,Setting/Npc/Ai/partner/FellowCommon.ini,,,1,17,1,,,,,,,,,,,,,,,,,,,
Test_pt3,87,Không phải đồng đội của người đó,3,1,,,103,,,,,,501,1,,,,,560,980,Setting/Npc/Ai/partner/FellowCommon.ini,,,1,17,1,,,,,,,,,,,,,,,,,,,
City_touxian,88,Độc Cô Kiếm,2,1,ZhenFaTaskNpc,,32,210,310,"Sức một người chưa đủ! Nếu biết kết hợp sức mạnh xung quanh hợp thành liên minh, thì sẽ trường thịnh!",,1,21,1,,,,,,,Setting/Npc/Ai/CommonActive.ini,,,0,17,1,,,,,,,,,,,,,,,,,,,
City_jingjichang,89,Nam Cung Phi,2,1,,,5027,207,307,,,1,21,1,,,,,,,Setting/Npc/Ai/CommonActive.ini,,,0,15,1,,,,,,,,,,,,,,,,,,,
City_huodongjieyin,90,Tiếp Dẫn Hoạt Động,2,1,ActivityNpc,,177,13,113,,,1,35,1,,,,,,,Setting/Npc/Ai/CommonActive.ini,,,0,15,1,,,,,,,,,,,,,,,,,,,
City_lingtuzhan,91,Lưu Vân,2,1,,,107,213,313,,,1,21,1,,,,,,,Setting/Npc/Ai/CommonActive.ini,,,0,15,1,,,,,,,,,,,,,,,,,,,
City_shiliangu,92,Trương Phong,2,1,,,1119,15,115,,,1,21,1,,,,,,,Setting/Npc/Ai/CommonActive.ini,,,0,17,1,,,,,,,,,,,,,,,,,,,
City_jiazu,93,Quản Lý Bang Hội,2,1,,,11,226,326,,,1,21,1,,,,,,,Setting/Npc/Ai/CommonActive.ini,,,0,15,1,,,,,,,,,,,,,,,,,,,
City_qianghua,94,Cường Hóa,2,1,,,139,203,303,,,1,21,1,,,,,,,Setting/Npc/Ai/CommonActive.ini,,,0,15,1,,,,,,,,,,,,,,,,,,,
City_shanghui,95,Tiểu Tử Yên,2,1,,,191,802,802,"Khách quan, có định cùng người trong mộng bước lên Thuyền Vũ Lâu không? Nếu chưa có vé tàu, có thể mua trực tiếp ở chỗ ta đấy!",,1,21,1,,,,,,,Setting/Npc/Ai/CommonActive.ini,,,0,15,1,,,,,,,,,,,,,,,,,,,
City_chiyoumu,96,Xi Vưu Mộ,2,1,,,115,214,314,,,1,22,1,,,,,,,Setting/Npc/Ai/CommonActive.ini,,,0,18,1,,,,,,,,,,,,,,,,,,,
City_butou,97,Nguyệt My Nhi,2,1,,,1102,22,122,Hừ! Dám đối đầu với Phi Long Bảo! Chán sống rồi sao!,,1,21,1,,,,,,,Setting/Npc/Ai/CommonActive.ini,,,0,15,1,,,,,,,,,,,,,,,,,,,
City_jiayuan,98,Vệ Binh,2,1,,,150,11,111,Bảo vệ Lâm An đến cùng!,,1,21,1,,,,,,,Setting/Npc/Ai/CommonActive.ini,,,0,17,1,,,,,,,,,,,,,,,,,,,
City_jiulou,99,Công Tôn Tích Hoa,2,1,ActivityQuestion,,189,5,105,"Nghe đâu giang hồ có người tên Bách Hiểu Sinh, không gì là không biết. Sau này chủ quán Ẩn Hương Lầu ta sẽ giỏi hơn hắn.",,1,56,1,,,,,,,Setting/Npc/Ai/CommonActive.ini,,,0,15,1,,,,,,,,,,,,,,,,,,,
City_tiejiang,100,Mạnh Tri Thu,2,1,,,156,203,303,"Trong tay không kiếm, trong lòng có kiếm, người kiếm hợp nhất!",,1,56,1,,,,,,,Setting/Npc/Ai/CommonActive.ini,,,0,15,1,,,,,,,,,,,,,,,,,,,
City_npc1,620,Đường Ảnh,2,1,,,119,201,301,... Không biết khi nào mới gặp người tri kỷ.,,1,56,1,,,,,,,Setting/Npc/Ai/CommonActive.ini,,,0,15,1,,,,,,,,,,,,,,,,,,,
City_npc2,621,Trương Lâm Tâm,2,1,,,1100,996,997,,,1,56,1,,,,,,,Setting/Npc/Ai/CommonActive.ini,,,0,15,1,,,,,,,,,,,,,,,,,,,
City_npc3,622,Tử Hiên,2,1,,,131,20,120,Ta là người phụ trách báo danh và bỏ phiếu bầu chọn Miss Võ Lâm Truyền Kỳ Mobile.,,1,56,1,,,,,,,Setting/Npc/Ai/CommonActive.ini,,,0,15,1,,,,,,,,,,,,,,,,,,,
City_npc4,623,Ân Phương,2,1,,,125,208,308,(Lén lút) Người cầm quạt có vẻ rất giỏi võ công! Hãy chọn hắn!,,1,56,1,,,,,,,Setting/Npc/Ai/CommonActive.ini,,,0,15,1,,,,,,,,,,,,,,,,,,,
City_npc5,624,Dương Ảnh Phong,2,1,,,1101,225,325,"「Võ Đạo Đức Kinh」Nếu lấy được vật này, sẽ có thể hoàn thành tâm nguyện của cha...",,1,56,1,,,,,,,Setting/Npc/Ai/CommonActive.ini,,,0,15,1,,,,,,,,,,,,,,,,,,,
City_npc6,625,Trương Như Mộng,2,1,,,193,214,314,Thời gian không bao giờ dừng lại...,,1,56,1,,,,,,,Setting/Npc/Ai/CommonActive.ini,,,0,15,1,,,,,,,,,,,,,,,,,,,
City_npc7,626,Huyền Thiên Đạo Nhân,2,1,,,5016,211,311,"Đạo khả đạo, phi thường đạo, danh khả danh, phi hằng danh.",,1,56,1,,,,,,,Setting/Npc/Ai/CommonActive.ini,,,0,15,1,,,,,,,,,,,,,,,,,,,
City_npc8,627,Tổng Quản Bang Hội,2,1,,,107,19,119,,,1,56,1,,,,,,,Setting/Npc/Ai/CommonActive.ini,,,0,15,1,,,,,,,,,,,,,,,,,,,
City_npc9,629,Nạp Lan Tiềm Lẫm,2,1,SwornFriendsNpc1,,187,212,312,"Nhân tại giang hồ, thân bất do kỷ.",,1,21,1,,,,,,,Setting/Npc/Ai/CommonActive.ini,,,0,15,1,,,,,,,,,,,,,,,,,,,
City_npc10,630,Lục Văn Long,2,1,,,144,205,305,,,1,56,1,,,,,,,Setting/Npc/Ai/CommonActive.ini,,,0,15,1,,,,,,,,,,,,,,,,,,,
City_npc11,631,Yên Nhược Tuyết,2,1,LoverNpc,,1129,727,727,,,1,21,1,,,,,,,Setting/Npc/Ai/CommonActive.ini,,,0,15,1,,,,,,,,,,,,,,,,,,,
City_npc12,632,Tường Vi,2,1,,,103,18,118,Cha thật hồ đồ! Trác Phi Phàm có gì hay ho chứ? Hừ!,,1,21,1,,,,,,,Setting/Npc/Ai/CommonActive.ini,,,0,15,1,,,,,,,,,,,,,,,,,,,
City_npc13,633,Dương Anh,2,1,,,141,17,117,,,1,21,1,,,,,,,Setting/Npc/Ai/CommonActive.ini,,,0,15,1,,,,,,,,,,,,,,,,,,,
City_npc14,693,Đằng Vân,4,1,,,426,999,,,,1,21,1,,,,,,,Setting/Npc/Ai/CommonActive.ini,,,0,15,1,,,,,,,,,,,,,,,,,,,
City_npc15,694,Thu Y Thủy,2,1,,,158,218,318,"Võ Đạo Đức Kinh xuất hiện, võ lâm lại dậy sóng...",,1,21,1,,,,,,,Setting/Npc/Ai/CommonActive.ini,,,0,15,1,,,,,,,,,,,,,,,,,,,
City_npc16,699,Giá Vụ,4,1,,,427,999,,,,1,21,1,,,,,,,Setting/Npc/Ai/CommonActive.ini,,,0,15,1,,,,,,,,,,,,,,,,,,,
City_npc17,1350,Sài Tung,2,1,,,132,999,,,,1,21,1,,,,,,,Setting/Npc/Ai/CommonActive.ini,,,0,15,1,,,,,,,,,,,,,,,,,,,
City_npc18,2752,Long Ngũ,2,1,,,658,999,,,,1,21,1,,,,,,,Setting/Npc/Ai/CommonActive.ini,,,0,15,1,,,,,,,,,,,,,,,,,,,
Nanhai_npc1,3863,Lý Minh Vân,2,1,,,755,999,,,,1,21,1,,,,,,,Setting/Npc/Ai/CommonActive.ini,,,0,15,1,,,,,,,,,,,,,,,,,,,
Nanhai_npc2,3864,Diệp Linh Nhi,2,1,,,756,999,,,,1,21,1,,,,,,,Setting/Npc/Ai/CommonActive.ini,,,0,15,1,,,,,,,,,,,,,,,,,,,
Nanhai_npc3,3879,Cường Đạo,0,1,FubenDeath,,136,,,,,92,166,1,,,,,300,300,Setting/Npc/Ai/CommonActive.ini,,,1,20,1,,,,,,,,,,,,,,,,,,,
TianWang_Master,1527,Dương Anh,2,1,,,141,17,117,,,1,21,1,,,,,,,Setting/Npc/Ai/CommonActive.ini,,,0,15,1,,,,,,,,,,,,,,,,,,,
XiaoYao_Master,1528,Chúc Tử Hư,2,1,,,214,216,316,,,1,21,1,,,,,,,Setting/Npc/Ai/CommonActive.ini,,,0,15,1,,,,,,,,,,,,,,,,,,,
Emei_Master,1529,Thanh Hiểu Sư Thái,2,1,,,185,2,102,,,1,21,1,,,,,,,Setting/Npc/Ai/CommonActive.ini,,,0,15,1,,,,,,,,,,,,,,,,,,,
TaoHua_Master,1530,Hoàng Mộ Vân,2,1,CardPickHelper,,209,16,116,,,1,21,1,,,,,,,Setting/Npc/Ai/CommonActive.ini,,,0,15,1,,,,,,,,,,,,,,,,,,,
TianRen_Master,1531,Đạo Nhất Chân Nhân,2,1,,,1116,999,999,,,1,21,1,,,,,,,Setting/Npc/Ai/CommonActive.ini,,,0,15,1,,,,,,,,,,,,,,,,,,,
WuDang_Master,1532,Đoan Mộc Duệ,2,1,,,1122,999,999,,,1,21,1,,,,,,,Setting/Npc/Ai/CommonActive.ini,,,0,15,1,,,,,,,,,,,,,,,,,,,
ShaoLin_Master,2659,Huyền Nhân,2,1,,,1132,999,999,,,1,21,1,,,,,,,Setting/Npc/Ai/CommonActive.ini,,,0,15,1,,,,,,,,,,,,,,,,,,,
CuiYan_Master,2660,Thu Y Thủy,2,1,,,1153,999,999,,,1,21,1,,,,,,,Setting/Npc/Ai/CommonActive.ini,,,0,15,1,,,,,,,,,,,,,,,,,,,
TangMen_Master,2661,Đường Cừu,2,1,,,1175,999,999,,,1,21,1,,,,,,,Setting/Npc/Ai/CommonActive.ini,,,0,15,1,,,,,,,,,,,,,,,,,,,
KunLun_Master,2662,Tuyền Cơ Tử,2,1,,,1150,999,999,,,1,21,1,,,,,,,Setting/Npc/Ai/CommonActive.ini,,,0,15,1,,,,,,,,,,,,,,,,,,,
GaiBang_Master,2663,Thạch Hiên Viên,2,1,,,1168,999,999,,,1,21,1,,,,,,,Setting/Npc/Ai/CommonActive.ini,,,0,15,1,,,,,,,,,,,,,,,,,,,
WuDu_Master,2664,Hắc Diện Lang Quân,2,1,,,1167,999,999,,,1,21,1,,,,,,,Setting/Npc/Ai/CommonActive.ini,,,0,15,1,,,,,,,,,,,,,,,,,,,
CangJian_Master,2665,Diệp Vô Tâm,2,1,,,1217,999,999,,,1,21,1,,,,,,,Setting/Npc/Ai/CommonActive.ini,,,0,15,1,,,,,,,,,,,,,,,,,,,
ChangGe_Master,2666,Tiêu Ngọc Trúc,2,1,,,1219,999,999,,,1,21,1,,,,,,,Setting/Npc/Ai/CommonActive.ini,,,0,15,1,,,,,,,,,,,,,,,,,,,
TianShan_Master,2667,Thiên Âm,2,1,,,1231,999,999,,,1,21,1,,,,,,,Setting/Npc/Ai/CommonActive.ini,,,0,15,1,,,,,,,,,,,,,,,,,,,
BaDao_Master,2924,Vương Đằng,2,1,,,1241,999,999,,,1,21,1,,,,,,,Setting/Npc/Ai/CommonActive.ini,,,0,15,1,,,,,,,,,,,,,,,,,,,
HuaShan_Master,2972,Mạnh Thương Lam,2,1,,,1243,999,999,,,1,21,1,,,,,,,Setting/Npc/Ai/CommonActive.ini,,,0,15,1,,,,,,,,,,,,,,,,,,,
MingJiao_Master,3316,Minh Giáo Giáo Chủ,2,1,,,712,999,999,,,1,21,1,,,,,,,Setting/Npc/Ai/CommonActive.ini,,,0,15,1,,,,,,,,,,,,,,,,,,,
Longque_Master,3862,Bách Lý Sùng Nhạc,2,1,,,1280,999,999,,,1,21,1,,,,,,,Setting/Npc/Ai/CommonActive.ini,,,0,15,1,,,,,,,,,,,,,,,,,,,
ShenJi_Master,3952,Nguyên Thiên Xu,2,1,,,1287,999,999,,,1,21,1,,,,,,,Setting/Npc/Ai/CommonActive.ini,,,0,15,1,,,,,,,,,,,,,,,,,,,
Xuanshui_Master,4017,Phong Chính Nam,2,1,,,1289,999,999,,,1,21,1,,,,,,,Setting/Npc/Ai/CommonActive.ini,,,0,15,1,,,,,,,,,,,,,,,,,,,
Chongxiao_Master,4304,Ngô Thiên Tường,2,1,,,1291,999,999,,,1,21,1,,,,,,,Setting/Npc/Ai/CommonActive.ini,,,0,15,1,,,,,,,,,,,,,,,,,,,
LongWei_Master,4519,Ngô Chính Vượng,2,1,,,1299,999,999,,,1,21,1,,,,,,,Setting/Npc/Ai/CommonActive.ini,,,0,15,1,,,,,,,,,,,,,,,,,,,
HuiMeng_Master,4769,Kinh Hạo,2,1,,,1303,999,999,,,1,21,1,,,,,,,Setting/Npc/Ai/CommonActive.ini,,,0,15,1,,,,,,,,,,,,,,,,,,,
TianXin_Master,4993,廖守真,2,1,,,1305,999,999,,,1,21,1,,,,,,,Setting/Npc/Ai/CommonActive.ini,,,0,15,1,,,,,,,,,,,,,,,,,,,
HuaShan_Master0,3197,Người Bí Ẩn,2,1,,,1243,999,999,Vạn sự không thoát khỏi chữ tình!,,1,21,1,,,,,,,Setting/Npc/Ai/CommonActive.ini,,,0,15,1,,,,,,,,,,,,,,,,,,,
TianWang_Leader,1533,Dương Thiết Tâm,2,1,,,5211,999,999,"「Thiên Vương」thuộc Hệ [FFFE0D]Kim[-], khắc chế các môn phái Hệ [FFFE0D]Mộc[-] như [FFFE0D]Tiêu Dao, Đường Môn, Ngũ Độc, Hoa Sơn, Thần Cơ, Cô Hồng[-], có thể thừa thắng truy kích hoặc khống chế kẻ địch, sở trường tấn công!",,1,21,1,,,,,,,Setting/Npc/Ai/CommonActive.ini,,,0,15,1,,,,,,,,,,,,,,,,,,,
XiaoYao_Leader,1534,Liễu Tiêu Đình,2,1,,,5210,999,999,"「Tiêu Dao」thuộc hệ [FFFE0D]Mộc[-],  khắc [FFFE0D]Võ Đang, Côn Lôn, Trường Ca, Vạn Hoa, Xung Tiêu, Hội Mộng[-] hệ [FFFE0D]Thổ[-]!",,1,21,1,,,,,,,Setting/Npc/Ai/CommonActive.ini,,,0,15,1,,,,,,,,,,,,,,,,,,,
Emei_Leader,1535,Vô Tưởng,2,1,,,5212,999,999,"「Nga Mi」thuộc tính [FFFE0D]Thủy[-], khắc thuộc tính [FFFE0D]Hỏa[-] gồm [FFFE0D]Đào Hoa, Thiên Nhẫn, Cái Bang, Minh Giáo, Long Tước, Trảm Liệt[-], từ bi, cứu thế, tâm hồn trong sáng, không biết sợ.",,1,21,1,,,,,,,Setting/Npc/Ai/CommonActive.ini,,,0,15,1,,,,,,,,,,,,,,,,,,,
TaoHua_Leader,1536,Lý Điềm Nhi,2,1,,,5209,999,999,"「Đào Hoa」thuộc hệ [FFFE0D]Hỏa[-], khắc chế các phái hệ [FFFE0D]Kim[-] như [FFFE0D]Thiên Vương, Thiếu Lâm, Tàng Kiếm, Bá Đao, Dương Môn, Long Uy[-]. Trăm dặm bắn tên, từ xa đoạt mạng.",,1,21,1,,,,,,,Setting/Npc/Ai/CommonActive.ini,,,0,15,1,,,,,,,,,,,,,,,,,,,
TianRen_Leader,1537,Lý Thiên Mục,2,1,,,6111,999,999,"「Võ Đang」thuộc tính [FFFE0D]Thổ[-], khắc chế thuộc tính [FFFE0D]Thủy[-]: [FFFE0D]Nga Mi, Thúy Yên, Thiên Sơn, Đoàn Thị, Huyền Thủy, Thiên Tâm[-], âm dương kết hợp, khi tấn công kiếm bay cao vút tận mây xanh, khi phòng thủ kiếm khí hóa thành thuẫn.",,1,21,1,,,,,,,Setting/Npc/Ai/CommonActive.ini,,,0,15,1,,,,,,,,,,,,,,,,,,,
WuDang_Leader,1538,Hoàn Nhan Tương,2,1,,,1131,999,999,"「Thiên Nhẫn」Thuộc hệ [FFFE0D]Hỏa[-], khắc chế các hệ [FFFE0D]Kim[-] như [FFFE0D]Thiên Vương, Thiếu Lâm, Tàng Kiếm, Bá Đao, Dương Môn, Long Uy[-]. Chọn đúng thời cơ, mười bước một mạng.",,1,21,1,,,,,,,Setting/Npc/Ai/CommonActive.ini,,,0,15,1,,,,,,,,,,,,,,,,,,,
ShaoLin_Leader,2668,Huyền Từ,2,1,,,1169,999,999,"「Thiếu Lâm」thuộc Hệ [FFFE0D]Kim[-], khắc chế các môn phái Hệ [FFFE0D]Mộc[-] như [FFFE0D]Tiêu Dao, Đường Môn, Ngũ Độc, Hoa Sơn, Thần Cơ, Cô Hồng[-], luyện thành một thân mình đồng da sắt, sở trường phòng thủ!",,1,21,1,,,,,,,Setting/Npc/Ai/CommonActive.ini,,,0,15,1,,,,,,,,,,,,,,,,,,,
CuiYan_Leader,2669,Doãn Tiêu Vũ,2,1,,,1149,999,999,"「Thúy Yên」thuộc tính [FFFE0D]Thủy[-], khắc thuộc tính [FFFE0D]Hỏa[-] gồm [FFFE0D]Đào Hoa, Thiên Nhẫn, Cái Bang, Minh Giáo, Long Tước, Trảm Liệt[-], linh sủng Gấu Trúc trợ chiến. ",,1,21,1,,,,,,,Setting/Npc/Ai/CommonActive.ini,,,0,15,1,,,,,,,,,,,,,,,,,,,
TangMen_Leader,2670,Đường Hiểu,2,1,,,1166,999,999,"「Đường Môn」thuộc hệ [FFFE0D]Mộc[-],  khắc [FFFE0D]Võ Đang, Côn Lôn, Trường Ca, Vạn Hoa, Xung Tiêu, Hội Mộng[-] hệ [FFFE0D]Thổ[-]!",,1,21,1,,,,,,,Setting/Npc/Ai/CommonActive.ini,,,0,15,1,,,,,,,,,,,,,,,,,,,
KunLun_Leader,2671,Tống Thu Thạch,2,1,,,1165,999,999,"「Côn Lôn」thuộc tính là [FFFE0D]Thổ[-], khắc chế thuộc tính [FFFE0D]Thủy[-]: [FFFE0D]Nga Mi, Thúy Yên, Thiên Sơn, Đoàn Thị, Huyền Thủy, Thiên Tâm[-], diệu pháp thiên lôi, khống chế địch trong vô hình, phi kiếm ngự thể, chuyển động thoải mái.",,1,21,1,,,,,,,Setting/Npc/Ai/CommonActive.ini,,,0,15,1,,,,,,,,,,,,,,,,,,,
GaiBang_Leader,2672,Hà Nhân Ngã,2,1,,,1170,999,999,"「Cái Bang」Thuộc hệ [FFFE0D]Hỏa[-], khắc chế các hệ [FFFE0D]Kim[-] như [FFFE0D]Thiên Vương, Thiếu Lâm, Tàng Kiếm, Bá Đao, Dương Môn[-]. Bộ pháp biến ảo, áp chế khó thoát.",,1,21,1,,,,,,,Setting/Npc/Ai/CommonActive.ini,,,0,15,1,,,,,,,,,,,,,,,,,,,
WuDu_Leader,2673,Cổ Yên Nhiên,2,1,,,1174,999,999,"「Ngũ Độc」thuộc hệ [FFFE0D]Mộc[-], khắc chế các phái hệ [FFFE0D]Thổ[-] như [FFFE0D]Võ Đang, Côn Lôn, Trường Ca, Vạn Hoa, Xung Tiêu, Hội Mộng[-]. Ngũ độc linh trùng, độc nhất thiên hạ.",,1,21,1,,,,,,,Setting/Npc/Ai/CommonActive.ini,,,0,15,1,,,,,,,,,,,,,,,,,,,
CangJian_Leader,2674,Diệp Thanh Dương,2,1,,,1218,999,999,"「Tàng Kiếm」thuộc Hệ [FFFE0D]Kim[-], khắc chế các môn phái Hệ [FFFE0D]Mộc[-] như [FFFE0D]Tiêu Dao, Đường Môn, Ngũ Độc, Hoa Sơn, Thần Cơ, Cô Hồng[-], chỉ giỏi công không giỏi thủ, lấy thân làm kiếm, đánh đâu thắng đó!",,1,21,1,,,,,,,Setting/Npc/Ai/CommonActive.ini,,,0,15,1,,,,,,,,,,,,,,,,,,,
ChangGe_Leader,2675,Băng Nghi,2,1,,,1210,999,999,"「Trường Ca」thuộc tính là [FFFE0D]Thổ[-], khắc chế thuộc tính [FFFE0D]Thủy[-]: [FFFE0D]Nga Mi, Thúy Yên, Thiên Sơn, Đoàn Thị, Huyền Thủy, Thiên Tâm[-], học điệu vũ nghê thường, sẽ lĩnh hội được võ công trong đó!",,1,21,1,,,,,,,Setting/Npc/Ai/CommonActive.ini,,,0,15,1,,,,,,,,,,,,,,,,,,,
TianShan_Leader,2676,Kinh Tuyết,2,1,,,1232,999,999,"「Thiên Sơn」thuộc tính [FFFE0D]Thủy[-], khắc thuộc tính [FFFE0D]Hỏa[-] gồm [FFFE0D]Đào Hoa, Thiên Nhẫn, Cái Bang, Minh Giáo, Long Tước, Trảm Liệt[-], nội lực Hàn Sương Thiên Sơn xâm nhập cơ thể kẻ địch khiến kẻ địch suy yếu. ",,1,21,1,,,,,,,Setting/Npc/Ai/CommonActive.ini,,,0,15,1,,,,,,,,,,,,,,,,,,,
BaDao_Leader,2925,Vương Vân Tiêu,2,1,,,1242,999,999,"「Bá Đao」thuộc Hệ [FFFE0D]Kim[-], khắc chế các môn phái Hệ [FFFE0D]Mộc[-] như [FFFE0D]Tiêu Dao, Đường Môn, Ngũ Độc, Hoa Sơn, Thần Cơ, Cô Hồng[-], sở trường chiến đấu, lật ngược thế cờ!",,1,21,1,,,,,,,Setting/Npc/Ai/CommonActive.ini,,,0,15,1,,,,,,,,,,,,,,,,,,,
HuaShan_Leader,2973,Lâm Thanh Vũ,2,1,,,1244,999,999,"「Hoa Sơn」thuộc hệ [FFFE0D]Mộc[-],  khắc [FFFE0D]Võ Đang, Côn Lôn, Trường Ca, Vạn Hoa, Xung Tiêu, Hội Mộng[-] hệ [FFFE0D]Thổ[-]!",,1,21,1,,,,,,,Setting/Npc/Ai/CommonActive.ini,,,0,15,1,,,,,,,,,,,,,,,,,,,
MingJiao_Leader,3317,Phong Hành Chu,2,1,,,711,999,999,"「Minh Giáo」thuộc tính [FFFE0D]Hỏa[-], khắc thuộc tính [FFFE0D]Kim[-] gồm [FFFE0D]Thiên Vương, Thiếu Lâm, Tàng Kiếm, Bá Đao, Dương Môn, Long Uy[-], bộ pháp tinh diệu, giỏi né tránh!",,1,21,1,,,,,,,Setting/Npc/Ai/CommonActive.ini,,,0,15,1,,,,,,,,,,,,,,,,,,,
Duanshi_Master,3453,Đoàn Chính Hưng,2,1,,,1251,999,999,,,1,21,1,,,,,,,Setting/Npc/Ai/CommonActive.ini,,,0,15,1,,,,,,,,,,,,,,,,,,,
Duanshi_Leader,3454,Đoàn Trí Hưng,2,1,,,1250,999,999,"「Đoàn Thị」thuộc hệ [FFFE0D]Thủy[-], khắc chế các phái hệ [FFFE0D]Hỏa[-] như [FFFE0D]Đào Hoa, Thiên Nhẫn, Cái Bang, Minh Giáo, Long Tước, Trảm Liệt[-], phóng khoáng bay bỏng, phiên phiên quý công tử.",,1,21,1,,,,,,,Setting/Npc/Ai/CommonActive.ini,,,0,15,1,,,,,,,,,,,,,,,,,,,
WuDang_Dizi1,3455,Ân Lợi Hanh,2,1,,,1252,999,999,,,1,21,1,,,,,,,Setting/Npc/Ai/CommonActive.ini,,,0,15,1,,,,,,,,,,,,,,,,,,,
WuDang_Dizi2,3456,Trương Tùng Khê,2,1,,,1253,999,999,,,1,21,1,,,,,,,Setting/Npc/Ai/CommonActive.ini,,,0,15,1,,,,,,,,,,,,,,,,,,,
WuDang_Dizi3,3457,Tống Viễn Kiều,2,1,,,1254,999,999,,,1,21,1,,,,,,,Setting/Npc/Ai/CommonActive.ini,,,0,15,1,,,,,,,,,,,,,,,,,,,
WanHua_Leader,3747,Trương Thừa Tố,2,1,,,1266,999,999,"「Vạn Hoa」thuộc tính là [FFFE0D]Thổ[-], khắc chế thuộc tính [FFFE0D]Thủy[-]: [FFFE0D]Nga Mi, Thúy Yên, Thiên Sơn, Đoàn Thị, Huyền Thủy, Thiên Tâm[-], cầm Bút Phán Quan, thân mặc trường sam, phong thái nho hiệp.",,1,21,1,,,,,,,Setting/Npc/Ai/CommonActive.ini,,,0,15,1,,,,,,,,,,,,,,,,,,,
YangMen_Leader,3827,Dương Tận Thầm,2,1,,,1279,999,999,"「Dương Môn」thuộc Hệ [FFFE0D]Kim[-], khắc chế các môn phái Hệ [FFFE0D]Mộc[-] như [FFFE0D]Tiêu Dao, Đường Môn, Ngũ Độc, Hoa Sơn, Thần Cơ, Cô Hồng[-]. Dược mã đạp cửu châu, nhất thương định càn khôn!",,1,21,1,,,,,,,Setting/Npc/Ai/CommonActive.ini,,,0,15,1,,,,,,,,,,,,,,,,,,,
LongQue_Leader,3859,Công Tôn Khải Dương,2,1,,,1281,999,999,"「Long Tước」thuộc tính [FFFE0D]Hỏa[-], khắc thuộc tính [FFFE0D]Kim[-] là [FFFE0D]Thiên Vương, Thiếu Lâm, Tàng Kiếm, Bá Đao, Dương Môn, Long Uy[-], đao pháp mạnh và nhanh, rất linh hoạt!",,1,21,1,,,,,,,Setting/Npc/Ai/CommonActive.ini,,,0,15,1,,,,,,,,,,,,,,,,,,,
ShenJi_Leader,3950,Hạ Dụ Đường,2,1,,,1288,999,999,"「Thần Cơ」thuộc hệ [FFFE0D]Mộc[-],  khắc [FFFE0D]Võ Đang, Côn Lôn, Trường Ca, Vạn Hoa, Xung Tiêu, Hội Mộng[-] hệ [FFFE0D]Thổ[-]!",,1,21,1,,,,,,,Setting/Npc/Ai/CommonActive.ini,,,0,15,1,,,,,,,,,,,,,,,,,,,
Xuanshui_Leader,4018,Linh Quân,2,1,,,1290,999,999,"「Huyền Thủy」thuộc tính là [FFFE0D]Thủy[-], khắc chế thuộc tính [FFFE0D]Hỏa[-]: [FFFE0D]Đào Hoa, Thiên Nhẫn, Cái Bang, Minh Giáo, Long Tước, Trảm Liệt[-], sư pháp tự nhiên, tôn thờ nước, thật thà chất phác.",,1,21,1,,,,,,,Setting/Npc/Ai/CommonActive.ini,,,0,15,1,,,,,,,,,,,,,,,,,,,
Chongxiao_Leader,4305,Trần Đại Thông,2,1,,,1292,999,999,"「Xung Tiêu」Thuộc tính [FFFE0D]Thổ[-], khắc chế thuộc tính [FFFE0D]Thủy[-] như [FFFE0D]Nga Mi, Thúy Yên, Thiên Sơn, Đoàn Thị, Huyền Thủy, Thiên Tâm[-], khéo léo nhanh nhạy, vang danh hỏa khí, tráng chí xung tiêu.",,1,21,1,,,,,,,Setting/Npc/Ai/CommonActive.ini,,,0,15,1,,,,,,,,,,,,,,,,,,,
LongWei_Leader,4520,Chu Chấn Uy,2,1,,,1300,999,999,"「Long Uy」thuộc Hệ [FFFE0D]Kim[-], khắc chế các môn phái Hệ [FFFE0D]Mộc[-] như [FFFE0D]Tiêu Dao, Đường Môn, Ngũ Độc, Hoa Sơn, Thần Cơ, Cô Hồng[-], mang ba phân cười, để ba phân lý, uống ba phân rượu.",,1,21,1,,,,,,,Setting/Npc/Ai/CommonActive.ini,,,0,15,1,,,,,,,,,,,,,,,,,,,
HuiMeng_Leader,4768,Quan Đồng,2,1,,,1304,999,999,"「Hội Mộng」mang thuộc tính [FFFE0D]Thổ[-], khắc chế các môn phái thuộc tính [FFFE0D]Thủy[-] như [FFFE0D]Nga Mi, Thúy Yên, Thiên Sơn, Đoàn Thị, Huyền Thủy, Thiên Tâm[-]. Đệ tử phái này thích viết chữ, vẽ tranh, võ đạo thuận theo tự nhiên, dựng hình sông núi.",,1,21,1,,,,,,,Setting/Npc/Ai/CommonActive.ini,,,0,15,1,,,,,,,,,,,,,,,,,,,
TianXin_Leader,4994,Liêu Minh Tâm,2,1,,,1306,999,999,"Thuộc tính「 Thiên Tâm」là [FFFE0D]Thủy[-], khắc chế các phái [FFFE0D]Hỏa[-] như [FFFE0D]Hoa Đào, Thiên Nhẫn, Cái Bang, Minh Giáo, Long Tước, Trảm Liệt[-], gần gũi tự nhiên, dẫn sấm linh uy, trừ ma hộ đạo.",,1,21,1,,,,,,,Setting/Npc/Ai/CommonActive.ini,,,0,15,1,,,,,,,,,,,,,,,,,,,
ZhanLie_Leader,5626,Quan Viện,2,1,,,1308,999,999,"Thuộc tính Trảm Liệt là [FFFE0D]Hỏa[-], khắc chế [FFFE0D]Thiên Vương, Thiếu Lâm, Tàng Kiếm, Bá Đao, Dương Môn, Long Uy[-] thuộc tính [FFFE0D]Kim[-]!",,1,21,1,,,,,,,Setting/Npc/Ai/CommonActive.ini,,,0,15,1,,,,,,,,,,,,,,,,,,,
GuHong_Leader,5980,Tiêu Hàn Xuyên ,2,1,,,1313,999,999,"Thuộc tính Cô Hồng là [FFFE0D]Mộc[-], môn phái cí thuộc tính khắc [FFFE0D]Mộc[-] như [FFFE0D]Võ Đang, Côn Lôn, Trường Ca, Vạn Hoa, Xung Tiêu, Hội Mộng[-], lưỡi đao lóe sáng, đến đi vô tung!",,1,21,1,,,,,,,Setting/Npc/Ai/CommonActive.ini,,,0,15,1,,,,,,,,,,,,,,,,,,,
Fb_zhangai,104,Chướng ngại động thái phó bản,5,1,,,312,,,,,,,,,,,,,,,,,1,,1,,,,,,,,,,,,,,,,,,,
CommerceTask,190,Vạn Kim Tài,2,1,CommerceTask,,146,206,306,,,1,,,,,,,560,980,,,,,17,1,,109,,,,,,,,,,,,,,,,,
BuffBall_white,202,Cầu Năng Lượng-Trắng,5,0,,,346,,,,,1,,,,,,,560,980,,,,1,15,,,,,,,,,,,,,,,,,,,,
BuffBall_green,203,Cầu Năng Lượng-Lục,5,0,,,347,,,,,1,,,,,,,560,980,,,,1,15,,,,,,,,,,,,,,,,,,,,
BuffBall_blue,204,Cầu Năng Lượng-Lam,5,0,,,348,,,,,1,,,,,,,560,980,,,,1,15,,,,,,,,,,,,,,,,,,,,
BuffBall_purple,205,Cầu Năng Lượng-Tím,5,0,,,349,,,,,1,,,,,,,560,980,,,,1,15,,,,,,,,,,,,,,,,,,,,
BuffBall_red,206,Cầu Năng Lượng-Đỏ,5,0,,,350,,,,,1,,,,,,,560,980,,,,1,15,,,,,,,,,,,,,,,,,,,,
BuffBall_gold,207,Cầu Năng Lượng-Vàng,5,0,,,351,,,,,1,,,,,,,560,980,,,,1,15,,,,,,,,,,,,,,,,,,,,
tansuo_baoxiang,208,Rương Do Thám,5,1,,,352,,,,,1,,,,,,,560,980,,,,1,15,,,,,,,,,,,,,,,,,,,,
KinGatherBox,1840,Bảo Rương,2,1,GatherBox,2707,352,995,300,,,1,,,,,,,,,,,,1,15,1,,,,,,NoTurn,,,,,,,,,,1,,,
KinDinnerGatherBox,3439,Rương Mừng Lễ,2,1,FamilyReunionDinnerBoxNpc,10438,352,995,300,,,1,,,,,,,,,,,,1,15,1,,,,,,NoTurn,,,,,,,,,,1,,,
PunishAttack_npc1,212,Võ Lâm Ác Đồ,0,1,PunishTaskAttack,,123,,,,,51,21,1,91,1,,,3000,3000,Setting/Npc/Ai/CommonActive.ini,,,1,18,,,9,,,,,,,,,,,,,,,,,
PunishAttack_npc2,214,Võ Lâm Ác Đồ,0,1,PunishTaskAttack,,123,,,,,51,21,1,91,1,,,3000,3000,Setting/Npc/Ai/CommonActive.ini,,,1,18,,,10,,,,,,,,,,,,,,,,,
PunishAttack_npc3,215,Võ Lâm Ác Đồ,0,1,PunishTaskAttack,,123,,,,,52,21,1,91,1,,,3000,3000,Setting/Npc/Ai/CommonActive.ini,,,1,18,,,11,,,,,,,,,,,,,,,,,
PunishAttack_npc4,216,Võ Lâm Ác Đồ,0,1,PunishTaskAttack,,123,,,,,52,21,1,91,1,,,3000,3000,Setting/Npc/Ai/CommonActive.ini,,,1,18,,,12,,,,,,,,,,,,,,,,,
PunishAttack_npc5,217,Võ Lâm Ác Đồ,0,1,PunishTaskAttack,,123,,,,,53,21,1,91,1,,,3000,3000,Setting/Npc/Ai/CommonActive.ini,,,1,18,,,13,,,,,,,,,,,,,,,,,
PunishAttack_npc6,4231,Võ Lâm Ác Đồ,0,1,PunishTaskAttack,,123,,,,,53,21,1,91,1,,,3000,3000,Setting/Npc/Ai/CommonActive.ini,,,1,18,,,32,,,,,,,,,,,,,,,,,
PunishDialog_npc1,213,Võ Lâm Ác Đồ,2,0,PunishTaskDialog,,123,,,,,51,21,1,,,,,3000,3000,,,,,18,,,9,,,,,,,,,,,,,,,,,
PunishDialog_npc2,219,Võ Lâm Ác Đồ,2,0,PunishTaskDialog,,123,,,,,51,21,1,,,,,3000,3000,,,,,18,,,10,,,,,,,,,,,,,,,,,
PunishDialog_npc3,218,Võ Lâm Ác Đồ,2,0,PunishTaskDialog,,123,,,,,52,21,1,,,,,3000,3000,,,,,18,,,11,,,,,,,,,,,,,,,,,
PunishDialog_npc4,220,Võ Lâm Ác Đồ,2,0,PunishTaskDialog,,123,,,,,52,21,1,,,,,3000,3000,,,,,18,,,12,,,,,,,,,,,,,,,,,
PunishDialog_npc5,221,Võ Lâm Ác Đồ,2,0,PunishTaskDialog,,123,,,,,52,21,1,,,,,3000,3000,,,,,18,1,,13,,,,,,,,,,,,,,,,,
PunishDialog_npc6,4232,Võ Lâm Ác Đồ,2,0,PunishTaskDialog,,123,,,,,52,21,1,,,,,3000,3000,,,,,18,1,,32,,,,,,,,,,,,,,,,,
Eagle,222,Hủ Thực Ưng,0,1,FubenDeath,,113,,,,,3,22,1,,,,,3000,3000,Setting/Npc/Ai/CommonActive.ini,,,1,20,1,,,,,,,,,,,,,,,,,,,
Red_Security,223,Hồng Anh Vệ,0,1,FubenDeath,,118,,,,,3,21,1,,,,,3000,3000,Setting/Npc/Ai/CommonActive.ini,,,1,20,1,,,,,,,,,,,,,,,,,,,
Yehao,224,Diệp Hạo,0,1,FubenDeath,,119,,,,,3,21,1,,,,,3000,3000,Setting/Npc/Ai/CommonActive.ini,,,1,20,1,,,,,,,,,,,,,,,,,,,
LeavegGateNpc,225,Rời Địa Cung,4,0,,,8,,,,,1,,,,,,,560,980,,,,1,15,,,,,,,,,,,,,,,,,,,,
NextGateNpc,226,Lối Vào Thần Bí,4,0,,,8,,,,,1,,,,,,,560,980,,,,1,15,,,,,,,,,,,,,,,,,,,,
KinRobber_np1,228,Đạo Tặc,2,0,KinRobber,,174,,,,,3,21,1,,,,,3000,3000,,,,,18,,,,,,,,,,,,,,,,,,,,
KinRobber_np2,229,Đạo Tặc,0,1,KinRobber,,174,,,,,61,21,1,91,1,,,3000,3000,Setting/Npc/Ai/CommonActive.ini,,,1,18,1,,,,,,,,,,,,,,,,,,,
Onehand_big,231,Độc Tí Tráng Sĩ,0,1,FubenDeath,,354,,,,,205,1359,1,91,1,,,1500,1500,Setting/Npc/Ai/fuben/Boss8.ini,,,1,12,2,,,,,,,,,,,,,,,,,,,
Kin_Manager,266,Tổng Quản Bang Hội,2,0,KinManager,,107,213,313,,,3,21,1,,,,,3000,3000,,,,,18,1,,,,,,,,,,,,,,,,,,,
NoneRes,267,,0,1,,,358,,,,,3,1398,1,,,,,3000,3000,Setting/Npc/Ai/RangeActive.ini,,,1,0,1,1,,,,,,,,,,,,,,,,,,
Npc_Sword,268,Kiếm,4,0,,,362,,,,,1,,,,,,,560,980,,,,1,15,,,,,,,,,,,,,,,,,,,,
WJ_dici,429,Địa Thích ,5,0,,,374,,,,,1,,,,,,,560,980,,,,1,15,,,,,,,,,,,,,,,,,,,,
WJ_gunshi,430,Đá Lăn,5,0,,,375,,,,,1,,,,,,,560,980,,,,1,15,,,,,,,,,,,,,,,,,,,,
WJ_jianqun,431,Kiếm Quần,5,0,,,376,,,,,1,,,,,,,560,980,,,,1,15,,,,,,,,,,,,,,,,,,,,
WJ_kaiguan,432,Đóng,5,0,,,377,,,,,1,,,,,,,560,980,,,,1,15,,,,,,,,,,,,,,,,,,,,
WJ_paoche,433,Pháo Xa,5,0,,,378,,,,,1,,,,,,,560,980,,,,1,15,,,,,,,,,,,,,,,,,,,,
Fb_Stone,435,Bảo Thạch Khoáng,2,0,FubenDialogEvent,2|Đang thu thập|DigStone,389,995,,,,,,,,,,,,,,,,,,,,,,,,NoTurn,,,,,,,,,,,,,
Fb_Crystal,187,Thủy Tinh Khoáng,2,0,FubenDialogEvent,2|Đang thu thập|DigCrystal,390,995,,,,,,,,,,,,,,,,,,,,,,,,NoTurn,,,,,,,,,,,,,
digong_gouhuo,436,Lửa Trại,4,0,GouHuoNpc,all|3000|6|3000|0|10,380,,,,,,,,,,,,,,,,,0,,,,,,,,,,,,,,,,,,,,,
superboss_gouhuo,6333,Lửa Trại,4,0,GouHuoNpc,all|3000|6|800|0|50|SuperCangBaoTuBoss,380,,,,,,,,,,,,,,,,,0,,,,,,,,,,,,,,,,,,,,,
digong_gouhuo_1,695,Lửa Trại,4,0,GouHuoNpc,all|3000|5|3000|0|6,380,,,,,,,,,,,,,,,,,0,,,,,,,,,,,,,,,,,,,,,
activity_dyr_gouhuo_1,2402,Lò Lửa Ấm Áp,4,0,GouHuoNpc,teamfuben|3000|5|6000|0|12,945,,,,,,,,,,,,,,,,,0,,,,,,,,,,,,,,,,,,,,,
task_gouhuo,453,Lửa Trại,5,0,,,380,,,,,,,,,,,,,,,,,,,,,,,,,,,,,,,,,,,,,,
zhiyin_jiantou,451,Mũi tên chỉ dẫn,5,0,,,382,,,,,,,,,,,,,,,,,,,,,,,,,,,,,,,,,,,,,,
zhiyin_quan,452,Vòng hướng dẫn,5,0,,,383,,,,,,,,,,,,,,,,,,,,,,,,,,,,,,,,,,,,,,
yw_commerce_npc1,454,Linh Hầu,0,1,,,117,,,,2700,3,1032,1,,,,,600,600,Setting/Npc/Ai/CommonActive.ini,,,1,18,,,21,,,,,,,,,,,,,,,,,
yw_commerce_npc2,455,Man Hùng,0,1,,,116,,,,2700,3,1031,1,,,,,600,600,Setting/Npc/Ai/CommonActive.ini,,,1,18,,,21,,,,,,,,,,,,,,,,,
yw_commerce_npc3,456,Cự Hạt,0,1,,,109,,,,2700,3,1032,1,,,,,600,600,Setting/Npc/Ai/CommonActive.ini,,,1,18,,,21,,,,,,,,,,,,,,,,,
yw_commerce_npc4,457,Sói Xám,0,1,,,115,,,,2700,3,1031,1,,,,,600,600,Setting/Npc/Ai/CommonActive.ini,,,1,18,,,21,,,,,,,,,,,,,,,,,
yw_commerce_npc5,458,Kim Tiền Báo,0,1,,,111,,,,2700,3,1031,1,,,,,600,600,Setting/Npc/Ai/CommonActive.ini,,,1,18,1,,21,,,,,,,,,,,,,,,,,
guangquan,459,Thượng Thăng Khí Lưu,5,0,,,361,,,,,1,,,,,,,560,980,,,,1,15,,,,,,,,,,,,,,,,,,,,
kin_gouhuo_2,516,Hỏa Diệm Lửa Trại Bang Hội,5,0,GouHuoNpc,kin|10000|30|600|1|0,392,,,,,,,,,,,,,,,,,,,,,,,,,,,,,,,,,,,,,,
xiangfan_gouhuo_1,4107,Lửa Trại,5,0,AoZhanXiangFanNpc,,392,,,,,,,,,,,,,,,,,,,,,,,,,,,,,,,,,,,,,,
XinshouFb_enemy_1,517,Cường Đạo,0,1,FubenDeath,,136,,,,,92,166,1,,,,,3000,3000,Setting/Npc/Ai/CommonActive.ini,,,1,20,1,,,,,,,,,,,,,,,,,,,
XinshouFb_Boss_1,518,Người Bí Ẩn,4,0,FubenDeath,,24,200,994,,,91,194,1,91,1,,,1500,1500,Setting/Npc/Ai/fuben/newrole.ini,,,1,20,2,,,,,900006,,,,,,,,,,,,,,
XinshouFb_Boss_2,663,Người Bí Ẩn,0,1,FubenDeath,,24,200,994,,,91,194,1,91,1,,,1500,1500,Setting/Npc/Ai/fuben/newrole.ini,,,1,20,2,,,,,,,,,,,,,,,,,,,
XinshouFb_Npc_1,519,Trác Phi Phàm,4,0,FubenDeath,,194,218,318,,,91,177,1,91,1,,,1500,1500,Setting/Npc/Ai/Stay.ini,,,1,20,1,,,,,,,,,,,,,,,,,,,
XinshouFb_Npc_2,520,Trác Phi Phàm,0,0,FubenDeath,,194,218,318,,,91,177,1,91,1,,,1500,1500,Setting/Npc/Ai/CommonActive.ini,,,1,20,1,,,,,,,,,,,,,,,,,,,
xs_shibing_dh,1150,Tống Binh Trọng Thương,0,0,FubenDeath,,477,200,300,,,92,166,1,,,,,1500,1500,Setting/Npc/Ai/CommonActive.ini,,,1,20,3,,,,,,,,,2,,,,,,,,,,
xs_nalanzhen_dh,1221,Thiếu Nữ Bí Ẩn,0,0,FubenDeath,,177,13,113,,,92,166,1,,,,,1500,1500,Setting/Npc/Ai/CommonActive.ini,,,1,20,1,,,,,,,,,2,,,,,,,,,,
xs_jinbing_gw,1151,Kim Binh,0,1,FubenDeath,,1127,200,300,,,92,166,1,,,,,1500,1500,Setting/Npc/Ai/CommonActive.ini,,,1,20,1,,,,,,,,,1,,,,,,,,,,
xs_jinbing_jy,1158,Bách Phu Trưởng,0,1,FubenDeath,,181,200,300,,,93,166,1,,,,,1500,1500,Setting/Npc/Ai/CommonActive.ini,,,1,20,1,,,,,,,,,3,,,,,,,,,,
xs_sishi_gw,1152,Tử Sĩ,0,1,FubenDeath,,124,200,300,,,92,166,1,,,,,1500,1500,Setting/Npc/Ai/CommonActive.ini,,,1,20,1,,,,,900001,,,,,,,,,,,,,,
xs_jiangjun_hs,1153,Đại Tướng Quân,0,0,FubenDeath,,1113,209,309,,,91,177,1,91,1,,,1500,1500,Setting/Npc/Ai/CommonActive.ini,,,1,20,2,,,,,,,,,2,,,,,,,,,,
xs_zhuofeifan_hs,1154,Trác Phi Phàm,0,0,FubenDeath,,194,218,318,,,91,177,1,91,1,,,1500,1500,Setting/Npc/Ai/CommonActive.ini,,,1,20,2,,,,,,,,,2,,,,,,,,,,
xs_shenmiren_bs,1155,Người Bí Ẩn,0,1,FubenDeath,,24,200,994,,,91,194,1,91,1,,,1500,1500,Setting/Npc/Ai/fuben/newrole.ini,,,1,20,2,,,,,,,,,4,,,,,,,,,,
xs_dajiang_bs,2711,Hoàn Nhan Hoa Lê,0,1,FubenDeath,,180,200,994,,,91,166,1,91,1,,,1500,1500,Setting/Npc/Ai/fuben/xinshouboss.ini,,,1,20,2,,,,,,,,,4,,,,,,,,,,
xs_shiti1,2712,Thi Thể Kim Binh,0,0,FubenDeath,,1127,200,300,,,91,166,1,,,,,800,800,Setting/Npc/Ai/CommonActive.ini,,,1,20,3,1,,,,,,,,,,,,,1,,,,,
xs_shiti2,2713,Thi Thể Tống Binh,0,0,FubenDeath,,1126,200,300,,,91,,,,,,,,,,,,1,20,3,1,,,,,,,,,,,,,1,,,,,
xs_shiti3,2714,Thi Thể Võ Lâm Nhân Sĩ,0,0,FubenDeath,,163,200,300,,,91,,,,,,,,,,,,1,20,3,1,,,,,,,,,,,,,1,,,,,
xs_shiti4,2715,Thi Thể Võ Lâm Nhân Sĩ,0,0,FubenDeath,,120,200,300,,,91,,,,,,,,,,,,1,20,3,1,,,,,,,,,,,,,1,,,,,
xs_shiti5,2716,Thi Thể Võ Lâm Nhân Sĩ,0,0,FubenDeath,,1210,200,300,,,91,,,,,,,,,,,,1,20,3,1,,,,,,,,,,,,,1,,,,,
xs_shiti6,2717,Thi Thể Võ Lâm Nhân Sĩ,0,0,FubenDeath,,142,200,300,,,91,,,,,,,,,,,,1,20,3,1,,,,,,,,,,,,,1,,,,,
UseImage_1,558,Cô Gái Thần Bí,,,,,,996,997,,,,,,,,,,,,,,,,,,,,,,,,,,,,,,,,,,,,
UseImage_2,559,Cô Gái Thần Bí,,,,,,998,999,,,,,,,,,,,,,,,,,,,,,,,,,,,,,,,,,,,,
UseImage_3,560,Đệ Tử Thiên Vương,,,,,,1001,1121,,,,,,,,,,,,,,,,,,,,,,,,,,,,,,,,,,,,
UseImage_4,561,Đệ Tử Nga Mi,,,,,,1002,1122,,,,,,,,,,,,,,,,,,,,,,,,,,,,,,,,,,,,
UseImage_5,562,Đệ Tử Đào Hoa,,,,,,1003,1123,,,,,,,,,,,,,,,,,,,,,,,,,,,,,,,,,,,,
UseImage_6,563,Đệ Tử Tiêu Dao,,,,,,1004,1124,,,,,,,,,,,,,,,,,,,,,,,,,,,,,,,,,,,,
UseImage_7,1228,Đệ Tử Võ Đang,,,,,,1005,1125,,,,,,,,,,,,,,,,,,,,,,,,,,,,,,,,,,,,
UseImage_8,1229,Đệ Tử Thiên Nhẫn,,,,,,1006,1126,,,,,,,,,,,,,,,,,,,,,,,,,,,,,,,,,,,,
Fb_Npc_muziyi,577,Mộc Tử Y,2,0,FubenDeath,,176,1,101,,,305,56,1,91,1,,,3000,3000,Setting/Npc/Ai/Stay.ini,,,1,20,1,,,,,,,,,,,,,,,,,,,
QiYuMiJingNuQi,628,Nộ Khí,2,0,AdventureAnger,"3|1000|Đang mở|Kẻ địch đợt sau sắp xuất hiện, các vị đại hiệp hãy sẵn sàng!",377,,,,,201,,,,,,,,,,,,1,,1,,,,,,,,,,,,,,,,,,,
Wlmz_boss,634,Độc Cô Kiếm,0,1,FubenDeath,,32,654,,,,801,1756,1,2304,1,,,1500,1500,Setting/Npc/Ai/normal/wlmz.ini,,,1,20,2,,,,,,,,,,,,,,,,,,,
Wlmz_boss2,1896,Nam Cung Phi,0,1,FubenDeath,,27,307,,,,801,1759,1,2304,1,,,1500,1500,Setting/Npc/Ai/normal/wlmz_ngfy.ini,,,1,20,2,,,,,,,,,,,,,,,,,,,
Wlmz_boss3,1897,Dương Ảnh Phong,0,1,FubenDeath,,536,225,,,,801,1762,1,2304,1,1765,1,1500,1500,Setting/Npc/Ai/normal/wlmz_yyf.ini,,,1,20,2,,,,,,,,,,,,,,,,,,,
Wlmz_boss4,2189,Đường Giản,0,1,FubenDeath,,1190,661,,,,801,1785,1,2304,1,,,1500,1500,Setting/Npc/Ai/normal/wlmz_tj.ini,,,1,20,2,,,,,,,,,,,,,,,,,,,
Wlmz_boss5,3329,Quỷ Cốc Tử,0,1,FubenDeath,,1171,666,,,,801,1793,1,2304,1,,,1500,1500,Setting/Npc/Ai/normal/wlmz_ggz.ini,,,1,20,2,,,,,,,,,,,,,,,,,,,
Wlmz_boss_special,4480,Vạn Kim Tài,0,1,FubenDeath,,146,206,306,,,801,1799,1,2304,1,,,1500,1500,Setting/Npc/Ai/normal/wlmz_wjc.ini,,,1,20,2,,,,,,,,,,,,,,,,,,,
KinNest_gouhuo,654,Lửa Trại,4,0,GouHuoNpc,all|3000|5|500|0|12,380,,,,,,,,,,,,,,,,,0,,,,,,,,,,,,,,,,,,,,,
KinNest_boss1,655,Cao Thủ Thần Bí,0,1,FubenDeath,,152,,,,,815,182,1,91,1,1065,2,650,650,Setting/Npc/Ai/CommonActive.ini,,,1,20,2,,,,,,,,,,,,,,,,,,,
KinNest_boss2,656,Cao Thủ Thần Bí,0,1,FubenDeath,,169,,,,,815,166,1,91,1,1065,2,650,650,Setting/Npc/Ai/CommonActive.ini,,,1,20,2,,,,,,,,,,,,,,,,,,,
KinNest_boss3,657,Cao Thủ Thần Bí,0,1,FubenDeath,,24,,,,,815,23,1,91,1,1065,2,650,650,Setting/Npc/Ai/CommonActive.ini,,,1,20,2,,,,,,,,,,,,,,,,,,,
DungeonSoldier_1,1307,Cổ Độc Hạt,0,1,FubenDeath,,109,200,300,,,401,21,1,105,1,,,1500,1500,Setting/Npc/Ai/fuben/DungeonSoldier1.ini,,,1,12,1,,,,,,,,,,,,,,,,,,,
DungeonSoldier_2,1308,Cổ Độc Thù,0,1,FubenDeath,,112,200,300,,,401,21,1,105,1,,,1500,1500,Setting/Npc/Ai/fuben/DungeonSoldier2.ini,,,1,15,1,,,,,,,,,1,,,,,,,,,,
DungeonSoldier_3,1309,Cổ Độc Phong,0,1,FubenDeath,,1182,200,300,,,401,1689,1,105,1,,,1500,1500,Setting/Npc/Ai/CommonActive.ini,,,1,15,1,,,,,,,,,1,,,,,,,,,,
DungeonLeader_1,664,Thủ Hộ Thần Bí,0,1,FubenDeath,,317,200,300,,,405,90,1,91,1,,,1500,1500,Setting/Npc/Ai/fuben/Boss1.ini,,,1,17,2,,,,,,,,,4,,,,,,,,,,
KinTask_np1,672,Tiểu Hòa Thượng,2,0,KinTaskNpc,673,163,,,,,3,21,1,,,,,3000,3000,,,,,18,,,300,,,,,,,,,,,,,,,,,
KinTask_np2,673,Tiểu Hòa Thượng,0,1,KinTaskFightNpc,,163,,,,,62,21,1,91,1,,,600,600,Setting/Npc/Ai/CommonActive.ini,,,1,18,1,,300,,,,,,,,,,,,,,,,,
yewai_10_1,1748,Lưu Manh,0,1,FieldMapNpc,,170,200,300,,500,611,166,1,200,1,,,600,600,Setting/Npc/Ai/CommonPassive.ini,1,Setting/Npc/DropFile/yewai/yewai_10.tab,1,18,1,,,,,,,1,,,8,,1754,300,,,,,,
yewai_10_2,1749,Đại Đao Mã Tặc,0,1,FieldMapNpc,,106,200,300,,500,611,166,1,200,1,,,600,600,Setting/Npc/Ai/CommonPassive.ini,1,Setting/Npc/DropFile/yewai/yewai_10.tab,1,18,1,,,,,,,1,,,8,,1755,300,,,,,,
yewai_10_3,1750,Quỷ Thích Khách,0,1,FieldMapNpc,,436,200,300,,500,611,166,1,200,1,,,600,600,Setting/Npc/Ai/CommonPassive.ini,1,Setting/Npc/DropFile/yewai/yewai_10.tab,1,18,1,,,,,,,1,,,8,,1756,300,,,,,,
yewai_10_4,1751,Ác Bá,0,1,FieldMapNpc,,173,200,300,,500,611,166,1,200,1,,,600,600,Setting/Npc/Ai/CommonPassive.ini,1,Setting/Npc/DropFile/yewai/yewai_10.tab,1,18,1,,,,,,,1,,,8,,1757,300,,,,,,
yewai_10_5,1752,Đạo Sĩ Vân Du,0,1,FieldMapNpc,,169,200,300,,500,611,166,1,200,1,,,600,600,Setting/Npc/Ai/CommonPassive.ini,1,Setting/Npc/DropFile/yewai/yewai_10.tab,1,18,1,,,,,,,1,,,8,,1758,300,,,,,,
yewai_10_6,1753,Đông Doanh Nữ Thị,0,1,FieldMapNpc,,102,200,300,,500,611,166,1,200,1,,,600,600,Setting/Npc/Ai/CommonPassive.ini,1,Setting/Npc/DropFile/yewai/yewai_10.tab,1,18,1,,,,,,,1,,,8,,1759,300,,,,,,
yewai_jy_10_1,1754,Lưu Manh-Tinh Anh,0,1,FieldMapNpc,,170,200,300,,,612,166,1,91,1,,,600,600,Setting/Npc/Ai/CommonPassive.ini,1,Setting/Npc/DropFile/yewai/yewai_jy_10.tab,1,18,1,,,197,1,,,1,,3,2670,100000,,,,,,,,
yewai_jy_10_2,1755,Đại Đao Mã Tặc-Tinh Anh,0,1,FieldMapNpc,,106,200,300,,,612,166,1,91,1,,,600,600,Setting/Npc/Ai/CommonPassive.ini,1,Setting/Npc/DropFile/yewai/yewai_jy_10.tab,1,18,1,,,197,1,,,1,,3,2670,100000,,,,,,,,
yewai_jy_10_3,1756,Quỷ Thích Khách-Tinh Anh,0,1,FieldMapNpc,,436,200,300,,,612,166,1,91,1,,,600,600,Setting/Npc/Ai/CommonPassive.ini,1,Setting/Npc/DropFile/yewai/yewai_jy_10.tab,1,18,1,,,197,1,,,1,,3,2670,100000,,,,,,,,
yewai_jy_10_4,1757,Ác Bá-Tinh Anh,0,1,FieldMapNpc,,173,200,300,,,612,166,1,91,1,,,600,600,Setting/Npc/Ai/CommonPassive.ini,1,Setting/Npc/DropFile/yewai/yewai_jy_10.tab,1,18,1,,,197,1,,,1,,3,2670,100000,,,,,,,,
yewai_jy_10_5,1758,Đạo Sĩ Vân Du-Tinh Anh,0,1,FieldMapNpc,,169,200,300,,,612,166,1,91,1,,,600,600,Setting/Npc/Ai/CommonPassive.ini,1,Setting/Npc/DropFile/yewai/yewai_jy_10.tab,1,18,1,,,197,1,,,1,,3,2670,100000,,,,,,,,
yewai_jy_10_6,1759,Đông Doanh Nữ Thị-Tinh Anh,0,1,FieldMapNpc,,102,200,300,,,612,166,1,91,1,,,600,600,Setting/Npc/Ai/CommonPassive.ini,1,Setting/Npc/DropFile/yewai/yewai_jy_10.tab,1,18,1,,,197,1,,,1,,3,2670,100000,,,,,,,,
yewai_20_1,1010,Đệ Tử Phi Long Bảo,0,1,FieldMapNpc,,151,200,300,,500,611,166,1,200,1,,,600,600,Setting/Npc/Ai/CommonPassive.ini,1,Setting/Npc/DropFile/yewai/yewai_20_yelang.tab,1,18,1,,,,,,,1,,,8,,1016,300,,,,,,
yewai_20_2,1011,Đệ Tử Dược Vương,0,1,FieldMapNpc,,139,200,300,,500,611,166,1,200,1,,,600,600,Setting/Npc/Ai/CommonPassive.ini,1,Setting/Npc/DropFile/yewai/yewai_20_yelang.tab,1,18,1,,,,,,,1,,,8,,1017,300,,,,,,
yewai_20_3,1012,Đệ Tử Ngũ Sắc,0,1,FieldMapNpc,,124,200,300,,500,611,166,1,200,1,,,600,600,Setting/Npc/Ai/CommonPassive.ini,1,Setting/Npc/DropFile/yewai/yewai_20.tab,1,18,1,,,,,,,1,,,8,,1018,300,,,,,,
yewai_20_4,1013,Lưu Manh,0,1,FieldMapNpc,,170,200,300,,500,611,166,1,200,1,,,600,600,Setting/Npc/Ai/CommonPassive.ini,1,Setting/Npc/DropFile/yewai/yewai_20.tab,1,18,1,,,,,,,1,,,8,,1019,300,,,,,,
yewai_20_5,1014,Nam Cung Gia Thủ Vệ,0,1,FieldMapNpc,,174,200,300,,500,611,166,1,200,1,,,600,600,Setting/Npc/Ai/CommonPassive.ini,1,Setting/Npc/DropFile/yewai/yewai_20.tab,1,18,1,,,,,,,1,,,8,,1020,300,,,,,,
yewai_20_6,1015,Lưu Manh Võ Lâm,0,1,FieldMapNpc,,134,200,300,,500,611,166,1,200,1,,,600,600,Setting/Npc/Ai/CommonPassive.ini,1,Setting/Npc/DropFile/yewai/yewai_20.tab,1,18,1,,,,,,,1,,,8,,1021,300,,,,,,
yewai_jy_20_1,1016,Đệ Tử Phi Long Bảo-Tinh Anh,0,1,FieldMapNpc,,151,200,300,,,612,166,1,91,1,,,600,600,Setting/Npc/Ai/CommonPassive.ini,1,Setting/Npc/DropFile/yewai/yewai_jy_20_yelang.tab,1,18,1,,,197,1,,,1,,3,2670,100000,,,,,,,,
yewai_jy_20_2,1017,Đệ Tử Dược Vương-Tinh Anh,0,1,FieldMapNpc,,139,200,300,,,612,166,1,91,1,,,600,600,Setting/Npc/Ai/CommonPassive.ini,1,Setting/Npc/DropFile/yewai/yewai_jy_20_yelang.tab,1,18,1,,,197,1,,,1,,3,2670,100000,,,,,,,,
yewai_jy_20_3,1018,Đệ Tử Ngũ Sắc-Tinh Anh,0,1,FieldMapNpc,,124,200,300,,,612,166,1,91,1,,,600,600,Setting/Npc/Ai/CommonPassive.ini,1,Setting/Npc/DropFile/yewai/yewai_jy_20.tab,1,18,1,,,197,1,,,1,,3,2670,100000,,,,,,,,
yewai_jy_20_4,1019,Lưu Manh-Tinh Anh,0,1,FieldMapNpc,,170,200,300,,,612,166,1,91,1,,,600,600,Setting/Npc/Ai/CommonPassive.ini,1,Setting/Npc/DropFile/yewai/yewai_jy_20.tab,1,18,1,,,197,1,,,1,,3,2670,100000,,,,,,,,
yewai_jy_20_5,1020,Nam Cung Gia Thủ Vệ-Tinh Anh,0,1,FieldMapNpc,,174,200,300,,,612,166,1,91,1,,,600,600,Setting/Npc/Ai/CommonPassive.ini,1,Setting/Npc/DropFile/yewai/yewai_jy_20.tab,1,18,1,,,197,1,,,1,,3,2670,100000,,,,,,,,
yewai_jy_20_6,1021,Lưu Manh Võ Lâm-Tinh Anh,0,1,FieldMapNpc,,134,200,300,,,612,166,1,91,1,,,600,600,Setting/Npc/Ai/CommonPassive.ini,1,Setting/Npc/DropFile/yewai/yewai_jy_20.tab,1,18,1,,,197,1,,,1,,3,2670,100000,,,,,,,,
yewai_40_1,1022,Nữ Vũ Thị,0,1,FieldMapNpc,,102,200,300,,500,611,166,1,200,1,,,600,600,Setting/Npc/Ai/CommonPassive.ini,1,Setting/Npc/DropFile/yewai/yewai_40.tab,1,18,1,,,,,,,1,,,8,,1028,300,,,,,,
yewai_40_2,1023,Đao Thị Vệ,0,1,FieldMapNpc,,106,200,300,,500,611,166,1,200,1,,,600,600,Setting/Npc/Ai/CommonPassive.ini,1,Setting/Npc/DropFile/yewai/yewai_40.tab,1,18,1,,,,,,,1,,,8,,1029,300,,,,,,
yewai_40_3,1024,Ác Nhân Cốc Cuồng Đồ,0,1,FieldMapNpc,,436,200,300,,500,611,166,1,200,1,,,600,600,Setting/Npc/Ai/CommonPassive.ini,1,Setting/Npc/DropFile/yewai/yewai_40.tab,1,18,1,,,,,,,1,,,8,,1030,300,,,,,,
yewai_40_4,1025,Đạo Chích,0,1,FieldMapNpc,,170,200,300,,500,611,166,1,200,1,,,600,600,Setting/Npc/Ai/CommonPassive.ini,1,Setting/Npc/DropFile/yewai/yewai_40.tab,1,18,1,,,,,,,1,,,8,,1031,300,,,,,,
yewai_40_5,1026,Mao Sơn Đạo Sĩ,0,1,FieldMapNpc,,169,200,300,,500,611,166,1,200,1,,,600,600,Setting/Npc/Ai/CommonPassive.ini,1,Setting/Npc/DropFile/yewai/yewai_40.tab,1,18,1,,,,,,,1,,,8,,1032,300,,,,,,
yewai_40_6,1027,Lục Lâm,0,1,FieldMapNpc,,173,200,300,,500,611,166,1,200,1,,,600,600,Setting/Npc/Ai/CommonPassive.ini,1,Setting/Npc/DropFile/yewai/yewai_40.tab,1,18,1,,,,,,,1,,,8,,1033,300,,,,,,
yewai_jy_40_1,1028,Nữ Vũ Thị-Tinh Anh,0,1,FieldMapNpc,,102,200,300,,,612,166,1,91,1,,,600,600,Setting/Npc/Ai/CommonPassive.ini,1,Setting/Npc/DropFile/yewai/yewai_jy_40.tab,1,18,1,,,197,1,,,1,,3,2670,100000,,,,,,,,
yewai_jy_40_2,1029,Đao Thị Vệ-Tinh Anh,0,1,FieldMapNpc,,106,200,300,,,612,166,1,91,1,,,600,600,Setting/Npc/Ai/CommonPassive.ini,1,Setting/Npc/DropFile/yewai/yewai_jy_40.tab,1,18,1,,,197,1,,,1,,3,2670,100000,,,,,,,,
yewai_jy_40_3,1030,Ác Nhân Cốc Cuồng Đồ-Tinh Anh,0,1,FieldMapNpc,,436,200,300,,,612,166,1,91,1,,,600,600,Setting/Npc/Ai/CommonPassive.ini,1,Setting/Npc/DropFile/yewai/yewai_jy_40.tab,1,18,1,,,197,1,,,1,,3,2670,100000,,,,,,,,
yewai_jy_40_4,1031,Đạo Chích-Tinh Anh,0,1,FieldMapNpc,,170,200,300,,,612,166,1,91,1,,,600,600,Setting/Npc/Ai/CommonPassive.ini,1,Setting/Npc/DropFile/yewai/yewai_jy_40.tab,1,18,1,,,197,1,,,1,,3,2670,100000,,,,,,,,
yewai_jy_40_5,1032,Mao Sơn Đạo Sĩ-Tinh Anh,0,1,FieldMapNpc,,169,200,300,,,612,166,1,91,1,,,600,600,Setting/Npc/Ai/CommonPassive.ini,1,Setting/Npc/DropFile/yewai/yewai_jy_40.tab,1,18,1,,,197,1,,,1,,3,2670,100000,,,,,,,,
yewai_jy_40_6,1033,Lục Lâm-Tinh Anh,0,1,FieldMapNpc,,173,200,300,,,612,166,1,91,1,,,600,600,Setting/Npc/Ai/CommonPassive.ini,1,Setting/Npc/DropFile/yewai/yewai_jy_40.tab,1,18,1,,,197,1,,,1,,3,2670,100000,,,,,,,,
yewai_40_pk_1,1222,Ác Nhân Cốc Đồ Phu,0,1,FieldMapNpc,,171,200,300,,600,611,166,1,200,1,,,600,600,Setting/Npc/Ai/CommonPassive.ini,1,Setting/Npc/DropFile/yewai/yewai_20_yelang.tab,1,18,1,,,,,,,1,,,8,,1224,300,,,,,,
yewai_40_pk_1_sj,5766,Ác Nhân Cốc Đồ Phu,0,1,FieldMapNpc,,171,200,300,,600,611,166,1,200,1,,,600,600,Setting/Npc/Ai/CommonPassive.ini,1,Setting/Npc/DropFile/yewai/yewai_saiji.tab,1,18,1,,,,,,,1,,,9,,5768,300,,,,,,
yewai_40_pk_2,1223,Tinh Nhuệ Sĩ Binh,0,1,FieldMapNpc,,150,200,300,,600,611,166,1,200,1,,,600,600,Setting/Npc/Ai/CommonPassive.ini,1,Setting/Npc/DropFile/yewai/yewai_20_yelang.tab,1,18,1,,,,,,,1,,,8,,1230,300,,,,,,
yewai_40_pk_2_sj,5767,Tinh Nhuệ Sĩ Binh,0,1,FieldMapNpc,,150,200,300,,600,611,166,1,200,1,,,600,600,Setting/Npc/Ai/CommonPassive.ini,1,Setting/Npc/DropFile/yewai/yewai_saiji.tab,1,18,1,,,,,,,1,,,9,,5769,300,,,,,,
yewai_jy_40_pk_1,1224,Ác Nhân Cốc Đồ Phu-Tinh Anh,0,1,FieldMapNpc,,171,200,300,,,612,166,1,91,1,,,600,600,Setting/Npc/Ai/CommonPassive.ini,1,Setting/Npc/DropFile/yewai/yewai_jy_20_yelang.tab,1,18,1,,,197,1,,,1,,3,2670,100000,,,,,,,,
yewai_jy_40_pk_1_sj,5768,Ác Nhân Cốc Đồ Phu-Tinh Anh,0,1,FieldMapNpc,,171,200,300,,,612,166,1,91,1,,,600,600,Setting/Npc/Ai/CommonPassive.ini,1,Setting/Npc/DropFile/yewai/yewai_jy_saiji.tab,1,18,1,,,197,1,,,1,,3,2937,100000,,,,,,,,
yewai_jy_40_pk_2,1230,Tinh Nhuệ Sĩ Binh-Tinh Anh,0,1,FieldMapNpc,,150,200,300,,,612,166,1,91,1,,,600,600,Setting/Npc/Ai/CommonPassive.ini,1,Setting/Npc/DropFile/yewai/yewai_jy_20_yelang.tab,1,18,1,,,197,1,,,1,,3,2670,100000,,,,,,,,
yewai_jy_40_pk_2_sj,5769,Tinh Nhuệ Sĩ Binh-Tinh Anh,0,1,FieldMapNpc,,150,200,300,,,612,166,1,91,1,,,600,600,Setting/Npc/Ai/CommonPassive.ini,1,Setting/Npc/DropFile/yewai/yewai_jy_saiji.tab,1,18,1,,,197,1,,,1,,3,2937,100000,,,,,,,,
yewai_50_pk_1,1760,Võ Lâm Ác Đồ,0,1,FieldMapNpc,,171,200,300,,600,611,166,1,200,1,,,600,600,Setting/Npc/Ai/CommonPassive.ini,1,Setting/Npc/DropFile/yewai/yewai_50.tab,1,18,1,,,,,,,1,,,8,,1762,300,,,,,,
yewai_50_pk_1_sj,5887,Võ Lâm Ác Đồ,0,1,FieldMapNpc,,171,200,300,,600,611,166,1,200,1,,,600,600,Setting/Npc/Ai/CommonPassive.ini,1,Setting/Npc/DropFile/yewai/yewai_saiji.tab,1,18,1,,,,,,,1,,,9,,5889,300,,,,,,
yewai_50_pk_2,1761,Cấm Binh,0,1,FieldMapNpc,,150,200,300,,600,611,166,1,200,1,,,600,600,Setting/Npc/Ai/CommonPassive.ini,1,Setting/Npc/DropFile/yewai/yewai_50.tab,1,18,1,,,,,,,1,,,8,,1763,300,,,,,,
yewai_50_pk_2_sj,5888,Cấm Binh,0,1,FieldMapNpc,,150,200,300,,600,611,166,1,200,1,,,600,600,Setting/Npc/Ai/CommonPassive.ini,1,Setting/Npc/DropFile/yewai/yewai_saiji.tab,1,18,1,,,,,,,1,,,9,,5890,300,,,,,,
yewai_jy_50_pk_1,1762,Võ Lâm Ác Đồ-Tinh Anh,0,1,FieldMapNpc,,171,200,300,,,612,166,1,91,1,,,600,600,Setting/Npc/Ai/CommonPassive.ini,1,Setting/Npc/DropFile/yewai/yewai_jy_40.tab,1,18,1,,,197,1,,,1,,3,2670,100000,,,,,,,,
yewai_jy_50_pk_1_sj,5889,Võ Lâm Ác Đồ-Tinh Anh,0,1,FieldMapNpc,,171,200,300,,,612,166,1,91,1,,,600,600,Setting/Npc/Ai/CommonPassive.ini,1,Setting/Npc/DropFile/yewai/yewai_jy_saiji.tab,1,18,1,,,197,1,,,1,,3,2937,100000,,,,,,,,
yewai_jy_50_pk_2,1763,Cấm Binh-Tinh Anh,0,1,FieldMapNpc,,150,200,300,,,612,166,1,91,1,,,600,600,Setting/Npc/Ai/CommonPassive.ini,1,Setting/Npc/DropFile/yewai/yewai_jy_40.tab,1,18,1,,,197,1,,,1,,3,2670,100000,,,,,,,,
yewai_jy_50_pk_2_sj,5890,Cấm Binh-Tinh Anh,0,1,FieldMapNpc,,150,200,300,,,612,166,1,91,1,,,600,600,Setting/Npc/Ai/CommonPassive.ini,1,Setting/Npc/DropFile/yewai/yewai_jy_saiji.tab,1,18,1,,,197,1,,,1,,3,2937,100000,,,,,,,,
yewai_60_1,1034,Tống Binh,0,1,FieldMapNpc,,151,200,300,,500,611,166,1,200,1,,,600,600,Setting/Npc/Ai/CommonPassive.ini,1,Setting/Npc/DropFile/yewai/yewai_60.tab,1,18,1,,,,,,,1,,,8,,1040,300,,,,,,
yewai_60_2,1035,Hái Thuốc,0,1,FieldMapNpc,,139,200,300,,500,611,166,1,200,1,,,600,600,Setting/Npc/Ai/CommonPassive.ini,1,Setting/Npc/DropFile/yewai/yewai_60.tab,1,18,1,,,,,,,1,,,8,,1041,300,,,,,,
yewai_60_3,1036,Thích Khách Thần Bí,0,1,FieldMapNpc,,124,200,300,,500,611,166,1,200,1,,,600,600,Setting/Npc/Ai/CommonPassive.ini,1,Setting/Npc/DropFile/yewai/yewai_60.tab,1,18,1,,,,,,,1,,,8,,1042,300,,,,,,
yewai_60_4,1037,Đạo Tặc,0,1,FieldMapNpc,,170,200,300,,500,611,166,1,200,1,,,600,600,Setting/Npc/Ai/CommonPassive.ini,1,Setting/Npc/DropFile/yewai/yewai_60.tab,1,18,1,,,,,,,1,,,8,,1043,300,,,,,,
yewai_60_5,1038,Thích Khách Bịt Mặt,0,1,FieldMapNpc,,174,200,300,,500,611,166,1,200,1,,,600,600,Setting/Npc/Ai/CommonPassive.ini,1,Setting/Npc/DropFile/yewai/yewai_60.tab,1,18,1,,,,,,,1,,,8,,1044,300,,,,,,
yewai_60_6,1039,Đệ Tử Vô Ưu Giáo,0,1,FieldMapNpc,,134,200,300,,500,611,166,1,200,1,,,600,600,Setting/Npc/Ai/CommonPassive.ini,1,Setting/Npc/DropFile/yewai/yewai_60.tab,1,18,1,,,,,,,1,,,8,,1045,300,,,,,,
yewai_jy_60_1,1040,Tống Binh-Tinh Anh,0,1,FieldMapNpc,,151,200,300,,,612,166,1,91,1,,,600,600,Setting/Npc/Ai/CommonPassive.ini,1,Setting/Npc/DropFile/yewai/yewai_jy_60.tab,1,18,1,,,197,1,,,1,,3,2670,100000,,,,,,,,
yewai_jy_60_2,1041,Hái Thuốc-Tinh Anh,0,1,FieldMapNpc,,139,200,300,,,612,166,1,91,1,,,600,600,Setting/Npc/Ai/CommonPassive.ini,1,Setting/Npc/DropFile/yewai/yewai_jy_60.tab,1,18,1,,,197,1,,,1,,3,2670,100000,,,,,,,,
yewai_jy_60_3,1042,Thích Khách Thần Bí-Tinh Anh,0,1,FieldMapNpc,,124,200,300,,,612,166,1,91,1,,,600,600,Setting/Npc/Ai/CommonPassive.ini,1,Setting/Npc/DropFile/yewai/yewai_jy_60.tab,1,18,1,,,197,1,,,1,,3,2670,100000,,,,,,,,
yewai_jy_60_4,1043,Đạo Tặc-Tinh Anh,0,1,FieldMapNpc,,170,200,300,,,612,166,1,91,1,,,600,600,Setting/Npc/Ai/CommonPassive.ini,1,Setting/Npc/DropFile/yewai/yewai_jy_60.tab,1,18,1,,,197,1,,,1,,3,2670,100000,,,,,,,,
yewai_jy_60_5,1044,Thích Khách Bịt Mặt-Tinh Anh,0,1,FieldMapNpc,,174,200,300,,,612,166,1,91,1,,,600,600,Setting/Npc/Ai/CommonPassive.ini,1,Setting/Npc/DropFile/yewai/yewai_jy_60.tab,1,18,1,,,197,1,,,1,,3,2670,100000,,,,,,,,
yewai_jy_60_6,1045,Vô Ưu Giáo Đệ Tử-Tinh Anh,0,1,FieldMapNpc,,134,200,300,,,612,166,1,91,1,,,600,600,Setting/Npc/Ai/CommonPassive.ini,1,Setting/Npc/DropFile/yewai/yewai_jy_60.tab,1,18,1,,,197,1,,,1,,3,2670,100000,,,,,,,,
yewai_70_pk_1,1851,Cường Đạo,0,1,FieldMapNpc,,171,200,300,,600,611,166,1,200,1,,,600,600,Setting/Npc/Ai/CommonPassive.ini,1,Setting/Npc/DropFile/yewai/yewai_70.tab,1,18,1,,,,,,,1,,,8,,1853,300,,,,,,
yewai_70_pk_1_sj,5973,Cường Đạo,0,1,FieldMapNpc,,171,200,300,,600,611,166,1,200,1,,,600,600,Setting/Npc/Ai/CommonPassive.ini,1,Setting/Npc/DropFile/yewai/yewai_saiji.tab,1,18,1,,,,,,,1,,,9,,5975,300,,,,,,
yewai_70_pk_2,1852,Binh Bĩ,0,1,FieldMapNpc,,150,200,300,,600,611,166,1,200,1,,,600,600,Setting/Npc/Ai/CommonPassive.ini,1,Setting/Npc/DropFile/yewai/yewai_70.tab,1,18,1,,,,,,,1,,,8,,1854,300,,,,,,
yewai_70_pk_2_sj,5974,Binh Bĩ,0,1,FieldMapNpc,,150,200,300,,600,611,166,1,200,1,,,600,600,Setting/Npc/Ai/CommonPassive.ini,1,Setting/Npc/DropFile/yewai/yewai_saiji.tab,1,18,1,,,,,,,1,,,9,,5976,300,,,,,,
yewai_jy_70_pk_1,1853,Cường Đạo-Tinh Anh,0,1,FieldMapNpc,,171,200,300,,,612,166,1,91,1,,,600,600,Setting/Npc/Ai/CommonPassive.ini,1,Setting/Npc/DropFile/yewai/yewai_jy_60.tab,1,18,1,,,197,1,,,1,,3,2670,100000,,,,,,,,
yewai_jy_70_pk_1_sj,5975,Cường Đạo-Tinh Anh,0,1,FieldMapNpc,,171,200,300,,,612,166,1,91,1,,,600,600,Setting/Npc/Ai/CommonPassive.ini,1,Setting/Npc/DropFile/yewai/yewai_jy_saiji.tab,1,18,1,,,197,1,,,1,,3,2937,100000,,,,,,,,
yewai_jy_70_pk_2,1854,Binh Bĩ-Tinh Anh,0,1,FieldMapNpc,,150,200,300,,,612,166,1,91,1,,,600,600,Setting/Npc/Ai/CommonPassive.ini,1,Setting/Npc/DropFile/yewai/yewai_jy_60.tab,1,18,1,,,197,1,,,1,,3,2670,100000,,,,,,,,
yewai_jy_70_pk_2_sj,5976,Binh Bĩ-Tinh Anh,0,1,FieldMapNpc,,150,200,300,,,612,166,1,91,1,,,600,600,Setting/Npc/Ai/CommonPassive.ini,1,Setting/Npc/DropFile/yewai/yewai_jy_saiji.tab,1,18,1,,,197,1,,,1,,3,2937,100000,,,,,,,,
yewai_80_1,1855,Địa Bì,0,1,FieldMapNpc,,170,200,300,,500,611,166,1,200,1,,,600,600,Setting/Npc/Ai/CommonPassive.ini,1,Setting/Npc/DropFile/yewai/yewai_80_saiji.tab,1,18,1,,,,,,,1,,,8,,1861,300,,,,,,
yewai_80_2,1856,Phong Lâm Vệ,0,1,FieldMapNpc,,106,200,300,,500,611,166,1,200,1,,,600,600,Setting/Npc/Ai/CommonPassive.ini,1,Setting/Npc/DropFile/yewai/yewai_80_saiji.tab,1,18,1,,,,,,,1,,,8,,1862,300,,,,,,
yewai_80_3,1857,Quỷ Diện Thị Vệ,0,1,FieldMapNpc,,436,200,300,,500,611,166,1,200,1,,,600,600,Setting/Npc/Ai/CommonPassive.ini,1,Setting/Npc/DropFile/yewai/yewai_80.tab,1,18,1,,,,,,,1,,,8,,1863,300,,,,,,
yewai_80_4,1858,Lưu Manh Phố Chợ,0,1,FieldMapNpc,,173,200,300,,500,611,166,1,200,1,,,600,600,Setting/Npc/Ai/CommonPassive.ini,1,Setting/Npc/DropFile/yewai/yewai_80.tab,1,18,1,,,,,,,1,,,8,,1864,300,,,,,,
yewai_80_5,1859,Vô Lại Phố Chợ,0,1,FieldMapNpc,,169,200,300,,500,611,166,1,200,1,,,600,600,Setting/Npc/Ai/CommonPassive.ini,1,Setting/Npc/DropFile/yewai/yewai_80.tab,1,18,1,,,,,,,1,,,8,,1865,300,,,,,,
yewai_80_6,1860,Đông Doanh Ca Kỹ,0,1,FieldMapNpc,,102,200,300,,500,611,166,1,200,1,,,600,600,Setting/Npc/Ai/CommonPassive.ini,1,Setting/Npc/DropFile/yewai/yewai_80.tab,1,18,1,,,,,,,1,,,8,,1866,300,,,,,,
yewai_jy_80_1,1861,Địa Bì-Tinh Anh,0,1,FieldMapNpc,,170,200,300,,,612,166,1,91,1,,,600,600,Setting/Npc/Ai/CommonPassive.ini,1,Setting/Npc/DropFile/yewai/yewai_jy_80_saiji.tab,1,18,1,,,197,1,,,1,,3,2670,100000,,,,,,,,
yewai_jy_80_2,1862,Phong Lâm Vệ-Tinh Anh,0,1,FieldMapNpc,,106,200,300,,,612,166,1,91,1,,,600,600,Setting/Npc/Ai/CommonPassive.ini,1,Setting/Npc/DropFile/yewai/yewai_jy_80_saiji.tab,1,18,1,,,197,1,,,1,,3,2670,100000,,,,,,,,
yewai_jy_80_3,1863,Quỷ Diện Thị Vệ-Tinh Anh,0,1,FieldMapNpc,,436,200,300,,,612,166,1,91,1,,,600,600,Setting/Npc/Ai/CommonPassive.ini,1,Setting/Npc/DropFile/yewai/yewai_jy_80.tab,1,18,1,,,197,1,,,1,,3,2670,100000,,,,,,,,
yewai_jy_80_4,1864,Lưu Manh Phố Chợ-Tinh Anh,0,1,FieldMapNpc,,173,200,300,,,612,166,1,91,1,,,600,600,Setting/Npc/Ai/CommonPassive.ini,1,Setting/Npc/DropFile/yewai/yewai_jy_80.tab,1,18,1,,,197,1,,,1,,3,2670,100000,,,,,,,,
yewai_jy_80_5,1865,Vô Lại Phố Chợ-Tinh Anh,0,1,FieldMapNpc,,169,200,300,,,612,166,1,91,1,,,600,600,Setting/Npc/Ai/CommonPassive.ini,1,Setting/Npc/DropFile/yewai/yewai_jy_80.tab,1,18,1,,,197,1,,,1,,3,2670,100000,,,,,,,,
yewai_jy_80_6,1866,Đông Doanh Ca Kỹ-Tinh Anh,0,1,FieldMapNpc,,102,200,300,,,612,166,1,91,1,,,600,600,Setting/Npc/Ai/CommonPassive.ini,1,Setting/Npc/DropFile/yewai/yewai_jy_80.tab,1,18,1,,,197,1,,,1,,3,2670,100000,,,,,,,,
yewai_90_pk_1,2047,Man Hùng,0,1,FieldMapNpc,,116,200,300,,600,611,166,1,200,1,,,600,600,Setting/Npc/Ai/CommonPassive.ini,1,Setting/Npc/DropFile/yewai/yewai_90.tab,1,18,1,,,,,,,1,,,8,,2049,300,,,,,,
yewai_90_pk_1_sj,6177,Man Hùng,0,1,FieldMapNpc,,116,200,300,,600,611,166,1,200,1,,,600,600,Setting/Npc/Ai/CommonPassive.ini,1,Setting/Npc/DropFile/yewai/yewai_saiji.tab,1,18,1,,,,,,,1,,,9,,6179,300,,,,,,
yewai_90_pk_2,2048,Người Săn Bắt,0,1,FieldMapNpc,,159,200,300,,600,611,182,1,200,1,,,600,600,Setting/Npc/Ai/CommonPassive.ini,1,Setting/Npc/DropFile/yewai/yewai_90.tab,1,18,1,,,,,,,1,,,8,,2050,300,,,,,,
yewai_90_pk_2_sj,6178,Người Săn Bắt,0,1,FieldMapNpc,,159,200,300,,600,611,182,1,200,1,,,600,600,Setting/Npc/Ai/CommonPassive.ini,1,Setting/Npc/DropFile/yewai/yewai_saiji.tab,1,18,1,,,,,,,1,,,9,,6180,300,,,,,,
yewai_jy_90_pk_1,2049,Man Hùng-Tinh Anh,0,1,FieldMapNpc,,116,200,300,,,612,166,1,91,1,,,600,600,Setting/Npc/Ai/CommonPassive.ini,1,Setting/Npc/DropFile/yewai/yewai_jy_80.tab,1,18,1,,,197,1,,,1,,3,2670,100000,,,,,,,,
yewai_jy_90_pk_1_sj,6179,Man Hùng-Tinh Anh,0,1,FieldMapNpc,,116,200,300,,,612,166,1,91,1,,,600,600,Setting/Npc/Ai/CommonPassive.ini,1,Setting/Npc/DropFile/yewai/yewai_jy_saiji.tab,1,18,1,,,197,1,,,1,,3,2937,100000,,,,,,,,
yewai_jy_90_pk_2,2050,Người Săn Bắt-Tinh Anh,0,1,FieldMapNpc,,159,200,300,,,612,182,1,91,1,,,600,600,Setting/Npc/Ai/CommonPassive.ini,1,Setting/Npc/DropFile/yewai/yewai_jy_80.tab,1,18,1,,,197,1,,,1,,3,2670,100000,,,,,,,,
yewai_jy_90_pk_2_sj,6180,Người Săn Bắt-Tinh Anh,0,1,FieldMapNpc,,159,200,300,,,612,182,1,91,1,,,600,600,Setting/Npc/Ai/CommonPassive.ini,1,Setting/Npc/DropFile/yewai/yewai_jy_saiji.tab,1,18,1,,,197,1,,,1,,3,2937,100000,,,,,,,,
yewai_100_1,2067,Linh Hầu,0,1,FieldMapNpc,,117,200,300,,500,611,166,1,200,1,,,600,600,Setting/Npc/Ai/CommonPassive.ini,1,Setting/Npc/DropFile/yewai/yewai_100.tab,1,18,1,,,,,,,1,,,8,,2073,300,,,,,,
yewai_100_2,2068,Hái Thuốc,0,1,FieldMapNpc,,139,200,300,,500,611,166,1,200,1,,,600,600,Setting/Npc/Ai/CommonPassive.ini,1,Setting/Npc/DropFile/yewai/yewai_100.tab,1,18,1,,,,,,,1,,,8,,2074,300,,,,,,
yewai_100_3,2069,Đại Đạo Tặc,0,1,FieldMapNpc,,174,200,300,,500,611,166,1,200,1,,,600,600,Setting/Npc/Ai/CommonPassive.ini,1,Setting/Npc/DropFile/yewai/yewai_100_saiji.tab,1,18,1,,,,,,,1,,,8,,2075,300,,,,,,
yewai_100_4,2070,Sói Xám,0,1,FieldMapNpc,,115,200,300,,500,611,166,1,200,1,,,600,600,Setting/Npc/Ai/CommonPassive.ini,1,Setting/Npc/DropFile/yewai/yewai_100_saiji.tab,1,18,1,,,,,,,1,,,8,,2076,300,,,,,,
yewai_100_5,2071,Kim Binh,0,1,FieldMapNpc,,1127,200,300,,500,611,166,1,200,1,,,600,600,Setting/Npc/Ai/CommonPassive.ini,1,Setting/Npc/DropFile/yewai/yewai_100.tab,1,18,1,,,,,,,1,,,8,,2077,300,,,,,,
yewai_100_6,2072,Hoa Tặc,0,1,FieldMapNpc,,173,200,300,,500,611,166,1,200,1,,,600,600,Setting/Npc/Ai/CommonPassive.ini,1,Setting/Npc/DropFile/yewai/yewai_100.tab,1,18,1,,,,,,,1,,,8,,2078,300,,,,,,
yewai_jy_100_1,2073,Linh Hầu-Tinh Anh,0,1,FieldMapNpc,,117,200,300,,,612,166,1,91,1,,,600,600,Setting/Npc/Ai/CommonPassive.ini,1,Setting/Npc/DropFile/yewai/yewai_jy_100.tab,1,18,1,,,197,1,,,1,,3,2670,100000,,,,,,,,
yewai_jy_100_2,2074,Hái Thuốc-Tinh Anh,0,1,FieldMapNpc,,139,200,300,,,612,166,1,91,1,,,600,600,Setting/Npc/Ai/CommonPassive.ini,1,Setting/Npc/DropFile/yewai/yewai_jy_100.tab,1,18,1,,,197,1,,,1,,3,2670,100000,,,,,,,,
yewai_jy_100_3,2075,Đại Đạo Tặc-Tinh Anh,0,1,FieldMapNpc,,174,200,300,,,612,166,1,91,1,,,600,600,Setting/Npc/Ai/CommonPassive.ini,1,Setting/Npc/DropFile/yewai/yewai_jy_100_saiji.tab,1,18,1,,,197,1,,,1,,3,2670,100000,,,,,,,,
yewai_jy_100_4,2076,Sói Xám-Tinh Anh,0,1,FieldMapNpc,,115,200,300,,,612,166,1,91,1,,,600,600,Setting/Npc/Ai/CommonPassive.ini,1,Setting/Npc/DropFile/yewai/yewai_jy_100_saiji.tab,1,18,1,,,197,1,,,1,,3,2670,100000,,,,,,,,
yewai_jy_100_5,2077,Kim Binh-Tinh Anh,0,1,FieldMapNpc,,1127,200,300,,,612,166,1,91,1,,,600,600,Setting/Npc/Ai/CommonPassive.ini,1,Setting/Npc/DropFile/yewai/yewai_jy_100.tab,1,18,1,,,197,1,,,1,,3,2670,100000,,,,,,,,
yewai_jy_100_6,2078,Hoa Tặc-Tinh Anh,0,1,FieldMapNpc,,173,200,300,,,612,166,1,91,1,,,600,600,Setting/Npc/Ai/CommonPassive.ini,1,Setting/Npc/DropFile/yewai/yewai_jy_100.tab,1,18,1,,,197,1,,,1,,3,2670,100000,,,,,,,,
yewai_110_pk_1,2414,Tống Quân Tinh Nhuệ,0,1,FieldMapNpc,,151,200,300,,600,611,166,1,200,1,,,600,600,Setting/Npc/Ai/CommonPassive.ini,1,Setting/Npc/DropFile/yewai/yewai_110.tab,1,18,1,,,,,,,1,,,8,,2416,300,,,,,,
yewai_110_pk_1_sj,6335,Tống Quân Tinh Nhuệ,0,1,FieldMapNpc,,151,200,300,,600,611,166,1,200,1,,,600,600,Setting/Npc/Ai/CommonPassive.ini,1,Setting/Npc/DropFile/yewai/yewai_saiji.tab,1,18,1,,,,,,,1,,,9,,6337,300,,,,,,
yewai_110_pk_2,2415,Kim Quân Tinh Nhuệ,0,1,FieldMapNpc,,1127,200,300,,600,611,166,1,200,1,,,600,600,Setting/Npc/Ai/CommonPassive.ini,1,Setting/Npc/DropFile/yewai/yewai_110.tab,1,18,1,,,,,,,1,,,8,,2417,300,,,,,,
yewai_110_pk_2_sj,6336,Kim Quân Tinh Nhuệ,0,1,FieldMapNpc,,1127,200,300,,600,611,166,1,200,1,,,600,600,Setting/Npc/Ai/CommonPassive.ini,1,Setting/Npc/DropFile/yewai/yewai_saiji.tab,1,18,1,,,,,,,1,,,9,,6338,300,,,,,,
yewai_jy_110_pk_1,2416,Tống Quân Tinh Nhuệ-Tinh Anh,0,1,FieldMapNpc,,151,200,300,,,612,166,1,91,1,,,600,600,Setting/Npc/Ai/CommonPassive.ini,1,Setting/Npc/DropFile/yewai/yewai_jy_100.tab,1,18,1,,,197,1,,,1,,3,2670,100000,,,,,,,,
yewai_jy_110_pk_1_sj,6337,Tống Quân Tinh Nhuệ-Tinh Anh,0,1,FieldMapNpc,,151,200,300,,,612,166,1,91,1,,,600,600,Setting/Npc/Ai/CommonPassive.ini,1,Setting/Npc/DropFile/yewai/yewai_jy_saiji.tab,1,18,1,,,197,1,,,1,,3,2937,100000,,,,,,,,
yewai_jy_110_pk_2,2417,Kim Quân Tinh Nhuệ-Tinh Anh,0,1,FieldMapNpc,,1127,200,300,,,612,166,1,91,1,,,600,600,Setting/Npc/Ai/CommonPassive.ini,1,Setting/Npc/DropFile/yewai/yewai_jy_100.tab,1,18,1,,,197,1,,,1,,3,2670,100000,,,,,,,,
yewai_jy_110_pk_2_sj,6338,Kim Quân Tinh Nhuệ-Tinh Anh,0,1,FieldMapNpc,,1127,200,300,,,612,166,1,91,1,,,600,600,Setting/Npc/Ai/CommonPassive.ini,1,Setting/Npc/DropFile/yewai/yewai_jy_saiji.tab,1,18,1,,,197,1,,,1,,3,2937,100000,,,,,,,,
yewai_120_1,2703,Đại Mạc Tặc Phỉ,0,1,FieldMapNpc,,106,200,300,,500,611,166,1,200,1,,,600,600,Setting/Npc/Ai/CommonPassive.ini,1,Setting/Npc/DropFile/yewai/yewai_120.tab,1,18,1,,,,,,,1,,,8,,2707,300,,,,,,
yewai_120_2,2704,Đại Mạc Ác Nhân,0,1,FieldMapNpc,,436,200,300,,500,611,166,1,200,1,,,600,600,Setting/Npc/Ai/CommonPassive.ini,1,Setting/Npc/DropFile/yewai/yewai_120.tab,1,18,1,,,,,,,1,,,8,,2708,300,,,,,,
yewai_120_3,2705,Mạc Kim Hiệu Úy,0,1,FieldMapNpc,,106,200,300,,500,611,166,1,200,1,,,600,600,Setting/Npc/Ai/CommonPassive.ini,1,Setting/Npc/DropFile/yewai/yewai_120.tab,1,18,1,,,,,,,1,,,8,,2709,300,,,,,,
yewai_120_4,2706,Hoàng Lăng Thủ Vệ,0,1,FieldMapNpc,,1127,200,300,,500,611,166,1,200,1,,,600,600,Setting/Npc/Ai/CommonPassive.ini,1,Setting/Npc/DropFile/yewai/yewai_120.tab,1,18,1,,,,,,,1,,,8,,2710,300,,,,,,
yewai_jy_120_1,2707,Đại Mạc Tặc Phỉ-Tinh Anh,0,1,FieldMapNpc,,106,200,300,,,612,166,1,91,1,,,600,600,Setting/Npc/Ai/CommonPassive.ini,1,Setting/Npc/DropFile/yewai/yewai_jy_120.tab,1,18,1,,,197,1,,,1,,3,2670,100000,,,,,,,,
yewai_jy_120_2,2708,Đại Mạc Ác Nhân-Tinh Anh,0,1,FieldMapNpc,,436,200,300,,,612,166,1,91,1,,,600,600,Setting/Npc/Ai/CommonPassive.ini,1,Setting/Npc/DropFile/yewai/yewai_jy_120.tab,1,18,1,,,197,1,,,1,,3,2670,100000,,,,,,,,
yewai_jy_120_3,2709,Mạc Kim Hiệu Úy-Tinh Anh,0,1,FieldMapNpc,,106,200,300,,,612,166,1,91,1,,,600,600,Setting/Npc/Ai/CommonPassive.ini,1,Setting/Npc/DropFile/yewai/yewai_jy_120.tab,1,18,1,,,197,1,,,1,,3,2670,100000,,,,,,,,
yewai_jy_120_4,2710,Hoàng Lăng Thủ Vệ-Tinh Anh,0,1,FieldMapNpc,,1127,200,300,,,612,166,1,91,1,,,600,600,Setting/Npc/Ai/CommonPassive.ini,1,Setting/Npc/DropFile/yewai/yewai_jy_120.tab,1,18,1,,,197,1,,,1,,3,2670,100000,,,,,,,,
yewai_130_pk_1,2904,Hoang Mạc Ngạ Lang,0,1,FieldMapNpc,,115,200,300,,600,611,166,1,200,1,,,600,600,Setting/Npc/Ai/CommonPassive.ini,1,Setting/Npc/DropFile/yewai/yewai_130.tab,1,18,1,,,,,,,1,,,8,,2906,300,,,,,,
yewai_130_pk_2,2905,Hoang Mạc Hãn Phỉ,0,1,FieldMapNpc,,436,200,300,,600,611,166,1,200,1,,,600,600,Setting/Npc/Ai/CommonPassive.ini,1,Setting/Npc/DropFile/yewai/yewai_130.tab,1,18,1,,,,,,,1,,,8,,2907,300,,,,,,
yewai_jy_130_pk_1,2906,Hoang Mạc Ngạ Lang-Tinh Anh,0,1,FieldMapNpc,,115,200,300,,,612,166,1,91,1,,,600,600,Setting/Npc/Ai/CommonPassive.ini,1,Setting/Npc/DropFile/yewai/yewai_jy_130.tab,1,18,1,,,197,1,,,1,,3,2670,100000,,,,,,,,
yewai_jy_130_pk_2,2907,Hoang Mạc Hãn Phỉ-Tinh Anh,0,1,FieldMapNpc,,436,200,300,,,612,166,1,91,1,,,600,600,Setting/Npc/Ai/CommonPassive.ini,1,Setting/Npc/DropFile/yewai/yewai_jy_130.tab,1,18,1,,,197,1,,,1,,3,2670,100000,,,,,,,,
yewai_140_1,3320,Đông Doanh Ca Kỹ,0,1,FieldMapNpc,,102,200,300,,500,611,166,1,200,1,,,600,600,Setting/Npc/Ai/CommonPassive.ini,1,Setting/Npc/DropFile/yewai/yewai_140.tab,1,18,1,,,,,,,1,,,8,,3324,300,,,,,,
yewai_140_2,3321,Hái Thuốc,0,1,FieldMapNpc,,139,200,300,,500,611,166,1,200,1,,,600,600,Setting/Npc/Ai/CommonPassive.ini,1,Setting/Npc/DropFile/yewai/yewai_140.tab,1,18,1,,,,,,,1,,,8,,3325,300,,,,,,
yewai_140_3,3322,Man Hùng,0,1,FieldMapNpc,,116,200,300,,500,611,166,1,200,1,,,600,600,Setting/Npc/Ai/CommonPassive.ini,1,Setting/Npc/DropFile/yewai/yewai_140.tab,1,18,1,,,,,,,1,,,8,,3326,300,,,,,,
yewai_140_4,3323,Người Săn Bắt,0,1,FieldMapNpc,,159,200,300,,500,611,166,1,200,1,,,600,600,Setting/Npc/Ai/CommonPassive.ini,1,Setting/Npc/DropFile/yewai/yewai_140.tab,1,18,1,,,,,,,1,,,8,,3327,300,,,,,,
yewai_jy_140_1,3324,Đông Doanh Ca Kỹ-Tinh Anh,0,1,FieldMapNpc,,102,200,300,,,612,166,1,91,1,,,600,600,Setting/Npc/Ai/CommonPassive.ini,1,Setting/Npc/DropFile/yewai/yewai_jy_140.tab,1,18,1,,,197,1,,,1,,3,2670,100000,,,,,,,,
yewai_jy_140_2,3325,Hái Thuốc-Tinh Anh,0,1,FieldMapNpc,,139,200,300,,,612,166,1,91,1,,,600,600,Setting/Npc/Ai/CommonPassive.ini,1,Setting/Npc/DropFile/yewai/yewai_jy_140.tab,1,18,1,,,197,1,,,1,,3,2670,100000,,,,,,,,
yewai_jy_140_3,3326,Man Hùng-Tinh Anh,0,1,FieldMapNpc,,116,200,300,,,612,166,1,91,1,,,600,600,Setting/Npc/Ai/CommonPassive.ini,1,Setting/Npc/DropFile/yewai/yewai_jy_140.tab,1,18,1,,,197,1,,,1,,3,2670,100000,,,,,,,,
yewai_jy_140_4,3327,Người Săn Bắt-Tinh Anh,0,1,FieldMapNpc,,159,200,300,,,612,166,1,91,1,,,600,600,Setting/Npc/Ai/CommonPassive.ini,1,Setting/Npc/DropFile/yewai/yewai_jy_140.tab,1,18,1,,,197,1,,,1,,3,2670,100000,,,,,,,,
yewai_150_pk_1,3449,Tống Quân Tinh Nhuệ,0,1,FieldMapNpc,,151,200,300,,600,611,166,1,200,1,,,600,600,Setting/Npc/Ai/CommonPassive.ini,1,Setting/Npc/DropFile/yewai/yewai_150.tab,1,18,1,,,,,,,1,,,8,,3451,300,,,,,,
yewai_150_pk_2,3450,Kim Quân Tinh Nhuệ,0,1,FieldMapNpc,,1127,200,300,,600,611,166,1,200,1,,,600,600,Setting/Npc/Ai/CommonPassive.ini,1,Setting/Npc/DropFile/yewai/yewai_150.tab,1,18,1,,,,,,,1,,,8,,3452,300,,,,,,
yewai_jy_150_pk_1,3451,Tống Quân Tinh Nhuệ-Tinh Anh,0,1,FieldMapNpc,,151,200,300,,,612,166,1,91,1,,,600,600,Setting/Npc/Ai/CommonPassive.ini,1,Setting/Npc/DropFile/yewai/yewai_jy_150.tab,1,18,1,,,197,1,,,1,,3,2670,100000,,,,,,,,
yewai_jy_150_pk_2,3452,Kim Quân Tinh Nhuệ-Tinh Anh,0,1,FieldMapNpc,,1127,200,300,,,612,166,1,91,1,,,600,600,Setting/Npc/Ai/CommonPassive.ini,1,Setting/Npc/DropFile/yewai/yewai_jy_150.tab,1,18,1,,,197,1,,,1,,3,2670,100000,,,,,,,,
yewai_160_1,3735,Điền Biên Ác Phỉ,0,1,FieldMapNpc,,436,200,300,,500,611,166,1,200,1,,,600,600,Setting/Npc/Ai/CommonPassive.ini,1,Setting/Npc/DropFile/yewai/yewai_160.tab,1,18,1,,,,,,,1,,,8,,3739,300,,,,,,
yewai_160_2,3736,Hái Thuốc,0,1,FieldMapNpc,,139,200,300,,500,611,166,1,200,1,,,600,600,Setting/Npc/Ai/CommonPassive.ini,1,Setting/Npc/DropFile/yewai/yewai_160.tab,1,18,1,,,,,,,1,,,8,,3740,300,,,,,,
yewai_160_3,3737,Thủy Tặc Bịt Mặt,0,1,FieldMapNpc,,174,200,300,,500,611,166,1,200,1,,,600,600,Setting/Npc/Ai/CommonPassive.ini,1,Setting/Npc/DropFile/yewai/yewai_160.tab,1,18,1,,,,,,,1,,,8,,3741,300,,,,,,
yewai_160_4,3738,Giang Nam Thị Nữ,0,1,FieldMapNpc,,102,200,300,,500,611,166,1,200,1,,,600,600,Setting/Npc/Ai/CommonPassive.ini,1,Setting/Npc/DropFile/yewai/yewai_160.tab,1,18,1,,,,,,,1,,,8,,3742,300,,,,,,
yewai_jy_160_1,3739,Điền Biên Ác Phỉ-Tinh Anh,0,1,FieldMapNpc,,436,200,300,,,612,166,1,91,1,,,600,600,Setting/Npc/Ai/CommonPassive.ini,1,Setting/Npc/DropFile/yewai/yewai_jy_160.tab,1,18,1,,,197,1,,,1,,3,2670,100000,,,,,,,,
yewai_jy_160_2,3740,Hái Thuốc-Tinh Anh,0,1,FieldMapNpc,,139,200,300,,,612,166,1,91,1,,,600,600,Setting/Npc/Ai/CommonPassive.ini,1,Setting/Npc/DropFile/yewai/yewai_jy_160.tab,1,18,1,,,197,1,,,1,,3,2670,100000,,,,,,,,
yewai_jy_160_3,3741,Thủy Tặc Bịt Mặt-Tinh Anh,0,1,FieldMapNpc,,174,200,300,,,612,166,1,91,1,,,600,600,Setting/Npc/Ai/CommonPassive.ini,1,Setting/Npc/DropFile/yewai/yewai_jy_160.tab,1,18,1,,,197,1,,,1,,3,2670,100000,,,,,,,,
yewai_jy_160_4,3742,Giang Nam Thị Nữ-Tinh Anh,0,1,FieldMapNpc,,102,200,300,,,612,166,1,91,1,,,600,600,Setting/Npc/Ai/CommonPassive.ini,1,Setting/Npc/DropFile/yewai/yewai_jy_160.tab,1,18,1,,,197,1,,,1,,3,2670,100000,,,,,,,,
yewai_180_1,3800,Mạc Bắc Thương Lang,0,1,FieldMapNpc,,115,200,300,,500,611,166,1,200,1,,,600,600,Setting/Npc/Ai/CommonPassive.ini,1,Setting/Npc/DropFile/yewai/yewai_180.tab,1,18,1,,,,,,,1,,,8,,3804,300,,,,,,
yewai_180_2,3801,Mạc Bắc Ác Phỉ,0,1,FieldMapNpc,,436,200,300,,500,611,166,1,200,1,,,600,600,Setting/Npc/Ai/CommonPassive.ini,1,Setting/Npc/DropFile/yewai/yewai_180.tab,1,18,1,,,,,,,1,,,8,,3805,300,,,,,,
yewai_180_3,3802,Sóc Bắc Dược Nông,0,1,FieldMapNpc,,139,200,300,,500,611,166,1,200,1,,,600,600,Setting/Npc/Ai/CommonPassive.ini,1,Setting/Npc/DropFile/yewai/yewai_180.tab,1,18,1,,,,,,,1,,,8,,3806,300,,,,,,
yewai_180_4,3803,Thợ Săn Cực Địa,0,1,FieldMapNpc,,159,200,300,,500,611,166,1,200,1,,,600,600,Setting/Npc/Ai/CommonPassive.ini,1,Setting/Npc/DropFile/yewai/yewai_180.tab,1,18,1,,,,,,,1,,,8,,3807,300,,,,,,
yewai_jy_180_1,3804,Mạc Bắc Thương Lang-Tinh Anh,0,1,FieldMapNpc,,115,200,300,,,612,166,1,91,1,,,600,600,Setting/Npc/Ai/CommonPassive.ini,1,Setting/Npc/DropFile/yewai/yewai_jy_180.tab,1,18,1,,,197,1,,,1,,3,2670,100000,,,,,,,,
yewai_jy_180_2,3805,Mạc Bắc Ác Phỉ-Tinh Anh,0,1,FieldMapNpc,,436,200,300,,,612,166,1,91,1,,,600,600,Setting/Npc/Ai/CommonPassive.ini,1,Setting/Npc/DropFile/yewai/yewai_jy_180.tab,1,18,1,,,197,1,,,1,,3,2670,100000,,,,,,,,
yewai_jy_180_3,3806,Sóc Bắc Dược Nông-Tinh Anh,0,1,FieldMapNpc,,139,200,300,,,612,166,1,91,1,,,600,600,Setting/Npc/Ai/CommonPassive.ini,1,Setting/Npc/DropFile/yewai/yewai_jy_180.tab,1,18,1,,,197,1,,,1,,3,2670,100000,,,,,,,,
yewai_jy_180_4,3807,Thợ Săn Cực Địa-Tinh Anh,0,1,FieldMapNpc,,159,200,300,,,612,166,1,91,1,,,600,600,Setting/Npc/Ai/CommonPassive.ini,1,Setting/Npc/DropFile/yewai/yewai_jy_180.tab,1,18,1,,,197,1,,,1,,3,2670,100000,,,,,,,,
yewai_200_1,3840,Tiên Đảo Dược Đồng,0,1,FieldMapNpc,,139,200,300,,500,611,166,1,200,1,,,600,600,Setting/Npc/Ai/CommonPassive.ini,1,Setting/Npc/DropFile/yewai/yewai_200.tab,1,18,1,,,,,,,1,,,8,,3842,300,,,,,,
yewai_200_2,3841,Vân Du Đạo Nhân,0,1,FieldMapNpc,,169,200,300,,500,611,166,1,200,1,,,600,600,Setting/Npc/Ai/CommonPassive.ini,1,Setting/Npc/DropFile/yewai/yewai_200.tab,1,18,1,,,,,,,1,,,8,,3843,300,,,,,,
dongtian_xiaoguai,6069,Động Thiên Đạo Nhân ,0,1,FieldMapNpc,,169,200,300,,600,611,166,1,200,1,,,600,600,Setting/Npc/Ai/CommonPassive.ini,1,Setting/Npc/DropFile/yewai/yewai_dongtianxiaoguai.tab,1,18,1,,,,,,,1,,,9,,6070,300,,,,,,
yewai_jy_200_1,3842,Tiên Đảo Dược Đồng-Tinh Anh,0,1,FieldMapNpc,,139,200,300,,,612,166,1,91,1,,,600,600,Setting/Npc/Ai/CommonPassive.ini,1,Setting/Npc/DropFile/yewai/yewai_jy_200.tab,1,18,1,,,197,1,,,1,,3,2670,100000,,,,,,,,
dongtian_jingying,6070,Động Thiên Đạo Nhân-Tinh Anh,0,1,FieldMapNpc,,169,200,300,,,612,166,1,91,1,,,600,600,Setting/Npc/Ai/CommonPassive.ini,1,Setting/Npc/DropFile/yewai/yewai_dongtianjingying.tab,1,18,1,,,197,1,,,1,,3,2937,100000,,,,,,,,
yewai_jy_200_2,3843,Vân Du Đạo Nhân-Tinh Anh,0,1,FieldMapNpc,,169,200,300,,,612,166,1,91,1,,,600,600,Setting/Npc/Ai/CommonPassive.ini,1,Setting/Npc/DropFile/yewai/yewai_jy_200.tab,1,18,1,,,197,1,,,1,,3,2670,100000,,,,,,,,
yewai_210_pk_1,3896,Doanh Châu Ca Kỷ,0,1,FieldMapNpc,,102,200,300,,600,611,166,1,200,1,,,600,600,Setting/Npc/Ai/CommonPassive.ini,1,Setting/Npc/DropFile/yewai/yewai_210.tab,1,18,1,,,,,,,1,,,8,,3898,300,,,,,,
yewai_210_pk_2,3897,Hái Thuốc,0,1,FieldMapNpc,,139,200,300,,600,611,166,1,200,1,,,600,600,Setting/Npc/Ai/CommonPassive.ini,1,Setting/Npc/DropFile/yewai/yewai_210.tab,1,18,1,,,,,,,1,,,8,,3899,300,,,,,,
yewai_jy_210_pk_1,3898,Doanh Châu Ca Kỷ-Tinh Anh,0,1,FieldMapNpc,,102,200,300,,,612,166,1,91,1,,,600,600,Setting/Npc/Ai/CommonPassive.ini,1,Setting/Npc/DropFile/yewai/yewai_jy_210.tab,1,18,1,,,197,1,,,1,,3,2670,100000,,,,,,,,
yewai_jy_210_pk_2,3899,Hái Thuốc-Tinh Anh,0,1,FieldMapNpc,,139,200,300,,,612,166,1,91,1,,,600,600,Setting/Npc/Ai/CommonPassive.ini,1,Setting/Npc/DropFile/yewai/yewai_jy_210.tab,1,18,1,,,197,1,,,1,,3,2670,100000,,,,,,,,
yewai_220_1,3946,Đông Vực Ác Phỉ,0,1,FieldMapNpc,,436,200,300,,500,611,166,1,200,1,,,600,600,Setting/Npc/Ai/CommonPassive.ini,1,Setting/Npc/DropFile/yewai/yewai_220.tab,1,18,1,,,,,,,1,,,8,,3948,300,,,,,,
yewai_220_2,3947,Tiên Đảo Dược Nông,0,1,FieldMapNpc,,139,200,300,,500,611,166,1,200,1,,,600,600,Setting/Npc/Ai/CommonPassive.ini,1,Setting/Npc/DropFile/yewai/yewai_220.tab,1,18,1,,,,,,,1,,,8,,3949,300,,,,,,
yewai_jy_220_1,3948,Đông Vực Ác Phỉ-Tinh Anh,0,1,FieldMapNpc,,436,200,300,,,612,166,1,91,1,,,600,600,Setting/Npc/Ai/CommonPassive.ini,1,Setting/Npc/DropFile/yewai/yewai_jy_220.tab,1,18,1,,,197,1,,,1,,3,2670,100000,,,,,,,,
yewai_jy_220_2,3949,Tiên Đảo Dược Nông-Tinh Anh,0,1,FieldMapNpc,,139,200,300,,,612,166,1,91,1,,,600,600,Setting/Npc/Ai/CommonPassive.ini,1,Setting/Npc/DropFile/yewai/yewai_jy_220.tab,1,18,1,,,197,1,,,1,,3,2670,100000,,,,,,,,
yewai_230_pk_1,4245,Cực Địa Man Hùng,0,1,FieldMapNpc,,116,200,300,,600,611,166,1,200,1,,,600,600,Setting/Npc/Ai/CommonPassive.ini,1,Setting/Npc/DropFile/yewai/yewai_230.tab,1,18,1,,,,,,,1,,,8,,4247,300,,,,,,
yewai_230_pk_2,4246,Người Săn Trộm,0,1,FieldMapNpc,,159,200,300,,600,611,166,1,200,1,,,600,600,Setting/Npc/Ai/CommonPassive.ini,1,Setting/Npc/DropFile/yewai/yewai_230.tab,1,18,1,,,,,,,1,,,8,,4248,300,,,,,,
yewai_jy_230_pk_1,4247,Cực Địa Man Hùng-Tinh Anh,0,1,FieldMapNpc,,116,200,300,,,612,166,1,91,1,,,600,600,Setting/Npc/Ai/CommonPassive.ini,1,Setting/Npc/DropFile/yewai/yewai_jy_230.tab,1,18,1,,,197,1,,,1,,3,2670,100000,,,,,,,,
yewai_jy_230_pk_2,4248,Người Săn Trộm-Tinh Anh,0,1,FieldMapNpc,,159,200,300,,,612,166,1,91,1,,,600,600,Setting/Npc/Ai/CommonPassive.ini,1,Setting/Npc/DropFile/yewai/yewai_jy_230.tab,1,18,1,,,197,1,,,1,,3,2670,100000,,,,,,,,
yewai_240_1,4373,Hải Tặc Bịt Mặt,0,1,FieldMapNpc,,174,200,300,,500,611,166,1,200,1,,,600,600,Setting/Npc/Ai/CommonPassive.ini,1,Setting/Npc/DropFile/yewai/yewai_240.tab,1,18,1,,,,,,,1,,,8,,4375,300,,,,,,
yewai_240_2,4374,Ác Lang,0,1,FieldMapNpc,,115,200,300,,500,611,166,1,200,1,,,600,600,Setting/Npc/Ai/CommonPassive.ini,1,Setting/Npc/DropFile/yewai/yewai_240.tab,1,18,1,,,,,,,1,,,8,,4376,300,,,,,,
yewai_jy_240_1,4375,Hải Tặc Bịt Mặt-Tinh Anh,0,1,FieldMapNpc,,174,200,300,,,612,166,1,91,1,,,600,600,Setting/Npc/Ai/CommonPassive.ini,1,Setting/Npc/DropFile/yewai/yewai_jy_240.tab,1,18,1,,,197,1,,,1,,3,2670,100000,,,,,,,,
yewai_jy_240_2,4376,Ác Lang-Tinh Anh,0,1,FieldMapNpc,,115,200,300,,,612,166,1,91,1,,,600,600,Setting/Npc/Ai/CommonPassive.ini,1,Setting/Npc/DropFile/yewai/yewai_jy_240.tab,1,18,1,,,197,1,,,1,,3,2670,100000,,,,,,,,
yewai_250_1,4474,Bảo Vệ Viêm Địa,0,1,FieldMapNpc,,1127,200,300,,600,611,166,1,200,1,,,600,600,Setting/Npc/Ai/CommonPassive.ini,1,Setting/Npc/DropFile/yewai/yewai_250.tab,1,18,1,,,,,,,1,,,8,,4476,300,,,,,,
yewai_250_2,4475,Ác Phỉ Viêm Địa,0,1,FieldMapNpc,,106,200,300,,600,611,166,1,200,1,,,600,600,Setting/Npc/Ai/CommonPassive.ini,1,Setting/Npc/DropFile/yewai/yewai_250.tab,1,18,1,,,,,,,1,,,8,,4477,300,,,,,,
yewai_jy_250_1,4476,Bảo Vệ Viêm Địa-Tinh Anh,0,1,FieldMapNpc,,1127,200,300,,,612,166,1,91,1,,,600,600,Setting/Npc/Ai/CommonPassive.ini,1,Setting/Npc/DropFile/yewai/yewai_jy_250.tab,1,18,1,,,197,1,,,1,,3,2670,100000,,,,,,,,
yewai_jy_250_2,4477,Viêm Địa Ác Phỉ-Tinh Anh,0,1,FieldMapNpc,,106,200,300,,,612,166,1,91,1,,,600,600,Setting/Npc/Ai/CommonPassive.ini,1,Setting/Npc/DropFile/yewai/yewai_jy_250.tab,1,18,1,,,197,1,,,1,,3,2670,100000,,,,,,,,
yewai_260_1,4588,Tử Phủ Vũ Cơ,0,1,FieldMapNpc,,102,200,300,,500,611,166,1,200,1,,,600,600,Setting/Npc/Ai/CommonPassive.ini,1,Setting/Npc/DropFile/yewai/yewai_260.tab,1,18,1,,,,,,,1,,,8,,4590,300,,,,,,
yewai_260_2,4589,Tử Phủ Thủ Vệ,0,1,FieldMapNpc,,151,200,300,,500,611,166,1,200,1,,,600,600,Setting/Npc/Ai/CommonPassive.ini,1,Setting/Npc/DropFile/yewai/yewai_260.tab,1,18,1,,,,,,,1,,,8,,4591,300,,,,,,
yewai_jy_260_1,4590,Tử Phủ Vũ Cơ-Tinh Anh,0,1,FieldMapNpc,,102,200,300,,,612,166,1,91,1,,,600,600,Setting/Npc/Ai/CommonPassive.ini,1,Setting/Npc/DropFile/yewai/yewai_jy_260.tab,1,18,1,,,197,1,,,1,,3,2670,100000,,,,,,,,
yewai_jy_260_2,4591,Tử Phủ Thủ Vệ-Tinh Anh,0,1,FieldMapNpc,,151,200,300,,,612,166,1,91,1,,,600,600,Setting/Npc/Ai/CommonPassive.ini,1,Setting/Npc/DropFile/yewai/yewai_jy_260.tab,1,18,1,,,197,1,,,1,,3,2670,100000,,,,,,,,
yewai_270_1,4638,Tiên Đảo Linh Hầu,0,1,FieldMapNpc,,117,200,300,,600,611,166,1,200,1,,,600,600,Setting/Npc/Ai/CommonPassive.ini,1,Setting/Npc/DropFile/yewai/yewai_270.tab,1,18,1,,,,,,,1,,,8,,4640,300,,,,,,
yewai_270_2,4639,Nhà Vườn Tiên Đảo,0,1,FieldMapNpc,,139,200,300,,600,611,166,1,200,1,,,600,600,Setting/Npc/Ai/CommonPassive.ini,1,Setting/Npc/DropFile/yewai/yewai_270.tab,1,18,1,,,,,,,1,,,8,,4641,300,,,,,,
yewai_jy_270_1,4640,Tiên Đảo Linh Hầu-Tinh Anh,0,1,FieldMapNpc,,117,200,300,,,612,166,1,91,1,,,600,600,Setting/Npc/Ai/CommonPassive.ini,1,Setting/Npc/DropFile/yewai/yewai_jy_270.tab,1,18,1,,,197,1,,,1,,3,2670,100000,,,,,,,,
yewai_jy_270_2,4641,Nhà Vườn Tiên Đảo-Tinh Anh,0,1,FieldMapNpc,,139,200,300,,,612,166,1,91,1,,,600,600,Setting/Npc/Ai/CommonPassive.ini,1,Setting/Npc/DropFile/yewai/yewai_jy_270.tab,1,18,1,,,197,1,,,1,,3,2670,100000,,,,,,,,
yewai_280_1,4779,Phản Hồn Ma Hùng,0,1,FieldMapNpc,,116,200,300,,500,611,166,1,200,1,,,600,600,Setting/Npc/Ai/CommonPassive.ini,1,Setting/Npc/DropFile/yewai/yewai_280.tab,1,18,1,,,,,,,1,,,8,,4781,300,,,,,,
yewai_280_2,4780,Phản Hồn Ác Phỉ,0,1,FieldMapNpc,,436,200,300,,500,611,166,1,200,1,,,600,600,Setting/Npc/Ai/CommonPassive.ini,1,Setting/Npc/DropFile/yewai/yewai_280.tab,1,18,1,,,,,,,1,,,8,,4782,300,,,,,,
yewai_jy_280_1,4781,Phản Hồn Ma Hùng-Tinh Anh,0,1,FieldMapNpc,,116,200,300,,,612,166,1,91,1,,,600,600,Setting/Npc/Ai/CommonPassive.ini,1,Setting/Npc/DropFile/yewai/yewai_jy_280.tab,1,18,1,,,197,1,,,1,,3,2670,100000,,,,,,,,
yewai_jy_280_2,4782,Phản Hồn Ác Phỉ-Tinh Anh,0,1,FieldMapNpc,,436,200,300,,,612,166,1,91,1,,,600,600,Setting/Npc/Ai/CommonPassive.ini,1,Setting/Npc/DropFile/yewai/yewai_jy_280.tab,1,18,1,,,197,1,,,1,,3,2670,100000,,,,,,,,
yewai_290_1,4865,Hải Tân Phương Sĩ,0,1,FieldMapNpc,,169,200,300,,600,611,166,1,200,1,,,600,600,Setting/Npc/Ai/CommonPassive.ini,1,Setting/Npc/DropFile/yewai/yewai_290.tab,1,18,1,,,,,,,1,,,8,,4867,300,,,,,,
yewai_290_2,4866,Thợ Săn Băng Giá,0,1,FieldMapNpc,,159,200,300,,600,611,166,1,200,1,,,600,600,Setting/Npc/Ai/CommonPassive.ini,1,Setting/Npc/DropFile/yewai/yewai_290.tab,1,18,1,,,,,,,1,,,8,,4868,300,,,,,,
yewai_jy_290_1,4867,Hải Tân Phương Sĩ-Tinh Anh,0,1,FieldMapNpc,,169,200,300,,,612,166,1,91,1,,,600,600,Setting/Npc/Ai/CommonPassive.ini,1,Setting/Npc/DropFile/yewai/yewai_jy_290.tab,1,18,1,,,197,1,,,1,,3,2670,100000,,,,,,,,
yewai_jy_290_2,4868,Thợ Săn Băng Giá-Tinh Anh,0,1,FieldMapNpc,,159,200,300,,,612,166,1,91,1,,,600,600,Setting/Npc/Ai/CommonPassive.ini,1,Setting/Npc/DropFile/yewai/yewai_jy_290.tab,1,18,1,,,197,1,,,1,,3,2670,100000,,,,,,,,
yewai_300_1,4976,Thần Sơn Thủ Vệ,0,1,FieldMapNpc,,1127,200,300,,500,611,166,1,200,1,,,600,600,Setting/Npc/Ai/CommonPassive.ini,1,Setting/Npc/DropFile/yewai/yewai_300.tab,1,18,1,,,,,,,1,,,8,,4978,300,,,,,,
yewai_300_2,4977,Thần Sơn Thích Khách,0,1,FieldMapNpc,,174,200,300,,500,611,166,1,200,1,,,600,600,Setting/Npc/Ai/CommonPassive.ini,1,Setting/Npc/DropFile/yewai/yewai_300.tab,1,18,1,,,,,,,1,,,8,,4979,300,,,,,,
yewai_jy_300_1,4978,Thần Sơn Thủ Vệ-Tinh Anh,0,1,FieldMapNpc,,1127,200,300,,,612,166,1,91,1,,,600,600,Setting/Npc/Ai/CommonPassive.ini,1,Setting/Npc/DropFile/yewai/yewai_jy_300.tab,1,18,1,,,197,1,,,1,,3,2670,100000,,,,,,,,
yewai_jy_300_2,4979,Thần Sơn Thích Khách-Tinh Anh,0,1,FieldMapNpc,,174,200,300,,,612,166,1,91,1,,,600,600,Setting/Npc/Ai/CommonPassive.ini,1,Setting/Npc/DropFile/yewai/yewai_jy_300.tab,1,18,1,,,197,1,,,1,,3,2670,100000,,,,,,,,
yewai_310_1,5295,Nhật Nguyệt Ca Cơ,0,1,FieldMapNpc,,102,200,300,,600,611,166,1,200,1,,,600,600,Setting/Npc/Ai/CommonPassive.ini,1,Setting/Npc/DropFile/yewai/yewai_310.tab,1,18,1,,,,,,,1,,,8,,5297,300,,,,,,
yewai_310_2,5296,Nhật Nguyệt Dược Nông,0,1,FieldMapNpc,,139,200,300,,600,611,166,1,200,1,,,600,600,Setting/Npc/Ai/CommonPassive.ini,1,Setting/Npc/DropFile/yewai/yewai_310.tab,1,18,1,,,,,,,1,,,8,,5298,300,,,,,,
yewai_jy_310_1,5297,Nhật Nguyệt Ca Cơ-Tinh Anh,0,1,FieldMapNpc,,102,200,300,,,612,166,1,91,1,,,600,600,Setting/Npc/Ai/CommonPassive.ini,1,Setting/Npc/DropFile/yewai/yewai_jy_310.tab,1,18,1,,,197,1,,,1,,3,2670,100000,,,,,,,,
yewai_jy_310_2,5298,Nhật Nguyệt Dược Nông-Tinh Anh,0,1,FieldMapNpc,,139,200,300,,,612,166,1,91,1,,,600,600,Setting/Npc/Ai/CommonPassive.ini,1,Setting/Npc/DropFile/yewai/yewai_jy_310.tab,1,18,1,,,197,1,,,1,,3,2670,100000,,,,,,,,
yewai_320_1,5440,Ác Lang Biên Ải,0,1,FieldMapNpc,,115,200,300,,500,611,166,1,200,1,,,600,600,Setting/Npc/Ai/CommonPassive.ini,1,Setting/Npc/DropFile/yewai/yewai_320.tab,1,18,1,,,,,,,1,,,8,,5442,300,,,,,,
yewai_320_2,5441,Phỉ Tặc Biên Ải,0,1,FieldMapNpc,,173,200,300,,500,611,166,1,200,1,,,600,600,Setting/Npc/Ai/CommonPassive.ini,1,Setting/Npc/DropFile/yewai/yewai_320.tab,1,18,1,,,,,,,1,,,8,,5443,300,,,,,,
yewai_jy_320_1,5442,Ác Lang Biên Ải-Tinh Anh,0,1,FieldMapNpc,,115,200,300,,,612,166,1,91,1,,,600,600,Setting/Npc/Ai/CommonPassive.ini,1,Setting/Npc/DropFile/yewai/yewai_jy_320.tab,1,18,1,,,197,1,,,1,,3,2670,100000,,,,,,,,
yewai_jy_320_2,5443,Phỉ Tặc Biên Ải-Tinh Anh,0,1,FieldMapNpc,,173,200,300,,,612,166,1,91,1,,,600,600,Setting/Npc/Ai/CommonPassive.ini,1,Setting/Npc/DropFile/yewai/yewai_jy_320.tab,1,18,1,,,197,1,,,1,,3,2670,100000,,,,,,,,
yewai_330_1,5554,Đại Hoang Sơn Phỉ,0,1,FieldMapNpc,,106,200,300,,600,611,166,1,200,1,,,600,600,Setting/Npc/Ai/CommonPassive.ini,1,Setting/Npc/DropFile/yewai/yewai_330.tab,1,18,1,,,,,,,1,,,8,,5556,300,,,,,,
yewai_330_2,5555,Thủ Vệ Bổ Thiên,0,1,FieldMapNpc,,151,200,300,,600,611,166,1,200,1,,,600,600,Setting/Npc/Ai/CommonPassive.ini,1,Setting/Npc/DropFile/yewai/yewai_330.tab,1,18,1,,,,,,,1,,,8,,5557,300,,,,,,
yewai_jy_330_1,5556,Đại Hoang Sơn Phỉ-Tinh Anh,0,1,FieldMapNpc,,106,200,300,,,612,166,1,91,1,,,600,600,Setting/Npc/Ai/CommonPassive.ini,1,Setting/Npc/DropFile/yewai/yewai_jy_330.tab,1,18,1,,,197,1,,,1,,3,2670,100000,,,,,,,,
yewai_jy_330_2,5557,Bổ Thiên Thủ Vệ-Tinh Anh,0,1,FieldMapNpc,,151,200,300,,,612,166,1,91,1,,,600,600,Setting/Npc/Ai/CommonPassive.ini,1,Setting/Npc/DropFile/yewai/yewai_jy_330.tab,1,18,1,,,197,1,,,1,,3,2670,100000,,,,,,,,
yewai_kuafu_1,4001,Đông Doanh Hải Tặc,0,1,FieldMapNpcZone,,174,200,300,,500,611,166,1,200,1,,,600,600,Setting/Npc/Ai/CommonPassive.ini,1,,1,18,1,,,,,,,1,,,8,,4002,360,,,,1,,
yewai_kuafu_2,4004,Ác Đồ Lưu Đày,0,1,FieldMapNpcZone,,436,200,300,,500,611,166,1,200,1,,,600,600,Setting/Npc/Ai/CommonPassive.ini,1,,1,18,1,,,,,,,1,,,8,,4003,360,,,,1,,
yewai_jy_kuafu_1,4002,Đông Doanh Hải Tặc-Tinh Anh,0,1,FieldMapNpcZone,,174,200,300,,,612,166,1,91,1,,,600,600,Setting/Npc/Ai/CommonPassive.ini,1,,1,18,1,,,197,1,,,1,,3,2670,100000,,,,,,1,,
yewai_jy_kuafu_2,4003,Ác Đồ Lưu Đày-Tinh Anh,0,1,FieldMapNpcZone,,436,200,300,,,612,166,1,91,1,,,600,600,Setting/Npc/Ai/CommonPassive.ini,1,,1,18,1,,,197,1,,,1,,3,2670,100000,,,,,,1,,
yewai_gouhuo_1,1073,Lửa Trại,5,0,GouHuoNpc,,380,,,,,,,,,,,,,,,,,,,,,,,,,,,,,,,,,,,,,,
HighCangbaotu_npc1,1253,Đoạt Bảo Tặc,0,1,DuoBaoZei,,134,,,,,611,166,1,91,1,,,500,500,Setting/Npc/Ai/CommonActive.ini,,,1,18,1,,,,,,,,,,,,,,,,,,,
wanglaoji_1,1339,Thơ Mộng,2,1,,,1123,1,308,,,1,56,1,,,,,,,,,,0,15,1,,,,,,,,,,,,,,,,,,,
daiyanren_1,1666,Đĩnh Ca,2,1,SpokesmanTask,,1134,,,"Võ công Tịch Mạc Song Sát cao cường, hãy cùng bằng hữu truy bắt, hy vọng đại hiệp có thể mang Bánh Hựu Duyên trở về.",,1,56,1,,,,,,,,,,0,15,1,,,,,,,,,,,,,,,,,,,
ZhaoYouTing,2116,Lâm Dũ Cựu,2,1,,,1179,,,"Ta có trà, ngươi có truyện chứ?",,1,56,1,1696,1,,,,,,,,0,15,1,,,,,,,,,,,,,,,,,,,
daiyanren_2,1667,Tiểu Duyên,2,1,,,1133,,,"Không ngờ Đĩnh sư đệ lại biết ta thích【Bánh Hựu Duyên】, còn mời được【Thỏ Xám】và【Thỏ Trắng】nữa chứ.",,1,56,1,,,,,,,,,,0,15,1,,,,,,,,,,,,,,,,,,,
daiyanren_3,1668,Tịch,0,1,,,11,,,,,612,22,1,91,1,,,500,500,Setting/Npc/Ai/random/murongyue.ini,,,1,17,2,,,,,,,,,,,,,,,,,,,
daiyanren_4,1669,Mịch,0,1,,,12,,,,,612,21,1,91,1,,,500,500,Setting/Npc/Ai/random/murongyue.ini,,,1,17,2,,,,,,,,,,,,,,,,,,,
daiyanren_5,1677,Đĩnh Ca,2,1,ClientTaskNpc,,1134,,993,,,1,56,1,,,,,,,Setting/Npc/Ai/CommonActive.ini,,,0,15,3,,,,,,,,,,,,,,,,,,,
daiyanren_9,1685,Tiểu Duyên,2,1,ClientTaskNpc,,1133,,993,"Nghe nói Thỏ Xám và Thỏ Trắng xuất hiện ở Tương Dương, làm ra Bánh Hựu Duyên, không biết có duyên thưởng thức hay không.",,1,56,1,,,,,,,Setting/Npc/Ai/CommonActive.ini,,,0,15,3,,,,,,,,,,,,,,,,,,,
daiyanren_7,1679,Đĩnh Ca,0,1,,,1134,,,,,1,56,1,,,,,,,Setting/Npc/Ai/CommonActive.ini,,,0,20,3,,,,,,,,,,,,,,,,,,,
daiyanren_6,1678,Tiểu Duyên,0,1,,,1133,,,,,1,56,1,,,,,,,Setting/Npc/Ai/CommonActive.ini,,,0,20,3,,,,,,,,,,,,,,,,,,,
Npc_Horse,1613,Ngọ,4,1,,,479,999,,,,1,21,1,,,,,,,Setting/Npc/Ai/CommonActive.ini,,,0,15,1,,,,,,,,,,,,,,,,,,,
LT_anquanqu,1720,Doanh Địa Chinh Chiến-Sáng,5,0,,,501,200,994,,,91,,,,,,,,,Setting/Npc/Ai/Stay.ini,,,0,15,3,1,,,,,,,,,,,,,1,,,,,
LT_anquanqu1,1721,Doanh Địa Chinh Chiến-Thường,5,0,,,502,200,994,,,91,,,,,,,,,Setting/Npc/Ai/Stay.ini,,,0,15,3,1,,,,,,,,,,,,,1,,,,,
LT_anquanqu2,1722,Doanh Địa Chinh Chiến-Tối,5,0,,,503,200,994,,,91,,,,,,,,,Setting/Npc/Ai/Stay.ini,,,0,15,3,1,,,,,,,,,,,,,1,,,,,
LT_gate,1723,Cổng Thành,0,1,BattleNpc,,504,200,994,,,1001,,,91,1,105,1,1500,1500,Setting/Npc/Ai/Stay.ini,,,0,20,2,1,,,,,NoTurn,,,,,,,,,,1,1,,
LT_gate_v,1777,Cổng Thành,0,1,BattleNpc,,504,200,994,,,1002,,,91,1,105,1,1500,1500,Setting/Npc/Ai/Stay.ini,,,0,20,2,1,,,,,NoTurn,,,,,,,,,,1,1,,
LT_longzhu_sun,1724,Long Trụ Nhật Diệu,0,1,BattleNpc,,499,200,994,,,1008,,,91,1,105,1,1500,1500,Setting/Npc/Ai/Stay.ini,,,1,20,2,1,,,,,NoTurn,,,,,,,,,,1,1,,
LT_longzhu_moon,1725,Long Trụ Nguyệt Hoa,0,1,BattleNpc,,498,200,994,,,1009,,,91,1,105,1,1500,1500,Setting/Npc/Ai/Stay.ini,,,1,20,2,1,,,,,NoTurn,,,,,,,,,,1,1,,
LT_longzhu_star,1726,Long Trụ Tinh Huy,0,1,BattleNpc,,498,200,994,,,1009,,,91,1,105,1,1500,1500,Setting/Npc/Ai/Stay.ini,,,1,20,2,1,,,,,NoTurn,,,,,,,,,,1,1,,
LT_gongcc_bs,1727,Công Thành,0,0,,,506,200,994,,,1003,194,1,91,1,105,1,1500,1500,Setting/Npc/Ai/CommonActive.ini,,,1,20,1,,,,,,,,,,,,,,,,,,,
LT_jinnc_bs,1728,Kình Nỏ,0,0,,,480,200,994,,,1004,194,1,91,1,105,1,1500,1500,Setting/Npc/Ai/CommonActive.ini,,,1,20,1,,,,,,,,,,,,,,,,,,,
LT_tiepc_bs,1729,Thiết Pháo,0,0,,,378,200,994,,,1005,194,1,91,1,105,1,1500,1500,Setting/Npc/Ai/CommonActive.ini,,,1,20,1,,,,,,,,,,,,,,,,,,,
ZJ_jinnc_bs,5928,Kình Nỏ,0,0,,,480,200,994,,,1004,194,1,91,1,105,1,1500,1500,Setting/Npc/Ai/CommonActive.ini,,,1,20,1,,,,,,,,,,,,,,,,,,,
LT_dugujian_bs,5203,Độc Cô Kiếm,0,0,,,32,210,310,,,801,1756,1,2304,1,,,1500,1500,Setting/Npc/Ai/CommonActive.ini,,,1,20,1,,,,,,,,,,,,,,,,,,,
LT_yangyingfeng_bs,5204,Dương Ảnh Phong,0,0,,,1101,225,325,,,801,1762,1,2304,1,1765,1,1500,1500,Setting/Npc/Ai/CommonActive.ini,,,1,20,1,,,,,,,,,,,,,,,,,,,
LT_shenss_zh,1730,Thần Xạ Thủ,0,0,BattleNpc,,159,200,994,,,1006,1731,1,91,1,,,1000,1000,Setting/Npc/Ai/CommonActive.ini,,,1,20,1,,,,,,,,,,,,,,,,,,,
LT_guwq_zh,1731,Cờ Cổ Vũ,0,0,BattleNpc,,505,200,994,,,1007,,,91,1,105,1,1500,1500,Setting/Npc/Ai/Stay.ini,,,1,,2,1,,1732,1,,,,,,,,,,,,,,,
LT_guide_invisible,1732,Hướng dẫn ẩn,6,0,,,469,200,994,,,91,,,91,1,,,1500,1500,Setting/Npc/Ai/Stay.ini,,,0,20,3,,,,,,,,,,,,,,1,,,,,
LT_bsdh_gongcc,1733,Công Thành Xa-Biến Thân,2,0,DomainBattleChange,Công Thành Xa|2218|3600,506,200,994,Công Thành Xa gây nhiều sát thương cho Cổng Thành.,,1003,,,91,1,105,1,1500,1500,Setting/Npc/Ai/Stay.ini,,,0,20,3,,,,,,NoTurn,,,,,,,,,,,,,
LT_bsdh_jinnc,1734,Kình Nỏ Xa-Biến thân,2,0,DomainBattleChange,Kình Nỏ Xa|2219|3600,480,200,994,"Kình Nỏ Xa có thể gây sát thương khá cao cho kẻ địch trên đường. Điểm sát thương cố định, người chơi yếu có thể dùng tăng sức mạnh.",,1004,,,91,1,105,1,1500,1500,Setting/Npc/Ai/Stay.ini,,,0,20,3,,,,,,NoTurn,,,,,,,,,,,,,
LT_bsdh_tiepc,1735,Thiết Pháo Xa-Biến thân,2,0,DomainBattleChange,Thiết Pháo Xa|2220|3600,378,200,994,"Thiết Pháo Xa gây sát thương lớn lên địch cố định, điểm sát thương cố định, người chơi còn yếu nên dùng tăng sức mạnh.",,1005,,,91,1,105,1,1500,1500,Setting/Npc/Ai/Stay.ini,,,0,20,3,,,,,,NoTurn,,,,,,,,,,,,,
LT_bsdh_dugujian,5205,Độc Cô Kiếm-Biến Thân,2,0,DomainBattleChange,Độc Cô Kiếm|2237|3600,32,210,310,"Độc Cô Kiếm có kỹ năng và sát thương riêng, không liên quan đến sức mạnh của người chơi, người chơi có sức mạnh khá yếu thì nên thao tác để nhận. ",,1005,,,91,1,105,1,1500,1500,Setting/Npc/Ai/Stay.ini,,,0,20,3,,,,,,NoTurn,,,,,,,,,,,,,
LT_bsdh_yangyingfeng,5206,Dương Ảnh Phong-Biến thân,2,0,DomainBattleChange,Dương Ảnh Phong|2238|3600,1101,225,325,"Dương Ảnh Phong có kỹ năng và sát thương riêng, không liên quan đến sức mạnh của người chơi, người chơi có sức mạnh khá yếu nên thao tác để nhận.",,1005,,,91,1,105,1,1500,1500,Setting/Npc/Ai/Stay.ini,,,0,20,3,,,,,,NoTurn,,,,,,,,,,,,,
LT_diaoxiang_tw,1771,Tượng Thành Chủ Thiên Vương,0,0,,,508,200,994,,,91,,,,,,,1500,1500,Setting/Npc/Ai/Stay.ini,,,,20,3,,6000,195,1,,NoTurn,,,,,,,,,,,,,
LT_diaoxiang_em,1772,Tượng Thành Chủ Nga Mi,0,0,,,509,200,994,,,91,,,,,,,1500,1500,Setting/Npc/Ai/Stay.ini,,,,20,3,,6000,195,1,,NoTurn,,,,,,,,,,,,,
LT_diaoxiang_th,1773,Tượng Thành Chủ Đào Hoa,0,0,,,510,200,994,,,91,,,,,,,1500,1500,Setting/Npc/Ai/Stay.ini,,,,20,3,,6000,195,1,,NoTurn,,,,,,,,,,,,,
LT_diaoxiang_xy,1774,Tượng Thành Chủ Tiêu Dao,0,0,,,511,200,994,,,91,,,,,,,1500,1500,Setting/Npc/Ai/Stay.ini,,,,20,3,,6000,195,1,,NoTurn,,,,,,,,,,,,,
LT_diaoxiang_wd,1775,Tượng Thành Chủ Võ Đang,0,0,,,512,200,994,,,91,,,,,,,1500,1500,Setting/Npc/Ai/Stay.ini,,,,20,3,,6000,195,1,,NoTurn,,,,,,,,,,,,,
LT_diaoxiang_tr,1776,Tượng Thành Chủ Thiên Nhẫn,0,0,,,513,200,994,,,91,,,,,,,1500,1500,Setting/Npc/Ai/Stay.ini,,,,20,3,,6000,195,1,,NoTurn,,,,,,,,,,,,,
LT_gouhuo,1817,Lửa Trại Thành Chiến,5,0,GouHuoNpc,kin|3000|12|1000|0|15,392,,,,,,,,,,,,,,,,,,,,,,,,,,,,,,,,,,,,,,
Card_ljf_d6,1821,Đống Thư Tịch,2,0,CardCollectionGather,2616|5|2,519,995,,,,,,,,,,,,,,,,,,,,,,,,NoTurn,,,,,,,,,,,,,
Card_ljf_d7,1822,1 Quyển Kinh Thư,2,0,CardCollectionGather,2618|5|2,520,995,,,,,,,,,,,,,,,,,,,,,,,,NoTurn,,,,,,,,,,,,,
Card_ljf_e3,1823,1 Bức Thư,2,0,CardCollectionGather,2624|5|2,521,995,,,,,,,,,,,,,,,,,,,,,,,,NoTurn,,,,,,,,,,,,,
Card_ljf_e9,1824,Tâm Ma Bảo Châu,2,0,CardCollectionGather,2631|5|2,486,995,,,,,,,,,,,,,,,,,,,,,,,,NoTurn,,,,,,,,,,,,,
Card_ljf_g10,2066,Túi Càn Khôn,2,0,CardCollectionGather,3388|5|2,566,995,,,,,,,,,,,,,,,,,,,,,,,,NoTurn,,,,,,,,,,,,,
Arena_np1,1829,Võ Tăng,2,0,ArenaNpc,ArenaEnterNpc,163,,,,,,,,,,,,,,,,,,,,,115,,,,,,,,,,,,,,,,,
Arena_np2,1830,Võ Tăng,2,0,ArenaNpc,ArenaManagerNpc,163,,,,,,,,,,,,,,,,,,,,,116,,,,,,,,,,,,,,,,,
Arena_np3,5300,Võ Tăng,2,0,ZoneArenaActArenaNpc,ArenaManagerNpc,163,,,,,,,,,,,,,,,,,,,,,116,,,,,,,,,,,,,,,,,
Xisuidao_npc,1831,Nạp Lan Chân,2,1,ChangeFactionDialog,,177,13,113,,,1,21,1,,,,,,,Setting/Npc/Ai/CommonActive.ini,,,0,15,3,,,,,,,,,,,,,,,,,,,
TeacherStudent_npc,1839,Thượng Quan Phi Long,2,0,TeacherStudentNpc,,5021,607,310,,,,,,,,,,,,,,,,,,,160,,,,,,,,,,,,,,,,,
LT_diaoxiang_tw_new,1841,Tượng Thành Chủ Thiên Vương,2,0,MainCityMaster,1,532,200,994,,,91,,,,,,,1500,1500,Setting/Npc/Ai/Stay.ini,,,,20,3,,6000,195,1,,NoTurn,,,,,,,,,,,,,
LT_diaoxiang_em_new,1842,Tượng Thành Chủ Nga Mi,2,0,MainCityMaster,2,531,200,994,,,91,,,,,,,1500,1500,Setting/Npc/Ai/Stay.ini,,,,20,3,,6000,195,1,,NoTurn,,,,,,,,,,,,,
LT_diaoxiang_th_new,1843,Tượng Thành Chủ Đào Hoa,2,0,MainCityMaster,3,533,200,994,,,91,,,,,,,1500,1500,Setting/Npc/Ai/Stay.ini,,,,20,3,,6000,195,1,,NoTurn,,,,,,,,,,,,,
LT_diaoxiang_xy_new,1844,Tượng Thành Chủ Tiêu Dao,2,0,MainCityMaster,4,527,200,994,,,91,,,,,,,1500,1500,Setting/Npc/Ai/Stay.ini,,,,20,3,,6000,195,1,,NoTurn,,,,,,,,,,,,,
LT_diaoxiang_wd_new,1845,Tượng Thành Chủ Võ Đang,2,0,MainCityMaster,5,529,200,994,,,91,,,,,,,1500,1500,Setting/Npc/Ai/Stay.ini,,,,20,3,,6000,195,1,,NoTurn,,,,,,,,,,,,,
LT_diaoxiang_tr_new,1846,Tượng Thành Chủ Thiên Nhẫn,2,0,MainCityMaster,6,534,200,994,,,91,,,,,,,1500,1500,Setting/Npc/Ai/Stay.ini,,,,20,3,,6000,195,1,,NoTurn,,,,,,,,,,,,,
LT_diaoxiang_sl_new,1847,Tượng Thành Chủ Thiếu Lâm,2,0,MainCityMaster,7,528,200,994,,,91,,,,,,,1500,1500,Setting/Npc/Ai/Stay.ini,,,,20,3,,6000,195,1,,NoTurn,,,,,,,,,,,,,
LT_diaoxiang_cy_new,1848,Tượng Thành Chủ Thúy Yên,2,0,MainCityMaster,8,530,200,994,,,91,,,,,,,1500,1500,Setting/Npc/Ai/Stay.ini,,,,20,3,,6000,195,1,,NoTurn,,,,,,,,,,,,,
LT_diaoxiang_tm_new,2000,Tượng Thành Chủ Đường Môn,2,0,MainCityMaster,9,537,200,994,,,91,,,,,,,1500,1500,Setting/Npc/Ai/Stay.ini,,,,20,3,,6000,195,1,,NoTurn,,,,,,,,,,,,,
LT_diaoxiang_kl_new,2002,Tượng Thành Chủ Côn Lôn,2,0,MainCityMaster,10,538,200,994,,,91,,,,,,,1500,1500,Setting/Npc/Ai/Stay.ini,,,,20,3,,6000,195,1,,NoTurn,,,,,,,,,,,,,
LT_diaoxiang_gb_new,2215,Tượng Thành Chủ Cái Bang,2,0,MainCityMaster,11,586,200,994,,,91,,,,,,,1500,1500,Setting/Npc/Ai/Stay.ini,,,,20,3,,6000,195,1,,NoTurn,,,,,,,,,,,,,
LT_diaoxiang_wudu_new,2216,Tượng Thành Chủ Ngũ Độc,2,0,MainCityMaster,12,587,200,994,,,91,,,,,,,1500,1500,Setting/Npc/Ai/Stay.ini,,,,20,3,,6000,195,1,,NoTurn,,,,,,,,,,,,,
LT_diaoxiang_cj_new,2379,Tượng Thành Chủ Tàng Kiếm,2,0,MainCityMaster,13,608,200,994,,,91,,,,,,,1500,1500,Setting/Npc/Ai/Stay.ini,,,,20,3,,6000,195,1,,NoTurn,,,,,,,,,,,,,
LT_diaoxiang_cg_new,2380,Tượng Thành Chủ Trường Ca,2,0,MainCityMaster,14,609,200,994,,,91,,,,,,,1500,1500,Setting/Npc/Ai/Stay.ini,,,,20,3,,6000,195,1,,NoTurn,,,,,,,,,,,,,
LT_diaoxiang_tsma_new,2655,Tượng Thành Chủ Thiên Sơn-Nam,2,0,MainCityMaster,15,646,200,994,,,91,,,,,,,1500,1500,Setting/Npc/Ai/Stay.ini,,,,20,3,,6000,195,1,,NoTurn,,,,,,,,,,,,,
LT_diaoxiang_tsfe_new,2656,Tượng Thành Chủ Thiên Sơn-Nữ,2,0,MainCityMaster,15,647,200,994,,,91,,,,,,,1500,1500,Setting/Npc/Ai/Stay.ini,,,,20,3,,6000,195,1,,NoTurn,,,,,,,,,,,,,
LT_diaoxiang_bdma_new,2909,Tượng Thành Chủ Bá Đao-Nam,2,0,MainCityMaster,16,689,200,994,,,91,,,,,,,1500,1500,Setting/Npc/Ai/Stay.ini,,,,20,3,,6000,195,1,,NoTurn,,,,,,,,,,,,,
LT_diaoxiang_bdfe_new,2910,Tượng Thành Chủ Bá Đao-Nữ,2,0,MainCityMaster,16,690,200,994,,,91,,,,,,,1500,1500,Setting/Npc/Ai/Stay.ini,,,,20,3,,6000,195,1,,NoTurn,,,,,,,,,,,,,
LT_diaoxiang_wdfe_new,2911,Tượng Thành Chủ Võ Đang-Nữ,2,0,MainCityMaster,5,691,200,994,,,91,,,,,,,1500,1500,Setting/Npc/Ai/Stay.ini,,,,20,3,,6000,195,1,,NoTurn,,,,,,,,,,,,,
LT_diaoxiang_hsma_new,2966,Tượng Thành Chủ Hoa Sơn-Nam,2,0,MainCityMaster,17,699,200,994,,,91,,,,,,,1500,1500,Setting/Npc/Ai/Stay.ini,,,,20,3,,6000,195,1,,NoTurn,,,,,,,,,,,,,
LT_diaoxiang_hsfe_new,2967,Tượng Thành Chủ Hoa Sơn-Nữ,2,0,MainCityMaster,17,700,200,994,,,91,,,,,,,1500,1500,Setting/Npc/Ai/Stay.ini,,,,20,3,,6000,195,1,,NoTurn,,,,,,,,,,,,,
LT_diaoxiang_klma_new,2968,Tượng Thành Chủ Côn Lôn-Nam,2,0,MainCityMaster,10,701,200,994,,,91,,,,,,,1500,1500,Setting/Npc/Ai/Stay.ini,,,,20,3,,6000,195,1,,NoTurn,,,,,,,,,,,,,
LT_diaoxiang_mjma_new,3280,Tượng Thành Chủ Minh Giáo Nam,2,0,MainCityMaster,18,708,200,994,,,91,,,,,,,1500,1500,Setting/Npc/Ai/Stay.ini,,,,20,3,,6000,195,1,,NoTurn,,,,,,,,,,,,,
LT_diaoxiang_mjfe_new,3281,Tượng Thành Chủ Minh Giáo Nữ,2,0,MainCityMaster,18,709,200,994,,,91,,,,,,,1500,1500,Setting/Npc/Ai/Stay.ini,,,,20,3,,6000,195,1,,NoTurn,,,,,,,,,,,,,
LT_diaoxiang_twfe_new,3282,Tượng Thành Chủ Thiên Vương Nữ,2,0,MainCityMaster,1,710,200,994,,,91,,,,,,,1500,1500,Setting/Npc/Ai/Stay.ini,,,,20,3,,6000,195,1,,NoTurn,,,,,,,,,,,,,
LT_diaoxiang_dsma_new,3446,Tượng Thành Chủ Đoàn Thị-Nam,2,0,MainCityMaster,19,716,200,994,,,91,,,,,,,1500,1500,Setting/Npc/Ai/Stay.ini,,,,20,3,,6000,195,1,,NoTurn,,,,,,,,,,,,,
LT_diaoxiang_dsfe_new,3447,Tượng Thành Chủ Đoàn Thị-Nữ,2,0,MainCityMaster,19,717,200,994,,,91,,,,,,,1500,1500,Setting/Npc/Ai/Stay.ini,,,,20,3,,6000,195,1,,NoTurn,,,,,,,,,,,,,
LT_diaoxiang_xyfe_new,3448,Tượng Thành Chủ Tiêu Dao-Nữ,2,0,MainCityMaster,4,718,200,994,,,91,,,,,,,1500,1500,Setting/Npc/Ai/Stay.ini,,,,20,3,,6000,195,1,,NoTurn,,,,,,,,,,,,,
LT_diaoxiang_whma_new,3724,Tượng Thành Chủ Nam Vạn Hoa,2,0,MainCityMaster,20,729,200,994,,,91,,,,,,,1500,1500,Setting/Npc/Ai/Stay.ini,,,,20,3,,6000,195,1,,NoTurn,,,,,,,,,,,,,
LT_diaoxiang_whfe_new,3725,Tượng Thành Chủ Nữ Vạn Hoa,2,0,MainCityMaster,20,730,200,994,,,91,,,,,,,1500,1500,Setting/Npc/Ai/Stay.ini,,,,20,3,,6000,195,1,,NoTurn,,,,,,,,,,,,,
LT_diaoxiang_gbfe_new,3726,Tượng Thành Chủ Nữ Cái Bang,2,0,MainCityMaster,11,731,200,994,,,91,,,,,,,1500,1500,Setting/Npc/Ai/Stay.ini,,,,20,3,,6000,195,1,,NoTurn,,,,,,,,,,,,,
LT_diaoxiang_ymma_new,3793,Tượng Thành Chủ Dương Môn Nam,2,0,MainCityMaster,21,740,200,994,,,91,,,,,,,1500,1500,Setting/Npc/Ai/Stay.ini,,,,20,3,,6000,195,1,,NoTurn,,,,,,,,,,,,,
LT_diaoxiang_ymfe_new,3794,Tượng Thành Chủ Dương Môn Nữ,2,0,MainCityMaster,21,741,200,994,,,91,,,,,,,1500,1500,Setting/Npc/Ai/Stay.ini,,,,20,3,,6000,195,1,,NoTurn,,,,,,,,,,,,,
LT_diaoxiang_trma_new,3795,Tượng Thành Chủ Thiên Nhẫn Nam,2,0,MainCityMaster,6,742,200,994,,,91,,,,,,,1500,1500,Setting/Npc/Ai/Stay.ini,,,,20,3,,6000,195,1,,NoTurn,,,,,,,,,,,,,
LT_diaoxiang_lqma_new,3853,Tượng Thành Chủ Long Tước Nam,2,0,MainCityMaster,22,750,200,994,,,91,,,,,,,1500,1500,Setting/Npc/Ai/Stay.ini,,,,20,3,,6000,195,1,,NoTurn,,,,,,,,,,,,,
LT_diaoxiang_lqfe_new,3854,Tượng Thành Chủ Long Tước Nữ,2,0,MainCityMaster,22,751,200,994,,,91,,,,,,,1500,1500,Setting/Npc/Ai/Stay.ini,,,,20,3,,6000,195,1,,NoTurn,,,,,,,,,,,,,
LT_diaoxiang_tmma_new,3855,Tượng Thành Chủ Nữ Đường Môn,2,0,MainCityMaster,9,752,200,994,,,91,,,,,,,1500,1500,Setting/Npc/Ai/Stay.ini,,,,20,3,,6000,195,1,,NoTurn,,,,,,,,,,,,,
LT_diaoxiang_xsma_new,4021,Tượng Thành Chủ Nam Huyền Thủy,2,0,MainCityMaster,22,771,200,994,,,91,,,,,,,1500,1500,Setting/Npc/Ai/Stay.ini,,,,20,3,,6000,195,1,,NoTurn,,,,,,,,,,,,,
LT_diaoxiang_xsfe_new,4022,Tượng Thành Chủ Nữ Huyền Thủy,2,0,MainCityMaster,22,772,200,994,,,91,,,,,,,1500,1500,Setting/Npc/Ai/Stay.ini,,,,20,3,,6000,195,1,,NoTurn,,,,,,,,,,,,,
LT_diaoxiang_cxma_new,4306,Tượng Thành Chủ Xung Tiêu Nam,2,0,MainCityMaster,22,30046,200,994,,,91,,,,,,,1500,1500,Setting/Npc/Ai/Stay.ini,,,,20,3,,6000,195,1,,NoTurn,,,,,,,,,,,,,
LT_diaoxiang_cxfe_new,4307,Tượng Thành Chủ Xung Tiêu Nữ,2,0,MainCityMaster,22,30047,200,994,,,91,,,,,,,1500,1500,Setting/Npc/Ai/Stay.ini,,,,20,3,,6000,195,1,,NoTurn,,,,,,,,,,,,,
LT_diaoxiang_lwma_new,4525,Long Uy Tượng Thành Chủ-Nam,2,0,MainCityMaster,22,30048,200,994,,,91,,,,,,,1500,1500,Setting/Npc/Ai/Stay.ini,,,,20,3,,6000,195,1,,NoTurn,,,,,,,,,,,,,
LT_diaoxiang_lwfe_new,4526,Long Uy Tượng Thành Chủ-Nữ,2,0,MainCityMaster,22,30049,200,994,,,91,,,,,,,1500,1500,Setting/Npc/Ai/Stay.ini,,,,20,3,,6000,195,1,,NoTurn,,,,,,,,,,,,,
LT_diaoxiang_hmma_new,4728,Hội Mộng Tượng Thành Chủ-Nam,2,0,MainCityMaster,22,30050,200,994,,,91,,,,,,,1500,1500,Setting/Npc/Ai/Stay.ini,,,,20,3,,6000,195,1,,NoTurn,,,,,,,,,,,,,
LT_diaoxiang_hmfe_new,4729,Hội Mộng Tượng Thành Chủ-Nữ,2,0,MainCityMaster,22,30051,200,994,,,91,,,,,,,1500,1500,Setting/Npc/Ai/Stay.ini,,,,20,3,,6000,195,1,,NoTurn,,,,,,,,,,,,,
LT_diaoxiang_txma_new,5006,Tượng Thành Chủ Thiên Tâm Nam,2,0,MainCityMaster,22,30052,200,994,,,91,,,,,,,1500,1500,Setting/Npc/Ai/Stay.ini,,,,20,3,,6000,195,1,,NoTurn,,,,,,,,,,,,,
LT_diaoxiang_txfe_new,5007,Tượng Thành Chủ Thiên Tâm Nữ,2,0,MainCityMaster,22,30053,200,994,,,91,,,,,,,1500,1500,Setting/Npc/Ai/Stay.ini,,,,20,3,,6000,195,1,,NoTurn,,,,,,,,,,,,,
LT_diaoxiang_zlma_new,5615,Trảm Liệt Tượng Thành Chủ-Nam,2,0,MainCityMaster,22,30064,200,994,,,91,,,,,,,1500,1500,Setting/Npc/Ai/Stay.ini,,,,20,3,,6000,195,1,,NoTurn,,,,,,,,,,,,,
LT_diaoxiang_zlfe_new,5616,Trảm Liệt Tượng Thành Chủ-Nữ,2,0,MainCityMaster,22,30065,200,994,,,91,,,,,,,1500,1500,Setting/Npc/Ai/Stay.ini,,,,20,3,,6000,195,1,,NoTurn,,,,,,,,,,,,,
LT_diaoxiang_ghma_new,5981,Tượng Thành Chủ Nam Cô Hồng,2,0,MainCityMaster,22,30068,200,994,,,91,,,,,,,1500,1500,Setting/Npc/Ai/Stay.ini,,,,20,3,,6000,195,1,,NoTurn,,,,,,,,,,,,,
LT_diaoxiang_ghfe_new,5982,Tượng Thành Chủ Cô Hồng Nữ,2,0,MainCityMaster,22,30069,200,994,,,91,,,,,,,1500,1500,Setting/Npc/Ai/Stay.ini,,,,20,3,,6000,195,1,,NoTurn,,,,,,,,,,,,,
HSLJ_diaoxiang_tw,1886,Tượng Hoa Sơn Luận Kiếm Thiên Vương,0,0,,,532,200,994,"Làm đỉnh Lăng Tuyệt, chiêm ngưỡng núi đồi!",,91,,,,,,,1500,1500,Setting/Npc/Ai/Stay.ini,,,,20,3,,,,,,NoTurn,,,,,,,,,,,,,
HSLJ_diaoxiang_em,1887,Tượng Hoa Sơn Luận Kiếm Nga Mi,0,0,,,531,200,994,"Làm đỉnh Lăng Tuyệt, chiêm ngưỡng núi đồi!",,91,,,,,,,1500,1500,Setting/Npc/Ai/Stay.ini,,,,20,3,,,,,,NoTurn,,,,,,,,,,,,,
HSLJ_diaoxiang_th,1888,Tượng Hoa Sơn Luận Kiếm Đào Hoa,0,0,,,533,200,994,"Làm đỉnh Lăng Tuyệt, chiêm ngưỡng núi đồi!",,91,,,,,,,1500,1500,Setting/Npc/Ai/Stay.ini,,,,20,3,,,,,,NoTurn,,,,,,,,,,,,,
HSLJ_diaoxiang_xy,1889,Tượng Hoa Sơn Luận Kiếm Tiêu Dao,0,0,,,527,200,994,"Làm đỉnh Lăng Tuyệt, chiêm ngưỡng núi đồi!",,91,,,,,,,1500,1500,Setting/Npc/Ai/Stay.ini,,,,20,3,,,,,,NoTurn,,,,,,,,,,,,,
HSLJ_diaoxiang_wd,1890,Tượng Hoa Sơn Luận Kiếm Võ Đang,0,0,,,529,200,994,"Làm đỉnh Lăng Tuyệt, chiêm ngưỡng núi đồi!",,91,,,,,,,1500,1500,Setting/Npc/Ai/Stay.ini,,,,20,3,,,,,,NoTurn,,,,,,,,,,,,,
HSLJ_diaoxiang_tr,1891,Tượng Hoa Sơn Luận Kiếm Thiên Nhẫn,0,0,,,534,200,994,"Làm đỉnh Lăng Tuyệt, chiêm ngưỡng núi đồi!",,91,,,,,,,1500,1500,Setting/Npc/Ai/Stay.ini,,,,20,3,,,,,,NoTurn,,,,,,,,,,,,,
HSLJ_diaoxiang_sl,1892,Tượng Hoa Sơn Luận Kiếm Thiếu Lâm,0,0,,,528,200,994,"Làm đỉnh Lăng Tuyệt, chiêm ngưỡng núi đồi!",,91,,,,,,,1500,1500,Setting/Npc/Ai/Stay.ini,,,,20,3,,,,,,NoTurn,,,,,,,,,,,,,
HSLJ_diaoxiang_cy,1893,Tượng Hoa Sơn Luận Kiếm Thúy Yên,0,0,,,530,200,994,"Làm đỉnh Lăng Tuyệt, chiêm ngưỡng núi đồi!",,91,,,,,,,1500,1500,Setting/Npc/Ai/Stay.ini,,,,20,3,,,,,,NoTurn,,,,,,,,,,,,,
HSLJ_diaoxiang_tm,2118,Tượng Hoa Sơn Luận Kiếm Đường Môn,0,0,,,537,200,994,"Làm đỉnh Lăng Tuyệt, chiêm ngưỡng núi đồi!",,91,,,,,,,1500,1500,Setting/Npc/Ai/Stay.ini,,,,20,3,,,,,,NoTurn,,,,,,,,,,,,,
HSLJ_diaoxiang_kl,2119,Tượng Hoa Sơn Luận Kiếm Côn Lôn,0,0,,,538,200,994,"Làm đỉnh Lăng Tuyệt, chiêm ngưỡng núi đồi!",,91,,,,,,,1500,1500,Setting/Npc/Ai/Stay.ini,,,,20,3,,,,,,NoTurn,,,,,,,,,,,,,
HSLJ_diaoxiang_gb,2221,Tượng Hoa Sơn Luận Kiếm Cái Bang,0,0,,,586,200,994,"Làm đỉnh Lăng Tuyệt, chiêm ngưỡng núi đồi!",,91,,,,,,,1500,1500,Setting/Npc/Ai/Stay.ini,,,,20,3,,,,,,NoTurn,,,,,,,,,,,,,
HSLJ_diaoxiang_wd1,2220,Tượng Hoa Sơn Luận Kiếm Ngũ Độc,0,0,,,587,200,994,"Làm đỉnh Lăng Tuyệt, chiêm ngưỡng núi đồi!",,91,,,,,,,1500,1500,Setting/Npc/Ai/Stay.ini,,,,20,3,,,,,,NoTurn,,,,,,,,,,,,,
HSLJ_diaoxiang_cj,2381,Tượng Hoa Sơn Luận Kiếm Tàng Kiếm,0,0,,,608,200,994,"Làm đỉnh Lăng Tuyệt, chiêm ngưỡng núi đồi!",,91,,,,,,,1500,1500,Setting/Npc/Ai/Stay.ini,,,,20,3,,,,,,NoTurn,,,,,,,,,,,,,
HSLJ_diaoxiang_cg,2382,Tượng Hoa Sơn Luận Kiếm Trường Ca,0,0,,,609,200,994,"Làm đỉnh Lăng Tuyệt, chiêm ngưỡng núi đồi!",,91,,,,,,,1500,1500,Setting/Npc/Ai/Stay.ini,,,,20,3,,,,,,NoTurn,,,,,,,,,,,,,
HSLJ_diaoxiang_tsma,2677,Tượng Hoa Sơn Luận Kiếm Thiên Sơn-Nam,0,0,,,646,200,994,"Làm đỉnh Lăng Tuyệt, chiêm ngưỡng núi đồi!",,91,,,,,,,1500,1500,Setting/Npc/Ai/Stay.ini,,,,20,3,,,,,,NoTurn,,,,,,,,,,,,,
HSLJ_diaoxiang_tsfe,2678,Tượng Hoa Sơn Luận Kiếm Thiên Sơn-Nữ,0,0,,,647,200,994,"Làm đỉnh Lăng Tuyệt, chiêm ngưỡng núi đồi!",,91,,,,,,,1500,1500,Setting/Npc/Ai/Stay.ini,,,,20,3,,,,,,NoTurn,,,,,,,,,,,,,
HSLJ_diaoxiang_bdma,2912,Tượng Hoa Sơn Luận Kiếm Bá Đao-Nam,0,0,,,689,200,994,"Làm đỉnh Lăng Tuyệt, chiêm ngưỡng núi đồi!",,91,,,,,,,1500,1500,Setting/Npc/Ai/Stay.ini,,,,20,3,,,,,,NoTurn,,,,,,,,,,,,,
HSLJ_diaoxiang_bdfe,2913,Tượng Hoa Sơn Luận Kiếm Bá Đao-Nữ,0,0,,,690,200,994,"Làm đỉnh Lăng Tuyệt, chiêm ngưỡng núi đồi!",,91,,,,,,,1500,1500,Setting/Npc/Ai/Stay.ini,,,,20,3,,,,,,NoTurn,,,,,,,,,,,,,
HSLJ_diaoxiang_wdfe,2914,Tượng Hoa Sơn Luận Kiếm Võ Đang-Nữ,0,0,,,691,200,994,"Làm đỉnh Lăng Tuyệt, chiêm ngưỡng núi đồi!",,91,,,,,,,1500,1500,Setting/Npc/Ai/Stay.ini,,,,20,3,,,,,,NoTurn,,,,,,,,,,,,,
HSLJ_diaoxiang_hsma,2969,Tượng Hoa Sơn Luận Kiếm Hoa Sơn-Nam,0,0,,,699,200,994,"Làm đỉnh Lăng Tuyệt, chiêm ngưỡng núi đồi!",,91,,,,,,,1500,1500,Setting/Npc/Ai/Stay.ini,,,,20,3,,,,,,NoTurn,,,,,,,,,,,,,
HSLJ_diaoxiang_hsfe,2970,Tượng Hoa Sơn Luận Kiếm Hoa Sơn-Nữ,0,0,,,700,200,994,"Làm đỉnh Lăng Tuyệt, chiêm ngưỡng núi đồi!",,91,,,,,,,1500,1500,Setting/Npc/Ai/Stay.ini,,,,20,3,,,,,,NoTurn,,,,,,,,,,,,,
HSLJ_diaoxiang_klma,2971,Tượng Hoa Sơn Luận Kiếm Côn Lôn-Nam,0,0,,,701,200,994,"Làm đỉnh Lăng Tuyệt, chiêm ngưỡng núi đồi!",,91,,,,,,,1500,1500,Setting/Npc/Ai/Stay.ini,,,,20,3,,,,,,NoTurn,,,,,,,,,,,,,
HSLJ_diaoxiang_mjma,3283,Tượng Hoa Sơn Luận Kiếm Minh Giáo Nam,0,0,,,708,200,994,"Làm đỉnh Lăng Tuyệt, chiêm ngưỡng núi đồi!",,91,,,,,,,1500,1500,Setting/Npc/Ai/Stay.ini,,,,20,3,,,,,,NoTurn,,,,,,,,,,,,,
HSLJ_diaoxiang_mjfe,3284,Tượng Hoa Sơn Luận Kiếm Minh Giáo Nữ,0,0,,,709,200,994,"Làm đỉnh Lăng Tuyệt, chiêm ngưỡng núi đồi!",,91,,,,,,,1500,1500,Setting/Npc/Ai/Stay.ini,,,,20,3,,,,,,NoTurn,,,,,,,,,,,,,
HSLJ_diaoxiang_twfe,3285,Tượng Hoa Sơn Luận Kiếm Thiên Vương Nữ,0,0,,,710,200,994,"Làm đỉnh Lăng Tuyệt, chiêm ngưỡng núi đồi!",,91,,,,,,,1500,1500,Setting/Npc/Ai/Stay.ini,,,,20,3,,,,,,NoTurn,,,,,,,,,,,,,
HSLJ_diaoxiang_dsma,3443,Tượng Hoa Sơn Luận Kiếm Đoàn Thị-Nam,0,0,,,716,200,994,"Làm đỉnh Lăng Tuyệt, chiêm ngưỡng núi đồi!",,91,,,,,,,1500,1500,Setting/Npc/Ai/Stay.ini,,,,20,3,,,,,,NoTurn,,,,,,,,,,,,,
HSLJ_diaoxiang_dsfe,3444,Tượng Hoa Sơn Luận Kiếm Đoàn Thị-Nữ,0,0,,,717,200,994,"Làm đỉnh Lăng Tuyệt, chiêm ngưỡng núi đồi!",,91,,,,,,,1500,1500,Setting/Npc/Ai/Stay.ini,,,,20,3,,,,,,NoTurn,,,,,,,,,,,,,
HSLJ_diaoxiang_xyfe,3445,Tượng Hoa Sơn Luận Kiếm Tiêu Dao-Nữ,0,0,,,718,200,994,"Làm đỉnh Lăng Tuyệt, chiêm ngưỡng núi đồi!",,91,,,,,,,1500,1500,Setting/Npc/Ai/Stay.ini,,,,20,3,,,,,,NoTurn,,,,,,,,,,,,,
HSLJ_diaoxiang_whma,3727,Tượng Hoa Sơn Luận Kiếm Nam Vạn Hoa,0,0,,,729,200,994,"Làm đỉnh Lăng Tuyệt, chiêm ngưỡng núi đồi!",,91,,,,,,,1500,1500,Setting/Npc/Ai/Stay.ini,,,,20,3,,,,,,NoTurn,,,,,,,,,,,,,
HSLJ_diaoxiang_whfe,3728,Tượng Hoa Sơn Luận Kiếm Nữ Vạn Hoa,0,0,,,730,200,994,"Làm đỉnh Lăng Tuyệt, chiêm ngưỡng núi đồi!",,91,,,,,,,1500,1500,Setting/Npc/Ai/Stay.ini,,,,20,3,,,,,,NoTurn,,,,,,,,,,,,,
HSLJ_diaoxiang_gbfe,3729,Tượng Hoa Sơn Luận Kiếm Nữ Cái Bang,0,0,,,731,200,994,"Làm đỉnh Lăng Tuyệt, chiêm ngưỡng núi đồi!",,91,,,,,,,1500,1500,Setting/Npc/Ai/Stay.ini,,,,20,3,,,,,,NoTurn,,,,,,,,,,,,,
HSLJ_diaoxiang_ymma,3796,Tượng Hoa Sơn Luận Kiếm Dương Môn Nam,0,0,,,740,200,994,"Làm đỉnh Lăng Tuyệt, chiêm ngưỡng núi đồi!",,91,,,,,,,1500,1500,Setting/Npc/Ai/Stay.ini,,,,20,3,,,,,,NoTurn,,,,,,,,,,,,,
HSLJ_diaoxiang_ymfe,3797,Tượng Hoa Sơn Luận Kiếm Dương Môn Nữ,0,0,,,741,200,994,"Làm đỉnh Lăng Tuyệt, chiêm ngưỡng núi đồi!",,91,,,,,,,1500,1500,Setting/Npc/Ai/Stay.ini,,,,20,3,,,,,,NoTurn,,,,,,,,,,,,,
HSLJ_diaoxiang_trfe,3798,Tượng Hoa Sơn Luận Kiếm Thiên Nhẫn Nam,0,0,,,742,200,994,"Làm đỉnh Lăng Tuyệt, chiêm ngưỡng núi đồi!",,91,,,,,,,1500,1500,Setting/Npc/Ai/Stay.ini,,,,20,3,,,,,,NoTurn,,,,,,,,,,,,,
HSLJ_diaoxiang_lqma,3856,Tượng Hoa Sơn Luận Kiếm Long Tước Nam,0,0,,,750,200,994,"Làm đỉnh Lăng Tuyệt, chiêm ngưỡng núi đồi!",,91,,,,,,,1500,1500,Setting/Npc/Ai/Stay.ini,,,,20,3,,,,,,NoTurn,,,,,,,,,,,,,
HSLJ_diaoxiang_lqfe,3857,Tượng Hoa Sơn Luận Kiếm Long Tước Nữ,0,0,,,751,200,994,"Làm đỉnh Lăng Tuyệt, chiêm ngưỡng núi đồi!",,91,,,,,,,1500,1500,Setting/Npc/Ai/Stay.ini,,,,20,3,,,,,,NoTurn,,,,,,,,,,,,,
HSLJ_diaoxiang_tmfe,3858,Tượng Hoa Sơn Luận Kiếm Nữ Đường Môn,0,0,,,752,200,994,"Làm đỉnh Lăng Tuyệt, chiêm ngưỡng núi đồi!",,91,,,,,,,1500,1500,Setting/Npc/Ai/Stay.ini,,,,20,3,,,,,,NoTurn,,,,,,,,,,,,,
HSLJ_diaoxiang_xsma,4023,Tượng Hoa Sơn Luận Kiếm Nam Huyền Thủy,0,0,,,771,200,994,"Làm đỉnh Lăng Tuyệt, chiêm ngưỡng núi đồi!",,91,,,,,,,1500,1500,Setting/Npc/Ai/Stay.ini,,,,20,3,,,,,,NoTurn,,,,,,,,,,,,,
HSLJ_diaoxiang_xsfe,4024,Tượng Hoa Sơn Luận Kiếm Nữ Huyền Thủy,0,0,,,772,200,994,"Làm đỉnh Lăng Tuyệt, chiêm ngưỡng núi đồi!",,91,,,,,,,1500,1500,Setting/Npc/Ai/Stay.ini,,,,20,3,,,,,,NoTurn,,,,,,,,,,,,,
HSLJ_diaoxiang_cxma,4308,Xung Tiêu Nam-Tượng Hoa Sơn Luận Kiếm,0,0,,,30046,200,994,"Làm đỉnh Lăng Tuyệt, chiêm ngưỡng núi đồi!",,91,,,,,,,1500,1500,Setting/Npc/Ai/Stay.ini,,,,20,3,,,,,,NoTurn,,,,,,,,,,,,,
HSLJ_diaoxiang_cxfe,4309,Xung Tiêu Nữ-Tượng Hoa Sơn Luận Kiếm,0,0,,,30047,200,994,"Làm đỉnh Lăng Tuyệt, chiêm ngưỡng núi đồi!",,91,,,,,,,1500,1500,Setting/Npc/Ai/Stay.ini,,,,20,3,,,,,,NoTurn,,,,,,,,,,,,,
HSLJ_diaoxiang_lwma,4527,Long Uy Tượng Hoa Sơn Luận Kiếm-Nam,0,0,,,30048,200,994,"Làm đỉnh Lăng Tuyệt, chiêm ngưỡng núi đồi!",,91,,,,,,,1500,1500,Setting/Npc/Ai/Stay.ini,,,,20,3,,,,,,NoTurn,,,,,,,,,,,,,
HSLJ_diaoxiang_lwfe,4528,Long Uy Tượng Hoa Sơn Luận Kiếm-Nữ,0,0,,,30049,200,994,"Làm đỉnh Lăng Tuyệt, chiêm ngưỡng núi đồi!",,91,,,,,,,1500,1500,Setting/Npc/Ai/Stay.ini,,,,20,3,,,,,,NoTurn,,,,,,,,,,,,,
HSLJ_diaoxiang_hmma,4730,Hội Mộng Tượng Hoa Sơn Luận Kiếm-Nam,0,0,,,30050,200,994,"Làm đỉnh Lăng Tuyệt, chiêm ngưỡng núi đồi!",,91,,,,,,,1500,1500,Setting/Npc/Ai/Stay.ini,,,,20,3,,,,,,NoTurn,,,,,,,,,,,,,
HSLJ_diaoxiang_hmfe,4731,Hội Mộng Tượng Hoa Sơn Luận Kiếm-Nữ,0,0,,,30051,200,994,"Làm đỉnh Lăng Tuyệt, chiêm ngưỡng núi đồi!",,91,,,,,,,1500,1500,Setting/Npc/Ai/Stay.ini,,,,20,3,,,,,,NoTurn,,,,,,,,,,,,,
HSLJ_diaoxiang_txma,5008,Tượng Hoa Sơn Luận Kiếm Thiên Tâm Nam,0,0,,,30052,200,994,"Làm đỉnh Lăng Tuyệt, chiêm ngưỡng núi đồi!",,91,,,,,,,1500,1500,Setting/Npc/Ai/Stay.ini,,,,20,3,,,,,,NoTurn,,,,,,,,,,,,,
HSLJ_diaoxiang_txfe,5009,Tượng Hoa Sơn Luận Kiếm Thiên Tâm Nữ,0,0,,,30053,200,994,"Làm đỉnh Lăng Tuyệt, chiêm ngưỡng núi đồi!",,91,,,,,,,1500,1500,Setting/Npc/Ai/Stay.ini,,,,20,3,,,,,,NoTurn,,,,,,,,,,,,,
HSLJ_diaoxiang_zlma,5617,Trảm Liệt Tượng Hoa Sơn Luận Kiếm-Nam,0,0,,,30064,200,994,"Làm đỉnh Lăng Tuyệt, chiêm ngưỡng núi đồi!",,91,,,,,,,1500,1500,Setting/Npc/Ai/Stay.ini,,,,20,3,,,,,,NoTurn,,,,,,,,,,,,,
HSLJ_diaoxiang_zlfe,5618,Trảm Liệt Tượng Hoa Sơn Luận Kiếm-Nữ,0,0,,,30065,200,994,"Làm đỉnh Lăng Tuyệt, chiêm ngưỡng núi đồi!",,91,,,,,,,1500,1500,Setting/Npc/Ai/Stay.ini,,,,20,3,,,,,,NoTurn,,,,,,,,,,,,,
HSLJ_diaoxiang_ghma,5983,Tượng Hoa Sơn Luận Kiếm Nam Cô Hồng,0,0,,,30068,200,994,"Làm đỉnh Lăng Tuyệt, chiêm ngưỡng núi đồi!",,91,,,,,,,1500,1500,Setting/Npc/Ai/Stay.ini,,,,20,3,,,,,,NoTurn,,,,,,,,,,,,,
HSLJ_diaoxiang_ghfe,5984,Tượng Hoa Sơn Luận Kiếm Cô Hồng Nữ,0,0,,,30069,200,994,"Làm đỉnh Lăng Tuyệt, chiêm ngưỡng núi đồi!",,91,,,,,,,1500,1500,Setting/Npc/Ai/Stay.ini,,,,20,3,,,,,,NoTurn,,,,,,,,,,,,,
zhongqiu_dati,1895,Sứ Giả Trung Thu,2,1,,,183,200,994,Tiết Trung Thu chúc mọi người trong thiên hạ có thể đoàn viên. Ta có một số chủ đề ngươi có thể trả lời không? (4:00 mỗi ngày làm mới số lần Vấn Đáp),,1,21,1,,,,,,,Setting/Npc/Ai/CommonActive.ini,,,0,15,3,,,,,,,,,5,,,,,,,,,,
hd_yd_xuedui,2120,Đống Tuyết,5,0,,,553,200,994,,,100,,,,,,,560,980,Setting/Npc/Ai/Stay.ini,,,1,17,3,1,,,,,NoTurn,,,,,,,,,,1,,,
hd_yd_xueren_big,2121,Người Tuyết Nhỏ,2,0,NYSnowmanNpc,,555,200,994,,,100,,,,,,,560,980,Setting/Npc/Ai/Stay.ini,,,1,17,3,1,,,,,NoTurn,,,1,,,,,,,1,,,
hd_yd_xueren_big2,2151,Người Tuyết Tinh Nghịch,2,0,NYSnowmanNpc,,568,200,994,,,100,,,,,,,560,980,Setting/Npc/Ai/Stay.ini,,,1,17,3,1,,,,,NoTurn,,,2,,,,,,,1,,,
hd_yd_xueren_big3,2152,Người Tuyết Thường,2,0,NYSnowmanNpc,,569,200,994,,,100,,,,,,,560,980,Setting/Npc/Ai/Stay.ini,,,1,17,3,1,,,,,NoTurn,,,3,,,,,,,1,,,
hd_yd_xueren_big4,2153,Người Tuyết Tinh Xảo,2,0,NYSnowmanNpc,,570,200,994,,,100,,,,,,,560,980,Setting/Npc/Ai/Stay.ini,,,1,17,3,1,,,,,NoTurn,,,4,,,,,,,1,,,
hd_yd_xueren_big5,2154,Người Tuyết Lớn,2,0,NYSnowmanNpc,,571,200,994,,,100,,,,,,,560,980,Setting/Npc/Ai/Stay.ini,,,1,17,3,1,,,,,NoTurn,,,5,,,,,,,1,,,
hd_yd_xueren_big6,2155,Người Tuyết Khổng Lồ,2,0,NYSnowmanNpc,,572,200,994,,,100,,,,,,,560,980,Setting/Npc/Ai/Stay.ini,,,1,17,3,1,,,,,NoTurn,,,6,,,,,,,1,,,
hd_yd_xueren_big7,2156,Người Tuyết Siêu Cấp,2,0,NYSnowmanNpc,,573,200,994,,,100,,,,,,,560,980,Setting/Npc/Ai/Stay.ini,,,1,17,3,1,,,,,NoTurn,,,7,,,,,,,1,,,
hd__sd_shengdanshaonv,2122,Thiếu Nữ Giáng Sinh,5,0,,,1154,200,994,,,100,,,,,,,560,980,Setting/Npc/Ai/Stay.ini,,,,17,3,1,,,,,NoTurn,,,,,,,,,,,,,
hd__sd_shengdanlaoren,2123,Ông Già Giáng Sinh,2,0,,,1160,200,994,"Giáng Sinh đến rồi, chỗ ta có nhiều lễ vật, có muốn không?",,100,,,,,,,560,980,Setting/Npc/Ai/Stay.ini,,,,17,3,1,,,,,,,,,,,,,,,,,,
hd__sd_shengdanshu,2124,Cây Thông Giáng Sinh,5,0,,,554,200,994,,,100,,,,,,,560,980,Setting/Npc/Ai/Stay.ini,,,1,17,3,1,,,,,NoTurn,,,,,,,,,,1,,,
hd_dxz_nianshou,2125,Niên Thú,6,1,,,1159,200,994,,,100,,,,,,,560,980,Setting/Npc/Ai/Stay.ini,,,1,17,3,1,,,,,NoTurn,,,,,,,,,,1,,,
hd_dxz_nianshou1,2150,Niên Thú-Ẩn,6,1,,,469,200,994,,,100,,,,,,,560,980,Setting/Npc/Ai/Stay.ini,,,1,17,3,1,,,,,NoTurn,,,,,,,,1,,,,,
hd_dxz_bs01,2126,Ném Tuyết-Bé Trai,0,0,,,1155,200,994,,,100,,,,,,,560,980,Setting/Npc/Ai/Stay.ini,,,,17,3,1,,,,,NoTurn,,,,,,,,,,,,,
hd_dxz_bs02,2127,Ném Tuyết-Bé Gái,0,0,,,1156,200,994,,,100,,,,,,,560,980,Setting/Npc/Ai/Stay.ini,,,,17,3,1,,,,,NoTurn,,,,,,,,,,,,,
hd_dxz_bs03,2128,Nón Sư Tử-Bé Trai,0,0,,,1157,200,994,,,100,,,,,,,560,980,Setting/Npc/Ai/Stay.ini,,,,17,3,1,,,,,NoTurn,,,,,,,,,,,,,
hd_dxz_bs04,2129,Nón Sư Tử-Bé Gái,0,0,,,1158,200,994,,,100,,,,,,,560,980,Setting/Npc/Ai/Stay.ini,,,,17,3,1,,,,,NoTurn,,,,,,,,,,,,,
hd_hxs_bs01,4563,Trượt Tuyết-Nữ,0,0,,,1301,200,994,,,100,,,,,,,560,980,Setting/Npc/Ai/Stay.ini,,,,17,3,1,,,,,NoTurn,,,,,,,,,,,,,
hd_hxs_bs02,4564,Trượt Tuyết-Nam,0,0,,,1302,200,994,,,100,,,,,,,560,980,Setting/Npc/Ai/Stay.ini,,,,17,3,1,,,,,NoTurn,,,,,,,,,,,,,
hd_dxz_xueren01,2130,Người Tuyết Thần Kỳ,2,0,FubenDialogEvent,2|Đang thu thập|GatherNpc,539,992,992,,,100,,,,,,,560,980,Setting/Npc/Ai/Stay.ini,,,1,17,3,1,,,,,NoTurn,,,,,,,,,,1,,,
hd_dxz_xueren02,2131,Người Tuyết Thần Kỳ,2,0,FubenDialogEvent,2|Đang thu thập|GatherNpc,540,992,992,,,100,,,,,,,560,980,Setting/Npc/Ai/Stay.ini,,,1,17,3,1,,,,,NoTurn,,,,,,,,,,1,,,
hd_dxz_xueren03,2132,Người Tuyết Thần Kỳ,2,0,FubenDialogEvent,2|Đang thu thập|GatherNpc,543,992,992,,,100,,,,,,,560,980,Setting/Npc/Ai/Stay.ini,,,1,17,3,1,,,,,NoTurn,,,,,,,,,,1,,,
hd_dxz_xueren04,2133,Người Tuyết Thần Kỳ,2,0,FubenDialogEvent,2|Đang thu thập|GatherNpc,542,992,992,,,100,,,,,,,560,980,Setting/Npc/Ai/Stay.ini,,,1,17,3,1,,,,,NoTurn,,,,,,,,,,1,,,
hd_miehuo_huowa01,3719,Bé Lửa,0,0,,,1256,200,994,,,100,,,,,,,560,980,Setting/Npc/Ai/Stay.ini,,,,17,3,1,,,,,NoTurn,,,,,,,,,,,,,
hd_miehuo_shuiwa01,3706,Bé Nước,0,0,,,1257,200,994,,,100,,,,,,,560,980,Setting/Npc/Ai/Stay.ini,,,,17,3,1,,,,,NoTurn,,,,,,,,,,,,,
hd_miehuo_jineng01,3707,Côn Lôn Tuyết,2,0,WarOfIceAndFireDialogEvent,2|Đang thu thập|GatherNpc,553,992,992,,,100,,,,,,,560,980,Setting/Npc/Ai/Stay.ini,,,1,17,3,1,,,,,NoTurn,,,,,,,,,,1,,,
hd_miehuo_jineng02,3708,Côn Lôn Thủy,2,0,WarOfIceAndFireDialogEvent,2|Đang thu thập|GatherNpc,727,992,992,,,100,,,,,,,560,980,Setting/Npc/Ai/Stay.ini,,,1,17,3,1,,,,,NoTurn,,,,,,,,,,1,,,
hd_miehuo_jineng03,3709,Côn Lôn Thủy,2,0,WarOfIceAndFireDialogEvent,2|Đang thu thập|GatherNpc,679,992,992,,,100,,,,,,,560,980,Setting/Npc/Ai/Stay.ini,,,1,17,3,1,,,,,NoTurn,,,,,,,,,,1,,,
hd_miehuo_jineng04,3710,Côn Lôn Thủy,2,0,WarOfIceAndFireDialogEvent,2|Đang thu thập|GatherNpc,680,992,992,,,100,,,,,,,560,980,Setting/Npc/Ai/Stay.ini,,,1,17,3,1,,,,,NoTurn,,,,,,,,,,1,,,
hd_miehuo_jineng05,3711,Côn Lôn Thủy,2,0,WarOfIceAndFireDialogEvent,2|Đang thu thập|GatherNpc,728,992,992,,,100,,,,,,,560,980,Setting/Npc/Ai/Stay.ini,,,1,17,3,1,,,,,NoTurn,,,,,,,,,,1,,,
hd_miehuo_laolong01,3712,Lồng Thiên Hỏa,2,0,WarOfIceAndFireDialogEvent,2|Đang thu thập|GatherNpc,695,995,992,,,100,,,,,,,560,980,Setting/Npc/Ai/Stay.ini,,,1,17,3,1,,,,,NoTurn,,,,,,,,,,1,,,
hd_miehuo_bujian01,3713,Bánh Răng,2,0,WarOfIceAndFireDialogEvent,2|Đang thu thập|GatherNpc,20020,992,992,,,100,,,,,,,560,980,Setting/Npc/Ai/Stay.ini,,,1,17,3,1,,,,,NoTurn,,,,,,,,,,1,,,
hd_miehuo_bujian02,3714,Vòng Bi,2,0,WarOfIceAndFireDialogEvent,2|Đang thu thập|GatherNpc,20019,992,992,,,100,,,,,,,560,980,Setting/Npc/Ai/Stay.ini,,,1,17,3,1,,,,,NoTurn,,,,,,,,,,1,,,
hd_miehuo_bujian03,3715,Thủy Liên,2,0,WarOfIceAndFireDialogEvent,2|Đang thu thập|GatherNpc,3208,992,992,,,100,,,,,,,560,980,Setting/Npc/Ai/Stay.ini,,,1,17,3,1,,,,,NoTurn,,,,,,,,,,1,,,
hd_miehuo_bujian04,3716,Giáp,2,0,WarOfIceAndFireDialogEvent,2|Đang thu thập|GatherNpc,672,992,992,,,100,,,,,,,560,980,Setting/Npc/Ai/Stay.ini,,,1,17,3,1,,,,,NoTurn,,,,,,,,,,1,,,
hd_miehuo_jijia01,3717,Huyền Vũ Cơ Giáp,2,0,WarOfIceAndFireDialogEvent,2|Đang thu thập|GatherNpc,3219,992,992,,,100,,,,,,,560,980,Setting/Npc/Ai/Stay.ini,,,1,17,3,1,,,,,NoTurn,,,,,,,,,,1,,,
hd_miehuo_jijia02,3718,Huyền Vũ Cơ Giáp,2,0,,,1255,200,994,,,100,,,,,,,560,980,Setting/Npc/Ai/Stay.ini,,,,10,3,1,,,,,NoTurn,,,,,,,,,,,,,
hd_xiankong_bianshen01,4360,Ngự Miêu,2,0,,,1281,200,994,,,100,,,,,,,560,980,Setting/Npc/Ai/Stay.ini,,,,10,3,1,,,,,NoTurn,,,,,,,,,,,,,
hd_xiankong_bianshen02,4361,Toàn Thiên Thử,2,0,,,1293,200,994,,,100,,,,,,,560,980,Setting/Npc/Ai/Stay.ini,,,,10,3,1,,,,,NoTurn,,,,,,,,,,,,,
hd_xiankong_bianshen03,4362,Triệt Địa Thử,2,0,,,1294,200,994,,,100,,,,,,,560,980,Setting/Npc/Ai/Stay.ini,,,,10,3,1,,,,,NoTurn,,,,,,,,,,,,,
hd_xiankong_bianshen04,4363,Xuyên Sơn Thử,2,0,,,1295,200,994,,,100,,,,,,,560,980,Setting/Npc/Ai/Stay.ini,,,,10,3,1,,,,,NoTurn,,,,,,,,,,,,,
hd_xiankong_bianshen05,4364,Phiên Giang Thử,2,0,,,1296,200,994,,,100,,,,,,,560,980,Setting/Npc/Ai/Stay.ini,,,,10,3,1,,,,,NoTurn,,,,,,,,,,,,,
hd_xiankong_bianshen06,4365,Cẩm Mao Thử,2,0,,,1297,200,994,,,100,,,,,,,560,980,Setting/Npc/Ai/Stay.ini,,,,10,3,1,,,,,NoTurn,,,,,,,,,,,,,
hd_cljd_bs01,3892,Thuyền Rồng 1,0,0,,,1283,200,994,,,100,,,,,,,560,980,Setting/Npc/Ai/Stay.ini,,,,30,3,1,,,,,NoTurn,,,,,,,,,,,,,
hd_cljd_bs02,3893,Thuyền Rồng 2,0,0,,,1284,200,994,,,100,,,,,,,560,980,Setting/Npc/Ai/Stay.ini,,,,30,3,1,,,,,NoTurn,,,,,,,,,,,,,
Wanju_Lunyi,3884,Xe Đẩy,0,0,,,1282,992,992,,,100,,,,,,,560,980,Setting/Npc/Ai/Stay.ini,,,,18,3,1,,,,,NoTurn,,,,,,,,,,,,,
hd_htd_zc01,5639,Chiến Thuyền 1,0,0,,,1309,200,994,,,1225,,,,,,,560,980,Setting/Npc/Ai/Stay.ini,,,,7,3,1,,,,,NoTurn,,,,,,,,,,,,,
hd_htd_zc02,5640,Chiến Thuyền 2,0,0,,,1310,200,994,,,1225,,,,,,,560,980,Setting/Npc/Ai/Stay.ini,,,,7,3,1,,,,,NoTurn,,,,,,,,,,,,,
hd_htd_zc03,5641,Chiến Thuyền 3,0,0,,,1311,200,994,,,1225,,,,,,,560,980,Setting/Npc/Ai/Stay.ini,,,,10,3,1,,,,,NoTurn,,,,,,,,,,,,,
hd_dxz_xueren05,2134,Người Tuyết Nhỏ,0,0,,,541,992,992,,,100,,,,,,,560,980,Setting/Npc/Ai/Stay.ini,,,1,17,3,1,,,,,NoTurn,,,,,,,,,,1,,,
hd_dxz_xueren06,2135,Đống Tuyết,2,0,FubenDialogEvent,2|Đang thu thập|GatherNpc,553,992,992,,,100,,,,,,,560,980,Setting/Npc/Ai/Stay.ini,,,1,17,3,1,,,,,NoTurn,,,,,,,,,,1,,,
hd_dxz_xianjing01,2136,Bẫy Băng Nguyên,2,0,FubenDialogEvent,1|Đang thu thập...|GatherNpc,544,992,992,,,100,,,,,,,560,980,Setting/Npc/Ai/Stay.ini,,,1,17,3,1,,,,,NoTurn,,,,,,,,,,1,,,
hd_dxz_xianjing02,2137,Bẫy Băng Nguyên,2,0,FubenDialogEvent,1|Đang thu thập...|GatherNpc,545,992,992,,,100,,,,,,,560,980,Setting/Npc/Ai/Stay.ini,,,1,17,3,1,,,,,NoTurn,,,,,,,,,,1,,,
hd_dxz_xianjing03,2138,Bẫy Băng Nguyên,2,0,FubenDialogEvent,1|Đang thu thập...|GatherNpc,546,992,992,,,100,,,,,,,560,980,Setting/Npc/Ai/Stay.ini,,,1,17,3,1,,,,,NoTurn,,,,,,,,,,1,,,
hd_dxz_xianjing04,2139,Bẫy Băng Nguyên,2,0,FubenDialogEvent,1|Đang thu thập...|GatherNpc,547,992,992,,,100,,,,,,,560,980,Setting/Npc/Ai/Stay.ini,,,1,17,3,1,,,,,NoTurn,,,,,,,,,,1,,,
hd_dxz_xianjing05,2140,Bẫy Băng Nguyên,2,0,FubenDialogEvent,1|Đang thu thập...|GatherNpc,548,992,992,,,100,,,,,,,560,980,Setting/Npc/Ai/Stay.ini,,,1,17,3,1,,,,,NoTurn,,,,,,,,,,1,,,
hd_dxz_shenfu01,2141,Tuyết Nguyên Phù,2,0,FubenDialogEvent,1|Đang thu thập...|GatherNpc,549,992,992,,,100,,,,,,,560,980,Setting/Npc/Ai/Stay.ini,,,1,17,3,1,,,,,NoTurn,,,,,,,,,,1,,,
hd_dxz_shenfu02,2142,Tuyết Nguyên Phù,2,0,FubenDialogEvent,1|Đang thu thập...|GatherNpc,550,992,992,,,100,,,,,,,560,980,Setting/Npc/Ai/Stay.ini,,,1,17,3,1,,,,,NoTurn,,,,,,,,,,1,,,
hd_dxz_shenfu03,2143,Tuyết Nguyên Phù,2,0,FubenDialogEvent,1|Đang thu thập...|GatherNpc,551,992,992,,,100,,,,,,,560,980,Setting/Npc/Ai/Stay.ini,,,1,17,3,1,,,,,NoTurn,,,,,,,,,,1,,,
hd_dxz_shenfu04,2144,Tuyết Nguyên Phù,2,0,FubenDialogEvent,1|Đang thu thập...|GatherNpc,552,992,992,,,100,,,,,,,560,980,Setting/Npc/Ai/Stay.ini,,,1,17,3,1,,,,,NoTurn,,,,,,,,,,1,,,
hd_yx_huadeng,2145,Hoa Đăng,2,0,,,556,200,994,,,100,,,,,,,560,980,Setting/Npc/Ai/Stay.ini,,,1,17,3,1,,,,,NoTurn,,,,,,,,,,,,,
hd_zs_tree01,2146,Mầm Non Xanh,2,0,,,557,200,994,,,100,,,,,,,560,980,Setting/Npc/Ai/Stay.ini,,,1,17,3,1,,,,,NoTurn,,,,,,,,,,,,,
hd_zs_tree02,2147,Cây Nhỏ,2,0,,,558,200,994,,,100,,,,,,,560,980,Setting/Npc/Ai/Stay.ini,,,1,17,3,1,,,,,NoTurn,,,,,,,,,,,,,
hd_zs_tree03,2148,Cây To,2,0,,,559,200,994,,,100,,,,,,,560,980,Setting/Npc/Ai/Stay.ini,,,1,17,3,1,,,,,NoTurn,,,,,,,,,,,,,
hd_zs_tree04,2149,Cây Chọc Trời,2,0,,,560,200,994,,,100,,,,,,,560,980,Setting/Npc/Ai/Stay.ini,,,1,17,3,1,,,,,NoTurn,,,,,,,,,,,,,
Hd_cyjl_1,2051,NPC Ghép Câu Nối Chữ,0,1,FubenDeath,,190,,993,,30,403,166,1,200,1,,,500,500,Setting/Npc/Ai/CommonPassive.ini,,,1,18,1,,,,,,,,,,1,,,,,,,,,
jiebai_npc,2056,Nạp Lan Tiềm Lẫm,2,1,SwornFriendsNpc2,,187,212,312,,,1,21,1,,,,,,,Setting/Npc/Ai/CommonActive.ini,,,0,15,1,,,,,,,,,,,,,,,,,,,
hd_yd_xueren_box,2159,Rương Người Tuyết,2,0,NYSnowmanBox,,574,200,994,,,100,,,,,,,560,980,Setting/Npc/Ai/Stay.ini,,,1,17,3,1,,,,,NoTurn,,,1,,,,,,,,,,
hd_yd_xueren_box2,2160,Rương Người Tuyết,2,0,NYSnowmanBox,,574,200,994,,,100,,,,,,,560,980,Setting/Npc/Ai/Stay.ini,,,1,17,3,1,,,,,NoTurn,,,2,,,,,,,,,,
hd_yd_xueren_box3,2161,Rương Người Tuyết,2,0,NYSnowmanBox,,574,200,994,,,100,,,,,,,560,980,Setting/Npc/Ai/Stay.ini,,,1,17,3,1,,,,,NoTurn,,,3,,,,,,,,,,
hd_yd_xueren_box4,2162,Rương Người Tuyết,2,0,NYSnowmanBox,,574,200,994,,,100,,,,,,,560,980,Setting/Npc/Ai/Stay.ini,,,1,17,3,1,,,,,NoTurn,,,4,,,,,,,,,,
hd_yd_xueren_box5,2163,Rương Người Tuyết,2,0,NYSnowmanBox,,574,200,994,,,100,,,,,,,560,980,Setting/Npc/Ai/Stay.ini,,,1,17,3,1,,,,,NoTurn,,,5,,,,,,,,,,
hd_yd_xueren_box6,2164,Rương Người Tuyết,2,0,NYSnowmanBox,,574,200,994,,,100,,,,,,,560,980,Setting/Npc/Ai/Stay.ini,,,1,17,3,1,,,,,NoTurn,,,6,,,,,,,,,,
hd_yd_xueren_box7,2165,Rương Người Tuyết,2,0,NYSnowmanBox,,574,200,994,,,100,,,,,,,560,980,Setting/Npc/Ai/Stay.ini,,,1,17,3,1,,,,,NoTurn,,,7,,,,,,,,,,
Partner_skill_bq,2166,,7,1,,,523,,300,,,31,3227,1,836,1,,,1500,1500,Setting/Npc/Ai/partner/partner_qinshihuang_hujia.ini,,,1,18,3,,,,,,,,,1,,,,,,,,1,,
hd_ny_nianhuo,2171,Hàng Hóa,2,0,MonsterNianDlgNpc,,574,200,994,,,100,,,,,,,1000,1000,Setting/Npc/Ai/Stay.ini,,,1,20,3,1,,,,,NoTurn,,,2,,,,,,,1,,,
hd_ny_nianshou,2172,Niên Thú Hung Dữ,0,1,,,576,200,994,,,10000,91,1,3523,1,,,1000,1000,Setting/Npc/Ai/Activity/nianshou.ini,,,1,20,3,,,,,,,,,6,,,,,,,1,1,,
hd_ny_yanhua,2173,Pháo Hoa Rơi,2,0,FireworkPickNpc,,566,200,994,,,100,,,,,,,1000,1000,Setting/Npc/Ai/Stay.ini,,,1,20,3,1,,,,,NoTurn,,,2,,,,,,,1,,,
hd_ny_houzi,2174,Khỉ Con,0,1,,,575,,,,2700,3,1032,1,,,,,600,600,Setting/Npc/Ai/CommonActive.ini,,,1,18,,,21,,,,,,,,,,,,,,,,,
hd_ny_nianshoubox,2185,Rương Năm Mới,2,0,MonsterNianGatherBox,3713,352,995,300,,,100,,,,,,,560,980,Setting/Npc/Ai/Stay.ini,,,1,17,3,1,,,,,NoTurn,,,1,,,,,,,1,,,
House_npc,2279,Dĩnh Bảo Bảo,2,1,HouseManagerNpc,,1178,,993,Đại hiệp cần tạo phòng không?,,1,56,1,1697,1,,,,,Setting/Npc/Ai/CommonActive.ini,,,0,15,3,,,,,,,,,,,,,,,,,,,
House_npc_ajiao,6072,Chung Hân Đồng-A Kiều,2,1,AJiaoCityNpc,,200,,993,"Giang hồ kiếm hiệp quả thật phong cảnh hữu tình, nhân tài tụ hội!",,1,56,1,1697,1,,,,,Setting/Npc/Ai/CommonActive.ini,,,0,15,3,,,,,,,,,,,,,,,,,,,
JiaYuan_npc_ajiao,6073,Chung Hân Đồng-A Kiều,2,1,,,200,,993,"Giang hồ kiếm hiệp quả thật phong cảnh hữu tình, nhân tài tụ hội!",,1,56,1,1697,1,,,,,Setting/Npc/Ai/CommonActive.ini,,,0,15,3,,,,,,,,,,,,,,,,,,,
BeautyPageant_npc1,2304,Sứ Giả Truyền Thông Võ Lâm Tinh Tú,0,0,,,565,,993,,,1,,,,,,,,,Setting/Npc/Ai/KeepMoving.ini,,,0,10,3,,,,,,,,10,,,,,,,,,,,
BeautyPageant_npc2,2305,Sứ Giả Truyền Thông Võ Lâm Tinh Tú,0,0,,,565,,993,,,1,,,,,,,,,Setting/Npc/Ai/KeepMoving.ini,,,0,10,3,,,,,,,,10,,,,,,,,,,,
BeautyPageant_diaoxiang,2306,Tượng Bầu Chọn Võ Lâm 102,0,0,SexBeautyPageantStatue,,565,,993,,,1,,,,,,,,,Setting/Npc/Ai/KeepMoving.ini,,,0,10,3,,,,,,NoTurn,,10,5,,,,,,,,,,
BeautyPageant_diaoxiang2,2336,Tượng Võ Lâm Kỳ Tài,0,0,BeautyPageantStatue,,565,,993,,,1,,,,,,,,,Setting/Npc/Ai/KeepMoving.ini,,,0,10,3,,,,,,NoTurn,,10,5,,,,,,,,,,
Daiyanren_lingengxin,2324,Lâm Dũ Cựu,2,1,,,1179,,,"Ta có trà, ngươi có truyện chứ?",,1,56,1,1696,1,,,,,,,,0,15,1,,,,,,,,,,,,,,,,,,,
Daiyanren_zhaoliying,2325,Dĩnh Bảo Bảo,2,1,,,1178,,,"Thương sinh huyết lệ thiên phàm tận, đồng châu cộng tế dữ quân hoàn",,1,56,1,1697,1,,,,,,,,0,15,1,,,,,,,,,,,,,,,,,,,
Daiyanren_City_lingengxin,2326,Lâm Dũ Cựu,2,1,SampleHouseManagerNpc,,1179,,,Mong đại hiệp ghé qua tệ xá,,1,56,1,1696,1,,,,,,,,0,15,1,,,,,,,,,,,,,,,,,,,
Daiyanren_City_zhaoliying,2327,Dĩnh Bảo Bảo,2,1,ProlocutorNpc,,1178,,,Nếu không chê mời ghé qua tệ xá của tại hạ,,1,56,1,1697,1,,,,,,,,0,15,1,,,,,,,,,,,,,,,,,,,
Daiyanren_House_lingengxin,2330,Lâm Dũ Cựu,0,1,,,1179,,,,,1,56,1,1696,1,,,,,Setting/Npc/Ai/KeepMoving.ini,,,0,8,1,,,,,,,,8,,,,,,,,,,,
Daiyanren_House_zhaoliying,2331,Dĩnh Bảo Bảo,2,1,,,1178,,,Hoan nghênh quý khách đến hàn xá.,,1,56,1,1697,1,,,,,Setting/Npc/Ai/KeepMoving.ini,,,0,7,1,,,,,,,,,,,,,,,,,,,
Daiyanren_House_ajiao,6071,Chung Hân Đồng-A Kiều,0,1,AJiaoNpc,,200,,,Hoan nghênh quý khách đến hàn xá.,,1,56,1,1697,1,,,,,Setting/Npc/Ai/KeepMoving.ini,,,0,7,1,,,,,,,,,,,,,,,,,,,
Marry_ManLevel1,2353,Tân Lang,0,0,,,601,,,,,1,,,,,,,,,Setting/Npc/Ai/KeepMoving.ini,,,0,7,3,,,,,,,,7,,,,,,,,,,,
Marry_ManLevel2,2354,Tân Lang,0,0,,,590,,,,,1,,,,,,,,,Setting/Npc/Ai/KeepMoving.ini,,,0,7,3,,,,,,,,7,,,,,,,,,,,
Marry_ManLevel3,2355,Tân Lang,0,0,,,591,,,,,1,,,,,,,,,Setting/Npc/Ai/KeepMoving.ini,,,0,7,3,,,,,,,,7,,,,,,,,,,,
Marry_ManLevel4,6373,Tân Lang,0,0,,,5003,,,,,1,,,,,,,,,Setting/Npc/Ai/KeepMoving.ini,,,0,7,3,,,,,,,,7,,,,,,,,,,,
Marry_WomanLevel1,2356,Tân Nương,0,0,,,602,,,,,1,,,,,,,,,Setting/Npc/Ai/KeepMoving.ini,,,0,7,3,,,,,,,,7,,,,,,,,,,,
Marry_WomanLevel2,2357,Tân Nương,0,0,,,603,,,,,1,,,,,,,,,Setting/Npc/Ai/KeepMoving.ini,,,0,7,3,,,,,,,,7,,,,,,,,,,,
Marry_WomanLevel3,2358,Tân Nương,0,0,,,604,,,,,1,,,,,,,,,Setting/Npc/Ai/KeepMoving.ini,,,0,7,3,,,,,,,,7,,,,,,,,,,,
Marry_WomanLevel4,6374,Tân Nương,0,0,,,5004,,,,,1,,,,,,,,,Setting/Npc/Ai/KeepMoving.ini,,,0,7,3,,,,,,,,7,,,,,,,,,,,
Marry_LoliLevel1,2359,Tân Nương (Nữ Loli) ,0,0,,,605,,,,,1,,,,,,,,,Setting/Npc/Ai/KeepMoving.ini,,,0,7,3,,,,,,,,7,,,,,,,,,,,
Marry_LoliLevel2,2360,Tân Nương (Nữ Loli) ,0,0,,,606,,,,,1,,,,,,,,,Setting/Npc/Ai/KeepMoving.ini,,,0,7,3,,,,,,,,7,,,,,,,,,,,
Marry_LoliLevel3,2361,Tân Nương (Nữ Loli) ,0,0,,,607,,,,,1,,,,,,,,,Setting/Npc/Ai/KeepMoving.ini,,,0,7,3,,,,,,,,7,,,,,,,,,,,
Marry_LoliLevel4,6375,Tân Nương (Nữ Loli) ,0,0,,,5005,,,,,1,,,,,,,,,Setting/Npc/Ai/KeepMoving.ini,,,0,7,3,,,,,,,,7,,,,,,,,,,,
Marry_huajiaoLevel1,2362,Kiệu Hoa,0,0,,,596,,,,,1,,,,,,,,,Setting/Npc/Ai/KeepMoving.ini,,,0,7,3,,,,,,,,7,,,,,,,,,,,
Marry_huajiaoLoliLevel1,2365,Kiệu Hoa Nữ Loli,0,0,,,597,,,,,1,,,,,,,,,Setting/Npc/Ai/KeepMoving.ini,,,0,7,3,,,,,,,,7,,,,,,,,,,,
Marry_HorseLevel3,2370,Tân Lang Cưỡi Ngựa,0,0,,,598,,,,,1,,,,,,,,,Setting/Npc/Ai/KeepMoving.ini,,,0,7,3,,,,,,,,7,,,,,,,,,,,
Marry_yuelao,2371,Nguyệt Lão,2,0,YueLaoNpc,CityNpc,600,9041,,Đại hiệp đến đây để tìm một nửa kia của mình?,,1,,,,,,,,,Setting/Npc/Ai/KeepMoving.ini,,,0,7,3,,125,,,,,,7,,,,,,,,,,,
Marry_Fuben_yuelao,2535,Nguyệt Lão,2,0,YueLaoNpc,FubenNpc,600,9041,,"Trai anh hùng, gái thuyền quyên",,1,,,,,,,,,Setting/Npc/Ai/KeepMoving.ini,,,0,7,3,,125,,,,,,7,,,,,,,,,,,
Marry_hongniang,2372,Hồng Nương,2,0,hongNiangNpc,,599,9039,,Nguyện bên nhau đến bạc đầu.,,1,,,,,,,,,Setting/Npc/Ai/KeepMoving.ini,,,0,7,3,,126,,,,,,7,,,,,,,,,,,
Marry_huatong1,2373,Phụng Hỉ,2,0,HuaTongNpc,,595,9040,,"Hi hi, ngươi có phải đã thích ai đó không? Nói ra không chừng Nguyệt gia gia sẽ giúp được ngươi.",,1,,,,,,,,,Setting/Npc/Ai/KeepMoving.ini,,,1,7,3,,124,,,,,,7,,,,,,,,,,,
Marry_huatong2,2374,,0,0,,,594,,,Phụng Hỉ (Rải hoa) (Khi diễu hành cố định tọa độ),,1,,,,,,,,,Setting/Npc/Ai/KeepMoving.ini,,,0,7,3,,,,,,,,7,,,,,,,,,,,
Marry_chuisuona,2375,,0,0,,,592,,,Thổi Tiêu (Khi diễu hành cố định tọa độ),,1,,,,,,,,,Setting/Npc/Ai/KeepMoving.ini,,,0,7,3,,,,,,,,7,,,,,,,,,,,
Marry_qiaoluo,2376,,0,0,,,593,,,Khua Chiêng (Khi diễu hành cố định tọa độ),,1,,,,,,,,,Setting/Npc/Ai/KeepMoving.ini,,,0,7,3,,,,,,,,7,,,,,,,,,,,
MarryTourMap_hongniang,2385,,0,0,,,599,,,Hồng Nương (Diễu hành) (Chưa từng sử dụng),,1,,,,,,,,,Setting/Npc/Ai/KeepMoving.ini,,,0,7,3,,,,,,,,7,,,,,,,,,,,
MarryTourMap_huatong1,2386,,0,0,,,594,,,Phụng Hỉ 1 (Hoa Đồng trong đội cùng khu vực),,1,,,,,,,,,Setting/Npc/Ai/KeepMoving.ini,,,0,7,3,,,,,,,,7,,,,,,,,,,,
MarryTourMap_huatong2,2387,,0,0,,,594,,,Phụng Hỉ 2 (Hoa Đồng trong đội cùng khu vực),,1,,,,,,,,,Setting/Npc/Ai/KeepMoving.ini,,,0,7,3,,,,,,,,7,,,,,,,,,,,
MarryTourMap_huatong3,2388,,0,0,,,594,,,Phụng Hỉ 3 (Hoa Đồng điểm đầu trong đội diễu hành),,1,,,,,,,,,Setting/Npc/Ai/KeepMoving.ini,,,0,7,3,,,,,,,,7,,,,,,,,,,,
MarryTourMap_huatong4,2389,,0,0,,,594,,,Phụng Hỉ 4 (Hoa Đồng điểm đầu trong đội diễu hành),,1,,,,,,,,,Setting/Npc/Ai/KeepMoving.ini,,,0,7,3,,,,,,,,7,,,,,,,,,,,
MarryTourMap_huatong5,2638,,0,0,WeddingTourNpc,,594,,,"Phụng Hỉ 3 (Diễu hành kết thúc, Hoa Đồng 1 phụ trách rao tin)",,1,,,,,,,,,Setting/Npc/Ai/KeepMoving.ini,,,0,7,3,,,,,,,,7,,,,,,,,,,,
MarryTourMap_huatong6,2639,,0,0,WeddingTourNpc,,594,,,"Phụng Hỉ 4 (Diễu hành kết thúc, Hoa Đồng 2 phụ trách rao tin)",,1,,,,,,,,,Setting/Npc/Ai/KeepMoving.ini,,,0,7,3,,,,,,,,7,,,,,,,,,,,
MarryTourMap_chuisuona1,2390,,0,0,,,592,,,Thổi Tiêu 1 (Chưa từng sử dụng),,1,,,,,,,,,Setting/Npc/Ai/KeepMoving.ini,,,0,7,3,,,,,,,,7,,,,,,,,,,,
MarryTourMap_chuisuona2,2391,,0,0,,,592,,,Thổi Tiêu 2 (Chưa từng sử dụng),,1,,,,,,,,,Setting/Npc/Ai/KeepMoving.ini,,,0,7,3,,,,,,,,7,,,,,,,,,,,
MarryTourMap_chuisuona3,2394,,0,0,,,592,,,Thổi Tiêu 3 (Chưa từng sử dụng),,1,,,,,,,,,Setting/Npc/Ai/KeepMoving.ini,,,0,7,3,,,,,,,,7,,,,,,,,,,,
MarryTourMap_chuisuona4,2395,,0,0,,,592,,,Thổi Tiêu 4 (Chưa từng sử dụng),,1,,,,,,,,,Setting/Npc/Ai/KeepMoving.ini,,,0,7,3,,,,,,,,7,,,,,,,,,,,
MarryTourMap_qiaoluo1,2392,,0,0,,,593,,,Khua Chiêng 1 (Chưa từng sử dụng),,1,,,,,,,,,Setting/Npc/Ai/KeepMoving.ini,,,0,7,3,,,,,,,,7,,,,,,,,,,,
MarryTourMap_qiaoluo2,2393,,0,0,,,593,,,Khua Chiêng 2 (Chưa từng sử dụng),,1,,,,,,,,,Setting/Npc/Ai/KeepMoving.ini,,,0,7,3,,,,,,,,7,,,,,,,,,,,
Marry_bianpao,2396,Pháo Hoa Vui Vẻ,0,0,,,612,,,,,1,,,,,,,,,Setting/Npc/Ai/KeepMoving.ini,,,0,7,3,,,,,,NoTurn,,7,,,,,,,,,,,
Marry_box,2397,Hộp Quà Kẹo Hỉ,2,1,WeddingCandyNpc,,613,9038,,,,1,,,,,,,,,Setting/Npc/Ai/KeepMoving.ini,,,0,7,3,,,,,,NoTurn,,7,,,,,,,,,,,
Marry_tongxinguo,2398,Quả Đồng Tâm,2,1,ConcentricFruitNpc,,614,9037,,,,1,,,,,,,,,Setting/Npc/Ai/KeepMoving.ini,,,0,7,3,,,,,,NoTurn,,7,,,,,,,,,,,
Marry1_TableFood_1,2537,Nhân Duyên Mỹ Mãn,2,1,WeddingTableNpc,60,20010,9034,,,,1,,,,,,,,,Setting/Npc/Ai/KeepMoving.ini,,,0,,3,,,,,,NoTurn,,,,,,,,,,,,,
Marry1_TableFood_2,2538,Hỉ Khánh Mãn Đường,2,1,WeddingTableNpc,60,20010,9034,,,,1,,,,,,,,,Setting/Npc/Ai/KeepMoving.ini,,,0,,3,,,,,,NoTurn,,,,,,,,,,,,,
Marry1_TableFood_3,2539,Hoa Hảo Nguyệt Viên,2,1,WeddingTableNpc,60,20010,9034,,,,1,,,,,,,,,Setting/Npc/Ai/KeepMoving.ini,,,0,,3,,,,,,NoTurn,,,,,,,,,,,,,
Marry1_TableFood_4,2540,Vĩnh Kết Liên Lý,2,1,WeddingTableNpc,60,20010,9034,,,,1,,,,,,,,,Setting/Npc/Ai/KeepMoving.ini,,,0,,3,,,,,,NoTurn,,,,,,,,,,,,,
Marry1_TableFood_5,2541,Bách Niên Hảo Hợp,2,1,WeddingTableNpc,60,20010,9034,,,,1,,,,,,,,,Setting/Npc/Ai/KeepMoving.ini,,,0,,3,,,,,,NoTurn,,,,,,,,,,,,,
DiamondMarry1_TableFood_1,4956,Kim Toàn Giai Ngẫu,2,1,WeddingTableNpc,60,20010,9034,,,,1,,,,,,,,,Setting/Npc/Ai/KeepMoving.ini,,,0,,3,,,,,,NoTurn,,,,,,,,,,,,,
DiamondMarry1_TableFood_3,4957,Nhật Nguyệt Đồng Huy,2,1,WeddingTableNpc,60,20010,9034,,,,1,,,,,,,,,Setting/Npc/Ai/KeepMoving.ini,,,0,,3,,,,,,NoTurn,,,,,,,,,,,,,
DiamondMarry1_TableFood_4,4958,Kháng Lệ Tình Thâm,2,1,WeddingTableNpc,60,20010,9034,,,,1,,,,,,,,,Setting/Npc/Ai/KeepMoving.ini,,,0,,3,,,,,,NoTurn,,,,,,,,,,,,,
DiamondMarry1_TableFood_5,4959,Duyên Trời Định,2,1,WeddingTableNpc,60,20010,9034,,,,1,,,,,,,,,Setting/Npc/Ai/KeepMoving.ini,,,0,,3,,,,,,NoTurn,,,,,,,,,,,,,
Marry2_TableFood_1,2542,Nhân Duyên Mỹ Mãn,2,1,WeddingTableNpc,60,20011,9035,,,,1,,,,,,,,,Setting/Npc/Ai/KeepMoving.ini,,,0,,3,,,,,,NoTurn,,,,,,,,,,,,,
Marry2_TableFood_2,2543,Hỉ Khánh Mãn Đường,2,1,WeddingTableNpc,60,20011,9035,,,,1,,,,,,,,,Setting/Npc/Ai/KeepMoving.ini,,,0,,3,,,,,,NoTurn,,,,,,,,,,,,,
Marry2_TableFood_3,2544,Hoa Hảo Nguyệt Viên,2,1,WeddingTableNpc,60,20011,9035,,,,1,,,,,,,,,Setting/Npc/Ai/KeepMoving.ini,,,0,,3,,,,,,NoTurn,,,,,,,,,,,,,
Marry2_TableFood_4,2545,Vĩnh Kết Liên Lý,2,1,WeddingTableNpc,60,20011,9035,,,,1,,,,,,,,,Setting/Npc/Ai/KeepMoving.ini,,,0,,3,,,,,,NoTurn,,,,,,,,,,,,,
Marry2_TableFood_5,2546,Bách Niên Hảo Hợp,2,1,WeddingTableNpc,60,20011,9035,,,,1,,,,,,,,,Setting/Npc/Ai/KeepMoving.ini,,,0,,3,,,,,,NoTurn,,,,,,,,,,,,,
DiamondMarry2_TableFood_1,4960,Kim Toàn Giai Ngẫu,2,1,WeddingTableNpc,60,20011,9035,,,,1,,,,,,,,,Setting/Npc/Ai/KeepMoving.ini,,,0,,3,,,,,,NoTurn,,,,,,,,,,,,,
DiamondMarry2_TableFood_3,4961,Nhật Nguyệt Đồng Huy,2,1,WeddingTableNpc,60,20011,9035,,,,1,,,,,,,,,Setting/Npc/Ai/KeepMoving.ini,,,0,,3,,,,,,NoTurn,,,,,,,,,,,,,
DiamondMarry2_TableFood_4,4962,Kháng Lệ Tình Thâm,2,1,WeddingTableNpc,60,20011,9035,,,,1,,,,,,,,,Setting/Npc/Ai/KeepMoving.ini,,,0,,3,,,,,,NoTurn,,,,,,,,,,,,,
DiamondMarry2_TableFood_5,4963,Duyên Trời Định,2,1,WeddingTableNpc,60,20011,9035,,,,1,,,,,,,,,Setting/Npc/Ai/KeepMoving.ini,,,0,,3,,,,,,NoTurn,,,,,,,,,,,,,
Marry3_TableFood_1,2547,Nhân Duyên Mỹ Mãn,2,1,WeddingTableNpc,60,20012,9036,,,,1,,,,,,,,,Setting/Npc/Ai/KeepMoving.ini,,,0,,3,,,,,,NoTurn,,,,,,,,,,,,,
Marry3_TableFood_2,2548,Hỉ Khánh Mãn Đường,2,1,WeddingTableNpc,60,20012,9036,,,,1,,,,,,,,,Setting/Npc/Ai/KeepMoving.ini,,,0,,3,,,,,,NoTurn,,,,,,,,,,,,,
Marry3_TableFood_3,2549,Hoa Hảo Nguyệt Viên,2,1,WeddingTableNpc,60,20012,9036,,,,1,,,,,,,,,Setting/Npc/Ai/KeepMoving.ini,,,0,,3,,,,,,NoTurn,,,,,,,,,,,,,
Marry3_TableFood_4,2550,Vĩnh Kết Liên Lý,2,1,WeddingTableNpc,60,20012,9036,,,,1,,,,,,,,,Setting/Npc/Ai/KeepMoving.ini,,,0,,3,,,,,,NoTurn,,,,,,,,,,,,,
Marry3_TableFood_5,2551,Bách Niên Hảo Hợp,2,1,WeddingTableNpc,60,20012,9036,,,,1,,,,,,,,,Setting/Npc/Ai/KeepMoving.ini,,,0,,3,,,,,,NoTurn,,,,,,,,,,,,,
DiamondMarry3_TableFood_1,4964,Kim Toàn Giai Ngẫu,2,1,WeddingTableNpc,60,20012,9036,,,,1,,,,,,,,,Setting/Npc/Ai/KeepMoving.ini,,,0,,3,,,,,,NoTurn,,,,,,,,,,,,,
DiamondMarry3_TableFood_3,4965,Nhật Nguyệt Đồng Huy,2,1,WeddingTableNpc,60,20012,9036,,,,1,,,,,,,,,Setting/Npc/Ai/KeepMoving.ini,,,0,,3,,,,,,NoTurn,,,,,,,,,,,,,
DiamondMarry3_TableFood_4,4966,Kháng Lệ Tình Thâm,2,1,WeddingTableNpc,60,20012,9036,,,,1,,,,,,,,,Setting/Npc/Ai/KeepMoving.ini,,,0,,3,,,,,,NoTurn,,,,,,,,,,,,,
DiamondMarry3_TableFood_5,4967,Duyên Trời Định,2,1,WeddingTableNpc,60,20012,9036,,,,1,,,,,,,,,Setting/Npc/Ai/KeepMoving.ini,,,0,,3,,,,,,NoTurn,,,,,,,,,,,,,
Marry_gouhuo,2552,,4,0,GouHuoNpc,all|30000|10|250|0|147,469,,,,,,,,,,,,,,,,,0,,,,,,,,,,,,,,,,0,,,,,
Marry2_gouhuo,2629,,4,0,GouHuoNpc,all|30000|10|340|0|161,469,,,,,,,,,,,,,,,,,0,,,,,,,,,,,,,,,,0,,,,,
Marry3_gouhuo,2630,,4,0,GouHuoNpc,all|30000|10|340|0|161,469,,,,,,,,,,,,,,,,,0,,,,,,,,,,,,,,,,0,,,,,
Marry1_Table,2556,,0,0,,60,20002,,,Bàn Trống 1,,1,,,,,,,,,Setting/Npc/Ai/KeepMoving.ini,,,0,,3,,,,,,NoTurn,,,,,,,,,,,,,
Marry2_Table,2557,,0,0,,60,20005,,,Bàn Trống 2,,1,,,,,,,,,Setting/Npc/Ai/KeepMoving.ini,,,0,,3,,,,,,NoTurn,,,,,,,,,,,,,
Marry3_Table,2558,,0,0,,60,20008,,,Bàn Trống 3,,1,,,,,,,,,Setting/Npc/Ai/KeepMoving.ini,,,0,,3,,,,,,NoTurn,,,,,,,,,,,,,
test_yewuxing,2449,Diệp Vô Tâm,0,1,,,1217,,,,,611,166,1,200,1,,,600,600,Setting/Npc/Ai/CommonPassive.ini,1,Setting/Npc/DropFile/yewai/yewai_100.tab,1,18,1,,,,,,,1,,,16,,,,,,,,,
test_yeqingyang,2450,Diệp Thanh Dương,0,1,,,1218,,,,,611,166,1,200,1,,,600,600,Setting/Npc/Ai/CommonPassive.ini,1,Setting/Npc/DropFile/yewai/yewai_100.tab,1,18,1,,,,,,,1,,,16,,,,,,,,,
test_xiaoyuzhu,2451,Tiêu Ngọc Trúc,0,1,,,1219,,,,,611,166,1,200,1,,,600,600,Setting/Npc/Ai/CommonPassive.ini,1,Setting/Npc/DropFile/yewai/yewai_100.tab,1,18,1,,,,,,,1,,,16,,,,,,,,,
test_bingyi,2452,Băng Nghi,0,1,,,1210,,,,,611,166,1,200,1,,,600,600,Setting/Npc/Ai/CommonPassive.ini,1,Setting/Npc/DropFile/yewai/yewai_100.tab,1,18,1,,,,,,,1,,,16,,,,,,,,,
Marry3_wanjincai,2624,Vạn Kim Tài,0,0,,,146,,,,,1,,,,,,,,,Setting/Npc/Ai/KeepMoving.ini,,,0,10,3,,,,,,,,10,,,,,,,,,,,
Marry3_lingengxin,2625,Lâm Dũ Cựu,0,0,,,1179,,,,,1,,,,,,,,,Setting/Npc/Ai/KeepMoving.ini,,,0,10,3,,,,,,,,10,,,,,,,,,,,
Marry3_xiaocaiyan,2626,Tiểu Tử Yên,0,0,,,191,,,,,1,,,,,,,,,Setting/Npc/Ai/KeepMoving.ini,,,0,10,3,,,,,,,,10,,,,,,,,,,,
Marry3_xiaoyinfang,2627,Ân Phương,0,0,,,125,,,,,1,,,,,,,,,Setting/Npc/Ai/KeepMoving.ini,,,0,10,3,,,,,,,,10,,,,,,,,,,,
Marry3_xiaoyintong,2628,Tiểu Ân Đồng,0,0,,,192,,,,,1,,,,,,,,,Setting/Npc/Ai/KeepMoving.ini,,,0,10,3,,,,,,,,10,,,,,,,,,,,
xisuidao_gold,2648,Rối Thiên Cơ-Kim,0,1,FixExpNpc,,190,,993,,15,8,166,1,200,1,,,500,500,,,,1,18,1,,,,,,,,,,1,,,,,,,,,
xisuidao_Wood,2649,Rối Thiên Cơ-Mộc,0,1,FixExpNpc,,190,,993,,15,9,166,1,200,1,,,500,500,,,,1,18,1,,,,,,,,,,1,,,,,,,,,
xisuidao_Water,2650,Rối Thiên Cơ-Thủy,0,1,FixExpNpc,,190,,993,,15,10,166,1,200,1,,,500,500,,,,1,18,1,,,,,,,,,,1,,,,,,,,,
xisuidao_Fire,2651,Rối Thiên Cơ-Hỏa,0,1,FixExpNpc,,190,,993,,15,13,166,1,200,1,,,500,500,,,,1,18,1,,,,,,,,,,1,,,,,,,,,
xisuidao_Earth,2652,Rối Thiên Cơ-Thổ,0,1,FixExpNpc,,190,,993,,15,12,166,1,200,1,,,500,500,,,,1,18,1,,,,,,,,,,1,,,,,,,,,
Marry_huaquan,2654,,0,0,,60,20013,,,"Hoa của Chủ Đài Hôn lễ, dùng làm vòng hoa vây thành",,1,,,,,,,,,Setting/Npc/Ai/KeepMoving.ini,,,0,,3,,,,,,NoTurn,,,,,,,,,,,,,
House_animal_1,2679,Tiểu Bạch,0,0,,,20300,,,Gâu...,,1,,,,,,,,,Setting/Npc/Ai/KeepMoving.ini,,,,7,3,,,,,,,,7,,,,,,,,,,,
House_animal_2,2680,Tiểu Hắc,0,0,,,20301,,,Meo!,,1,,,,,,,,,Setting/Npc/Ai/KeepMoving.ini,,,,7,3,,,,,,,,7,,,,,,,,,,,
House_animal_3,2941,Ba Tư,0,0,,,20302,,,Meo!,,1,,,,,,,,,Setting/Npc/Ai/KeepMoving.ini,,,,7,3,,,,,,,,7,,,,,,,,,,,
House_animal_4,3428,Tiểu Bát,0,0,,,20303,,,Khò khò...,,1,,,,,,,,,Setting/Npc/Ai/KeepMoving.ini,,,,7,3,,,,,,,,7,,,,,,,,,,,
diaoxiangyuliu_huapen,2681,Bồn Hoa,5,0,,,648,200,994,,,100,,,,,,,560,980,Setting/Npc/Ai/Stay.ini,,,1,17,3,1,,,,,NoTurn,,,,,,,,,,,,,
test_101,2685,Thôn Nữ,0,1,,,649,,,,,611,166,1,200,1,,,600,600,Setting/Npc/Ai/CommonPassive.ini,1,Setting/Npc/DropFile/yewai/yewai_100.tab,1,18,1,,,,,,,1,,,16,,,,,,,,,
test_102,2686,Mã Tặc 1,0,1,,,650,,,,,611,166,1,200,1,,,600,600,Setting/Npc/Ai/CommonPassive.ini,1,Setting/Npc/DropFile/yewai/yewai_100.tab,1,18,1,,,,,,,1,,,16,,,,,,,,,
test_103,2687,Mã Tặc 2,0,1,,,651,,,,,611,166,1,200,1,,,600,600,Setting/Npc/Ai/CommonPassive.ini,1,Setting/Npc/DropFile/yewai/yewai_100.tab,1,18,1,,,,,,,1,,,16,,,,,,,,,
test_104,2688,Nạn Dân,0,1,,,652,,,,,611,166,1,200,1,,,600,600,Setting/Npc/Ai/CommonPassive.ini,1,Setting/Npc/DropFile/yewai/yewai_100.tab,1,18,1,,,,,,,1,,,16,,,,,,,,,
test_105,2689,Thích Khách 1,0,1,,,653,,,,,611,166,1,200,1,,,600,600,Setting/Npc/Ai/CommonPassive.ini,1,Setting/Npc/DropFile/yewai/yewai_100.tab,1,18,1,,,,,,,1,,,16,,,,,,,,,
test_106,2690,Thích Khách 2,0,1,,,654,,,,,611,166,1,200,1,,,600,600,Setting/Npc/Ai/CommonPassive.ini,1,Setting/Npc/DropFile/yewai/yewai_100.tab,1,18,1,,,,,,,1,,,16,,,,,,,,,
test_107,2691,Bé Gái,0,1,,,655,,,,,611,166,1,200,1,,,600,600,Setting/Npc/Ai/CommonPassive.ini,1,Setting/Npc/DropFile/yewai/yewai_100.tab,1,18,1,,,,,,,1,,,16,,,,,,,,,
test_108,2692,Võ Quán,0,1,,,656,,,,,611,166,1,200,1,,,600,600,Setting/Npc/Ai/CommonPassive.ini,1,Setting/Npc/DropFile/yewai/yewai_100.tab,1,18,1,,,,,,,1,,,16,,,,,,,,,
test_109,2693,Triệu Vân,0,1,,,657,,,,,611,166,1,200,1,,,600,600,Setting/Npc/Ai/CommonPassive.ini,1,Setting/Npc/DropFile/yewai/yewai_100.tab,1,18,1,,,,,,,1,,,16,,,,,,,,,
test_110,2694,Vô Danh,0,1,,,658,,,,,611,166,1,200,1,,,600,600,Setting/Npc/Ai/CommonPassive.ini,1,Setting/Npc/DropFile/yewai/yewai_100.tab,1,18,1,,,,,,,1,,,16,,,,,,,,,
test_111,2695,Thiên Sơn Chưởng Môn,0,1,,,659,,,,,611,166,1,200,1,,,600,600,Setting/Npc/Ai/CommonPassive.ini,1,Setting/Npc/DropFile/yewai/yewai_100.tab,1,18,1,,,,,,,1,,,16,,,,,,,,,
test_112,2696,Thiên Sơn Sư Tỷ,0,1,,,660,,,,,611,166,1,200,1,,,600,600,Setting/Npc/Ai/CommonPassive.ini,1,Setting/Npc/DropFile/yewai/yewai_100.tab,1,18,1,,,,,,,1,,,16,,,,,,,,,
test_113,2697,Tiểu Sư Muội,0,1,,,661,,,,,611,166,1,200,1,,,600,600,Setting/Npc/Ai/CommonPassive.ini,1,Setting/Npc/DropFile/yewai/yewai_100.tab,1,18,1,,,,,,,1,,,16,,,,,,,,,
test_114,2718,Trương Phượng Phượng,0,1,,,3,,,,,611,166,1,200,1,,,600,600,,1,Setting/Npc/DropFile/yewai/yewai_100.tab,,18,3,,,,,,,1,,,16,,,,,,,,,
test_115,2719,Vương Huyễn Hoàng,0,1,,,1008,,,,,611,166,1,200,1,,,600,600,,1,Setting/Npc/DropFile/yewai/yewai_100.tab,,18,3,,,,,,,1,,,16,,,,,,,,,
test_116,2720,Lý Truyền Hiệp,0,1,,,4,,,,,611,166,1,200,1,,,600,600,,1,Setting/Npc/DropFile/yewai/yewai_100.tab,,18,3,,,,,,,1,,,16,,,,,,,,,
test_117,2721,Lưu Kiếm Kỳ,0,1,,,1003,,,,,611,166,1,200,1,,,600,600,,1,Setting/Npc/DropFile/yewai/yewai_100.tab,,18,3,,,,,,,1,,,16,,,,,,,,,
ActSkillNPC_1,2827,NPC ẩn dùng đặt kỹ năng,6,1,FubenDeath,,469,200,300,,,343,,,,,,,1000,1000,Setting/Npc/Ai/CommonActive.ini,,,1,0,1,,,,,,,,,1,,,,,1,,,,,
tianlao_shouwei,2828,Vạn Kim Tài,2,0,PrisonHelper,,146,206,306,"Chỉ cần cho ta tiền, ta sẽ giúp ngươi thoát khỏi nơi này!",,,,,,,,,,,,,,,,,,,,,,NoTurn,,,3,,,,,,,,,,
tianlao_Boss,2829,Bạch Khởi,0,1,FieldMapNpc,,523,8002,300,,15,655,3023,1,91,1,1065,1,3000,3000,Setting/Npc/Ai/Tomb/baiqi.ini,,,1,18,2,,,,,,,,,6,,,,,,,,1,,
tianlao_juhua,2830,Bỏ chạy,5,0,,,666,200,994,,,,,,,,,,,,,,,,,,,,,,,NoTurn,,,,,,,,,,,,,
kufu_longzhu_king1,2831,Long Trụ Thiên Phúc,0,1,cross_domain_pillar,,499,200,994,,,1010,,,91,1,105,1,1500,1500,Setting/Npc/Ai/Stay.ini,,,1,20,2,1,,,,,NoTurn,,,,,,,,,,1,1,,
kufu_longzhu_king2,2832,Long Trụ Địa Tải,0,1,cross_domain_pillar,,499,200,994,,,1010,,,91,1,105,1,1500,1500,Setting/Npc/Ai/Stay.ini,,,1,20,2,1,,,,,NoTurn,,,,,,,,,,1,1,,
kufu_longzhu_king3,2833,Long Trụ Phong Dương ,0,1,cross_domain_pillar,,499,200,994,,,1010,,,91,1,105,1,1500,1500,Setting/Npc/Ai/Stay.ini,,,1,20,2,1,,,,,NoTurn,,,,,,,,,,1,1,,
kufu_longzhu_king4,2834,Long Trụ Vân Thùy,0,1,cross_domain_pillar,,499,200,994,,,1010,,,91,1,105,1,1500,1500,Setting/Npc/Ai/Stay.ini,,,1,20,2,1,,,,,NoTurn,,,,,,,,,,1,1,,
kufu_longzhu_king5,2835,Long Trụ Long Phi,0,1,cross_domain_pillar,,499,200,994,,,1010,,,91,1,105,1,1500,1500,Setting/Npc/Ai/Stay.ini,,,1,20,2,1,,,,,NoTurn,,,,,,,,,,1,1,,
kufu_longzhu_king6,2836,Long Trụ Hổ Dực,0,1,cross_domain_pillar,,499,200,994,,,1010,,,91,1,105,1,1500,1500,Setting/Npc/Ai/Stay.ini,,,1,20,2,1,,,,,NoTurn,,,,,,,,,,1,1,,
kufu_longzhu_king7,2837,Long Trụ Điểu Tường,0,1,cross_domain_pillar,,499,200,994,,,1010,,,91,1,105,1,1500,1500,Setting/Npc/Ai/Stay.ini,,,1,20,2,1,,,,,NoTurn,,,,,,,,,,1,1,,
kufu_longzhu_king8,2838,Long Trụ Xà Bàn,0,1,cross_domain_pillar,,499,200,994,,,1010,,,91,1,105,1,1500,1500,Setting/Npc/Ai/Stay.ini,,,1,20,2,1,,,,,NoTurn,,,,,,,,,,1,1,,
kuafu_longzhu_outer1,2839,Long Trụ Bắc,0,1,cross_domain_pillar,,498,200,994,,,1011,,,91,1,105,1,1500,1500,Setting/Npc/Ai/Stay.ini,,,1,20,2,1,,,,,NoTurn,,,,,,,,,,1,1,,
kuafu_longzhu_outer2,2840,Long Trụ Trung,0,1,cross_domain_pillar,,498,200,994,,,1011,,,91,1,105,1,1500,1500,Setting/Npc/Ai/Stay.ini,,,1,20,2,1,,,,,NoTurn,,,,,,,,,,1,1,,
kuafu_longzhu_outer3,2841,Long Trụ Nam,0,1,cross_domain_pillar,,498,200,994,,,1011,,,91,1,105,1,1500,1500,Setting/Npc/Ai/Stay.ini,,,1,20,2,1,,,,,NoTurn,,,,,,,,,,1,1,,
kuafu_gate_outer,2842,Cổng Thành,0,1,cross_domain_wall,,504,200,994,,,1012,,,91,1,105,1,1500,1500,Setting/Npc/Ai/Stay.ini,,,0,20,2,1,,,,,NoTurn,,,,,,,,,,1,1,,
kuafu_gate_inner1,2843,Bia Thủ Thanh Long,0,1,cross_domain_wall,,20015,200,994,,,1013,,,91,1,105,1,1500,1500,Setting/Npc/Ai/Stay.ini,,,0,20,2,1,,,,,NoTurn,,,,,,,,,,1,1,,
kuafu_gate_inner2,2844,Bia Thủ Chu Tướcộ,0,1,cross_domain_wall,,20018,200,994,,,1013,,,91,1,105,1,1500,1500,Setting/Npc/Ai/Stay.ini,,,0,20,2,1,,,,,NoTurn,,,,,,,,,,1,1,,
kuafu_gate_inner3,2845,Bia Thủ Bạch Hổ,0,1,cross_domain_wall,,20016,200,994,,,1013,,,91,1,105,1,1500,1500,Setting/Npc/Ai/Stay.ini,,,0,20,2,1,,,,,NoTurn,,,,,,,,,,1,1,,
kuafu_gate_inner4,2846,Bia Thủ Huyền Vũ,0,1,cross_domain_wall,,20017,200,994,,,1013,,,91,1,105,1,1500,1500,Setting/Npc/Ai/Stay.ini,,,0,20,2,1,,,,,NoTurn,,,,,,,,,,1,1,,
kuafu_wangzuo,2847,Lâm An Vương Tọa,2,0,cross_domain_throne,,20014,9045,9045,,,1014,,,91,1,105,1,1500,1500,Setting/Npc/Ai/Stay.ini,,,1,20,2,1,,,,,NoTurn,,,,,,,,,,1,1,,
kuafu_gongcc_bs,2848,Công Thành,2,0,corss_domain_change,Công Thành Xa|2218|3600,506,200,994,Công Thành Xa gây nhiều sát thương cho Cổng Thành.,,1003,,,91,1,105,1,1500,1500,Setting/Npc/Ai/Stay.ini,,,0,20,3,,,,,,NoTurn,,,,,,,,,,,,,
kuafu_jinnc_bs,2849,Kình Nỏ,2,0,corss_domain_change,Kình Nỏ Xa|2219|3600,480,200,994,"Kình Nỏ Xa có thể gây sát thương khá cao cho kẻ địch trên đường. Điểm sát thương cố định, người chơi yếu có thể dùng tăng sức mạnh.",,1004,,,91,1,105,1,1500,1500,Setting/Npc/Ai/Stay.ini,,,0,20,3,,,,,,NoTurn,,,,,,,,,,,,,
kuafu_tiepc_bs,2850,Thiết Pháo,2,0,corss_domain_change,Thiết Pháo Xa|2220|3600,378,200,994,"Thiết Pháo Xa gây sát thương lớn lên địch cố định, điểm sát thương cố định, người chơi còn yếu nên dùng tăng sức mạnh.",,1005,,,91,1,105,1,1500,1500,Setting/Npc/Ai/Stay.ini,,,0,20,3,,,,,,NoTurn,,,,,,,,,,,,,
kuafu_shenss_zh,2851,Thần Xạ Thủ,0,0,corss_domain_attack,,159,200,994,,,1006,1731,1,91,1,,,1000,1000,Setting/Npc/Ai/CommonActive.ini,,,1,20,1,,,,,,,,,,,,,,,,,,,
kuafu_guwq_zh,2852,Cờ Cổ Vũ,0,0,corss_domain_attack,,505,200,994,,,1007,,,91,1,105,1,1500,1500,Setting/Npc/Ai/Stay.ini,,,1,,2,1,,1732,1,,,,,,,,,,,,,,,
kuafu_wangzuo_2,2853,NPC ẩn dành cho Ngôi Vua,6,1,,,469,200,300,,,1014,,,,,,,1000,1000,Setting/Npc/Ai/CommonActive.ini,,,1,0,3,,,,,,,,,1,,,,,1,,,,,
kuafu_wangzuo_fight,2870,Chiếm Vương Tọa,0,0,cross_domain_throne_fight,,20014,9045,9045,,,1014,,,91,1,105,1,1500,1500,Setting/Npc/Ai/Stay.ini,,,1,20,2,1,,,,,NoTurn,,,,,,,,,,1,1,,
Field_Header_lv120_Show1,2871,Cự Ngao Phong Hậu,0,1,,,667,9043,,,,611,166,1,200,1,,,600,600,Setting/Npc/Ai/CommonPassive.ini,1,Setting/Npc/DropFile/yewai/yewai_100.tab,1,18,1,,,,,,,,,,,,,,,,,,,
Field_Header_lv120_Show2,2872,Long Văn Sư Vương,0,1,,,668,9042,,,,611,166,1,200,1,,,600,600,Setting/Npc/Ai/CommonPassive.ini,1,Setting/Npc/DropFile/yewai/yewai_100.tab,1,18,1,,,,,,,,,,,,,,,,,,,
Field_Header_lv140_Show1,3330,Vạn Độc Cúc Hoàng,0,1,,,714,9048,,,,611,166,1,200,1,,,600,600,Setting/Npc/Ai/CommonPassive.ini,1,Setting/Npc/DropFile/yewai/yewai_100.tab,1,18,1,,,,,,,,,,,,,,,,,,,
Field_Header_lv140_Show2,3331,Huyền Băng Điêu Hoàng,0,1,,,713,9049,,,,611,166,1,200,1,,,600,600,Setting/Npc/Ai/CommonPassive.ini,1,Setting/Npc/DropFile/yewai/yewai_100.tab,1,18,1,,,,,,,,,,,,,,,,,,,
Field_Header_lv160_Show1,3731,Bàn Thạch Ngưu Vương,0,1,,,738,9050,,,,611,166,1,200,1,,,600,600,Setting/Npc/Ai/CommonPassive.ini,1,Setting/Npc/DropFile/yewai/yewai_100.tab,1,18,1,,,,,,,,,,,,,,,,,,,
Field_Header_lv160_Show2,3732,Chích Viêm Ngưu Hậu,0,1,,,739,9051,,,,611,166,1,200,1,,,600,600,Setting/Npc/Ai/CommonPassive.ini,1,Setting/Npc/DropFile/yewai/yewai_100.tab,1,18,1,,,,,,,,,,,,,,,,,,,
Field_Header_lv180_Show1,3844,Huyền Thủy Xà Vương,0,1,,,747,9052,,,,611,166,1,200,1,,,600,600,Setting/Npc/Ai/CommonPassive.ini,1,Setting/Npc/DropFile/yewai/yewai_100.tab,1,18,1,,,,,,,,,,,,,,,,,,,
Field_Header_lv180_Show2,3845,Nộ Diễm Chu Hoàng,0,1,,,748,9053,,,,611,166,1,200,1,,,600,600,Setting/Npc/Ai/CommonPassive.ini,1,Setting/Npc/DropFile/yewai/yewai_100.tab,1,18,1,,,,,,,,,,,,,,,,,,,
Field_Header_lv200_Show1,3900,Bích Tinh Tượng Vương,0,1,,,749,9054,,,,611,166,1,200,1,,,600,600,Setting/Npc/Ai/CommonPassive.ini,1,Setting/Npc/DropFile/yewai/yewai_100.tab,1,18,1,,,,,,,,,,,,,,,,,,,
Field_Header_lv220_Show1,4244,Dục Hỏa Phượng Hoàng,0,1,,,773,9055,,,,611,166,1,200,1,,,600,600,Setting/Npc/Ai/CommonPassive.ini,1,Setting/Npc/DropFile/yewai/yewai_100.tab,1,18,1,,,,,,,,,,,,,,,,,,,
Field_Header_lv240_Show1,4479,Hồng Hoang Quỳ Ngưu,0,1,,,781,9074,,,,611,166,1,200,1,,,600,600,Setting/Npc/Ai/CommonPassive.ini,1,Setting/Npc/DropFile/yewai/yewai_100.tab,1,18,1,,,,,,,,,,,,,,,,,,,
Field_Header_lv260_Show1,4933,Tốn Mộc Thanh Long,0,1,,,775,9092,,,,611,166,1,200,1,,,600,600,Setting/Npc/Ai/CommonPassive.ini,1,Setting/Npc/DropFile/yewai/yewai_100.tab,1,18,1,,,,,,,,,,,,,,,,,,,
Field_Header_lv280_Show2,5439,Hắc Diệu Giác Long,0,1,,,792,9101,,,,611,166,1,200,1,,,600,600,Setting/Npc/Ai/CommonPassive.ini,1,Setting/Npc/DropFile/yewai/yewai_100.tab,1,18,1,,,,,,,,,,,,,,,,,,,
hd_ny_denglong,2873,Lồng Đèn Đỏ,2,0,LanternPickNpc,,669,995,300,,,,,,,,,,,,,,,,,,,,,,,NoTurn,,,,,,,,,,,,,
PetDog,2874,Tiểu Bạch Khuyển,0,0,DogPetNpc,,20300,10001,994,,,10000,,,,,,,1000,1000,Setting/Npc/Ai/normal/Pet.ini,,,,20,3,,,,,,,,10,1,,,,,,,1,1,,
PetCat,2875,Tiểu Hắc Miêu,0,0,CatPetNpc,,20301,10002,994,,,10000,,,,,,,1000,1000,Setting/Npc/Ai/normal/Pet.ini,,,,20,3,,,,,,,,10,1,,,,,,,1,1,,
PetCat_VIP,3684,Tiểu Hắc Miêu,0,0,DogPetNpc,,20301,10002,994,,,10000,,,,,,,1000,1000,Setting/Npc/Ai/normal/Pet.ini,,,,20,3,,,,,,,,10,1,,,,,,,1,1,,
PetCat_White,2943,Tiểu Ba Tư,0,0,CatPetNpc,,20302,10003,994,,,10000,,,,,,,1000,1000,Setting/Npc/Ai/normal/Pet.ini,,,,20,3,,,,,,,,10,1,,,,,,,1,1,,
PetCat_Show,2949,Tiểu Hắc Miêu,0,0,,,20301,10002,994,,,10000,,,,,,,1000,1000,Setting/Npc/Ai/Stay.ini,,,,20,3,,,,,,,,10,1,,,,,,,1,1,,
PetCat_White_Show,2950,Tiểu Ba Tư,0,0,,,20302,10003,994,,,10000,,,,,,,1000,1000,Setting/Npc/Ai/Stay.ini,,,,20,3,,,,,,,,10,1,,,,,,,1,1,,
PetPig,3429,Tiểu Bát,0,0,CatPetNpc,,20303,10004,994,,,10000,,,,,,,1000,1000,Setting/Npc/Ai/normal/Pet.ini,,,,20,3,,,,,,,,10,1,,,,,,,1,1,,
PetRabbit,3746,Tiểu Bạch Thố,0,0,CatPetNpc,,20305,10005,994,,,10000,,,,,,,1000,1000,Setting/Npc/Ai/normal/Pet.ini,,,,20,3,,,,,,,,10,1,,,,,,,1,1,,
PetCat_LoveTask,3242,Mèo Tình Duyên,0,0,CatPetNpc,,20301,10002,994,,,10000,,,,,,,1000,1000,Setting/Npc/Ai/normal/Pet.ini,,,,20,3,,,,,,,,10,1,,,,,,,1,1,,
PetSquirrel,3799,Tiểu Tùng Thử,0,0,CatPetNpc,,20306,10006,994,,,10000,,,,,,,1000,1000,Setting/Npc/Ai/normal/Pet.ini,,,,20,3,,,,,,,,10,1,,,,,,,1,1,,
Test_xuanjizi,2926,Tuyền Cơ Tử,0,1,,,1223,10002,994,,,10000,,,,,,,1000,1000,Setting/Npc/Ai/normal/Pet.ini,,,,20,3,,,,,,,,10,1,,,,,,,1,1,,
Test_daoyizhenren,2927,Đạo Nhất Chân Nhân,0,1,,,1236,10002,994,,,10000,,,,,,,1000,1000,Setting/Npc/Ai/normal/Pet.ini,,,,20,3,,,,,,,,10,1,,,,,,,1,1,,
GoodVoice_npc,2939,Sứ Giả Quảng Cáo Võ Lâm Kỳ Tài,0,0,,,1232,,993,,,1,,,,,,,,,Setting/Npc/Ai/KeepMoving.ini,,,0,10,3,,,,,,,,10,,,,,,,,,,,
GoodVoice_diaoxiang,2940,Tượng Võ Lâm Kỳ Tài,2,0,GoodVoiceStatue,,565,,993,,,1,,,,,,,,,Setting/Npc/Ai/KeepMoving.ini,,,0,10,3,,,,,,NoTurn,,10,5,,,,,,,,,,
GoodVoice_taohuaban,2944,Cánh Hoa Đào,2,1,TaoHuaNpc,,698,9046,,,,1,,,,,,,,,,,,1,10,1,,,,,,NoTurn,,,,,,,,,,1,,,
GoodVoice_horse1,2945,Ly Mị Tuyết Hồ,0,0,,,929,,993,,,1,,,,,,,1000,1000,Setting/Npc/Ai/Stay.ini,,,,10,3,,,,,,,,10,,,,,,,,,,,
GoodVoice_horse2,2946,U Viêm-Ly Mị Tuyết Hồ,0,0,,,930,,993,,,1,,,,,,,1000,1000,Setting/Npc/Ai/CommonActive.ini,,,,10,3,,,,,,,,10,,,,,,,,,,,
TeamTreatureTrans_1to2,2954,Bùa Truyền Tống Bạc,2,1,FubenDialogEvent,0||OpenKey,550,,550,,,,,,,,,,560,980,,,,1,1,,,,,,,,,,3,,,,,,,,,,
TeamTreatureTrans_2to3,2955,Bùa Truyền Tống Vàng,2,1,FubenDialogEvent,0||OpenKey,549,,549,,,,,,,,,,560,980,,,,1,1,,,,,,,,,,7,,,,,,,,,,
TeamTreature_dropbox,2956,Rơi Bảo Rương,2,1,FubenDialogEvent,0||OpenDeathDropItem,933,995,933,,,,,,,,,,560,980,,,,1,1,,,,,,,NoTurn,,,,,,,,,,,,,
TeamTreature_findbox,2957,Bảo Rương,2,1,FubenDialogEvent,1|Đang thu thập...|OpenBox|2957,2957,995,2957,,,1,,,,,,,1000,1000,,,,,10,,,,,,,NoTurn,,10,,,,,,,,,,,
TeamTreature_transanimol,2958,Khỉ Ăn Vụng,0,1,FubenDeath,,2958,,2958,,,6,22,1,91,1,,,1000,1000,Setting/Npc/Ai/CommonActive.ini,,,1,20,2,,,,,,,,20,3,,,,,,,,,,
TeamTreature_boss1,3217,Vua Khỉ Ăn Vụng,0,1,FubenDeath,,3217,,3217,,,653,22,1,91,1,,,1000,1000,Setting/Npc/Ai/CommonActive.ini,,,1,20,2,,,,,,,,20,5,,,,,,,,,,
TeamTreature_findbox2,2959,Bảo Rương,2,1,FubenDialogEvent,1|Đang thu thập...|OpenBox|2959,2957,995,2957,,,1,,,,,,,1000,1000,,,,,10,,,,,,,NoTurn,,10,2,,,,,,,,,,
TeamTreature_transanimol2,2960,Trộm Báu Vật,0,1,FubenDeath,,143,,300,,,6,22,1,91,1,,,1000,1000,Setting/Npc/Ai/CommonActive.ini,,,,15,2,,,,,,,,15,4,,,,,,,,,,
TeamTreature_findbox3,2961,Bảo Rương,2,1,FubenDialogEvent,10|Đang thu thập...|OpenBox|2961,2957,995,2957,,,1,,,,,,,1000,1000,,,,,10,,,,,,,NoTurn,,10,3,,,,,,,,,,
TeamTreature_findbigbox3,2962,Rương Khổng Lồ,2,1,FubenDialogEvent,30|Đang thu thập...|OpenTeamBox|2962,2962,995,2962,,,1,,,,,,,1000,1000,,,,,10,,,,,,,NoTurn,,10,6,,,,,,,,,,
jiazuPK_1,2974,Long Trụ,0,1,KinEncounterNpc,,499,200,994,,,1101,,,91,1,105,1,1500,1500,Setting/Npc/Ai/Stay.ini,,,1,20,2,1,,,,,NoTurn,,,,,,,,,,1,1,,
jiazuPK_1_2,3163,Long Trụ,0,1,KinEncounterNpc,,499,200,994,,,1102,,,91,1,105,1,1500,1500,Setting/Npc/Ai/Stay.ini,,,1,20,2,1,,,,,NoTurn,,,,,,,,,,1,1,,
jiazuPK_1_3,3162,Long Trụ,0,1,KinEncounterNpc,,499,200,994,,,1103,,,91,1,105,1,1500,1500,Setting/Npc/Ai/Stay.ini,,,1,20,2,1,,,,,NoTurn,,,,,,,,,,1,1,,
jiazuPK_1_4,3164,Long Trụ,0,1,KinEncounterNpc,,499,200,994,,,1104,,,91,1,105,1,1500,1500,Setting/Npc/Ai/Stay.ini,,,1,20,2,1,,,,,NoTurn,,,,,,,,,,1,1,,
jiazuPK_1_5,3165,Long Trụ,0,1,KinEncounterNpc,,499,200,994,,,1105,,,91,1,105,1,1500,1500,Setting/Npc/Ai/Stay.ini,,,1,20,2,1,,,,,NoTurn,,,,,,,,,,1,1,,
jiazuPK_1_6,3166,Long Trụ,0,1,KinEncounterNpc,,499,200,994,,,1106,,,91,1,105,1,1500,1500,Setting/Npc/Ai/Stay.ini,,,1,20,2,1,,,,,NoTurn,,,,,,,,,,1,1,,
jiazuPK_1_7,3167,Long Trụ,0,1,KinEncounterNpc,,499,200,994,,,1107,,,91,1,105,1,1500,1500,Setting/Npc/Ai/Stay.ini,,,1,20,2,1,,,,,NoTurn,,,,,,,,,,1,1,,
jiazuPK_2,2975,Phong Uyên Thần Mộc,0,1,KinEncounterNpc,,702,200,994,,,1108,,,91,1,105,1,1500,1500,Setting/Npc/Ai/Stay.ini,,,1,20,2,1,,,,,NoTurn,,,,,,,,,,1,1,,
jiazuPK_2_2,3168,Phong Uyên Thần Mộc,0,1,KinEncounterNpc,,702,200,994,,,1109,,,91,1,105,1,1500,1500,Setting/Npc/Ai/Stay.ini,,,1,20,2,1,,,,,NoTurn,,,,,,,,,,1,1,,
jiazuPK_2_3,3169,Phong Uyên Thần Mộc,0,1,KinEncounterNpc,,702,200,994,,,1110,,,91,1,105,1,1500,1500,Setting/Npc/Ai/Stay.ini,,,1,20,2,1,,,,,NoTurn,,,,,,,,,,1,1,,
jiazuPK_2_4,3170,Phong Uyên Thần Mộc,0,1,KinEncounterNpc,,702,200,994,,,1111,,,91,1,105,1,1500,1500,Setting/Npc/Ai/Stay.ini,,,1,20,2,1,,,,,NoTurn,,,,,,,,,,1,1,,
jiazuPK_2_5,3171,Phong Uyên Thần Mộc,0,1,KinEncounterNpc,,702,200,994,,,1112,,,91,1,105,1,1500,1500,Setting/Npc/Ai/Stay.ini,,,1,20,2,1,,,,,NoTurn,,,,,,,,,,1,1,,
jiazuPK_2_6,3172,Phong Uyên Thần Mộc,0,1,KinEncounterNpc,,702,200,994,,,1113,,,91,1,105,1,1500,1500,Setting/Npc/Ai/Stay.ini,,,1,20,2,1,,,,,NoTurn,,,,,,,,,,1,1,,
jiazuPK_2_7,3173,Phong Uyên Thần Mộc,0,1,KinEncounterNpc,,702,200,994,,,1114,,,91,1,105,1,1500,1500,Setting/Npc/Ai/Stay.ini,,,1,20,2,1,,,,,NoTurn,,,,,,,,,,1,1,,
jiazuPK_3,2976,Đông-Kho Lương,0,1,KinEncounterNpc,,703,200,994,,,1108,,,91,1,105,1,1500,1500,Setting/Npc/Ai/Stay.ini,,,1,20,2,1,,,,,NoTurn,,,,,,,,,,1,1,,
jiazuPK_3_2,3174,Đông-Kho Lương,0,1,KinEncounterNpc,,703,200,994,,,1109,,,91,1,105,1,1500,1500,Setting/Npc/Ai/Stay.ini,,,1,20,2,1,,,,,NoTurn,,,,,,,,,,1,1,,
jiazuPK_3_3,3175,Đông-Kho Lương,0,1,KinEncounterNpc,,703,200,994,,,1110,,,91,1,105,1,1500,1500,Setting/Npc/Ai/Stay.ini,,,1,20,2,1,,,,,NoTurn,,,,,,,,,,1,1,,
jiazuPK_3_4,3176,Đông-Kho Lương,0,1,KinEncounterNpc,,703,200,994,,,1111,,,91,1,105,1,1500,1500,Setting/Npc/Ai/Stay.ini,,,1,20,2,1,,,,,NoTurn,,,,,,,,,,1,1,,
jiazuPK_3_5,3177,Đông-Kho Lương,0,1,KinEncounterNpc,,703,200,994,,,1112,,,91,1,105,1,1500,1500,Setting/Npc/Ai/Stay.ini,,,1,20,2,1,,,,,NoTurn,,,,,,,,,,1,1,,
jiazuPK_3_6,3178,Đông-Kho Lương,0,1,KinEncounterNpc,,703,200,994,,,1113,,,91,1,105,1,1500,1500,Setting/Npc/Ai/Stay.ini,,,1,20,2,1,,,,,NoTurn,,,,,,,,,,1,1,,
jiazuPK_3_7,3179,Đông-Kho Lương,0,1,KinEncounterNpc,,703,200,994,,,1114,,,91,1,105,1,1500,1500,Setting/Npc/Ai/Stay.ini,,,1,20,2,1,,,,,NoTurn,,,,,,,,,,1,1,,
jiazuPK_4,3155,Hùng Thường Thần Mộc,0,1,KinEncounterNpc,,702,200,994,,,1108,,,91,1,105,1,1500,1500,Setting/Npc/Ai/Stay.ini,,,1,20,2,1,,,,,NoTurn,,,,,,,,,,1,1,,
jiazuPK_4_2,3180,Hùng Thường Thần Mộc,0,1,KinEncounterNpc,,702,200,994,,,1109,,,91,1,105,1,1500,1500,Setting/Npc/Ai/Stay.ini,,,1,20,2,1,,,,,NoTurn,,,,,,,,,,1,1,,
jiazuPK_4_3,3181,Hùng Thường Thần Mộc,0,1,KinEncounterNpc,,702,200,994,,,1110,,,91,1,105,1,1500,1500,Setting/Npc/Ai/Stay.ini,,,1,20,2,1,,,,,NoTurn,,,,,,,,,,1,1,,
jiazuPK_4_4,3182,Hùng Thường Thần Mộc,0,1,KinEncounterNpc,,702,200,994,,,1111,,,91,1,105,1,1500,1500,Setting/Npc/Ai/Stay.ini,,,1,20,2,1,,,,,NoTurn,,,,,,,,,,1,1,,
jiazuPK_4_5,3183,Hùng Thường Thần Mộc,0,1,KinEncounterNpc,,702,200,994,,,1112,,,91,1,105,1,1500,1500,Setting/Npc/Ai/Stay.ini,,,1,20,2,1,,,,,NoTurn,,,,,,,,,,1,1,,
jiazuPK_4_6,3184,Hùng Thường Thần Mộc,0,1,KinEncounterNpc,,702,200,994,,,1113,,,91,1,105,1,1500,1500,Setting/Npc/Ai/Stay.ini,,,1,20,2,1,,,,,NoTurn,,,,,,,,,,1,1,,
jiazuPK_4_7,3185,Hùng Thường Thần Mộc,0,1,KinEncounterNpc,,702,200,994,,,1114,,,91,1,105,1,1500,1500,Setting/Npc/Ai/Stay.ini,,,1,20,2,1,,,,,NoTurn,,,,,,,,,,1,1,,
jiazuPK_5,3156,Tây-Kho Lương,0,1,KinEncounterNpc,,703,200,994,,,1108,,,91,1,105,1,1500,1500,Setting/Npc/Ai/Stay.ini,,,1,20,2,1,,,,,NoTurn,,,,,,,,,,1,1,,
jiazuPK_5_2,3186,Tây-Kho Lương,0,1,KinEncounterNpc,,703,200,994,,,1109,,,91,1,105,1,1500,1500,Setting/Npc/Ai/Stay.ini,,,1,20,2,1,,,,,NoTurn,,,,,,,,,,1,1,,
jiazuPK_5_3,3187,Tây-Kho Lương,0,1,KinEncounterNpc,,703,200,994,,,1110,,,91,1,105,1,1500,1500,Setting/Npc/Ai/Stay.ini,,,1,20,2,1,,,,,NoTurn,,,,,,,,,,1,1,,
jiazuPK_5_4,3188,Tây-Kho Lương,0,1,KinEncounterNpc,,703,200,994,,,1111,,,91,1,105,1,1500,1500,Setting/Npc/Ai/Stay.ini,,,1,20,2,1,,,,,NoTurn,,,,,,,,,,1,1,,
jiazuPK_5_5,3189,Tây-Kho Lương,0,1,KinEncounterNpc,,703,200,994,,,1112,,,91,1,105,1,1500,1500,Setting/Npc/Ai/Stay.ini,,,1,20,2,1,,,,,NoTurn,,,,,,,,,,1,1,,
jiazuPK_5_6,3190,Tây-Kho Lương,0,1,KinEncounterNpc,,703,200,994,,,1113,,,91,1,105,1,1500,1500,Setting/Npc/Ai/Stay.ini,,,1,20,2,1,,,,,NoTurn,,,,,,,,,,1,1,,
jiazuPK_5_7,3191,Tây-Kho Lương,0,1,KinEncounterNpc,,703,200,994,,,1114,,,91,1,105,1,1500,1500,Setting/Npc/Ai/Stay.ini,,,1,20,2,1,,,,,NoTurn,,,,,,,,,,1,1,,
jiazuPK_6,3192,Kình Nỏ,2,0,KinEncounterChange,Kình Nỏ Xa|5143|3600,480,200,994,"Kình Nỏ Xa có thể gây sát thương khá cao cho kẻ địch trên đường. Điểm sát thương cố định, người chơi yếu có thể dùng tăng sức mạnh.",,1004,,,91,1,105,1,1500,1500,Setting/Npc/Ai/Stay.ini,,,0,20,3,,,,,,NoTurn,,,,,,,,,,,,,
jiazuPK_7,3193,Kình Nỏ,0,0,,,480,200,994,,,1004,194,1,91,1,105,1,1500,1500,Setting/Npc/Ai/CommonActive.ini,,,1,20,1,,,,,,,,,,,,,,,,,,,
jiuguanboss,3198,Bà Chủ,2,1,FemaleBoss,,1103,999,999,"Chọn khác nhau, góc nhìn khác nhau, thứ tự nắm bắt chân tướng cũng khác nhau",,,,,,,,,1500,1500,Setting/Npc/Ai/CommonActive.ini,,,0,15,1,,,,,,,,,,,,,,,,,,,
jiuguanboss_fb,3214,Bà Chủ,2,1,,,1103,999,999,"Vong Ưu Tửu Quán, nhất túy vong ưu!",,,,,,,,,1500,1500,Setting/Npc/Ai/CommonActive.ini,,,0,15,1,,,,,,,,,,,,,,,,,,,
jiuguanboss_fb_jiayan,4074,Bà Chủ,2,1,DrinkHouseNpcIndoor,,1103,999,999,"Vong Ưu Tửu Quán, nhất túy vong ưu!",,,,,,,,,1500,1500,Setting/Npc/Ai/CommonActive.ini,,,0,15,1,,,,,,,,,,,,,,,,,,,
jiuguanjieyinren,3213,Bà Chủ,2,1,DrinkHouseNpc,,1103,999,999,"Vong Ưu Tửu Quán, nhất túy vong ưu!",,,,,,,,,1500,1500,Setting/Npc/Ai/CommonActive.ini,,,0,15,1,,,,,,,,,,,,,,,,,,,
Jiuguan_TableFood_1,3215,Bàn Gỗ Tùng,5,1,,,3215,9034,,,,1,,,,,,,,,Setting/Npc/Ai/KeepMoving.ini,,,0,,3,,,,,,NoTurn,,,,,,,,,,,,,
Jiuguan_TableFood_1_a,3236,Tiệc Bang Hội,2,1,DrinkHouseTableNpc,,3215,9047,,,,1,,,,,,,,,Setting/Npc/Ai/KeepMoving.ini,,,0,,3,,,,,,NoTurn,,,,,,,,,,,,,
Jiuguan_TableFood_2,3216,Bàn Thường,5,1,,,3216,9034,,,,1,,,,,,,,,Setting/Npc/Ai/KeepMoving.ini,,,0,,3,,,,,,NoTurn,,,,,,,,,,,,,
Jiuguan_TableFood_2_a,3237,Tiệc Bang Hội,2,1,DrinkHouseTableNpc,,3216,9047,,,,1,,,,,,,,,Setting/Npc/Ai/KeepMoving.ini,,,0,,3,,,,,,NoTurn,,,,,,,,,,,,,
Jiuguan_TableFood_3,3424,Tiệc Tất Niên,2,1,DrinkHouseTableNpc,,3437,9047,,,,1,,,,,,,,,Setting/Npc/Ai/KeepMoving.ini,,,0,,3,,,,,,NoTurn,,,,,,,,,,,,,
kin_gouhuo_3,3238,Tiệc Bang Hội-Lửa Trại-Hỏa Diệm,5,0,GouHuoNpc,all|15000|30|600|1|0,392,,,,,,,,,,,,,,,,,,,,,,,,,,,,,,,,,,,,,,
taohuashu_1,3239,,2,1,FairylandPeach,,704,200,994,,,1,,,,,,,,,Setting/Npc/Ai/Stay.ini,,,1,20,2,1,,,,,NoTurn,,,,,,,,,,,,,
taohuashu_2,3240,,2,1,FairylandPeach,,705,200,994,,,1,,,,,,,,,Setting/Npc/Ai/Stay.ini,,,1,20,2,1,,,,,NoTurn,,,,,,,,,,,,,
taohuashu_3,3241,,2,1,FairylandPeach,,706,200,994,,,1,,,,,,,,,Setting/Npc/Ai/Stay.ini,,,1,20,2,1,,,,,NoTurn,,,,,,,,,,,,,
jiuguan_zhaoliying,3243,Dĩnh Bảo Bảo,2,1,,,1180,999,999,"Thanh y bạch sam kiếm hiệp khách, bách lý tần xuyên vạn lý hào",,,,,,,,,1500,1500,Setting/Npc/Ai/CommonActive.ini,,,0,15,1,,,,,,,,,,,,,,,,,,,
jiuguan_lingengxin,3244,Lâm Dũ Cựu,2,1,,,1181,999,999,"Thanh y bạch sam kiếm hiệp khách, bách lý tần xuyên vạn lý hào",,,,,,,,,1500,1500,Setting/Npc/Ai/CommonActive.ini,,,0,15,1,,,,,,,,,,,,,,,,,,,
jiuguan_linqingyu,3245,Lâm Thanh Vũ,2,1,,,1244,999,999,"Thanh y bạch sam kiếm hiệp khách, bách lý tần xuyên vạn lý hào",,,,,,,,,1500,1500,Setting/Npc/Ai/CommonActive.ini,,,0,15,1,,,,,,,,,,,,,,,,,,,
JYFL_video,3246,Lâm Thanh Vũ,2,1,TaskVideoNpc,,1244,999,999,"Thanh y bạch sam kiếm hiệp khách, bách lý tần xuyên vạn lý hào",,,,,,,,,1500,1500,Setting/Npc/Ai/CommonActive.ini,,,0,15,1,,,,,,,,,,,,,,,,,,,
WanJu_CaiHong,3252,Đồ Chơi Thái Hồng,5,1,,,707,200,994,,,,,,,,,,,,,,,,,,,,,,,,,,,,,,,,,,,,
WanJu_ZhanQi,3752,Thương Long Kỳ,5,1,,,736,200,994,,,,,,,,,,,,,,,,,,,,,,,,,,,,,,,,,,,,
WanJu_YanHua,3821,Loan Phụng,5,1,,,743,200,994,,,,,,,,,,,,,,,,,,,,,,,,,,,,,,,,,,,,
WanJu_YanHua03,4013,Đăng Hỏa,5,1,,,765,200,994,,,,,,,,,,,,,,,,,,,,,,,,,,,,,,,,,,,,
WanJu_YanHua04,4297,Đào Hoa,5,1,,,774,200,994,,,,,,,,,,,,,,,,,,,,,,,,,,,,,,,,,,,,
WanJu_YanHua05,4401,Băng Tâm,5,1,,,776,200,994,,,,,,,,,,,,,,,,,,,,,,,,,,,,,,,,,,,,
WanJu_YanHua06,4511,Trắng,5,1,,,782,200,994,,,,,,,,,,,,,,,,,,,,,,,,,,,,,,,,,,,,
WanJu_GaoQiao,4014,Cà Kheo,5,1,,,766,200,994,,,,,,,,,,,,,,,,,,,,,,,,,,,,,,,,,,,,
WanJu_MuMua,4015,Ngựa Gỗ,5,1,,,767,200,994,,,,,,,,,,,,,,,,,,,,,,,,,,,,,,,,,,,,
WanJu_PaoPaoJi,4016,Máy Bong Bóng,5,1,,,768,200,994,,,,,,,,,,,,,,,,,,,,,,,,,,,,,,,,,,,,
WanJu_YanHua07,4596,Lang,5,1,,,787,200,994,,,,,,,,,,,,,,,,,,,,,,,,,,,,,,,,,,,,
WanJu_YanHua01,3860,Pháo Hoa Xuân,5,1,,,753,200,994,,,,,,,,,,,,,,,,,,,,,,,,,,,,,,,,,,,,
WanJu_YanHua01_1,3861,Pháo Hoa Xuân,5,1,,,754,200,994,,,,,,,,,,,,,,,,,,,,,,,,,,,,,,,,,,,,
WanJu_YanHua02,3905,Pháo Hoa Hè,5,1,,,764,200,994,,,,,,,,,,,,,,,,,,,,,,,,,,,,,,,,,,,,
WanJu_Jinlong01,4529,Kim Long 1,5,1,,,783,200,994,,,,,,,,,,,,,,,,,,,,,,,,,,,,,,,,,,,,
WanJu_Jinlong02,4530,Kim Long 2,5,1,,,784,200,994,,,,,,,,,,,,,,,,,,,,,,,,,,,,,,,,,,,,
WanJu_Jinlong03,4531,Kim Long 3,5,1,,,785,200,994,,,,,,,,,,,,,,,,,,,,,,,,,,,,,,,,,,,,
WanJu_Jinlong04,4532,Kim Long 4,5,1,,,786,200,994,,,,,,,,,,,,,,,,,,,,,,,,,,,,,,,,,,,,
WanJu_yaoqianshu,4611,Rung Cây Tiền,5,1,,,788,200,994,,,,,,,,,,,,,,,,,,,,,,,,,,,,,,,,,,,,
BaDao_fight,3261,Bá Đao Đệ Tử,0,1,FubenDeath,,1242,999,999,,,20000,21,1,24,1,,,,,Setting/Npc/Ai/CommonActive.ini,,,1,20,1,,,,,,,,,,,,,,,,,,,
TianWang_fight,3262,Đệ Tử Thiên Vương,0,1,FubenDeath,,5211,999,999,,,20000,21,1,24,1,,,,,Setting/Npc/Ai/CommonActive.ini,,,1,20,1,,,,,,,,,,,,,,,,,,,
CangJian_fight,3263,Đệ Tử Tàng Kiếm,0,1,FubenDeath,,1218,999,999,,,20000,21,1,24,1,,,,,Setting/Npc/Ai/CommonActive.ini,,,1,20,1,,,,,,,,,,,,,,,,,,,
ShaoLin_fight,3264,Đệ Tử Thiếu Lâm,0,1,FubenDeath,,1169,999,999,,,20000,21,1,24,1,,,,,Setting/Npc/Ai/CommonActive.ini,,,1,20,1,,,,,,,,,,,,,,,,,,,
TangMen_fight,3266,Đường Môn Đệ Tử,0,1,FubenDeath,,1166,999,999,,,20000,21,1,27,1,,,,,Setting/Npc/Ai/CommonActive.ini,,,1,20,1,,,,,,,,,,,,,,,,,,,
XiaoYao_fight,3265,Đệ Tử Tiêu Dao,0,1,FubenDeath,,5210,999,999,,,20000,21,1,27,1,,,,,Setting/Npc/Ai/CommonActive.ini,,,1,20,1,,,,,,,,,,,,,,,,,,,
HuaShan_fight,3267,Đệ Tử Hoa Sơn,0,1,FubenDeath,,1244,999,999,,,20000,21,1,27,1,,,,,Setting/Npc/Ai/CommonActive.ini,,,1,20,1,,,,,,,,,,,,,,,,,,,
WuDu_fight,3268,Đệ Tử Ngũ Độc,0,1,FubenDeath,,1174,999,999,,,20000,21,1,41,1,,,,,Setting/Npc/Ai/CommonActive.ini,,,1,20,1,,,,,,,,,,,,,,,,,,,
Emei_fight,3269,Đệ Tử Nga Mi,0,1,FubenDeath,,5212,999,999,,,20000,21,1,43,1,,,,,Setting/Npc/Ai/CommonActive.ini,,,1,20,1,,,,,,,,,,,,,,,,,,,
CuiYan_fight,3270,Thúy Yên Đệ Tử,0,1,FubenDeath,,1149,999,999,,,20000,21,1,43,1,,,,,Setting/Npc/Ai/CommonActive.ini,,,1,20,1,,,,,,,,,,,,,,,,,,,
TianShan_fight,3271,Thiên Sơn Đệ,0,1,FubenDeath,,1232,999,999,,,20000,21,1,43,1,,,,,Setting/Npc/Ai/CommonActive.ini,,,1,20,1,,,,,,,,,,,,,,,,,,,
TaoHua_fight,3272,Đệ Tử Đào Hoa,0,1,FubenDeath,,5209,999,999,,,20000,21,1,40,1,,,,,Setting/Npc/Ai/CommonActive.ini,,,1,20,1,,,,,,,,,,,,,,,,,,,
TianRen_fight,3273,Đệ Tử Thiên Nhẫn,0,1,FubenDeath,,6111,999,999,,,20000,21,1,26,1,,,,,Setting/Npc/Ai/CommonActive.ini,,,1,20,1,,,,,,,,,,,,,,,,,,,
GaiBang_fight,3274,Cái Bang Đệ Tử,0,1,FubenDeath,,1170,999,999,,,20000,21,1,26,1,,,,,Setting/Npc/Ai/CommonActive.ini,,,1,20,1,,,,,,,,,,,,,,,,,,,
WuDang_fight,3275,Đệ Tử Võ Đang,0,1,FubenDeath,,1131,999,999,,,20000,21,1,59,1,,,,,Setting/Npc/Ai/CommonActive.ini,,,1,20,1,,,,,,,,,,,,,,,,,,,
KunLun_fight,3276,Côn Lôn Đệ Tử,0,1,FubenDeath,,1165,999,999,,,20000,21,1,59,1,,,,,Setting/Npc/Ai/CommonActive.ini,,,1,20,1,,,,,,,,,,,,,,,,,,,
ChangGe_fight,3277,Trường Ca Đệ Tử,0,1,FubenDeath,,1210,999,999,,,20000,21,1,63,1,,,,,Setting/Npc/Ai/CommonActive.ini,,,1,20,1,,,,,,,,,,,,,,,,,,,
Duanshi_fight,3460,Đoàn Thị Đệ Tử,0,1,FubenDeath,,1210,999,999,,,20000,21,1,63,1,,,,,Setting/Npc/Ai/CommonActive.ini,,,1,20,1,,,,,,,,,,,,,,,,,,,
jiuguan_denglong,3279,Lồng Đèn Đỏ,5,0,,,669,995,300,,,,,,,,,,,,,,,,,,,,,,,NoTurn,,,,,,,,,,,,,
WanJu_JiuTan,3286,Hũ Trà,2,1,ToyWineNpc,"3,Đang uống trà...",3218,995,994,,,,,,,,,,,,,,,,,,,,,,,NoTurn,,,,,,,,,,,,,
JiangniangJiutan_1,3287,Tửu Đàn,2,,MaterialCollectBoxNpc,,3218,995,300,,,,,,,,,,,,,,,,,,,,,,,NoTurn,,,,,,,,,,,,,
JiangniangJiutan_2,3288,Tửu Đàn,2,,MaterialCollectBoxNpc,,3220,995,300,,,,,,,,,,,,,,,,,,,,,,,NoTurn,,,,,,,,,,,,,
JiangniangJiutan_3,3289,Tửu Đàn,2,,MaterialCollectBoxNpc,,3221,995,300,,,,,,,,,,,,,,,,,,,,,,,NoTurn,,,,,,,,,,,,,
LT_diaoxiang_tw_wanju,3290,Tượng Thành Chủ Thiên Vương (Đồ Chơi),2,0,MainCityMaster,1,30001,200,994,,,91,,,,,,,1500,1500,Setting/Npc/Ai/Stay.ini,,,,20,3,,6000,195,1,,NoTurn,,,,,,,,,,,,,
LT_diaoxiang_twfe_wanju,3291,Tượng Thành Chủ Thiên Vương Nữ (Đồ Chơi),2,0,MainCityMaster,1,30002,200,994,,,91,,,,,,,1500,1500,Setting/Npc/Ai/Stay.ini,,,,20,3,,6000,195,1,,NoTurn,,,,,,,,,,,,,
LT_diaoxiang_em_wanju,3292,Tượng Thành Chủ Nga Mi (Đồ Chơi),2,0,MainCityMaster,2,30003,200,994,,,91,,,,,,,1500,1500,Setting/Npc/Ai/Stay.ini,,,,20,3,,6000,195,1,,NoTurn,,,,,,,,,,,,,
LT_diaoxiang_th_wanju,3293,Tượng Thành Chủ Đào Hoa (Đồ Chơi),2,0,MainCityMaster,3,30004,200,994,,,91,,,,,,,1500,1500,Setting/Npc/Ai/Stay.ini,,,,20,3,,6000,195,1,,NoTurn,,,,,,,,,,,,,
LT_diaoxiang_xy_wanju,3294,Tượng Thành Chủ Tiêu Dao (Đồ Chơi),2,0,MainCityMaster,4,30005,200,994,,,91,,,,,,,1500,1500,Setting/Npc/Ai/Stay.ini,,,,20,3,,6000,195,1,,NoTurn,,,,,,,,,,,,,
LT_diaoxiang_wd_wanju,3295,Tượng Thành Chủ Võ Đang (Đồ Chơi),2,0,MainCityMaster,5,30006,200,994,,,91,,,,,,,1500,1500,Setting/Npc/Ai/Stay.ini,,,,20,3,,6000,195,1,,NoTurn,,,,,,,,,,,,,
LT_diaoxiang_wdfe_wanju,3296,Tượng Thành Chủ Võ Đang Nữ (Đồ Chơi),2,0,MainCityMaster,5,30007,200,994,,,91,,,,,,,1500,1500,Setting/Npc/Ai/Stay.ini,,,,20,3,,6000,195,1,,NoTurn,,,,,,,,,,,,,
LT_diaoxiang_tr_wanju,3297,Tượng Thành Chủ Thiên Nhẫn (Đồ Chơi),2,0,MainCityMaster,6,30008,200,994,,,91,,,,,,,1500,1500,Setting/Npc/Ai/Stay.ini,,,,20,3,,6000,195,1,,NoTurn,,,,,,,,,,,,,
LT_diaoxiang_sl_wanju,3298,Tượng Thành Chủ Thiếu Lâm (Đồ Chơi),2,0,MainCityMaster,7,30009,200,994,,,91,,,,,,,1500,1500,Setting/Npc/Ai/Stay.ini,,,,20,3,,6000,195,1,,NoTurn,,,,,,,,,,,,,
LT_diaoxiang_cy_wanju,3299,Tượng Thành Chủ Thúy Yên (Đồ Chơi),2,0,MainCityMaster,8,30010,200,994,,,91,,,,,,,1500,1500,Setting/Npc/Ai/Stay.ini,,,,20,3,,6000,195,1,,NoTurn,,,,,,,,,,,,,
LT_diaoxiang_tm_wanju,3300,Tượng Thành Chủ Đường Môn (Đồ Chơi),2,0,MainCityMaster,9,30011,200,994,,,91,,,,,,,1500,1500,Setting/Npc/Ai/Stay.ini,,,,20,3,,6000,195,1,,NoTurn,,,,,,,,,,,,,
LT_diaoxiang_kl_wanju,3301,Tượng Thành Chủ Côn Lôn (Đồ Chơi),2,0,MainCityMaster,10,30012,200,994,,,91,,,,,,,1500,1500,Setting/Npc/Ai/Stay.ini,,,,20,3,,6000,195,1,,NoTurn,,,,,,,,,,,,,
LT_diaoxiang_klma_wanju,3302,Tượng Thành Chủ Côn Lôn Nam (Đồ Chơi),2,0,MainCityMaster,10,30013,200,994,,,91,,,,,,,1500,1500,Setting/Npc/Ai/Stay.ini,,,,20,3,,6000,195,1,,NoTurn,,,,,,,,,,,,,
LT_diaoxiang_gb_wanju,3303,Tượng Thành Chủ Cái Bang (Đồ Chơi),2,0,MainCityMaster,11,30014,200,994,,,91,,,,,,,1500,1500,Setting/Npc/Ai/Stay.ini,,,,20,3,,6000,195,1,,NoTurn,,,,,,,,,,,,,
LT_diaoxiang_wudu_wanju,3305,Tượng Thành Chủ Ngũ Độc (Đồ Chơi),2,0,MainCityMaster,12,30015,200,994,,,91,,,,,,,1500,1500,Setting/Npc/Ai/Stay.ini,,,,20,3,,6000,195,1,,NoTurn,,,,,,,,,,,,,
LT_diaoxiang_cj_wanju,3304,Tượng Thành Chủ Tàng Kiếm (Đồ Chơi),2,0,MainCityMaster,13,30016,200,994,,,91,,,,,,,1500,1500,Setting/Npc/Ai/Stay.ini,,,,20,3,,6000,195,1,,NoTurn,,,,,,,,,,,,,
LT_diaoxiang_cg_wanju,3306,Tượng Thành Chủ Trường Ca (Đồ Chơi),2,0,MainCityMaster,14,30017,200,994,,,91,,,,,,,1500,1500,Setting/Npc/Ai/Stay.ini,,,,20,3,,6000,195,1,,NoTurn,,,,,,,,,,,,,
LT_diaoxiang_tsma_wanju,3307,Tượng Thành Chủ Thiên Sơn Nam (Đồ Chơi),2,0,MainCityMaster,15,30018,200,994,,,91,,,,,,,1500,1500,Setting/Npc/Ai/Stay.ini,,,,20,3,,6000,195,1,,NoTurn,,,,,,,,,,,,,
LT_diaoxiang_tsfe_wanju,3308,Tượng Thành Chủ Thiên Sơn Nữ (Đồ Chơi),2,0,MainCityMaster,15,30019,200,994,,,91,,,,,,,1500,1500,Setting/Npc/Ai/Stay.ini,,,,20,3,,6000,195,1,,NoTurn,,,,,,,,,,,,,
LT_diaoxiang_bdma_wanju,3309,Tượng Thành Chủ Bá Đao Nam (Đồ Chơi),2,0,MainCityMaster,16,30020,200,994,,,91,,,,,,,1500,1500,Setting/Npc/Ai/Stay.ini,,,,20,3,,6000,195,1,,NoTurn,,,,,,,,,,,,,
LT_diaoxiang_bdfe_wanju,3310, Tượng Thành Chủ Bá Đao Nữ (Đồ Chơi),2,0,MainCityMaster,16,30021,200,994,,,91,,,,,,,1500,1500,Setting/Npc/Ai/Stay.ini,,,,20,3,,6000,195,1,,NoTurn,,,,,,,,,,,,,
LT_diaoxiang_hsma_wanju,3311,Tượng Thành Chủ Hoa Sơn Nam (Đồ Chơi),2,0,MainCityMaster,17,30022,200,994,,,91,,,,,,,1500,1500,Setting/Npc/Ai/Stay.ini,,,,20,3,,6000,195,1,,NoTurn,,,,,,,,,,,,,
LT_diaoxiang_hsfe_wanju,3312,Tượng Thành Chủ Hoa Sơn Nữ (Đồ Chơi),2,0,MainCityMaster,17,30023,200,994,,,91,,,,,,,1500,1500,Setting/Npc/Ai/Stay.ini,,,,20,3,,6000,195,1,,NoTurn,,,,,,,,,,,,,
LT_diaoxiang_mjma_wanju,3313,Tượng Thành Chủ Minh Giáo Nam Đồ Chơi),2,0,MainCityMaster,18,30024,200,994,,,91,,,,,,,1500,1500,Setting/Npc/Ai/Stay.ini,,,,20,3,,6000,195,1,,NoTurn,,,,,,,,,,,,,
LT_diaoxiang_mjfe_wanju,3314,Tượng Thành Chủ Minh Giáo Nữ (Đồ Chơi),2,0,MainCityMaster,18,30025,200,994,,,91,,,,,,,1500,1500,Setting/Npc/Ai/Stay.ini,,,,20,3,,6000,195,1,,NoTurn,,,,,,,,,,,,,
Jiuguan_jingjichang,3315,Nam Cung Phi,2,0,,,5027,207,307,Giang Hồ Thịnh Điển sắp đến rồi! Mọi người có tác phẩm gì có thể đến giao cho ta!,,1,21,1,,,,,,,Setting/Npc/Ai/CommonActive.ini,,,0,15,1,1,374,,,,NoTurn,,,,,,,,,,,,,
LT_diaoxiang_dsma_wanju,3787,Tượng Thành Chủ Đoàn Thị Nam (Đồ Chơi),2,0,MainCityMaster,19,30026,200,994,,,91,,,,,,,1500,1500,Setting/Npc/Ai/Stay.ini,,,,20,3,,6000,195,1,,NoTurn,,,,,,,,,,,,,
LT_diaoxiang_dsfe_wanju,3788,Tượng Thành Chủ Đoàn Thị Nữ (Đồ Chơi),2,0,MainCityMaster,19,30027,200,994,,,91,,,,,,,1500,1500,Setting/Npc/Ai/Stay.ini,,,,20,3,,6000,195,1,,NoTurn,,,,,,,,,,,,,
LT_diaoxiang_xyfe_wanju,3789,Tượng Thành Chủ Tiêu Dao Nữ (Đồ Chơi),2,0,MainCityMaster,4,30028,200,994,,,91,,,,,,,1500,1500,Setting/Npc/Ai/Stay.ini,,,,20,3,,6000,195,1,,NoTurn,,,,,,,,,,,,,
LT_diaoxiang_whma_wanju,3790,Tượng Thành Chủ Vạn Hoa Nam (Đồ Chơi),2,0,MainCityMaster,20,30029,200,994,,,91,,,,,,,1500,1500,Setting/Npc/Ai/Stay.ini,,,,20,3,,6000,195,1,,NoTurn,,,,,,,,,,,,,
LT_diaoxiang_whfe_wanju,3791,Tượng Thành Chủ Vạn Hoa Nữ (Đồ Chơi),2,0,MainCityMaster,20,30030,200,994,,,91,,,,,,,1500,1500,Setting/Npc/Ai/Stay.ini,,,,20,3,,6000,195,1,,NoTurn,,,,,,,,,,,,,
LT_diaoxiang_gbfe_wanju,3792,Tượng Thành Chủ Cái Bang Nữ (Đồ Chơi),2,0,MainCityMaster,11,30031,200,994,,,91,,,,,,,1500,1500,Setting/Npc/Ai/Stay.ini,,,,20,3,,6000,195,1,,NoTurn,,,,,,,,,,,,,
LT_diaoxiang_ymma_wanju,3836,Tượng Thành Chủ Dương Môn Nam,2,0,MainCityMaster,21,30032,200,994,,,91,,,,,,,1500,1500,Setting/Npc/Ai/Stay.ini,,,,20,3,,6000,195,1,,NoTurn,,,,,,,,,,,,,
LT_diaoxiang_ymfe_wanju,3837,Tượng Thành Chủ Dương Môn Nữ,2,0,MainCityMaster,21,30033,200,994,,,91,,,,,,,1500,1500,Setting/Npc/Ai/Stay.ini,,,,20,3,,6000,195,1,,NoTurn,,,,,,,,,,,,,
LT_diaoxiang_trma_wanju,3838,Tượng Thành Chủ Thiên Nhẫn Nam,2,0,MainCityMaster,6,30034,200,994,,,91,,,,,,,1500,1500,Setting/Npc/Ai/Stay.ini,,,,20,3,,6000,195,1,,NoTurn,,,,,,,,,,,,,
LT_diaoxiang_lqma_wanju,3865,Tượng Thành Chủ Long Tước Nam,2,0,MainCityMaster,22,30035,200,994,,,91,,,,,,,1500,1500,Setting/Npc/Ai/Stay.ini,,,,20,3,,6000,195,1,,NoTurn,,,,,,,,,,,,,
LT_diaoxiang_lqfe_wanju,3866,Tượng Thành Chủ Long Tước Nữ,2,0,MainCityMaster,22,30036,200,994,,,91,,,,,,,1500,1500,Setting/Npc/Ai/Stay.ini,,,,20,3,,6000,195,1,,NoTurn,,,,,,,,,,,,,
LT_diaoxiang_tmma_wanju,3867,Tượng Thành Chủ Nữ Đường Môn,2,0,MainCityMaster,9,30037,200,994,,,91,,,,,,,1500,1500,Setting/Npc/Ai/Stay.ini,,,,20,3,,6000,195,1,,NoTurn,,,,,,,,,,,,,
LT_diaoxiang_sjma_new,3932,Tượng Thành Chủ Thần Cơ Nam,2,0,MainCityMaster,23,30038,200,994,,,91,,,,,,,1500,1500,Setting/Npc/Ai/Stay.ini,,,,20,3,,6000,195,1,,NoTurn,,,,,,,,,,,,,
LT_diaoxiang_sjfe_new,3933,Tượng Thành Chủ Thần Cơ Nữ,2,0,MainCityMaster,23,30039,200,994,,,91,,,,,,,1500,1500,Setting/Npc/Ai/Stay.ini,,,,20,3,,6000,195,1,,NoTurn,,,,,,,,,,,,,
LT_diaoxiang_cjfe_new,3934,Tượng Thành Chủ Tàng Kiếm Nữ,2,0,MainCityMaster,13,30040,200,994,,,91,,,,,,,1500,1500,Setting/Npc/Ai/Stay.ini,,,,20,3,,6000,195,1,,NoTurn,,,,,,,,,,,,,
LT_diaoxiang_sjma_wanju,3953,Tượng Thành Chủ Thần Cơ Nam,2,0,MainCityMaster,23,29001,200,994,,,91,,,,,,,1500,1500,Setting/Npc/Ai/Stay.ini,,,,20,3,,6000,195,1,,NoTurn,,,,,,,,,,,,,
LT_diaoxiang_sjfe_wanju,3954,Tượng Thành Chủ Thần Cơ Nữ,2,0,MainCityMaster,23,29002,200,994,,,91,,,,,,,1500,1500,Setting/Npc/Ai/Stay.ini,,,,20,3,,6000,195,1,,NoTurn,,,,,,,,,,,,,
LT_diaoxiang_cjfe_wanju,3955,Tượng Thành Chủ Tàng Kiếm Nữ,2,0,MainCityMaster,13,29003,200,994,,,91,,,,,,,1500,1500,Setting/Npc/Ai/Stay.ini,,,,20,3,,6000,195,1,,NoTurn,,,,,,,,,,,,,
LT_diaoxiang_xsma_wanju,4068,Tượng Thành Chủ Nam Huyền Thủy,2,0,MainCityMaster,22,30054,200,994,,,91,,,,,,,1500,1500,Setting/Npc/Ai/Stay.ini,,,,20,3,,6000,195,1,,NoTurn,,,,,,,,,,,,,
LT_diaoxiang_xsfe_wanju,4069,Tượng Thành Chủ Nữ Huyền Thủy,2,0,MainCityMaster,22,30055,200,994,,,91,,,,,,,1500,1500,Setting/Npc/Ai/Stay.ini,,,,20,3,,6000,195,1,,NoTurn,,,,,,,,,,,,,
LT_diaoxiang_cxma_wanju,5516,Tượng Thành Chủ Xung Tiêu Nam,2,0,MainCityMaster,22,30056,200,994,,,91,,,,,,,1500,1500,Setting/Npc/Ai/Stay.ini,,,,20,3,,6000,195,1,,NoTurn,,,,,,,,,,,,,
LT_diaoxiang_cxfe_wanju,5517,Tượng Thành Chủ Xung Tiêu Nữ,2,0,MainCityMaster,22,30057,200,994,,,91,,,,,,,1500,1500,Setting/Npc/Ai/Stay.ini,,,,20,3,,6000,195,1,,NoTurn,,,,,,,,,,,,,
LT_diaoxiang_lwma_wanju,5518,Long Uy Tượng Thành Chủ-Nam,2,0,MainCityMaster,22,30058,200,994,,,91,,,,,,,1500,1500,Setting/Npc/Ai/Stay.ini,,,,20,3,,6000,195,1,,NoTurn,,,,,,,,,,,,,
LT_diaoxiang_lwfe_wanju,5519,Long Uy Tượng Thành Chủ-Nữ,2,0,MainCityMaster,22,30059,200,994,,,91,,,,,,,1500,1500,Setting/Npc/Ai/Stay.ini,,,,20,3,,6000,195,1,,NoTurn,,,,,,,,,,,,,
LT_diaoxiang_hmma_wanju,5520,Hội Mộng Tượng Thành Chủ-Nam,2,0,MainCityMaster,22,30060,200,994,,,91,,,,,,,1500,1500,Setting/Npc/Ai/Stay.ini,,,,20,3,,6000,195,1,,NoTurn,,,,,,,,,,,,,
LT_diaoxiang_hmfe_wanju,5521,Hội Mộng Tượng Thành Chủ-Nữ,2,0,MainCityMaster,22,30061,200,994,,,91,,,,,,,1500,1500,Setting/Npc/Ai/Stay.ini,,,,20,3,,6000,195,1,,NoTurn,,,,,,,,,,,,,
LT_diaoxiang_txma_wanju,5522,Tượng Thành Chủ Thiên Tâm Nam,2,0,MainCityMaster,22,30062,200,994,,,91,,,,,,,1500,1500,Setting/Npc/Ai/Stay.ini,,,,20,3,,6000,195,1,,NoTurn,,,,,,,,,,,,,
LT_diaoxiang_txfe_wanju,5523,Tượng Thành Chủ Thiên Tâm Nữ,2,0,MainCityMaster,22,30063,200,994,,,91,,,,,,,1500,1500,Setting/Npc/Ai/Stay.ini,,,,20,3,,6000,195,1,,NoTurn,,,,,,,,,,,,,
LT_diaoxiang_zlma_wanju,5619,Trảm Liệt Tượng Thành Chủ-Nam,2,0,MainCityMaster,22,30066,200,994,,,91,,,,,,,1500,1500,Setting/Npc/Ai/Stay.ini,,,,20,3,,6000,195,1,,NoTurn,,,,,,,,,,,,,
LT_diaoxiang_zlfe_wanju,5620,Trảm Liệt Tượng Thành Chủ-Nữ,2,0,MainCityMaster,22,30067,200,994,,,91,,,,,,,1500,1500,Setting/Npc/Ai/Stay.ini,,,,20,3,,6000,195,1,,NoTurn,,,,,,,,,,,,,
LT_diaoxiang_ghma_wanju,5985,Tượng Thành Chủ Nam Cô Hồng,2,0,MainCityMaster,22,30070,200,994,,,91,,,,,,,1500,1500,Setting/Npc/Ai/Stay.ini,,,,20,3,,6000,195,1,,NoTurn,,,,,,,,,,,,,
LT_diaoxiang_ghfe_wanju,5986,Tượng Thành Chủ Cô Hồng Nữ,2,0,MainCityMaster,22,30071,200,994,,,91,,,,,,,1500,1500,Setting/Npc/Ai/Stay.ini,,,,20,3,,6000,195,1,,NoTurn,,,,,,,,,,,,,
HSLJ_diaoxiang_sjma,3935,Tượng Hoa Sơn Luận Kiếm Thần Cơ Nam,0,0,,,30041,200,994,"Làm đỉnh Lăng Tuyệt, chiêm ngưỡng núi đồi!",,91,,,,,,,1500,1500,Setting/Npc/Ai/Stay.ini,,,,20,3,,,,,,NoTurn,,,,,,,,,,,,,
HSLJ_diaoxiang_sjfe,3936,Tượng Hoa Sơn Luận Kiếm Thần Cơ Nữ,0,0,,,30042,200,994,"Làm đỉnh Lăng Tuyệt, chiêm ngưỡng núi đồi!",,91,,,,,,,1500,1500,Setting/Npc/Ai/Stay.ini,,,,20,3,,,,,,NoTurn,,,,,,,,,,,,,
HSLJ_diaoxiang_cjfe,3937,Tượng Hoa Sơn Luận Kiếm Tàng Kiếm Nữ,0,0,,,30043,200,994,"Làm đỉnh Lăng Tuyệt, chiêm ngưỡng núi đồi!",,91,,,,,,,1500,1500,Setting/Npc/Ai/Stay.ini,,,,20,3,,,,,,NoTurn,,,,,,,,,,,,,
BrocadeAwardBox_1,3425,Hộp Năm Mới Thường,2,0,BrocadeBoxNpc,,974,,,,,1,,,,,,,560,980,,,,1,15,,,,,,,NoTurn,,,,,,,,,,,,,
BrocadeAwardBox_2,3426,Hộp Năm Mới Tinh Tế,2,0,BrocadeBoxNpc,,975,,,,,1,,,,,,,560,980,,,,1,15,,,,,,,NoTurn,,,,,,,,,,,,,
BrocadeAwardBox_3,3427,Hộp Năm Mới Hoa Lệ,2,0,BrocadeBoxNpc,,976,,,,,1,,,,,,,560,980,,,,1,15,,,,,,,NoTurn,,,,,,,,,,,,,
Caishen,3442,Thần Tài,2,0,,,715,200,994,,,100,,,,,,,560,980,Setting/Npc/Ai/Stay.ini,,,,17,3,1,,,,,,,,,,,,,,,,,,
FoolsDayPig,3461,1/4 biến thân heo,0,0,CatPetNpc,,20304,10004,994,,,10000,,,,,,,1000,1000,Setting/Npc/Ai/normal/Pet.ini,,,,20,3,,,,,,,,10,1,,,,,,,1,1,,
Music_diaoxiang,3686,Tượng Thi Âm Các,2,0,GoodVoiceStatue,,565,,993,,,1,,,,,,,,,Setting/Npc/Ai/KeepMoving.ini,,,0,10,3,,,,,,NoTurn,,10,5,,,,,,,,,,
KinFoKu_1,3733,Cờ Thiên Long,0,1,KinFoKuBattle,,737,200,994,,,1120,,,91,1,105,1,1500,1500,Setting/Npc/Ai/Stay.ini,,,1,20,2,1,,,,,NoTurn,,,,,,,,,,1,1,,
KinFoKu_2,3734,Thiên Long Châu,2,1,KinFoKuBattle,,732,992,992,,,,,,,,,,560,980,,,,1,1,,,,,,,,,,,,,,,,,,,,
test_linfengtang,3743,Lâm Phong Đường,0,1,,,1265,,,,,611,166,1,200,1,,,600,600,Setting/Npc/Ai/CommonPassive.ini,1,Setting/Npc/DropFile/yewai/yewai_100.tab,1,18,1,,,,,,,1,,,16,,,,,,,,,
test_zhangchengsu,3744,Trương Thừa Tố,0,1,,,1266,,,,,611,166,1,200,1,,,600,600,Setting/Npc/Ai/CommonPassive.ini,1,Setting/Npc/DropFile/yewai/yewai_100.tab,1,18,1,,,,,,,1,,,16,,,,,,,,,
test_damo,3745,Đạt Ma,0,1,,,1267,,,,,611,166,1,200,1,,,600,600,Setting/Npc/Ai/CommonPassive.ini,1,Setting/Npc/DropFile/yewai/yewai_100.tab,1,18,1,,,,,,,1,,,16,,,,,,,,,
test_yangjizhou,3825,Dương Kế Chu,0,1,,,1278,,,,,611,166,1,200,1,,,600,600,Setting/Npc/Ai/CommonPassive.ini,1,Setting/Npc/DropFile/yewai/yewai_100.tab,1,18,1,,,,,,,1,,,16,,,,,,,,,
test_yangjinchen,3826,Dương Tận Thầm,0,1,,,1279,,,,,611,166,1,200,1,,,600,600,Setting/Npc/Ai/CommonPassive.ini,1,Setting/Npc/DropFile/yewai/yewai_100.tab,1,18,1,,,,,,,1,,,16,,,,,,,,,
CookMaterial_Shui1,3756,Thùng Nước,2,0,ClientCookGatherNpc,,3752,992,992,,,1,,,,,,,560,980,,,,1,15,,,,,,,NoTurn,,,,,,,,,,,,,
CookMaterial_Shui2,3757,Thùng Nước,2,0,CookGather,,3752,992,992,,,1,,,,,,,560,980,,,,1,15,,,,,,,NoTurn,,,,,,,,,,,,,
CookMaterial_Cai1,3758,Rau,2,0,ClientCookGatherNpc,,3753,992,992,,,1,,,,,,,560,980,,,,1,15,,,,,,,NoTurn,,,,,,,,,,,,,
CookMaterial_Cai2,3759,Rau,2,0,CookGather,,3753,992,992,,,1,,,,,,,560,980,,,,1,15,,,,,,,NoTurn,,,,,,,,,,,,,
CookMaterial_Jidan1,3760,Trứng Gà,2,0,ClientCookGatherNpc,,3754,992,992,,,1,,,,,,,560,980,,,,1,15,,,,,,,NoTurn,,,,,,,,,,,,,
CookMaterial_Jidan2,3761,Trứng Gà,2,0,CookGather,,3754,992,992,,,1,,,,,,,560,980,,,,1,15,,,,,,,NoTurn,,,,,,,,,,,,,
CookMaterial_Xianggu1,3762,Nấm Hương,2,0,ClientCookGatherNpc,,3755,992,992,,,1,,,,,,,560,980,,,,1,15,,,,,,,NoTurn,,,,,,,,,,,,,
CookMaterial_Xianggu2,3763,Nấm Hương,2,0,CookGather,,3755,992,992,,,1,,,,,,,560,980,,,,1,15,,,,,,,NoTurn,,,,,,,,,,,,,
CookMaterial_Lajiao1,3764,Ớt,2,0,ClientCookGatherNpc,,3756,992,992,,,1,,,,,,,560,980,,,,1,15,,,,,,,NoTurn,,,,,,,,,,,,,
CookMaterial_Lajiao2,3765,Ớt,2,0,CookGather,,3756,992,992,,,1,,,,,,,560,980,,,,1,15,,,,,,,NoTurn,,,,,,,,,,,,,
CookMaterial_Yiner1,3766,Ngân Nhĩ,2,0,ClientCookGatherNpc,,3757,992,992,,,1,,,,,,,560,980,,,,1,15,,,,,,,NoTurn,,,,,,,,,,,,,
CookMaterial_Yiner2,3767,Ngân Nhĩ,2,0,CookGather,,3757,992,992,,,1,,,,,,,560,980,,,,1,15,,,,,,,NoTurn,,,,,,,,,,,,,
CookMaterial_Xia1,3768,Giỏ Cá,2,0,ClientCookGatherNpc,,3758,992,992,,,1,,,,,,,560,980,,,,1,15,,,,,,,NoTurn,,,,,,,,,,,,,
CookMaterial_Xia2,3769,Giỏ Cá,2,0,CookGather,,3758,992,992,,,1,,,,,,,560,980,,,,1,15,,,,,,,NoTurn,,,,,,,,,,,,,
CookMaterial_Pangxie1,3770,Giỏ Cá,2,0,ClientCookGatherNpc,,3758,992,992,,,1,,,,,,,560,980,,,,1,15,,,,,,,NoTurn,,,,,,,,,,,,,
CookMaterial_Pangxie2,3771,Giỏ Cá,2,0,CookGather,,3758,992,992,,,1,,,,,,,560,980,,,,1,15,,,,,,,NoTurn,,,,,,,,,,,,,
CookMaterial_Liyu1,3772,Giỏ Cá,2,0,ClientCookGatherNpc,,3758,992,992,,,1,,,,,,,560,980,,,,1,15,,,,,,,NoTurn,,,,,,,,,,,,,
CookMaterial_Liyu2,3773,Giỏ Cá,2,0,CookGather,,3758,992,992,,,1,,,,,,,560,980,,,,1,15,,,,,,,NoTurn,,,,,,,,,,,,,
CookMaterial_Luyu1,3774,Giỏ Cá,2,0,ClientCookGatherNpc,,3758,992,992,,,1,,,,,,,560,980,,,,1,15,,,,,,,NoTurn,,,,,,,,,,,,,
CookMaterial_Luyu2,3775,Giỏ Cá,2,0,CookGather,,3758,992,992,,,1,,,,,,,560,980,,,,1,15,,,,,,,NoTurn,,,,,,,,,,,,,
CookMaterial_Yinyu1,3776,Giỏ Cá,2,0,ClientCookGatherNpc,,3758,992,992,,,1,,,,,,,560,980,,,,1,15,,,,,,,NoTurn,,,,,,,,,,,,,
CookMaterial_Yinyu2,3777,Giỏ Cá,2,0,CookGather,,3758,992,992,,,1,,,,,,,560,980,,,,1,15,,,,,,,NoTurn,,,,,,,,,,,,,
CookMaterial_Manyu1,3778,Giỏ Cá,2,0,ClientCookGatherNpc,,3758,992,992,,,1,,,,,,,560,980,,,,1,15,,,,,,,NoTurn,,,,,,,,,,,,,
CookMaterial_Manyu2,3779,Giỏ Cá,2,0,CookGather,,3758,992,992,,,1,,,,,,,560,980,,,,1,15,,,,,,,NoTurn,,,,,,,,,,,,,
CookMaterial_Hetun1,3780,Giỏ Cá,2,0,ClientCookGatherNpc,,3758,992,992,,,1,,,,,,,560,980,,,,1,15,,,,,,,NoTurn,,,,,,,,,,,,,
CookMaterial_Hetun2,3781,Giỏ Cá,2,0,CookGather,,3758,992,992,,,1,,,,,,,560,980,,,,1,15,,,,,,,NoTurn,,,,,,,,,,,,,
CookMaterial_Jiangtuan1,3782,Giỏ Cá,2,0,ClientCookGatherNpc,,3758,992,992,,,1,,,,,,,560,980,,,,1,15,,,,,,,NoTurn,,,,,,,,,,,,,
CookMaterial_Jiangtuan2,3783,Giỏ Cá,2,0,CookGather,,3758,992,992,,,1,,,,,,,560,980,,,,1,15,,,,,,,NoTurn,,,,,,,,,,,,,
CookMaterial_Bear,3830,,0,1,,,990,200,994,,,1112,166,1,200,1,,,600,1500,Setting/Npc/Ai/CommonPassive2.ini,,,1,20,2,,,,,,,,,,,,,,,,,,,
CookMaterial_Pig,3831,,0,1,,,991,200,994,,,1112,166,1,200,1,,,600,1500,Setting/Npc/Ai/CommonPassive2.ini,,,1,20,1,,,,,,,,,,,,,,,,,,,
CookMaterial_Chicken,3832,,0,1,,,992,200,994,,,1112,166,1,200,1,,,600,1500,Setting/Npc/Ai/CommonPassive2.ini,,,1,20,1,,,,,,,,,,,,,,,,,,,
CookMateria_Hunter,3833,Hộ Săn,2,1,HuntingNpc,,159,623,994,"1 2 3 4 5, lên núi bắt cọp!",,1,21,1,,,,,,,Setting/Npc/Ai/CommonActive.ini,,,0,17,1,,,,,,,,,,,,,,,,,,,
FollowingPet_Husky_Child,3849,Đại Ngáo,0,0,FollowingPetNpc,,20307,200,994,,,1,,,,,,,,,Setting/Npc/Ai/KeepMoving.ini,,,0,20,3,,,,,,NoTurn,,,,,,,,,,,,,
FollowingPet_Husky_Adult,3850,Đại Ngáo,0,0,FollowingPetNpc,,20308,200,994,,,1,,,,,,,,,Setting/Npc/Ai/KeepMoving.ini,,,0,20,3,,,,,,NoTurn,,,,,,,,,,,,,
FollowingPet_Ragdoll_Child,3882,Ngọt Ngào,0,0,FollowingPetNpc,,20309,200,994,,,1,,,,,,,,,Setting/Npc/Ai/KeepMoving.ini,,,0,20,3,,,,,,NoTurn,,,,,,,,,,,,,
FollowingPet_Ragdoll_Adult,3883,Ngọt Ngào,0,0,FollowingPetNpc,,20310,200,994,,,1,,,,,,,,,Setting/Npc/Ai/KeepMoving.ini,,,0,20,3,,,,,,NoTurn,,,,,,,,,,,,,
FollowingPet_Seal_Child,3901,Thông Minh,0,0,FollowingPetNpc,,20311,200,994,,,1,,,,,,,,,Setting/Npc/Ai/KeepMoving.ini,,,0,20,3,,,,,,,,,,,,,,,,,,,
FollowingPet_Seal_Adult,3902,Thông Minh,0,0,FollowingPetNpc,,20312,200,994,,,1,,,,,,,,,Setting/Npc/Ai/KeepMoving.ini,,,0,20,3,,,,,,,,,,,,,,,,,,,
FollowingPet_Duck_Child,4008,Cạp Cạp,0,0,FollowingPetNpc,,20313,200,994,,,1,,,,,,,,,Setting/Npc/Ai/KeepMoving.ini,,,0,20,3,,,,,,,,,,,,,,,,,,,
FollowingPet_Duck_Adult,4009,Cạp Cạp,0,0,FollowingPetNpc,,20314,200,994,,,1,,,,,,,,,Setting/Npc/Ai/KeepMoving.ini,,,0,20,3,,,,,,,,,,,,,,,,,,,
FollowingPet_Penguin_Child,4010,Lạch Bạch,0,0,FollowingPetNpc,,20315,200,994,,,1,,,,,,,,,Setting/Npc/Ai/KeepMoving.ini,,,0,20,3,,,,,,,,,,,,,,,,,,,
FollowingPet_Penguin_Adult,4011,Lạch Bạch,0,0,FollowingPetNpc,,20316,200,994,,,1,,,,,,,,,Setting/Npc/Ai/KeepMoving.ini,,,0,20,3,,,,,,,,,,,,,,,,,,,
FollowingPet_Rabbit_All,4235,Chan Chan,0,0,FollowingPetNpc,,20317,200,994,,,1,,,,,,,,,Setting/Npc/Ai/KeepMoving.ini,,,0,20,3,,,,,,,,,,,,,,,,,,,
FollowingPet_Pig_Child,4233,Ủn Ỉn,0,0,FollowingPetNpc,,20319,200,994,,,1,,,,,,,,,Setting/Npc/Ai/KeepMoving.ini,,,0,20,3,,,,,,,,,,,,,,,,,,,
FollowingPet_Pig_Adult,4234,Ủn Ỉn,0,0,FollowingPetNpc,,20318,200,994,,,1,,,,,,,,,Setting/Npc/Ai/KeepMoving.ini,,,0,20,3,,,,,,,,,,,,,,,,,,,
FollowingPet_Squirrel_All,4236,Tàng Phong,0,0,FollowingPetNpc,,20320,200,994,,,1,,,,,,,,,Setting/Npc/Ai/KeepMoving.ini,,,0,20,3,,,,,,,,,,,,,,,,,,,
FollowingPet_Chicken_Child,4402,Đại Tướng Quân,0,0,FollowingPetNpc,,20322,200,994,,,1,,,,,,,,,Setting/Npc/Ai/KeepMoving.ini,,,0,20,3,,,,,,,,,,,,,,,,,,,
FollowingPet_Chicken_Adult,4403,Đại Tướng Quân,0,0,FollowingPetNpc,,20321,200,994,,,1,,,,,,,,,Setting/Npc/Ai/KeepMoving.ini,,,0,20,3,,,,,,,,,,,,,,,,,,,
FollowingPet_Monkey_Child,4404,Không Không,0,0,FollowingPetNpc,,20324,200,994,,,1,,,,,,,,,Setting/Npc/Ai/KeepMoving.ini,,,0,20,3,,,,,,,,,,,,,,,,,,,
FollowingPet_Monkey_Adult,4405,Không Không,0,0,FollowingPetNpc,,20323,200,994,,,1,,,,,,,,,Setting/Npc/Ai/KeepMoving.ini,,,0,20,3,,,,,,,,,,,,,,,,,,,
FollowingPet_raccoon_All,4577,Bán Tiên,0,0,FollowingPetNpc,,20325,200,994,,,1,,,,,,,,,Setting/Npc/Ai/KeepMoving.ini,,,0,20,3,,,,,,,,,,,,,,,,,,,
FollowingPet_Drangon_Child,4578,Linh Đồng,0,0,FollowingPetNpc,,20326,200,994,,,1,,,,,,,,,Setting/Npc/Ai/KeepMoving.ini,,,0,20,3,,,,,,,,,,,,,,,,,,,
FollowingPet_Drangon_Adult,4579,Linh Đồng,0,0,FollowingPetNpc,,20327,200,994,,,1,,,,,,,,,Setting/Npc/Ai/KeepMoving.ini,,,0,20,3,,,,,,,,,,,,,,,,,,,
FollowingPet_Starfish_All,4664,Thông Thông,0,0,FollowingPetNpc,,20328,200,994,,,1,,,,,,,,,Setting/Npc/Ai/KeepMoving.ini,,,0,20,3,,,,,,,,,,,,,,,,,,,
FollowingPet_Shark_Child,4665,Thuyền Trưởng,0,0,FollowingPetNpc,,20330,200,994,,,1,,,,,,,,,Setting/Npc/Ai/KeepMoving.ini,,,0,20,3,,,,,,,,,,,,,,,,,,,
FollowingPet_Shark_Adult,4666,Thuyền Trưởng,0,0,FollowingPetNpc,,20329,200,994,,,1,,,,,,,,,Setting/Npc/Ai/KeepMoving.ini,,,0,20,3,,,,,,,,,,,,,,,,,,,
FollowingPet_Fox_Child,4721,Tiểu Cửu,0,0,FollowingPetNpc,,20332,200,994,,,1,,,,,,,,,Setting/Npc/Ai/KeepMoving.ini,,,0,20,3,,,,,,,,,,,,,,,,,,,
FollowingPet_Fox_Adult,4722,Tiểu Cửu,0,0,FollowingPetNpc,,20331,200,994,,,1,,,,,,,,,Setting/Npc/Ai/KeepMoving.ini,,,0,20,3,,,,,,,,,,,,,,,,,,,
FollowingPet_GreenFox_Child,4873,Tiểu Li,0,0,FollowingPetNpc,,20333,200,994,,,1,,,,,,,,,Setting/Npc/Ai/KeepMoving.ini,,,0,20,3,,,,,,,,,,,,,,,,,,,
FollowingPet_GreenFox_Adult,4874,Tiểu Li,0,0,FollowingPetNpc,,20334,200,994,,,1,,,,,,,,,Setting/Npc/Ai/KeepMoving.ini,,,0,20,3,,,,,,,,,,,,,,,,,,,
FollowingPet_Egyptian_Child,4892,Lộ Lộ,0,0,FollowingPetNpc,,20335,200,994,,,1,,,,,,,,,Setting/Npc/Ai/KeepMoving.ini,,,0,20,3,,,,,,,,,,,,,,,,,,,
FollowingPet_Egyptian_Adult,4893,Lộ Lộ,0,0,FollowingPetNpc,,20336,200,994,,,1,,,,,,,,,Setting/Npc/Ai/KeepMoving.ini,,,0,20,3,,,,,,,,,,,,,,,,,,,
FollowingPet_Bigearfox_Child,4894,Kẹo,0,0,FollowingPetNpc,,20337,200,994,,,1,,,,,,,,,Setting/Npc/Ai/KeepMoving.ini,,,0,20,3,,,,,,,,,,,,,,,,,,,
FollowingPet_Bigearfox_Adult,4895,Kẹo,0,0,FollowingPetNpc,,20338,200,994,,,1,,,,,,,,,Setting/Npc/Ai/KeepMoving.ini,,,0,20,3,,,,,,,,,,,,,,,,,,,
FollowingPet_Owl_Child,5435,Đậu Đậu,0,0,FollowingPetNpc,,20339,200,994,,,1,,,,,,,,,Setting/Npc/Ai/KeepMoving.ini,,,0,20,3,,,,,,,,,,,,,,,,,,,
FollowingPet_Owl_Adult,5436,Đậu Đậu,0,0,FollowingPetNpc,,20340,200,994,,,1,,,,,,,,,Setting/Npc/Ai/KeepMoving.ini,,,0,20,3,,,,,,,,,,,,,,,,,,,
FollowingPet_ButterflyDog_Child,5580,Đào Đào,0,0,FollowingPetNpc,,20341,200,994,,,1,,,,,,,,,Setting/Npc/Ai/KeepMoving.ini,,,0,20,3,,,,,,,,,,,,,,,,,,,
FollowingPet_ButterflyDog_Adult,5581,Đào Đào,0,0,FollowingPetNpc,,20342,200,994,,,1,,,,,,,,,Setting/Npc/Ai/KeepMoving.ini,,,0,20,3,,,,,,,,,,,,,,,,,,,
FollowingPet_Deer_Child,6220,Bao Bao,0,0,FollowingPetNpc,,20343,200,994,,,1,,,,,,,,,Setting/Npc/Ai/KeepMoving.ini,,,0,20,3,,,,,,,,,,,,,,,,,,,
FollowingPet_Deer_Adult,6221,Bao Bao,0,0,FollowingPetNpc,,20344,200,994,,,1,,,,,,,,,Setting/Npc/Ai/KeepMoving.ini,,,0,20,3,,,,,,,,,,,,,,,,,,,
SouthChinaSea_Statue1,3868,Tượng Thần,2,0,SouthChinaSeaStatueNpc,,758,200,994,"Cho ta Chìa Tử Mang, sẽ giúp ngươi thoát khỏi nơi đây!",,100,,,,,,,1000,1000,Setting/Npc/Ai/Stay.ini,,,1,20,3,1,,,,,NoTurn,,,,,,,,,,,,,
SouthChinaSea_Statue2,3869,Tượng Thần,2,0,SouthChinaSeaStatueNpc,,759,200,994,"Cho ta Chìa Huy Diệu, sẽ giúp ngươi thoát khỏi nơi đây!",,100,,,,,,,1000,1000,Setting/Npc/Ai/Stay.ini,,,1,20,3,1,,,,,NoTurn,,,,,,,,,,,,,
SouthChinaSea_TransDoor,3870,Cửa Truyền Tống,5,0,SouthChinaSeaTrapNpc,,8,,,,,1,,,,,,,560,980,,,,1,15,,,,,,,,,,,,,,,,,,,,
SouthChinaSea_Box1,3871,Rương Cổ Mộc,2,0,SouthChinaSeaBox,3,760,995,300,,,1,,,,,,,560,980,Setting/Npc/Ai/Stay.ini,,,1,17,3,1,,,,,NoTurn,,,3,,,,,,,,,,
SouthChinaSea_Box2,3872,Rương Tử Đàn,2,0,SouthChinaSeaBox,6,761,995,300,,,1,,,,,,,560,980,Setting/Npc/Ai/Stay.ini,,,1,17,3,1,,,,,NoTurn,,,4,,,,,,,,,,
SouthChinaSea_Box3,3873,Rương Lưu Kim,2,0,SouthChinaSeaBox,15,762,995,300,,,1,,,,,,,560,980,Setting/Npc/Ai/Stay.ini,,,1,17,3,1,,,,,NoTurn,,,5,,,,,,,,,,
SouthChinaSea_Guaiwu1,3874,Thủy Tặc,0,1,SouthChinaSeaBattleNpc,,174,995,300,,,755,21,1,91,1,,,560,980,Setting/Npc/Ai/CommonPassive.ini,,,1,18,1,,,,,,,,,3,,,,,,,,,,
SouthChinaSea_Guaiwu2,3875,Thủy Tặc Đầu Mục,0,1,SouthChinaSeaBattleNpc,,650,995,300,,,756,166,1,200,1,,,560,980,Setting/Npc/Ai/CommonPassive.ini,,,1,18,1,,,,,,,,,4,,,,,,,,,,
SouthChinaSea_CrossDong,3876,Hang Vực Sâu,5,0,SouthChinaSeaCrossNpc,,757,,,,,1,,,,,,,560,980,Setting/Npc/Ai/Stay.ini,,,1,15,,,,,,,,,,,,,,,,,,,,
SouthChinaSea_Guaiwu3,3877,Thủy Tặc,0,1,SouthChinaSeaBattleNpc,,174,995,300,,,755,21,1,91,1,,,560,980,Setting/Npc/Ai/CommonPassive.ini,,,1,18,1,,,,,,,,,3,,,,,,,,,,
SouthChinaSea_Guaiwu4,3878,Thủy Tặc Đầu Mục,0,1,SouthChinaSeaBattleNpc,,650,995,300,,,756,166,1,200,1,,,560,980,Setting/Npc/Ai/CommonPassive.ini,,,1,18,1,,,,,,,,,4,,,,,,,,,,
SouthChinaSea_DropBox,3880,Rơi Bảo Rương,2,1,SouthChinaSeaDropBox,0,933,995,933,,,,,,,,,,560,980,,,,1,1,,,,,,,NoTurn,,,,,,,,,,,,,
SouthChinaSea_BigBox,3881,Rương Lưu Kim Khổng Lồ,2,0,SouthChinaSeaAwardBox,15,763,995,300,,,1,,,,,,,560,980,Setting/Npc/Ai/Stay.ini,,,1,17,3,1,,,,,NoTurn,,,5,,,,,,,,,,
House_Butler_1,3938,Lâm Dũ Cựu,0,0,HouseKeeper,,3767,200,994,,,1,,,,,,,5000,5000,Setting/Npc/Ai/Stay.ini,,,0,20,3,,,,,,NoTurn,,,,,,,,,,,,,
House_Butler_2,3939,Tiểu Nhu,0,0,HouseKeeper,,3768,200,994,,,1,,,,,,,5000,5000,Setting/Npc/Ai/Stay.ini,,,0,20,3,,,,,,NoTurn,,,,,,,,,,,,,
FieldAfkBox1,4071,Rương Hiệp Khách Đảo,2,1,FieldAfkBox,15441,352,995,300,,,1,,,,,,,,,,,,1,15,1,,,,,,NoTurn,,,3,,,,,,,1,,,
FieldAfkBox2,4072,Rương Hiệp Khách Đảo,2,1,FieldAfkBox,15442,352,995,300,,,1,,,,,,,,,,,,1,15,1,,,,,,NoTurn,,,4,,,,,,,1,,,
FieldAfkBox3,4073,Rương Hiệp Khách Đảo,2,1,FieldAfkBox,15443,352,995,300,,,1,,,,,,,,,,,,1,15,1,,,,,,NoTurn,,,5,,,,,,,1,,,
AoZhanXiangFan_1,4075,Thục Quân Chiến Kỳ,0,1,AoZhanXiangFanNpc,,737,200,1010,,,1010,,,91,1,105,1,1500,1500,Setting/Npc/Ai/Stay.ini,,,1,20,2,1,,,,,NoTurn,,,,,,,,,,1,1,,
AoZhanXiangFan_2,4076,Ngụy Quân Chiến Kỳ,0,1,AoZhanXiangFanNpc,,3958,200,1010,,,1010,,,91,1,105,1,1500,1500,Setting/Npc/Ai/Stay.ini,,,1,20,2,1,,,,,NoTurn,,,,,,,,,,1,1,,
SecretAdventure_LeaderNpc,4088,Sứ Giả Tiếp Dẫn Ảo Cảnh,2,0,SecretAdventureLeaderNpc,,1289,999,999,,,1,,,,,,,5000,5000,Setting/Npc/Ai/Stay.ini,,,0,20,3,,,,,,,,,,,,,,,,,,,
SecretAdventure_BusinessMan,4089,Ảo Cảnh Thương Nhân,2,0,SecretAdventureBusinessMan,,1290,999,999,,,1,,,,,,,5000,5000,Setting/Npc/Ai/Stay.ini,,,0,20,3,,,,,,,,,,,,,,,,,,,
SecretAdventure_BossBox,4093,Rương Sức Mạnh,2,0,SecretAdventureBossBox,,2957,995,300,,,1,,,,,,,,,,,,1,15,3,,,,,,NoTurn,,,7,,,,,,,1,,,
Greedyisland_1,4310,Thông Bảo,5,1,,,3970,200,994,,,,,,,,,,,,,,,,,,,,,,,NoTurn,,,,,,,,,,,,,
Greedyisland_2,4311,Mũi tên chỉ hướng,5,1,,,3971,200,994,,,,,,,,,,,,,,,,,,,,,,,NoTurn,,,,,,,,,,,,,
Greedyisland_3,4359,,5,1,FubenDeath,,469,200,300,,,91,,,91,1,,,1500,1500,Setting/Npc/Ai/Stay.ini,,,0,20,3,,,,,,,,,,1,,,,1,,,,,
GouLanWaShe_npc1,4331,Chủ Tiệm Phiếu Vạn Từ,2,1,PlayGroundNpc,,3975,9066,999,,,1,,,,,,,,,Setting/Npc/Ai/CommonActive.ini,,,0,15,1,,,,,,NoTurn,,,,,,,,,,,,,
GouLanWaShe_npc2,4332,Chủ Tiệm Phiếu Giả Tự,2,1,PlayGroundNpc,,3976,9066,999,,,1,,,,,,,,,Setting/Npc/Ai/CommonActive.ini,,,0,15,1,,,,,,NoTurn,,,,,,,,,,,,,
GouLanWaShe_npc3,4333,Toán Mệnh Tiên Sinh,2,1,PlayGroundNpc,,3977,9066,999,,,1,,,,,,,,,Setting/Npc/Ai/CommonActive.ini,,,0,15,1,,,,,,NoTurn,,,,,,,,,,,,,
GouLanWaShe_npc4,4334,Bảo Vệ Tùng Quả,2,1,PlayGroundNpc,,3978,9066,999,,,1,,,,,,,,,Setting/Npc/Ai/CommonActive.ini,,,0,15,1,,,,,,NoTurn,,,,,,,,,,,,,
GouLanWaShe_npc5,4335,Nhị Đỉnh Nhất Kỳ Đồng,2,1,PlayGroundNpc,,3979,9066,999,,,1,,,,,,,,,Setting/Npc/Ai/CommonActive.ini,,,0,15,1,,,,,,NoTurn,,,,,,,,,,,,,
GouLanWaShe_npc6,4336,Ngũ Diệu Liên Châu Kỳ Đồng,2,1,PlayGroundNpc,,3980,9066,999,,,1,,,,,,,,,Setting/Npc/Ai/CommonActive.ini,,,0,15,1,,,,,,NoTurn,,,,,,,,,,,,,
GouLanWaShe_npc7,4337,Chủ Tiệm Đại Chiến Dưa Hấu,2,1,PlayGroundNpc,,3981,9066,999,,,1,,,,,,,,,Setting/Npc/Ai/CommonActive.ini,,,0,15,1,,,,,,NoTurn,,,,,,,,,,,,,
GouLanWaShe_npc8,4338,Người Chăn Ngựa,2,1,PlayGroundNpc,,3982,9066,999,,,1,,,,,,,,,Setting/Npc/Ai/CommonActive.ini,,,0,15,1,,,,,,NoTurn,,,,,,,,,,,,,
GouLanWaShe_npc9,4339,Chủ Tiệm Trò Bắn Bi,2,1,PlayGroundNpc,,3983,9066,999,,,1,,,,,,,,,Setting/Npc/Ai/CommonActive.ini,,,0,15,1,,,,,,NoTurn,,,,,,,,,,,,,
GouLanWaShe_npc10,4340,Nghệ Nhân Pháo Hoa,2,1,PlayGroundNpc,,3984,9066,999,,,1,,,,,,,,,Setting/Npc/Ai/CommonActive.ini,,,0,15,1,,,,,,NoTurn,,,,,,,,,,,,,
GouLanWaShe_npc11,4341,Nghệ Nhận Tạp Kỹ,2,1,PlayGroundNpc,,3985,9066,999,,,1,,,,,,,,,Setting/Npc/Ai/CommonActive.ini,,,0,15,1,,,,,,NoTurn,,,,,,,,,,,,,
GouLanWaShe_npc12,4342,Đảo Chủ Đảo Tham Lam,2,1,PlayGroundNpc,,3986,9066,999,,,1,,,,,,,,,Setting/Npc/Ai/CommonActive.ini,,,0,15,1,,,,,,NoTurn,,,,,,,,,,,,,
GouLanWaShe_npc13,4343,Chủ Tiệm,2,1,PlayGroundNpc,,3987,9066,999,,,1,,,,,,,,,Setting/Npc/Ai/CommonActive.ini,,,0,15,1,,,,,,NoTurn,,,,,,,,,,,,,
GouLanWaShe_npc15,4798,Thần Tiên Đảo Đảo Chủ,2,1,PlayGroundNpc,,3986,9066,999,,,1,,,,,,,,,Setting/Npc/Ai/CommonActive.ini,,,0,15,1,,,,,,NoTurn,,,,,,,,,,,,,
Baoweisongguo_1,4344,Hộ Vệ Vườn Trái Cây,0,0,,,3989,999,999,,,100,,,,,,,560,980,Setting/Npc/Ai/Stay.ini,,,,17,3,1,,,,,NoTurn,,,,,,,,,,,,,
Baoweisongguo_2,4345,Sóc Tham Ăn,0,1,WhackAMoleNpc,,3988,999,999,,,1,,,,,,,,,Setting/Npc/Ai/CommonActive.ini,,,1,1,1,,,,,,,,,5,,,,,,,,,,
Baoweisongguo_3,4346,Sóc Nghịch Ngợm,0,0,WhackAMoleNpc,,3988,999,999,,,1,,,,,,,,,Setting/Npc/Ai/CommonActive.ini,,,1,1,1,,,,,,,,,5,,,,,,,,,,
XiGuaFight_1,4348,Dưa hấu,2,0,FubenDialogEvent,2|Đang thu thập|GatherXiGua,3991,992,300,,,,,,,,,,,,Setting/Npc/Ai/Stay.ini,,,,,,,,,,,,,,,,,,,,,,,,
Sanxiawuyi_findbox1,4366,Địa Cung Cơ Quan,2,1,FiveMouseSwitchNpc,,2957,995,2957,,,1,,,,,,,1000,1000,,,,,10,,,,,,,NoTurn,,10,3,,,,,,,,,,
Sanxiawuyi_findbox2,4367,Lối Ra Mật Đạo,5,0,SouthChinaSeaTrapNpc,,8,,,,,1,,,,,,,560,980,,,,1,15,,,,,,,,,,,,,,,,,,,,
BlindBoxAct_Cake_1,4369,Bánh Mừng Lễ,2,,MaterialCollectBoxNpc,,3992,995,300,,,,,,,,,,,,,,,,,,,,,,,NoTurn,,,,,,,,,,,,,
BlindBoxAct_Cake_2,4370,Bánh Mừng Lễ,2,,MaterialCollectBoxNpc,,3993,995,300,,,,,,,,,,,,,,,,,,,,,,,NoTurn,,,,,,,,,,,,,
BlindBoxAct_Cake_3,4371,Bánh Mừng Lễ,2,,MaterialCollectBoxNpc,,3994,995,300,,,,,,,,,,,,,,,,,,,,,,,NoTurn,,,,,,,,,,,,,
LiangMoXing_Car1,4406,Xe Lương-Lục,0,1,TruckNpc,1,4003,992,,,,1158,,,,,,,,,Setting/Npc/Ai/Stay.ini,,,1,15,1,,,,,,NoTurn,,,,,,,,,,,,,
LiangMoXing_Car2,4407,Xe Lương-Lam,0,1,TruckNpc,1,4004,992,,,,1158,,,,,,,,,Setting/Npc/Ai/Stay.ini,,,1,15,1,,,,,,NoTurn,,,,,,,,,,,,,
LiangMoXing_Car3,4408,Xe Lương-Tử,0,1,TruckNpc,1,4005,992,,,,1158,,,,,,,,,Setting/Npc/Ai/Stay.ini,,,1,15,1,,,,,,NoTurn,,,,,,,,,,,,,
LiangMoXing_Car4,4409,Xe Lương-Lục,0,0,,,4006,,,,,1158,91,1,,,,,,,Setting/Npc/Ai/CommonActive.ini,,,1,15,1,,,,,,,,,,,,,,,,,2,,
LiangMoXing_Car5,4410,Xe Lương-Lam,0,0,,,4007,,,,,1158,91,1,,,,,,,Setting/Npc/Ai/CommonActive.ini,,,1,15,1,,,,,,,,,,,,,,,,,2,,
LiangMoXing_Car6,4411,Xe Lương-Tử,0,0,,,4008,,,,,1158,91,1,,,,,,,Setting/Npc/Ai/CommonActive.ini,,,1,15,1,,,,,,,,,,,,,,,,,2,,
LiangMoXing_Official1,4416,Chuyển Vận Sứ,2,1,GrainOfficerNpc,,107,213,313,,,1,56,1,,,,,,,Setting/Npc/Ai/CommonActive.ini,,,0,15,3,,,,,,NoTurn,,,,,,,,,,,,,
LiangMoXing_Grain1,4425,Đống Lương Thảo Nhỏ,2,1,GrainNpc,0,4010,995,300,,,,,,,,,,560,980,,,,1,1,,,,,,,NoTurn,,,,,,,,,,,,,
LiangMoXing_Grain2,4426,Đống Lương Thảo Lớn,2,1,GrainNpc,0,4011,995,300,,,,,,,,,,560,980,,,,1,1,,,,,,,NoTurn,,,,,,,,,,,,,
LiangMoXing_Box1,4430,Rương Vận Lương,2,1,GrainTruckBoxNpc,,2957,995,300,,,1,,,,,,,1000,1000,,,,,10,,,,,,,NoTurn,,,,,,,,,,,,,
FindDesigner_npc1,4481,Kế Hoạch-Hoa Quyển,2,1,Designer,,4673,9066,999,,,1,,,,,,,,,Setting/Npc/Ai/CommonActive.ini,,,0,15,1,,,,,,NoTurn,,,,,,,,,,,,,
FindDesigner_npc2,4482,Kế hoạch,2,1,Designer,,4674,9066,999,,,1,,,,,,,,,Setting/Npc/Ai/CommonActive.ini,,,0,15,1,,,,,,NoTurn,,,,,,,,,,,,,
FindDesigner_npc3,4483,Mỹ thuật,2,1,Designer,,4675,9066,999,,,1,,,,,,,,,Setting/Npc/Ai/CommonActive.ini,,,0,15,1,,,,,,NoTurn,,,,,,,,,,,,,
FindDesigner_npc4,4484,Kế Hoạch-Đông Đông,2,1,Designer,,4676,9066,999,,,1,,,,,,,,,Setting/Npc/Ai/CommonActive.ini,,,0,15,1,,,,,,NoTurn,,,,,,,,,,,,,
HeroFeastNpc_1,4485,,2,0,HeroFeastNpc,,4038,9047,992,,,1,,,,,,,560,980,,,,1,15,,,,,,,NoTurn,,,,,,,,,,,,,
HeroFeastNpc_2,4486,,2,0,HeroFeastNpc,,4039,9047,992,,,1,,,,,,,560,980,,,,1,15,,,,,,,NoTurn,,,,,,,,,,,,,
HeroFeastNpc_3,4487,,2,0,HeroFeastNpc,,4040,9047,992,,,1,,,,,,,560,980,,,,1,15,,,,,,,NoTurn,,,,,,,,,,,,,
GouLanWaShe_npc14,4488,Long Oa,2,1,PlayGroundNpc,,4046,9066,999,,,1,,,,,,,,,Setting/Npc/Ai/CommonActive.ini,,,0,15,1,,,,,,NoTurn,,,,,,,,,,,,,
ChengE_Long_1,4551,Ác Long,0,1,,,775,9054,10,,,602,2957,1,82,1,195,1,,,Setting/Npc/Ai/CommonActive.ini,,,1,18,2,,,,,,,,,,,,,,,,1,,,
Huyao_boss,5491,Cửu Vĩ Hồ Yêu,0,1,,,790,9054,10,,,602,2957,1,82,1,195,1,,,Setting/Npc/Ai/CommonActive.ini,,,1,18,2,,,,,,,,,,,,,,,,1,,,
Huyao_npc,5492,Đào Lâm Hỏa Hồ,2,0,FoxDemonNpc,,110,9054,10,Hỡi ôi...,,602,2957,1,82,1,195,1,,,Setting/Npc/Ai/CommonActive.ini,,,1,18,2,,,,,,,,,,,,,,,,1,,,
PunishBeg_npc1,4554,Võ Lâm Ác Đồ Xin Tha,2,0,BegPunishDialog,,123,,,"Đại hiệp! Ta còn già trẻ cần nuôi, phải làm thảo khấu thật sự là bất đắc dĩ, đây là bảo vật của ta, tặng cho ngài hết, có thể tha cho ta không?",,51,21,1,,,,,3000,3000,,,,,18,,,,,,,,,,,,,,,,,,,,
PunishBeg_npc2,4555,Võ Lâm Ác Đồ Xin Tha,2,0,,,123,,,,,51,21,1,,,,,3000,3000,,,,,18,,,,,,,,,,,,,,,,,,,,
hd_huaxuesai_xueren_big1,4571,Người Tuyết Nhỏ,0,1,,,569,200,300,,,343,,,,,,,240,240,Setting/Npc/Ai/CommonActive.ini,,,1,15,3,,,6509,1,,,,,3,,,,,,,1,,,
HuDun_ZhuCheng,4574,Hổ Đôn,2,0,HuDunZhuCheng,,3222,999,999,,,1,,,,,,,5000,5000,Setting/Npc/Ai/CommonActive.ini,,,,3,1,,,,,,NoTurn,,,1,,,,,,,1,,,
PetRace_npc1,4597,Bánh Bao Thịt Lớn,5,0,,,4068,,,,,1,,,,,,,,,Setting/Npc/Ai/Stay.ini,,,1,15,3,,,,,,NoTurn,,,,,,,,,,,,,
PetRace_npc2,4598,Phong Hỏa Luân,5,0,,,4069,,,,,1,,,,,,,,,Setting/Npc/Ai/Stay.ini,,,1,15,3,,,,,,NoTurn,,,,,,,,,,,,,
PetRace_npc3,4599,Pháo Lớn,5,0,,,4070,,,,,1,,,,,,,,,Setting/Npc/Ai/Stay.ini,,,1,15,3,,,,,,NoTurn,,,,,,,,,,,,,
PetRace_ManageNpc,4600,A La,2,1,PetRaceManageNpc,,4080,9066,999,,,1,,,,,,,,,Setting/Npc/Ai/CommonActive.ini,,,0,15,1,,,,,,NoTurn,,,,,,,,,,,,,
PetRace_Ball1,4608,Tú Cầu,5,0,,,4076,,,,,1,,,,,,,,,Setting/Npc/Ai/Stay.ini,,,1,15,3,,,,,,NoTurn,,,,,,,,,,,,,
PetRace_Ball2,4609,Tú Cầu,5,0,,,4077,,,,,1,,,,,,,,,Setting/Npc/Ai/Stay.ini,,,1,15,3,,,,,,NoTurn,,,,,,,,,,,,,
PetRace_Ball3,4610,Tú Cầu,5,0,,,4078,,,,,1,,,,,,,,,Setting/Npc/Ai/Stay.ini,,,1,15,3,,,,,,NoTurn,,,,,,,,,,,,,
Emei_GuideMan,4601,Chu sư tỷ,2,1,,,4079,9066,999,,,1,56,1,,,,,,,Setting/Npc/Ai/CommonActive.ini,,,0,15,1,,,,,,,,,,,,,,,,,,,
PetRace_StartLine,4617,Khởi Điểm Tuyến,5,0,PetRaceLineNpc,,4081,,,,,1,,,,,,,,,Setting/Npc/Ai/Stay.ini,,,1,15,3,,,,,,NoTurn,,,,,,,,,,,,,
PetRace_EndLine,4618,Kênh cuối,5,0,PetRaceLineNpc,,4082,,,,,1,,,,,,,,,Setting/Npc/Ai/Stay.ini,,,1,15,3,,,,,,NoTurn,,,,,,,,,,,,,
PetRace_Column,4619,Trụ Điểm Cuối,5,0,,,4083,,,,,1,,,,,,,,,Setting/Npc/Ai/Stay.ini,,,1,15,3,,,,,,NoTurn,,,,,,,,,,,,,
FengQiLongXi_1,4620,Bạch Đế,2,1,,,4620,,,"Lại có khách không mời, đại hiệp hãy giúp ta.",,1,56,1,,,,,,,Setting/Npc/Ai/CommonActive.ini,,,0,15,1,,,,,,,,,,,,,,,,,,,
FengQiLongXi_2,4621,Xích Đế,2,1,,,4621,,,,,1,56,1,,,,,,,Setting/Npc/Ai/CommonActive.ini,,,0,15,1,,,,,,,,,,,,,,,,,,,
FengQiLongXi_3,4622,Quách Hoài,2,1,,,4622,,,,,1,56,1,,,,,,,Setting/Npc/Ai/CommonActive.ini,,,0,15,1,,,,,,,,,,,,,,,,,,,
FengQiLongXi_4,4623,Hắc Y Nhân,2,1,,,492,,,,,1,56,1,,,,,,,Setting/Npc/Ai/CommonActive.ini,,,0,15,1,,,,,,,,,,,,,,,,,,,
FengQiLongXi_5,4624,Bạch Đế,2,1,,,4620,,,"Lại có khách không mời, đại hiệp hãy giúp ta.",,1,56,1,,,,,,,Setting/Npc/Ai/CommonActive.ini,,,0,15,1,,,,,,,,,,,,,,,,,,,
LiangMoXing_HuolalaCar1,4643,Xe Lương-Lục,0,1,TruckNpc,1,4629,992,,,,1158,,,,,,,,,Setting/Npc/Ai/Stay.ini,,,1,15,1,,,,,,NoTurn,,,,,,,,,,,,,
LiangMoXing_HuolalaCar2,4644,Xe Lương-Lam,0,1,TruckNpc,1,4630,992,,,,1158,,,,,,,,,Setting/Npc/Ai/Stay.ini,,,1,15,1,,,,,,NoTurn,,,,,,,,,,,,,
LiangMoXing_HuolalaCar3,4646,Xe Lương-Tử,0,1,TruckNpc,1,4631,992,,,,1158,,,,,,,,,Setting/Npc/Ai/Stay.ini,,,1,15,1,,,,,,NoTurn,,,,,,,,,,,,,
LiangMoXing_HuolalaCar4,4645,Xe Lương-Lục,0,0,,,4632,,,,,1158,91,1,,,,,,,Setting/Npc/Ai/CommonActive.ini,,,1,15,1,,,,,,,,,,,,,,,,,2,,
LiangMoXing_HuolalaCar5,4647,Xe Lương-Lam,0,0,,,4633,,,,,1158,91,1,,,,,,,Setting/Npc/Ai/CommonActive.ini,,,1,15,1,,,,,,,,,,,,,,,,,2,,
LiangMoXing_HuolalaCar6,4648,Xe Lương-Tử,0,0,,,4634,,,,,1158,91,1,,,,,,,Setting/Npc/Ai/CommonActive.ini,,,1,15,1,,,,,,,,,,,,,,,,,2,,
GouLanWaShe_Huolala1,4649,Châu tiêu đầu,2,1,,,4635,9066,999,Tiêu cục bọn ta vận chuyển hàng hóa vừa nhanh vừa an toàn!,,1,,,,,,,,,Setting/Npc/Ai/Stay.ini,,,0,15,3,,,,,,NoTurn,,,,,,,,,,,,,
QingQiuTrans_Da,4691,Khí Vận Phù-Đại,2,1,LingLongTouZiNpc,0||OpenKey,4647,992,992,,,,,,,,,,560,980,,,,1,1,,,,,,,,,,3,,,,,,,,,,
QingQiuTrans_Xiao,4692,Khí Vận Phù-Tiểu,2,1,LingLongTouZiNpc,0||OpenKey,4648,992,992,,,,,,,,,,560,980,,,,1,1,,,,,,,,,,7,,,,,,,,,,
QingQiuTrans_Shun,4693,Khí Vận Phù-Thuận,2,1,LingLongTouZiNpc,0||OpenKey,4649,992,992,,,,,,,,,,560,980,,,,,,,,,,,,,,,,,,,,,,,,,
QingQiuTrans_He,4694,Khí Vận Phù-Hòa,2,1,LingLongTouZiNpc,0||OpenKey,4650,992,992,,,,,,,,,,560,980,,,,,,,,,,,,,,,,,,,,,,,,,
QingQiu_dropbox,4695,Rơi Bảo Rương,2,1,LingLongTouZiNpc,0||OpenDeathDropItem,933,995,933,,,,,,,,,,560,980,,,,1,1,,,,,,,NoTurn,,,,,,,,,,,,,
QingQiu_findbox1,4696,Bảo Rương,2,1,LingLongTouZiNpc,1|Đang thu thập...|OpenBox|2963,2957,995,2957,,,1,,,,,,,1000,1000,,,,,10,,,,,,,NoTurn,,10,,,,,,,,,,,
QingQiu_transanimol,4697,Mộc Đầu Nhân,0,1,LingLongTouZiNpc,,4656,,2958,,,6,22,1,91,1,,,1000,1000,Setting/Npc/Ai/CommonActive.ini,,,1,20,2,,,,,,,,20,3,,,,,,,,,,
QingQiu_findbox2,4698,Bảo Rương,2,1,LingLongTouZiNpc,10|Đang thu thập...|OpenBox|2964,2957,995,2957,,,1,,,,,,,1000,1000,,,,,10,,,,,,,NoTurn,,10,2,,,,,,,,,,
QingQiu_findbox3_1,4699,Tiên Đầu-1,2,1,LingLongTouZiNpc,10|Đang thu thập...|OpenSixBox|1,4641,995,2957,,,1,,,,,,,1000,1000,,,,,10,,,,,,,NoTurn,,10,3,,,,,,,,,,
QingQiu_findbox3_2,4700,Tiên Đầu-2,2,1,LingLongTouZiNpc,10|Đang thu thập...|OpenSixBox|2,4642,995,2957,,,1,,,,,,,1000,1000,,,,,10,,,,,,,NoTurn,,10,3,,,,,,,,,,
QingQiu_findbox3_3,4701,Tiên Đầu-3,2,1,LingLongTouZiNpc,10|Đang thu thập...|OpenSixBox|3,4643,995,2957,,,1,,,,,,,1000,1000,,,,,10,,,,,,,NoTurn,,10,3,,,,,,,,,,
QingQiu_findbox3_4,4702,Tiên Đầu-4,2,1,LingLongTouZiNpc,10|Đang thu thập...|OpenSixBox|4,4644,995,2957,,,1,,,,,,,1000,1000,,,,,10,,,,,,,NoTurn,,10,3,,,,,,,,,,
QingQiu_findbox3_5,4703,Tiên Đầu-5,2,1,LingLongTouZiNpc,10|Đang thu thập...|OpenSixBox|5,4645,995,2957,,,1,,,,,,,1000,1000,,,,,10,,,,,,,NoTurn,,10,3,,,,,,,,,,
QingQiu_findbox3_6,4704,Tiên Đầu-Lục,2,1,LingLongTouZiNpc,30|Đang thu thập...|OpenSixBox|6,4646,995,2962,,,1,,,,,,,1000,1000,,,,,10,,,,,,,NoTurn,,10,6,,,,,,,,,,
WanJu_YanHua11,4720,Pháo Hoa Trung Thu,5,1,,,4651,200,994,,,,,,,,,,,,,,,,,,,,,,,,,,,,,,,,,,,,
gouhuo_washe,4799,Lửa Trại Ngõa Xá,5,0,GouHuoNpc,all|14000|30|600|0|20|PlayGroundHuoYue,469,,,,,,,,,,,,,,,,,,,,,,,,,,,,,,,,,,,,,,
zhanchang05_qizi,4802,Cờ Lớn,5,1,,,4681,992,300,,,,,,,,,,,,,,,,,,,,,,,NoTurn,,,,,,,,,,,,,
zhanchang05_qizi_xiao,4819,Cờ Nhỏ,5,1,,,4682,992,300,,,,,,,,,,,,,,,,,,,,,,,NoTurn,,,,,,,,,,,,,
zhanchang05_wuzi,4803,Rương Vật Tư (Tống),2,1,FlagSupply,3,4680,992,300,,,,,,,,,,,,,,,,,,,,,,,NoTurn,,,3,,,,,,,,,,
zhanchang05_wuzi_2,4804,Rương Vật Tư (Kim),2,1,FlagSupply,3,4680,992,300,,,,,,,,,,,,,,,,,,,,,,,NoTurn,,,6,,,,,,,,,,
Liangdao_jianchadian,4809,Điểm kiểm tra,0,1,,,,,,,,,,,,,,,,,,,,1,0,3,,,,,,,,,,,,,,1,,1,,,
Liangdao_liangche,4811,Xe Lương,0,1,,1,4004,992,,,,1158,,,,,,,,,Setting/Npc/Ai/Activity/LiangChe.ini,,,1,15,3,,,,,,NoTurn,,,,,,,,,,,,,
Liangdao_yeguai,4817,Man Hùng,0,1,,,116,200,300,,500,611,166,1,200,1,,,600,600,Setting/Npc/Ai/CommonPassive.ini,,,1,18,1,,,,,,,,,,,,,,,,,,,
test_yw,4818,,6,1,,,791,,,,,,,,,,,,,,,,,,17,3,1,,,,,NoTurn,,,,,,,,,,1,,,
DungeonFuben_jiguan,4820,Cơ Quan,2,0,StartDungeonZoneNpc,,377,995,300,,,,,,,,,,980,,Setting/Npc/Ai/CommonActive.ini,,,1,,1,,,,,,NoTurn,,,,,,,,,,,,,
DungeonFuben_duxie,4821,Cổ Độc Hạt,0,1,DungeonZoneMonsterNpc,,109,200,300,,,652,21,1,105,1,,,1500,1500,Setting/Npc/Ai/fuben/DungeonSoldier1.ini,,,1,12,1,,,,,,,,,,,,,,,,,,,
DungeonFuben_elong,4822,Ác Long,0,1,DungeonZoneBossNpc,,775,9054,10,,,602,2957,1,82,1,195,1,,,Setting/Npc/Ai/CommonActive.ini,,,1,18,2,,,,,,,,,,,,,,,,1,,,
DungeonFuben_box,4823,Rương Cổ Kim,2,0,DungeonZoneBoxNpc,,352,995,300,,,1,21,1,,,,,,,Setting/Npc/Ai/CommonActive.ini,,,,,0,15,,,,,NoTurn,,,,,,,,,,1,,,
DungeonFuben_shuijing,4824,Tinh Luyện Thủy Tinh Khoáng,2,0,DungeonZoneCryStalNpc,,390,992,300,,,,,,,,,,,,,,,,,,,,,,,NoTurn,,,,,,,,,,1,,,
DungeonFuben_xuanwu,4854,Huyền Vũ,0,1,DungeonZoneBossNpc,,770,9045,9045,10,,602,2957,1,82,1,195,1,,,Setting/Npc/Ai/CommonActive.ini,,,1,18,2,,,,,,,,,,,,,,,,1,,,
DungeonFuben_zhuque,4855,Chu Tước,0,1,DungeonZoneBossNpc,,769,9045,9045,10,,602,2957,1,82,1,195,1,,,Setting/Npc/Ai/CommonActive.ini,,,1,18,2,,,,,,,,,,,,,,,,1,,,
DungeonFuben_baihu,4856,Bạch Hổ,0,1,DungeonZoneBossNpc,,39,9045,9045,10,,602,2957,1,82,1,195,1,,,Setting/Npc/Ai/CommonActive.ini,,,1,18,2,,,,,,,,,,,,,,,,1,,,
cbzd_zhangai,4853,Chướng ngại động thái phó bản (Tuyết),5,1,,,4684,,,,,,,,,,,,,,,,,1,,1,,,,,,,,,,,,,,,,,,,
TreasureRabbit_Rabbit,4859,Rồng Tài Lộc,0,1,,,4774,200,994,,,10000,91,1,3523,1,,,1000,1000,Setting/Npc/Ai/Activity/nianshou.ini,,,1,20,3,,,,,,,,,6,,,,,,,1,1,,
TreasureRabbit_Box,4860,Kho Báu Rồng Tài Lộc,2,0,MonsterNianGatherBox,,4691,995,300,,,100,,,,,,,560,980,Setting/Npc/Ai/Stay.ini,,,1,17,3,1,,,,,NoTurn,,,1,,,,,,,1,,,
TreasureRabbit_Altar_1,4861,Tế Đàn,2,0,KinAltar,,4687,995,300,,,1,,,,,,,560,980,Setting/Npc/Ai/Stay.ini,,,1,17,3,1,,,,,NoTurn,,,6,,,,,,,1,,,
LoulanNpc_1,4897,Thủ Thành Cơ Giáp,0,1,LouLanFlagNpc,,4700,,,,10,1179,6570,1,3735,1,1065,2,1500,1500,Setting/Npc/Ai/fieldboss/100boss_guiguzi.ini,,,1,12,2,,,,,,,,,,,,,,,,1,,,
LoulanNpc_2,4898,Bất Diệt Cấm Quân,0,1,LouLanBossNpc,,4701,,,,10,1179,6570,1,3735,1,1065,2,1500,1500,Setting/Npc/Ai/fieldboss/100boss_guiguzi.ini,,,1,12,2,,,,,,,,,,,,,,,,1,,,
LoulanNpc_3,4899,Trì Trọng Xa Đội,0,1,,,4702,,,,10,1179,1335,1,3735,1,1065,2,1500,1500,Setting/Npc/Ai/fieldboss/120boss_guanyu.ini,,,1,12,2,,,,,,,,,,,,,,,,1,,,
LoulanNpc_4,4900,Cơ Quan Nội Thành,0,1,LouLanFlagNpc,,4703,,,,10,1179,6570,1,3735,1,1065,2,1500,1500,Setting/Npc/Ai/Stay.ini,,,1,12,2,1,,,,,NoTurn,,,,,,,,,,1,,,
LoulanNpc_5,4901,Cờ Thủy Nguyên,0,1,LouLanWaterNpc,,4704,,,,10,1179,6570,1,3735,1,1065,2,1500,1500,Setting/Npc/Ai/Stay.ini,,,1,12,2,1,,,,,NoTurn,,,,,,,,,,1,,,
LoulanNpc_6,4902,Cờ Hồi Sinh,6,1,,,4705,,,,,659,,,91,1,105,1,1500,1500,Setting/Npc/Ai/Stay.ini,,,1,12,2,1,,,,,NoTurn,,,,,,,,,,1,,,
LoulanNpc_7,4903,Pháo Xa,6,1,,,4706,,,,,659,,,91,1,105,1,1500,1500,Setting/Npc/Ai/Stay.ini,,,1,12,2,1,,,,,NoTurn,,,,,,,,,,1,,,
LoulanNpc_8,4904,Thiết Lao Lệnh,6,1,,,4707,,,,,659,,,91,1,105,1,1500,1500,Setting/Npc/Ai/Stay.ini,,,1,12,2,1,,,,,NoTurn,,,,,,,,,,1,,,
LoulanNpc_9,4905,Cờ Cổ Vũ,6,1,,,4708,,,,,659,,,91,1,105,1,1500,1500,Setting/Npc/Ai/Stay.ini,,,1,12,2,1,,,,,NoTurn,,,,,,,,,,1,,,
LoulanNpc_10,4906,Rương Thuốc,6,1,,,4709,,,,,659,,,91,1,105,1,1500,1500,Setting/Npc/Ai/Stay.ini,,,1,12,2,1,,,,,NoTurn,,,,,,,,,,1,,,
Diamond_Marry_Man,4946,Tân Lang Kim Cương,0,0,,,4720,,,,,1,,,,,,,,,Setting/Npc/Ai/KeepMoving.ini,,,0,7,3,,,,,,,,7,,,,,,,,,,,
Diamond_Marry_Woman,4947,Tân Nương Kim Cương,0,0,,,4719,,,,,1,,,,,,,,,Setting/Npc/Ai/KeepMoving.ini,,,0,7,3,,,,,,,,7,,,,,,,,,,,
WanJu_YanHua12,5841,Pháo Hoa Khổng Tước,5,1,,,4875,200,994,,,,,,,,,,,,,,,,,,,,,,,,,,,,,,,,,,,,
KinHorseShownpc_1,5010,Phượng Hoàng,2,0,KinHorseNpc,,2015,,,,,205,,,,,,,,,,,,,,3,,,,,,NoTurn,,,,,,,,,,,,,
KinHorseShownpc_2,5011,Ngư,2,,KinHorseNpc,,2038,,,,,203,,,,,,,,,,,,,,3,,,,,,NoTurn,,,,,,,,,,,,,
KinHorseShownpc_3,5012,Bươm Bướm,2,,KinHorseNpc,,2036,,,,,204,,,,,,,,,,,,,,3,,,,,,NoTurn,,,,,,,,,,,,,
KinHorseShownpc_4,5013,Thánh Hy Ngự Liên,2,,KinHorseNpc,,2058,,,,,204,,,,,,,,,,,,,,3,,,,,,NoTurn,,,,,,,,,,,,,
KinHorseShownpc_5,5020,Táo Hồng Mã,2,,KinHorseNpc,,902,,,,,,,,,,,,,,,,,,,3,,,,,,NoTurn,,,,,,,,,,,,,
KinHorseShownpc_6,5021,Chiếu Dạ Ngọc Sư Tử,2,,KinHorseNpc,,901,,,,,,,,,,,,,,,,,,,3,,,,,,NoTurn,,,,,,,,,,,,,
KinHorseShownpc_7,5022,Ô Vân Đạp Tuyết,2,,KinHorseNpc,,903,,,,,,,,,,,,,,,,,,,3,,,,,,NoTurn,,,,,,,,,,,,,
KinHorseShownpc_8,5023,Tuyệt Ảnh,2,,KinHorseNpc,,905,,,,,,,,,,,,,,,,,,,3,,,,,,NoTurn,,,,,,,,,,,,,
KinHorseShownpc_9,5024,Lý Phi Sa,2,,KinHorseNpc,,906,,,,,,,,,,,,,,,,,,,3,,,,,,NoTurn,,,,,,,,,,,,,
KinHorseShownpc_10,5025,Hồng Ly,2,,KinHorseNpc,,907,,,,,,,,,,,,,,,,,,,3,,,,,,NoTurn,,,,,,,,,,,,,
KinHorseShownpc_11,5026,Lục Tung,2,,KinHorseNpc,,908,,,,,,,,,,,,,,,,,,,3,,,,,,NoTurn,,,,,,,,,,,,,
KinHorseShownpc_12,5027,Trục Nhật,2,,KinHorseNpc,,904,,,,,,,,,,,,,,,,,,,3,,,,,,NoTurn,,,,,,,,,,,,,
KinHorseShownpc_13,5028,Truy Tinh Trục Nhật,2,,KinHorseNpc,,909,,,,,,,,,,,,,,,,,,,3,,,,,,NoTurn,,,,,,,,,,,,,
KinHorseShownpc_14,5029,Bôn Tiêu,2,,KinHorseNpc,,931,,,,,,,,,,,,,,,,,,,3,,,,,,NoTurn,,,,,,,,,,,,,
KinHorseShownpc_15,5030,Ô Truy,2,,KinHorseNpc,,932,,,,,,,,,,,,,,,,,,,3,,,,,,NoTurn,,,,,,,,,,,,,
KinHorseShownpc_16,5031,Hàn Sương,2,,KinHorseNpc,,912,,,,,,,,,,,,,,,,,,,3,,,,,,NoTurn,,,,,,,,,,,,,
KinHorseShownpc_17,5032,Hàn Sương Sảnh Ảnh,2,,KinHorseNpc,,913,,,,,,,,,,,,,,,,,,,3,,,,,,NoTurn,,,,,,,,,,,,,
KinHorseShownpc_18,5033,Tiểu Hắc,2,,KinHorseNpc,,910,,,,,,,,,,,,,,,,,,,3,,,,,,NoTurn,,,,,,,,,,,,,
KinHorseShownpc_19,5034,Bạch Vũ,2,,KinHorseNpc,,911,,,,,,,,,,,,,,,,,,,3,,,,,,NoTurn,,,,,,,,,,,,,
KinHorseShownpc_20,5035,Vạn Lý Yên Vân Chiếu,2,,KinHorseNpc,,914,,,,,,,,,,,,,,,,,,,3,,,,,,NoTurn,,,,,,,,,,,,,
KinHorseShownpc_21,5036,Truy Tinh Trục Nhật,2,,KinHorseNpc,,909,,,,,,,,,,,,,,,,,,,3,,,,,,NoTurn,,,,,,,,,,,,,
KinHorseShownpc_22,5037,Thánh Đề,2,,KinHorseNpc,,915,,,,,,,,,,,,,,,,,,,3,,,,,,NoTurn,,,,,,,,,,,,,
KinHorseShownpc_23,5038,Truy Phong Lôi Báo,2,,KinHorseNpc,,916,,,,,,,,,,,,,,,,,,,3,,,,,,NoTurn,,,,,,,,,,,,,
KinHorseShownpc_24,5039,Long Mã,2,,KinHorseNpc,,917,,,,,,,,,,,,,,,,,,,3,,,,,,NoTurn,,,,,,,,,,,,,
KinHorseShownpc_25,5040,Mộng Yểm,2,,KinHorseNpc,,918,,,,,,,,,,,,,,,,,,,3,,,,,,NoTurn,,,,,,,,,,,,,
KinHorseShownpc_26,5041,Bão Nguyệt Ủng Tinh,2,,KinHorseNpc,,919,,,,,,,,,,,,,,,,,,,3,,,,,,NoTurn,,,,,,,,,,,,,
KinHorseShownpc_27,5042,Hàn Sương,2,,KinHorseNpc,,912,,,,,,,,,,,,,,,,,,,3,,,,,,NoTurn,,,,,,,,,,,,,
KinHorseShownpc_28,5043,Hàn Sương Sảnh Ảnh,2,,KinHorseNpc,,913,,,,,,,,,,,,,,,,,,,3,,,,,,NoTurn,,,,,,,,,,,,,
KinHorseShownpc_29,5044,Tiểu Hắc,2,,KinHorseNpc,,910,,,,,,,,,,,,,,,,,,,3,,,,,,NoTurn,,,,,,,,,,,,,
KinHorseShownpc_30,5045,Tử U Linh Lộc,2,,KinHorseNpc,,920,,,,,,,,,,,,,,,,,,,3,,,,,,NoTurn,,,,,,,,,,,,,
KinHorseShownpc_31,5046,Vân Mị Linh Lộc,2,,KinHorseNpc,,921,,,,,,,,,,,,,,,,,,,3,,,,,,NoTurn,,,,,,,,,,,,,
KinHorseShownpc_32,5047,Tinh Mang-Vân Mị Linh Lộc,2,,KinHorseNpc,,922,,,,,,,,,,,,,,,,,,,3,,,,,,NoTurn,,,,,,,,,,,,,
KinHorseShownpc_33,5048,Hàn Sương,2,,KinHorseNpc,,912,,,,,,,,,,,,,,,,,,,3,,,,,,NoTurn,,,,,,,,,,,,,
KinHorseShownpc_34,5049,Hàn Sương Sảnh Ảnh,2,,KinHorseNpc,,913,,,,,,,,,,,,,,,,,,,3,,,,,,NoTurn,,,,,,,,,,,,,
KinHorseShownpc_35,5050,Tiểu Hắc,2,,KinHorseNpc,,910,,,,,,,,,,,,,,,,,,,3,,,,,,NoTurn,,,,,,,,,,,,,
KinHorseShownpc_36,5051,Tử U Linh Lộc,2,,KinHorseNpc,,920,,,,,,,,,,,,,,,,,,,3,,,,,,NoTurn,,,,,,,,,,,,,
KinHorseShownpc_37,5053,Vân Mị Linh Lộc,2,,KinHorseNpc,,921,,,,,,,,,,,,,,,,,,,3,,,,,,NoTurn,,,,,,,,,,,,,
KinHorseShownpc_38,5052,Tinh Mang-Vân Mị Linh Lộc,2,,KinHorseNpc,,922,,,,,,,,,,,,,,,,,,,3,,,,,,NoTurn,,,,,,,,,,,,,
KinHorseShownpc_39,5054,Long Lân Phượng Vũ,2,,KinHorseNpc,,923,,,,,,,,,,,,,,,,,,,3,,,,,,NoTurn,,,,,,,,,,,,,
KinHorseShownpc_40,5055,Đại Thiên Sứ,2,,KinHorseNpc,,924,,,,,,,,,,,,,,,,,,,3,,,,,,NoTurn,,,,,,,,,,,,,
KinHorseShownpc_41,5056,Bảo Lam,2,,KinHorseNpc,,926,,,,,,,,,,,,,,,,,,,3,,,,,,NoTurn,,,,,,,,,,,,,
KinHorseShownpc_42,5057,Sí Ảnh,2,,KinHorseNpc,,927,,,,,,,,,,,,,,,,,,,3,,,,,,NoTurn,,,,,,,,,,,,,
KinHorseShownpc_43,5058,Sí Ảnh,2,,KinHorseNpc,,927,,,,,,,,,,,,,,,,,,,3,,,,,,NoTurn,,,,,,,,,,,,,
KinHorseShownpc_44,5059,Phúc Thụy Linh Lộc,2,,KinHorseNpc,,925,,,,,,,,,,,,,,,,,,,3,,,,,,NoTurn,,,,,,,,,,,,,
KinHorseShownpc_45,5060,Tuyệt Địa Chiến Lang,2,,KinHorseNpc,,928,,,,,,,,,,,,,,,,,,,3,,,,,,NoTurn,,,,,,,,,,,,,
KinHorseShownpc_46,5061,Ly Mị Tuyết Hồ,2,,KinHorseNpc,,929,,,,,,,,,,,,,,,,,,,3,,,,,,NoTurn,,,,,,,,,,,,,
KinHorseShownpc_47,5062,U Viêm-Ly Mị Tuyết Hồ,2,,KinHorseNpc,,930,,,,,,,,,,,,,,,,,,,3,,,,,,NoTurn,,,,,,,,,,,,,
KinHorseShownpc_48,5063,Huyết Đồng-Nguyệt Tuyệt,2,,KinHorseNpc,,928,,,,,,,,,,,,,,,,,,,3,,,,,,NoTurn,,,,,,,,,,,,,
KinHorseShownpc_49,5064,Huyết Đồng-Khiếu Sương,2,,KinHorseNpc,,955,,,,,,,,,,,,,,,,,,,3,,,,,,NoTurn,,,,,,,,,,,,,
KinHorseShownpc_50,5065,Huyết Đồng-Hoàng Trần,2,,KinHorseNpc,,956,,,,,,,,,,,,,,,,,,,3,,,,,,NoTurn,,,,,,,,,,,,,
KinHorseShownpc_51,5066,Huyết Đồng-Thanh Khung,2,,KinHorseNpc,,957,,,,,,,,,,,,,,,,,,,3,,,,,,NoTurn,,,,,,,,,,,,,
KinHorseShownpc_52,5067,Chúng Tinh Toàn Nguyệt,2,,KinHorseNpc,,958,,,,,,,,,,,,,,,,,,,3,,,,,,NoTurn,,,,,,,,,,,,,
KinHorseShownpc_53,5068,Voi Lớn,2,,KinHorseNpc,,959,,,,,,,,,,,,,,,,,,,3,,,,,,NoTurn,,,,,,,,,,,,,
KinHorseShownpc_54,5069,Ngựa Lv150,2,,KinHorseNpc,,960,,,,,,,,,,,,,,,,,,,3,,,,,,NoTurn,,,,,,,,,,,,,
KinHorseShownpc_55,5070,Ngựa Thành Chính Lv150,2,,KinHorseNpc,,961,,,,,,,,,,,,,,,,,,,3,,,,,,NoTurn,,,,,,,,,,,,,
KinHorseShownpc_56,5071,Thích Kim-Lam Trạm Linh Lộc,2,,KinHorseNpc,,963,,,,,,,,,,,,,,,,,,,3,,,,,,NoTurn,,,,,,,,,,,,,
KinHorseShownpc_57,5072,Hán Nguyệt Toái Ngân,2,,KinHorseNpc,,959,,,,,,,,,,,,,,,,,,,3,,,,,,NoTurn,,,,,,,,,,,,,
KinHorseShownpc_58,5073,Hán Nguyệt Toái Ngân,2,,KinHorseNpc,,959,,,,,,,,,,,,,,,,,,,3,,,,,,NoTurn,,,,,,,,,,,,,
KinHorseShownpc_59,5074,Sí Vũ Chước Tâm,2,,KinHorseNpc,,971,,,,,,,,,,,,,,,,,,,3,,,,,,NoTurn,,,,,,,,,,,,,
KinHorseShownpc_60,5075,Sí Vũ Chước Tâm,2,,KinHorseNpc,,971,,,,,,,,,,,,,,,,,,,3,,,,,,NoTurn,,,,,,,,,,,,,
KinHorseShownpc_61,5076,Lẫm Đông Bào Hao,2,,KinHorseNpc,,977,,,,,,,,,,,,,,,,,,,3,,,,,,NoTurn,,,,,,,,,,,,,
KinHorseShownpc_62,5077,Lẫm Đông Bào Hao,2,,KinHorseNpc,,977,,,,,,,,,,,,,,,,,,,3,,,,,,NoTurn,,,,,,,,,,,,,
KinHorseShownpc_63,5078,Thích Kim Mao Tê,2,,KinHorseNpc,,978,,,,,,,,,,,,,,,,,,,3,,,,,,NoTurn,,,,,,,,,,,,,
KinHorseShownpc_64,5079,Thích Kim Mao Tê,2,,KinHorseNpc,,978,,,,,,,,,,,,,,,,,,,3,,,,,,NoTurn,,,,,,,,,,,,,
KinHorseShownpc_65,5080,Thích Kim Mao Tê,2,,KinHorseNpc,,978,,,,,,,,,,,,,,,,,,,3,,,,,,NoTurn,,,,,,,,,,,,,
KinHorseShownpc_66,5081,Lẫm Đông Bào Hao,2,,KinHorseNpc,,979,,,,,,,,,,,,,,,,,,,3,,,,,,NoTurn,,,,,,,,,,,,,
KinHorseShownpc_67,5082,Phấn Đại Lược Ảnh,2,,KinHorseNpc,,980,,,,,,,,,,,,,,,,,,,3,,,,,,NoTurn,,,,,,,,,,,,,
KinHorseShownpc_68,5083,Phấn Đại Lược Ảnh,2,,KinHorseNpc,,980,,,,,,,,,,,,,,,,,,,3,,,,,,NoTurn,,,,,,,,,,,,,
KinHorseShownpc_69,5084,Phấn Đại Lược Ảnh,2,,KinHorseNpc,,981,,,,,,,,,,,,,,,,,,,3,,,,,,NoTurn,,,,,,,,,,,,,
KinHorseShownpc_70,5085,Phấn Đại Lược Ảnh,2,,KinHorseNpc,,981,,,,,,,,,,,,,,,,,,,3,,,,,,NoTurn,,,,,,,,,,,,,
KinHorseShownpc_71,5086,Phấn Đại Lược Ảnh,2,,KinHorseNpc,,982,,,,,,,,,,,,,,,,,,,3,,,,,,NoTurn,,,,,,,,,,,,,
KinHorseShownpc_72,5087,Phấn Đại Lược Ảnh,2,,KinHorseNpc,,982,,,,,,,,,,,,,,,,,,,3,,,,,,NoTurn,,,,,,,,,,,,,
KinHorseShownpc_73,5088,Lẫm Đông Bào Hao,2,,KinHorseNpc,,983,,,,,,,,,,,,,,,,,,,3,,,,,,NoTurn,,,,,,,,,,,,,
KinHorseShownpc_74,5089,Lẫm Đông Bào Hao,2,,KinHorseNpc,,983,,,,,,,,,,,,,,,,,,,3,,,,,,NoTurn,,,,,,,,,,,,,
KinHorseShownpc_75,5090,Băng Hồn Tuyết Phách,2,,KinHorseNpc,,984,,,,,,,,,,,,,,,,,,,3,,,,,,NoTurn,,,,,,,,,,,,,
KinHorseShownpc_76,5091,Băng Hồn Tuyết Phách,2,,KinHorseNpc,,984,,,,,,,,,,,,,,,,,,,3,,,,,,NoTurn,,,,,,,,,,,,,
KinHorseShownpc_77,5092,Hàn Sương,2,,KinHorseNpc,,912,,,,,,,,,,,,,,,,,,,3,,,,,,NoTurn,,,,,,,,,,,,,
KinHorseShownpc_78,5093,Phúc Thụy Linh Lộc,2,,KinHorseNpc,,925,,,,,,,,,,,,,,,,,,,3,,,,,,NoTurn,,,,,,,,,,,,,
KinHorseShownpc_79,5094,Hán Nguyệt Toái Ngân,2,,KinHorseNpc,,959,,,,,,,,,,,,,,,,,,,3,,,,,,NoTurn,,,,,,,,,,,,,
KinHorseShownpc_80,5095,Thích Kim Mao Tê,2,,KinHorseNpc,,978,,,,,,,,,,,,,,,,,,,3,,,,,,NoTurn,,,,,,,,,,,,,
KinHorseShownpc_81,5096,Hán Nguyệt Toái Ngân,2,,KinHorseNpc,,959,,,,,,,,,,,,,,,,,,,3,,,,,,NoTurn,,,,,,,,,,,,,
KinHorseShownpc_82,5097,Sí Vũ Chước Tâm,2,,KinHorseNpc,,971,,,,,,,,,,,,,,,,,,,3,,,,,,NoTurn,,,,,,,,,,,,,
KinHorseShownpc_83,5098,Truy Phong,2,,KinHorseNpc,,985,,,,,,,,,,,,,,,,,,,3,,,,,,NoTurn,,,,,,,,,,,,,
KinHorseShownpc_84,5099,Truy Phong,2,,KinHorseNpc,,986,,,,,,,,,,,,,,,,,,,3,,,,,,NoTurn,,,,,,,,,,,,,
KinHorseShownpc_85,5100,Côn Lôn Huyền Ảnh,2,,KinHorseNpc,,987,,,,,,,,,,,,,,,,,,,3,,,,,,NoTurn,,,,,,,,,,,,,
KinHorseShownpc_86,5101,Côn Lôn Huyền Ảnh,2,,KinHorseNpc,,988,,,,,,,,,,,,,,,,,,,3,,,,,,NoTurn,,,,,,,,,,,,,
KinHorseShownpc_87,5102,U Hồn-Đạp Sương,2,,KinHorseNpc,,989,,,,,,,,,,,,,,,,,,,3,,,,,,NoTurn,,,,,,,,,,,,,
KinHorseShownpc_88,5103,Huyết Đồng-Nguyệt Tuyệt,2,,KinHorseNpc,,928,,,,,,,,,,,,,,,,,,,3,,,,,,NoTurn,,,,,,,,,,,,,
KinHorseShownpc_89,5104,Huyết Đồng-Thanh Khung,2,,KinHorseNpc,,957,,,,,,,,,,,,,,,,,,,3,,,,,,NoTurn,,,,,,,,,,,,,
KinHorseShownpc_90,5105,Ô Quy,2,,KinHorseNpc,,993,,,,,,,,,,,,,,,,,,,3,,,,,,NoTurn,,,,,,,,,,,,,
KinHorseShownpc_91,5106,Tinh Tinh,2,,KinHorseNpc,,994,,,,,,,,,,,,,,,,,,,3,,,,,,NoTurn,,,,,,,,,,,,,
KinHorseShownpc_92,5107,Côn Lôn Huyền Ảnh,2,,KinHorseNpc,,988,,,,,,,,,,,,,,,,,,,3,,,,,,NoTurn,,,,,,,,,,,,,
KinHorseShownpc_93,5108,Voi Lớn,2,,KinHorseNpc,,995,,,,,,,,,,,,,,,,,,,3,,,,,,NoTurn,,,,,,,,,,,,,
KinHorseShownpc_94,5109,Độc Giác Thú,2,,KinHorseNpc,,2001,,,,,,,,,,,,,,,,,,,3,,,,,,NoTurn,,,,,,,,,,,,,
KinHorseShownpc_95,5110,Nai Bạc Màu A,2,,KinHorseNpc,,2002,,,,,,,,,,,,,,,,,,,3,,,,,,NoTurn,,,,,,,,,,,,,
KinHorseShownpc_96,5111,Nai Bạc Màu B,2,,KinHorseNpc,,2003,,,,,,,,,,,,,,,,,,,3,,,,,,NoTurn,,,,,,,,,,,,,
KinHorseShownpc_97,5112,Nai Giáng Sinh,2,,KinHorseNpc,,2004,,,,,,,,,,,,,,,,,,,3,,,,,,NoTurn,,,,,,,,,,,,,
KinHorseShownpc_98,5113,Hồ Ly Bạc Màu A,2,,KinHorseNpc,,2005,,,,,,,,,,,,,,,,,,,3,,,,,,NoTurn,,,,,,,,,,,,,
KinHorseShownpc_99,5114,Hồ Ly Bạc Màu B,2,,KinHorseNpc,,2006,,,,,,,,,,,,,,,,,,,3,,,,,,NoTurn,,,,,,,,,,,,,
KinHorseShownpc_100,5115,Xe Đẩy,2,,KinHorseNpc,,996,,,,,,,,,,,,,,,,,,,3,,,,,,NoTurn,,,,,,,,,,,,,
KinHorseShownpc_101,5116,Bạch Hổ,2,,KinHorseNpc,,997,,,,,,,,,,,,,,,,,,,3,,,,,,NoTurn,,,,,,,,,,,,,
KinHorseShownpc_102,5117,Gấu (Đỏ),2,,KinHorseNpc,,998,,,,,,,,,,,,,,,,,,,3,,,,,,NoTurn,,,,,,,,,,,,,
KinHorseShownpc_103,5118,Thỏ Ngọc,2,,KinHorseNpc,,2007,,,,,,,,,,,,,,,,,,,3,,,,,,NoTurn,,,,,,,,,,,,,
KinHorseShownpc_104,5119,Tê Giác 1,2,,KinHorseNpc,,2008,,,,,,,,,,,,,,,,,,,3,,,,,,NoTurn,,,,,,,,,,,,,
KinHorseShownpc_105,5120,Tê Giác 2,2,,KinHorseNpc,,2009,,,,,,,,,,,,,,,,,,,3,,,,,,NoTurn,,,,,,,,,,,,,
KinHorseShownpc_106,5121,Tê Giác 3,2,,KinHorseNpc,,2010,,,,,,,,,,,,,,,,,,,3,,,,,,NoTurn,,,,,,,,,,,,,
KinHorseShownpc_107,5122,Thỏ Ngọc,2,,KinHorseNpc,,2011,,,,,,,,,,,,,,,,,,,3,,,,,,NoTurn,,,,,,,,,,,,,
KinHorseShownpc_108,5123,Tử Thụy Trình Tường (Ngoại Trang 30 ngày),2,,KinHorseNpc,,995,,,,,,,,,,,,,,,,,,,3,,,,,,NoTurn,,,,,,,,,,,,,
KinHorseShownpc_109,5124,Hắc Dương Đà,2,,KinHorseNpc,,2012,,,,,,,,,,,,,,,,,,,3,,,,,,NoTurn,,,,,,,,,,,,,
KinHorseShownpc_110,5125,Bạch Dương Đà,2,,KinHorseNpc,,2013,,,,,,,,,,,,,,,,,,,3,,,,,,NoTurn,,,,,,,,,,,,,
KinHorseShownpc_111,5126,Bạch Hổ,2,,KinHorseNpc,,2014,,,,,,,,,,,,,,,,,,,3,,,,,,NoTurn,,,,,,,,,,,,,
KinHorseShownpc_112,5127,Gấu Trúc,2,,KinHorseNpc,,2016,,,,,,,,,,,,,,,,,,,3,,,,,,NoTurn,,,,,,,,,,,,,
KinHorseShownpc_113,5128,Tiểu Mã,2,,KinHorseNpc,,2017,,,,,,,,,,,,,,,,,,,3,,,,,,NoTurn,,,,,,,,,,,,,
KinHorseShownpc_114,5129,Nguyệt Quế Phấn Thố,2,,KinHorseNpc,,2018,,,,,,,,,,,,,,,,,,,3,,,,,,NoTurn,,,,,,,,,,,,,
KinHorseShownpc_115,5130,Cửu Sắc Hoa Giá,2,,KinHorseNpc,,2019,,,,,,,,,,,,,,,,,,,3,,,,,,NoTurn,,,,,,,,,,,,,
KinHorseShownpc_116,5131,Phấn Lộc Manh Xa,2,,KinHorseNpc,,2020,,,,,,,,,,,,,,,,,,,3,,,,,,NoTurn,,,,,,,,,,,,,
KinHorseShownpc_117,5132,Hồng Tuyến Tiên Giá,2,,KinHorseNpc,,2021,,,,,,,,,,,,,,,,,,,3,,,,,,NoTurn,,,,,,,,,,,,,
KinHorseShownpc_118,5133,Nguyệt Cung Vân Xa,2,,KinHorseNpc,,2022,,,,,,,,,,,,,,,,,,,3,,,,,,NoTurn,,,,,,,,,,,,,
KinHorseShownpc_119,5134,Ngự Phong Linh Lộc,2,,KinHorseNpc,,2023,,,,,,,,,,,,,,,,,,,3,,,,,,NoTurn,,,,,,,,,,,,,
KinHorseShownpc_120,5135,Kim Giáp Huyền Lang,2,,KinHorseNpc,,2024,,,,,,,,,,,,,,,,,,,3,,,,,,NoTurn,,,,,,,,,,,,,
KinHorseShownpc_121,5136,Hạc Truy Mai Hương,2,,KinHorseNpc,,2025,,,,,,,,,,,,,,,,,,,3,,,,,,NoTurn,,,,,,,,,,,,,
KinHorseShownpc_122,5137,Ngọc Hạc Hàm Xuân,2,,KinHorseNpc,,2026,,,,,,,,,,,,,,,,,,,3,,,,,,NoTurn,,,,,,,,,,,,,
KinHorseShownpc_123,5138,Sư Tử,2,,KinHorseNpc,,2027,,,,,,,,,,,,,,,,,,,3,,,,,,NoTurn,,,,,,,,,,,,,
KinHorseShownpc_124,5139,Ngư,2,,KinHorseNpc,,2028,,,,,,,,,,,,,,,,,,,3,,,,,,NoTurn,,,,,,,,,,,,,
KinHorseShownpc_125,5140,Kim Mao Ngưu,2,,KinHorseNpc,,2029,,,,,,,,,,,,,,,,,,,3,,,,,,NoTurn,,,,,,,,,,,,,
KinHorseShownpc_126,5141,Cửu Sắc Lộc,2,,KinHorseNpc,,2030,,,,,,,,,,,,,,,,,,,3,,,,,,NoTurn,,,,,,,,,,,,,
KinHorseShownpc_127,5142,Toàn Cơ Thiên Nhai,2,,KinHorseNpc,,2031,,,,,,,,,,,,,,,,,,,3,,,,,,NoTurn,,,,,,,,,,,,,
KinHorseShownpc_128,5143,Trục Lộc Phong Hoa,2,,KinHorseNpc,,2032,,,,,,,,,,,,,,,,,,,3,,,,,,NoTurn,,,,,,,,,,,,,
KinHorseShownpc_129,5144,Bạch Hổ,2,,KinHorseNpc,,2034,,,,,,,,,,,,,,,,,,,3,,,,,,NoTurn,,,,,,,,,,,,,
KinHorseShownpc_130,5145,Bóng Bay,2,,KinHorseNpc,,2035,,,,,,,,,,,,,,,,,,,3,,,,,,NoTurn,,,,,,,,,,,,,
KinHorseShownpc_131,5146,Toàn Cơ Thiên Nhai,2,,KinHorseNpc,,2031,,,,,,,,,,,,,,,,,,,3,,,,,,NoTurn,,,,,,,,,,,,,
KinHorseShownpc_132,5147,Trục Lộc Phong Hoa,2,,KinHorseNpc,,2032,,,,,,,,,,,,,,,,,,,3,,,,,,NoTurn,,,,,,,,,,,,,
KinHorseShownpc_133,5148,Thích Kim-Xích Tiêu Linh Lộc,2,,KinHorseNpc,,2037,,,,,,,,,,,,,,,,,,,3,,,,,,NoTurn,,,,,,,,,,,,,
KinHorseShownpc_134,5149,Tiểu Mã-Phấn,2,,KinHorseNpc,,4636,,,,,,,,,,,,,,,,,,,3,,,,,,NoTurn,,,,,,,,,,,,,
KinHorseShownpc_135,5150,Tiên Âm Cẩm Lý,2,,KinHorseNpc,,2039,,,,,,,,,,,,,,,,,,,3,,,,,,NoTurn,,,,,,,,,,,,,
KinHorseShownpc_136,5151,Khinh Lạc Linh Lộc,2,,KinHorseNpc,,2040,,,,,,,,,,,,,,,,,,,3,,,,,,NoTurn,,,,,,,,,,,,,
KinHorseShownpc_137,5152,Âm Vận Thanh Giá,2,,KinHorseNpc,,2041,,,,,,,,,,,,,,,,,,,3,,,,,,NoTurn,,,,,,,,,,,,,
KinHorseShownpc_138,5153,Nguyệt Ca Tiên Lộc,2,,KinHorseNpc,,2042,,,,,,,,,,,,,,,,,,,3,,,,,,NoTurn,,,,,,,,,,,,,
KinHorseShownpc_139,5154,Kỳ Lân,2,,KinHorseNpc,,2043,,,,,,,,,,,,,,,,,,,3,,,,,,NoTurn,,,,,,,,,,,,,
KinHorseShownpc_140,5155,Lãm Tinh,2,,KinHorseNpc,,2044,,,,,,,,,,,,,,,,,,,3,,,,,,NoTurn,,,,,,,,,,,,,
KinHorseShownpc_141,5156,Toàn Cơ Thiên Nhai,2,,KinHorseNpc,,2031,,,,,,,,,,,,,,,,,,,3,,,,,,NoTurn,,,,,,,,,,,,,
KinHorseShownpc_142,5157,Trục Lộc Phong Hoa,2,,KinHorseNpc,,2032,,,,,,,,,,,,,,,,,,,3,,,,,,NoTurn,,,,,,,,,,,,,
KinHorseShownpc_143,5158,Ngựa Gỗ,2,,KinHorseNpc,,2045,,,,,,,,,,,,,,,,,,,3,,,,,,NoTurn,,,,,,,,,,,,,
KinHorseShownpc_144,5159,Xe Ngựa Đôi,2,,KinHorseNpc,,2046,,,,,,,,,,,,,,,,,,,3,,,,,,NoTurn,,,,,,,,,,,,,
KinHorseShownpc_145,5160,Toàn Cơ Thiên Nhai,2,,KinHorseNpc,,2031,,,,,,,,,,,,,,,,,,,3,,,,,,NoTurn,,,,,,,,,,,,,
KinHorseShownpc_146,5161,Trục Lộc Phong Hoa,2,,KinHorseNpc,,2032,,,,,,,,,,,,,,,,,,,3,,,,,,NoTurn,,,,,,,,,,,,,
KinHorseShownpc_147,5162,Cửu Vĩ Hồ,2,,KinHorseNpc,,2047,,,,,,,,,,,,,,,,,,,3,,,,,,NoTurn,,,,,,,,,,,,,
KinHorseShownpc_148,5163,Tay Thỏ,2,,KinHorseNpc,,2048,,,,,,,,,,,,,,,,,,,3,,,,,,NoTurn,,,,,,,,,,,,,
KinHorseShownpc_149,5164,Huy Diệu Toan Nghê,2,,KinHorseNpc,,2049,,,,,,,,,,,,,,,,,,,3,,,,,,NoTurn,,,,,,,,,,,,,
KinHorseShownpc_150,5165,Huyết Đồng-Khiếu Sương,2,,KinHorseNpc,,955,,,,,,,,,,,,,,,,,,,3,,,,,,NoTurn,,,,,,,,,,,,,
KinHorseShownpc_151,5166,Toàn Cơ Thiên Nhai,2,,KinHorseNpc,,2031,,,,,,,,,,,,,,,,,,,3,,,,,,NoTurn,,,,,,,,,,,,,
KinHorseShownpc_152,5167,Trục Lộc Phong Hoa,2,,KinHorseNpc,,2032,,,,,,,,,,,,,,,,,,,3,,,,,,NoTurn,,,,,,,,,,,,,
KinHorseShownpc_153,5168,Lạc Bất Tư Thử,2,,KinHorseNpc,,2050,,,,,,,,,,,,,,,,,,,3,,,,,,NoTurn,,,,,,,,,,,,,
KinHorseShownpc_154,5169,Mộng Đôn Hoàng,2,,KinHorseNpc,,2051,,,,,,,,,,,,,,,,,,,3,,,,,,NoTurn,,,,,,,,,,,,,
KinHorseShownpc_155,5170,Quyển,2,,KinHorseNpc,,2052,,,,,,,,,,,,,,,,,,,3,,,,,,NoTurn,,,,,,,,,,,,,
KinHorseShownpc_156,5171,Bạch Câu Quá Khách,2,,KinHorseNpc,,2053,,,,,,,,,,,,,,,,,,,3,,,,,,NoTurn,,,,,,,,,,,,,
KinHorseShownpc_157,5172,Hắc Diệu Thiên Hổ,2,,KinHorseNpc,,2054,,,,,,,,,,,,,,,,,,,3,,,,,,NoTurn,,,,,,,,,,,,,
KinHorseShownpc_158,5173,Giảo Tê Vọng Nguyệt,2,,KinHorseNpc,,2055,,,,,,,,,,,,,,,,,,,3,,,,,,NoTurn,,,,,,,,,,,,,
KinHorseShownpc_159,5174,Dục Hỏa Chiến Lang,2,,KinHorseNpc,,2056,,,,,,,,,,,,,,,,,,,3,,,,,,NoTurn,,,,,,,,,,,,,
KinHorseShownpc_160,5175,Ảo Mộng Tiên Điệp,2,,KinHorseNpc,,2057,,,,,,,,,,,,,,,,,,,3,,,,,,NoTurn,,,,,,,,,,,,,
KinHorseShownpc_161,5176,Kiệu Đôi Hai Người,2,,KinHorseNpc,,2058,,,,,,,,,,,,,,,,,,,3,,,,,,NoTurn,,,,,,,,,,,,,
KinHorseShownpc_162,5177,Ô Kim Hiến Thụy,2,,KinHorseNpc,,2059,,,,,,,,,,,,,,,,,,,3,,,,,,NoTurn,,,,,,,,,,,,,
KinHorseShownpc_163,5178,Toàn Cơ Thiên Nhai,2,,KinHorseNpc,,2031,,,,,,,,,,,,,,,,,,,3,,,,,,NoTurn,,,,,,,,,,,,,
KinHorseShownpc_164,5179,Trục Lộc Phong Hoa,2,,KinHorseNpc,,2032,,,,,,,,,,,,,,,,,,,3,,,,,,NoTurn,,,,,,,,,,,,,
KinHorseShownpc_165,5180,Tử Tiêu Toan Nghê,2,,KinHorseNpc,,2060,,,,,,,,,,,,,,,,,,,3,,,,,,NoTurn,,,,,,,,,,,,,
KinHorseShownpc_166,5181,Thanh Trạch Toan Nghê,2,,KinHorseNpc,,2061,,,,,,,,,,,,,,,,,,,3,,,,,,NoTurn,,,,,,,,,,,,,
KinHorseShownpc_167,5182,U Mị Linh Hồ,2,,KinHorseNpc,,2062,,,,,,,,,,,,,,,,,,,3,,,,,,NoTurn,,,,,,,,,,,,,
KinHorseShownpc_168,5293,Dật Hoàng Hùng Miêu,2,,KinHorseNpc,,2063,,,,,,,,,,,,,,,,,,,3,,,,,,NoTurn,,,,,,,,,,,,,
KinFurniture_gouhuo01,5232,Lửa Trại Lãnh Địa Bang Hội,5,,,,4731,,,,,,,,,,,,,,,,,,,3,,,,,,,,,,,,,,,,,,,
KinFurniture_gouhuo02,5234,Lửa Trại mặc định Lãnh Địa,5,,,,4733,,,,,,,,,,,,,,,,,,,,,,,,,,,,,,,,,,,,,,
KinFurniture_fang01,5233,Kiến trúc Lãnh Địa Bang Hội,5,,,,4734,,,,,,,,,,,,,,,,,,,3,,,,,,,,,,,,,,,,,,,
KinFurniture_fang02,5235,Chính Điện thuộc địa mặc định,5,,,,4732,,,,,,,,,,,,,,,,,,,,,,,,,,,,,,,,,,,,,,
KinHorseShownpc_169,5351,Vọng Thư Họa Khả,2,,KinHorseNpc,,2064,,,,,,,,,,,,,,,,,,,3,,,,,,NoTurn,,,,,,,,,,,,,
KinHorseShownpc_170,5444,Đình Nghê Phượng Loan,2,,KinHorseNpc,,2065,,,,,,,,,,,,,,,,,,,3,,,,,,NoTurn,,,,,,,,,,,,,
KinHorseShownpc_171,5447,Thần Hi Hoa Cái,2,,KinHorseNpc,,2066,,,,,,,,,,,,,,,,,,,3,,,,,,NoTurn,,,,,,,,,,,,,
KinHorseShownpc_172,5473,Trư Viên Ngọc Nhuận,2,,KinHorseNpc,,2067,,,,,,,,,,,,,,,,,,,3,,,,,,NoTurn,,,,,,,,,,,,,
KinHorseShownpc_173,5526,Cừu Cục Bông,2,,KinHorseNpc,,2068,,,,,,,,,,,,,,,,,,,3,,,,,,NoTurn,,,,,,,,,,,,,
KinHorseShownpc_174,5561,Diệm Vũ Ngọc Thông,2,,KinHorseNpc,,2069,,,,,,,,,,,,,,,,,,,3,,,,,,NoTurn,,,,,,,,,,,,,
KinHorseShownpc_175,5562,Sí Dực Lân Câu,2,,KinHorseNpc,,2070,,,,,,,,,,,,,,,,,,,3,,,,,,NoTurn,,,,,,,,,,,,,
KinHorseShownpc_176,5563,Diệm Hoàng Thần Tuấn,2,,KinHorseNpc,,2071,,,,,,,,,,,,,,,,,,,3,,,,,,NoTurn,,,,,,,,,,,,,
KinHorseShownpc_177,5585,Úy Hải Linh Diêu,2,,KinHorseNpc,,2075,,,,,,,,,,,,,,,,,,,3,,,,,,NoTurn,,,,,,,,,,,,,
KinHorseShownpc_178,5612,Phi Hồng Mộc Mã,2,,KinHorseNpc,,2076,,,,,,,,,,,,,,,,,,,3,,,,,,NoTurn,,,,,,,,,,,,,
KinHorseShownpc_179,5623,Bát Bái Giao,2,,KinHorseNpc,,2077,,,,,,,,,,,,,,,,,,,3,,,,,,NoTurn,,,,,,,,,,,,,
KinHorseShownpc_180,5634,Giảo Thố Tiêu Ải,2,,KinHorseNpc,,2078,,,,,,,,,,,,,,,,,,,3,,,,,,NoTurn,,,,,,,,,,,,,
KinHorseShownpc_181,5635,Tử Mộ Quyển Thần,2,,KinHorseNpc,,2079,,,,,,,,,,,,,,,,,,,3,,,,,,NoTurn,,,,,,,,,,,,,
KinHorseShownpc_182,5636,Tinh Diệu Manh Thố,2,,KinHorseNpc,,2080,,,,,,,,,,,,,,,,,,,3,,,,,,NoTurn,,,,,,,,,,,,,
KinHorseShownpc_183,5688,Xích Huyền,2,,KinHorseNpc,,2081,,,,,,,,,,,,,,,,,,,3,,,,,,NoTurn,,,,,,,,,,,,,
KinHorseShownpc_184,5729,Trái Kiwi,2,,KinHorseNpc,,2082,,,,,,,,,,,,,,,,,,,3,,,,,,NoTurn,,,,,,,,,,,,,
KinHorseShownpc_185,5745,Quỳnh Tiêu Thừa Hoàng,2,,KinHorseNpc,,2083,,,,,,,,,,,,,,,,,,,3,,,,,,NoTurn,,,,,,,,,,,,,
KinHorseShownpc_186,5765,Hắc Báo,2,,KinHorseNpc,,2085,,,,,,,,,,,,,,,,,,,3,,,,,,NoTurn,,,,,,,,,,,,,
KinHorseShownpc_187,5849,Băng Lang,2,,KinHorseNpc,,2086,,,,,,,,,,,,,,,,,,,3,,,,,,NoTurn,,,,,,,,,,,,,
KinHorseShownpc_188,5851,Chuột Lang,2,,KinHorseNpc,,2087,,,,,,,,,,,,,,,,,,,3,,,,,,NoTurn,,,,,,,,,,,,,
KinHorseShownpc_189,5859,Hồng Sư Tử,2,,KinHorseNpc,,2088,,,,,,,,,,,,,,,,,,,3,,,,,,NoTurn,,,,,,,,,,,,,
KinHorseShownpc_190,5866,Thần Ngưu,2,,KinHorseNpc,,2089,,,,,,,,,,,,,,,,,,,3,,,,,,NoTurn,,,,,,,,,,,,,
KinHorseShownpc_191,5879,Đế Giang,2,,KinHorseNpc,,2091,,,,,,,,,,,,,,,,,,,3,,,,,,NoTurn,,,,,,,,,,,,,
KinHorseShownpc_192,5934,Lê Hầu Hổ,2,,KinHorseNpc,,2092,,,,,,,,,,,,,,,,,,,3,,,,,,NoTurn,,,,,,,,,,,,,
KinHorseShownpc_193,5938,Tẫn Hoàng Ma Vũ,2,,KinHorseNpc,,2093,,,,,,,,,,,,,,,,,,,3,,,,,,NoTurn,,,,,,,,,,,,,
KinHorseShownpc_194,5952,Bạch Ngục Tinh Hoàng,2,,KinHorseNpc,,2094,,,,,,,,,,,,,,,,,,,3,,,,,,NoTurn,,,,,,,,,,,,,
KinHorseShownpc_195,5959,Ục ục ục,2,,KinHorseNpc,,2095,,,,,,,,,,,,,,,,,,,3,,,,,,NoTurn,,,,,,,,,,,,,
KinHorseShownpc_196,5972,Bạch Câu Quá Khách,2,,KinHorseNpc,,2053,,,,,,,,,,,,,,,,,,,3,,,,,,NoTurn,,,,,,,,,,,,,
KinHorseShownpc_197,5990,Kim Hoa Miêu ,2,,KinHorseNpc,,2096,,,,,,,,,,,,,,,,,,,3,,,,,,NoTurn,,,,,,,,,,,,,
KinHorseShownpc_198,6017,Chinh Khung Ngự Cực ,2,,KinHorseNpc,,2098,,,,,,,,,,,,,,,,,,,3,,,,,,NoTurn,,,,,,,,,,,,,
KinHorseShownpc_199,6027,Trư Quang Bảo Khí ,2,,KinHorseNpc,,2099,,,,,,,,,,,,,,,,,,,3,,,,,,NoTurn,,,,,,,,,,,,,
KinHorseShownpc_200,6077,Khởi Mộng Vũ Ký ,2,,KinHorseNpc,,2100,,,,,,,,,,,,,,,,,,,3,,,,,,NoTurn,,,,,,,,,,,,,
KinHorseShownpc_201,6078,Tâm Phách Diêu Ảnh ,2,,KinHorseNpc,,2101,,,,,,,,,,,,,,,,,,,3,,,,,,NoTurn,,,,,,,,,,,,,
KinHorseShownpc_202,6079,Tử Trụ Tinh Dư,2,,KinHorseNpc,,2102,,,,,,,,,,,,,,,,,,,3,,,,,,NoTurn,,,,,,,,,,,,,
KinHorseShownpc_203,6085,Giải Trãi,2,,KinHorseNpc,,2103,,,,,,,,,,,,,,,,,,,3,,,,,,NoTurn,,,,,,,,,,,,,
KinHorseShownpc_204,6086,Mộng Điệp Lưu Châu,2,,KinHorseNpc,,2104,,,,,,,,,,,,,,,,,,,3,,,,,,NoTurn,,,,,,,,,,,,,
KinHorseShownpc_205,6115,Thủy Mặc Sinh Lý,2,,KinHorseNpc,,2038,,,,,,,,,,,,,,,,,,,3,,,,,,NoTurn,,,,,,,,,,,,,
KinHorseShownpc_206,6139,Phần Thiên Long Liên,2,,KinHorseNpc,,2105,,,,,,,,,,,,,,,,,,,3,,,,,,NoTurn,,,,,,,,,,,,,
KinHorseShownpc_207,6195,Ngỗng Đại Ca,2,,KinHorseNpc,,2106,,,,,,,,,,,,,,,,,,,3,,,,,,NoTurn,,,,,,,,,,,,,
KinHorseShownpc_208,6204,Thương Minh Huyền Thiên,2,,KinHorseNpc,,2107,,,,,,,,,,,,,,,,,,,3,,,,,,NoTurn,,,,,,,,,,,,,
KinHorseShownpc_209,6217,Sóc Dạ Lục Ảnh,2,,KinHorseNpc,,2108,,,,,,,,,,,,,,,,,,,3,,,,,,NoTurn,,,,,,,,,,,,,
KinHorseShownpc_210,6219,Cá Sấu Du Ngoạn,2,,KinHorseNpc,,2109,,,,,,,,,,,,,,,,,,,3,,,,,,NoTurn,,,,,,,,,,,,,
KinHorseShownpc_211,6235,Ngọc Tuyết Thừa Lăng,2,,KinHorseNpc,,2110,,,,,,,,,,,,,,,,,,,3,,,,,,NoTurn,,,,,,,,,,,,,
KinHorseShownpc_212,6334,Tố Nguyệt Lưu Hành,2,,KinHorseNpc,,2111,,,,,,,,,,,,,,,,,,,3,,,,,,NoTurn,,,,,,,,,,,,,
KinHorseShownpc_213,6349,Sóc Tinh Miên,2,,KinHorseNpc,,2112,,,,,,,,,,,,,,,,,,,3,,,,,,NoTurn,,,,,,,,,,,,,
KinHorseShownpc_214,6395,Lăng Tiêu Sương Hoa,2,,KinHorseNpc,,2113,,,,,,,,,,,,,,,,,,,3,,,,,,NoTurn,,,,,,,,,,,,,
LMZZ_diaoxiang_tw,5365,Tượng Tổ Long Mạch Thiên Vương,2,0,MainCityMaster,99,532,200,994,,,91,,,,,,,1500,1500,Setting/Npc/Ai/Stay.ini,,,,20,3,,8872,195,1,,NoTurn,,,,,,,,,,,,,
LMZZ_diaoxiang_em,5366,Tượng Tổ Long Mạch Nga Mi,2,0,MainCityMaster,99,531,200,994,,,91,,,,,,,1500,1500,Setting/Npc/Ai/Stay.ini,,,,20,3,,8872,195,1,,NoTurn,,,,,,,,,,,,,
LMZZ_diaoxiang_th,5367,Tượng Tổ Long Mạch Hoa Đào,2,0,MainCityMaster,99,533,200,994,,,91,,,,,,,1500,1500,Setting/Npc/Ai/Stay.ini,,,,20,3,,8872,195,1,,NoTurn,,,,,,,,,,,,,
LMZZ_diaoxiang_xy,5368,Tượng Tổ Long Mạch Tiêu Dao,2,0,MainCityMaster,99,527,200,994,,,91,,,,,,,1500,1500,Setting/Npc/Ai/Stay.ini,,,,20,3,,8872,195,1,,NoTurn,,,,,,,,,,,,,
LMZZ_diaoxiang_wd,5369,Tượng Tổ Long Mạch Võ Đang,2,0,MainCityMaster,99,529,200,994,,,91,,,,,,,1500,1500,Setting/Npc/Ai/Stay.ini,,,,20,3,,8872,195,1,,NoTurn,,,,,,,,,,,,,
LMZZ_diaoxiang_tr,5370,Tượng Tổ Long Mạch Thiên Nhẫn,2,0,MainCityMaster,99,534,200,994,,,91,,,,,,,1500,1500,Setting/Npc/Ai/Stay.ini,,,,20,3,,8872,195,1,,NoTurn,,,,,,,,,,,,,
LMZZ_diaoxiang_sl,5371,Tượng Tổ Long Mạch Thiếu Lâm,2,0,MainCityMaster,99,528,200,994,,,91,,,,,,,1500,1500,Setting/Npc/Ai/Stay.ini,,,,20,3,,8872,195,1,,NoTurn,,,,,,,,,,,,,
LMZZ_diaoxiang_cy,5372,Tượng Tổ Long Mạch Thúy Yên,2,0,MainCityMaster,99,530,200,994,,,91,,,,,,,1500,1500,Setting/Npc/Ai/Stay.ini,,,,20,3,,8872,195,1,,NoTurn,,,,,,,,,,,,,
LMZZ_diaoxiang_tm,5373,Tượng Tổ Long Mạch Đường Môn,2,0,MainCityMaster,99,537,200,994,,,91,,,,,,,1500,1500,Setting/Npc/Ai/Stay.ini,,,,20,3,,8872,195,1,,NoTurn,,,,,,,,,,,,,
LMZZ_diaoxiang_kl,5374,Tượng Tổ Long Mạch Côn Lôn,2,0,MainCityMaster,99,538,200,994,,,91,,,,,,,1500,1500,Setting/Npc/Ai/Stay.ini,,,,20,3,,8872,195,1,,NoTurn,,,,,,,,,,,,,
LMZZ_diaoxiang_gb,5375,Tượng Tổ Long Mạch Cái Bang,2,0,MainCityMaster,99,586,200,994,,,91,,,,,,,1500,1500,Setting/Npc/Ai/Stay.ini,,,,20,3,,8872,195,1,,NoTurn,,,,,,,,,,,,,
LMZZ_diaoxiang_wudu,5376,Tượng Tổ Long Mạch Ngũ Độc,2,0,MainCityMaster,99,587,200,994,,,91,,,,,,,1500,1500,Setting/Npc/Ai/Stay.ini,,,,20,3,,8872,195,1,,NoTurn,,,,,,,,,,,,,
LMZZ_diaoxiang_cj,5377,Tượng Tổ Long Mạch Tàng Kiếm,2,0,MainCityMaster,99,608,200,994,,,91,,,,,,,1500,1500,Setting/Npc/Ai/Stay.ini,,,,20,3,,8872,195,1,,NoTurn,,,,,,,,,,,,,
LMZZ_diaoxiang_cg,5378,Tượng Tổ Long Mạch Trường Ca,2,0,MainCityMaster,99,609,200,994,,,91,,,,,,,1500,1500,Setting/Npc/Ai/Stay.ini,,,,20,3,,8872,195,1,,NoTurn,,,,,,,,,,,,,
LMZZ_diaoxiang_tsma,5379,Tượng Tổ Long Mạch Thiên Sơn-Nam,2,0,MainCityMaster,99,646,200,994,,,91,,,,,,,1500,1500,Setting/Npc/Ai/Stay.ini,,,,20,3,,8872,195,1,,NoTurn,,,,,,,,,,,,,
LMZZ_diaoxiang_tsfe,5380,Tượng Tổ Long Mạch Thiên Sơn-Nữ,2,0,MainCityMaster,99,647,200,994,,,91,,,,,,,1500,1500,Setting/Npc/Ai/Stay.ini,,,,20,3,,8872,195,1,,NoTurn,,,,,,,,,,,,,
LMZZ_diaoxiang_bdma,5381,Tượng Tổ Long Mạch Bá Đao-Nam,2,0,MainCityMaster,99,689,200,994,,,91,,,,,,,1500,1500,Setting/Npc/Ai/Stay.ini,,,,20,3,,8872,195,1,,NoTurn,,,,,,,,,,,,,
LMZZ_diaoxiang_bdfe,5382,Tượng Tổ Long Mạch Bá Đao-Nữ,2,0,MainCityMaster,99,690,200,994,,,91,,,,,,,1500,1500,Setting/Npc/Ai/Stay.ini,,,,20,3,,8872,195,1,,NoTurn,,,,,,,,,,,,,
LMZZ_diaoxiang_wdfe,5383,Tượng Tổ Long Mạch Võ Đang-Nữ,2,0,MainCityMaster,99,691,200,994,,,91,,,,,,,1500,1500,Setting/Npc/Ai/Stay.ini,,,,20,3,,8872,195,1,,NoTurn,,,,,,,,,,,,,
LMZZ_diaoxiang_hsma,5384,Tượng Tổ Long Mạch Hoa Sơn-Nam,2,0,MainCityMaster,99,699,200,994,,,91,,,,,,,1500,1500,Setting/Npc/Ai/Stay.ini,,,,20,3,,8872,195,1,,NoTurn,,,,,,,,,,,,,
LMZZ_diaoxiang_hsfe,5385,Tượng Tổ Long Mạch Hoa Sơn-Nữ,2,0,MainCityMaster,99,700,200,994,,,91,,,,,,,1500,1500,Setting/Npc/Ai/Stay.ini,,,,20,3,,8872,195,1,,NoTurn,,,,,,,,,,,,,
LMZZ_diaoxiang_klma,5386,Tượng Tổ Long Mạch Côn Lôn-Nam,2,0,MainCityMaster,99,701,200,994,,,91,,,,,,,1500,1500,Setting/Npc/Ai/Stay.ini,,,,20,3,,8872,195,1,,NoTurn,,,,,,,,,,,,,
LMZZ_diaoxiang_mjma,5387,Tượng Tổ Long Mạch Minh Giáo Nam,2,0,MainCityMaster,99,708,200,994,,,91,,,,,,,1500,1500,Setting/Npc/Ai/Stay.ini,,,,20,3,,8872,195,1,,NoTurn,,,,,,,,,,,,,
LMZZ_diaoxiang_mjfe,5388,Tượng Tổ Long Mạch Minh Giáo Nữ,2,0,MainCityMaster,99,709,200,994,,,91,,,,,,,1500,1500,Setting/Npc/Ai/Stay.ini,,,,20,3,,8872,195,1,,NoTurn,,,,,,,,,,,,,
LMZZ_diaoxiang_twfe,5389,Tượng Tổ Long Mạch Thiên Vương Nữ,2,0,MainCityMaster,99,710,200,994,,,91,,,,,,,1500,1500,Setting/Npc/Ai/Stay.ini,,,,20,3,,8872,195,1,,NoTurn,,,,,,,,,,,,,
LMZZ_diaoxiang_dsma,5390,Tượng Tổ Long Mạch Đoàn Thị-Nam,2,0,MainCityMaster,99,716,200,994,,,91,,,,,,,1500,1500,Setting/Npc/Ai/Stay.ini,,,,20,3,,8872,195,1,,NoTurn,,,,,,,,,,,,,
LMZZ_diaoxiang_dsfe,5391,Tượng Tổ Long Mạch Đoàn Thị-Nữ,2,0,MainCityMaster,99,717,200,994,,,91,,,,,,,1500,1500,Setting/Npc/Ai/Stay.ini,,,,20,3,,8872,195,1,,NoTurn,,,,,,,,,,,,,
LMZZ_diaoxiang_xyfe,5392,Tượng Tổ Long Mạch Tiêu Dao-Nữ,2,0,MainCityMaster,99,718,200,994,,,91,,,,,,,1500,1500,Setting/Npc/Ai/Stay.ini,,,,20,3,,8872,195,1,,NoTurn,,,,,,,,,,,,,
LMZZ_diaoxiang_whma,5393,Tượng Tổ Long Mạch Vạn Hoa-Nam,2,0,MainCityMaster,99,729,200,994,,,91,,,,,,,1500,1500,Setting/Npc/Ai/Stay.ini,,,,20,3,,8872,195,1,,NoTurn,,,,,,,,,,,,,
LMZZ_diaoxiang_whfe,5394,Tượng Tổ Long Mạch Vạn Hoa-Nữ,2,0,MainCityMaster,99,730,200,994,,,91,,,,,,,1500,1500,Setting/Npc/Ai/Stay.ini,,,,20,3,,8872,195,1,,NoTurn,,,,,,,,,,,,,
LMZZ_diaoxiang_gbfe,5395,Tượng Tổ Long Mạch Cái Bang-Nữ,2,0,MainCityMaster,99,731,200,994,,,91,,,,,,,1500,1500,Setting/Npc/Ai/Stay.ini,,,,20,3,,8872,195,1,,NoTurn,,,,,,,,,,,,,
LMZZ_diaoxiang_ymma,5396,Tượng Tổ Long Mạch Dương Môn Nam,2,0,MainCityMaster,99,740,200,994,,,91,,,,,,,1500,1500,Setting/Npc/Ai/Stay.ini,,,,20,3,,8872,195,1,,NoTurn,,,,,,,,,,,,,
LMZZ_diaoxiang_ymfe,5397,Tượng Tổ Long Mạch Dương Môn Nữ,2,0,MainCityMaster,99,741,200,994,,,91,,,,,,,1500,1500,Setting/Npc/Ai/Stay.ini,,,,20,3,,8872,195,1,,NoTurn,,,,,,,,,,,,,
LMZZ_diaoxiang_trma,5398,Tượng Tổ Long Mạch Thiên Nhẫn Nam,2,0,MainCityMaster,99,742,200,994,,,91,,,,,,,1500,1500,Setting/Npc/Ai/Stay.ini,,,,20,3,,8872,195,1,,NoTurn,,,,,,,,,,,,,
LMZZ_diaoxiang_lqma,5399,Tượng Tổ Long Mạch Long Tước-Nam,2,0,MainCityMaster,99,750,200,994,,,91,,,,,,,1500,1500,Setting/Npc/Ai/Stay.ini,,,,20,3,,8872,195,1,,NoTurn,,,,,,,,,,,,,
LMZZ_diaoxiang_lqfe,5400,Tượng Tổ Long Mạch Long Tước-Nữ,2,0,MainCityMaster,99,751,200,994,,,91,,,,,,,1500,1500,Setting/Npc/Ai/Stay.ini,,,,20,3,,8872,195,1,,NoTurn,,,,,,,,,,,,,
LMZZ_diaoxiang_tmma,5401,Tượng Tổ Long Mạch Đường Môn-Nữ,2,0,MainCityMaster,99,752,200,994,,,91,,,,,,,1500,1500,Setting/Npc/Ai/Stay.ini,,,,20,3,,8872,195,1,,NoTurn,,,,,,,,,,,,,
LMZZ_diaoxiang_xsma,5402,Tượng Tổ Long Mạch Huyền Băng-Nam,2,0,MainCityMaster,99,771,200,994,,,91,,,,,,,1500,1500,Setting/Npc/Ai/Stay.ini,,,,20,3,,8872,195,1,,NoTurn,,,,,,,,,,,,,
LMZZ_diaoxiang_xsfe,5403,Tượng Tổ Long Mạch Huyền Băng-Nữ,2,0,MainCityMaster,99,772,200,994,,,91,,,,,,,1500,1500,Setting/Npc/Ai/Stay.ini,,,,20,3,,8872,195,1,,NoTurn,,,,,,,,,,,,,
LMZZ_diaoxiang_cxma,5404,Tượng Tổ Long Mạch Xung Tiêu-Nam,2,0,MainCityMaster,99,30046,200,994,,,91,,,,,,,1500,1500,Setting/Npc/Ai/Stay.ini,,,,20,3,,8872,195,1,,NoTurn,,,,,,,,,,,,,
LMZZ_diaoxiang_cxfe,5405,Tượng Tổ Long Mạch Xung Tiêu Nữ,2,0,MainCityMaster,99,30047,200,994,,,91,,,,,,,1500,1500,Setting/Npc/Ai/Stay.ini,,,,20,3,,8872,195,1,,NoTurn,,,,,,,,,,,,,
LMZZ_diaoxiang_lwma,5406,Tượng Tổ Long Mạch Long Uy-Nam,2,0,MainCityMaster,99,30048,200,994,,,91,,,,,,,1500,1500,Setting/Npc/Ai/Stay.ini,,,,20,3,,8872,195,1,,NoTurn,,,,,,,,,,,,,
LMZZ_diaoxiang_lwfe,5407,Tượng Tổ Long Mạch Long Uy-Nữ,2,0,MainCityMaster,99,30049,200,994,,,91,,,,,,,1500,1500,Setting/Npc/Ai/Stay.ini,,,,20,3,,8872,195,1,,NoTurn,,,,,,,,,,,,,
LMZZ_diaoxiang_hmma,5408,Tượng Tổ Long Mạch Hội Mộng-Nam,2,0,MainCityMaster,99,30050,200,994,,,91,,,,,,,1500,1500,Setting/Npc/Ai/Stay.ini,,,,20,3,,8872,195,1,,NoTurn,,,,,,,,,,,,,
LMZZ_diaoxiang_hmfe,5409,Tượng Tổ Long Mạch Hội Mộng-Nữ,2,0,MainCityMaster,99,30051,200,994,,,91,,,,,,,1500,1500,Setting/Npc/Ai/Stay.ini,,,,20,3,,8872,195,1,,NoTurn,,,,,,,,,,,,,
LMZZ_diaoxiang_txma,5410,Tượng Tổ Long Mạch Thiên Tâm-Nam,2,0,MainCityMaster,99,30052,200,994,,,91,,,,,,,1500,1500,Setting/Npc/Ai/Stay.ini,,,,20,3,,8872,195,1,,NoTurn,,,,,,,,,,,,,
LMZZ_diaoxiang_txfe,5412,Tượng Tổ Long Mạch Thiên Tâm-Nữ,2,0,MainCityMaster,99,30053,200,994,,,91,,,,,,,1500,1500,Setting/Npc/Ai/Stay.ini,,,,20,3,,8872,195,1,,NoTurn,,,,,,,,,,,,,
LMZZ_diaoxiang_cjfe,5424,Tượng Tổ Long Mạch Tàng Kiếm-Nữ,2,0,MainCityMaster,99,30040,200,994,,,91,,,,,,,1500,1500,Setting/Npc/Ai/Stay.ini,,,,20,3,,8872,195,1,,NoTurn,,,,,,,,,,,,,
LMZZ_diaoxiang_sjma,5425,Tượng Tổ Long Mạch Thần Cơ-Nam,2,0,MainCityMaster,99,30038,200,994,,,91,,,,,,,1500,1500,Setting/Npc/Ai/Stay.ini,,,,20,3,,8872,195,1,,NoTurn,,,,,,,,,,,,,
LMZZ_diaoxiang_sjfe,5426,Tượng Tổ Long Mạch Thần Cơ-Nữ,2,0,MainCityMaster,99,30039,200,994,,,91,,,,,,,1500,1500,Setting/Npc/Ai/Stay.ini,,,,20,3,,8872,195,1,,NoTurn,,,,,,,,,,,,,
LMZZ_diaoxiang_zlma,5621,Tượng Tổ Long Mạch Trảm Liệt-Nam,2,0,MainCityMaster,99,30064,200,994,,,91,,,,,,,1500,1500,Setting/Npc/Ai/Stay.ini,,,,20,3,,8872,195,1,,NoTurn,,,,,,,,,,,,,
LMZZ_diaoxiang_zlfe,5622,Tượng Tổ Long Mạch Trảm Liệt-Nữ,2,0,MainCityMaster,99,30065,200,994,,,91,,,,,,,1500,1500,Setting/Npc/Ai/Stay.ini,,,,20,3,,8872,195,1,,NoTurn,,,,,,,,,,,,,
LMZZ_diaoxiang_ghma,5987,Tượng Tổ Long Mạch Huyền Băng-Nam,2,0,MainCityMaster,99,30068,200,994,,,91,,,,,,,1500,1500,Setting/Npc/Ai/Stay.ini,,,,20,3,,8872,195,1,,NoTurn,,,,,,,,,,,,,
LMZZ_diaoxiang_ghfe,5988,Tượng Tổ Long Mạch Cô Hồng Nữ,2,0,MainCityMaster,99,30069,200,994,,,91,,,,,,,1500,1500,Setting/Npc/Ai/Stay.ini,,,,20,3,,8872,195,1,,NoTurn,,,,,,,,,,,,,
RYDT_diaoxiang_tw,5675,Tượng Điện Vinh Quang Thiên Vương,2,0,OldServerStatue,,532,200,994,,,91,,,,,,,1500,1500,Setting/Npc/Ai/Stay.ini,,,,20,3,,,195,1,,NoTurn,,,,,,,,,,,,,
RYDT_diaoxiang_twfe,5676,Tượng Điện Vinh Quang Thiên Vương Nữ,2,0,OldServerStatue,,710,200,994,,,91,,,,,,,1500,1500,Setting/Npc/Ai/Stay.ini,,,,20,3,,,195,1,,NoTurn,,,,,,,,,,,,,
RYDT_diaoxiang_cj,5677,Tượng Điện Vinh Quang Tàng Kiếm,2,0,OldServerStatue,,608,200,994,,,91,,,,,,,1500,1500,Setting/Npc/Ai/Stay.ini,,,,20,3,,,195,1,,NoTurn,,,,,,,,,,,,,
RYDT_diaoxiang_cjfe,5678,Tượng Điện Vinh Quang Tàng Kiếm Nữ,2,0,OldServerStatue,,30040,200,994,,,91,,,,,,,1500,1500,Setting/Npc/Ai/Stay.ini,,,,20,3,,,195,1,,NoTurn,,,,,,,,,,,,,
RYDT_diaoxiang_xy,5679,Tượng Điện Vinh Quang Tiêu Dao,2,0,OldServerStatue,,527,200,994,,,91,,,,,,,1500,1500,Setting/Npc/Ai/Stay.ini,,,,20,3,,,195,1,,NoTurn,,,,,,,,,,,,,
RYDT_diaoxiang_xyfe,5680,Tượng Điện Vinh Quang Tiêu Dao Nữ,2,0,OldServerStatue,,718,200,994,,,91,,,,,,,1500,1500,Setting/Npc/Ai/Stay.ini,,,,20,3,,,195,1,,NoTurn,,,,,,,,,,,,,
RYDT_diaoxiang_wudu,5681,Tượng Điện Vinh Quang Ngũ Độc,2,0,OldServerStatue,,587,200,994,,,91,,,,,,,1500,1500,Setting/Npc/Ai/Stay.ini,,,,20,3,,,195,1,,NoTurn,,,,,,,,,,,,,
RYDT_diaoxiang_em,5682,Tượng Điện Vinh Quang Nga Mi,2,0,OldServerStatue,,531,200,994,,,91,,,,,,,1500,1500,Setting/Npc/Ai/Stay.ini,,,,20,3,,,195,1,,NoTurn,,,,,,,,,,,,,
RYDT_diaoxiang_th,5683,Tượng Điện Vinh Quang Đào Hoa,2,0,OldServerStatue,,533,200,994,,,91,,,,,,,1500,1500,Setting/Npc/Ai/Stay.ini,,,,20,3,,,195,1,,NoTurn,,,,,,,,,,,,,
RYDT_diaoxiang_trma,5684,Tượng Điện Vinh Quang Thiên Nhẫn Nam,2,0,OldServerStatue,,742,200,994,,,91,,,,,,,1500,1500,Setting/Npc/Ai/Stay.ini,,,,20,3,,,195,1,,NoTurn,,,,,,,,,,,,,
RYDT_diaoxiang_tr,5685,Tượng Điện Vinh Quang Thiên Nhẫn,2,0,OldServerStatue,,534,200,994,,,91,,,,,,,1500,1500,Setting/Npc/Ai/Stay.ini,,,,20,3,,,195,1,,NoTurn,,,,,,,,,,,,,
RYDT_diaoxiang_wd,5686,Tượng Điện Vinh Quang Võ Đang,2,0,OldServerStatue,,529,200,994,,,91,,,,,,,1500,1500,Setting/Npc/Ai/Stay.ini,,,,20,3,,,195,1,,NoTurn,,,,,,,,,,,,,
RYDT_diaoxiang_wdfe,5687,Tượng Điện Vinh Quang Võ Đang Nữ,2,0,OldServerStatue,,691,200,994,,,91,,,,,,,1500,1500,Setting/Npc/Ai/Stay.ini,,,,20,3,,,195,1,,NoTurn,,,,,,,,,,,,,
RYDT_diaoxiang_cy,5689,Tượng Điện Vinh Quang Thúy Yên,2,0,OldServerStatue,,530,200,994,,,91,,,,,,,1500,1500,Setting/Npc/Ai/Stay.ini,,,,20,3,,,195,1,,NoTurn,,,,,,,,,,,,,
RYDT_diaoxiang_klma,5690,Tượng Điện Vinh Quang Côn Lôn Nam,2,0,OldServerStatue,,701,200,994,,,91,,,,,,,1500,1500,Setting/Npc/Ai/Stay.ini,,,,20,3,,,195,1,,NoTurn,,,,,,,,,,,,,
RYDT_diaoxiang_kl,5691,Tượng Điện Vinh Quang Côn Lôn,2,0,OldServerStatue,,538,200,994,,,91,,,,,,,1500,1500,Setting/Npc/Ai/Stay.ini,,,,20,3,,,195,1,,NoTurn,,,,,,,,,,,,,
XianQuGe_tiandi,5867,Đất trống,2,0,LeisureHouseLandNpc,,4850,995,300,,,,,,,,,,,,,,,0,0,1,,,,,,NoTurn,,,,,,,,1,,1,,,
MarryKFMap_hongniang,5877,Hồng Nương,2,0,CrossWeddingHongNiangNpc,CityNpc,599,9039,994,Hồng Nương (Diễu hành) (Chưa từng sử dụng),,1,,,,,,,,,Setting/Npc/Ai/KeepMoving.ini,,,0,7,3,,,,,,,,7,,,,,,,,,,,
XianQuGe_guanjia,5880,Quản Gia Nhàn Vân,2,1,LeisureHouseKeep,,107,19,119,,,1,21,1,,,,,,,Setting/Npc/Ai/CommonActive.ini,,,0,15,1,,,,,,,,,,,,,,,,,,,
MiKu_findbox1,5881,Bảo Rương,2,1,FubenDialogEvent,1|Đang thu thập...|OpenBox|5881,2957,995,2957,,,1,,,,,,,1000,1000,,,,,10,,,,,,,NoTurn,,10,2,,,,,,,,,,
MiKu_findbox2,5882,Bảo Rương,2,1,FubenDialogEvent,10|Đang thu thập...|OpenBox|5882,2957,995,2957,,,1,,,,,,,1000,1000,,,,,10,,,,,,,NoTurn,,10,3,,,,,,,,,,
MiKu_findbox3,5883,Bảo Rương,2,1,FubenDialogEvent,10|Đang thu thập...|OpenBox|5883,2957,995,2957,,,1,,,,,,,1000,1000,,,,,10,,,,,,,NoTurn,,10,3,,,,,,,,,,
MiKu_transanimol2,5884,Kẻ Săn Vàng,0,1,FubenDeath,,143,,300,,,6,22,1,91,1,,,1000,1000,Setting/Npc/Ai/CommonActive.ini,,,,15,2,,,,,,,,15,4,,,,,,,,,,
MiKu_findbox4,5891,Rương Cao Cấp,2,1,FubenDialogEvent,10|Đang thu thập...|OpenBox|5891,761,995,761,,,1,,,,,,,1000,1000,,,,,10,,,,,,,NoTurn,,10,3,,,,,,,,,,
MiKu_Baohuzhao,5892,Khu tạo Chụp Bảo Vệ,2,1,FubenDialogEvent,10|Đang thu thập...|GenerateShield,4888,995,4888,,,1,,,,,,,,,,,,1,15,,,,,,,NoTurn,,,,,,,,,,,,,
Xianqu_common01,5896,Mầm rau,2,0,LeisureHousePlantNpc,,4890,9100,300,,,1,,,,,,,,,Setting/Npc/Ai/CommonActive.ini,,,0,15,1,,,,,,NoTurn,,,,,,,,,,,,,
Xianqu_baicai01,5897,Cải Trắng,2,0,LeisureHousePlantNpc,,4891,9100,300,,,1,,,,,,,,,Setting/Npc/Ai/CommonActive.ini,,,0,15,1,,,,,,NoTurn,,,,,,,,,,,,,
Xianqu_baicai02,5898,Cải Trắng,2,0,LeisureHousePlantNpc,,4892,9100,300,,,1,,,,,,,,,Setting/Npc/Ai/CommonActive.ini,,,0,15,1,,,,,,NoTurn,,,,,,,,,,,,,
Xianqu_baicai03,5899,Cải Trắng,2,0,LeisureHousePlantNpc,,4893,9100,300,,,1,,,,,,,,,Setting/Npc/Ai/CommonActive.ini,,,0,15,1,,,,,,NoTurn,,,,,,,,,,,,,
Xianqu_xiaomai01,5900,Tiểu Mạch,2,0,LeisureHousePlantNpc,,4894,9100,300,,,1,,,,,,,,,Setting/Npc/Ai/CommonActive.ini,,,0,15,1,,,,,,NoTurn,,,,,,,,,,,,,
Xianqu_xiaomai02,5901,Tiểu Mạch,2,0,LeisureHousePlantNpc,,4895,9100,300,,,1,,,,,,,,,Setting/Npc/Ai/CommonActive.ini,,,0,15,1,,,,,,NoTurn,,,,,,,,,,,,,
Xianqu_xiaomai03,5902,Tiểu Mạch,2,0,LeisureHousePlantNpc,,4896,9100,300,,,1,,,,,,,,,Setting/Npc/Ai/CommonActive.ini,,,0,15,1,,,,,,NoTurn,,,,,,,,,,,,,
Xianqu_shuidao01,5903,Lúa Nước,2,0,LeisureHousePlantNpc,,4897,9100,300,,,1,,,,,,,,,Setting/Npc/Ai/CommonActive.ini,,,0,15,1,,,,,,NoTurn,,,,,,,,,,,,,
Xianqu_shuidao02,5904,Lúa Nước,2,0,LeisureHousePlantNpc,,4898,9100,300,,,1,,,,,,,,,Setting/Npc/Ai/CommonActive.ini,,,0,15,1,,,,,,NoTurn,,,,,,,,,,,,,
Xianqu_shuidao03,5905,Lúa Nước,2,0,LeisureHousePlantNpc,,4899,9100,300,,,1,,,,,,,,,Setting/Npc/Ai/CommonActive.ini,,,0,15,1,,,,,,NoTurn,,,,,,,,,,,,,
Xianqu_nangua01,5906,Bí Ngô,2,0,LeisureHousePlantNpc,,4900,9100,300,,,1,,,,,,,,,Setting/Npc/Ai/CommonActive.ini,,,0,15,1,,,,,,NoTurn,,,,,,,,,,,,,
Xianqu_nangua02,5907,Bí Ngô,2,0,LeisureHousePlantNpc,,4901,9100,300,,,1,,,,,,,,,Setting/Npc/Ai/CommonActive.ini,,,0,15,1,,,,,,NoTurn,,,,,,,,,,,,,
Xianqu_nangua03,5908,Bí Ngô,2,0,LeisureHousePlantNpc,,4902,9100,300,,,1,,,,,,,,,Setting/Npc/Ai/CommonActive.ini,,,0,15,1,,,,,,NoTurn,,,,,,,,,,,,,
Xianqu_xiangrikui01,5909,Hướng Dương,2,0,LeisureHousePlantNpc,,4912,9100,300,,,1,,,,,,,,,Setting/Npc/Ai/CommonActive.ini,,,0,15,1,,,,,,NoTurn,,,,,,,,,,,,,
Xianqu_xiangrikui01_2,5929,Hướng Dương,2,0,LeisureHousePlantNpc,,4912,9100,300,,,1,,,,,,,,,Setting/Npc/Ai/CommonActive.ini,,,0,15,1,,,,,,NoTurn,,,,,,,,,,,,,
Xianqu_xiangrikui02,5910,Hướng Dương,2,0,LeisureHousePlantNpc,,4913,9100,300,,,1,,,,,,,,,Setting/Npc/Ai/CommonActive.ini,,,0,15,1,,,,,,NoTurn,,,,,,,,,,,,,
Xianqu_mogu01,5911,Nấm,2,0,LeisureHousePlantNpc,,4903,9100,300,,,1,,,,,,,,,Setting/Npc/Ai/CommonActive.ini,,,0,15,1,,,,,,NoTurn,,,,,,,,,,,,,
Xianqu_mogu01_2,5930,Nấm,2,0,LeisureHousePlantNpc,,4903,9100,300,,,1,,,,,,,,,Setting/Npc/Ai/CommonActive.ini,,,0,15,1,,,,,,NoTurn,,,,,,,,,,,,,
Xianqu_mogu02,5912,Nấm,2,0,LeisureHousePlantNpc,,4904,9100,300,,,1,,,,,,,,,Setting/Npc/Ai/CommonActive.ini,,,0,15,1,,,,,,NoTurn,,,,,,,,,,,,,
Xianqu_xigua01,5913,Dưa hấu,2,0,LeisureHousePlantNpc,,4909,9100,300,,,1,,,,,,,,,Setting/Npc/Ai/CommonActive.ini,,,0,15,1,,,,,,NoTurn,,,,,,,,,,,,,
Xianqu_xigua01_2,5931,Dưa hấu,2,0,LeisureHousePlantNpc,,4909,9100,300,,,1,,,,,,,,,Setting/Npc/Ai/CommonActive.ini,,,0,15,1,,,,,,NoTurn,,,,,,,,,,,,,
Xianqu_xigua02,5914,Dưa hấu,2,0,LeisureHousePlantNpc,,4910,9100,300,,,1,,,,,,,,,Setting/Npc/Ai/CommonActive.ini,,,0,15,1,,,,,,NoTurn,,,,,,,,,,,,,
Xianqu_lingzhi01,5915,Linh Chi,2,0,LeisureHousePlantNpc,,4907,9100,300,,,1,,,,,,,,,Setting/Npc/Ai/CommonActive.ini,,,0,15,1,,,,,,NoTurn,,,,,,,,,,,,,
Xianqu_lingzhi01_2,5932,Linh Chi,2,0,LeisureHousePlantNpc,,4907,9100,300,,,1,,,,,,,,,Setting/Npc/Ai/CommonActive.ini,,,0,15,1,,,,,,NoTurn,,,,,,,,,,,,,
Xianqu_lingzhi02,5916,Linh Chi,2,0,LeisureHousePlantNpc,,4908,9100,300,,,1,,,,,,,,,Setting/Npc/Ai/CommonActive.ini,,,0,15,1,,,,,,NoTurn,,,,,,,,,,,,,
Xianqu_lajiao01,5917,Ớt,2,0,LeisureHousePlantNpc,,4905,9100,300,,,1,,,,,,,,,Setting/Npc/Ai/CommonActive.ini,,,0,15,1,,,,,,NoTurn,,,,,,,,,,,,,
Xianqu_lajiao01_2,5933,Ớt,2,0,LeisureHousePlantNpc,,4905,9100,300,,,1,,,,,,,,,Setting/Npc/Ai/CommonActive.ini,,,0,15,1,,,,,,NoTurn,,,,,,,,,,,,,
Xianqu_lajiao02,5918,Ớt,2,0,LeisureHousePlantNpc,,4906,9100,300,,,1,,,,,,,,,Setting/Npc/Ai/CommonActive.ini,,,0,15,1,,,,,,NoTurn,,,,,,,,,,,,,
Xianqu_Handcraft,5942,Nhàn Thú Thủ Công,2,0,LeisureHandWorkNpc,,3908,995,300,,,,,,,,,,,,,,,0,0,1,,,,,,NoTurn,,,,,,,,1,,1,,,
MarryKFMap_chuisuona1,5923,NPC diễu hành hôn lễ,0,0,,,592,,,Thổi Tiêu 1 (Chưa từng sử dụng),,1,,,,,,,,,Setting/Npc/Ai/KeepMoving.ini,,,0,7,3,,,,,,,,7,,,,,,,,,,,
MarryKFMap_chuisuona2,5924,NPC diễu hành hôn lễ,0,0,,,592,,,Thổi Tiêu 2 (Chưa từng sử dụng),,1,,,,,,,,,Setting/Npc/Ai/KeepMoving.ini,,,0,7,3,,,,,,,,7,,,,,,,,,,,
MarryKFMap_chuisuona3,5925,NPC diễu hành hôn lễ,0,0,,,592,,,Thổi Tiêu 3 (Chưa từng sử dụng),,1,,,,,,,,,Setting/Npc/Ai/KeepMoving.ini,,,0,7,3,,,,,,,,7,,,,,,,,,,,
MarryKFMap_chuisuona4,5926,NPC diễu hành hôn lễ,0,0,,,592,,,Thổi Tiêu 4 (Chưa từng sử dụng),,1,,,,,,,,,Setting/Npc/Ai/KeepMoving.ini,,,0,7,3,,,,,,,,7,,,,,,,,,,,
TaoLin_taohuadao,5927,Đào Hoa Đảo,5,0,,,4911,,,,,1,,,,,,,,,Setting/Npc/Ai/Stay.ini,,,0,7,3,,,,,,,,7,,,,,,,,,,,
MiKu_Chuansongfu,5935,Truyền Tống Phù,2,1,FubenDialogEvent,0||OpenKey,550,,550,,,,,,,,,,560,980,,,,1,1,,,,,,,,,,3,,,,,,,,,,
MiKu_Chuansongfu2,5937,Truyền Tống Phù,2,1,FubenDialogEvent,0||OpenKey,549,,549,,,,,,,,,,560,980,,,,1,1,,,,,,,,,,7,,,,,,,,,,
DongTian_Mine1,5991,Khu Mỏ (Sơ),2,0,HarvestSpotNpc,,4020,992,992,,,,,,,,,,,,,,,,,,,,,,,NoTurn,,,7,,,,,,,1,,,
DongTian_Mine2,5992,Mỏ Khoáng (Trung),2,0,HarvestSpotNpc,,4931,992,992,,,,,,,,,,,,,,,,,,,,,,,NoTurn,,,7,,,,,,,1,,,
DongTian_Mine3,5993,Điểm Khoáng (Cao),2,0,HarvestSpotNpc,,4932,992,992,,,,,,,,,,,,,,,,,,,,,,,NoTurn,,,7,,,,,,,1,,,
DongTian_Gather1,5994,Điểm Thu Thập (Sơ),2,0,HarvestSpotNpc,,4764,992,992,,,,,,,,,,,,,,,1,1,,,,,,,NoTurn,,,7,,,,,,,1,,,
DongTian_Gather2,5995,Điểm Thu Thập (Trung),2,0,HarvestSpotNpc,,4929,992,992,,,,,,,,,,,,,,,1,1,,,,,,,NoTurn,,,7,,,,,,,1,,,
DongTian_Gather3,5996,Điểm Thu Thập (Cao),2,0,HarvestSpotNpc,,4930,992,992,,,,,,,,,,,,,,,1,1,,,,,,,NoTurn,,,7,,,,,,,1,,,
DongTian_Chest1,5997,Rương Điểm Danh,2,1,DongTianDakaOrRandNpc,Daka|5,352,995,300,,,1,,,,,,,,,,,,1,1,1,,,,,,NoTurn,,,,,,,,,,1,,,
DongTian_Chest2,5998,Bát Quái Phù,2,1,GossipRuneNpc,,4749,995,300,,,1,,,,,,,,,,,,1,1,1,,,,,,NoTurn,,,,,,,,,,1,,,
DongTian_Chest3,5999,Rương Bát Quái,2,1,GossipAwardBoxNpc,,762,995,300,,,1,,,,,,,,,,,,1,1,1,,,,,,NoTurn,,,,,,,,,,1,,,
DongTian_Chest4,6007,Rương Động Thiên,2,1,DongTianDakaOrRandNpc,Random|5,352,995,300,,,1,,,,,,,,,,,,1,1,1,,,,,,NoTurn,,,,,,,,,,1,,,
DongTian_Fish1,6010,Điểm Câu Cá (Sơ),2,0,,,4850,995,300,,,,,,,,,,,,,,,,,,,,,,,NoTurn,,,7,,,,,,,1,,,
DongTian_Fish2,6011,Điểm Câu Cá (Trung),2,0,,,4850,995,300,,,,,,,,,,,,,,,,,,,,,,,NoTurn,,,7,,,,,,,1,,,
DongTian_Fish3,6012,Điểm Câu Cá (Cao),2,0,,,4850,995,300,,,,,,,,,,,,,,,,,,,,,,,NoTurn,,,7,,,,,,,1,,,
dongtian_quanju1,6074,Điểm thu thập phát sáng,2,0,HarvestSpotNpc,,4930,992,992,,,,,,,,,,,,,,,,,,,,197,1,,NoTurn,,,7,,,,,,,1,,,
dongtian_quanju2,6075,Điểm Khoáng Phát Quang,2,0,HarvestSpotNpc,,4932,992,992,,,,,,,,,,,,,,,,,,,,197,1,,NoTurn,,,7,,,,,,,1,,,
tanlongyuan_guaiwu1,6100,Yêu Long,0,1,KinTigerPreStartNpc,,4939,9045,9045,,,838,22,1,,,,,1500,1500,Setting/Npc/Ai/CommonActive.ini,,,1,15,1,,,,,,,,,,,,,,,,,,,
tanlongyuan_shouling1,6101,Du Long,0,1,KinTigerNpc,,4940,9045,9045,,,839,22,1,91,1,,,1500,1500,Setting/Npc/Ai/CommonActive.ini,,,1,15,2,,,,,,,,,2,,,,,,,,,,
tanlongyuan_shouling2,6102,Huyền Thanh Long,0,1,KinTigerNpc,,4941,9045,9045,,,839,22,1,91,1,,,1500,1500,Setting/Npc/Ai/CommonActive.ini,,,1,15,2,,,,,,,,,3,,,,,,,,,,
tanlongyuan_shouling3,6104,Minh Uyên Ma Long,0,1,KinTigerNpc,,4942,9045,9045,,,839,22,1,91,1,,,1500,1500,Setting/Npc/Ai/CommonActive.ini,,,1,15,2,,,,,,,,,4,,,,,,,,,,
tanlongyuan_boss,6106,Hoàng Kim Ứng Long,0,1,KinTigerBossNpc,,4943,9045,9045,,,839,22,1,91,1,,,1500,1500,Setting/Npc/Ai/CommonActive.ini,,,1,15,2,,,,,,,,,6,,,,,,,,,,
tanlongyuan_yaodan1,6107,Long Uyên Đan Phàm Phẩm,4,0,,,4944,,,,,,,,,,,,1500,1500,,,,,,,,,,,,,,,,,,,,,,,,,
tanlongyuan_yaodan2,6108,Long Uyên Đan Thượng Phẩm,4,0,,,4945,,,,,,,,,,,,1500,1500,,,,,,,,,,,,,,,,,,,,,,,,,
tanlongyuan_yaodan3,6109,Long Uyên Đan Cực Phẩm,4,0,,,4946,,,,,,,,,,,,1500,1500,,,,,,,,,,,,,,,,,,,,,,,,,
tanlongyuan_award,6110,Rương Giáng Long,2,0,KinTigerJinDanNpc,,574,995,300,,,,,,,,,,1500,1500,,,,,,,,,,,,NoTurn,,,,,,,,,,,,,
daxiaguide,6114,Tiếp Dẫn Bí Tàng,2,0,DaXiaFubenGuider,,169,9066,999,,,,,,,,,,,,,,,,,,,,,,,,,,,,,,,,,,,,
daxiabox,6116,Bảo Rương,2,0,DaXiaFubenBox,2|Đang mở|Thất bại khi mở,933,,,,,,,,,,,,,,,,,,,,,,,,,NoTurn,,,,,,,,,,,,,
daxiaxuanjing,6117,Thủy Tinh Khoáng,2,0,DaXiaFubenBox,2|Đang thu thập|Thu thập thất bại,4932,992,992,,,,,,,,,,,,,,,,,,,,,,,NoTurn,,,,,,,,,,,,,
daxiaguaiwu1,6118,Trộm Báu Vật,0,1,DaXiaFubenEnemy,,436,200,300,,,611,166,1,200,1,,,1500,1500,Setting/Npc/Ai/CommonActive.ini,,,1,15,1,,,,,,,,,,,,,,,,,,,
daxiaboss,6119,Thủ Lĩnh Trộm Báu Vật,0,1,DaXiaFubenEnemy,,436,200,300,,,612,166,1,91,1,,,1500,1500,Setting/Npc/Ai/CommonActive.ini,,,1,15,1,,,,,,,,,,,,,,,,,,,
daxiabigbox,6120,Hạ Kiệt Bí Bảo,2,0,DaXiaFubenBox,10|Đang mở|Thất bại khi mở,763,995,300,,,,,,,,,,,,,,,,,,,,,,,NoTurn,,,,,,,,,,,,,
xinnian_qifushu01,6223,Cây Chúc Phúc,2,0,SpecialDialogNpc,,4962,,,,,,,,,,,,,,,,,,,,,,,,,NoTurn,,,,,,,,,,,,,
xinnian_qifushu02,6224,Cây Chúc Phúc,2,0,SpecialDialogNpc,,4963,,,,,,,,,,,,,,,,,,,,,,,,,NoTurn,,,,,,,,,,,,,
xinnian_qifushu03,6225,Cây Chúc Phúc,2,0,SpecialDialogNpc,,4964,,,,,,,,,,,,,,,,,,,,,,,,,NoTurn,,,,,,,,,,,,,
xinnian_qifushu04,6226,Cây Chúc Phúc,2,0,SpecialDialogNpc,,4965,,,,,,,,,,,,,,,,,,,,,,,,,NoTurn,,,,,,,,,,,,,
xinnian_qifushu05,6227,Cây Chúc Phúc,2,0,SpecialDialogNpc,,4966,,,,,,,,,,,,,,,,,,,,,,,,,NoTurn,,,,,,,,,,,,,
xinnian_qifushu06,6228,Cây Chúc Phúc,2,0,SpecialDialogNpc,,4967,,,,,,,,,,,,,,,,,,,,,,,,,NoTurn,,,,,,,,,,,,,
kaogu1,6346,Điểm Khảo Cổ (Sơ),2,0,HarvestSpotNpc,,4986,992,992,,,,,,,,,,,,,,,,,,,,,,,NoTurn,,,7,,,,,,,1,,,
kaogu2,6347,Điểm Khảo Cổ (Trung),2,0,HarvestSpotNpc,,4987,992,992,,,,,,,,,,,,,,,,,,,,,,,NoTurn,,,7,,,,,,,1,,,
kaogu3,6348,Điểm Khảo Cổ (Cao),2,0,HarvestSpotNpc,,4988,992,992,,,,,,,,,,,,,,,,,,,,,,,NoTurn,,,7,,,,,,,1,,,
bagua_box_permanent,6350,Rương Bát Quái,2,1,GossipBoxNpc,,762,995,300,,,1,,,,,,,,,,,,,,,,,,,,NoTurn,,,,,,,,,,1,,,
xianqu_yueji1,6351,Hoa hồng,2,0,LeisureHousePlantNpc,,4989,9100,300,,,1,,,,,,,,,Setting/Npc/Ai/CommonActive.ini,,,0,15,1,,,,,,NoTurn,,,,,,,,,,,,,
xianqu_yueji2,6352,Hoa hồng,2,0,LeisureHousePlantNpc,,4989,9100,300,,,1,,,,,,,,,Setting/Npc/Ai/CommonActive.ini,,,0,15,1,,,,,,NoTurn,,,,,,,,,,,,,
xianqu_yueji3,6353,Hoa hồng,2,0,LeisureHousePlantNpc,,4990,9100,300,,,1,,,,,,,,,Setting/Npc/Ai/CommonActive.ini,,,0,15,1,,,,,,NoTurn,,,,,,,,,,,,,
xianqu_hehua1,6354,Hà Hoa,2,0,LeisureHousePlantNpc,,4991,9100,300,,,1,,,,,,,,,Setting/Npc/Ai/CommonActive.ini,,,0,15,1,,,,,,NoTurn,,,,,,,,,,,,,
xianqu_hehua2,6355,Hà Hoa,2,0,LeisureHousePlantNpc,,4991,9100,300,,,1,,,,,,,,,Setting/Npc/Ai/CommonActive.ini,,,0,15,1,,,,,,NoTurn,,,,,,,,,,,,,
xianqu_hehua3,6356,Hà Hoa,2,0,LeisureHousePlantNpc,,4992,9100,300,,,1,,,,,,,,,Setting/Npc/Ai/CommonActive.ini,,,0,15,1,,,,,,NoTurn,,,,,,,,,,,,,
xianqu_linglan1,6357,Linh Lan,2,0,LeisureHousePlantNpc,,4993,9100,300,,,1,,,,,,,,,Setting/Npc/Ai/CommonActive.ini,,,0,15,1,,,,,,NoTurn,,,,,,,,,,,,,
xianqu_linglan2,6358,Linh Lan,2,0,LeisureHousePlantNpc,,4993,9100,300,,,1,,,,,,,,,Setting/Npc/Ai/CommonActive.ini,,,0,15,1,,,,,,NoTurn,,,,,,,,,,,,,
xianqu_linglan3,6359,Linh Lan,2,0,LeisureHousePlantNpc,,4994,9100,300,,,1,,,,,,,,,Setting/Npc/Ai/CommonActive.ini,,,0,15,1,,,,,,NoTurn,,,,,,,,,,,,,
xianqu_mantianxing1,6360,Mãn Thiên Tinh,2,0,LeisureHousePlantNpc,,4995,9100,300,,,1,,,,,,,,,Setting/Npc/Ai/CommonActive.ini,,,0,15,1,,,,,,NoTurn,,,,,,,,,,,,,
xianqu_mantianxing2,6361,Mãn Thiên Tinh,2,0,LeisureHousePlantNpc,,4995,9100,300,,,1,,,,,,,,,Setting/Npc/Ai/CommonActive.ini,,,0,15,1,,,,,,NoTurn,,,,,,,,,,,,,
xianqu_mantianxing3,6362,Mãn Thiên Tinh,2,0,LeisureHousePlantNpc,,4996,9100,300,,,1,,,,,,,,,Setting/Npc/Ai/CommonActive.ini,,,0,15,1,,,,,,NoTurn,,,,,,,,,,,,,
xianqu_xuelian1,6363,Tuyết Liên,2,0,LeisureHousePlantNpc,,4997,9100,300,,,1,,,,,,,,,Setting/Npc/Ai/CommonActive.ini,,,0,15,1,,,,,,NoTurn,,,,,,,,,,,,,
xianqu_xuelian2,6364,Tuyết Liên,2,0,LeisureHousePlantNpc,,4997,9100,300,,,1,,,,,,,,,Setting/Npc/Ai/CommonActive.ini,,,0,15,1,,,,,,NoTurn,,,,,,,,,,,,,
xianqu_xuelian3,6365,Tuyết Liên,2,0,LeisureHousePlantNpc,,4998,9100,300,,,1,,,,,,,,,Setting/Npc/Ai/CommonActive.ini,,,0,15,1,,,,,,NoTurn,,,,,,,,,,,,,
xianqu_haitang1,6366,Hải Đường,2,0,LeisureHousePlantNpc,,4999,9100,300,,,1,,,,,,,,,Setting/Npc/Ai/CommonActive.ini,,,0,15,1,,,,,,NoTurn,,,,,,,,,,,,,
xianqu_haitang2,6367,Hải Đường,2,0,LeisureHousePlantNpc,,4999,9100,300,,,1,,,,,,,,,Setting/Npc/Ai/CommonActive.ini,,,0,15,1,,,,,,NoTurn,,,,,,,,,,,,,
xianqu_haitang3,6368,Hải Đường,2,0,LeisureHousePlantNpc,,5000,9100,300,,,1,,,,,,,,,Setting/Npc/Ai/CommonActive.ini,,,0,15,1,,,,,,NoTurn,,,,,,,,,,,,,
xianqu_baihexian1,6369,Bạch Hạc Tiên,2,0,LeisureHousePlantNpc,,5001,9100,300,,,1,,,,,,,,,Setting/Npc/Ai/CommonActive.ini,,,0,15,1,,,,,,NoTurn,,,,,,,,,,,,,
xianqu_baihexian2,6370,Bạch Hạc Tiên,2,0,LeisureHousePlantNpc,,5001,9100,300,,,1,,,,,,,,,Setting/Npc/Ai/CommonActive.ini,,,0,15,1,,,,,,NoTurn,,,,,,,,,,,,,
xianqu_baihexian3,6371,Bạch Hạc Tiên,2,0,LeisureHousePlantNpc,,5002,9100,300,,,1,,,,,,,,,Setting/Npc/Ai/CommonActive.ini,,,0,15,1,,,,,,NoTurn,,,,,,,,,,,,,
Marry_huajiaoLevel4,6389,Kiệu Hoa,0,0,,,5006,,,,,1,,,,,,,,,Setting/Npc/Ai/KeepMoving.ini,,,0,7,3,,,,,,,,7,,,,,,,,,,,
Marry_HorseLevel4,6390,Tân Lang Cưỡi Ngựa,0,0,,,5007,,,,,1,,,,,,,,,Setting/Npc/Ai/KeepMoving.ini,,,0,7,3,,,,,,,,7
