MissileId,MissileName,MoveKind,Speed,DmgRangeType,DmgRange,DmgRangeY,IgnoreDmgRange,DmgInterval,LifeTime,DelayDeleteFrame,IsDmgVanish,CanRepeatDmg,MissileResID,CollResID,DmgRangeSpeed,IsDrag,PosOffsetLenght,IsNoChangeDir,MissRate,CollSoundID,FlySoundID,VanishSoundID,ColFollowTarget,AcceSpeed,CollBrigth,CollBrigthFrame,IsIgnoreBarrier,AutoExplode,VanishResID,MissileHeight,HeightSpeed,EnemyResID,IsRepresent,IsChildInheritDir,MissileParam1,MissileParam2,MissileParam3,MissileParam1Des,MissileParam2Des,MissileParam3Des,IsChildInheritPowerAdd,IsNotHeightSpeed,InheritPos,IsHitFloat
1,,0,0,0,2,,,,50,,1,,,3024,,,,,,,,,,,,,,,,,,,,,,,,,,,,,,
2,,2,40,0,2,,,,30,,,,4,3024,,,,,,,,,,,,,,,,,,,,,,,,,,,,,,
3,,2,40,0,2,,,,30,,,,10,3024,,,,,,,,,,,,,,,,,,,,,,,,,,,,,,
4,,0,0,0,2,,,,50,,,,11,3024,,,,,,,,,,,,,,,,,,,,,,,,,,,,,,
5,,0,0,0,32,,,,50,,,,13,,,,,,,,,,,,,,,,,,,,,,,,,,,,,,,
11,,0,0,0,2,,,,50,,,,4,3024,,,,,,,,,,,,,,,,,,,,,,,,,,,,,,
12,,0,0,0,32,,,,50,,,,11,3024,,,,,,,,,,,,,,,,,,,,,,,,,,,,,,
17,Thử Nhảy Lắc Trước Lắc Sau_Phụ,0,0,0,32,,,,50,,,,,3024,,,,,,,,,,,,,,,,,,,,,,,,,,,,,,
18,Báo Động Đỏ_Phụ 2,0,0,1,11,,,,2,,,,,3024,,,,,,,,,,,,,,,,,,,,,,,,,,,,,,
19,Báo Động Đỏ,0,0,1,11,,,,60,,,,17,,,,,,,,,,,,,,,,,,,,,,,,,,,,,,,
20,Báo Động Đỏ_Phụ 1,0,0,1,11,,,,60,,,,18,,,,,,,,,,,,,,,,,,,,,,,,,,,,,,,
21,npc-Đánh đơn cận chiến1,0,0,0,1,,,,3,,,,,3021,,,,,,,,,,,,,1,,,,,,,,,,,,,,,,,
22,npc-Đánh đơn cận chiến 2_Trảo,0,0,0,1,,,,3,,,,,3022,,,,,,,,,,,,,,,,,,,,,,,,,,,,,,
23,npc-Đánh nhóm cận chiến_Bán Nguyệt Kim,0,0,1,3,,,,5,,,,,3021,,,,,,,,,,,,,,,,,,,,,,,,,,,,,,
24,npc-Đánh nhóm cận chiến 1_Kim,0,0,0,9,,,,25,,,,24,,,,120,,,,,,,,,,,,,,,,,,,,,,,,,,,
25,npc-Đánh nhóm cận chiến 1_Thủy,0,0,0,9,,,,25,,,,25,,,,120,,,,,,,,,,,,,,,,,,,,,,,,,,,
26,npc-Đánh nhóm cận chiến 1_Hỏa,0,0,0,9,,,,25,,,,26,,,,120,,,,,,,,,,,,,,,,,,,,,,,,,,,
27,npc-Đánh nhóm cận chiến 1_Mộc,0,0,0,9,,,,25,,,,27,,,,120,,,,,,,,,,,,,,,,,,,,,,,,,,,
28,Nhóm Quanh Mình 1_Kim,0,0,1,20,,,,25,,,,18,,,,,,,,,,,,,,,,,,,,,,,,,,,,,,,
29,Nhóm Quanh Mình 2_Thủy,0,0,1,20,,,,25,,,,1554,,,,,,,,,,,,,,,,,,,,,,,,,,,,,,,
30,Nhóm Quanh Mình 3_Hỏa,0,0,1,20,,,,25,,,,1808,,,,,,,,,,,,,,,,,,,,,,,,,,,,,,,
31,Nhóm Quanh Mình 4_Mộc,0,0,1,20,,,,25,,,,2445,,,,,,,,,,,,,,,,,,,,,,,,,,,,,,,
32,npc-Đánh đơn chỉ định tầm xa 1_Kim,0,0,1,3,,,,10,,,,32,3024,,,,,,,,,,,,,,,,,,,,,,,,,,,,,,
33,npc-Đánh đơn chỉ định tầm xa 1_Thủy,0,0,1,3,,,,10,,,,33,3025,,,,,,,,,,,,,,,,,,,,,,,,,,,,,,
34,npc-Đánh đơn chỉ định tầm xa 1_Hỏa,0,0,1,3,,,,10,,,,34,3026,,,,,,,,,,,,,,,,,,,,,,,,,,,,,,
35,npc-Đánh đơn chỉ định tầm xa 1_Mộc,0,0,1,3,,,,10,,,,35,3027,,,,,,,,,,,,,,,,,,,,,,,,,,,,,,
36,npc tầm xa,1,50,0,1,,,,15,,,,36,3024,,,,,,,,,,,,,,,,,,,,,,,,,,,,,,
37,npc-Đánh đơn thẳng tầm xa_Thủy,1,90,0,5,,,,6,,,,37,3025,,,,,,,,,,30,,,,,,,,,,,,,,,,,,,,
38,npc-Xuyên thấu thẳng tầm xa_Kim,1,90,0,3,,,,8,,,,38,3024,,,,,,,,,,10,,,,,,,,,,,,,,,,,,,,
39,npc-Xuyên thấu thẳng tầm xa_Thủy,1,90,0,3,,,,8,,,,39,3025,,,,,,,,,,10,,,,,,,,,,,,,,,,,,,,
40,npc-Xuyên thấu thẳng tầm xa_Hỏa,1,90,0,3,,,,8,,,,40,3026,,,,,,,,,,10,,,1,,,,,,,,,,,,,,,,,
41,npc-Xuyên thấu thẳng tầm xa_Mộc,1,90,0,3,,,,8,,,,41,3027,,,,,,,,,,10,,,,,,,,,,,,,,,,,,,,
42,npc-Đánh nhóm chỉ định tầm xa 1_Địa,0,0,1,15,,,,30,,,,24,,,,,,,,,,,,,,,,,,,,,,,,,,,,,,,
43,npc-Đánh nhóm chỉ định tầm xa 1_Thủy,0,0,1,15,,,,30,,,,25,,,,,,,,,,,,,,,,,,,,,,,,,,,,,,,
44,npc-Đánh nhóm chỉ định tầm xa 1_Hỏa,0,0,1,15,,,,30,,,,26,,,,,,,,,,,,,,,,,,,,,,,,,,,,,,,
45,npc-Đánh nhóm chỉ định tầm xa 1_Phong,0,0,1,15,,,,30,,,,27,,,,,,,,,,,,,,,,,,,,,,,,,,,,,,,
46,npc-Khống chế đơn tầm xa 1_Kim,0,0,0,1,,,,20,,,,,3024,,,,,,,,,,,,,,,,,,,,,,,,,,,,,,
47,npc-Khống chế đơn tầm xa 1_Thủy,0,0,0,1,,,,20,,,,,3025,,,,,,,,,,,,,,,,,,,,,,,,,,,,,,
48,npc-Khống chế đơn tầm xa 1_Hỏa,0,0,0,1,,,,20,,,,,3026,,,,,,,,,,,,,,,,,,,,,,,,,,,,,,
49,npc-Khống chế đơn tầm xa 1_Mộc,0,0,0,1,,,,20,,,,,3027,,,,,,,,,,,,,,,,,,,,,,,,,,,,,,
50,npc-Khống chế nhóm tầm xa 1_Địa,0,0,1,10,,,,30,,,,50,,,,,,,,,,,,,,,,,,,,,,,,,,,,,,,
51,npc-Khống chế nhóm tầm xa 1_Thủy,0,0,1,10,,,,30,,,,51,,,,,,,,,,,,,,,,,,,,,,,,,,,,,,,
52,npc-Khống chế nhóm tầm xa 1_Hỏa,0,0,1,10,,,,30,,,,52,,,,,,,,,,,,,,,,,,,,,,,,,,,,,,,
53,npc-Khống chế nhóm tầm xa 1_Phong,0,0,1,10,,,,30,,,,53,,,,,,,,,,,,,,,,,,,,,,,,,,,,,,,
54,npc-Cầu sáng thẳng tầm xa_Kim,1,60,0,3,,,,11,,1,,54,3024,,,,,,,,,,5,,,,,,,,,,,,,,,,,,,,
55,npc-Cầu sáng thẳng tầm xa_Thủy,1,60,0,3,,,,11,,1,,55,3025,,,,,,,,,,5,,,,,,,,,,,,,,,,,,,,
56,npc-Cầu sáng thẳng tầm xa_Hỏa,1,60,0,3,,,,11,,1,,56,3026,,,50,,,,,,,5,,,,,,,,,,,,,,,,,,,,
57,npc-Cầu sáng thẳng tầm xa_Mộc,1,60,0,3,,,,11,,1,,57,3027,,,,,,,,,,5,,,,,,,,,,,,,,,,,,,,
59,npc-Đánh nhóm cận chiến 1_Phong,0,0,0,9,,,,25,,,,6059,,,,120,,,,,,,,,,,,,,,,,,,,,,,,,,,
60,npc-Đánh nhóm cận chiến 1_Sát thương Phong,0,0,0,9,,,,3,,,,,3059,,,120,,,,,,,,,,,,,,,,,,,,,,,,,,,
61,Sát Thương Nhóm Xung Quanh 5_Thổ,0,0,1,20,,,,25,,,,4375,,,,,,,,,,,,,,,,,,,,,,,,,,,,,,,
62,Sát Thương Nhóm Xung Quanh 5_Sát thương Thổ,0,0,1,20,,,,3,,,,,3059,,,,,,,,,,,,,,,,,,,,,,,,,,,,,,
63,npc-Đánh nhóm chỉ định tầm xa 1_Thổ,0,0,1,15,,,,30,,,,1375,,,,,,,,,,,,,,,,,,,,,,,,,,,,,,,
64,npc-Đánh nhóm chỉ định tầm xa 1_Sát thương Thổ,0,0,1,15,,,,3,,,,,3059,,,,,,,,,,,,,,,,,,,,,,,,,,,,,,
65,npc-Khống chế đơn tầm xa 1_Thổ,0,0,0,1,,,,20,,,,1375,3059,,,,,,,,,,,,,,,,,,,,,,,,,,,,,,
66,npc-Khống chế nhóm tầm xa 1_Thổ,0,0,1,10,,,,30,,,,4375,,,,,,,,,,,,,,,,,,,,,,,,,,,,,,,
67,npc-Khống chế nhóm tầm xa 1_Sát thương Thổ,0,0,1,10,,,,3,,,,,3024,,,,,,,,,,,,,,,,,,,,,,,,,,,,,,
68,npc-Đánh đơn chỉ định tầm xa 1_Thổ,0,0,1,3,,,,10,,,,3068,3025,,,,,,,,,,,,,,,,,,,,,,,,,,,,,,
69,npc-Xuyên thấu thẳng tầm xa_Thổ,1,90,0,3,,,,8,,,,69,3025,,,,,,,,,10,,,,,,,,,,,,,,,,,,,,,
70,npc-Đánh nhóm cận chiến 1_Sát thương Kim,0,0,0,9,,,,3,,,,,3024,,,120,,,,,,,,,,,,,,,,,,,,,,,,,,,
71,npc-Đánh nhóm cận chiến 1_Sát thương Thủy,0,0,0,9,,,,3,,,,,3025,,,120,,,,,,,,,,,,,,,,,,,,,,,,,,,
72,npc-Đánh nhóm cận chiến 1_Sát thương Hỏa,0,0,0,9,,,,3,,,,,3026,,,120,,,,,,,,,,,,,,,,,,,,,,,,,,,
73,npc-Đánh nhóm cận chiến 1_Sát thương Mộc,0,0,0,9,,,,3,,,,,3027,,,120,,,,,,,,,,,,,,,,,,,,,,,,,,,
74,npc-Đánh nhóm cận chiến 2_Sát thương Địa,0,0,1,20,,,,3,,,,,3024,,,,,,,,,,,,,,,,,,,,,,,,,,,,,,
75,npc-Đánh nhóm cận chiến 2_Sát thương Thủy,0,0,1,20,,,,3,,,,,3025,,,,,,,,,,,,,,,,,,,,,,,,,,,,,,
76,npc-Đánh nhóm cận chiến 2_Sát thương Hỏa,0,0,1,20,,,,3,,,,,3026,,,,,,,,,,,,,,,,,,,,,,,,,,,,,,
77,npc-Đánh nhóm cận chiến 2_Sát thương Phong,0,0,1,20,,,,3,,,,,3027,,,,,,,,,,,,,,,,,,,,,,,,,,,,,,
78,npc-Đánh nhóm chỉ định tầm xa 1_Sát thương Địa,0,0,1,15,,,,3,,,,,3024,,,,,,,,,,,,,,,,,,,,,,,,,,,,,,
79,npc-Đánh nhóm chỉ định tầm xa 1_Sát thương Thủy,0,0,1,15,,,,3,,,,,3025,,,,,,,,,,,,,,,,,,,,,,,,,,,,,,
80,npc-Đánh nhóm chỉ định tầm xa 1_Sát thương Hỏa,0,0,1,15,,,,3,,,,,3026,,,,,,,,,,,,,,,,,,,,,,,,,,,,,,
81,npc-Đánh nhóm chỉ định tầm xa 1_Sát thương Phong,0,0,1,15,,,,3,,,,,3027,,,,,,,,,,,,,,,,,,,,,,,,,,,,,,
86,npc-Khống chế nhóm tầm xa 1_Sát thương Địa,0,0,1,10,,,,3,,,,,3024,,,,,,,,,,,,,,,,,,,,,,,,,,,,,,
87,npc-Khống chế nhóm tầm xa 1_Sát thương Thủy,0,0,1,10,,,,3,,,,,3025,,,,,,,,,,,,,,,,,,,,,,,,,,,,,,
88,npc-Khống chế nhóm tầm xa 1_Sát thương Hỏa,0,0,1,10,,,,3,,,,,3026,,,,,,,,,,,,,,,,,,,,,,,,,,,,,,
89,npc-Khống chế nhóm tầm xa 1_Sát thương Phong,0,0,1,10,,,,3,,,,,3027,,,,,,,,,,,,,,,,,,,,,,,,,,,,,,
90,Khô Lâu Vương Đao Quang,0,0,0,18,,,,5,,,,,3026,,,250,,,15090,,,,,1000,3,1,,,,,,,,,,,,,,,,,
92,Khô Lâu Vương Xung Kích,1,100,0,8,,,,30,,,,,3026,,,100,,,,,,,,,,1,,,,,,,,,,,,,,,,,
93,Khô Lâu Vương Giảo Sát,0,0,1,34,,,,45,,,,92,,,,0,,,,,,,,,,,,,,,,,,,,,,,,,,,
94,Khô Lâu Vương Giảo Sát_Phụ,0,0,1,34,,,,3,,,,,3026,,,0,,,,,,,,,,,,,,,,,,,,,,,,,,,
95,"Báo động đỏ thường_Bán kính 4,5m",0,0,1,34,,,,38,,,,95,,,,,,,,,,,,,,1,,,,,,,,,,,,,,,,,
96,"Báo động đỏ thường_Chữ nhật 8x4,5m",0,0,0,11,,,,30,,,,96,,,,,,,,,,,,,,1,,,,,,,,,,,,,,,,,
97,Báo động đỏ thường_Hình quạt 90 độ 3m,0,0,0,11,,,,30,,,,97,,,,,,,,,,,,,,1,,,,,,,,,,,,,,,,,
101,Thử Nghiệm-Đánh Bay,0,0,0,8,,,,3,,,,,3024,,,100,,,,,,,,1000,3,,,,,,,,,,,,,,,,,,
102,Thử Nghiệm-Tử Vong Đặc Biệt-Đóng Băng,0,0,0,8,,,,3,,,,,3024,,,100,,,,,,,,1000,3,,,,,,,,,,,,,,,,,,
103,Khô Lâu Vương Xung Kích_Hiệu quả,0,0,0,8,,,15,30,,,,92,,,,100,,,,,,,,,,1,,,,,,,,,,,,,,,,,
106,npc-Cầu sáng thẳng tầm xa_Thổ,1,60,0,3,,,,11,,1,,106,3024,,,,,,,,,,5,,,,,,,,,,,,,,,,,,,,
110,Đao Kích,0,0,0,8,,,,3,,,,,3024,,,100,,,,,,1,,1000,3,1,,,,,,,,,,,,,,,,,
111,Man Hoành Bá Đạo_Sát thương,1,140,0,12,,,,6,,,,,3027,,,110,,,,,,,,,,0,,,,,,,,,,,,,,,,,
112,Man Hoành Bá Đạo_Hiệu quả,0,0,0,6,,,,30,,,,18,,,,0,,,,,,,,,,1,,,,,,,,,,,,,,,,,
113,Thần Lực,0,0,0,20,,,,5,,,,,3027,,,,,,,,,,,1000,3,,,,,,,,,,,,,,,,,,
115,Vạn Tượng Thiên Dẫn,0,0,0,30,,,,3,,1,,,,,,,,,,,,,,,,,,,,,,,,,,,,,,,,,
116,Vạn Tượng Thiên Dẫn_Phụ,0,0,0,30,,,,2,,1,,,3024,,,,,,,,,,,1000,3,,,,,,,,,,,,,,,,,,
117,Kiếm Kích,0,0,0,14,,,,3,,,,,3024,,,150,,,,,,,,1000,3,1,,,,,,,,,,,,,,,,,
118,Xà Hạc Quyền,0,0,0,30,,,,3,,1,,,,,,,,,,,,,,,,,,,,,,,,,,,,,,,,,
119,Cuồng Kiếm Quyết,0,,0,6,,,,4,,,,119,,,,500,,,,,,,,,,1,,,,,,,,,,,,,,,,,
120,Cuồng Kiếm Quyết_Phụ 1,1,100,0,6,,,,5,,,,119,,,,-500,,,,,,,10,,,1,,,,,,,,,,,,,,,,,
121,Cuồng Kiếm Quyết_Phụ 2,0,0,0,28,,,,3,,,,,3024,,,,,,,,,,,,,1,,,,,,,,,,,,,,,,,
122,Kim Xà Kiếm Pháp,0,0,0,14,,,,20,,,,122,,,,250,,,,,,,,,,1,,,,,,,,,,,,,,,,,
123,Kim Xà Kiếm Pháp_Phụ 1,0,0,0,14,,,,20,,,,123,,,,250,,,,,,,,,,1,,,,,,,,,,,,,,,,,
124,Kim Xà Kiếm Pháp_Phụ 2 ,0,0,0,14,,,,20,,,,124,,,,250,,,,,,,,,,1,,,,,,,,,,,,,,,,,
126,Thần Hành Bách Biến_Phụ 1,1,120,0,8,,,,6,,,,126,,,,,,,,,,,,,,1,,,,,,,,,,,,,,,,,
127,Thần Hành Bách Biến_Phụ 2,0,0,0,0,,,,25,,,,6508,,,,,,,,,,,,,,,,,,,,,,,,,,,,,,,
129,Tiễn Thuật,1,100,1,5,,,,10,,,,129,3403,,,,,,,,,,30,,,1,,,,,,,,,,,,,,,,,
130,Tiễn Vô Hư Phát,2,50,1,3,,,,30,,1,,130,4130,,,100,,,,,,,,,,,,,,,,,,,,,,,,,,,
131,Tiễn Vô Hư Phát_Phụ,0,0,1,20,,,,3,,,,,3401,,,100,,,,,,,,1000,3,1,,,,,,,,,,,,,,,,,
132,Liên Hoàn Tiễn,1,100,1,5,,,1,12,,1,,132,3401,,,,,,,,,,,,,,,,,,,,,,,,,,,,,,
133,Thiết Kỵ Đột Tập,1,100,1,4,,,,30,,,,132,3403,,,100,,,,,,,,,,1,,,,,,,,,,,,,,,,,
134,Vạn Tiễn Tề Phát,0,0,1,60,,,,3,,,,,,,,,,,,,,,,,,1,,,,,,,,,,,,,,,,,
135,Vạn Tiễn Tề Phát_Phụ,0,0,1,6,,,6,25,,,,135,3401,,,,1,,,,,,,1000,3,1,,,,,,,,,,,,,,,,,
136,Phần Tinh Lạc Vũ,1,60,0,3,,,,15,,,1,,,,,-100,,,,,,,,,,,,,,,,,,,,,,,,,,,
137,Phần Tinh Lạc Vũ_Phụ 1,1,20,0,3,,,,10,,,1,,,,,,,,,,,,,,,,,,,,,,,,,,,,,,,,
138,Phần Tinh Lạc Vũ_Phụ 2,0,0,0,10,,,,25,,,,138,,,,,,,,,,,,,,,,,,,,,,,,,,,,,,,
139,Phần Tinh Lạc Vũ_Phụ 3,0,0,0,6,,,,150,,1,,139,,,,,,,,,,,,,,,,,,,,,,,,,,,,,,,
140,Thương Pháp,0,0,0,9,,,,6,,,,,3501,,,120,,,,,,,,1000,3,1,,,,,,,,,,,,,,,,,
141,Sa Thải,1,60,1,5,,,,10,,,,401,,,,,,,,,,,30,,,1,,,,,,,,,,,,,,,,,
142,Hoành Tảo Thiên Quân,0,0,0,20,,,,5,,,,,3027,,,,,,,,,,,1000,3,,,,,,,,,,,,,,,,,,
144,Quán Nhật Thương_Phụ,1,120,0,6,,,,6,,,,,3027,,,110,,,,,,,,1000,3,0,,,,,,,,,,,,,,,,,
146,Cắn xé,0,0,0,5,,,,3,,,,,146,,,,,,,,,,,1000,3,,,,,,,,,,,,,,,,,,
147,Tiềm Thổ Đột Thích,0,0,1,10,,,,10,,,,,3401,,,,,,,,,,,1000,3,,,,,,,,,,,,,,,,,,
148,Lang Vương Địa Liệt,1,180,1,5,,,,3,,,,,,,,,,,,,,,30,,,1,,,,,,,,,,,,,,,,,
150,Xé Toạc_Phụ 1,0,0,0,5,,,,2,,1,,,3022,,,,,,,,,,,,,,,,,,,,,,,,,,,,,,
151,Xé Toạc_Phụ 2,0,0,0,0,,,,25,,,,6508,,,,,,,,,,,,,,,,,,,,,,,,,,,,,,,
152,Tiềm Thổ Đột Thích_Hiệu quả,0,0,0,3,,,,30,,,,1827,,,,,,,,,,,,,,1,,,,,,,,,,,,,,,,,
153,Giác Kích,0,0,0,5,,,,10,,,,,342,,,,,,,,,,,,3,,,,,,,,,,,,,,,,,,
154,Xoáy Nước,0,0,1,20,,,15,61,,,1,154,3025,,1,,,,,,,,,,3,,,,,,,,,,,,,,,,,,
156,Hàn Băng Xung Đỉnh_Phụ,0,0,1,16,,,,3,,,,,342,,,50,,,,,,,,,3,1,,,,,,,,,,,,,,,,,
157,Cắn xé,0,0,0,5,,,,10,,,,,146,,,,,,,,,,,,3,,,,,,,,,,,,,,,,,,
160,Vẫy Đuôi,1,60,1,7,,,,20,,,,160,3027,,,80,,,,,,,10,,,1,,,,,,,,,,,,,,,,,
162,Phong Nhẫn Vũ,0,0,1,25,,,,5,,,,,3027,,,,,,,,,,,,3,,,,,,,,,,,,,,,,,,
163,Ảnh Phong Trảm,1,60,1,5,,,,20,,,,163,,,,,,,,,,,,,,1,,,,,,,,,,,,,,,,,
164,Long Quyển Hô Khiếu,1,30,1,5,,,,60,,,,62,,,,80,,,,,,,,,,1,,,,,,,,,,,,,,,,,
165,Thiên Hỏa Liệt Trảo,0,0,0,9,,,,6,,,,,165,,,120,,,,,,,,,3,1,,,,,,,,,,,,,,,,,
166,NPC-Đánh đơn cận chiến 3_Đao Quang Kim,0,0,0,1,,,,3,,,,,166,,,,,,,,,,,,,,,,,,,,,,,,,,,,,,
167,NPC-Đánh đơn cận chiến 3_Đao Quang Thủy,0,0,0,1,,,,3,,,,,167,,,,,,,,,,,,,,,,,,,,,,,,,,,,,,
168,NPC-Đánh đơn cận chiến 3_Đao Quang Hỏa,0,0,0,1,,,,3,,,,,168,,,,,,,,,,,,,,,,,,,,,,,,,,,,,,
169,NPC-Đánh đơn cận chiến 3_Đao Quang Mộc,0,0,0,1,,,,3,,,,,169,,,,,,,,,,,,,,,,,,,,,,,,,,,,,,
170,NPC-Đánh đơn cận chiến 3_Đao Quang Thổ,0,0,0,1,,,,3,,,,,170,,,,,,,,,,,,,,,,,,,,,,,,,,,,,,
171,Lang Vương Địa Liệt_Hiệu quả,0,0,0,6,,,,30,,,,148,,,,250,,,,,,,,,,1,,,,,,,,,,,,,,,,,
172,Ảnh Phong Trảm_Phụ 1,1,60,0,8,,,,20,,,,,,,,,,,,,,,,,,1,,,,,,,,,,,,,,,,,
173,Ảnh Phong Trảm_Phụ 2,0,0,1,5,,,,20,,,,173,,,,,,,,,,,,,,1,,,,,,,,,,,,,,,,,
174,npc-Đánh đơn cận chiến_Địa,0,0,0,1,,,,3,,,,,3024,,,,,,,,,,,,,,,,,,,,,,,,,,,,,,
175,npc-Đánh đơn cận chiến_Thủy,0,0,0,1,,,,3,,,,,3025,,,,,,,,,,,,,,,,,,,,,,,,,,,,,,
176,npc-Đánh đơn cận chiến_Hỏa,0,0,0,1,,,,3,,,,,3026,,,,,,,,,,,,,,,,,,,,,,,,,,,,,,
177,npc-Đánh đơn cận chiến_Phong,0,0,0,1,,,,3,,,,,3027,,,,,,,,,,,,,,,,,,,,,,,,,,,,,,
178,Quần Thể Đao Trọng Kích,0,0,1,10,,,,20,,,,178,,,,0,,,,,,,,,,,,,,,,,,,,,,,,,,,
179,Quần Thể Đao Trọng Kích_Phụ,0,0,1,10,,,,3,,,,,,,,0,,,,,,,,,,,,,,,,,,,,,,,,,,,
180,Quần Thể Trọng Kích,0,0,1,10,,,,3,,,,,180,,,,,,,,,,,,,,,,,,,,,,,,,,,,,,
181,Tự Nổ,0,0,1,8,,,,3,,,,,,,,,,,,,,,,,,,,,,,,,,,,,,,,,,,
182,Cung Tên,1,120,0,3,,,,9,,,,182,3401,,,,,,,,,,10,,,1,,,,,,,,,,,,,,,,,
183,Phần Tinh Lạc Vũ_Phụ 4,0,0,0,10,,,,25,,,,4139,,,,,,,,,,,,,,,,,,,,,,,,,,,,,,,
184,Phần Tinh Lạc Vũ_Phụ 5,0,0,0,10,,,,3,,,,,,,,,,,,,,,,,,,,,,,,,,,,,,,,,,,
185,Liệt Diệm Bôn Tập_Tụ Lực,0,0,0,10,,,,3,,,,,,,,,,,,,,,,,,,,,,,,,,,,,,,,,,,
187,Liệt Diệm Bôn Tập_Sát thương,1,140,0,12,,,,6,,,,,3026,,,110,,,,,,,,,,0,,,,,,,,,,,,,,,,,
188,Liệt Diệm Bôn Tập_Hiệu quả,0,0,0,6,,,,20,,,,52,,,,0,,,,,,,,,,1,,,,,,,,,,,,,,,,,
196,Giao Thoa Đao Quang_Kim,1,70,0,5,,,,14,,,,196,166,,,,,,,,,,,,,1,,,,,,,,,,,,,,,,,
201,Thiên Vương Chùy Pháp,0,0,0,13,,,,3,,,,,3024,,,126,,,6201,,,,,1000,3,1,,,,,,,,,,,,,,,,,
202,Thiên Vương Chùy Pháp 2,0,0,0,13,,,,3,,,,,3024,,,126,,,6201,,,,,1000,3,1,,,,,,,,,,,,,,,,,
203,Thiên Vương Chùy Pháp 3,0,0,0,13,,,,3,,,,,3024,,,126,,,6201,,,,,1000,3,1,,,,,,,,,,,,,,,,,
204,Thiên Vương Chùy Pháp 4,0,0,0,13,,,,3,,,,,3024,,,126,,,6201,,,,,1000,3,1,,,,,,,,,,,,,,,,,
207,Nhất Kích Sát Thần_Phụ,0,0,0,14,,,,3,,,,,3024,,,,,,,,,,,1000,3,1,,,,,,,,,,,,,,,,,
208,Bá Vương Nộ Hống,0,0,1,26,,,,3,,,,,3024,,,,,,,,,,,1000,3,1,,,,,,,,,,,,,,,,,
211,Huyết Chiến Bát Phương_Phụ 1,3,200,1,20,,,,3,,,,,3024,,,,,,,,,,,1000,3,1,,,,,,,,,,,,,,,,,
214,Nhật Nguyệt Sơn Hà Toái,0,0,0,32,,,,70,,,,,3024,,,,,,,,,,,,,1,,,,,,1,,,,,,,,,,,
215,Nhật Nguyệt Sơn Hà Toái_Phụ,0,0,0,64,,,,50,,1,,,3024,,,,,,,,,,,1000,3,1,,,,,,,,,,,,,,,,,
247,Khí Cái Bát Hoang_Phụ.Sát thương,0,0,1,15,,,,3,12,,,208,3024,,,,,,,,,,,1000,3,1,,,,,,,,,,,,,,,,,
261,Thiếu Lâm Côn Pháp,0,0,0,13,,,,3,,,,,3261,,,126,,,5805,,,,,1000,3,1,,,,,,,,,,,,,,,,,
262,Thiếu Lâm Côn Pháp 2,0,0,0,13,,,,3,,,,,3261,,,126,,,5805,,,,,1000,3,1,,,,,,,,,,,,,,,,,
263,Thiếu Lâm Côn Pháp 3,0,0,1,26,,,,3,,,,,3263,,,,,,5805,,,,,1000,3,1,,,,,,,,,,,,,,,,,
264,Thiếu Lâm Côn Pháp 4,0,0,1,26,,,,3,,,,,3263,,,,,,5805,,,,,1000,3,1,,,,,,,,,,,,,,,,,
266,Hàng Long Côn,1,750,0,13,,,,2,,,,,3024,1,,,,,,,,,,1000,3,1,,,,,,,,,,,,,,,,,
268,Đại Lực Kim Cang Chỉ,1,750,0,13,,,,2,,,,,3268,,,,,,,,,,,1000,3,1,,,,,,,,,,,,,,,,,
267,Thập Nhị Cầm Long Thủ,0,0,1,30,,,,3,,,,,3024,,,,,,,,,,,1000,3,1,,,,,,,,,,,,,,,,,
274,La Hán Trận_Phụ,0,0,1,32,,,,3,12,,,275,3024,,,,,,5810,,,,,1000,3,1,,,,,,,,,,,,,,,,,
283,Nhật Nguyệt Sơn Hà Toái,0,0,0,32,,,,70,,,,,3024,,,,,,,,,,,,,1,,,,,,1,,,,,,,,,,,
284,Nhật Nguyệt Sơn Hà Toái_Phụ,0,0,0,64,,,,50,,1,,,3024,,,,,,,,,,,1000,3,1,,,,,,,,,,,,,,,,,
286,Hàng Long Côn-Hiệu Ứng 1,0,0,0,5,,,,30,,,,286,,,,50,,,,,,,,,,1,,,,,,1,,,,,,,,,,,
287,Hàng Long Côn-Hiệu Ứng 2,0,0,0,5,,,,30,,,,287,,,,250,,,,,,,,,,1,,,,,,1,,,,,,,,,,,
288,Hàng Long Côn-Hiệu Ứng 3,0,0,0,5,,,,30,,,,288,,,,500,,,,,,,,,,1,,,,,,1,,,,,,,,,,,
290,Kim Cang Nộ Mục_Hiệu ứng,0,0,1,20,,,,30,,,,281,,,,,,,,,,,,,,1,,,,,,,,,,,,,,,,,
297,Bí kíp Thập Nhị Cầm Long Thủ_Phụ,0,0,1,26,,,,3,,,,,3024,,,,,,,,,,,,,1,,,,,,,,,,,,,,,,,
299,La Hán Kim Thân_Phụ,2,200,1,5,,,,2,,1,,,,,,,,,,,,,,,,,,,,,,,,,,,,,,,,,
301,Nga Mi Kiếm Pháp,1,120,0,10,,,,10,,,,3301,341,,,,,,5305,,,,10,1000,3,1,,,,,,,,,,,,,,,,,
302,Nga Mi Kiếm Pháp 2,1,120,0,10,,,,10,,,,3302,341,,,,,,5305,,,,10,1000,3,1,,,,,,,,,,,,,,,,,
303,Nga Mi Kiếm Pháp 3,1,120,0,10,,,,10,,,,3303,342,,,,,,5305,,,,10,1000,3,1,,,,,,,,,,,,,,,,,
304,Nga Mi Kiếm Pháp 4,1,120,0,10,,,,10,,,,3304,342,,,,,,5305,,,,10,1000,3,1,,,,,,,,,,,,,,,,,
305,Nga Mi Kiếm Pháp 4_Phụ,1,120,0,10,,,,10,,,,3304,,,,,,,,,,,10,,,1,,,,,,,,,,,,,,,,,
306,Từ Hàng Phổ Độ,2,250,1,8,,,,75,45,,,306,,,,,,,,,,,,,,1,,,,,,,,,,,,,,,,,1
307,Từ Hàng Phổ Độ_Hiệu quả,0,0,1,8,,,,3,,1,,,,,,,,,,,,,,,,1,,,,,,,,,,,,,,,,,1
308,Bạch Lộ Ngưng Sương,2,60,1,5,,,,30,,,1,308,3308,,,150,,,5309,,,,,1000,3,1,,,,,,,,,,,,,,,,,
310,Giang Hải Ngưng Ba,1,90,1,14,,,,10,,,,310,,,,280,,,,,,,,,,1,,,,,,1,,,,,,,,,,,
311,Giang Hải Ngưng Ba_Phụ,1,90,1,14,,,,10,,,,,3025,,,80,,,5311,,,,,1000,3,1,,,,,,,,,,,,,,,,,
312,Thiên Vũ Bảo Luân,0,0,1,26,,,,3,,,,,3313,,,,,,5313,,,,,1000,3,1,,,,,,,,,,,,,,,,,
313,Thiên Vũ Bảo Luân _Hồi Sinh Lực,0,0,1,26,,,15,90,,,1,313,3312,,,,,,,,,,,,,1,,,,,6312,,,,,,,,,,,,
319,Miên Lý Tàng Châm_Phụ 2,0,0,1,20,,,,3,,,,,3025,,,,,,,,,,,,,1,,,,,,,,,,,,,,,,,
321,Huyền Băng Vô Tức_Phụ,0,0,1,12,,,,3,,,,,3025,,,,,,,,,,,,,1,,,,,,,,,,,,,,,,,
322,Huyền Băng Vô Tức_Hiệu ứng,0,0,1,12,,,,15,,,,1837,,,,,,,,,,,,,,1,,,,,,,,,,,,,,,,,
324,Tiến Cấp Kiếm Pháp_Sát thương,1,120,0,10,,,,5,,,,,342,,,,,,5305,,,,10,1000,3,1,,,,,,,,,,,,,,,,,
326,Sơ-Thiên Vũ Bảo Luân_Phụ 2-Kích hoạt khống chế ngẫu nhiên,0,0,0,1,,,,2,,,,,,,,,,,,,,,,,,,,,,,,,,,,,,,,,,,
327,Sơ-Thiên Vũ Bảo Luân_Suy Yếu,0,0,0,1,,,,2,,,,,,,,,,,,,,,,,,,,,,,,,,,,,,,,,,,
328,Sơ-Thiên Vũ Bảo Luân_Hỗn Loạn,0,0,0,1,,,,2,,,,,,,,,,,,,,,,,,,,,,,,,,,,,,,,,,,
329,Sơ-Thiên Vũ Bảo Luân_Câm Lặng,0,0,0,1,,,,2,,,,,,,,,,,,,,,,,,,,,,,,,,,,,,,,,,,
330,Sơ-Thiên Vũ Bảo Luân_Trì Hoãn,0,0,0,1,,,,2,,,,,,,,,,,,,,,,,,,,,,,,,,,,,,,,,,,
331,Sơ-Thiên Vũ Bảo Luân_Đóng Băng,0,0,0,1,,,,2,,,,,,,,,,,,,,,,,,,,,,,,,,,,,,,,,,,
332,Thiên Vũ Bảo Luân_Đạn Bao Vây,0,0,1,26,,,,31,,,,,,,,,,,,,,,,,,,,,,,,,,,,,,,,,,,
341,Phật Tâm Từ Hựu,0,0,0,64,,,,2,,,,,,,,,,,,,,,,,,,,,,,,,,,,,,,,,,,
342,Phật Tâm Từ Hựu_Đồng đội,0,0,0,64,,,,2,,,,,,,,,,,,,,,,,,,,,,,,,,,,,,,,,,,
345,Hủy bỏ,0,0,0,64,,,,2,,,,,,,,,,,,,,,,,,,,,,,,,,,,,,,,,,,
346,Băng Phách Hồng Liên Kiếp,0,0,0,64,,,,15,,,,,3025,1,,,,,,,,,,1000,3,,,,,,,,,,,,,,,,,,
348,Băng Phách Hồng Liên Kiếp_Hiệu Quả 1,0,0,0,6,,,,15,,,,349,,,,150,,,,,,,,,,1,,,,,,1,,,,,,,,,,,
349,Băng Phách Hồng Liên Kiếp_Hiệu Quả 2,0,0,0,6,,,,15,,,,348,,,,270,,,,,,,,,,1,,,,,,1,,,,,,,,,,,
350,Băng Phách Hồng Liên Kiếp_Hiệu Quả 3,0,0,0,6,,,,15,,,,348,,,,390,,,,,,,,,,1,,,,,,1,,,,,,,,,,,
351,Băng Phách Hồng Liên Kiếp_Hiệu Quả 4,0,0,0,6,,,,15,,,,347,,,,510,,,,,,,,,,1,,,,,,1,,,,,,,,,,,
352,Băng Phách HồngLiên Kiếp_Hiệu Quả 5,0,0,0,6,,,,15,,,,346,,,,630,,,,,,,,,,1,,,,,,1,,,,,,,,,,,
353,Băng Phách Hồng Liên Kiếp_Hiệu Quả 6,0,0,0,6,,,,15,,,,346,,,,750,,,,,,,,,,1,,,,,,1,,,,,,,,,,,
354,Băng Phách Hồng Liên Kiếp_Hiệu Quả 7,0,0,0,6,,,,20,,,,346,,,,750,,,,,,,,,,1,,,,,,1,,,,,,,,,,,
355,Băng Phách Hồng Liên Kiếp_Hiệu Quả 8,0,0,0,6,,,,20,,,,346,,,,850,,,,,,,,,,1,,,,,,1,,,,,,,,,,,
364,Miên Lý Tàng Châm_Hiệu ứng,0,0,1,20,,,,30,,,,364,,,,,,,,,,,,1000,3,1,,,,,,,,,,,,,,,,,
401,Đào Hoa Tiễn Thuật 1,1,150,0,10,,,,6,,,,401,3401,,,,,,5405,,,,30,1000,3,1,,,,,,,,,,,,,,,,,
402,Đào Hoa Tiễn Thuật 2,1,150,0,10,,,,6,,,,402,3402,,,,,,5405,,,,30,1000,3,1,,,,,,,,,,,,,,,,,
403,Đào Hoa Tiễn Thuật 3,1,150,0,10,,,,6,,,,402,3402,,,,,,5405,,,,30,1000,3,1,,,,,,,,,,,,,,,,,
404,Đào Hoa Tiễn Thuật 4,1,150,0,10,,,,6,,,,403,3403,,,,,,5405,,,,30,1000,3,1,,,,,,,,,,,,,,,,,
407,Phi Hỏa Lưu Tinh,1,750,0,20,,,,2,,,,,3407,,,,,,5408,,,,,1000,3,1,,,,,,,,,,,,,,,,,
408,Phi Hỏa Lưu Tinh_Biểu hiện,1,60,0,6,,,,13,,,,407,,,,200,,,,,,,60,,,1,,,,,,1,,,,,,,,,,,
410,Cửu Diệu Liên Châu,0,,1,15,,,,3,23,,,410,3026,,,,,,,,,,,,,,,,,,,,,,,,,,,,,,
411,Cửu Diệu Liên Châu_Phụ,0,0,1,15,,,3,16,,,1,,3026,,,,,,5411,,,,,1000,3,,,,,,,,,,,,,,,,,,
412,Xuyên Vân Phá Nguyệt,1,200,0,15,,,,6,,,,,3412,,,,,,5413,,,1,,1000,3,1,,,,,,,,,,,,,,,,,
435,Xuyên Vân Phá Nguyệt_Biểu hiện 1-Cũ,0,0,0,15,,,,11,,,,435,,,,,,,,,,1,,,,1,,,,,,1,,,,,,,,,,,
436,Xuyên Vân Phá Nguyệt_Biểu hiện 1-Mũi tên nhỏ,1,200,0,15,,,,6,,,,436,,,,-100,,,,,,1,,,,1,,,,,,1,,,,,,,,,,,
437,Xuyên Vân Phá Nguyệt_Hiệu quả phụ 2-Cũ,0,0,0,15,,,,11,,,,437,,,,,,,,,,1,,,,1,,,,,,1,,,,,,,,,,,
438,Xuyên Vân Phá Nguyệt_Biểu hiện 2-Mũi tên lớn. Kích hoạt giảm chờ,1,200,0,15,,,,6,,,,412,,,,,,,,,,1,,,,1,,,,,,,,,,,,,,,,,
440,Xuyên Vân Phá Nguyệt_Biểu hiện 3-Mũi tên lớn-Kéo đuôi,1,200,0,15,,,,15,,,,440,,,,,,,,,,1,,,,1,,,,,,1,,,,,,,,,,,
418,Sơ-Phi Hỏa Lưu Tinh_Phụ_Giải trừ và Thiêu Đốt,0,0,1,2,,,,2,,1,,,,,,,,,,,,,,,,,,,,,,,,,,,,,,,,,
421,Bách Bộ Xuyên Dương_Sát thương,1,150,0,10,,,,6,,,,,3403,,,,,,5405,,,,30,1000,3,1,,,,,,,,,,,,,,,,,
422,Bách Bộ Xuyên Dương_Hiệu ứng đạn 3,1,150,0,10,,,,6,,,,403,,,,,,,,,,,30,,,1,,,,,,,,,,,,,,,,,
427,Lạc Hoa Phần Tinh Diệm,1,60,0,3,,,,11,,,1,,,,,-100,,,,,,,,,,1,,,,,,1,,,,,,,,,,,
428,Lạc Hoa Phần Tinh Diệm_Phụ 1,1,20,0,3,,,,10,,,1,,,,,,,,,,,,,,,1,,,,,,1,,,,,,,,,,,
429,Lạc Hoa Phần Tinh Diệm_Lạc Tiễn,0,0,0,10,,,,6,,,,428,,,,,,,,,,,,,,1,,,,,,1,,,,,,,,,,,
430,Lạc Hoa Phần Tinh Diệm_Sát thương,0,0,0,64,,,5,31,,,1,,3026,,,,,,,,,,,,,1,,,,,,,,,,,,,,,,,
431,Lạc Hoa Phần Tinh Diệm_Địa Liệt,0,0,0,10,,,,23,,,1,3428,,,,,,,,,,,,,,1,,,,,,1,,,,,,,,,,,
444,"Nghịch Chuyển Cửu Âm_Phụ. Đẩy Lùi, giảm tấn công",0,0,1,29,,,,3,27,,,444,3026,,,,,,,,,,,1000,3,1,,,,,,,,,,,,,,,,,
463,Nguyệt Lạc Tinh Trầm,2,150,1,3,,,,30,,,,412,3401,,,,,,,,,,,1000,3,1,,,,,,,,,,,,,,,,1,
465,Phi Hỏa Lưu Tinh_Đẩy Lùi,1,500,0,20,,,,2,,,,,,,,,,,,,,,,1000,3,1,,,,,,,,,,,,,,,,,
501,Tiêu Dao Thương Pháp 1,0,0,0,13,,,,6,,,,,3501,,,126,,,5505,,,,,1000,3,1,,,,,,,,,,,,,,,,,
502,Tiêu Dao Thương Pháp 2,0,0,0,13,,,,6,,,,,3502,,,126,,,5505,,,,,1000,3,1,,,,,,,,,,,,,,,,,
503,Tiêu Dao Thương Pháp 3,0,0,0,13,,,,6,,,,,3503,,,126,,,5505,,,,,1000,3,1,,,,,,,,,,,,,,,,,
504,Tiêu Dao Thương Pháp 4,0,0,0,13,,,,6,,,,,3504,,,126,,,5505,,,,,1000,3,1,,,,,,,,,,,,,,,,,
506,Đẩu Chuyển Tinh Di,0,0,0,5,,,,12,,,,,506,,,,,,,,,1,,1000,3,1,,,,,,,,,,,,,,,,,
508,Thất Thám Xà Bàn_Phụ 1,0,0,0,5,,,,2,,1,,,,,,,,,,,,,,1000,3,1,,,,,,,,,,,,,,,,,
528,Thất Thám Xà Bàn_Phụ 2,0,0,0,0,,,,25,,,,507,,,,,,,,,,,,,,1,,,,,,1,,,,,,,,,,,
529,Thất Thám Xà Bàn_Phụ 3,0,0,0,0,,,,25,,,,6508,,,,,,,,,,,,,,1,,,,,,1,,,,,,,,,,,
511,Bạch Hồng Quán Nhật_Phụ 1,1,200,0,12,,,,5,,,,,3027,,,110,,,,,,,,1000,3,,,,,,,,,,,,,,,,,,
513,Phong Quyển Tàn Vân,0,0,1,32,,,,5,,,,,3027,,,,,,,,,,,1000,3,1,,,,,,,,,,,,,,,,,
518,Thất Thám Xà Bàn_Phụ,0,0,0,3,,,,10,,,,,17030,,,,,,,,,,,,,1,,,,,,,,,,,,,,,,,
520,Sơ-Phong Quyển Tàn Vân_Phụ 1_Tăng thêm Tàn Phế,0,0,0,5,,,,10,,,,,,,,,,,,,,,,,,,,,,,,,,,,,,,,,,,
526,Đẩu Chuyển Tinh Di_Phụ,0,0,0,5,,,,12,,,,,,,,,,,,,,1,,,,1,,,,,,,,,,,,,,,,,
527,Hoàn Vũ Tiêu Dao Du,0,0,0,64,,,,5,,,,,3027,,,,,,,,,,,1000,3,1,,,,,,,,,,,,,,,,,
535,Hoàn Vũ Tiêu Dao Du_Sát thương,0,0,0,64,,,,5,,,,,3027,,,,,,,,,,,1000,3,1,,,,,,,,,,,,,,,,,
534,Tiêu Dao Thương Pháp 3-Đẩy Lùi,0,0,0,10,,,,6,,,,,3503,,,130,,,,,,,,1000,3,1,,,,,,,,,,,,,,,,,
565,Tuyệt-Tam Nguyên Quy Nhất_Tăng kháng tính số người,0,0,0,55,,,,5,,,,,,,,,,,,,,,,,,1,,,,,,,,,,,,,,,,,
569,Tuyệt-Sinh Tử Phù_Tăng hồi sinh lực số người,0,0,0,55,,,,5,,,,,,,,,,,,,,,,,,1,,,,,,,,,,,,,,,,,
601,Võ Đang Kiếm Pháp,0,0,0,13,,,,6,,,,,3601,,,126,,,5605,,,,,1000,3,1,,,,,,,,,,,,,,,,,
602,Võ Đang Kiếm Pháp 2,0,0,0,13,,,,6,,,,,3602,,,126,,,5605,,,,,1000,3,1,,,,,,,,,,,,,,,,,
603,Võ Đang Kiếm Pháp 3,0,0,0,13,,,,6,,,,,3603,,,126,,,5605,,,,,1000,3,1,,,,,,,,,,,,,,,,,
604,Võ Đang Kiếm Pháp 4,0,0,0,13,,,,6,,,,,3604,,,126,,,5605,,,,,1000,3,1,,,,,,,,,,,,,,,,,
605,Tọa Vọng Vô Ngã_Sát thương phá khiên  ,0,0,1,30,,,,5,30,,,615,3615,,,,,,,,,,,1000,3,1,,,,,,,,,,,,,,,,,
609,Vô Ngã Vô Kiếm,3,0,1,60,,,15,225,,,1,,,,,,,,,,,,,,,1,,,,,,,,,,,,,,,,,
637,Vô Ngã Vô Kiếm_Kích hoạt hiệu quả,0,0,1,60,,,,15,13,,,,,,,,,,,,,,,,,1,,,,,,,,,,,,,,,,,
638,Vô Ngã Vô Kiếm_Sát thương,2,200,1,6,,,,15,13,,,26709,3604,,,,1,,5636,,,,,,,1,,,,,,,,,,,,,,,,,
612,Nhân Kiếm Hợp Nhất-Sát thương,0,0,0,12,,,,3,,,,,3603,,,,,,,,,,,1000,3,1,,,,,,,,,,,,,,,,,
615,Thiên Địa Vô Cực,0,0,1,25,,,,5,10,,,616,3615,,,,,,,,,,,1000,3,1,,,,,,,,,,,,,,,,,
631,Vạn Kiếm Phong Thiên Quyết,1,60,0,3,,,,11,,,1,,,,,-100,,,,,,,,,,1,,,,,,,,,,,,,,,,,
632,Vạn Kiếm Phong Thiên Quyết_Phụ 1,1,20,0,3,,,,10,,,1,,,,,,,,,,,,,,,1,,,,,,,,,,,,,,,,,
633,Vạn Kiếm Phong Thiên Quyết_Lạc Kiếm,0,0,0,10,,,,15,,,,633,,,,,,,,,,,,,,1,,,,,,,,,,,,,,,,,
634,Vạn Kiếm Phong Thiên Quyết_Sát thương,0,0,0,64,,,9,19,,,1,,3603,,,,,,,,,,,1000,3,1,,,,,,,,,,,,,,,,,
635,Vạn Kiếm Phong Thiên Quyết_Địa Liệt,0,0,0,10,,,,23,,,1,635,,,,,,,,,,,,,,1,,,,,,,,,,,,,,,,,
639,Tọa Vọng Vô Ngã_Sát thương,0,0,1,25,,,,5,,,,,,,,,,,,,,,,1000,3,1,,,,,,,,,,,,,,,,,
645,Chân Võ Thất Tiệt,0,0,0,64,,,,2,,,,,,,,,,,,,,,,,,,,,,,,,,,,,,,,,,,
646,Chân Võ Thất Tiệt_Đồng đội,0,0,0,64,,,,2,,,,,,,,,,,,,,,,,,,,,,,,,,,,,,,,,,,
666,Thất Tinh Quyết-Bùa Chú phạm vi bản thân,0,0,1,25,,,,5,,,,,,,,,,,,,,,,1000,3,1,,,,,,,,,,,,,,,,,
701,Thiên Nhẫn Thích Sát Thuật,0,0,0,13,,,,3,,,,,3701,,,126,,,5705,,,,,1000,3,1,,,,,,,,,,,,,,,,,
702,Thiên Nhẫn Thích Sát Thuật 2,0,0,0,13,,,,3,,,,,3701,,,126,,,5705,,,,,1000,3,1,,,,,,,,,,,,,,,,,
703,Thiên Nhẫn Thích Sát Thuật 3,0,0,0,13,,,,3,,,,,3703,,,126,,,5705,,,,,1000,3,1,,,,,,,,,,,,,,,,,
704,Thiên Nhẫn Thích Sát Thuật 4,0,0,0,13,,,,3,,,,,3703,,,126,,,5705,,,,,1000,3,1,,,,,,,,,,,,,,,,,
705,Ma Diệm Tại Thiên,3,0,1,25,,,7,225,,,1,,,,,,,,,,,,,,,1,,,,,,,,,,,,,,,,,
707,Ma Diệm Tại Thiên_Phụ 2,2,50,0,10,,,1,15,,1,,707,3707,,,,,,,5708,,,,1000,3,1,,,,,,,,,,,,,,,,,
708,Tử Vong Hồi Toàn,2,135,1,12,,,,16,,1,,,3701,,,100,,,,,,,1,1000,3,1,,3710,,,,,,,,,,,,,,,
709,Tử Vong Hồi Toàn_Phụ 1,2,135,1,1,,,,16,,1,,708,,,,150,,,,,,,1,,,1,,,,,,1,,,,,,,,,,,
714,Huyết Nguyệt Ảnh_Đánh Thường 1,0,0,0,13,,,,3,,,,,3701,,,126,,,5705,,,,,1000,3,1,,,,,,,,,,,,,,,,,
715,Huyết Nguyệt Ảnh_Đánh Thường 2,0,0,0,13,,,,3,,,,,3701,,,126,,,5705,,,,,1000,3,1,,,,,,,,,,,,,,,,,
716,Huyết Nguyệt Ảnh_Đánh Thường 3,0,0,0,13,,,,3,,,,,3703,,,126,,,5705,,,,,1000,3,1,,,,,,,,,,,,,,,,,
717,Huyết Nguyệt Ảnh_Đánh Thường 4,0,0,0,13,,,,3,,,,,3703,,,126,,,5705,,,,,1000,3,1,,,,,,,,,,,,,,,,,
722,Nhiếp Hồn Loạn Tâm,2,250,1,20,,,,74,,,,722,,,,,,,,,,,,,,1,,,,,,,,,,,,,,,,,
723,Nhiếp Hồn Loạn Tâm_Phụ 1,0,0,1,20,,,,5,,,,,3026,,1,,,,,,,,,1000,3,1,,,,,,,,,,,,,,,,,
738,Nhiếp Hồn Loạn Tâm_Phụ 2,2,250,1,20,,,,10,,,,3722,,,,,,,,,,,,,,1,,,,,,,,,,,,,,,,,
740,Thiên Ma Ảnh Ảo Sát_Sát thương,0,0,0,64,,,,3,,,,,3740,,,,,,,,,,,1000,3,1,,,,,,,,,,,,,,,,,
771,Phi Hồng Vô Tích_Phụ,0,0,1,5,,,,3,,1,,,,,,,,,,,,,,,,,,,,,,,,,,,,,,,,,
801,Thúy Yên Ngự Tản Quyết,1,120,0,10,,,,6,,,,3801,6801,,,,,,5905,,,,10,1000,3,1,,,,,,,,,,,,,,,,,
802,Thúy Yên Ngự Tản Quyết 2,1,120,0,10,,,,6,,,,3802,6801,,,,,,5905,,,,10,1000,3,1,,,,,,,,,,,,,,,,,
803,Thúy Yên Ngự Tản Quyết 3,1,120,0,10,,,,6,,,,3803,6803,,,,,,5905,,,,10,1000,3,1,,,,,,,,,,,,,,,,,
804,Thúy Yên Ngự Tản Quyết 4,1,120,0,10,,,,6,,,,3804,6803,,,,,,5905,,,,10,1000,3,1,,,,,,,,,,,,,,,,,
805,Tuyền Cơ La Vũ_Phụ 1_Phụ. Tấn công đường thẳng,1,120,0,7,,,,6,,,,3805,6803,,,,,,5905,,,,10,1000,3,1,,,,,,,,,,,,,,,,,
806,Tuyền Cơ La Vũ,1,100,1,9,,,1,7,,,1,806,342,,,100,,,,,,,,1000,3,1,,,,,,,,,,,,,,,,,
807,Tuyền Cơ La Vũ_Phụ 1. Duy trì dohitskill,0,0,1,72,,,10,121,,,1,807,,,,,,,,,,,,,,1,,,,,6807,,,,,,,,,,,,
808,Vũ Đả Lê Hoa,2,250,1,5,,,76,75,,,,808,,,,,,,,,,,,,,1,,,,,1454,,,,,,,,,,,,
809,Vũ Đả Lê Hoa_Hiệu ứng,2,250,1,5,,,72,71,,,,814,,,,,,,,,,,,,,1,,,,,,,,,,,,,,,,,
813,Băng Tung Vô Ảnh_Phụ-Đóng Băng,0,0,1,15,,,,3,,,,,,,,,,,5911,,,,,1000,3,1,,,,,,,,,,,,,,,,,
814,Vũ Đả Lê Hoa_Hiệu ứng 3_Bỏ,0,0,1,18,,,,70,,,,,,,,,,,,,,,,,,1,,,,,1454,,,,,,,,,,,,
816,Băng Tung Vô Ảnh-Truy đuổi,2,60,1,5,,,,30,,1,,816,817,,,,,,5911,,,,,1000,3,1,,,,,,,,,,,,,,,,,
817,Băng Tung Vô Ảnh_Phụ-Sát thương,0,0,1,15,,,,3,,,,,,,,,,,,,,,,,,,,,,,,,,,,,,,,,,,
818,Tuyết Ảnh,0,0,0,64,,,,2,,,,,,,,,,,,,,,,,,,,,,,,,,,,,,,,,,,
819,Tuyết Ảnh_Đồng đội,0,0,0,64,,,,2,,,,,,,,,,,,,,,,,,,,,,,,,,,,,,,,,,,
826,Băng Cơ Ngọc Cốt_Phụ 2,0,0,1,20,,,,3,,,,,3025,,,,,,,,,,,,,1,,,,,,,,,,,,,,,,,
828,Tuyền Cơ La Vũ_Phụ 2. Đẩy Lùi_Bỏ,1,100,1,9,,,1,6,,,1,,342,,,,,,,,,,,1000,3,1,,,,,,,,,,,,,,,,,
829,Sát thương Vũ Đả Lê Hoa,0,0,1,18,,,,3,,,,,342,,,,,,,,,,,1000,3,1,,,,,,,,,,,,,,,,,
830,Sát thương Vũ Đả Lê Hoa 2_Bỏ,0,0,1,18,,,,3,,,,,342,,,,,,,,,,,1000,3,1,,,,,,,,,,,,,,,,,
831,Sát thương Vũ Đả Lê Hoa 3_Bỏ,0,0,1,18,,,,3,,,,,342,,,,,,,,,,,1000,3,1,,,,,,,,,,,,,,,,,
832,Gấu Trúc-Trảo,0,0,0,1,,,,3,,,,,1899,,,,,,,,,,,,,,,,,,,,,,,,,,,,,,
834,Hùng Miêu Xung Đỉnh_Phụ,0,0,1,12,,,,3,,,,,3834,,,50,,,,,,,,,3,1,,,,,,,,,,,,,,,,,
837,Thúy Yên Nộ Khí,0,0,0,64,,,,3,,,,,6801,,,,,,,,,,,,,1,,,,,,,,,,,,,,,,,
839,Băng Cơ Ngọc Cốt_Phụ 3,0,0,1,20,,,,30,,,,839,,,,,,,,,,,,,,1,,,,,,,,,,,,,,,,,
844,Bảo Bảo-Móng Vuốt-Vũ Khí Thức Tỉnh,0,0,0,1,,,,3,,,,,1899,,,,,,,,,,,,,,,,,,,,,,,,,,,,,,
846,Bảo Bảo-Xung Đỉnh_Phụ-Vũ Khí Thức Tỉnh,0,0,1,12,,,,3,,,,,3835,,,50,,,,,,,,,3,1,,,,,,,,,,,,,,,,,
869,Trung-Băng Tung Vô Ảnh_Đóng băng kết thúc sát thương,0,0,1,15,,,,3,22,,,364,,,,,,,5911,,,,,1000,3,1,,,,,,,,,,,,,,,,,
870,Sơ-Băng Tung Vô Ảnh_Hiệu ứng biến lớn,0,0,1,15,,,,25,,,,870,,,,,,,,,,,,,,,,,,,,,,,,,,,,,,,
879,Cao-Triệu hồi Bảo Bảo_Vòng Giảm Công Thường-Phạm vi đạn,0,0,1,25,,,,3,,,,,,,,,,,,,,,,,,1,,,,,,,,,,,,,,,,,
901,Huy Khảm Thuật,0,0,0,1,,,,3,,,,,166,,,,,,,,,,,,,,,,,,,,,,,,,,,,,,
902,Băng Chùy Thuật,1,70,0,5,,,,30,,1,,2560,3025,,,50,,,,,,,,,,,,,,,,,,,,,,,,,,,
903,Phi Tiêu Thuật,1,70,0,3,,,,8,,1,,1394,3027,,,,,,,,,,,,,,,,,,,,,,,,,,,,,,
904,Hỏa Cầu Thuật,1,70,0,5,,,,10,,1,,1835,3412,,,,,,,,,,,,,,,,,,,,,,,,,,,,,,
905,Lôi Quang Thuật,1,70,0,3,,,,16,,1,,106,3024,,,,,,,,,,,,,,,,,,,,,,,,,,,,,,
906,Phá Thiên Trảm ,0,0,0,1,,,,3,,,,,166,,,,,,,,,,,,,,,,,,,,,,,,,,,,,,
907,Băng Phong Chỉ,1,70,0,5,,,,30,,1,,2560,3025,,,50,,,,,,,,,,,,,,,,,,,,,,,,,,,
908,Tụ Lý Tiễn,1,70,0,3,,,,8,,1,,1394,3027,,,,,,,,,,,,,,,,,,,,,,,,,,,,,,
909,Liệt Diệm Chỉ,1,70,0,5,,,,10,,1,,1835,3412,,,,,,,,,,,,,,,,,,,,,,,,,,,,,,
910,Nộ Lôi Chỉ ,1,70,0,3,,,,16,,1,,106,3024,,,,,,,,,,,,,,,,,,,,,,,,,,,,,,
911,Bán Nguyệt Trảm,0,0,0,15,,,,3,,,,,4305,,,120,,,,,,,,,,1,,,,,,,,,,,,,,,,,
912,Kinh Đào Hãi Lãng,1,30,1,14,,,,30,,,,310,,,,180,,,,,,,,,,,,,,,,1,,,,,,,,,,,
913,Kinh Đào Hãi Lãng_Phụ,1,30,1,14,,,,30,,,,,3025,,,80,,,5311,,,,,1000,3,,,,,,,,,,,,,,,,,,
914,Xuyên Tâm Thích,0,0,0,14,,,,3,,,,,3024,,,,,,,,,,,,,1,,,,,,,,,,,,,,,,,
915,Xuyên Tâm Thích_Hiệu quả,0,0,0,14,,,,20,,,,1827,,,,,,,,,,,,,,1,,,,,,,,,,,,,,,,,
916,Thôi Sơn Điền Hải,0,0,0,6,,,8,81,,,1,52,,,,,1,,,,,,,,,,,,,,,,,,,,,,,,,,
917,Cửu Thiên Cuồng Lôi,2,100,1,6,,,,25,,,,,1314,,,,,,,,,,,,,,,,,,,,,,,,,,,,,,
918,Cửu Thiên Cuồng Lôi_Sát Thương,0,0,1,6,,,,3,,,,,,,,,,,,,,,,,,,,,,,,,,,,,,,,,,,
919,Cửu Thiên Cuồng Lôi Địa Liệt-Hiệu Quả,0,0,1,6,,,,25,,,,1318,,,,,,,,,,,,,,,,,,,,,,,,,,,,,,,
921,Thuật Trị Liệu,0,0,0,8,,,,40,,,,306,,,,,,,,,,,,,,,,,,,,,,,,,,,,,,,
923,Quần Thể Trị Liệu Thuật,0,0,0,64,,,,5,,,,,3312,,,,,,,,,,,,,,,,,,,,,,,,,,,,,,
925,Bách Thảo Tiên Lộ,0,0,0,64,,,,5,,,,,306,,,,,,,,,,,,,,,,,,,,,,,,,,,,,,
928,Quần Thể Độc Chướng,0,0,0,64,,,,5,,,,,,,,,,,,,,,,,,,,,,,,,,,,,,,,,,,
931,Quần Thể Kim Cang,0,0,0,64,,,,5,,,,,,,,,,,,,,,,,,,,,,,,,,,,,,,,,,,
934,Quần Thể Minh Vương,0,0,0,64,,,,5,,,,,,,,,,,,,,,,,,,,,,,,,,,,,,,,,,,
940,Súc Lực Tiễn,1,100,1,5,,,,7,,,,,3403,,,,,,,,,,30,,,1,,,,,,,,,,,,,,,,,
941,Súc Lực Tiễn_Hiệu quả,1,100,1,5,,,,7,,,,132,,,,,,,,,,,30,,,1,,,,,,,,,,,,,,,,,
942,Tảng Đá Lớn,0,0,1,8,,,,8,,,,942,,,,,,,,,,,,,,1,,24,,,,,,,,,,,,,,,
943,Tảng Đá Lớn_Sát thương,0,0,1,8,,,,3,,,,,3024,,,,,,,,,,,,,1,,,,,,,,,,,,,,,,,
944,Ném,1,60,0,3,,,,16,,1,,54,3024,,,,,,,,,,,,,,,,,,,,,,,,,,,,,,
945,Phi Vũ,1,60,0,3,,,,16,,1,,54,3024,,,,,,,,,,,,,,,,,,,,,,,,,,,,,,
946,Vỗ Cánh,1,60,0,8,,,,15,,,,62,,,,,,,,,,,,,,1,,,,,,,,,,,,,,,,,
947,Va Chạm,1,60,0,5,,,,3,,,,,3059,,,,,,,,,,,,,,,,,,,,,,,,,,,,,,
948,Linh Tê,0,0,0,64,,,,2,,,,,,,,,,,,,,,,,,,,,,,,,,,,,,,,,,,
949,Thiên La Địa Võng,1,60,0,3,,,,16,,1,,949,3949,,,,,,,,,,,,,,,,,,,,,,,,,,,,,,
951,Ngự Lôi Thuật,0,0,1,6,,,,25,,,,1314,,,,,,,,,,,,,,,,,,,,,,,,,,,,,,,
952,Ngự Lôi Thuật_Sát thương,0,0,1,6,,,,3,,,,,,,,,,,,,,,,,,,,,,,,,,,,,,,,,,,
953,Hô Phong Thuật,1,25,0,6,,,,28,,,,,,1,,,,,,,,,,,,,,,,,,,,,,,,,,,,,
954,Hô Phong Thuật_Hiệu quả,1,30,0,6,,,,40,,,,62,,,,100,,,,,,,,,,1,,,,,,,,,,,,,,,,,
956,Ảnh Tập_Phụ 1,1,100,0,5,,,,5,,,,40,168,,,,,,,,,,10,,,,,,,,,,,,,,,,,,,,
957,Ảnh Tập_Phụ 2,0,0,0,0,,,,25,,,,,,,,,,,,,,,,,,,,,,,,,,,,,,,,,,,
959,Song Long Nhả Châu,1,50,0,3,,,,16,,1,,959,3959,,,,,,,,,,,,,,,,,,,,,,,,,,,,,,
960,Âm Phong Thực Cốt,1,50,0,4,,,,8,,,,,3027,1,,,,,,,,,,,,,,,,,,,,,,,,,,,,,
961,Âm Phong Thực Cốt_Hiệu quả,0,0,0,4,,,,30,,,,1548,,,,,,,,,,,,,,1,,,,,,,,,,,,,,,,,
962,Truy Tâm Tiễn,1,60,0,4,,,,16,,1,,962,3962,,,,,,,,,,,,,,,,,,,,,,,,,,,,,,
963,Minh Sát Thu Hào,0,0,0,64,,,,2,,,,,,,,,,,,,,,,,,,,,,,,,,,,,,,,,,,
964,Lưu Ly Tán Lạc,1,60,1,5,,,,20,,1,,1570,3027,,,100,,,,,,,,,,1,,,,,,,,,,,,,,,,,
965,Lạc Anh Mạn Thiên,0,,1,15,,,10,26,,,1,410,,,,,,,,,,,,,,,,,,,,1,,,,,,,,,,,
966,Lạc Anh Mạn Thiên_Phụ,0,0,1,15,,,3,16,,,1,,3026,,,,,,5411,,,,,1000,3,,,,,,,,,,,,,,,,,,
967,Phong Lai Ngô Sơn,3,0,1,20,,,7,141,,,1,2880,167,,,,,,,,,,,,,,,,,,,,,,,,,,,,,,
968,Phi Hoa Lạc,0,0,1,6,,,,4,,,,,3026,,,,,,,,,,,,,,,968,,,,,,,,,,,,,,,
969,Phi Hoa Lạc_Hiệu ứng,0,0,1,6,,,,15,,,,969,,,,,,,,,,,,,,,,,,,,,,,,,,,,,,,
971,Tìm Thái Hồng,0,0,0,6,,,,10,,,,2696,,,,50,,,,,,,,,,,,,,,,,,,,,,,,,,,
972,Tìm Thái Hồng_Phụ,2,60,0,6,,,,25,,1,,2696,3025,,,50,,,,,,,,,,,,,,,,,,,,,,,,,,,
974,Thương Nguyệt,0,0,0,3,,,,3,,,,,3027,,,,,,,,,,,,,,,,,,,,,,,,,,,,,,
975,Đẩu Chuyển Tinh Di,0,0,0,5,,,,12,,,,,506,,,,,,,,,1,,1000,3,,,,,,,,,,,,,,,,,,
976,Đẩu Chuyển Tinh Di_Phụ,0,0,0,5,,,,12,,,,,,,,,,,,,,1,,,,,,,,,,,,,,,,,,,,,
977,Phong Hoa Tuyết Nguyệt,1,80,0,5,,,,9,,1,,2641,3025,,,50,,,,,,,,,,,,,,,,,,,,,,,,,,,
978,Phong Tuyết Băng Thiên,0,0,1,14,,,,25,,,,1377,,,,,1,,,,,,,,,1,,,,,,,,,,,,,,,,,
979,Phong Tuyết Băng Thiên_Sát thương,0,0,1,14,,,,3,,,,,3025,,,,,,,,,,,,,1,,,,,,,,,,,,,,,,,
980,Ma Diệm Tại Thiên,3,0,1,20,,,7,225,,,1,,,,,,,,,,,,,,,,,,,,,,,,,,,,,,,,
982,Ma Diệm Tại Thiên_Phụ 2,2,50,0,10,,,1,15,,1,,707,3707,,,,,,,,,,,,,,,,,,,,,,,,,,,,,,
983,Thúy Yên Chưởng Pháp,1,60,0,4,,,,12,,,,55,3025,,,,,,,,,,,,,,,,,,,,,,,,,,,,,,
984,Mục Dã Lưu Tinh,0,0,1,6,,,,4,,,,,3025,,,,,,,,,,,,,,,984,,,,,,,,,,,,,,,
985,Mục Dã Lưu Tinh_Hiệu ứng,0,0,1,6,,,,15,,,,985,,,,,,,,,,,,,,,,,,,,,,,,,,,,,,,
986,Cao Sơn Lưu Thủy,0,0,0,5,,,,3,,,,,986,,,,,,,,,,,,,,,,,,,,,,,,,,,,,,
988,Vân Hải Mộng Điệp,0,0,0,64,,,,2,,,,,,,,,,,,,,,,,,,,,,,,,,,,,,,,,,,
989,Trảo Kích,0,0,0,1,,,,3,,,,,3022,,,,,,,,,,,,,,,,,,,,,,,,,,,,,,
990,Trảo Kích,0,0,0,1,,,,3,,,,,3022,,,,,,,,,,,,,,,,,,,,,,,,,,,,,,
991,Chém,0,0,0,1,,,,3,,,,,166,,,,,,,,,,,,,,,,,,,,,,,,,,,,,,
992,Lạc Thạch,0,0,1,8,,,,8,,,,942,,,,,,,,,,,,,,1,,24,,,,,,,,,,,,,,,
993,Lạc Thạch_Sát thương,0,0,1,8,,,,3,,,,,3024,,,,,,,,,,,,,1,,,,,,,,,,,,,,,,,
994,Ném,1,60,0,3,,,,16,,1,,54,3024,,,,,,,,,,,,,,,,,,,,,,,,,,,,,,
996,Bác Cập Nhi Phục,0,0,0,8,,,,5,,,,,3604,,,,,,,,,1,,,,,,,,,,,,,,,,,,,,,
997,Bác Cập Nhi Phục_Hiệu ứng,0,0,0,8,,,,25,,,,2802,,,,,,,,,,1,,,,,,,,,,,,,,,,,,,,,
998,Nhân Kiếm Hợp Nhất,1,120,0,6,,,,8,,,,611,3603,,,,,,,,,,20,,,,,,,,,,,,,,,,,,,,
999,Từ Hàng Phổ Độ,0,0,0,8,,,,40,,,,306,,,,,,,,,,,,,,,,,,,,,,,,,,,,,,,
1031,Thủ Vệ Thương Hội_Vuốt tầm trung,0,0,0,1,,,,3,,,,,3022,,,,,,,,,,,,,,,,,,,,,,,,,,,,,,
1032,Thủ Vệ Thương Hội_Điểm nổ tầm trung,0,0,0,1,,,,3,,,,,3021,,,,,,,,,,,,,,,,,,,,,,,,,,,,,,
1101,Hành Vân Quyết,0,0,0,8,,,,3,,,,,3024,,,100,,,6201,,,,,1000,3,1,,,,,,,,,,,,,,,,,
1102,Kinh Lôi Quyết,0,0,0,8,,,,3,,,,,3024,,,100,,,6201,,,,,1000,3,1,,,,,,,,,,,,,,,,,
1103,Hàng Long Quyết,0,0,0,9,,,,3,,,,,3024,,,110,,,6201,,,,,1000,3,1,,,,,,,,,,,,,,,,,
1104,Phá Thiên Quyết,0,0,0,10,,,,3,,,,,3024,,,120,,,6201,,,,,1000,3,1,,,,,,,,,,,,,,,,,
1111,Hồi Phong Lạc Nhạn,0,0,0,8,,,,3,,,,,3024,,,100,,,6201,,,,,1000,3,1,,,,,,,,,,,,,,,,,
1112,Hồi Phong Lạc Nhạn 2,0,0,0,8,,,,3,,,,,3024,,,100,,,6201,,,,,1000,3,1,,,,,,,,,,,,,,,,,
1113,Hồi Phong Lạc Nhạn 3,0,0,0,9,,,,3,,,,,3024,,,110,,,6201,,,,,1000,3,1,,,,,,,,,,,,,,,,,
1114,Hồi Phong Lạc Nhạn 4,0,0,0,10,,,,3,,,,,3024,,,120,,,6201,,,,,1000,3,1,,,,,,,,,,,,,,,,,
1116,Đoạn Hồn Thích_Phụ,0,0,1,5,,,,12,,,,,3024,,,,,,,,,,,,,1,,,,,,,,,,,,,,,,,
1131,Nga Mi Kiếm Pháp,1,100,0,5,,,,6,,,,3301,341,,,,,,5305,,,,,,,,,,,,,,,,,,,,,,,,
1132,Nga Mi Kiếm Pháp 2,1,100,0,5,,,,6,,,,3302,341,,,,,,5305,,,,,,,,,,,,,,,,,,,,,,,,
1133,Nga Mi Kiếm Pháp 3,1,100,0,5,,,,6,,,,3303,342,,,,,,5305,,,,,,,,,,,,,,,,,,,,,,,,
1134,Nga Mi Kiếm Pháp 4,1,100,0,5,,,,6,,,,3304,342,,,,,,5305,,,,,,,,,,,,,,,,,,,,,,,,
1136,Giang Hải Ngưng Ba,1,30,1,14,,,,35,,,,310,,,,180,,,,,,,,,,,,,,,,,,,,,,,,,,,
1137,Giang Hải Ngưng Ba_Phụ,1,30,1,14,,,,35,,,,,3025,,,80,,,5311,,,,,,,,,,,,,,,,,,,,,,,,
1140,Nga Mi Kiếm Pháp,1,100,0,5,,,,6,,,,3301,341,,,,,,5305,,,,,,,,,,,,,,,,,,,,,,,,
1141,Nga Mi Kiếm Pháp 2,1,100,0,5,,,,6,,,,3302,341,,,,,,5305,,,,,,,,,,,,,,,,,,,,,,,,
1142,Nga Mi Kiếm Pháp 3,1,100,0,5,,,,6,,,,3303,342,,,,,,5305,,,,,,,,,,,,,,,,,,,,,,,,
1143,Nga Mi Kiếm Pháp 4,1,100,0,5,,,,6,,,,3304,342,,,,,,5305,,,,,,,,,,,,,,,,,,,,,,,,
1144,Thiên Vũ Bảo Luân,0,0,1,26,,,15,150,,,1,313,3312,,,,,,,,,,,,,,,,,,6312,,,,,,,,,,,,
1145,Thiên Vũ Bảo Luân_Phụ,0,0,1,26,,,,3,,,,,3313,,,,,,5313,,,,,,,,,,,,,,,,,,,,,,,,
1181,Đào Hoa Tiễn Thuật,1,200,0,5,,,,10,,0,,401,3401,,,,,,5405,,,,30,1000,3,1,,,,,,,,,,,,,,,,,
1182,Đào Hoa Tiễn Thuật 2,1,150,0,5,,,,10,,0,,402,3402,,,,,,5405,,,,20,1000,3,1,,,,,,,,,,,,,,,,,
1183,Đào Hoa Tiễn Thuật 3,1,150,0,5,,,,10,,0,,402,3402,,,,,,5405,,,,20,1000,3,1,,,,,,,,,,,,,,,,,
1184,Đào Hoa Tiễn Thuật 4,1,150,0,5,,,,10,,0,,403,3403,,,,,,5405,,,,30,1000,3,1,,,,,,,,,,,,,,,,,
1188,Phi Hỏa Lưu Tinh,1,80,0,6,,,,8,,,,,3407,1,,,,,,,,,,1000,3,,,,,,,,,,,,,,,,,,
1189,Phi Hỏa Lưu Tinh_Hiệu quả,1,60,0,6,,,,13,,,,407,,,,200,,,,,,,60,,,1,,,,,,,,,,,,,,,,,
1191,Đào Hoa Tiễn Thuật,1,200,0,5,,,,10,,0,,401,3401,,,,,,5405,,,,30,1000,3,1,,,,,,,,,,,,,,,,,
1192,Đào Hoa Tiễn Thuật 2,1,150,0,5,,,,10,,0,,402,3402,,,,,,5405,,,,20,1000,3,1,,,,,,,,,,,,,,,,,
1193,Đào Hoa Tiễn Thuật 3,1,150,0,5,,,,10,,0,,402,3402,,,,,,5405,,,,20,1000,3,1,,,,,,,,,,,,,,,,,
1194,Đào Hoa Tiễn Thuật 4,1,150,0,5,,,,10,,0,,403,3403,,,,,,5405,,,,30,1000,3,1,,,,,,,,,,,,,,,,,
1221,Tiêu Dao Thương Pháp 1,0,0,0,9,,,,6,,,,,3027,,,120,,,,,,,,1000,3,1,,,,,,,,,,,,,,,,,
1222,Tiêu Dao Thương Pháp 2,0,0,0,9,,,,6,,,,,3027,,,120,,,,,,,,1000,3,1,,,,,,,,,,,,,,,,,
1223,Tiêu Dao Thương Pháp 3,0,0,0,10,,,,6,,,,,3027,,,130,,,,,,,,1000,3,1,,,,,,,,,,,,,,,,,
1224,Tiêu Dao Thương Pháp 4,0,0,0,11,,,,6,,,,,3027,,,140,,,,,,,,1000,3,1,,,,,,,,,,,,,,,,,
1233,Bạch Hồng Quán Nhật_Phụ,1,140,0,12,,,,6,,,,,3027,,,110,,,,,,,,1000,3,0,,,,,,,,,,,,,,,,,
1234,Tiêu Dao Thương Pháp 1,0,0,0,9,,,,6,,,,,3027,,,120,,,,,,,,1000,3,1,,,,,,,,,,,,,,,,,
1235,Tiêu Dao Thương Pháp 2,0,0,0,9,,,,6,,,,,3027,,,120,,,,,,,,1000,3,1,,,,,,,,,,,,,,,,,
1236,Tiêu Dao Thương Pháp 3,0,0,0,10,,,,6,,,,,3027,,,130,,,,,,,,1000,3,1,,,,,,,,,,,,,,,,,
1237,Tiêu Dao Thương Pháp 4,0,0,0,11,,,,6,,,,,3027,,,140,,,,,,,,1000,3,1,,,,,,,,,,,,,,,,,
1239,Hủy bỏ,1,140,0,12,,,,6,,,,,3027,,,110,,,,,,,,1000,3,0,,,,,,,,,,,,,,,,,
1261,Trảo Kích,0,0,0,1,,,,3,,,,,3022,,,,,,,,,,,,,,,,,,,,,,,,,,,,,,
1262,Phấn Lực Trảo Kích,0,0,0,9,,,,25,,,,24,,,,120,,,,,,,,,,,,,,,,,,,,,,,,,,,
1263,npc-Đánh nhóm cận chiến 1_Thủy,0,0,0,9,,,,25,,,,25,,,,120,,,,,,,,,,,,,,,,,,,,,,,,,,,
1264,npc-Đánh nhóm cận chiến 1_Hỏa,0,0,0,9,,,,25,,,,26,,,,120,,,,,,,,,,,,,,,,,,,,,,,,,,,
1265,npc-Đánh nhóm cận chiến 1_Phong,0,0,0,9,,,,25,,,,27,,,,120,,,,,,,,,,,,,,,,,,,,,,,,,,,
1266,Phấn Lực Trảo Kích_Phụ,0,0,0,9,,,,3,,,,,3024,,,120,,,,,,,,,,,,,,,,,,,,,,,,,,,
1267,npc-Đánh nhóm cận chiến 1_Sát thương Thủy,0,0,0,9,,,,3,,,,,3025,,,120,,,,,,,,,,,,,,,,,,,,,,,,,,,
1268,npc-Đánh nhóm cận chiến 1_Sát thương Hỏa,0,0,0,9,,,,3,,,,,3026,,,120,,,,,,,,,,,,,,,,,,,,,,,,,,,
1269,npc-Đánh nhóm cận chiến 1_Sát thương Phong,0,0,0,9,,,,3,,,,,3027,,,120,,,,,,,,,,,,,,,,,,,,,,,,,,,
1270,Chém,0,0,0,1,,,,3,,,,,166,,,,,,,,,,,,,,,,,,,,,,,,,,,,,,
1271,Chém,0,0,0,1,,,,3,,,,,167,,,,,,,,,,,,,,,,,,,,,,,,,,,,,,
1272,Chém,0,0,0,1,,,,3,,,,,168,,,,,,,,,,,,,,,,,,,,,,,,,,,,,,
1273,Chém,0,0,0,1,,,,3,,,,,169,,,,,,,,,,,,,,,,,,,,,,,,,,,,,,
1274,npc-Đánh đơn cận chiến_Địa,0,0,0,1,,,,3,,,,,3024,,,,,,,,,,,,,,,,,,,,,,,,,,,,,,
1275,npc-Đánh đơn cận chiến_Thủy,0,0,0,1,,,,3,,,,,3025,,,,,,,,,,,,,,,,,,,,,,,,,,,,,,
1276,npc-Đánh đơn cận chiến_Hỏa,0,0,0,1,,,,3,,,,,3026,,,,,,,,,,,,,,,,,,,,,,,,,,,,,,
1277,npc-Đánh đơn cận chiến_Phong,0,0,0,1,,,,3,,,,,3027,,,,,,,,,,,,,,,,,,,,,,,,,,,,,,
1278,Trảm Sát,0,0,1,10,,,,20,,,,178,,,,0,,,,,,,,,,,,,,,,,,,,,,,,,,,
1279,Trảm Sát_Phụ,0,0,1,10,,,,3,,,,,,,,0,,,,,,,,,,,,,,,,,,,,,,,,,,,
1280,Quần Thể Trọng Kích,0,0,1,10,,,,3,,,,,180,,,,,,,,,,,,,,,,,,,,,,,,,,,,,,
1281,Tiêu Động Trần_Đánh Thường,0,0,1,14,,,,3,,,,,167,,,120,,,,,,,,,,1,,,,,,,,,,,,,,,,,
1282,Hoành Tảo,0,0,0,15,,,,3,,,,,4305,,,120,,,,,,,,,,1,,,,,,,,,,,,,,,,,
1283,Kinh Đào,1,40,1,5,,,,20,,1,,1350,3027,,,100,,,,,,,,,,1,,,,,,,,,,,,,,,,,
1284,Phong Lai Ngô Sơn,1,40,1,5,,,,30,,,,1350,3027,,,100,,,,,,,,,,1,,,,,,,,,,,,,,,,,
1285,Phong Lai Ngô Sơn_Phụ,0,0,0,15,,,1,30,,,,1350,,,,100,,,,,,,,,,1,,,,,,,,,,,,,,,,,
1286,Quyền Kích,0,0,0,8,,,,3,,,,,3024,,,100,,,,,,,,,,1,,,,,,,,,,,,,,,,,
1287,Trọng Quyền Tam Kích,0,0,0,11,,,,3,,,,,3024,,,100,,,,,,,,,,1,,,,,,,,,,,,,,,,,
1288,Trọng Quyền Tam Kích_Phụ,0,0,0,11,,,,3,,,,,3024,,,100,,,,,,,,,,1,,,,,,,,,,,,,,,,,
1289,Hàn Băng Trảm,1,80,0,5,,,,8,,,,3304,342,,,50,,,,,,,,,,,,,,,,,,,,,,,,,,,
1290,Liên Hoàn Hàn Băng Trảm,1,80,0,8,,,,7,,,,,342,1,,,,,,,,,,,,1,,,,,,,,,,,,,,,,,
1291,Liên Hoàn Hàn Băng Trảm_Hiệu quả,1,70,0,6,,,,10,,,,3304,,,,50,,,,,,,,,,1,,,,,,,,,,,,,,,,,
1293,Phi Trảm,1,80,0,10,,,,10,,,,3304,342,,,50,,,,,,,,,,,,,,,,,,,,,,,,,,,
1295,Phong Tuyết Thương,1,100,0,6,,,,4,,,,,4305,,,120,,,,,,,,,,1,,,,,,,,,,,,,,,,,
1296,Hắc Long Thám Hải,1,60,1,5,,,,18,,,,1296,3615,,,0,,,,,,,,,,1,,,,,,,,,,,,,,,,,
1301,Hình Quạt_Hoành Tảo,1,80,0,6,,,,4,,,,,3407,1,,,,,,,,,,,,,,,,,,,,,,,,,,,,,
1302,Hình Quạt_Hoành Tảo_Hiệu quả,0,0,0,6,,,,45,,,,92,,,,0,,,,,,,60,,,1,,,,,,,,,,,,,,,,,
1303,Chưởng Kích,0,0,0,9,,,,6,,,,,4305,,,120,,,,,,,,,,1,,,,,,,,,,,,,,,,,
1304,Liên kích 1,2,60,1,10,,,,6,,,,1303,4303,,,0,,,,,,,,,,1,,,,,,,,,,,,,,,,,
1305,Liên kích 2,2,60,1,10,,,,6,,,,1304,4304,,,0,,,,,,,,,,1,,,,,,,,,,,,,,,,,
1306,Liên kích 3,2,60,1,10,,,,6,,,,1305,4305,,,0,,,,,,,,,,1,,,,,,,,,,,,,,,,,
1307,Địa Liệt,1,180,0,6,,,,3,,,,,,,,,,,,,,,,,,1,,,,,,,,,,,,,,,,,
1308,Hình Quạt_Phong Lãng,1,50,0,6,,,,8,,,,,3027,1,,,,,,,,,,,,,,,,,,,,,,,,,,,,,
1309,Hình Quạt_Phong Lãng_Hiệu quả,3,0,0,6,,,,30,,,,1308,,,,,,,,,,,,,,1,,,,,,,,,,,,,,,,,
1310,Hình Quạt_Gió Lốc,1,25,0,6,,,,28,,,,,,1,,,,,,,,,,,,,,,,,,,,,,,,,,,,,
1311,Hình Quạt_Gió Lốc_Hiệu quả,1,30,0,6,,,,40,,,,62,,,,100,,,,,,,,,,1,,,,,,,,,,,,,,,,,
1312,Lôi Động Cửu Thiên,1,60,0,3,,,,15,,,1,,,,,-100,,,,,,,,,,,,,,,,,,,,,,,,,,,
1313,Lôi Động Cửu Thiên_Phụ 1,1,20,0,3,,,,10,,,1,,,,,,,,,,,,,,,,,,,,,,,,,,,,,,,,
1314,Lôi Động Cửu Thiên_Phụ 2,0,0,0,10,,,6,25,,,,1314,,,,,,,,,,,,,,,,,,,,,,,,,,,,,,,
1315,Lôi Động Cửu Thiên_Phụ 3,0,0,0,6,,,,38,,,,14,,,,,,,,,,,,,,,,,,,,,,,,,,,,,,,
1316,Địa Liệt_Hiệu Quả,0,0,0,6,,,,30,,,,1307,,,,250,,,,,,,,,,1,,,,,,,,,,,,,,,,,
1317,Dơi_Đánh Thường,0,0,0,9,,,,3,,,,,4317,,,120,,,,,,,,,,,,,,,,,,,,,,,,,,,
1318,Lôi Động Cửu Thiên_Phụ 4,0,0,0,10,,,,25,,,,1318,,,,,,,,,,,,,,,,,,,,,,,,,,,,,,,
1319,Cơ Ngự Thiên_Đánh Thường,0,0,0,9,,,,3,,,,,3025,,,120,,,,,,,,,,,,,,,,,,,,,,,,,,,
1320,Bạo Vũ Lê Hoa,1,60,0,6,,,,13,,,,41,,,,50,,,,,,,40,,,1,,,,,,,,,,,,,,,,,
1321,Hào Hỏa Cầu Liên Đạn (Sát thương),0,0,1,8,,,,3,,1,,,,,,,,,,,,,,,,1,,,,,,,,,,,,,,,,,
1323,Hào Hỏa Cầu Liên Đạn,1,50,1,5,,,4,12,,1,,1323,,,,,,,,,,,,,,1,,,,,,,,,,,,,,,,,
1324,Hào Hỏa Cầu Liên Đạn_Phụ (Nổ) ,0,0,1,8,,,,25,,,,4323,,,,,,,,,,,,,,1,,,,,,,,,,,,,,,,,
1325,Càn Khôn Đại Na Di_Hấp,0,0,1,40,,,,3,,,,,3401,,,,,,,,,1,,,,,,,,,,,,,,,,,,,,,
1326,Càn Khôn Đại Na Di_Đạn,0,0,1,40,,,,3,,,,,,,,,,,,,,,,,,1,,,,,,,,,,,,,,,,,
1327,Hỏa Vẫn,0,0,1,10,,,,26,,,,1327,,,,,1,,,,,,,,,1,,,,,,,,,,,,,,,,,
1328,Hỏa Vẫn_Địa Liệt Hiệu Quả,0,0,1,15,,,,30,,,,26,,,,,,,,,,,,,,1,,,,,,,,,,,,,,,,,
1329,Hỏa Vẫn_Sát thương,0,0,1,34,,,,3,,,,,3412,,,,,,,,,,,,,1,,,,,,,,,,,,,,,,,
1331,Xung Phong,1,140,0,12,,,,6,,,,,3027,,,110,,,,,,,,,,0,,,,,,,,,,,,,,,,,
1332,Phi Nhẫn,1,60,1,5,,,,15,,0,,1332,4332,,,,,,,,,,5,,,1,,,,,,,,,,,,,,,,,
1333,Thất Sát Địa Liệt,1,200,1,12,,,,3,,,,,,,,,,,,,,,30,,,1,,,,,,,,,,,,,,,,,
1334,Thất Sát Địa Liệt_Hiệu Quả,0,0,0,6,,,,30,,,,18,,,,80,,,,,,,,,,1,,,,,,,,,,,,,,,,,
1335,Tiêu Động Trần_Đánh Thường,0,0,1,14,,,,3,,,,,167,,,120,,,,,,,,,,1,,,,,,,,,,,,,,,,,
1336,Hoành Tảo,0,0,0,15,,,,3,,,,,4305,,,120,,,,,,,,,,1,,,,,,,,,,,,,,,,,
1337,Kinh Lôi,0,0,1,6,,,,25,,,,1314,,,,,,,,,,,,,,,,,,,,,,,,,,,,,,,
1338,Kinh Lôi_Sát thương,0,0,1,34,,,,3,,,,,,,,,,,,,,,,,,,,,,,,,,,,,,,,,,,
1339,Kinh Lôi_Hiệu quả Địa Liệt,0,0,1,10,,,,25,,,,1318,,,,,,,,,,,,,,,,,,,,,,,,,,,,,,,
1340,Long Chiến Thiên_Đánh Thường,1,60,0,5,,,,10,,,,1340,3412,,,,,,16340,,,,,,,,,,,,,,,,,,,,,,,,
1341,Tiêu Động Trần_Xung Phong Tụ Lực,1,60,0,5,,,,3,,,,,,,,,,,16340,,,,,,,,,,,,,,,,,,,,,,,,
1342,Thất Sát Sứ Đánh Thường,0,0,0,1,,,,3,,,,,168,,,,,,,,,,,,,,,,,,,,,,,,,,,,,,
1344,Tiêu Động Trần_Xung Phong_Sát thương,1,140,0,12,,,,6,,,,,3027,,,110,,,,,,,,,,0,,,,,,,,,,,,,,,,,
1345,Tiêu Động Trần_Xung Phong_Hiệu quả,0,0,0,6,,,,30,,,,18,,,,0,,,,,,,,,,1,,,,,,,,,,,,,,,,,
1346,Hào Hỏa Cầu Liên Đạn (Sát thương),0,0,1,8,,,,3,,1,,,,,,,,,,,,,,,,1,,,,,,,,,,,,,,,,,
1347,Hào Hỏa Cầu Liên Đạn,1,50,1,5,,,4,12,,1,,1323,,,,,,,,,,,,,,1,,,,,,,,,,,,,,,,,
1348,Hào Hỏa Cầu Liên Đạn_Phụ (Nổ) ,0,0,1,8,,,,25,,,,4323,,,,,,,,,,,,,,1,,,,,,,,,,,,,,,,,
1349,Cửu Vĩ Đánh Thường,0,0,0,1,,,,3,,,,,3027,,,,,,,,,,,,,,,,,,,,,,,,,,,,,,
1350,Ngũ Tinh Liên Châu,1,40,1,2,,,,30,,,,1350,3027,,,100,,,,,,,,,,1,,,,,,,,,,,,,,,,,
1351,Lôi Linh Phá,0,0,0,10,,,,30,,,,1314,,,,100,,,,,,,,,,1,,,,,,,,,,,,,,,,,
1352,Lôi Linh Phá_Sát thương,0,0,0,10,,,,15,,1,,,3027,,,,,,,,,,,,,1,,,,,,,,,,,,,,,,,
1353,Lôi Linh Phá_Hiệu quả Địa Liệt,0,0,0,10,,,,25,,,,1318,,,,100,,,,,,,,,,1,,,,,,,,,,,,,,,,,
1354,Ngũ Tinh Liên Châu_Phụ,0,0,0,2,,,1,30,,,,1350,,,,100,,,,,,,,,,1,,,,,,,,,,,,,,,,,
1356,Kim Cang Trụy_Phụ,0,0,1,25,,,,3,,,,,3024,,,,,,,,,,,,,1,,,,,,,,,,,,,,,,,
1357,Trọng Quyền Tam Kích,0,0,0,11,,,,3,,,,,3024,,,100,,,,,,,,,,1,,,,,,,,,,,,,,,,,
1358,Trọng Quyền Tam Kích_Phụ,0,0,0,11,,,,3,,,,,3024,,,100,,,,,,,,,,1,,,,,,,,,,,,,,,,,
1359,Độc Tí-Đánh Thường,0,0,0,8,,,,3,,,,,3024,,,100,,,,,,,,,,1,,,,,,,,,,,,,,,,,
1360,Kim Cang Trụy_Hiệu quả,0,0,0,6,,,,30,,,,18,,,,80,,,,,,,,,,1,,,,,,,,,,,,,,,,,
1362,Lang Vương Trảo Kích,0,0,0,1,,,,3,,,,,3022,,,,,,,,,,,,,,,,,,,,,,,,,,,,,,
1364,Cuồng Bôn Đột Tập_Phụ 1,0,0,0,5,,,,2,,1,,,3022,,,,,,,,,,,,,,,,,,,,,,,,,,,,,,
1365,Cuồng Bôn Đột Tập_Phụ 2,0,0,0,0,,,,25,,,,6508,,,,,,,,,,,,,,,,,,,,,,,,,,,,,,,
1368,Cơ Quan Địa Thích,0,0,1,17,,,,3,,,,,3024,,,,,,,,,,,,,,,,,,,,,,,,,,,,,,
1369,Cơ Quan Địa Thích_Hiệu quả biểu hiện 1,0,0,1,17,,,,25,,,,1368,,,,,,,,,,,,,,1,,,,,,,,,,,,,,,,,
1370,Đoạt Hồn Liên,1,350,0,5,,,,3,,,,,,,,,,,,,,1,,1000,3,,,,,,,,,,,,,,,,,,
1371,Đoạt Hồn Liên_Phụ 1,1,120,0,5,,,,10,,,,,3024,,,,,,,,,1,,,,,,,,,,,,,,,,,,,,,
1372,Đoạt Hồn Liên_Phụ 2,0,0,0,5,,,,30,,,,1370,,,,,,,,,,1,,,,,,,,,,,,,,,,,,,,,
1374,Lôi Kích,0,0,1,17,,,,3,,,,,3027,,,,,,,,,,,,,,,,,,,,,,,,,,,,,,
1375,Lôi Kích_Hiệu quả,0,0,1,17,,,,25,,,,1375,,,,,,,,,,,,,,1,,,,,,,,,,,,,,,,,
1376,Băng Tỏa Liên Hoàn,1,80,0,2,,,,15,,1,,1376,341,,,,,,,,,,,,,1,,,,,,,,,,,,,,,,,
1377,Bạo Phong Tuyết,0,0,1,10,,,,25,,,,1377,,,,,1,,,,,,,,,1,,,,,,,,,,,,,,,,,
1378,Bạo Phong Tuyết_Sát thương,0,0,1,34,,,,3,,,,,3025,,,,,,,,,,,,,1,,,,,,,,,,,,,,,,,
1380,Tinh Nguyệt,1,60,1,5,,,,10,,,,1380,167,,,,,,,,,,5,,,1,,,,,,,,,,,,,,,,,
1381,Liên Hoàn Tinh Nguyệt,1,60,1,2,,,,10,,,,1381,167,,,70,,,,,,,5,,,1,,,,,,,,,,,,,,,,,
1382,Liên Hoàn Tinh Nguyệt_Phụ,0,0,1,2,,,1,7,,,,1381,,,,70,,,,,,,,,,1,,,,,,,,,,,,,,,,,
1383,Liệt Diệm Thương,0,0,1,7,,,,30,,,,1383,,,,80,,,,,,,,,,,,,,,,,,,,,,,,,,,
1384,Liệt Diệm Thương_Sát thương,1,40,1,7,,,,11,,,,,,,,,,,,,,,,,,,,,,,,,,,,,,,,,,,
1385,Tường Lửa,0,0,0,6,,,15,90,,,1,52,,,,,1,,,,,,,,,,,,,,,,,,,,,,,,,,
1386,Bán Nguyệt Trảm,0,0,1,8,,,,3,,,,,167,,,100,,,,,,,,,,1,,,,,,,,,,,,,,,,,
1387,Kiếm Liệt,1,180,0,6,,,,3,,,,,,,,,,,,,,,,,,1,,,,,,,,,,,,,,,,,
1388,Kiếm Liệt_Hiệu quả,0,0,0,6,,,,30,,,,1307,,,,250,,,,,,,,,,1,,,,,,,,,,,,,,,,,
1390,Toàn Phong Trảm_Phụ 1,0,0,1,20,,,,3,,,,,3024,,,,,,,,,,,,,,,,,,,,,,,,,,,,,,
1392,Toàn Phiến,6,50,0,5,,,,20,,,,1392,,,,100,,,,,,1,1,,,,,,,,,,,,,,,,,,,,
1393,Toàn Phiến_Phụ,6,55,0,10,,,,20,,,,,3027,,,,,,,,,1,1,,,,,,,,,,,,,,,,,,,,
1394,Tiêu Hình Quạt,1,40,1,5,,,,25,,,,1394,167,,,70,,,,,,,5,,,1,,,,,,,,,,,,,,,,,
1395,Tiêu Hình Quạt_Phụ,0,0,1,5,,,1,7,,,,1394,,,,70,,,,,,,,,,1,,,,,,,,,,,,,,,,,
1396,Sương Độc,0,0,1,25,,,,90,,,1,1396,,,,,1,,,,,,,,,1,,,,,,,,,,,,,,,,,
1397,Sương Độc_Phụ,0,0,1,25,,,15,90,,,1,,,,,,1,,,,,,,,,1,,,,,,,,,,,,,,,,,
1398,Bẫy Phun Lửa,0,0,0,6,,,,30,,,,1398,,,,,,,,,,,,,,1,,,,,,,,,,,,,,,,,
1399,Bẫy Phun Lửa_Phụ,0,0,0,6,,,,25,,,,,3026,,,,,,,,,,,,,1,,,,,,,,,,,,,,,,,
1451,"Báo động vòng tròn bán kính 4,5 ô_Điểm mục tiêu",0,0,1,34,,,,38,,,,1328,,,,,,,,,,,,,,,,,,,,,,,,,,,,,,,
1452,Báo động thường hình quạt 90 độ 6m,0,0,0,11,,,,30,,,,1452,,,,,,,,,,,,,,1,,,,,,,,,,,,,,,,,
1453,Báo động vòng tròn bán kính 3 ô_Điểm mục tiêu,0,0,1,25,,,,38,,,,1453,,,,,,,,,,,,,,,,,,,,,,,,,,,,,,,
1454,Báo động vòng tròn bán kính 1.5 ô_Điểm mục tiêu,0,0,1,16,,,,30,,,,1454,,,,,,,,,,,,,,,,,,,,,,,,,,,,,,,
1456,Báo động vòng tròn bán kính 0.8 ô_Điểm mục tiêu,0,0,1,25,,,,30,,,,14,,,,,,,,,,,,,,,,,,,,,,,,,,,,,,,
1459,Phạm Vi Dung Nham Phun Trào-Cảnh Báo,0,0,1,34,,,,38,,,,1458,,,,,,,,,,,,,,,,,,,,,,,,,,,,,,,
1460,Thiểm Điện Liệm,2,60,1,5,,,,90,,,1,1460,,,,,,,,,,1,,,,,,,,,,,,,,,,,,,,,
1462,Toàn Phong_Phụ 1,0,0,1,25,,,,3,,,,,3024,,,,,,,,,,,,,,,,,,,,,,,,,,,,,,
1464,Bom Hẹn Giờ,2,80,1,2,,,,10,,,,1464,,,,,,,,,,,,,,,,,,,,,,,,,,,,,,,
1465,Bom Hẹn Giờ_Phụ 1,2,80,1,5,,,,120,,,,1465,,,,,,,,,,,,,,,,,,,,,,,,,,,,,,,
1466,Bom Hẹn Giờ_Phụ 2,0,0,1,5,,,,15,,,,1466,,,,,,,,,,,,,,,,,,,,,,,,,,,,,,,
1467,Bom Hẹn Giờ_Phụ 3,0,0,1,25,,,,6,,,,,,,,,,,,,,,,,,,,,,,,,,,,,,,,,,,
1468,Lôi Kích,0,0,1,17,,,,3,,,,,3027,,,,,,,,,,,,,,,,,,,,,,,,,,,,,,
1469,Lôi Kích_Hiệu quả,0,0,1,17,,,,25,,,,1375,,,,,,,,,,,,,,1,,,,,,,,,,,,,,,,,
1470,Băng Tỏa Liên Hoàn,1,80,0,3,,,,15,,1,,1376,341,,,,,,,,,,,,,1,,,,,,,,,,,,,,,,,
1472,Bạo Phong Tuyết,0,0,1,10,,,,25,,,,1377,,,,,1,,,,,,,,,1,,,,,,,,,,,,,,,,,
1473,Bạo Phong Tuyết_Sát thương,0,0,1,34,,,,3,,,,,3025,,,,,,,,,,,,,1,,,,,,,,,,,,,,,,,
1475,Kim Cang Trụy_Phụ,0,0,1,25,,,,3,,,,,3024,,,,,,,,,,,,,1,,,,,,,,,,,,,,,,,
1476,Kim Cang Trụy_Hiệu quả,0,0,0,6,,,,30,,,,18,,,,80,,,,,,,,,,1,,,,,,,,,,,,,,,,,
1478,Trọng Quyền Tam Kích,0,0,0,15,,,,3,,,,,3024,,,100,,,,,,,,,,1,,,,,,,,,,,,,,,,,
1479,Trọng Quyền Tam Kích_Phụ,0,0,0,15,,,,3,,,,,3024,,,100,,,,,,,,,,1,,,,,,,,,,,,,,,,,
1481,Kiếm Vũ,0,0,1,6,,,,15,,,,,,,,300,,,,,,,,,,1,,,,,,,,,,,,,,,,,
1482,Kiếm Vũ_Sát thương,0,0,1,16,,,,3,,,,,,,,,,,,,,,,,,1,,,,,,,,,,,,,,,,,
1483,Kiếm Vũ_Hiệu Quả Lạc Kiếm,0,0,1,6,,,,25,,,,1481,,,,,,,,,,,,,,1,,,,,,,,,,,,,,,,,
1484,Kiếm Vũ_Hiệu Quả Địa Liệt,0,0,1,10,,,,25,,,,1865,,,,,,,,,,,,,,1,,,,,,,,,,,,,,,,,
1485,Phi Kiếm,1,60,1,4,,,,30,,,,1485,,,,100,,,,,,,5,,,1,,,,,,,,,,,,,,,,,
1486,Thập Tự Kiếm,0,0,0,18,,,,3,,,,,,,,230,,,,,,,,,,,,,,,,,,,,,,,,,,,
1487,Thập Tự Kiếm_Phụ 1,0,0,0,18,,,,3,,,,,,,,230,,,,,,,,,,,,,,,,,,,,,,,,,,,
1488,Thập Tự Kiếm_Hiệu Quả 1,0,0,0,15,,,,15,,,,1488,,,,150,,,,,,,,,,,,,,,,,,,,,,,,,,,
1489,Thập Tự Kiếm_Hiệu Quả 2,0,0,0,15,,,,15,,,,1489,,,,150,,,,,,,,,,,,,,,,,,,,,,,,,,,
1490,Cổ Vũ Kiếm Trận,3,0,1,25,,,15,150,,,1,1492,,,,,,,,,,,,,,1,,,,,,,,,,,,,,,,,
1491,Cổ Vũ Kiếm Trận_buff,0,0,0,25,,,,8,,,,,,,,,,,,,,,,,,,,,,,,,,,,,,,,,,,
1492,Cổ Vũ Kiếm Trận_Hiệu quả,3,0,1,25,,,29,30,,1,,1485,,,,,,,,,,,,,,1,,,,,,,,,,,,,,,,,
1493,Cổ Vũ Kiếm Trận_Sát thương,1,60,1,6,,,,20,,,,1485,3027,,,,,,,,,,,,,1,,,,,,,,,,,,,,,,,
1494,Cổ Vũ Kiếm Trận_Thu Chiêu,3,0,1,25,,,,25,,,,4492,,,,,,,,,,,,,,1,,,,,,,,,,,,,,,,,
1495,Cổ Vũ Kiếm Trận_Nổ Điểm,3,0,1,25,,,,5,,,,1493,,,,,,,,,,,,,,1,,,,,,,,,,,,,,,,,
1496,Trác Phi Phàm Đánh Thường,0,0,0,15,,,,3,,,,,167,,,200,,,,,,,,,,,,,,,,,,,,,,,,,,,
1497,Từ Thiết Tâm-Đánh Thường,0,0,0,15,,,,3,,,,,3024,,,200,,,,,,,,,,1,,,,,,,,,,,,,,,,,
1498,Pháo Xa,1,120,0,12,,,,30,,,,132,,,,,,,,,,,10,,,1,,,,,,,,,,,,,,,,,
1499,Pháo Xa_Phụ,1,120,0,12,,,,30,,,,,3403,,,,,,,,,,10,,,1,,,,,,,,,,,,,,,,,
1503,Vòng Trị Liệu,0,0,1,42,,,,16,,,,,,,,,,,,,,,,,,,,,,,,,,,,,,,,,,,
1504,Vòng Cường Thể,0,0,1,42,,,,16,,,,,,,,,,,,,,,,,,,,,,,,,,,,,,,,,,,
1505,Vòng Cường Thể_Phụ,0,0,1,42,,,,16,,,,,,,,,,,,,,,,,,,,,,,,,,,,,,,,,,,
1506,Vòng Trị Liệu_Phụ,0,0,1,42,,,,16,,,,,,,,,,,,,,,,,,,,,,,,,,,,,,,,,,,
1507,buff_Hồi Sinh Lực,0,0,0,5,,,,16,,,,,1507,,,,,,,,,,,,,,,,,,,,,,,,,,,,,,
1508,buff_Tấn công,0,0,0,5,,,,16,,,,,1508,,,,,,,,,,,,,,,,,,,,,,,,,,,,,,
1509,buff_Kháng tính,0,0,0,5,,,,16,,,,,1509,,,,,,,,,,,,,,,,,,,,,,,,,,,,,,
1510,buff_Tốc chạy,0,0,0,5,,,,16,,,,,1510,,,,,,,,,,,,,,,,,,,,,,,,,,,,,,
1512,buffball,0,0,0,5,,,,16,,,,,1512,,,,,,,,,,,,,,,,,,,,,,,,,,,,,,
1513,buffball,0,0,0,5,,,,16,,,,,1513,,,,,,,,,,,,,,,,,,,,,,,,,,,,,,
1515,Xuất trận Đẩy Lùi,0,0,1,35,,,,3,,,,,,,,,,,,,,,,,,1,,,,,,,,,,,,,,,,,
1531,Hùng-Địa Liệt,0,0,1,11,,,,25,,,,24,,,,120,,,,,,,,,,,,,,,,,,,,,,,,,,,
1532,Hùng-Địa Liệt_Phụ,0,0,1,11,,,,5,,,,,,,,120,,,,,,,,,,,,,,,,,,,,,,,,,,,
1533,Vòng Nhanh Nhẹn,0,0,1,42,,,,16,,,,,,,,,,,,,,,,,,,,,,,,,,,,,,,,,,,
1534,Vòng Nhanh Nhẹn_Phụ,0,0,1,42,,,,16,,,,,,,,,,,,,,,,,,,,,,,,,,,,,,,,,,,
1535,Vòng Cổ Vũ,0,0,1,42,,,,16,,,,,,,,,,,,,,,,,,,,,,,,,,,,,,,,,,,
1536,Vòng Cổ Vũ_Phụ,0,0,1,42,,,,16,,,,,,,,,,,,,,,,,,,,,,,,,,,,,,,,,,,
1539,Phủ Xung_Phụ,1,140,0,12,,,,6,,,,,3027,,,110,,,,,,,,1000,3,0,,,,,,,,,,,,,,,,,
1540,Cửu Tinh Liên Hoàn,1,40,1,5,,,,30,,,,1350,3027,,,100,,,,,,,,,,1,,,,,,,,,,,,,,,,,
1541,Cửu Tinh Liên Hoàn_Phụ,0,0,0,15,,,1,30,,,,1350,,,,100,,,,,,,,,,1,,,,,,,,,,,,,,,,,
1548,Bài Sơn Đáo Hải,1,50,0,4,,,,8,,,,,3027,1,,,,,,,,,,,,,,,,,,,,,,,,,,,,,
1549,Bài Sơn Đáo Hải_Hiệu quả,0,0,0,4,,,,30,,,,1548,,,,50,,,,,,,,,,1,,,,,,,,,,,,,,,,,
1550,Song Long Xuất Hải,1,50,0,4,,,,8,,,,,3027,1,,,,,,,,,,,,,,,,,,,,,,,,,,,,,
1551,Song Long Xuất Hải_Hiệu Quả,0,0,0,4,,,,30,,,,1548,,,,150,,,,,,,,,,1,,,,,,,,,,,,,,,,,
1552,Cơ quan-Đẩy Lùi,0,0,1,23,,,,25,,,,18,,,,,,,,,,,,,,,,,,,,,,,,,,,,,,,
1553,Cơ quan-Đẩy Lùi_Phụ,0,0,1,23,,,,5,,,,,,,,,,,,,,,,,,,,,,,,,,,,,,,,,,,
1554,Cơ quan-Đóng băng,0,0,1,15,,,,25,,,,1554,,,,,,,,,,,,,,,,,,,,,,,,,,,,,,,
1555,Cơ quan-Đóng băng_Phụ,0,0,1,15,,,,5,,,,,,,,,,,,,,,,,,,,,,,,,,,,,,,,,,,
1556,Cơ Quan-Hồi Phục,0,0,1,17,,,,35,,,,9030,,,,,,,,,,,,,,,,,,,,,,,,,,,,,,,
1559,Cơ Quan-Tường Lửa Hình Quạt,0,0,0,6,,,15,90,,,1,52,,,,,1,,,,,,,,,,,,,,,,,,,,,,,,,,
1560,Cơ Quan-Tường Lửa Hình Quạt_Phụ,0,0,0,6,,,15,90,,,1,52,,,,,1,,,,,,,,,,,,,,,,,,,,,,,,,,
1561,Cơ Quan-Tường Lửa Chữ Thập,0,0,0,6,,,15,90,,,1,52,,,,,1,,,,,,,,,,,,,,,,,,,,,,,,,,
1562,Cơ Quan-Tường Lửa Chữ Thập_Phụ,0,0,0,6,,,15,90,,,1,52,,,,300,1,,,,,,,,,,,,,,,,,,,,,,,,,,
1563,Cơ Quan-Tường Lửa Hình Tròn,0,0,0,6,,,15,90,,,1,52,,,,,1,,,,,,,,,,,,,,,,,,,,,,,,,,
1564,Cơ Quan-Tường Lửa Hình Tròn_Phụ,0,0,0,11,,,15,90,,,1,,,,,,1,,,,,,,,,,,,,,,,,,,,,,,,,,
1565,Thiên Vũ Pháp Trận,0,0,1,24,,,15,90,,,1,313,3312,,,,,,,,,,,,,,,,,,6312,,,,,,,,,,,,
1566,Thiên Vũ Pháp Trận_Phụ,0,0,1,24,,,7,90,,,1,,3313,,,,,,5313,,,,,,,,,,,,,,,,,,,,,,,,
1567,Ngân Châm Xạ,1,60,0,2,,,,15,,,,1394,,,,,,,,,,,,,,,,,,,,,,,,,,,,,,,
1568,Cơ Quan-Hỗn Loạn,0,0,1,15,,,,25,,,,1808,,,,,,,,,,,,,,,,,,,,,,,,,,,,,,,
1569,Cơ Quan-Hỗn Loạn_Phụ,0,0,1,15,,,,5,,,,,,,,,,,,,,,,,,,,,,,,,,,,,,,,,,,
1570,Hoa Kiếm ,1,80,0,5,,,,30,,,,1570,,,,50,,,,,,,,,,,,,,,,,,,,,,,,,,,
1571,Lạc Hoa,0,0,1,15,,,,60,,,,1571,,,,,,,,,,,,,,,,,,,,,,,,,,,,,,,
1572,Lạc Hoa_Phụ,0,0,1,15,,,,3,,,,,,,,,,,,,,,,,,,,,,,,,,,,,,,,,,,
1574,Yến Vũ_Phụ 1,0,0,1,17,,,,3,,,,,,,,,,,,,,,,,,,,,,,,,,,,,,,,,,,
1576,Hoa Kiếm Phiến,1,60,1,2,,,,30,,,,1570,,,,70,,,,,,,,,,1,,,,,,,,,,,,,,,,,
1577,Hoa Kiếm Phiến_Phụ,0,0,1,2,,,,22,,,,1570,,,,70,,,,,,,,,,1,,,,,,,,,,,,,,,,,
1578,Mị Hoặc,0,0,1,10,,,,60,,,,1578,,,,,,,,,,,,,,1,,,,,,,,,,,,,,,,,
1579,Mị Hoặc_Phụ,0,0,1,10,,,,5,,,,,,,,,,,,,,,,,,1,,,,,,,,,,,,,,,,,
1580,Cửu Vĩ Đánh Thường,0,0,0,1,,,,3,,,,,3027,,,,,,,,,,,,,,,,,,,,,,,,,,,,,,
1581,Ngũ Tinh Liên Châu,1,40,1,2,,,,30,,,,1350,3027,,,100,,,,,,,,,,1,,,,,,,,,,,,,,,,,
1582,Ngũ Tinh Liên Châu_Phụ,0,0,0,2,,,1,17,,,,1350,,,,100,,,,,,,,,,1,,,,,,,,,,,,,,,,,
1583,Lôi Linh Phá,0,0,0,10,,,,30,,,,1314,,,,100,,,,,,,,,,1,,,,,,,,,,,,,,,,,
1584,Lôi Linh Phá_Sát thương,0,0,0,10,,,,15,,1,,,3027,,,,,,,,,,,,,1,,,,,,,,,,,,,,,,,
1585,Lôi Linh Phá_Hiệu quả Địa Liệt,0,0,0,10,,,,25,,,,1318,,,,100,,,,,,,,,,1,,,,,,,,,,,,,,,,,
1586,Cửu Tinh Liên Hoàn,1,40,1,2,,,,30,,,,1350,3027,,,100,,,,,,,,,,1,,,,,,,,,,,,,,,,,
1587,Cửu Tinh Liên Hoàn_Phụ,0,0,0,2,,,1,17,,,,1350,,,,100,,,,,,,,,,1,,,,,,,,,,,,,,,,,
1588,Tiêu Động Trần_Đánh Thường,0,0,1,14,,,,3,,,,,167,,,120,,,,,,,,,,1,,,,,,,,,,,,,,,,,
1589,Hoành Tảo,0,0,0,15,,,,3,,,,,4305,,,120,,,,,,,,,,1,,,,,,,,,,,,,,,,,
1590,Kinh Lôi,0,0,1,6,,,,25,,,,1314,,,,,,,,,,,,,,,,,,,,,,,,,,,,,,,
1591,Kinh Lôi_Sát thương,0,0,1,34,,,,3,,,,,,,,,,,,,,,,,,,,,,,,,,,,,,,,,,,
1592,Kinh Lôi_Hiệu quả Địa Liệt,0,0,1,10,,,,25,,,,1318,,,,,,,,,,,,,,,,,,,,,,,,,,,,,,,
1595,Tiêu Động Trần_Xung Phong_Sát thương,1,140,0,12,,,,6,,,,,3027,,,110,,,,,,,,,,0,,,,,,,,,,,,,,,,,
1596,Tiêu Động Trần_Xung Phong_Hiệu quả,0,0,0,6,,,,30,,,,18,,,,0,,,,,,,,,,1,,,,,,,,,,,,,,,,,
1597,Hàn Băng Trảm,1,80,0,5,,,,8,,,,3304,342,,,50,,,,,,,,,,,,,,,,,,,,,,,,,,,
1599,Huyền Băng Trảm_Phụ 1,1,140,0,5,,,,5,,,,3304,342,,,,,,,,,,,,,,,,,,,,,,,,,,,,,,
1600,Huyền Băng Trảm_Phụ 2,0,0,0,0,,,,25,,,,6508,,,,,,,,,,,,,,,,,,,,,,,,,,,,,,,
1601,Hàn Nguyệt Loan Đao,0,0,1,15,,,,3,,,,,167,,,120,,,,,,,,,,1,,,,,,,,,,,,,,,,,
1602,Phi Trảm,1,80,0,10,,,,10,,,,3304,342,,,50,,,,,,,,,,,,,,,,,,,,,,,,,,,
1603,Hàn Băng Trảm,1,80,0,5,,,,8,,,,3304,342,,,50,,,,,,,,,,,,,,,,,,,,,,,,,,,
1604,Cơ Quan Địa Thích,0,0,1,17,,,,3,,,,,3024,,,,,,,,,,,,,,,,,,,,,,,,,,,,,,
1605,Cơ Quan Địa Thích_Hiệu quả biểu hiện 1,0,0,1,17,,,,25,,,,1368,,,,,,,,,,,,,,1,,,,,,,,,,,,,,,,,
1606,Đoạt Hồn Liên,1,350,0,5,,,,3,,,,,,,,,,,,,,1,,1000,3,,,,,,,,,,,,,,,,,,
1607,Đoạt Hồn Liên_Phụ 1,1,120,0,5,,,,10,,,,,3024,,,,,,,,,1,,,,,,,,,,,,,,,,,,,,,
1608,Đoạt Hồn Liên_Phụ 2,0,0,0,5,,,,30,,,,1370,,,,,,,,,,1,,,,,,,,,,,,,,,,,,,,,
1609,Cơ Quan Địa Thích-Chữ Nhật,1,50,1,4,,,,13,,,,,,,,,,,,,,,,,,,,,,,,,,,,,,,,,,,
1610,Cơ Quan Địa Thích-Chữ Nhật_Sát thương liên tục,0,0,1,4,,,,120,,,,1609,3024,,,,,,,,,,,,,1,,,,,,,,,,,,,,,,,
1611,Chim Tự Nổ,2,40,0,5,,,,60,,1,,1611,3412,,,50,,,,,,,,,,,,,,,,,,,,,,,,,,,
1612,Phách Không Chưởng,0,0,0,14,,,,20,,,,122,,,,250,,,,,,,,,,1,,,,,,,,,,,,,,,,,
1613,Sương Độc,0,0,1,20,,,,120,,,1,1396,,,,,1,,,,,,,,,1,,,,,,,,,,,,,,,,,
1614,Sương Độc_Phụ,0,0,1,20,,,15,120,,,1,,,,,,1,,,,,,,,,1,,,,,,,,,,,,,,,,,
1615,Ngân Châm,1,90,0,3,,,,8,,,,41,3027,,,,,,,,,,,,,,,,,,,,,,,,,,,,,,
1616,Châm Tán,0,0,1,12,,,,5,,,,,3027,,,,,,,,,,,,,,,,,,,,,,,,,,,,,,
1617,Châm Tán_Hiệu quả,1,20,1,12,,,,8,,,,41,,,,,,,,,,,,,,,,,,,,,,,,,,,,,,,
1618,Cầu Đạn Xạ,2,60,1,4,,,,90,,,1,1460,,,,,,,,,,1,,,,,,,,,,,,,,,,,,,,,
1619,Cầu Câm Lặng,1,60,0,2,,,,15,,,,1464,,,,,,,,,,,,,,,,,,,,,,,,,,,,,,,
1620,Vòng Tử Độc,3,0,1,15,,,,150,,,,1620,,,,,,,,,,,,,,,,,,,,,,,,,,,,,,,
1621,Vòng Tử Độc_Phụ,0,0,1,15,,,,3,,,,,3027,,,,,,,,,,,,,,,,,,,,,,,,,,,,,,
1622,Toàn Phiến,6,50,0,5,,,,20,,,,1392,,,,100,,,,,,1,1,,,,,,,,,,,,,,,,,,,,
1623,Toàn Phiến_Phụ,6,55,0,10,,,,20,,,,,3027,,,,,,,,,1,1,,,,,,,,,,,,,,,,,,,,
1624,Cửu Cung Phi Tinh,1,80,0,5,,,,20,,,,1394,,,,100,,,,,,1,1,,,,,,,,,,,,,,,,,,,,
1625,Cửu Cung Phi Tinh_Phụ,1,80,0,10,,,,20,,,,,3027,,,,,,,,,1,1,,,,,,,,,,,,,,,,,,,,
1626,Cuồng Bạo,0,0,0,5,,,,16,,,,,1508,,,,,,,,,,,,,,,,,,,,,,,,,,,,,,
1627,Hỏa Diệm Chưởng,1,50,1,2,,,,15,,,,1323,,,,-50,,,,,,,5,,,1,,,,,,,,,,,,,,,,,
1628,Hàn Băng Chưởng,1,50,1,2,,,,15,,,,2560,,,,-50,,,,,,,5,,,1,,,,,,,,,,,,,,,,,
1629,Tiêu Độc,1,90,0,3,,,,8,,,,41,3027,,,,,,,,,,,,,,,,,,,,,,,,,,,,,,
1630,Hỏa Diệm Chưởng_Phụ,1,80,0,6,,,,8,,,,,3026,1,,,,,5408,,,,,1000,3,1,,,,,,,,,,,,,,,,,
1631,Hàn Băng Chưởng_Phụ,1,80,0,6,,,,8,,,,,3025,1,,,,,5408,,,,,1000,3,1,,,,,,,,,,,,,,,,,
1632,Hỏa Cầu Thuật,1,60,0,6,,,,15,,,,1835,3026,,,50,,,,,,,,,,1,,,,,,,,,,,,,,,,,
1633,Bom,0,0,0,6,,,,30,,,,139,,,,,,,,,,,,,,1,,,,,,,,,,,,,,,,,
1634,Bom_Phụ 1,0,0,0,6,,,,25,,,,4139,,,,,,,,,,,,,,1,,,,,,,,,,,,,,,,,
1635,Bom_Phụ 2,0,0,0,6,,,,3,,,,,3026,,,,,,,,,,,,,1,,,,,,,,,,,,,,,,,
1636,Bom Liên Hoàn,1,60,0,6,,,,6,,,1,,,,,-100,,,,,,,,,,1,,,,,,,,,,,,,,,,,
1637,Bom Liên Hoàn_Phụ 1,0,0,0,6,,,,30,,,1,139,,,,,,,,,,,,,,1,,,,,,,,,,,,,,,,,
1638,Bom Liên Hoàn_Phụ 2,0,0,0,6,,,,25,,,,4139,,,,50,,,,,,,,,,1,,,,,,,,,,,,,,,,,
1639,Bom Liên Hoàn_Phụ 3,0,0,0,6,,,,3,,,,401,3026,,,50,,,,,,,,,,1,,,,,,,,,,,,,,,,,
1640,Tường Lửa,0,0,0,6,,,7,90,,,1,52,,,,150,1,,,,,,,,,,,,,,,,,,,,,,,,,,
1641,Phi Hỏa,1,50,1,2,,,,15,,,,1323,,,,-50,,,,,,,5,,,1,,,,,,,,,,,,,,,,,
1642,Phi Hỏa_Phụ,1,80,0,6,,,,8,,,,,3026,1,,,,,5408,,,,,1000,3,1,,,,,,,,,,,,,,,,,
1643,Băng Nhũ,1,60,0,5,,,,30,,,,2560,3025,,,50,,,,,,,,,,,,,,,,,,,,,,,,,,,
1644,Quang Huân,0,0,1,7,,,,20,,,,,3025,2,,,,,,,,,,,,,,,,,,,,,,,,,,,,,
1645,Cầu Đạn Xạ,2,60,1,4,,,,90,,,1,308,3025,,,,,,,,,1,,,,,,,,,,,,,,,,,,,,,
1646,Bạo Phong Tuyết,0,0,1,28,,,7,45,,,1,,3025,,,,,,,,,,,,,1,,,,,,,,,,,,,,,,,
1647,Bạo Phong Tuyết_Hiệu ứng,0,0,1,10,,,,25,,,1,1377,,,,,1,,,,,,,,,1,,,,,,,,,,,,,,,,,
1648,Tinh Nguyệt,1,60,1,5,,,,10,,,,1380,167,,,,,,,,,,5,,,1,,,,,,,,,,,,,,,,,
1649,Song Tinh Nguyệt,1,60,1,8,,,,10,,,,1380,,,,,,,,,,,5,,,1,,,,,,,,,,,,,,,,,
1650,Song Tinh Nguyệt_Phụ,1,60,1,8,,,,10,,,,,167,,,,,,,,,,5,,,1,,,,,,,,,,,,,,,,,
1651,Liên Hoàn Tinh Nguyệt,1,60,1,2,,,,10,,,,1381,,,,70,,,,,,,5,,,1,,,,,,,,,,,,,,,,,
1652,Liên Hoàn Tinh Nguyệt_Phụ 1,0,0,1,2,,,1,7,,,,1381,,,,70,,,,,,,,,,1,,,,,,,,,,,,,,,,,
1653,Cuồng Nộ,0,0,0,5,,,,16,,,,,1508,,,,,,,,,,,,,,,,,,,,,,,,,,,,,,
1654,Liên Hoàn Tinh Nguyệt_Phụ 1,1,60,0,6,,,,8,,,,,167,2,,,,,5408,,,,,1000,3,1,,,,,,,,,,,,,,,,,
1655,Dương Anh-Đánh Thường,0,0,0,10,,,,6,,,,,4305,,,120,,,,,,,,,,1,,,,,,,,,,,,,,,,,
1657,Huyền Băng Trảm_Phụ 1,0,0,0,9,,,,5,,,,,342,,,120,,,,,,,,,,,,,,,,,,,,,,,,,,,
1658,Huyền Băng Trảm_Phụ 2,0,0,0,0,,,,25,,,,6508,,,,,,,,,,,,,,,,,,,,,,,,,,,,,,,
1659,Thái Ất Sinh Phong,1,60,0,8,,,,15,,,,62,,,,,,,,,,,,,,1,,,,,,,,,,,,,,,,,
1660,Hình quạt bán nguyệt,0,0,0,10,,,,6,,,,,168,,,120,,,,,,,,,,1,,,,,,,,,,,,,,,,,
1661,Khối Tuyết,0,0,0,8,,,,3,,,,,3025,,,,,,,,,,,,,1,,,,,,,,,,,,,,,,,
1662,Khối Tuyết_Hiệu ứng,0,0,0,8,,,,25,,,,1661,,,,,,,,,,,,,,1,,,,,,,,,,,,,,,,,
1663,Kiếm Phách,0,0,1,4,,,,30,,,,1866,,,,100,,,,,,,,,,1,,,,,,,,,,,,,,,,,
1664,Kiếm Phách_Phụ,1,1,1,4,,,,30,,,,1866,3027,,,100,,,,,,,30,,,1,,,,,,,,,,,,,,,,,
1665,Bom Hẹn Giờ,2,80,1,2,,,,10,,,,1464,,,,,,,,,,,,,,,,,,,,,,,,,,,,,,,
1666,Bom Hẹn Giờ_Phụ 1,2,80,1,5,,,,45,,,,1465,,,,,,,,,,,,,,,,,,,,,,,,,,,,,,,
1667,Bom Hẹn Giờ_Phụ 2,0,0,1,5,,,,15,,,,1466,,,,,,,,,,,,,,,,,,,,,,,,,,,,,,,
1668,Bom Hẹn Giờ_Phụ 3,0,0,1,25,,,,6,,,,,,,,,,,,,,,,,,,,,,,,,,,,,,,,,,,
1669,Phi Trảm,1,80,0,10,,,,10,,,,3304,342,,,50,,,,,,,,,,,,,,,,,,,,,,,,,,,
1671,Trọng Toàn,0,0,1,15,,,,3,,,,,,,,,,,,,,,,,,,,,,,,,,,,,,,,,,,
1673,Trọng Toàn Tán Kiếm_Phụ 1,3,0,1,17,,,,91,,,,,,,,,,,,,,,,,,,,,,,,,,,,,,,,,,,
1674,Thượng Quan Phi Long Đánh Thường,0,0,0,9,,,,6,,,,,4305,,,120,,,,,,,,,,1,,,,,,,,,,,,,,,,,
1675,Trọng Toàn Tán Kiếm_Phụ 2,1,120,1,5,,,,10,,,,1866,3024,,,,,,,,,,,,,,,,,,,,,,,,,,,,,,
1680,Trọng Chùy Tạp Địa,0,0,0,15,,,,25,,,,18,,,,,,,,,,,,,,,,,,,,,,,,,,,,,,,
1681,Trọng Chùy Tạp Địa_Phụ,0,0,0,15,,,,3,,,,,3026,,,,,,,,,,,,,,,,,,,,,,,,,,,,,,
1682,Hỏa Pháo,0,0,0,15,,,,25,,,,1808,,,,,,,,,,,,,,,,,,,,,,,,,,,,,,,
1683,Hỏa Pháo_Phụ,0,0,0,15,,,,3,,,,,3026,,1,,,,,,,,,,,,,,,,,,,,,,,,,,,,
1685,Vô Hình Cổ,0,0,1,36,,,,16,,,,,,,,,,,,,,,,,,1,,,,,,,,,,,,,,,,,
1686,Vô Hình Cổ_Phụ,3,100,1,15,,,5,31,,,1,401,3027,,,,,,,,,,,,,1,,,,,,,,,,,,,,,,,
1687,Vệ Sĩ Phản Đòn,0,0,0,36,,,,16,,,,,,,,,,,,,,,,,,,,,,,,,,,,,,,,,,,
1689,Độc Thích,1,40,1,5,,,,25,,1,,1394,3027,,,70,,,,,,,5,,,1,,,,,,,,,,,,,,,,,
1694,Dự báo 3m bán kính hình tròn_Mục tiêu (1 giây) ,0,0,1,25,,,,23,,,,1453,,,,,,,,,,,,,,,,,,,,,,,,,,,,,,,
1701,Tiễn Tháp,4,100,1,5,,,,13,,,,1701,,,,30,,,,,,,,,,1,,,250,70,,,,,,,,,,,,,
1702,Tiễn Tháp_Hiệu ứng,0,0,1,17,,,,30,,,,26,,,,,,,,,,,,,,1,,,,,,,,,,,,,,,,,
1703,Tiễn Tháp_Phụ,0,0,1,17,,,,3,,,,,,,,,,,,,,,,,,1,,,,,,,,,,,,,,,,,
1704,Tiễn Tháp-Truy Tung Đạn,2,120,1,5,,,,100,,1,,1701,3026,,,,,,,,,,,,,1,,,250,50,,,,,,,,,,,,,
1705,buff_Tấn công,0,0,0,5,,,,16,,,,,1508,,,,,,,,,,,,,,,,,,,,,,,,,,,,,,
1706,buff_Hồi Sinh Lực,0,0,0,5,,,,16,,,,,1507,,,,,,,,,,,,,,,,,,,,,,,,,,,,,,
1707,buff_Kháng tính,0,0,0,5,,,,16,,,,,1509,,,,,,,,,,,,,,,,,,,,,,,,,,,,,,
1718,Công Thành Xa-Va Chạm,0,0,1,6,,,,20,,,,178,,,,,,,,,,,,,,1,,,,,,,,,,,,,,,,,
1719,Công Thành Xa-Va Chạm_Phụ,1,200,1,6,,,,3,,,,,3024,,,,,,,,,,,,,1,,,,,,,,,,,,,,,,,
1721,Kình Nỏ Xa-Đánh Thường,1,120,0,12,,,,15,,,,132,,,,,,,,,,,10,,,1,,,,,,,,,,,,,,,,,
1722,Kình Nỏ Xa-Đánh Thường_Sát thương,1,120,0,12,,,,9,,,,,3403,,,,,,,,,,10,,,1,,,,,,,,,,,,,,,,,
1723,Kình Nỏ Xa-Nỏ Hình Quạt,1,140,0,8,,,,8,,,,,3407,2,,,,,,,,,,,,1,,,,,,,,,,,,,,,,,
1724,Kình Nỏ Xa-Nỏ Hình Quạt_Hiệu quả,1,120,0,8,,,,15,,,,132,,,,,,,,,,,10,,,1,,,,,,,,,,,,,,,,,
1725,Thiết Pháo Xa-Thường,0,0,1,13,,,,5,,,,,3026,,,,,,,,,,,,,1,,,,,,,,,,,,,,,,,
1726,Thiết Pháo Xa-Thường_Hiệu ứng 1,0,0,1,13,,,,25,,,,1327,,,,,1,,,,,,,,,1,,,,,,,,,,,,,,,,,
1727,Thiết Pháo Xa-Thường_Hiệu ứng 2,0,0,1,13,,,,30,,,,26,,,,,,,,,,,,,,1,,,,,,,,,,,,,,,,,
1728,Thiết Pháo Xa-Đặc Biệt,0,0,1,26,,,,5,,,,,3026,,,,,,,,,,,,,1,,,,,,,,,,,,,,,,,
1729,Thiết Pháo Xa-Đặc Biệt_Hiệu ứng 1,0,0,1,26,,,,25,,,,1327,,,,,1,,,,,,,,,1,,,,,,,,,,,,,,,,,
1730,Thiết Pháo Xa-Đặc Biệt_Hiệu ứng 2,0,0,1,26,,,,30,,,,26,,,,,,,,,,,,,,1,,,,,,,,,,,,,,,,,
1731,Thần Xạ Thủ-Đánh Thường,1,120,0,3,,,,9,,,,2722,3401,,,,,,,,,,10,,,1,,,,,,,,,,,,,,,,,
1732,Cổ Vũ Chiến Hống,0,0,1,71,,,,16,,,,,,,,,,,,,,,,,,,,,,,,,,,,,,,,,,,
1733,Cổ Vũ Chiến Hống_Phụ,0,0,1,71,,,,16,,,,,,,,,,,,,,,,,,,,,,,,,,,,,,,,,,,
1751,Thương Lam Vũ Kiếm,1,60,0,3,,,,15,,,1,,,,,-100,,,,,,,,,,1,,,,,,,,,,,,,,,,,
1752,Thương Lam Vũ Kiếm_Phụ 1,1,20,0,3,,,,10,,,1,,,,,,,,,,,,,,,1,,,,,,,,,,,,,,,,,
1753,Thương Lam Vũ Kiếm_Hiệu quả Lạc Kiếm,0,0,0,10,,,6,40,,,,1481,,,,,,,,,,,,,,1,,,,,,,,,,,,,,,,,
1754,Thương Lam Vũ Kiếm_Hiệu quả Địa Liệt,0,0,1,10,,,,25,,,,1865,,,,,,,,,,,,,,1,,,,,,,,,,,,,,,,,
1755,Thương Lam Vũ Kiếm_Sát thương,0,0,0,64,,,7,30,,0,1,,3027,,,,,,,,,,,,,1,,,,,,,,,,,,,,,,,
1756,Chém,0,0,0,10,,,,3,,,,,3027,,,120,,,,,,,,,,1,,,,,,,,,,,,,,,,,
1758,Thiên Ngoại Phi Tiên_Phụ,1,140,0,12,,,,6,,,,,3027,,,110,,,,,,,,,,,,,,,,,,,,,,,,,,,
1759,Tuyết Nhất Đao,1,100,1,14,,,,14,,,,1380,167,,,,,,,,,,,,,1,,,,,,,,,,,,,,,,,
1760,Mộng Điệp Kiếm,1,80,1,12,,,,15,,,,1570,,,,,,,,,,,5,,,1,,,,,,,,,,,,,,,,,
1761,Mộng Điệp Kiếm_Phụ,1,80,1,12,,,,15,,,,,3027,,,,,,,,,,5,,,1,,,,,,,,,,,,,,,,,
1762,Tuyệt Tình Đoạn Kiếm,0,0,0,10,,,,3,,,,,167,,,120,,,,,,,,,,1,,,,,,,,,,,,,,,,,
1763,Liệt Hỏa Tình Thiên,1,100,1,12,,,,15,,,,56,,,,,,,,,,,5,,,1,,,,,,,,,,,,,,,,,
1764,Liệt Hỏa Tình Thiên_Phụ 1,1,100,1,12,,,,15,,,,,3026,,,,,,,,,,5,,,1,,,,,,,,,,,,,,,,,
1767,Trấn Ngục Phá Thiên Kình_Phụ 2,0,0,1,20,,,,3,,,,,3024,,,,,,,,,,,,,1,,,,,,,,,,,,,,,,,
1768,Hoa Phi Hồ Điệp Kiếm,0,0,1,4,,,,15,,,,1570,,,,100,,,,,,,,,,1,,,,,,,,,,,,,,,,,
1769,Hoa Phi Hồ Điệp Kiếm_Phụ,2,60,1,4,,,,30,,1,,1570,3027,,,100,,,,,,,5,,,1,,,,,,,,,,,,,,,,,
1771,Nhạc Gia Thương,1,70,0,4,,,,12,,,,2564,3601,,,,,,,,,,,,,,,,,,,,,,,,,,,,,,
1773,Trung Quán Bạch Nhật _Phụ,2,70,0,4,,,,13,,,,2564,3601,,,,,,,,,,15,,,1,,,,,,,,,,,,,,,,,
1774,Tùy Ý Khúc-Định Thân,0,0,0,1,,,,2,,,,,,,,,,,,,,,,,,,,,,,,,,,,,,,,,,,
1775,Tùy Ý Khúc-Tàn Phế,0,0,0,1,,,,2,,,,,,,,,,,,,,,,,,,,,,,,,,,,,,,,,,,
1776,Tùy Ý Khúc-Hoãn,0,0,0,1,,,,2,,,,,,,,,,,,,,,,,,,,,,,,,,,,,,,,,,,
1777,Tùy Ý Khúc-Tê Liệt,0,0,0,1,,,,2,,,,,,,,,,,,,,,,,,,,,,,,,,,,,,,,,,,
1778,Tùy Ý Khúc-Choáng,0,0,0,1,,,,2,,,,,,,,,,,,,,,,,,,,,,,,,,,,,,,,,,,
1779,Kinh Kha Thích,0,0,0,5,,,,3,,,,,3701,,,,,,,,,,,,,,,,,,,,,,,,,,,,,,
1797,Vạn Kim Tài _Kim Sơn Áp Đỉnh,0,0,1,60,,,,3,,,,,,,,,,,,,,,,,,1,,,,,,,,,,,,,,,,,
1798,Vạn Kim Tài _Kim Sơn Áp Đỉnh_Phụ,0,0,1,7,,,,3,13,,,1797,3024,,,,,,,,,,,,,1,,,,,,,,,,,,,,,,,
1799,Vạn Kim Tài_Rải Xu,0,0,1,26,,,,3,22,,,,3024,,,,,,,,,,,,,1,,,,,,,,,,,,,,,,,
1782,Ám Ảnh Thích_Đánh Thường 1,0,0,0,8,,,,3,,,,,3703,,,100,,,,,,,,,,1,,,,,,,,,,,,,,,,,
1783,Ám Ảnh Thích_Đánh Thường 2,0,0,0,8,,,,3,,,,,3703,,,100,,,,,,,,,,1,,,,,,,,,,,,,,,,,
1784,Kinh Kha Thích 2,0,0,0,5,,,,3,,,,,3701,,,,,,,,,,,,,,,,,,,,,,,,,,,,,,
1785,Đường Giản-Đánh Thường,5,80,0,5,,,,16,,1,,949,34001,,,50,,,5929,,,,,,,1,,,,,,,,,,,,,,,,,
1786,Đường Giản-Đánh Thường_Phụ,1,80,1,4,,,,11,,1,,949,34001,,,,,,,,,,,,,1,,,,,,,,,,,,,,,,,
1787,Cửu Cung Phi Tinh,0,0,1,4,,,,7,,,,24012,,,,,,,,,,,,,,1,,,,,,,,,,,,,,,,,
1788,Cửu Cung Phi Tinh_Phụ 1,5,100,1,4,,,,15,,1,,24012,34012,,,,,,,,,,5,,,1,,,,,,,,,,,,,,,,,
1789,Cửu Cung Phi Tinh_Phụ 2,1,87,1,4,,,,3,,,,24025,,,,,,,,,,,,,,1,,,,,,,,,,,,,,,,,
1790,Xuyên Tâm Tiêu,0,0,1,4,,,,5,,,,24012,,,,,,,,,,,,,,1,,,,,,,,,,,,,,,,,
1791,Xuyên Tâm Tiêu_Phụ 1,1,100,1,4,,,,15,,,,24012,34012,,,,,,,,,,5,,,1,,,,,,,,,,,,,,,,,
1792,Xuyên Tâm Tiêu_Phụ 2,1,87,1,4,,,,3,,,,24025,,,,,,,,,,,,,,1,,,,,,,,,,,,,,,,,
1793,Quỷ Cốc Tử-Công Thường,0,0,1,10,,,,5,,,,,34002,,,,,,,,,,,,,1,,,,,,,,,,,,,,,,,
1794,Quỷ Cốc Tử-Công thường_Hiệu ứng,0,0,1,10,,,,30,,,,2842,,,,-250,,,,,,,,,,1,,,,,,1,,,,,,,,,,,
1795,Hợp Tung Liên Hoành,0,0,0,64,,,,3,,,,,34002,,,,,,,,,,,,,1,,,,,,,,,,,,,,,,,
1796,Hợp Tung Liên Hoành_Hiệu ứng,0,0,0,64,,,,20,,,,13206,,,,,,,,,,,,,,1,,,,,,1,,,,,,,,,,,
1801,Cường Đạo Đao Trọng Kích,0,0,1,8,,,,3,,,,,,,,,,,,,,,,,,,,,,,,,,,,,,,,,,,
1803,Cường Đạo Toàn Phong Trảm_Phụ 1,0,0,1,17,,,,3,,,,,3024,,,,,,,,,,,,,,,,,,,,,,,,,,,,,,
1804,Liên Nguyệt Trảm,1,60,1,5,,,,10,,,,1381,167,,,70,,,,,,,5,,,1,,,,,,,,,,,,,,,,,
1805,Cường Đạo Đao Trọng Kích_Phụ,0,0,1,8,,,,15,,,,178,,,,,,,,,,,,,,,,,,,,,,,,,,,,,,,
1806,Chùy Trọng Kích,0,0,1,10,,,,3,,,,,180,,,,,,,,,,,,,,,,,,,,,,,,,,,,,,
1807,Chùy Đánh Thường,0,0,0,1,,,,3,,,,,3021,,,,,,,,,,,,,,,,,,,,,,,,,,,,,,
1808,Trọng Chùy Liệt Địa,0,0,0,15,,,,25,,,,1808,,,,200,,,,,,,,,,,,,,,,,,,,,,,,,,,
1809,Trọng Chùy Liệt Địa_Phụ,0,0,0,15,,,,3,,,,,3026,,,200,,,,,,,,,,,,,,,,,,,,,,,,,,,
1810,Trọng Chùy Liệt Địa_Cảnh báo,0,0,1,15,,,,30,,,,1454,,,,200,,,,,,,,,,,,,,,,,,,,,,,,,,,
1811,Liệt Diệm Bán Nguyệt,1,80,0,5,,,,10,,,,1340,3412,,,50,,,,,,,,,,,,,,,,,,,,,,,,,,,
1812,Hỏa Diệm Duy Trì-Bán Nguyệt Trảm,1,80,0,5,,,,10,,,,1812,3412,,,50,,,,,,,,,,,,,,,,,,,,,,,,,,,
1813,Hỏa Diệm Duy Trì-Bán Nguyệt Trảm_Phụ,1,80,0,5,,,,10,,,,1813,3412,,,50,,,,,,,,,,,,,,,,,,,,,,,,,,,
1814,Hỏa Cầu nhiều tầng,1,50,1,2,,,,15,,,,1323,3026,,,-50,,,,,,,5,,,1,,,,,,,,,,,,,,,,,
1815,Tường Lửa,0,0,0,6,,,7,90,,,1,52,,,,150,1,,,,,,,,,,,,,,,,,,,,,,,,,,
1816,Hàn Băng Trảm,1,80,0,5,,,,8,,,,3304,342,,,50,,,,,,,,,,,,,,,,,,,,,,,,,,,
1818,Huyền Băng Trảm_Phụ 1,1,140,0,5,,,,5,,,,3304,342,,,,,,,,,,,,,,,,,,,,,,,,,,,,,,
1819,Huyền Băng Trảm_Phụ 2,0,0,0,0,,,,25,,,,6508,,,,,,,,,,,,,,,,,,,,,,,,,,,,,,,
1820,Hàn Nguyệt Loan Đao,0,0,1,15,,,,3,,,,,167,,,120,,,,,,,,,,1,,,,,,,,,,,,,,,,,
1821,Phi Trảm,1,80,0,10,,,,10,,,,3304,342,,,50,,,,,,,,,,,,,,,,,,,,,,,,,,,
1823,Đinh Quyền Tam Kích,0,0,0,11,,,,3,,,,,3024,,,100,,,,,,,,,,1,,,,,,,,,,,,,,,,,
1824,Đinh Quyền Tam Kích_Phụ,0,0,1,20,,,,3,,,,,3024,,,180,,,,,,,,,,1,,,,,,,,,,,,,,,,,
1825,Hoành Tảo-Phải sang trái,0,0,1,15,,,,3,,,,,167,,,120,,,,,,,,,,1,,,,,,,,,,,,,,,,,
1826,Lang Nha Địa Thích,1,50,1,4,,,,10,,,,,,,,,,,,,,,,,,1,,,,,,,,,,,,,,,,,
1827,Lang Nha Địa Thích_Hiệu quả,0,0,0,3,,,,20,,,,1827,,,,,,,,,,,,,,1,,,,,,,,,,,,,,,,,
1828,Lang Nha Địa Thích_Sát thương,0,0,1,32,,,,5,,,,,,,,,,,,,,,,,,1,,,,,,,,,,,,,,,,,
1829,Lang Nha Địa Thích_Vị trí xuất hiện,0,0,0,3,,,,3,,,,,,,,130,,,,,,,,,,1,,,,,,,,,,,,,,,,,
1830,Hồng Anh Thương,1,100,0,5,,,,10,,,,401,3401,,,,,,,,,,5,,,1,,,,,,,,,,,,,,,,,
1831,Hồng Anh Phong,1,40,0,10,,,,25,,,,62,,,,,,,,,,,,,,1,,,,,,,,,,,,,,,,,
1832,Hồng Anh Phong_Phụ,1,40,0,10,,,,25,,,,,3027,,,,,,,,,,,,,1,,,,,,,,,,,,,,,,,
1834,Hàn Băng Tiễn,1,80,0,6,,,,15,,,,1376,3025,,,50,,,,,,,,,,1,,,,,,,,,,,,,,,,,
1835,Hỏa Cầu Thuật,1,60,0,6,,,,15,,,,1835,3026,,,50,,,,,,,,,,1,,,,,,,,,,,,,,,,,
1836,Quét Hàn Băng Tiễn,1,50,1,5,,,4,12,,1,,1376,,,,50,,,,,,,,,,1,,,,,,,,,,,,,,,,,
1837,Quét Hàn Băng Tiễn (Nổ) ,0,0,1,8,,,,25,,,,1837,,,,,,,,,,,,,,1,,,,,,,,,,,,,,,,,
1838,Quét Hàn Băng Tiễn (Sát thương) ,0,0,1,8,,,,3,,1,,,3025,,,,,,,,,,,,,1,,,,,,,,,,,,,,,,,
1839,Quét Hỏa Cầu Thuật,1,50,1,5,,,4,12,,1,,1323,,,,50,,,,,,,,,,1,,,,,,,,,,,,,,,,,
1840,Quét Hỏa Cầu Thuật (Gây Nổ),0,0,1,8,,,,25,,,,4323,,,,,,,,,,,,,,1,,,,,,,,,,,,,,,,,
1841,Quét Hỏa Cầu Thuật (Sát Thương),0,0,1,8,,,,3,,1,,,,,,,,,,,,,,,,1,,,,,,,,,,,,,,,,,
1842,Đinh Quyền Tam Kích_Hiệu quả,0,0,0,11,,,,25,,,,1808,,,,180,,,,,,,,,,1,,,,,,,,,,,,,,,,,
1843,Kim Sắc Bán Nguyệt Trảm,1,100,0,6,,,,6,,,,1843,166,,,50,,,,,,,,,,1,,,,,,,,,,,,,,,,,
1844,Liên Kim Bán Nguyệt Trảm,1,100,0,6,,,,15,,,,1843,166,,,50,,,,,,,,,,1,,,,,,,,,,,,,,,,,
1845,Phong Lâm Vệ-Đao Trọng Kích,0,0,1,10,,,,3,,,,,,,,,,,,,,,,,,,,,,,,,,,,,,,,,,,
1846,Phong Lâm Vệ-Đao Trọng Kích_Phụ,0,0,1,10,,,,15,,,,178,,,,,,,,,,,,,,,,,,,,,,,,,,,,,,,
1847,Kim Thoái Trảm,1,100,0,6,,,,15,,,,1843,166,,,50,,,,,,,,,,1,,,,,,,,,,,,,,,,,
1848,Lôi Kích,0,0,1,10,,,,3,,,,,3027,,,,,,,,,,,,,,,,,,,,,,,,,,,,,,
1849,Lôi Kích_Hiệu quả,0,0,1,10,,,,25,,,,1375,,,,,,,,,,,,,,1,,,,,,,,,,,,,,,,,
1850,Lôi Thần Nộ_Dự báo,0,0,1,3,,,,30,,,,1453,,,,200,,,,,,,,,,1,,,,,,,,,,,,,,,,,
1851,Lôi Thần Nộ,1,40,1,4,,,,20,,,,1850,,,,,,,,,,,,,,1,,,,,,,,,,,,,,,,,
1852,Lôi Thần Nộ_Sát thương,0,0,1,7,,,,20,,,,,,2,,,,,,,,,,,,1,,,,,,,,,,,,,,,,,
1853,Lôi Thần Nộ_Vị trí xuất hiện,0,0,1,3,,,,3,,,,,,,,200,,,,,,,,,,1,,,,,,,,,,,,,,,,,
1854,Cuồng Lôi,0,0,1,6,,,,25,,,,1314,,,,,,,,,,,,,,,,,,,,,,,,,,,,,,,
1855,Cuồng Lôi_Sát thương,0,0,1,15,,,,3,,,,,3027,,,,,,,,,,,,,,,,,,,,,,,,,,,,,,
1856,Cuồng Lôi_Hiệu quả Địa Liệt,0,0,1,10,,,,25,,,,1318,,,,,,,,,,,,,,,,,,,,,,,,,,,,,,,
1857,Cuồng Lôi 2,0,0,1,6,,,,25,,,,1314,,,,,,,,,,,,,,,,,,,,,,,,,,,,,,,
1858,Cuồng Lôi 3,0,0,1,6,,,,25,,,,1314,,,,,,,,,,,,,,,,,,,,,,,,,,,,,,,
1859,Cuồng Lôi_Sát thương 2,0,0,1,15,,,,24,,,,,3027,,,,,,,,,,,,,,,,,,,,,,,,,,,,,,
1860,Cuồng Lôi_Sát thương 3,0,0,1,15,,,,39,,,,,3027,,,,,,,,,,,,,,,,,,,,,,,,,,,,,,
1863,Trọng Kiếm Phá Trần,0,0,1,34,,,,3,,,,,,,,,,,,,,,,,,,,,,,,,,,,,,,,,,,
1864,Trọng Kiếm Phá Trần_Hiệu quả Lạc Kiếm,0,0,1,6,,,,25,,,,1864,,,,,,,,,,,,,,,,,,,,,,,,,,,,,,,
1865,Trọng Kiếm Phá Trần_Hiệu quả Địa Liệt,0,0,1,10,,,,25,,,,1865,,,,,,,,,,,,,,,,,,,,,,,,,,,,,,,
1866,Kiếm Phách,0,0,1,4,,,,30,,,,1866,,,,100,,,,,,,,,,1,,,,,,,,,,,,,,,,,
1867,Kiếm Phách_Phụ,1,1,1,4,,,,30,,,,1866,3027,,,100,,,,,,,30,,,1,,,,,,,,,,,,,,,,,
1868,Toàn Kiếm Phá Thổ,0,0,1,25,,,,10,,,,,3027,,,100,,,,,,,,,,1,,,,,,,,,,,,,,,,,
1869,Kiếm Thích,1,60,1,4,,,,30,,,,1869,,,,,,,,,,,,,,1,,,,,,,,,,,,,,,,,
1870,Kiếm Thích_Phụ,0,0,1,4,,,,10,,,,1870,,,,,,,,,,,,,,1,,,,,,,,,,,,,,,,,
1871,Múa Kiếm,0,0,0,14,,,,3,,,,,3027,,,160,,,,,,,,,,1,,,,,,,,,,,,,,,,,
1873,Tô Mặc Vân Xung Thích_Phụ,1,140,0,12,,,,6,,,,,,,,110,,,,,,,,,,,,,,,,,,,,,,,,,,,
1875,Xung Phong_Phụ,1,140,0,12,,,,7,,,,,3027,,,110,,,,,,,,1000,3,0,,,,,,,,,,,,,,,,,
1878,Đống Đá,0,0,1,15,,,,5,,,,,3026,,,,,,,,,,,,,1,,,,,,,,,,,,,,,,,
1879,Đống Đá_Hiệu ứng,0,0,1,15,,,,25,,,,1327,,,,,1,,,,,,,,,1,,,,,,,,,,,,,,,,,
1880,Đống Đá_Hiệu ứng Địa Liệt,0,0,1,15,,,,30,,,,1808,,,,,,,,,,,,,,1,,,,,,,,,,,,,,,,,
1882,Vòng Sáng Trúng Độc toàn màn hình_Phụ 1,0,0,0,50,,,,3,,,,,3027,,,,,,,,,,,,,1,,,,,,,,,,,,,,,,,
1885,Vòng Diệt Nhanh,0,0,1,10,,,,16,,,,,,,,,,,,,,,,,,1,,,,,,,,,,,,,,,,,
1886,Vòng Diệt Nhanh_Phụ,3,0,1,10,,,,45,,,,,168,,,,,,,,,,,,,1,,,,,,,,,,,,,,,,,
1888,Xoay Chuyển Diệt Nhanh_Phụ,0,0,1,29,,,,3,,,,,3024,,,,,,,,,,,,,,,,,,,,,,,,,,,,,,
1889,Vòng Sáng Trúng Độc toàn màn hình_Phụ 2,0,0,0,50,,,,16,,,,,,,,,,,,,,,,,,1,,,,,,,,,,,,,,,,,
1890,Bẫy Phun 5-Long Trụ,0,0,1,6,,,,40,,,,1890,,,,100,,,,,,,,,,1,,,,,,,,,,,,,,,,,
1891,Bẫy Phun 5-Long Trụ_Phụ,1,40,1,6,,,,13,,,,,3026,,,50,,,,,,,,,,1,,,,,,,,,,,,,,,,,
1892,npc-Đánh đơn cận chiến_Mộc,0,0,0,1,,,,3,,,,,1892,,,,,,,,,,,,,,,,,,,,,,,,,,,,,,
1893,npc-Đánh đơn cận chiến_Thủy,0,0,0,1,,,,3,,,,,1893,,,,,,,,,,,,,,,,,,,,,,,,,,,,,,
1894,npc-Đánh đơn cận chiến_Hỏa,0,0,0,1,,,,3,,,,,1894,,,,,,,,,,,,,,,,,,,,,,,,,,,,,,
1895,npc-Đánh đơn cận chiến_Thổ,0,0,0,1,,,,3,,,,,1895,,,,,,,,,,,,,,,,,,,,,,,,,,,,,,
1896,npc-Đánh đơn cận chiến 2_Trảo Kim,0,0,0,1,,,,3,,,,,1896,,,,,,,,,,,,,,,,,,,,,,,,,,,,,,
1897,npc-Đánh đơn cận chiến 2_Trảo Mộc,0,0,0,1,,,,3,,,,,1897,,,,,,,,,,,,,,,,,,,,,,,,,,,,,,
1898,npc-Đánh đơn cận chiến 2_Trảo Thủy,0,0,0,1,,,,3,,,,,1898,,,,,,,,,,,,,,,,,,,,,,,,,,,,,,
1899,npc-Đánh đơn cận chiến 2_Trảo Thổ,0,0,0,1,,,,3,,,,,1899,,,,,,,,,,,,,,,,,,,,,,,,,,,,,,
1986,Phản Kích-Sơ_Phụ,0,0,1,16,,,,3,,,,,3027,,,,,,,,,,,,,1,,,,,,,,,,,,,,,,,
1987,Phản Kích-Sơ_Hiệu Quả,0,0,1,10,,,,25,,,,2841,,,,,,,,,,,,,,1,,,,,,,,,,,,,,,,,
1989,Phản Kích-Trung_Phụ,0,0,1,16,,,,3,,,,,3027,,,,,,,,,,,,,1,,,,,,,,,,,,,,,,,
1990,Phản Kích-Trung_Hiệu Quả,0,0,1,10,,,,25,,,,2841,,,,,,,,,,,,,,1,,,,,,,,,,,,,,,,,
1992,Phản Kích-Cao_Phụ,0,0,1,16,,,,3,,,,,3027,,,,,,,,,,,,,1,,,,,,,,,,,,,,,,,
1993,Phản Kích-Cao_Hiệu quả,0,0,1,10,,,,25,,,,2841,,,,,,,,,,,,,,1,,,,,,,,,,,,,,,,,
2035,Vòng Chí Mạng-Hỏa,0,0,0,36,,,,16,,,,,,,,,,,,,,,,,,,,,,,,,,,,,,,,,,,
2036,Vòng Chí Mạng-Hỏa_Phụ,3,0,0,15,,,15,31,,,1,,3026,,,,,,,,,,,,,,,,,,,,,,,,,,,,,,
2037,Vòng Kháng Tính-Hỏa,0,0,0,36,,,,16,,,,,,,,,,,,,,,,,,,,,,,,,,,,,,,,,,,
2038,Vòng Kháng Tính-Hỏa_Phụ,0,0,0,36,,,,22,,,,,,,,,,,,,,,,,,,,,,,,,,,,,,,,,,,
2039,Tàng Kiếm,1,30,1,14,,,,30,,,,62,,,,100,,,,,,,,,,,,,,,,,,,,,,,,,,,
2040,Tàng Kiếm_Phụ,1,30,1,14,,,,30,,,,,3025,,,,,,,,,,,,,,,,,,,,,,,,,,,,,,
2041,Hàm Phong,1,50,0,8,,,,5,,,,,3025,1,,,,,,,,,,,,,,,,,,,,,,,,,,,,,
2042,Hàm Phong_Hiệu quả,1,0,0,8,,,,30,,,,1548,,,,,,,,,,,,,,1,,,,,,,,,,,,,,,,,
2044,Toái Kim_Phụ,0,0,0,11,,,,3,,,,,3024,,,,,,,,,,,1000,3,1,,,,,,,,,,,,,,,,,
2046,Phần Tâm,0,,0,6,,,,30,,,,1323,,,,-700,,,,,,,,,,1,,,,,,,,,,,,,,,,,
2047,Phần Tâm_Phụ 1,1,25,0,6,,,,30,,,,1323,,,,-700,,,,,,,,,,1,,,,,,,,,,,,,,,,,
2048,Bạo Phong Kiếm,1,80,1,9,,,,10,,,,163,,,,,,,,,,,,,,1,,,,,,,,,,,,,,,,,
2050,Hoán Phong,3,,1,6,,,15,63,,,1,62,,,,500,,,,,,,,,,1,,,,,,,,,,,,,,,,,
2052,Phong Hộ,3,,1,5,,,15,63,,,1,62,,,,,,,,,,,,,,1,,,,,,,,,,,,,,,,,
2053,Liệt Phong,0,0,1,18,,,,5,,,,,3027,,,,,,,,,,,1000,3,,,,,,,,,,,,,,,,,,
2054,Phong Quyển,0,0,1,50,,,,5,,,,,3027,,,,,,,,,,,1000,3,,,,,,,,,,,,,,,,,,
2055,Phong Quyển_Phụ,0,0,1,18,,,,5,,,,,3027,,,,,,,,,,,1000,3,,,,,,,,,,,,,,,,,,
2057,Phong Tập_Phụ,0,0,0,4,,,,3,,,,,3027,,,,,,,,,,,1000,3,1,,,,,,,,,,,,,,,,,
2058,Tiếu Phong Tam Kích,1,180,0,6,,,,3,,,,,,,,,,,,,,,,,,1,,,,,,,,,,,,,,,,,
2059,Tiếu Phong Tam Kích_Hiệu quả,0,0,0,6,,,,30,,,,1307,,,,250,,,,,,,,,,1,,,,,,,,,,,,,,,,,
2060,Hàn Băng Chưởng,1,80,0,8,,,,6,,,,,3025,3,,50,,,,,,,,,,,,,,,,,,,,,,,,,,,
2061,Hàn Băng Chưởng_Hiệu quả,1,90,0,6,,,,9,,,,1350,,,,,,,,,,,,,,1,,,,,,,,,,,,,,,,,
2062,Băng Tung Vô Ảnh,2,40,1,3,,,,30,,1,,1350,3025,,,50,,,,,,,,,,,,,,,,,,,,,,,,,,,
2063,Băng Tụ,1,40,1,3,,,,30,,,,1350,3027,,,-200,,,,,,,,,,1,,,,,,,,,,,,,,,,,
2064,Băng Tụ_Phụ,0,0,1,3,,,,23,,,,1350,,,,-200,,,,,,,,,,1,,,,,,,,,,,,,,,,,
2065,Liệt Hỏa,1,80,0,8,,,,6,,,,,3026,3,,50,,,,,,,,,,,,,,,,,,,,,,,,,,,
2066,Liệt Hỏa_Hiệu quả,1,90,0,6,,,,9,,,,1323,,,,,,,,,,,,,,1,,,,,,,,,,,,,,,,,
2067,Phần Thành,0,0,1,15,,,,30,,,,427,,,,,1,,,,,,,,,,,,,,,1,,,,,,,,,,,
2068,Phần Thành_Phụ 1,0,0,1,15,,,,3,,,,,3026,,,,,,5411,,,,,1000,3,,,,,,,,,,,,,,,,,,
2069,Hư Không,0,0,1,20,,,15,61,,,1,2069,,,1,,,,,,,,,,3,,,,,,,,,,,,,,,,,,
2070,Bất Diệt,0,0,1,11,,,15,301,,,1,2070,3312,,,,,,,,,,,,,,,,,,,,,,,,,,,,,,
2071,Cực Lạnh,0,0,1,18,,,10,39,,,1,2071,3025,,,,,,,,,,,,3,,,,,,,,,,,,,,,,,,
2073,Tuyết Vũ_Phụ 1,0,0,1,18,,,,3,,,,,3024,,,,,,,,,,,,,,,,,,,,,,,,,,,,,,
2076,Ngự Băng_Sát thương 1,1,140,0,12,,,,6,,,,,3025,,,110,,,,,,,,,,0,,,,,,,,,,,,,,,,,
2077,Ngự Băng_Sát thương 2,0,0,0,10,,,15,76,,,1,2077,,,,0,,,,,,,,,,1,,,,,,,,,,,,,,,,,
2078,Hàn Băng Chưởng,1,50,0,6,,,,5,,,,,3025,1,,,,,,,,,,,,,,,,,,,,,,,,,,,,,
2079,Hàn Băng Chưởng_Hiệu quả,1,0,0,6,,,,30,,,,1548,,,,,,,,,,,,,,1,,,,,,,,,,,,,,,,,
2080,Phần Thành_Phụ 2,0,0,1,15,,,,30,,,,429,,,,,1,,,,,,,,,,,,,,,1,,,,,,,,,,,
2081,Phần Thành_Phụ 3,0,0,1,15,,,,30,,,,3428,,,,,,,,,,,,,,,,,,,,1,,,,,,,,,,,
2083,Lạc Diệp Bộ,6,100,1,2,,,,12,,,,1323,3026,,,,,,,,,,,,,1,,,,,,,,,,,,,,,,,
2092,Vũ Đả Lê Hoa,0,0,1,18,,,15,70,,,1,808,342,,,,,,,,,,,,,1,,,,,,,,,,,,,,,,,
2094,Hồi Phục Pháp Trận,0,0,1,11,,,15,75,,,1,2070,3312,,,,,,,,,,,,,,,,,,,,,,,,,,,,,,
2095,Vòng Hồi Phục,0,0,1,13,,,15,75,,,1,,,,,,,,,,,,,,,,,,,,,,,,,,,,,,,,
2096,Vòng Hồi Phục_Phụ,0,0,1,13,,,15,31,,,1,,3312,,,,,,,,,,,,,,,,,,,,,,,,,,,,,,
2152,Trác Phi Phàm Xung Thích_Phụ,1,140,0,12,,,,6,,,,,,,,110,,,,,,,,,,,,,,,,,,,,,,,,,,,
2239,Chém,0,0,0,10,,,,3,,,,,3027,,,120,,,,,,,,,,1,,,,,,,,,,,,,,,,,
2241,Thiên Ngoại Phi Tiên_Phụ,1,140,0,12,,,,6,,,,,3027,,,110,,,,,,,,,,,,,,,,,,,,,,,,,,,
2242,Tuyệt Tình Đoạn Kiếm,0,0,0,10,,,,3,,,,,167,,,120,,,,,,,,,,1,,,,,,,,,,,,,,,,,
2243,Liệt Hỏa Tình Thiên,1,100,1,12,,,,15,,,,56,,,,,,,,,,,5,,,1,,,,,,,,,,,,,,,,,
2244,Liệt Hỏa Tình Thiên_Phụ 1,1,100,1,12,,,,15,,,,,3026,,,,,,,,,,5,,,1,,,,,,,,,,,,,,,,,
2251,Lang Vương Trảo Kích,0,0,0,1,,,,3,,,,,3022,,,,,,,,,,,,,,,,,,,,,,,,,,,,,,
2253,Cuồng Bôn Đột Tập_Phụ 1,0,0,0,5,,,,2,,1,,,3022,,,,,,,,,,,,,,,,,,,,,,,,,,,,,,
2254,Cuồng Bôn Đột Tập_Phụ 2,0,0,0,0,,,,25,,,,6508,,,,,,,,,,,,,,,,,,,,,,,,,,,,,,,
2258,Kình Nỏ Xa-Đánh Thường,1,120,0,12,,,,15,,,,132,,,,,,,,,,,10,,,1,,,,,,,,,,,,,,,,,
2259,Kình Nỏ Xa-Đánh Thường_Sát thương,1,120,0,12,,,,9,,,,,3403,,,,,,,,,,10,,,1,,,,,,,,,,,,,,,,,
2260,Kình Nỏ Xa-Nỏ Hình Quạt,1,140,0,8,,,,8,,,,,3407,2,,,,,,,,,,,,1,,,,,,,,,,,,,,,,,
2261,Kình Nỏ Xa-Nỏ Hình Quạt_Hiệu quả,1,120,0,8,,,,15,,,,132,,,,,,,,,,,10,,,1,,,,,,,,,,,,,,,,,
2309,Pháo Hoa,0,0,0,7,,,,30,,,,2309,,,,,,,,,,,,,,1,,,,,,,,,,,,,,,,,
2315,Pháo Hoa Nhỏ,0,0,0,11,,,,45,,,,2315,,,,,,,,,,,,,,1,,,,,,,,,,,,,,,,,
2341,Hình chữ nhật 8x2 ô,0,0,0,11,,,,30,,,,2341,,,,,,,,,,,,,,1,,,,,,,,,,,,,,,,,
2342,Hình chữ nhật 8x3 ô,0,0,0,11,,,,30,,,,2342,,,,,,,,,,,,,,1,,,,,,,,,,,,,,,,,
2349,Hình chữ nhật 30x2 ô,0,0,0,11,,,,30,,,,2349,,,,,,,,,,,,,,1,,,,,,,,,,,,,,,,,
2352,Băng Sương Xung Phong_Sát thương,1,140,0,8,,,,6,,,,,3025,,,110,,,,,,,,,,0,,,,,,,,,,,,,,,,,
2353,Băng Sương Xung Phong_Hiệu quả,0,0,0,8,,,,20,,,,25,,,,0,,,,,,,,,,1,,,,,,,,,,,,,,,,,
2355,Lôi Điện Xung Phong_Sát thương,1,140,0,8,,,,6,,,,,5385,,,110,,,,,,,,,,0,,,,,,,,,,,,,,,,,
2356,Lôi Điện Xung Phong_Hiệu quả,0,0,0,8,,,,20,,,,1318,,,,0,,,,,,,,,,1,,,,,,,,,,,,,,,,,
2358,Phá Thổ Xung Phong_Sát thương,1,140,0,8,,,,6,,,,,3027,,,110,,,,,,,,,,0,,,,,,,,,,,,,,,,,
2359,Phá Thổ Xung Phong_Hiệu quả,0,0,0,8,,,,20,,,,18,,,,0,,,,,,,,,,1,,,,,,,,,,,,,,,,,
2361,Hỏa Diệm Xung Phong_Sát thương,1,140,0,8,,,,6,,,,,3026,,,110,,,,,,,,,,0,,,,,,,,,,,,,,,,,
2362,Hỏa Diệm Xung Phong_Hiệu quả,0,0,0,8,,,,20,,,,52,,,,0,,,,,,,,,,1,,,,,,,,,,,,,,,,,
2363,Hoành Tảo_Vàng,0,0,0,7,,,,3,,,,,166,,,90,,,,,,,,,,1,,,,,,,,,,,,,,,,,
2364,Hoành Tảo_Lam,0,0,0,7,,,,3,,,,,167,,,90,,,,,,,,,,1,,,,,,,,,,,,,,,,,
2365,Hoành Tảo_Đỏ,0,0,0,7,,,,3,,,,,168,,,90,,,,,,,,,,1,,,,,,,,,,,,,,,,,
2366,Hoành Tảo_Lục,0,0,0,7,,,,3,,,,,169,,,90,,,,,,,,,,1,,,,,,,,,,,,,,,,,
2367,Vòng Sáng_Kim,3,0,1,15,,,15,75,,,1,2367,,,,,,,,,,,,,,1,,,,,,,,,,,,,,,,,
2368,Vòng Sáng_Thủy,3,0,1,15,,,15,75,,,1,2368,,,,,,,,,,,,,,1,,,,,,,,,,,,,,,,,
2369,Vòng Sáng_Hỏa,3,0,1,15,,,15,75,,,1,2369,,,,,,,,,,,,,,1,,,,,,,,,,,,,,,,,
2370,Vòng Sáng_Mộc,3,0,1,15,,,15,75,,,1,2370,,,,,,,,,,,,,,1,,,,,,,,,,,,,,,,,
2371,Đại Địa Trùng Niên,0,0,1,28,,,,5,,,,,3024,,,,,,,,,,,,,1,,,,,,,,,,,,,,,,,
2372,Đại Địa Trùng Niên_Hiệu ứng,0,0,1,28,,,,25,,,,18,,,,,1,,,,,,,,,1,,,,,,,,,,,,,,,,,
2373,Sương Tuyết Thiên,0,0,1,28,,,8,17,,,1,,3025,,,,,,,,,,,,,1,,,,,,,,,,,,,,,,,
2374,Sương Tuyết Thiên_Hiệu ứng,0,0,1,28,,,,25,,,1,1377,,,,,1,,,,,,,,,1,,,,,,,,,,,,,,,,,
2375,Thiên Cơ Lạc Vẫn,0,0,1,28,,,,5,,,,,3026,,,,,,,,,,,,,1,,,,,,,,,,,,,,,,,
2376,Thiên Cơ Lạc Vẫn_Hiệu Ứng,0,0,1,28,,,,25,,,,1327,,,,,1,,,,,,,,,1,,,,,,,,,,,,,,,,,
2377,Long Quyển Nộ,0,0,1,28,,,8,17,,,1,,3027,,,,,,,,,,,,,1,,,,,,,,,,,,,,,,,
2378,Long Quyển Nộ_Hiệu ứng,0,0,1,28,,,,25,,,1,62,,,,,1,,,,,,,,,1,,,,,,,,,,,,,,,,,
2380,Ngũ Tinh Địa Thích,1,40,1,2,,,,20,,,,,,,,,,,,,,,,,,1,,,,,,,,,,,,,,,,,
2381,Ngũ Tinh Địa Thích_Phụ,0,0,0,2,,,1,8,,,,1827,,,,,,,,,,,,,,1,,,,,,,,,,,,,,,,,
2382,Ngũ Tinh Thủy Châu,1,40,1,2,,,,20,,,,1350,,,,100,,,,,,,,,,1,,,,,,,,,,,,,,,,,
2383,Ngũ Tinh Hỏa Cầu,1,40,1,2,,,,20,,,,1323,,,,100,,,,,,,,,,1,,,,,,,,,,,,,,,,,
2384,Ngũ Tinh Lạc Lôi,1,40,1,2,,,,25,,,,,,,,,,,,,,,,,,1,,,,,,,,,,,,,,,,,
2385,Ngũ Tinh Lạc Lôi_Phụ,0,0,0,2,,,1,30,,,,2385,,,,,,,,,,,,,,1,,,,,,,,,,,,,,,,,
2386,Ngũ Tinh Lạc Lôi_Địa Liệt,0,0,0,10,,,,15,,,,2386,,,,,,,,,,,,,,,,,,,,,,,,,,,,,,,
2387,Phun Lửa (Hình quạt),0,0,0,6,,,,40,,,,1383,,,,100,,,,,,,,,,1,,,,,,,,,,,,,,,,,
2388,Phun Lửa (Hình quạt)_Phụ,1,20,0,6,,,,12,,,,,3026,1,,,,,,,,,,,,1,,,,,,,,,,,,,,,,,
2389,Gió Lốc (Hình quạt),1,25,0,6,,,,23,,,,,3027,1,,,,,,,,,,,,,,,,,,,,,,,,,,,,,
2390,Gió Lốc (Hình quạt)_Hiệu quả,1,30,0,6,,,,27,,,,62,,,,100,,,,,,,,,,1,,,,,,,,,,,,,,,,,
2391,Băng Nhũ (Hình quạt),1,70,0,10,,,,10,,,,,3025,1,,,,,,,,,,,,,,,,,,,,,,,,,,,,,
2392,Băng Nhũ (Hình quạt)_Hiệu quả,1,75,0,10,,,,12,,,,2560,,,,100,,,,,,,,,,1,,,,,,,,,,,,,,,,,
2393,Khai Thiên Tịch Địa (Hình quạt),1,45,0,6,,,,16,,,,,3024,1,,,,,,,,,,,,,,,,,,,,,,,,,,,,,
2394,Khai Thiên Tịch Địa (Hình quạt)_Phụ 1,1,50,0,6,,,,16,,,,,,,,,,,,,,,,,,1,,,,,,,,,,,,,,,,,
2395,Khai Thiên Tịch Địa (Hình quạt)_Hiệu quả,0,0,0,6,,,,40,,,,24,,,,,,,,,,,,,,1,,,,,,,,,,,,,,,,,
2396,Cơ quan-Gió Lốc nổi lên,0,0,1,18,,,,30,,,,62,,,,120,,,,,,,,,,,,,,,,,,,,,,,,,,,
2397,Cơ quan-Gió Lốc nổi lên_Phụ,0,0,1,18,,,,30,,,,,,,,,,,,,,,,,,,,,,,,,,,,,,,,,,,
2398,Vòng Sáng_Phản Đòn,0,0,1,36,,,,16,,,,,,,,,,,,,,,,,,,,,,,,,,,,,,,,,,,
2399,Vòng Sáng_Phản Đòn_Phụ,0,0,1,36,,,,16,,,,,,,,,,,,,,,,,,,,,,,,,,,,,,,,,,,
2400,Vòng Sáng_Phản Xạ,0,0,1,18,,,,16,,,,,,,,,,,,,,,,,,,,,,,,,,,,,,,,,,,
2401,Vòng Sáng_Phản Xạ_Phụ,0,0,1,18,,,,16,,,,,,,,,,,,,,,,,,,,,,,,,,,,,,,,,,,
2404,Vòng Sáng Trúng Độc,0,0,1,36,,,,16,,,,,3027,,,,,,,,,,,,,1,,,,,,,,,,,,,,,,,
2406,Bẫy Chu Kỳ-Hỏa Diệm,3,0,1,12,,,15,150,,,1,2404,,,,,,,,,,,,,,1,,,,,,,,,,,,,,,,,
2407,Bẫy diệt nhanh-Sương Độc,3,0,1,12,,,15,150,,,1,2404,,,,,,,,,,,,,,1,,,,,,,,,,,,,,,,,
2408,Phun Sương Độc,0,0,1,6,,,,40,,,,2408,,,,100,,,,,,,,,,1,,,,,,,,,,,,,,,,,
2409,Phun Sương Độc_Phụ,1,25,1,6,,,,15,,,,401,3027,,,140,,,,,,,,,,1,,,,,,,,,,,,,,,,,
2410,Phun Sương Băng,0,0,1,6,,,,40,,,,2410,,,,100,,,,,,,,,,1,,,,,,,,,,,,,,,,,
2411,Phun Sương Băng_Phụ,1,25,1,6,,,,15,,,,,3025,,,140,,,,,,,,,,1,,,,,,,,,,,,,,,,,
2412,Phun Lửa,0,0,1,6,,,,40,,,,2412,,,,100,,,,,,,,,,1,,,,,,,,,,,,,,,,,
2413,Phun Lửa_Phụ,1,25,1,6,,,,15,,,,,3026,,,140,,,,,,,,,,1,,,,,,,,,,,,,,,,,
2414,Phun Sét,0,0,1,6,,,,10,,,,2414,,,,,,,,,,,,,,1,,,,,,,,,,,,,,,,,
2415,Phun Sét_Phụ,1,25,1,6,,,,10,,,,,5385,,,140,,,,,,,,,,1,,,,,,,,,,,,,,,,,
2419,Thi Bộc_Hiệu ứng,0,0,1,25,,,,10,,,,1396,,,,,,,,,,,,,,1,,,,,,,,,,,,,,,,,
2420,Thi Bộc_Sát thương,0,0,1,25,,,,5,,,,,,,,,,,,,,,,,,1,,,,,,,,,,,,,,,,,
2421,Ngũ Tinh Địa Thích_Sát thương,1,25,0,6,,,,20,,,,,3024,1,,,,,,,,,,,,,,,,,,,,,,,,,,,,,
2422,Ngũ Tinh Thủy Châu_Sát thương,1,35,0,8,,,,15,,,,,3025,1,,,,,,,,,,,,,,,,,,,,,,,,,,,,,
2423,Ngũ Tinh Hỏa Cầu_Sát thương,1,35,0,8,,,,15,,,,,3026,1,,,,,,,,,,,,,,,,,,,,,,,,,,,,,
2424,Ngũ Tinh Lạc Lôi_Sát thương,1,25,0,5,,,,20,,,,,5385,1,,,,,,,,,,,,,,,,,,,,,,,,,,,,,
2425,Phun Sét (Hình quạt),0,0,1,2,,,,15,,,,2425,,,,,,,,,,,,,,1,,,,,,,,,,,,,,,,,
2426,Phun Sét (Hình quạt)_Phụ,0,0,0,10,,,,3,,,,,5385,,,112,,,,,,,,,,1,,,,,,,,,,,,,,,,,
2427,Đại Địa Trùng Niên,0,0,1,28,,,,61,,,,,3024,,,,,,,,,,,,,1,,,,,,,,,,,,,,,,,
2428,Đại Địa Trùng Niên_Hiệu ứng,0,0,1,28,,,,25,,,,18,,,,,1,,,,,,,,,1,,,,,,,,,,,,,,,,,
2429,Đại Địa Trùng Niên_Sát thương,0,0,1,28,,,,5,,,,,3024,,,,,,,,,,,,,1,,,,,,,,,,,,,,,,,
2430,Sương Tuyết Thiên,0,0,1,28,,,,61,,,,,,,,,,,,,,,,,,1,,,,,,,,,,,,,,,,,
2431,Sương Tuyết Thiên_Hiệu ứng,0,0,1,28,,,,25,,,,1377,,,,,1,,,,,,,,,1,,,,,,,,,,,,,,,,,
2432,Sương Tuyết Thiên_Sát thương,0,0,1,28,,,,5,,,,,3025,,,,,,,,,,,,,1,,,,,,,,,,,,,,,,,
2433,Thiên Cơ Lạc Vẫn,0,0,1,28,,,,61,,,,,,,,,,,,,,,,,,1,,,,,,,,,,,,,,,,,
2434,Thiên Cơ Lạc Vẫn_Hiệu Ứng 1,0,0,1,28,,,,25,,,,1327,,,,,1,,,,,,,,,1,,,,,,,,,,,,,,,,,
2436,Thiên Cơ Lạc Vẫn_Sát thương,0,0,1,28,,,,5,,,,,3026,,,,,,,,,,,,,1,,,,,,,,,,,,,,,,,
2437,Long Quyển Nộ,0,0,1,28,,,,89,,,,62,,,,,,,,,,,,,,1,,,,,,,,,,,,,,,,,
2438,Long Quyển Nộ_Sát thương,0,0,1,28,,,15,76,,,1,,3027,,,,,,,,,,,,,1,,,,,,,,,,,,,,,,,
2440,Va Chạm 1_Phụ,0,0,1,14,,,,3,,,,,3024,,,,,,,,,,,,,1,,,,,,,,,,,,,,,,,
2442,Va Chạm 2_Phụ,0,0,1,14,,,,3,,,,,3025,,,,,,,,,,,,,1,,,,,,,,,,,,,,,,,
2444,Va Chạm 3_Phụ,0,0,1,14,,,,3,,,,,3026,,,,,,,,,,,,,1,,,,,,,,,,,,,,,,,
2446,Va Chạm 4_Phụ,0,0,1,14,,,,3,,,,,3027,,,,,,,,,,,,,1,,,,,,,,,,,,,,,,,
2447,Hạn Địa Lôi,1,60,0,6,,,,15,,,,,5385,,,,,,,,,,,,,1,,,,,,,,,,,,,,,,,
2448,Hạn Địa Lôi_Hiệu quả,1,60,0,6,,,,15,,,,2425,,,,-400,,,,,,,,,,1,,,,,,,,,,,,,,,,,
2449,Kích Quang Toàn Chuyển,3,,1,28,,,,5,,,,,,,,,,,,,,,,,,1,,,,,,,1,,,,,,,,,,
2450,Kích Quang Toàn Chuyển_Hiệu ứng,0,0,1,28,,,,6,,,,9151,,,,,0,,,,,,,,,1,,,,,,,,,,,,,,,,,
2451,Kích Quang Toàn Chuyển_Sát thương,1,425,1,2,,,,2,,,,,3024,,,,,,,,,,,,,1,,,,,,,,,,,,,,,,,
2453,Hồ Bẫy Duy Trì-Độc,0,0,1,10,,,15,150,,,1,1396,,,,,1,,,,,,,,,1,,,,,,,,,,,,,,,,,
2454,Hồ Bẫy Duy Trì-Hỏa,0,0,1,10,,,15,150,,,1,52,,,,,1,,,,,,,,,1,,,,,,,,,,,,,,,,,
2457,Phun Sương Độc,0,0,1,2,,,,40,,,,2457,,,,100,,,,,,,,,,1,,,,,,,,,,,,,,,,,
2458,Phun Sương Độc_Phụ,0,0,0,10,,,6,20,,,1,,3027,,,140,,,,,,,,,,1,,,,,,,,,,,,,,,,,
2459,Phun Sương Băng,0,0,1,2,,,,40,,,,2459,,,,100,,,,,,,,,,1,,,,,,,,,,,,,,,,,
2460,Phun Sương Băng_Phụ,0,0,0,10,,,6,20,,,1,,3025,,,140,,,,,,,,,,1,,,,,,,,,,,,,,,,,
2461,Phun Lửa,0,0,1,2,,,,40,,,,2461,,,,100,,,,,,,,,,1,,,,,,,,,,,,,,,,,
2462,Phun Lửa_Phụ,0,0,0,10,,,6,20,,,1,,3026,,,140,,,,,,,,,,1,,,,,,,,,,,,,,,,,
2463,Phun Sét,0,0,1,2,,,,10,,,,2463,,,,,,,,,,,,,,1,,,,,,,,,,,,,,,,,
2464,Phun Sét_Phụ,0,0,0,10,,,,3,,,,,5385,,,140,,,,,,,,,,1,,,,,,,,,,,,,,,,,
2465,Vòng Sáng Trúng Độc_Phụ,0,0,0,42,,,,3,,,,,3027,,,,,,,,,,,,,1,,,,,,,,,,,,,,,,,
2468,Bẫy Diệt Nhanh-Nước Độc,0,0,1,15,,,,16,,,,,,,,,,,,,,,,,,1,,,,,,,,,,,,,,,,,
2469,Bẫy Diệt Nhanh-Nước Độc_Phụ,0,0,1,15,,,,45,,,,,3027,,,,,,,,,,,,,1,,,,,,,,,,,,,,,,,
2471,Va Chạm Khống Chế Thổ 5_Phụ,0,0,1,14,,,,3,,,,,3024,,,,,,,,,,,,,1,,,,,,,,,,,,,,,,,
2473,Mộc Hệ Xung Phong_Sát thương,1,140,0,8,,,,6,,,,,3027,,,110,,,,,,,,,,0,,,,,,,,,,,,,,,,,
2474,Mộc Hệ Xung Phong_Hiệu quả,0,0,0,8,,,,20,,,,27,,,,0,,,,,,,,,,1,,,,,,,,,,,,,,,,,
2475,Hoành Tảo_Thổ,0,0,0,7,,,,3,,,,,170,,,90,,,,,,,,,,1,,,,,,,,,,,,,,,,,
2476,Vòng Sáng_Thổ,3,0,1,15,,,15,75,,,1,2476,,,,,,,,,,,,,,1,,,,,,,,,,,,,,,,,
2477,Lạc Lôi,0,0,1,28,,,,25,,,,1314,,,,,,,,,,,,,,,,,,,,,,,,,,,,,,,
2478,Lạc Lôi_Sát thương,0,0,1,28,,,,3,,,,,,,,,,,,,,,,,,,,,,,,,,,,,,,,,,,
2479,Lạc Lôi_Hiệu quả Địa Liệt,0,0,1,28,,,,25,,,,1318,,,,,,,,,,,,,,,,,,,,,,,,,,,,,,,
2480,Ngũ Lôi Oanh Đỉnh,0,0,1,28,,,,61,,,,,,,,,,,,,,,,,,1,,,,,,,,,,,,,,,,,
2481,Ngũ Lôi Oanh Đỉnh_Hiệu ứng 1,0,0,1,28,,,,25,,,,1314,,,,,1,,,,,,,,,1,,,,,,,,,,,,,,,,,
2482,Ngũ Lôi Oanh Đỉnh_Hiệu ứng 2,0,0,1,28,,,,25,,,,1318,,,,,,,,,,,,,,,,,,,,,,,,,,,,,,,
2483,Ngũ Lôi Oanh Đỉnh_Sát thương,0,0,1,28,,,,5,,,,,,,,,,,,,,,,,,1,,,,,,,,,,,,,,,,,
2484,Ngũ Tinh Độc Tiêu,1,40,1,2,,,,20,,,,1394,,,,100,,,,,,,,,,1,,,,,,,,,,,,,,,,,
2485,Ngũ Tinh Độc Tiêu_Sát thương,1,35,0,8,,,,15,,,,,3027,1,,,,,,,,,,,,,,,,,,,,,,,,,,,,,
2486,Kim Bán Nguyệt,1,60,0,6,,,,15,,,,2486,3024,,,,,,,,,,,,,1,,,,,,,,,,,,,,,,,
2487,Gió Lốc,1,60,0,6,,,,15,,,,62,3027,,,,,,,,,,,,,1,,,,,,,,,,,,,,,,,
2488,Sóng Nước,1,60,0,6,,,,15,,,,310,3025,,,,,,,,,,,,,1,,,,,,,,,,,,,,,,,
2489,Hỏa Cầu Lăn,1,60,0,6,,,,15,,,,56,3026,,,,,,,,,,,,,1,,,,,,,,,,,,,,,,,
2490,Điện Qua,1,45,0,6,,,,12,,,,,5385,1,,,,,,,,,,,,,,,,,,,,,,,,,,,,,
2491,Xoáy Điện_Phụ 1,1,50,0,6,,,,12,,,,,,,,,,,,,,,,,,1,,,,,,,,,,,,,,,,,
2492,Xoáy Điện_Hiệu quả,0,0,0,6,,,,40,,,,4375,,,,,,,,,,,,,,1,,,,,,,,,,,,,,,,,
2493,Hồ Bẫy Duy Trì-Độc (6m),0,0,1,22,,,15,150,,,1,,,,,,1,,,,,,,,,1,,,,,,,,,,,,,,,,,
2494,Hồ Bẫy Duy Trì-Độc (6m)_Hiệu ứng,0,0,1,22,,,,150,,,,1396,,,,,1,,,,,,,,,1,,,,,,,,,,,,,,,,,
2495,Địa Diệm Hỏa,0,0,1,15,,,,5,,,,,3026,,,,1,,,,,,,,,1,,,,,,,,,,,,,,,,,
2496,Địa Diệm Hỏa_Hiệu ứng,0,0,1,15,,,,30,,,,2496,,,,,1,,,,,,,,,1,,,,,,,,,,,,,,,,,
2497,Bẫy Lửa,0,0,1,36,,,,16,,,,,,,,,,,,,,,,,,1,,,,,,,,,,,,,,,,,
2498,Bẫy Lửa_Phụ,0,0,1,17,,,8,33,,,1,,3027,,,,,,,,,,,,,1,,,,,,,,,,,,,,,,,
2499,Tỉ lệ nổ mất SL,0,0,1,10,,,,3,,,,,3026,,,,,,,,,,,,,1,,,,,,,,,,,,,,,,,
2501,Hoàng Long Thổ Thúy,1,60,0,5,,,,30,,1,,1570,3027,,,50,,,,,,,,,,,,,,,,,,,,,,,,,,,
2502,Mãn Thành Hoa Vũ,0,0,1,12,,,,50,,,1,1578,,,,,,,,,,,,,,,,,,,,,,,,,,,,,,,
2503,Mãn Thành Hoa Vũ_Phụ,0,0,1,12,,,,15,,,,,,,,,,,,,,,,,,,,,,,,,,,,,,,,,,,
2506,Yến Vũ_Phụ 1,0,0,1,17,,,,3,,,,,3024,,,,,,,,,,,,,,,,,,,,,,,,,,,,,,
2508,Tinh Nguyệt Thương Pháp,0,0,1,10,,,,8,,,,,166,,,125,,,,,,,,,,1,,,,,,,,,,,,,,,,,
2509,Hoành Tảo Thiên Quân,0,0,1,15,,,,5,,,,2509,166,,,70,,,,,,,5,,,1,,,,,,,,,,,,,,,,,
2513,Truy Phong Tiễn,1,100,1,5,,,,7,,,,129,3403,,,,,,,,,,30,,,1,,,,,,,,,,,,,,,,,
2514,Thiết Kỵ Đột Tập,1,50,1,4,,,,30,,,,401,3401,,,100,,,,,,,,,,1,,,,,,,,,,,,,,,,,
2516,Vạn Tiễn Tề Phát,1,100,1,5,,,,7,,,,,3403,,,,,,,,,,30,,,1,,,,,,,,,,,,,,,,,
2517,Vạn Tiễn Tề Phát_Hiệu Quả,1,100,1,5,,,,7,,,,132,,,,,,,,,,,30,,,1,,,,,,,,,,,,,,,,,
2518,Hoa Sơn Kiếm Pháp,1,120,0,8,,,,6,,,,126,,,,,,,,,,,,,,1,,,,,,,,,,,,,,,,,
2519,Kim Xà Kiếm Quyết,0,,0,6,,,,6,,,,119,,,,,,,,,,,,,,1,,,,,,,,,,,,,,,,,
2520,Kim Xà Kiếm Quyết_Phụ,1,80,1,4,,,,10,,,,119,,,,,,,,,,,10,,,1,,,,,,,,,,,,,,,,,
2522,Triết Biệt-Vòng sáng chia sẻ,0,0,0,30,,,,16,,,,,,,,,,,,,,,,,,,,,,,,,,,,,,,,,,,
2523,Thái Ất Sinh Phong,1,60,0,8,,,,15,,,,62,,,,,,,,,,,,,,1,,,,,,,,,,,,,,,,,
2524,Xuyên Tâm Thích,1,90,0,3,,,,8,,,,41,3027,,,,,,,,,,,,,,,,,,,,,,,,,,,,,,
2525,Nhiếp Hồn Hồi Toàn,6,50,0,5,,,,20,,,,1392,,,,100,,,,,,1,1,,,1,,,,,,,,,,,,,,,,,
2526,Nhiếp Hồn Hồi Toàn_Phụ,6,55,0,10,,,,20,,,,,3027,,,,,,,,,1,1,,,1,,,,,,,,,,,,,,,,,
2528,Vô Ảnh Thích,1,90,0,3,,,,4,,,,41,3027,,,,,,,,,,,,,,,,,,,,,,,,,,,,,,
2529,Hàn Sương Chưởng,0,0,0,14,,,,20,,,,122,,,,250,,,,,,,,,,1,,,,,,,,,,,,,,,,,
2530,Sương Độc,0,0,1,25,,,,90,,,1,1396,,,,,1,,,,,,,,,1,,,,,,,,,,,,,,,,,
2531,Sương Độc_Phụ,0,0,1,20,,,15,90,,,1,,,,,,1,,,,,,,,,1,,,,,,,,,,,,,,,,,
2532,Cắn xé,0,0,0,5,,,,3,,,,,146,,,,,,,,,,,,,,,,,,,,,,,,,,,,,,
2533,Tiềm Thổ Đột Thích,0,0,1,10,,,,10,,,,,3401,,,,,,,,,,,,,,,,,,,,,,,,,,,,,,
2534,Tiềm Thổ Đột Thích_Hiệu quả,0,0,0,3,,,,30,,,,1827,,,,,,,,,,,,,,1,,,,,,,,,,,,,,,,,
2537,Xé Toạc_Phụ 1,0,0,0,5,,,,2,,1,,,3022,,,,,,,,,,,,,,,,,,,,,,,,,,,,,,
2538,Xé Toạc_Phụ 2,0,0,0,0,,,,25,,,,6508,,,,,,,,,,,,,,,,,,,,,,,,,,,,,,,
2539,Trảo Kích,0,0,0,8,,,,10,,,,,165,,,,,,,,,,,,,,,,,,,,,,,,,,,,,,
2540,Mãnh Lực,0,0,0,9,,,,6,,,,,146,,,120,,,,,,,,,,1,,,,,,,,,,,,,,,,,
2541,Lôi Kích,0,0,1,6,,,,25,,,,,1314,,,,,,,,,,,,,,,,,,,,,,,,,,,,,,
2542,Lôi Kích_Sát thương,0,0,1,6,,,,3,,,,,,,,,,,,,,,,,,,,,,,,,,,,,,,,,,,
2543,Lôi Kích_Hiệu quả Địa Liệt,0,0,1,6,,,,25,,,,1318,,,,,,,,,,,,,,,,,,,,,,,,,,,,,,,
2544,Phong Vũ Nhẫn,1,60,0,3,,,,10,,,,160,3027,,,,,,,,,,10,,,1,,,,,,,,,,,,,,,,,
2546,Phi Sa Bộ Pháp_Phụ,0,0,0,20,,,,3,,,,,3024,,,,,,,,,,10,,,1,,,,,,,,,,,,,,,,,
2547,Phi Sa Bộ Pháp_Hiệu ứng,0,0,0,20,,,,25,,,,2670,,,,,,,,,,,10,,,1,,,,,,,,,,,,,,,,,
2549,Ảnh Phong Trảm,1,60,1,5,,,,20,,,,163,,,,,,,,,,,,,,1,,,,,,,,,,,,,,,,,
2550,Ảnh Phong Trảm_Phụ 1,1,60,0,8,,,,20,,,,,,,,,,,,,,,,,,1,,,,,,,,,,,,,,,,,
2551,Ảnh Phong Trảm_Phụ 2,0,0,1,5,,,,20,,,,173,,,,,,,,,,,,,,1,,,,,,,,,,,,,,,,,
2552,Giác Kích,0,0,0,5,,,,10,,,,,342,,,,,,,,,,,,,,,,,,,,,,,,,,,,,,
2553,Xoáy Nước,0,0,1,20,,,15,50,,,1,154,3025,,1,,,,,,,,,,,,,,,,,,,,,,,,,,,,
2556,Hàn Băng Xung Đỉnh_Phụ,0,0,0,12,,,,3,,,,,342,,,50,,,,,,,,,,1,,,,,,,,,,,,,,,,,
2557,Cung Tên,1,120,0,5,,,,10,,,,182,3401,,,,,,,,,,10,,,1,,,,,,,,,,,,,,,,,
2560,Băng Tâm Xuyên Vân,1,70,0,5,,,,30,,1,,2560,3025,,,50,,,,,,,,,,,,,,,,,,,,,,,,,,,
2561,Từ Hàng Phổ Độ,0,0,0,8,,,,40,,,,306,,,,,,,,,,,,,,,,,,,,,,,,,,,,,,,
2564,Dương Gia Kiếm Pháp,1,60,0,5,,,,3,,,,,,,,,,,,,,,,,,,,,,,,,,,,,,,,,,,
2565,Họa Địa Vi Lao,0,0,1,15,,,,5,,,,,3027,,,150,,,,,,,,,,1,,,,,,,,,,,,,,,,,
2566,Họa Địa Vi Lao_Phụ,0,0,1,12,,,,30,,,,2565,,,,100,,,,,,,,,,1,,,,,,,,,,,,,,,,,
2568,Độc Trảo,0,0,1,8,,,,3,,,,,4317,,,100,,,,,,,,,,,,,,,,,,,,,,,,,,,
2569,Hình Quạt_Phong Lãng,1,50,0,6,,,,8,,,,,3027,1,,,,,,,,,,,,,,,,,,,,,,,,,,,,,
2570,Hình Quạt_Phong Lãng_Hiệu quả,3,0,0,6,,,,30,,,,1548,,,,,,,,,,,,,,1,,,,,,,,,,,,,,,,,
2572,Hình Quạt_Gió Lốc,1,25,0,6,,,,28,,,,,,1,,,,,,,,,,,,,,,,,,,,,,,,,,,,,
2573,Hình Quạt_Gió Lốc_Hiệu quả,1,30,0,6,,,,40,,,,62,,,,100,,,,,,,,,,1,,,,,,,,,,,,,,,,,
2574,Thích sát,1,120,0,8,,,,3,,,,2574,167,,,,,,,,,,,,,1,,,,,,,,,,,,,,,,,
2575,Kiếm Thích,1,60,1,4,,,,30,,,,163,,,,,,,,,,,,,,1,,,,,,,,,,,,,,,,,
2576,Kiếm Thích_Phụ,0,0,1,4,,,,7,,,,1870,,,,,,,,,,,,,,1,,,,,,,,,,,,,,,,,
2578,Trọng Kiếm Phá Trần,0,0,1,10,,,,3,,,,,,,,,,,,,,,,,,,,,,,,,,,,,,,,,,,
2579,Trọng Kiếm Phá Trần_Hiệu quả Lạc Kiếm,0,0,1,10,,,,25,,,,1864,,,,,,,,,,,,,,,,,,,,,,,,,,,,,,,
2580,Trọng Kiếm Phá Trần_Hiệu quả Địa Liệt,0,0,1,10,,,,25,,,,1865,,,,,,,,,,,,,,,,,,,,,,,,,,,,,,,
2581,Trường Yên Lạc Nhật,0,0,0,3,,,,3,,,,,169,,,,,,,,,,,,,,,,,,,,,,,,,,,,,,
2582,Cô Sơn Ấn Nguyệt,1,30,1,12,,,,9,,,,,3027,,,,,,,,,,20,,,,,,,,,,,,,,,,,,,,
2583,Cô Sơn Ấn Nguyệt_Phụ,1,30,1,12,,,,9,,,,1485,,,,,,,,,,,20,,,,,,,,,,,,,,,,,,,,
2587,Kiếm Vũ,0,0,1,10,,,,3,,,,,,,,,,,,,,,,,,1,,,,,,,,,,,,,,,,,
2588,Kiếm Vũ_Sát thương,0,0,1,10,,,,3,,,,,,,,,,,,,,,,,,1,,,,,,,,,,,,,,,,,
2589,Kiếm Vũ_Hiệu Quả Lạc Kiếm,0,0,1,10,,,,25,,,,1481,,,,,,,,,,,,,,1,,,,,,,,,,,,,,,,,
2590,Kiếm Vũ_Hiệu Quả Địa Liệt,0,0,1,10,,,,25,,,,1865,,,,,,,,,,,,,,1,,,,,,,,,,,,,,,,,
2591,Trảm Sát,0,0,1,10,,,,20,,,,178,,,,0,,,,,,,,,,,,,,,,,,,,,,,,,,,
2592,Trảm Sát_Phụ,0,0,1,10,,,,3,,,,,,,,0,,,,,,,,,,,,,,,,,,,,,,,,,,,
2604,Oai Phong,0,0,0,64,,,,16,,,,,,,,,,,,,,,,,,,,,,,,,,,,,,,,,,,
2625,Ngân Châm,1,90,0,3,,,,8,,,,41,3027,,,,,,,,,,,,,,,,,,,,,,,,,,,,,,
2627,Ám Thích_Phụ 1,0,0,0,5,,,,2,,1,,,180,,,,,,,,,,,,,,,,,,,,,,,,,,,,,,
2628,Ám Thích_Phụ 2,0,0,0,0,,,,25,,,,,,,,,,,,,,,,,,,,,,,,,,,,,,,,,,,
2629,Đạn Chỉ Liệt Diệm,1,60,0,5,,,,12,,,,1323,3412,,,,,,,,,,,,,,,,,,,,,,,,,,,,,,
2630,Thiên Ngoại Lưu Tinh,0,0,1,15,,,,26,,,,,,,,,,,,,,,,,,1,,,,,,,,,,,,,,,,,
2631,Thiên Ngoại Lưu Tinh_Hiệu ứng Vẫn Thạch,0,0,1,10,,,,26,,,,1327,,,,,1,,,,,,,,,1,,,,,,,,,,,,,,,,,
2632,Thiên Ngoại Lưu Tinh_Hiệu ứng Địa Liệt,0,0,1,15,,,,30,,,,26,,,,,,,,,,,,,,1,,,,,,,,,,,,,,,,,
2633,Thiên Ngoại Lưu Tinh_Sát thương,0,0,1,34,,,,3,,,,,3412,,,,,,,,,,,,,1,,,,,,,,,,,,,,,,,
2634,Chém,0,0,0,1,,,,3,,,,,167,,,,,,,,,,,,,,,,,,,,,,,,,,,,,,
2635,Khốn Long Công,0,0,1,15,,,,5,,,,,3026,,,,1,,,,,,,,,1,,,,,,,,,,,,,,,,,
2636,Khốn Long Công_Phụ,0,0,1,15,,,,20,,,,2636,,,,,1,,,,,,,,,1,,,,,,,,,,,,,,,,,
2637,Chém,0,0,0,8,,,,3,,,,,3024,,,100,,,,,,1,,1000,3,1,,,,,,,,,,,,,,,,,
2638,Bá Đao,0,0,0,2,,,,5,,,,,3026,,,,,,,,,,,1000,3,,,,,,,,,,,,,,,,,,
2639,Xuyên Tâm Thích,1,90,0,3,,,,8,,,,41,3027,,,,,,,,,,,,,,,,,,,,,,,,,,,,,,
2640,Trọng Kích,0,0,1,10,,,,3,,,,,180,,,,,,,,,,,,,,,,,,,,,,,,,,,,,,
2641,Phong Hoa Tuyết Nguyệt,1,80,0,5,,,,9,,,,2641,3025,,,50,,,,,,,,,,,,,,,,,,,,,,,,,,,
2642,Băng Tâm Tiên Tử,1,50,0,8,,,,15,,,,2642,3025,,,,,,,,,,,,,,,,,,,,,,,,,,,,,,
2643,Băng Tâm Tiên Tử_Phụ,0,0,0,8,,,,6,,,,2643,,,,,,,,,,,,,,,,,,,,,,,,,,,,,,,
2645,Phá Thiên Trảm ,0,0,0,1,,,,3,,,,,167,,,,,,,,,,,,,,,,,,,,,,,,,,,,,,
2648,Chém,0,0,0,1,,,,3,,,,,167,,,,,,,,,,,,,,,,,,,,,,,,,,,,,,
2649,Thiên Vương Thương Pháp,0,0,0,1,,,,3,,,,,168,,,,,,,,,,,,,,,,,,,,,,,,,,,,,,
2650,Nỏ Tiễn,1,90,0,3,,,,8,,,,40,3026,,,,,,,,,,,,,,,,,,,,,,,,,,,,,,
2651,Tên trong quạt,1,80,0,3,,,,8,,1,,41,3027,,,,,,,,,,,,,,,,,,,,,,,,,,,,,,
2652,Hỏa Cầu Thuật,1,60,0,6,,,,15,,1,,1835,3026,,,50,,,,,,,,,,1,,,,,,,,,,,,,,,,,
2653,Cung Tên,1,120,0,5,,,,10,,,,182,3024,,,,,,,,,,10,,,1,,,,,,,,,,,,,,,,,
2655,Nỏ Tiễn Liên Hoàn,1,60,0,9,,,,10,,,,,3026,,,,,,,,,,10,,,,,,,,,,,,,,,,,,,,
2656,Nỏ Tiễn Liên Hoàn_Phụ,1,60,0,9,,,,10,,,,40,,,,,,,,,,,10,,,,,,,,,,,,,,,,,,,,
2657,Tiềm Thổ Băng Thích,1,60,0,8,,,,10,,,,,3025,,,,,,,,,,,,,,,,,,,,,,,,,,,,,,
2658,Tiềm Thổ Băng Thích_Phụ 1,1,60,0,8,,,,10,,,,,,,,,,,,,,,,,,,,,,,,,,,,,,,,,,,
2659,Tiềm Thổ Băng Thích_Phụ 2,1,0,0,8,,,,15,,,,346,,,,,,,,,,,,,,,,,,,,,,,,,,,,,,,
2660,Tán Tiêu,1,80,0,7,,,,8,,,,,3027,1,,,,,,,,,,,,1,,,,,,,,,,,,,,,,,
2661,Tán Tiêu_Hiệu quả,1,60,0,6,,,,13,,,,41,,,,80,,,,,,,,,,1,,,,,,,,,,,,,,,,,
2662,Bán Nguyệt Trảm,1,100,0,5,,,,10,,,,160,3027,,,,,,,,,,,,,1,,,,,,,,,,,,,,,,,
2663,Hỏa Cầu x3,1,60,0,6,,,,15,,,,1835,3026,,,,,,,,,,,,,1,,,,,,,,,,,,,,,,,
2664,Trọng Tiễn,1,130,0,7,,,,10,,,,129,3403,,,,,,,,,,10,,,1,,,,,,,,,,,,,,,,,
2665,Hàn Chưởng,0,0,0,3,,,,3,,,,,342,,,,,,,,,,,,,,,,,,,,,,,,,,,,,,
2666,Hàn Băng Thích ,0,0,0,4,,,,3,,,,,342,,,,,,,,,,,,,,,,,,,,,,,,,,,,,,
2667,Hàn Băng Thích_Hiệu quả,0,0,0,4,,,,15,,,,346,,,,,,,,,,,,,,,,,,,,,,,,,,,,,,,
2668,Khai Thiên Phách Địa,1,120,0,7,,,,6,,,,,,,,,,,,,,,,,,,,,,,,,,,,,,,,,,,
2669,Khai Thiên Phách Địa_Hiệu quả,0,0,0,7,,,,15,,,,1488,,,,250,,,,,,,,,,,,,,,,,,,,,,,,,,,
2670,Cuồng Phong Trục Nhật,0,0,0,20,,,,5,,,,,3024,,,,,,,,,,,,,,,,,,,,,,,,,,,,,,
2671,Hành Sơn Tuyết,0,0,0,10,,,,3,,,,,3027,,,120,,,,,,,,,,1,,,,,,,,,,,,,,,,,
2673,Mãn Giang Hồng_Phụ,1,140,0,12,,,,6,,,,,3027,,,110,,,,,,,,,,,,,,,,,,,,,,,,,,,
2674,Thuộc tính cộng hưởng,0,0,0,45,,,,16,,,,,,,,,,,,,,,,,,,,,,,,,,,,,,,,,,,
2676,Vân Long Kích,0,0,0,1,,,,3,,,,,167,,,,,,,,,,,,,,,,,,,,,,,,,,,,,,
2677,Phong Sương Toái Ảnh,0,0,0,64,,,,2,,,,,,,,,,,,,,,,,,,,,,,,,,,,,,,,,,,
2678,Phong Sương Toái Ảnh_Trì Hoãn,3,60,0,21,,,,30,,,,401,3025,,,,,,,,,,,,,,,,,,,,,,,,,,,,,,
2685,Xuyên Ảnh Trảm_Phụ 1,1,80,0,5,,,,5,,,,1869,167,,,,,,,,,,10,,,,,,,,,,,,,,,,,,,,
2686,Xuyên Ảnh Trảm_Phụ 2,0,0,0,0,,,,25,,,,,,,,,,,,,,,,,,,,,,,,,,,,,,,,,,,
2687,Lăng Tuyệt Kiếm Khí,1,60,0,5,,,,11,,,,1340,3026,,,,,,,,,,5,,,,,,,,,,,,,,,,,,,,
2688,Huyền Minh Hấp Tinh,0,0,1,20,,,,3,,,,,3026,,,,,,,,,,,,,,,,,,,,,,,,,,,,,,
2689,Huyền Minh Hấp Tinh_Phụ,1,60,1,10,,,,6,,,,40,,,,-300,,,,,,,,,,,,,,,,,,,,,,,,,,,
2690,Phong Chưởng,0,0,0,1,,,,3,,,,,3027,,,,,,,,,,,,,,,,,,,,,,,,,,,,,,
2691,Nộ Phong Phá Tập,1,60,1,4,,,,25,,,,62,,,,,,,,,,,,,,1,,,,,,,,,,,,,,,,,
2692,Trọng Quyền,0,0,0,8,,,,3,,,,,180,,,100,,,,,,,,,,1,,,,,,,,,,,,,,,,,
2693,Phi Kiếm,1,80,1,5,,,,10,,1,,1485,3027,,,,,,,,,,,,,,,,,,,,,,,,,,,,,,
2694,Độc Thích Cốt,1,100,0,15,,,,4,,,,,3027,,,50,,,,,,,,,,,,,,,,,,,,,,,,,,,
2695,Độc Thích Cốt_Phụ,1,100,0,15,,,,4,,,,41,,,,50,,,,,,,,,,,,,,,,,,,,,,,,,,,
2696,Cầu Vòng,1,60,0,6,,,,10,,1,,2696,3025,,,50,,,,,,,,,,,,,,,,,,,,,,,,,,,
2697,Hoành Tảo Nhất Kích,0,0,0,15,,,,3,,,,,168,,,120,,,,,,,,,,1,,,,,,,,,,,,,,,,,
2698,Giang Nam Như Yên,1,80,0,6,,,,10,,,,3304,342,,,50,,,,,,,,,,,,,,,,,,,,,,,,,,,
2700,Bẫy Liên Tục 5,0,0,1,36,,,,16,,,,,,,,,,,,,,,,,,1,,,,,,,,,,,,,,,,,
2701,Bẫy Liên Tục 5_Phụ,3,0,1,8,,,10,33,,,1,,3027,,,,,,,,,,,,,1,,,,,,,,,,,,,,,,,
2702,Huyền Thiên Võ Cơ-Đánh Thường,0,0,1,9,,,,25,,,,24,,,,120,,,,,,,,,,,,,,,,,,,,,,,,,,,
2703,Huyền Thiên Võ Cơ-Đánh Thường_Phụ,0,0,1,9,,,,3,,,,,180,,,120,,,,,,,,,,,,,,,,,,,,,,,,,,,
2704,Huyền Thiên Võ Cơ-Kỹ năng 1,0,0,0,15,,,,3,,,,,168,,,120,,,,,,,,,,1,,,,,,,,,,,,,,,,,
2706,Huyền Thiên Võ Cơ-Kỹ năng 2,3,0,1,28,,,,30,,,,1383,,,,,,,,,,,,,,1,,,,,,,1,,,,,,,,,,
2707,Huyền Thiên Võ Cơ-Kỹ năng 2_Phụ 2,0,0,1,28,,,,3,,,,,3026,,,,,,,,,,,,,1,,,,,,,,,,,,,,,,,
2710,npc-Đánh nhóm cận chiến_Bán Nguyệt Mộc,0,0,1,3,,,,5,,,,,1892,,,,,,,,,,,,,,,,,,,,,,,,,,,,,,
2711,npc-Đánh nhóm cận chiến_Bán Nguyệt Thủy,0,0,1,3,,,,5,,,,,1893,,,,,,,,,,,,,,,,,,,,,,,,,,,,,,
2712,npc-Đánh nhóm cận chiến_Bán Nguyệt Hỏa,0,0,1,3,,,,5,,,,,1894,,,,,,,,,,,,,,,,,,,,,,,,,,,,,,
2713,npc-Đánh nhóm cận chiến_Bán Nguyệt Thổ,0,0,1,3,,,,5,,,,,1895,,,,,,,,,,,,,,,,,,,,,,,,,,,,,,
2714,npc-Đánh đơn thẳng tầm xa_Kim,1,90,0,5,,,,6,,,,2714,166,,,,,,,,,,30,,,,,,,,,,,,,,,,,,,,
2715,npc-Đánh đơn thẳng tầm xa_Mộc,1,90,0,5,,,,6,,,,2715,169,,,,,,,,,,30,,,,,,,,,,,,,,,,,,,,
2716,npc-Đánh đơn thẳng tầm xa_Hỏa,1,90,0,5,,,,6,,,,2716,168,,,,,,,,,,30,,,,,,,,,,,,,,,,,,,,
2717,npc-Đánh đơn thẳng tầm xa_Thổ,1,90,0,5,,,,6,,,,2717,170,,,,,,,,,,30,,,,,,,,,,,,,,,,,,,,
2718,Giao Thoa Đao Quang_Mộc,1,70,0,5,,,,14,,,,2718,169,,,,,,,,,,,,,1,,,,,,,,,,,,,,,,,
2719,Giao Thoa Đao Quang_Thủy,1,70,0,5,,,,14,,,,2719,167,,,,,,,,,,,,,1,,,,,,,,,,,,,,,,,
2720,Giao Thoa Đao Quang_Hỏa,1,70,0,5,,,,14,,,,2720,168,,,,,,,,,,,,,1,,,,,,,,,,,,,,,,,
2721,Giao Thoa Đao Quang_Thổ,1,70,0,5,,,,14,,,,2721,170,,,,,,,,,,,,,1,,,,,,,,,,,,,,,,,
2722,Cung Tên_Kim,1,120,0,3,,,,9,,,,2722,3401,,,,,,,,,,10,,,1,,,,,,,,,,,,,,,,,
2723,Cung Tên_Mộc,1,120,0,3,,,,9,,,,2723,1892,,,,,,,,,,10,,,1,,,,,,,,,,,,,,,,,
2724,Cung Tên_Thủy,1,120,0,3,,,,9,,,,2724,1893,,,,,,,,,,10,,,1,,,,,,,,,,,,,,,,,
2725,Cung Tên_Hỏa,1,120,0,3,,,,9,,,,2725,1894,,,,,,,,,,10,,,1,,,,,,,,,,,,,,,,,
2726,Cung Tên_Thổ,1,120,0,3,,,,9,,,,2726,1895,,,,,,,,,,10,,,1,,,,,,,,,,,,,,,,,
2728,Đường Xung Phong Kim Duy Trì_Sát thương,1,140,0,8,,,,6,,,,,3024,,,110,,,,,,,,,,0,,,,,,,,,,,,,,,,,
2729,Đường Xung Phong Kim Duy Trì_Hiệu quả,0,0,0,8,,,,65,,,,2729,,,,0,,,,,,,,,,1,,,,,,,,,,,,,,,,,
2731,Đường Xung Phong Mộc Duy Trì_Sát thương,1,140,0,8,,,,6,,,,,3027,,,110,,,,,,,,,,0,,,,,,,,,,,,,,,,,
2732,Đường Xung Phong Mộc Duy Trì_Hiệu quả,0,0,0,8,,,,65,,,,1396,,,,0,,,,,,,,,,1,,,,,,,,,,,,,,,,,
2734,Đường Xung Phong Thủy Duy Trì_Sát Thương,1,140,0,8,,,,6,,,,,3025,,,110,,,,,,,,,,0,,,,,,,,,,,,,,,,,
2735,Đường Xung Phong Thủy Duy Trì_Hiệu Quả,0,0,0,8,,,,65,,,,154,,,,0,,,,,,,,,,1,,,,,,,,,,,,,,,,,
2737,Đường Xung Phong Hỏa Duy Trì_Sát thương,1,140,0,8,,,,6,,,,,3026,,,110,,,,,,,,,,0,,,,,,,,,,,,,,,,,
2738,Đường Xung Phong Hỏa Duy Trì_Hiệu quả,0,0,0,8,,,,65,,,,52,,,,0,,,,,,,,,,1,,,,,,,,,,,,,,,,,
2740,Đường Xung Phong Thổ Duy Trì_Sát thương,1,140,0,8,,,,6,,,,,5385,,,110,,,,,,,,,,0,,,,,,,,,,,,,,,,,
2741,Đường Xung Phong Thổ Duy Trì_Hiệu quả,0,0,0,8,,,,65,,,,2741,,,,0,,,,,,,,,,1,,,,,,,,,,,,,,,,,
2742,Duy Trì Nhóm Tại Chỗ-Kim,0,0,0,15,,,,3,,,,,3024,,,,,,,,,,,,,1,,,,,,,,,,,,,,,,,
2743,Duy Trì Nhóm Tại Chỗ-Kim_Phụ,0,0,0,15,,,,61,,,,,,,,,,,,,,,,,,1,,,,,,,,,,,,,,,,,
2744,Duy Trì Nhóm Tại Chỗ-Kim_Hiệu ứng,0,0,0,15,,,,20,,,,1827,,,,,,,,,,,,,,1,,,,,,,,,,,,,,,,,
2745,Duy Trì Nhóm Tại Chỗ-Mộc,0,0,1,15,,,,3,,,,,3027,,,,,,,,,,,,,1,,,,,,,,,,,,,,,,,
2746,Duy Trì Nhóm Tại Chỗ-Mộc_Hiệu ứng,0,0,1,15,,,,20,,,,2445,,,,,,,,,,,,,,1,,,,,,,,,,,,,,,,,
2747,Duy Trì Nhóm Tại Chỗ-Thủy,0,0,1,15,,,,3,,,,,3025,,,,,,,,,,,,,1,,,,,,,,,,,,,,,,,
2748,Duy Trì Nhóm Tại Chỗ-Thủy_Phụ,0,0,1,15,,,,61,,,,,,,,,1,,,,,,,,,1,,,,,,,,,,,,,,,,,
2749,Duy Trì Nhóm Tại Chỗ-Thủy_Hiệu ứng,0,0,1,15,,,,20,,,,1661,,,,,1,,,,,,,,,1,,,,,,,,,,,,,,,,,
2750,Duy Trì Nhóm Tại Chỗ-Hỏa,0,0,1,15,,,,26,,,,1327,,,,,1,,,,,,,,,1,,,,,,,,,,,,,,,,,
2751,Duy Trì Nhóm Tại Chỗ-Hỏa_Địa Liệt,0,0,1,15,,,,30,,,,1808,,,,,,,,,,,,,,1,,,,,,,,,,,,,,,,,
2752,Duy Trì Nhóm Tại Chỗ-Hỏa_Sát thương,0,0,1,15,,,,3,,,,,3412,,,,,,,,,,,,,1,,,,,,,,,,,,,,,,,
2753,Duy Trì Nhóm Tại Chỗ-Thổ,0,0,1,15,,,,25,,,,1314,,,,,,,,,,,,,,,,,,,,,,,,,,,,,,,
2754,Duy Trì Nhóm Tại Chỗ-Thổ_Địa Liệt,0,0,1,15,,,,25,,,,1318,,,,,,,,,,,,,,,,,,,,,,,,,,,,,,,
2755,Duy Trì Nhóm Tại Chỗ-Thổ_Sát thương,0,0,1,15,,,,3,,,,,5385,,,,,,,,,,,,,,,,,,,,,,,,,,,,,,
2756,Ngũ Tinh Kim Đạn,1,40,1,2,,,,20,,,,2756,,,,100,,,,,,,,,,1,,,,,,,,,,,,,,,,,
2757,Ngũ Tinh Kim Đạn_Sát thương,1,35,0,8,,,,15,,,,,3024,1,,,,,,,,,,,,,,,,,,,,,,,,,,,,,
2758,Ngũ Tinh Thổ Đạn,1,40,1,2,,,,20,,,,2758,,,,100,,,,,,,,,,1,,,,,,,,,,,,,,,,,
2759,Ngũ Tinh Thổ Đạn_Sát thương,1,35,0,8,,,,15,,,,,5385,1,,,,,,,,,,,,,,,,,,,,,,,,,,,,,
2760,Sương Độc Hình Quạt,1,40,1,2,,,,20,,,,,,,,,,,,,,,,,,1,,,,,,,,,,,,,,,,,
2761,Sương Độc Hình Quạt_Phụ,0,0,0,2,,,1,8,,,,1396,,,,,,,,,,,,,,1,,,,,,,,,,,,,,,,,
2762,Sương Độc Hình Quạt_Sát thương,1,25,0,6,,,,20,,,,,3027,1,,,,,,,,,,,,,,,,,,,,,,,,,,,,,
2763,Băng Thích Hình Quạt,1,40,1,2,,,,20,,,,,,,,,,,,,,,,,,1,,,,,,,,,,,,,,,,,
2764,Băng Thích Hình Quạt_Phụ,0,0,0,2,,,1,8,,,,346,,,,,,,,,,,,,,1,,,,,,,,,,,,,,,,,
2765,Băng Thích Hình Quạt_Sát thương,1,25,0,6,,,,20,,,,,3025,1,,,,,,,,,,,,,,,,,,,,,,,,,,,,,
2766,Địa Diệm Hình Quạt,1,40,1,2,,,,20,,,,,,,,,,,,,,,,,,1,,,,,,,,,,,,,,,,,
2767,Địa Diệm Hình Quạt_Phụ,0,0,0,2,,,1,25,,,,1398,,,,,,,,,,,,,,1,,,,,,,,,,,,,,,,,
2768,Địa Diệm Hình Quạt_Sát thương,1,25,0,6,,,,20,,,,,3026,1,,,,,,,,,,,,,,,,,,,,,,,,,,,,,
2769,Đầu Rắn phun 30m,0,0,0,8,,,,40,,,,2769,,,,,,,,,,,,,,1,,,,,,,,,,,,,,,,,
2770,Đầu Rắn phun 30m_Phụ,1,200,0,8,,,,16,,,,,3026,,,,,,,,,,,,,1,,,,,,,,,,,,,,,,,
2771,Dung Nham Phun Trào,0,0,1,15,,,,30,,,,2771,,,,,,,,,,,,,,1,,,,,,,,,,,,,,,,,
2772,Dung Nham Phun Trào_Phụ,0,0,1,15,,,,5,,,,,3026,,,,,,,,,,,,,1,,,,,,,,,,,,,,,,,
2773,Phun Lửa Vàng,0,0,1,2,,,,40,,,,2773,,,,100,,,,,,,,,,1,,,,,,,,,,,,,,,,,
2774,Phun Lửa Vàng_Phụ,0,0,0,10,,,6,20,,,1,,3024,,,140,,,,,,,,,,1,,,,,,,,,,,,,,,,,
2775,Kéo người toàn màn hình,0,0,0,110,,,3,76,,,1,,,,,,,,,,,1,,,,1,,,,,,,,,,,,,,,,,
2776,Định Thân miễn kéo,0,0,1,15,,,,2,,,1,,,,,,,,,,,,,,,1,,,,,,,,,,,,,,,,,
2777,Dậy sóng phạm vi lớn,1,45,1,7,,,,300,,1,,2777,,,,180,,,,,,,,,,1,,,,,,1,,,,,,,,,,,
2778,Dậy sóng phạm vi lớn_Phụ,1,45,1,7,,,,300,,1,,,3025,,,80,,,,,,,,,,1,,,,,,,,,,,,,,,,,
2779,Hồ Bẫy Duy Trì-Hỏa (4m),0,0,1,15,,,15,150,,,1,,3026,,,,1,,,,,,,,,1,,,,,,,,,,,,,,,,,
2780,Hồ Bẫy Duy Trì-Hỏa (4m)_Hiệu ứng,0,0,1,15,,,,150,,,,2497,,,,,1,,,,,,,,,1,,,,,,,,,,,,,,,,,
2781,Bẫy Liên Tục-Thủy (4m),0,0,1,15,,,15,150,,,1,,3025,,,,1,,,,,,,,,1,,,,,,,,,,,,,,,,,
2782,Bẫy Liên Tục-Thủy (4m)_Hiệu ứng,0,0,1,15,,,,150,,,,1554,,,,,1,,,,,,,,,1,,,,,,,,,,,,,,,,,
2784,Vòng Hỗn Loạn,3,0,1,12,,,,30,,,1,,,,,,,,,,,,,,,1,,,,,,,,,,,,,,,,,
2785,Vòng Hỗn Loạn_Phụ,3,0,1,14,,,,30,,,1,,3027,,,,,,,,,,,,,1,,,,,,,,,,,,,,,,,
2786,Gió Lốc phạm vi lớn,1,60,1,7,,,,50,,,1,62,3027,,,,,,,,,,,,,1,,,,,,,,,,,,,,,,,
2787,Hạn Địa Lôi phạm vi lớn,1,70,1,5,,,,300,,1,,2425,5385,,,,,,,,,,,,,1,,,,,,,,,,,,,,,,,
2788,Vạn Kiếm Quyết,1,60,0,3,,,,16,,,1,,,,,-100,,,,,,,,,,,,,,,,,,,,,,,,,,,
2789,Vạn Kiếm Quyết_Phụ 1,1,20,0,3,,,,10,,,1,,,,,,,,,,,,,,,,,,,,,,,,,,,,,,,,
2790,Vạn Kiếm Quyết_Phụ 2,0,0,0,10,,,6,20,,,,633,,,,,,,,,,,,,,,,,,,,,,,,,,,,,,,
2791,Vạn Kiếm Quyết_Phụ 3,0,0,0,6,,,,38,,,,2791,,,,,,,,,,,,,,,,,,,,,,,,,,,,,,,
2792,Kỹ năng Lôi Kéo Tàn Phế,1,350,0,15,,,,3,,,,,,,,,,,,,,1,,1000,3,,,,,,,,,,,,,,,,,,
2793,Kỹ năng Lôi Kéo Tàn Phế_Phụ 1,1,120,0,15,,,,10,,,,,3024,,,,,,,,,1,,,,,,,,,,,,,,,,,,,,,
2794,Kỹ năng Lôi Kéo Tàn Phế_Phụ 2,0,0,0,15,,,,30,,,,1370,,,,,,,,,,1,,,,,,,,,,,,,,,,,,,,,
2795,Dung Nham Phun Trào-Hình Tròn,0,0,1,18,,,,30,,,,2771,,,,,,,,,,,,,,1,,,,,,,,,,,,,,,,,
2796,Dung Nham Phun Trào-Hình Tròn_Sát thương,0,0,1,18,,,,3,,,,,3412,,,,,,,,,,,,,1,,,,,,,,,,,,,,,,,
2801,Bác Cập Nhi Phục,0,0,0,8,,,,5,,,,,3604,,,,,,,,,1,,,,,,,,,,,,,,,,,,,,,
2802,Bác Cập Nhi Phục_Hiệu ứng,0,0,0,8,,,,25,,,,2802,,,,,,,,,,1,,,,,,,,,,,,,,,,,,,,,
2809,Võ Đang Kiếm Pháp,0,0,0,13,,,,6,,,,,3601,,,,,,5605,,,,,1000,3,1,,,,,,,,,,,,,,,,,
2810,Võ Đang Kiếm Pháp 2,0,0,0,13,,,,6,,,,,3602,,,,,,5605,,,,,1000,3,1,,,,,,,,,,,,,,,,,
2811,Võ Đang Kiếm Pháp 3,0,0,0,13,,,,6,,,,,3603,,,,,,5605,,,,,1000,3,1,,,,,,,,,,,,,,,,,
2812,Võ Đang Kiếm Pháp 4,0,0,0,13,,,,6,,,,,3604,,,,,,5605,,,,,1000,3,1,,,,,,,,,,,,,,,,,
2831,Kiếm Kích,0,0,0,15,,,,3,,,,,167,,,200,,,,,,,,,,,,,,,,,,,,,,,,,,,
2836,Lục Văn Long Đánh Thường,0,0,0,6,,,,3,,,,,168,,,50,,,,,,,,,,1,,,,,,,,,,,,,,,,,
2837,Vân Long Kích,0,0,1,25,,,,5,,,,,3027,,,,,,,,,,,1000,3,,,,,,,,,,,,,,,,,,
2840,Triều Thiên Khuyết_Hiệu quả,0,0,0,6,,,,30,,,,1307,,,,350,,,,,,,,,,1,,,,,,,,,,,,,,,,,
2841,Nộ Diệm Xung Thiên,0,0,1,10,,,,25,,,,2841,,,,,,,,,,,,,,,,,,,,,,,,,,,,,,,
2842,Đoạn Kim Thích,1,120,0,5,,,,3,,,,,,,,,,,,,,,,,,,,,,,,,,,,,,,,,,,
2843,Viêm Dương Chưởng,0,0,0,2,,,,3,,,,,3401,,,,,,,,,,,,,,,,,,,,,,,,,,,,,,
2844,Long Tượng Cửu Trùng,0,0,0,64,,,,2,,,,,,,,,,,,,,,,,,,,,,,,,,,,,,,,,,,
2845,Long Tượng Cửu Trùng_Phụ,0,0,0,64,,,,2,,,,,,,,,,,,,,,,,,,,,,,,,,,,,,,,,,,
2848,Tuyết Ánh Hồng Trần,0,0,0,64,,,,2,,,,,,,,,,,,,,,,,,,,,,,,,,,,,,,,,,,
2849,Tuyết Ánh Hồng Trần_Hiệu ứng,0,0,0,64,,,,2,,,,,,,,,,,,,,,,,,,,,,,,,,,,,,,,,,,
2850,Tuyết Nhất Đao,1,70,1,14,,,,14,,,,1380,167,,,,,,,,,,,,,1,,,,,,,,,,,,,,,,,
2851,Hoa Phi Hồ Điệp Kiếm,0,0,1,4,,,,15,,,,1570,,,,100,,,,,,,,,,1,,,,,,,,,,,,,,,,,
2852,Hoa Phi Hồ Điệp Kiếm_Phụ,2,60,1,4,,,,30,,1,,1570,3027,,,100,,,,,,,5,,,1,,,,,,,,,,,,,,,,,
2853,Thiên Địa Huyền Hoàng,1,50,0,5,,,,20,,1,,2853,3024,,,50,,,,,,,,,,,,,,,,,,,,,,,,,,,
2854,Võ Đạo Luân Hồi,0,0,1,20,,,,35,,,,2854,,,,,,,,,,,,,,,,,,,,1,,,,,,,,,,,
2855,Võ Đạo Luân Hồi_Phụ,0,0,1,20,,,,5,,,,,3603,,,,,,,,,,,,,,,,,,,,,,,,,,,,,,
2856,Tùy Ý Khúc,1,70,0,5,,,,30,,1,,2856,3025,,,50,,,,,,,,,,,,,,,,,,,,,,,,,,,
2858,Quyết Biệt_Phụ 1,3,50,1,64,,,,180,,,,,,,,,,,,,,,,,,,,,,,,,,,,,,,,,,,
2859,Nộ Diệm Xung Thiên_Sát thương,0,0,1,10,,,,3,,,,,,,,,,,,,,,,,,,,,,,,,,,,,,,,,,,
2860,Du Long Kiếm Ý_Hiệu quả,0,0,1,10,,,,25,,,,2860,,,,,,,,,,,,,,1,,,,,,,,,,,,,,,,,
2861,Thần Long Kiếm Khí_Hiệu quả,0,0,1,10,,,,15,,,,2866,,,,,,,,,,,,,,1,,,,,,,,,,,,,,,,,
2862,Xuyên Tâm Thích,1,100,0,6,,,,4,,,,,,,,,,,,,,,,,,,,,,,,,,,,,,,,,,,
2863,Phong Quyển Tàn Tuyết,0,0,1,8,,,,25,,,,1661,,,,,1,,,,,,,,,1,,,,,,,,,,,,,,,,,
2864,Phong Quyển Tàn Tuyết_Sát thương,0,0,1,8,,,,3,,,,,3025,,,,,,,,,,,,,1,,,,,,,,,,,,,,,,,
2865,Ý Kiếm,0,0,0,3,,,,3,,,,,169,,,,,,,,,,,,,,,,,,,,,,,,,,,,,,
2866,Thần Long Kiếm Khí,0,0,1,10,,,,3,,,,,3027,,,,,,,,,,,,,1,,,,,,,,,,,,,,,,,
2868,Du Long Kiếm Ý_Phụ,0,0,1,16,,,,3,,,,,3027,,,,,,,,,,,,,1,,,,,,,,,,,,,,,,,
2869,Hành Sơn Kiếm Pháp,1,100,0,3,,,,9,,,,39,3604,,,,,,,,,,,,,,,,,,,,,,,,,,,,,,
2870,Tuyệt Tình Đoạn Kiếm,0,0,0,10,,,,3,,,,,3027,,,120,,,,,,,,,,1,,,,,,,,,,,,,,,,,
2872,Trấn Ngục Phá Thiên Kình_Phụ,1,140,0,12,,,,6,,,,,3027,,,110,,,,,,,,,,,,,,,,,,,,,,,,,,,
2873,Lạc Diệp Chưởng,0,0,0,5,,,,3,,,,,,,,,,,,,,,,,,,,,,,,,,,,,,,,,,,
2875,Giáng Ma Chử,1,120,0,5,,,,3,,,,,,,,,,,,,,,,,,,,,,,,,,,,,,,,,,,
2876,Tâm Kiếm,1,120,0,5,,,,3,,,,,,,,,,,,,,,,,,,,,,,,,,,,,,,,,,,
2877,Dương Gia Thương Pháp,1,120,0,5,,,,3,,,,,,,,,,,,,,,,,,,,,,,,,,,,,,,,,,,
2878,Quyết Biệt_Phụ 2_Bỏ,0,0,1,64,,,,10,,,,,306,,,,,,,,,,,,,,,,,,,,,,,,,,,,,,
2879,Hàng Long Phục Tượng Công,0,0,0,20,,,,5,,,,,3024,,,,,,,,,,,,,,,,,,,,,,,,,,,,,,
2880,Ảo Âm Kiếm,3,0,1,22,,,7,141,,,1,2880,167,,,,,,,,,,,,,,,,,,,,,,,,,,,,,,
2881,Hoành Tảo Thiên Quân,0,0,0,20,,,,5,,,,,3024,,,,,,,,,,,,,,,,,,,,,,,,,,,,,,
2882,Cửu Khê Di Yên,0,0,1,12,,,,50,,,1,1578,,,,,,,,,,,,,,,,,,,,,,,,,,,,,,,
2883,Cửu Khê Di Yên_Phụ,0,0,1,12,,,,15,,,,,,,,,,,,,,,,,,,,,,,,,,,,,,,,,,,
2884,Hoa Sơn Kiếm Pháp,0,0,0,3,,,,3,,,,,169,,,,,,,,,,,,,,,,,,,,,,,,,,,,,,
2885,Hàng Long Bất Vũ,0,0,0,3,,,,3,,,,,166,,,,,,,,,,,,,,,,,,,,,,,,,,,,,,
2889,Trấn Ngục Phá Thiên Kình_Phụ 2,0,0,1,20,,,,3,,,,,3024,,,,,,,,,,,,,1,,,,,,,,,,,,,,,,,
2890,Trấn Ngục Phá Thiên Kình_Hiệu ứng,0,0,1,20,,,,25,,,,2670,,,,,,,,,,,,,,1,,,,,,,,,,,,,,,,,
2891,Ngự Kiếm Thuật,0,0,0,1,,,,3,,,,,167,,,,,,,,,,,,,,,,,,,,,,,,,,,,,,
2892,Tụ Lý Tiễn,1,80,0,3,,,,8,,1,,41,3027,,,,,,,,,,,,,,,,,,,,,,,,,,,,,,
2893,Hành Sơn Tuyết,1,60,0,8,,,,10,,,,,3025,,,,,,,,,,,,,,,,,,,,,,,,,,,,,,
2894,Hành Sơn Tuyết_Phụ 1,1,60,0,8,,,,10,,,,,,,,,,,,,,,,,,,,,,,,,,,,,,,,,,,
2895,Hành Sơn Tuyết_Phụ 2,1,0,0,8,,,,15,,,,346,,,,,,,,,,,,,,,,,,,,,,,,,,,,,,,
2896,Phù Vân Tán Tuyết,0,0,1,25,,,,20,,,1,1377,,,,,1,,,,,,,,,1,,,,,,,,,,,,,,,,,
2897,Phù Vân Tán Tuyết_Phụ,0,0,1,20,,,,5,,,,,,,,,1,,,,,,,,,1,,,,,,,,,,,,,,,,,
2898,Thương Hải Nguyệt Minh,0,0,0,64,,,,2,,,,,,,,,,,,,,,,,,,,,,,,,,,,,,,,,,,
2899,Thương Hải Nguyệt Minh_Địch,0,0,0,64,,,,2,,,,,,,,,,,,,,,,,,,,,,,,,,,,,,,,,,,
2900,Thương Hải Nguyệt Minh_Hiệu Ứng,0,0,0,64,,,,2,,,,,,,,,,,,,,,,,,,,,,,,,,,,,,,,,,,
2915,Dương Hi Liệt_Đánh Thường,0,0,0,9,,,,3,,,,,168,,,120,,,,,,,,,,,,,,,,,,,,,,,,,,,
2916,Trác Phi Phàm_Đánh Thường,0,0,0,9,,,,3,,,,,170,,,120,,,,,,,,,,,,,,,,,,,,,,,,,,,
2917,Nạp Lan Tiềm Lẫm_Đánh Thường,0,0,0,9,,,,3,,,,,169,,,120,,,,,,,,,,,,,,,,,,,,,,,,,,,
2918,Mạnh Tri Thu_Đánh Thường,0,0,0,9,,,,3,,,,,168,,,120,,,,,,,,,,,,,,,,,,,,,,,,,,,
2919,Trương Như Mộng_Đánh Thường,0,0,0,9,,,,3,,,,,170,,,120,,,,,,,,,,,,,,,,,,,,,,,,,,,
2920,Nam Cung Thái Hồng_Đánh Thường,0,0,0,9,,,,3,,,,,168,,,120,,,,,,,,,,,,,,,,,,,,,,,,,,,
2921,Trương Lâm Tâm_Đánh Thường,0,0,0,9,,,,3,,,,,167,,,120,,,,,,,,,,,,,,,,,,,,,,,,,,,
2922,Phương Miễn_Đánh Thường,0,0,0,9,,,,3,,,,,167,,,120,,,,,,,,,,,,,,,,,,,,,,,,,,,
2923,Trương Phong_Đánh Thường,0,0,0,9,,,,3,,,,,168,,,120,,,,,,,,,,,,,,,,,,,,,,,,,,,
2924,Lục Văn Long_Đánh Thường,0,0,0,9,,,,3,,,,,168,,,120,,,,,,,,,,,,,,,,,,,,,,,,,,,
2925,Vô Tướng _Đánh Thường,0,0,0,9,,,,3,,,,,168,,,120,,,,,,,,,,,,,,,,,,,,,,,,,,,
2926,Lâm Hải_Đánh Thường,0,0,0,9,,,,3,,,,,168,,,120,,,,,,,,,,,,,,,,,,,,,,,,,,,
2927,Triệu Thăng Quyền_Đánh Thường,0,0,0,9,,,,3,,,,,167,,,120,,,,,,,,,,,,,,,,,,,,,,,,,,,
2928,Triệu Tiết_Đánh Thường,0,0,0,9,,,,3,,,,,168,,,120,,,,,,,,,,,,,,,,,,,,,,,,,,,
2929,Thiệu Kỵ Phong_Đánh Thường,1,60,0,5,,,,11,,,,2929,3025,,,,,,,,,,,,,,,,,,,,,,,,,,,,,,
2945,Vòng Hỏa Diệm_Phụ 1,0,0,0,50,,,,3,,,,,3026,,,,,,,,,,,,,1,,,,,,,,,,,,,,,,,
2946,Buff Tấn Công,0,0,0,5,,,,16,,,,,1705,,,,,,,,,,,,,,,,,,,,,,,,,,,,,,
2951,Phong Ngọc Thư_Đánh Thường,0,0,0,9,,,,3,,,,,168,,,120,,,,,,,,,,,,,,,,,,,,,,,,,,,
2952,Nỏ Xa Lạc Nỏ,0,0,1,19,,,,45,,,,,,,,,,,,,,,,,,1,,,,,,,,,,,,,,,,,
2953,Nỏ Xa Lạc Nỏ_Phụ 1,0,0,1,19,,,,25,,,,135,,,,,1,,,,,,,,,1,,,,,,,,,,,,,,,,,
2954,Nỏ Xa Lạc Nỏ_Phụ 2,0,0,1,19,,,,3,,,,,3401,,,,,,,,,,,1000,3,1,,,,,,,,,,,,,,,,,
2955,Nỏ Xa Liên Nỏ,1,100,1,14,,,,7,,,,,3403,,,,,,,,,,30,,,1,,,,,,,,,,,,,,,,,
2956,Nỏ Xa Liên Nỏ_Hiệu quả,1,100,1,14,,,,7,,,,132,,,,,,,,,,,30,,,1,,,,,,,,,,,,,,,,,
2957,Kinh Kha_Đánh Thường,0,0,1,14,,,,3,,,,,3703,,,120,,,,,,,,,,1,,,,,,,,,,,,,,,,,
2960,Bối Thích _Phụ 1,0,0,0,5,,,,2,,1,,,3703,,,,,,,,,,,,,1,,,,,,,,,,,,,,,,,
2961,Bối Thích _Phụ 2,0,0,0,0,,,,25,,,,6508,,,,,,,,,,,,,,1,,,,,,,,,,,,,,,,,
2962,Huyết Tế,1,60,0,3,,,,15,,,1,,,,,-100,,,,,,,,,,1,,,,,,,,,,,,,,,,,
2963,Huyết Tế_Phụ 1,1,20,0,3,,,,10,,,1,,,,,,,,,,,,,,,1,,,,,,,,,,,,,,,,,
2964,Huyết Tế_Phụ 2,0,0,0,20,,,15,90,,,1,722,3026,,1,,,,,,,,,,,1,,,,,,,,,,,,,,,,,
2965,Tùy Ý Khúc,1,70,0,5,,,,20,,,,2856,3025,,,50,,,,,,,,,,1,,,,,,,,,,,,,,,,,
2966,Cầm Thương,0,,0,5,,,,8,,,,1570,,,,150,,,,,,,,,,1,,,,,,,,,,,,,,,,,
2967,Cầm Thương _Phụ,1,60,0,5,,,,14,,,,1570,,,,150,,,,,,,10,,,1,,,,,,,,,,,,,,,,,
2968,Mãn Thành Hoa Ngữ,0,0,1,12,,,,3,,,,,,,,,,,,,,,,,,1,,,,,,,,,,,,,,,,,
2969,Mãn Thành Hoa Ngữ_Phụ 1,0,0,1,12,,,,76,,,1,1578,,,,,,,,,,,,,,1,,,,,,,,,,,,,,,,,
2970,Mãn Thành Hoa Ngữ_Phụ 2,0,0,1,12,,,,15,,,,,,,,,,,,,,,,,,1,,,,,,,,,,,,,,,,,
2971,Hồn Khiên Mộng Oanh Khúc,0,0,1,15,,,,121,,,,1571,,,,,,,,,,,,,,1,,,,,,,,,,,,,,,,,
2972,Hồn Khiên Mộng Oanh Khúc _Phụ,0,0,1,35,,,15,76,,,1,,,,,,,,,,,,,,,1,,,,,,,,,,,,,,,,,
2973,Nhạc Gia Thương,1,70,0,4,,,,12,,,,2564,3601,,,,,,,,,,,,,1,,,,,,,,,,,,,,,,,
2974,Trung Quán Bạch Nhật,0,,0,5,,,,20,,,,2564,3601,,,,,,,,,,,,,1,,,,,,,,,,,,,,,,,
2975,Trung Quán Bạch Nhật _Phụ,0,,0,25,,,,8,,,,,,,,,,,,,,,,,,1,,,,,,,,,,,,,,,,,
2976,Mãnh Hổ Gầm Thét,0,,0,5,,,,20,,,,6059,3601,,,,,,,,,,,,,1,,,,,,,,,,,,,,,,,
2977,Mãnh Hổ Gầm Thét_Phụ,0,,0,20,,,,8,,,,,,,,,,,,,,,,,,1,,,,,,,,,,,,,,,,,
3001,Lý Tư-Đánh Thường,1,70,1,5,,,,16,,1,,959,3959,,,,,,,,,,,,,,,,,,,,,,,,,,,,,,
3002,Hủy Sách Cổ,0,0,1,22,,,,5,,,,,3026,,1,,,,,,,,,,,1,,,,,,,,,,,,,,,,,
3003,Hủy Sách Cổ_Hiệu Ứng,0,0,1,22,,,,150,,,,2497,,,,,1,,,,,,,,,1,,,,,,,,,,,,,,,,,
3004,Thôn Phệ Độc Châu,1,60,0,4,,,,15,,,,,,,,,,,,,,,,,,1,,,,,,,,,,,,,,,,,
3005,Thôn Phệ Độc Châu_Phụ,1,60,0,4,,,,20,,1,,959,3959,,,,,,,,,,,,,1,,,,,,,,,,,,,,,,,
3006,Quyền Khuynh Thiên Hạ-Đẩy Lùi,1,40,1,7,,,,23,,,,160,,,,,,,,,,,,,,1,,,,,,,,,,,,,,,,,
3007,Quyền Khuynh Thiên Hạ_Đẩy Lùi_Phụ,0,0,1,7,,,,23,,,,,3027,2,,,,,,,,,,,,1,,,,,,,,,,,,,,,,,
3012,Quyền Khuynh Thiên Hạ-Tử vong nhận BUFF_Miễn dịch,2,150,1,4,,,,10,,1,,,1510,,,,,,,,,,,,,1,,,,,,,,,,,,,,,,,
3013,Quyền Khuynh Thiên Hạ-Tử vong nhận BUFF_Đồng đội,0,0,0,64,,,,2,,,,,,,,,,,,,,,,,,,,,,,,,,,,,,,,,,,
3017,Xích Hạt Độc_Phụ 1,0,0,1,15,,,7,75,,,1,1396,3027,,,,,,,,,,,,,,,,,,,,,,,,,,,,,,
3018,Xích Hạt Độc_Phụ 2,0,0,0,0,,,,25,,,,6508,,,,,,,,,,,,,,,,,,,,,,,,,,,,,,,
3019,Ám Độc Huyết Vụ,2,80,1,5,,,,12,,,,1464,,,,,,,,,,,,,,,,,,,,,,,,,,,,,,,
3020,Ám Độc Huyết Vụ_Phụ 1,2,80,1,5,,,,45,,,,1465,,,,,,,,,,,,,,,,,,,,,,,,,,,,,,,
3021,Ám Độc Huyết Vụ_Phụ 2,0,0,1,5,,,,15,,,,1466,,,,,,,,,,,,,,,,,,,,,,,,,,,,,,,
3022,Ám Độc Huyết Vụ_Phụ 3,0,0,1,25,,,,6,,,,,,,,,,,,,,,,,,,,,,,,,,,,,,,,,,,
3023,Bạch Khởi-Đánh Thường,0,0,0,12,,,,3,,,,,167,,,150,,,,,,,,,,1,,,,,,,,,,,,,,,,,
3024,Xé Nát,0,0,0,6,,,,24,,,,163,,,,,,,,,,,,,,1,,,,,,,,,,,,,,,,,
3025,Xé Nát_Phụ,1,100,1,4,,,,10,,,,163,,,,,,,,,,,10,,,1,,,,,,,1,,,,,,,,,,
3027,Mai phục_Phụ 1,1,130,0,5,,,,3,,,,,3027,,,,,,,,,,,,,1,,,,,,,,,,,,,,,,,
3028,Mai phục_Phụ 2,0,0,0,0,,,,25,,,,6508,,,,,,,,,,,,,,1,,,,,,,,,,,,,,,,,
3030,Kháng Sát,0,0,1,16,,,,3,,,,,3027,,1,,,,,,,,,,,1,,,,,,,,,,,,,,,,,
3031,Kháng Sát_Hiệu ứng,0,0,1,16,,,,25,,,,2445,,,,,,,,,,,,,,1,,,,,,,,,,,,,,,,,
3032,Kháng Sát_Khống Chế,0,0,1,16,,,,30,,,,1453,,,,,,,,,,,,,,1,,,,,,,,,,,,,,,,,
3037,Mai phục_Giảm sát thương,0,0,1,15,,,,5,,,,,3027,,,,,,,,,,,,,,,,,,,,,,,,,,,,,,
3038,Tần Thủy Hoàng-Đánh Thường,1,80,1,12,,,,6,,,,2486,166,,,,,,,,,,15,,,1,,,,,,,,,,,,,,,,,
3039,Thoát Khỏi Vòng Vây,1,100,1,9,,,,11,,,,13039,,,,-400,,,,,,,,,,1,,,,,,,,,,,,,,,,,
3040,Thoát Khỏi Vòng Vây_Phụ 1,0,0,1,15,,,12,70,,,1,13040,13041,,,500,,,,,,,,,,1,,,,,,,,,,,,,,,,,
3041,Thoát Khỏi Vòng Vây_Phụ 2,1,100,1,9,,,1,6,,,1,,,,,,,,,,,,,,,1,,,,,,,,,,,,,,,,,
3048,Toàn Kiếm,3,0,0,25,,,7,141,,,1,13048,170,,,,,,,,,,,,,1,,,,,,,,,,,,,,,,,
3049,Thoát Khỏi Vòng Vây_Địa Liệt,0,0,0,20,,,,15,,,,18,,,,,,,,,,,,,,1,,,,,,,,,,,,,,,,,
3050,Thoát Khỏi Vòng Vây_Sát thương bay,1,90,1,9,,,,7,,,,,13041,,,50,,,,,,,,,,1,,,,,,,,,,,,,,,,,
3051,Huyền Thiên Võ Cơ-Đánh Thường,0,0,1,9,,,,25,,,,24,,,,,,,,,,,,,,,,,,,,,,,,,,,,,,,
3052,Huyền Thiên Võ Cơ-Đánh Thường_Phụ,0,0,1,9,,,,3,,,,,180,,,,,,,,,,,,,,,,,,,,,,,,,,,,,,
3054,Phệ Thiên Hỏa_Phụ 1,3,0,1,28,,,,30,,,,1383,,,,,,,,,,,,,,1,,,,,,,1,,,,,,,,,,
3055,Phệ Thiên Hỏa_Phụ 2,0,0,1,28,,,,3,,,,,3026,,,,,,,,,,,,,1,,,,,,,,,,,,,,,,,
3060,Phun Lửa,0,0,1,23,,,,25,,,,2496,,,,,,,,,,,,,,,,,,,,,,,,,,,,,,,
3061,Phun Lửa_Phụ,0,0,1,23,,,,3,,,,,3026,,,,,,,,,,,,,,,,,,,,,,,,,,,,,,
3062,Truy Tung Đạn,2,50,0,5,,,,25,,1,,1323,444,,,,,,,,,,,,,,,,,,,,,,,,,,,,,,
3063,Truy Tung Đạn_Sát thương phạm vi,0,0,1,15,,,,3,,,,,3026,,,,,,,,,,,,,1,,,,,,,,,,,,,,,,,
3065,Hủy Sách Cổ_Hiệu Ứng 2,0,0,1,20,,,,150,,,,722,,,,,,,,,,,,,,1,,,,,,,,,,,,,,,,,
3066,Trường Sinh Bất Lão,0,0,0,15,,,,10,,,,,1509,,,,,,,,,,,,,,,,,,,,,,,,,,,,,,
3068,Đánh Thức-Xóa Tử Vong_Phụ,0,0,1,15,,,,10,,1,,,,,,,,,,,,,,,,1,,,,,,,,,,,,,,,,,
3072,Triệu Hồi Xích Hạt-Xóa Tử Vong_Phụ,0,0,1,15,,,,10,,1,,,,,,,,,,,,,,,,1,,,,,,,,,,,,,,,,,
3073,Hiệu ứng Bạch Khởi Phân Thân,0,0,0,6,,,,24,,,,9009,,,,,,,,,,,,,,1,,,,,,,,,,,,,,,,,
3076,Thủy Hoàng Giáng Lâm,0,0,0,200,,,,3,,,,,,,,,,,,,,,,,,1,,,,,,,,,,,,,,,,,
3077,Thủy Hoàng Giáng Lâm_Dự báo 1,2,80,1,5,,,,60,,,,,,,,,,,,,,,,,,1,,,,,,,,,,,,,,,,,
3078,Thủy Hoàng Giáng Lâm_Dự báo 2,2,80,1,5,,,,60,,,,,,,,,,,,,,,,,,1,,,,,,,,,,,,,,,,,
3079,Thủy Hoàng Giáng Lâm_Lạc Kiếm,0,0,1,5,,,,20,,,,1481,,,,,,,,,,,,,,1,,,,,,,,,,,,,,,,,
3080,Thủy Hoàng Giáng Lâm_Địa Liệt,0,0,1,5,,,,25,,,,1865,,,,,,,,,,,,,,1,,,,,,,,,,,,,,,,,
3081,Thủy Hoàng Giáng Lâm_Sát thương,0,0,1,30,,,,3,,,,,,,,,,,,,,,,,,1,,,,,,,,,,,,,,,,,
3082,Thủy Hoàng Giáng Lâm_Hiệu ứng đánh phép,0,0,1,5,,,,35,,,,6631,,,,,,,,,,,,,,1,,,,,,,,,,,,,,,,,
3083,Thủy Hoàng Giáng Lâm-Hiệu ứng truyền tống,0,0,1,5,,,,75,,,,2069,,,,,,,,,,,,,,1,,,,,,,,,,,,,,,,,
3084,Hiệu ứng hồi sinh,0,0,1,6,,,,30,,,,13084,,,,,,,,,,,,,,1,,,,,,,,,,,,,,,,,
3104,Tường Lửa Ngang,0,0,0,4,,,,150,,,,52,,,,,1,,,,,,,,,1,,,,,,,,,,,,,,,,,
3105,Lục Hợp Độc Tôn,0,0,1,7,,,,20,,,,1644,3025,3,,,,,,,,,,,,1,,,,,,,,,,,,,,,,,
3106,Bẫy Toàn Phong,0,0,1,25,,,,16,,,,,,,,,,,,,,,,,,1,,,,,,,,,,,,,,,,,
3107,Bẫy Toàn Phong_Hiệu ứng,3,0,1,25,,,,20,,,,,,,,270,1,,,,,,,,,1,,,,,,,,,,,,,,,,,
3108,Bẫy Toàn Phong_Sát thương,3,0,1,25,,,,6,,,,,3024,,,,,,,,,,,,,1,,,,,,,,,,,,,,,,,
3109,Bẫy Lửa-Tạo Hỗn Loạn,0,0,1,12,,,,16,,,,,,,,,,,,,,,,,,1,,,,,,,,,,,,,,,,,
3110,Bẫy Lửa-Tạo Hỗn Loạn_Phụ,3,0,1,12,,,15,33,,,1,,3026,,,,,,,,,,,,,1,,,,,,,,,,,,,,,,,
3111,Phần Thành Quyết,1,80,0,3,,,,16,,,1,,,,,,,,,,,,,,,1,,,,,,,,,,,,,,,,,
3112,Phần Thành Quyết_Phụ 1,1,40,0,3,,,,10,,,1,,,,,,,,,,,,,,,1,,,,,,,1,,,,,,,,,,
3113,Phần Thành Quyết_Phụ 2,0,0,0,12,,,,20,,,,1327,3026,,,,,,,,,,,,,1,,,,,,,,,,,,,,,,,
3114,Phần Thành Quyết_Phụ 3,0,0,0,6,,,,30,,,,2791,,,,,,,,,,,,,,1,,,,,,,,,,,,,,,,,
3115,Vòng Vô Địch,0,0,1,30,,,,16,,,,,,,,,,,,,,,,,,1,,,,,,,,,,,,,,,,,
3116,Vòng Vô Địch_Phụ,0,0,1,15,,,,15,,,1,,,,,,,,,,,,,,,1,,,,,,,,,,,,,,,,,
3117,Đại Đao Quang,1,90,1,5,,,,12,,,,1869,,,,50,,,,,,,,,,1,,,,,,,,,,,,,,,,,
3118,Phần Thành Quyết_Địa Liệt,0,0,0,10,,,,25,,,,1808,,,,,,,,,,,,,,1,,,,,,,,,,,,,,,,,
3119,Tường Lửa Ngang,0,0,0,4,,,,10,,,,,3026,,,,1,,,,,,,,,1,,,,,,,,,,,,,,,,,
3122,Phi Hỏa Lưu Tinh_Hiệu quả,1,60,0,6,,,,13,,,,407,,,,200,,,,,,,60,,,1,,,,,,1,,,,,,,,,,,
3127,Xuyên Vân Phá Nguyệt_Sát thương,1,20,0,18,,,,11,,,,,3412,,,,,,5413,,,1,20,1000,3,1,,,,,,,,,,,,,,,,,
3123,Cửu Diệu Liên Châu,0,,1,18,,,10,26,,,1,410,,,,,,,,,,,,,,,,,,,,1,,,,,,,,,,,
3124,Cửu Diệu Liên Châu_Phụ,0,0,1,18,,,3,16,,,1,,3026,,,,,,5411,,,,,1000,3,,,,,,,,,,,,,,,,,,
3128,Đại Đao Quang_Sát thương,1,90,1,10,,,,12,,,,,167,,,,,,,,,,,,,1,,,,,,,,,,,,,,,,,
3131,Vô Ngã Vô Kiếm,0,0,1,18,,,,45,,,,609,,,,,,,,,,,,,,1,,,,,,1,,,,,,,,,,,
3132,Vô Ngã Vô Kiếm_Phụ,0,0,1,18,,,,5,,,,,3603,,,,,,,,,,,1000,3,1,,,,,,,,,,,,,,,,,
3133,Nhân Kiếm Hợp Nhất,0,0,0,15,,,,7,,,,611,,,,,,,,,,,,,,1,,,,,,1,,,,,,,,,,,
3134,Nhân Kiếm Hợp Nhất_Phụ,1,120,0,15,,,,8,,,,611,3603,,,,,,,,,,20,1000,3,1,,,,,,,,,,,,,,,,,
3135,Thiên Địa Vô Cực,0,0,1,18,,,,5,,,,,3615,,,,,,,,,,,1000,3,1,,,,,,,,,,,,,,,,,
3136,Thiên Địa Vô Cực_Phụ,0,0,1,24,,,,5,,,,,3615,,,,,,,,,,,1000,3,1,,,,,,,,,,,,,,,,,
3140,Tử Vong Hồi Toàn,6,135,1,10,,,,16,,,,708,,,,150,,,,,,,1,,,1,,3710,,,,,,1,,,"Khi loại là đạn xoay vòng thì điền 1, khi đạn quay về sẽ theo sau người chơi",,,,,,
3141,Tử Vong Hồi Toàn_Phụ 1,6,135,1,10,,,,16,,,,,3701,,,100,,,,,,,1,1000,3,1,,,,,,,,1,,,"Khi loại là đạn xoay vòng thì điền 1, khi đạn quay về sẽ theo sau người chơi",,,,,,
3142,Nhiếp Hồn Loạn Tâm,0,0,1,24,,,,74,,,,722,,,,,,,,,,,,,,1,,,,,,,,,,,,,,,,,
3143,Nhiếp Hồn Loạn Tâm_Phụ,0,0,1,24,,,,5,,,,,3026,,1,,,,,,,,,1000,3,1,,,,,,,,,,,,,,,,,
3144,Thúy Yên Ngự Tản Quyết,1,120,0,6,,,,8,,,,3804,6801,,,,,,5905,,,,10,1000,3,1,,,,,,,,,,,,,,,,,
3145,Tuyền Cơ La Vũ,1,100,1,11,,,,7,,,,806,,,,100,,,,,,,,,,1,,,,,,,,,,,,,,,,,
3146,Tuyền Cơ La Vũ_Phụ 1-Sát thương liên tục,0,0,1,18,,,12,70,,,1,807,342,,,500,,,,,,,,1000,3,1,,,,,,,,,,,,,,,,,
3147,Tuyền Cơ La Vũ_Phụ 2-Đẩy Lùi,1,100,1,11,,,1,6,,,1,,342,,,,,,,,,,,1000,3,1,,,,,,,,,,,,,,,,,
3148,Vũ Đả Lê Hoa,0,0,1,18,,,15,70,,,1,808,342,,,,,,,,,,,,,1,,,,,,,,,,,,,,,,,
3153,Hỗn Độn Kiếm Trận,3,140,1,24,,,,120,,,,24108,,,,,,,,,,,,,,1,,,,,,,,,,,,,,,,,
3154,Hỗn Độn Kiếm Trận_Phụ,0,0,1,24,,,,4,,,,,34101,,,,,,,,,,,1000,3,1,,,,,,,,,,,,,,,,,
3155,Khiếu Phong Tam Liên Kích,1,60,0,10,,,,13,,,,24110,34101,,,100,,,,,,,,1000,3,1,,,,,,,,,,,,,,,,,
3157,Bẫy Kinh Lôi,0,0,1,18,,,,15,,,,24125,,,,,,,,,,,,,,,,,,,,,,,,,,,,,,,
3158,Kinh Lôi_Sát thương,0,0,1,18,,,,3,,,,,,,,,,,,,,,,,,,,,,,,,,,,,,,,,,,
3159,Kinh Lôi_Hiệu quả Địa Liệt,0,0,1,18,,,,13,,,,1318,,,,,,,,,,,,,,,,,,,,,,,,,,,,,,,
3166,buff_Hồi Sinh Lực,0,0,0,5,,,,16,,,,,,,,,,,,,,,,,,,,1507,,,,,,,,,,,,,,,
3167,buff_Tấn công,0,0,0,5,,,,16,,,,,,,,,,,,,,,,,,,,1508,,,,,,,,,,,,,,,
3168,buff_Kháng tính,0,0,0,5,,,,16,,,,,,,,,,,,,,,,,,,,1509,,,,,,,,,,,,,,,
3169,buff_Tốc chạy,0,0,0,5,,,,16,,,,,,,,,,,,,,,,,,,,1510,,,,,,,,,,,,,,,
3170,Tụ Kim,0,0,0,6,,,,16,,,,54,,,,-700,,,,,,,,,,1,,,,,,,,,,,,,,,,,
3171,Tụ Kim_Phụ,1,25,0,6,,,,30,,,,54,3024,,,-700,,,,,,,,,,1,,,,,,,,,,,,,,,,,
3172,Tụ Mộc,0,0,0,6,,,,16,,,,1394,,,,-700,,,,,,,,,,1,,,,,,,,,,,,,,,,,
3173,Tụ Mộc_Phụ,1,25,0,6,,,,30,,,,1394,3027,,,-700,,,,,,,,,,1,,,,,,,,,,,,,,,,,
3174,Tụ Thủy,0,0,0,6,,,,16,,,,2560,,,,-700,,,,,,,,,,1,,,,,,,,,,,,,,,,,
3175,Tụ Thủy_Phụ,1,25,0,6,,,,30,,,,2560,3025,,,-700,,,,,,,,,,1,,,,,,,,,,,,,,,,,
3176,Tụ Hỏa,0,0,0,6,,,,16,,,,1323,,,,-700,,,,,,,,,,1,,,,,,,,,,,,,,,,,
3177,Tụ Hỏa_Phụ,1,25,0,6,,,,30,,,,1323,3026,,,-700,,,,,,,,,,1,,,,,,,,,,,,,,,,,
3178,Tụ Thổ,0,0,0,6,,,,16,,,,106,,,,-700,,,,,,,,,,1,,,,,,,,,,,,,,,,,
3179,Tụ Thổ_Phụ,1,25,0,6,,,,30,,,,106,3025,,,-700,,,,,,,,,,1,,,,,,,,,,,,,,,,,
3180,Đá Lăn,0,0,1,36,,,,16,,,,,,,,,,,,,,,,,,1,,,,,,,,,,,,,,,,,
3181,Đá Lăn_Phụ,3,0,1,8,,,10,33,,,1,,3026,,,,,,,,,,,,,1,,,,,,,,,,,,,,,,,
3183,Cơ Quan Nổ,0,0,1,15,,,,25,,,,1808,,,,,,,,,,,,,,,,,,,,,,,,,,,,,,,
3184,Cơ Quan Nổ_Phụ,0,0,1,15,,,,5,,,,,,,,,,,,,,,,,,,,,,,,,,,,,,,,,,,
3185,Cơ Quan Sương Độc,1,10,1,15,,,10,100,,,1,13358,3027,,,,,,,,,,,,,1,,,,,,,,,,,,,,,,,
3186,Cơ Quan Sương Độc_Dự báo,1,10,1,15,,,,100,,,1,1454,,,,,,,,,,,,,,1,,,,,,,,,,,,,,,,,
3187,Cơ Quan Ánh Đao,1,10,1,10,,,,100,,,,2486,166,,,20,,,,,,,,,,1,,,,,,,,,,,,,,,,,
3189,Cơ Quan Phun Nước,0,0,1,15,,,,25,,,,1554,,,,,,,,,,,,,,,,,,,,,,,,,,,,,,,
3190,Cơ Quan Phun Nước_Phụ,0,0,1,15,,,,5,,,,,3025,,,,,,,,,,,,,,,,,,,,,,,,,,,,,,
3191,buff_Bạo Kích,0,0,0,5,,,,16,,,,,,,,,,,,,,,,,,,,1509,,,,,,,,,,,,,,,
3192,buff_Vô Địch,0,0,0,5,,,,16,,,,,,,,,,,,,,,,,,,,1510,,,,,,,,,,,,,,,
3194,buff_Hồi Sinh Lực,0,0,0,5,,,,16,,,,,,,,,,,,,,,,,,,,1507,,,,,,,,,,,,,,,
3195,buff_Miễn dịch khống chế,0,0,0,5,,,,16,,,,,,,,,,,,,,,,,,,,1509,,,,,,,,,,,,,,,
3196,buff_Tốc chạy,0,0,0,5,,,,16,,,,,,,,,,,,,,,,,,,,1510,,,,,,,,,,,,,,,
3201,Lý Nguyên Bá-Đánh Thường,0,0,0,8,,,,3,,,,,3024,,,100,,,,,,,,,,1,,,,,,,,,,,,,,,,,
3202,Sơn Băng Địa Liệt,0,0,1,26,,,,3,,,,,3024,,,100,,,,,,,,,,1,,,,,,,,,,,,,,,,,
3203,Sơn Băng Địa Liệt_Phụ,0,0,1,26,,,,25,,,,18,,,,100,,,,,,,,,,1,,,,,,,,,,,,,,,,,
3204,Triệu Vân-Thường,1,50,0,6,,,,9,,,,,3501,,,,,,,,,,,,,,,,,,,,,,,,,,,,,,
3206,Thất Thám Xà Bàn_Phụ 1,0,0,0,5,,,,2,,1,,,3501,,,,,,,,,,,,,,,,,,,,,,,,,,,,,,
3207,Thất Thám Xà Bàn_Phụ 2,0,0,0,0,,,,25,,,,6508,,,,,,,,,,,,,,,,,,,,,,,,,,,,,,,
3208,Lý Quảng -Đánh Thường,1,100,1,4,,,,10,,1,,129,3026,,,,,,,,,,5,,,1,,,,,,,,,,,,,,,,,
3209,Xạ Thạch Hổ,1,100,1,4,,,,10,,1,,,3403,,,,,,,,,,5,,,1,,,,,,,,,,,,,,,,,
3210,Xạ Thạch Hổ_Phụ,1,100,1,4,,,,10,,1,,412,,,,,,,,,,,5,,,1,,,,,,,,,,,,,,,,,
3211,Triệu Vân-Thường,1,50,0,6,,,,9,,,,501,,,,,,,,,,,,,,,,,,,,,,,,,,,,,,,
3212,Trảo Kích,0,0,0,9,,,,6,,,,,165,,,120,,,,,,,,,3,1,,,,,,,,,,,,,,,,,
3214,Bổ Nhào_Phụ,0,0,0,12,,,,3,,,,,3024,,,,,,,,,,,1000,3,1,,,,,,,,,,,,,,,,,
3215,Chưởng Kích,0,0,0,1,,,,3,,,,,180,,,,,,,,,,,,,,,,,,,,,,,,,,,,,,
3218,Cắn xé,0,0,0,5,,,,3,,,,,146,,,,,,,,,,,1000,3,,,,,,,,,,,,,,,,,,
3220,Độc Dịch_Hiệu ứng,3,100,1,18,,,,90,,,,1396,,,,,1,,,,,,,,,1,,,,,,,,,,,,,,,,,
3221,Độc Dịch_Sát thương,0,0,1,18,,,,5,,,,,,,,,1,,,,,,,,,1,,,,,,,,,,,,,,,,,
3222,Bổ Nhào_Hiệu ứng,0,0,0,12,,,,20,,,,19,,,,50,,,,,,,,1000,3,1,,,,,,,,,,,,,,,,,
3223,Tần Thủy Hoàng-Đánh Thường,0,0,0,8,,,,5,,,,,3604,,,,,,,,,1,,,,1,,,,,,,,,,,,,,,,,
3224,Tần Thủy Hoàng Đánh Thường_Hiệu ứng,0,0,0,8,,,,25,,,,5802,,,,,,,,,,1,,,,1,,,,,,,,,,,,,,,,,
3228,Hộ Giá Tấn Công_Phụ 1,1,130,0,5,,,,3,,,,,3027,,,,,,,,,,,,,1,,,,,,,,,,,,,,,,,
3229,Hộ Giá Tấn Công_Phụ 2,0,0,0,0,,,,25,,,,6508,,,,,,,,,,,,,,1,,,,,,,,,,,,,,,,,
3230,Hộ giá tấn công_Giảm sát thương,0,0,1,15,,,,5,,,,,3027,,,,,,,,,,,,,1,,,,,,,,,,,,,,,,,
3235,Kim Thi,0,0,1,7,,,,21,,,,,3024,3,,,,,,,,,,,,1,,,,,,,,,,,,,,,,,
3236,Kim Thi_Hiệu ứng,1,65,1,7,,,,14,,,,54,,,,,,,,,,,,,,1,,,,,,,,,,,,,,,,,
3238,Mật Lâm Đấu Phồn Tinh,0,0,1,7,,,,21,,,,,3027,3,,,,,,,,,,,,1,,,,,,,,,,,,,,,,,
3239,Mật Lâm Đấu Phồn Tinh_Hiệu ứng,1,65,1,7,,,,14,,,,57,,,,,,,,,,,,,,1,,,,,,,,,,,,,,,,,
3241,Nghịch Lưu,0,0,1,7,,,,21,,,,,3025,3,,,,,,,,,,,,1,,,,,,,,,,,,,,,,,
3242,Nghịch Lưu_Hiệu ứng,1,65,1,7,,,,14,,,,55,,,,,,,,,,,,,,1,,,,,,,,,,,,,,,,,
3244,Tam Muội Li Hỏa Ngục,0,0,1,7,,,,21,,,,,3026,3,,,,,,,,,,,,1,,,,,,,,,,,,,,,,,
3245,Tam Muội Li Hỏa Ngục_Hiệu ứng,1,65,1,7,,,,14,,,,56,,,,,,,,,,,,,,1,,,,,,,,,,,,,,,,,
3247,Bát Phương Tinh Lôi Đỗng,0,0,1,7,,,,21,,,,,3604,3,,,,,,,,,,,,1,,,,,,,,,,,,,,,,,
3248,Bát Phương Tinh Lôi Đỗng_Hiệu ứng,1,65,1,7,,,,14,,,,106,,,,,,,,,,,,,,1,,,,,,,,,,,,,,,,,
3250,Quần Thể Kim Cang-Cao,0,0,0,64,,,,5,,,,,,,,,,,,,,,,,,1,,,,,,,,,,,,,,,,,
3252,Quần Thể Minh Vương-Cao,0,0,0,64,,,,5,,,,,,,,,,,,,,,,,,1,,,,,,,,,,,,,,,,,
3255,Luân Hồi Vãng Sinh,0,0,0,64,,,,5,,,,,,,,,,,,,,,,,,1,,,,,,,,,,,,,,,,,
3257,Phá Thiên Nhất Kích,1,100,0,10,,,,7,,,,,3403,,,,,,,,,,30,,,1,,,,,,,,,,,,,,,,,
3258,Phá Thiên Nhất Kích_Hiệu ứng,1,100,0,10,,,,7,,,,132,,,,,,,,,,,30,,,1,,,,,,,,,,,,,,,,,
3259,Thập Phương Câu Tĩnh,0,0,1,7,,,,20,,,,1644,3025,3,,,,,,,,,,,,1,,,,,,,,,,,,,,,,,
3261,Độc Chướng-Nhóm (Cao),0,0,0,64,,,,5,,,,,,,,,,,,,,,,,,1,,,,,,,,,,,,,,,,,
3276,Đường Giản-Đánh Thường,5,80,0,5,,,,16,,1,,949,34001,,,50,,,5929,,,,,,,1,,,,,,,,,,,,,,,,,
3277,Đường Giản-Đánh Thường_Phụ,1,80,1,4,,,,11,,1,,949,34001,,,,,,,,,,,,,1,,,,,,,,,,,,,,,,,
3278,Cửu Cung Phi Tinh,0,0,1,4,,,,7,,,,24012,,,,,,,,,,,,,,1,,,,,,,,,,,,,,,,,
3279,Cửu Cung Phi Tinh_Phụ 1,5,100,1,4,,,,15,,1,,24012,34012,,,,,,,,,,5,,,1,,,,,,,,,,,,,,,,,
3280,Cửu Cung Phi Tinh_Phụ 2,1,87,1,4,,,,3,,,,24025,,,,,,,,,,,,,,1,,,,,,,,,,,,,,,,,
3281,Hoàn Nhan Hồng Liệt-Đánh thường,0,0,1,10,,,,5,,,,,34002,,,,,,,,,,,,,1,,,,,,,,,,,,,,,,,
3282,Hoàn Nhan Hồng Liệt-Đánh thường_Hiệu ứng,0,0,1,10,,,,30,,,,2474,,,,,,,,,,,,,,1,,,,,,,,,,,,,,,,,
3283,Phong Quyển Sa,1,60,1,20,,,,13,,,,,34002,,,,,,,,,,,,,1,,,,,,,,,,,,,,,,,
3284,Phong Quyển Sa_Hiệu ứng 1,1,60,1,20,,,,12,,,,2445,,,,100,,,,,,,,,,1,,,,,,,,,,,,,,,,,
3285,Phong Quyển Sa_Hiệu ứng 2,1,60,1,20,,,,12,,,,14012,,,,100,,,,,,,,,,1,,,,,,,,,,,,,,,,,
3286,Ngũ Độc Địch Chú,0,0,0,8,,,,3,,,,,34301,,,,,,,,,1,,,,1,,,,,,,,,,,,,,,,,
3287,Ngũ Độc Địch Chú_Hiệu ứng 1,0,0,0,8,,,,25,,,,24301,,,,,,,,,,1,,,,1,,,,,,1,,,,,,,,,,,
3288,Ngũ Độc Địch Chú_Hiệu ứng 2,0,0,0,8,,,,25,,,,24302,,,,,,,,,,1,,,,1,,,,,,1,,,,,,,,,,,
3289,Âm Phong Thực Cốt,0,0,1,15,,,,5,,,,,3603,,,,,,,,,,,,,1,,,,,,,,,,,,,,,,,
3290,Âm Phong Thực Cốt_Hiệu ứng,0,0,1,15,,,,30,,,,24309,,,,,,,,,,,,,,1,,,,,,1,,,,,,,,,,,
3291,Hà Nhân Ngã-Đánh thường,0,0,0,12,,,,3,,,,,3026,,,120,,,,,,,,,,1,,,,,,,,,,,,,,,,,
3292,Hàng Long Hữu Hối,1,80,0,8,,,,15,,,,,3407,,,,,,,,,,,,,1,,,,,,,,,,,,,,,,,
3293,Đường Cừu Đánh Thường,5,70,0,5,,,,16,,1,,24004,34001,,,,,,,,,,,,,1,,,,,,,,,,,,,,,,,
3294,Đường Cừu Đánh Thường_Tán Tiêu,1,70,1,4,,,,9,,1,,24001,34001,,,,,,,,,,,,,1,,,,,,,,,,,,,,,,,
3295,Bạo Vũ Lê Hoa,0,0,1,8,,,,5,,,,,34001,,,,,,,,,,,,,1,,,,,,,,,,,,,,,,,
3296,Bạo Vũ Lê Hoa_Tán Tiêu 1,1,60,1,4,,,,10,,1,,24009,34001,,,,,,,,,,,,,1,,,,,,,,,,,,,,,,,
3297,Bạo Vũ Lê Hoa_Tán Tiêu 2,1,60,1,4,,,,10,,1,,24009,34001,,,,,,,,,,,,,1,,,,,,,,,,,,,,,,,
3301,Lý Nguyên Bá-Đánh Thường,0,0,0,12,,,,3,,,,,3024,,,120,,,,,,,,,,1,,,,,,,,,,,,,,,,,
3302,Sơn Băng Địa Liệt,0,0,1,30,,,,3,,,,,3024,,,,,,,,,,,,,1,,,,,,,,,,,,,,,,,
3303,Sơn Băng Địa Liệt_Phụ,0,0,1,30,,,,25,,,,18,,,,,,,,,,,,,,1,,,,,,,,,,,,,,,,,
3304,Thập Nhị Cầm Long Thủ,0,0,1,26,,,,3,,,,,3024,,,,,,,,,,,1000,3,1,,,,,,,,,,,,,,,,,
3305,Thương Khung Kích,0,0,1,26,,,,3,,,,,3024,,,,,,,,,,,1000,3,1,,,,,,,,,,,,,,,,,
3306,Thương Khung Kích_Phụ,0,0,1,26,,,,25,,,,1327,,,,,,,,,,,,1000,3,1,,,,,,,,,,,,,,,,,
3307,Triệu Vân-Thường,1,50,0,6,,,,9,,,,,3501,,,,,,,,,,,,,,,,,,,,,,,,,,,,,,
3308,Triệu Vân-Thường_Phụ,1,50,0,6,,,,9,,,,501,,,,,,,,,,,,,,,,,,,,,,,,,,,,,,,
3310,Thất Thám Xà Bàn_Phụ 1,0,0,0,5,,,,2,,1,,,3501,,,,,,,,,,,,,,,,,,,,,,,,,,,,,,
3311,Thất Thám Xà Bàn_Phụ 2,0,0,0,0,,,,25,,,,6508,,,,,,,,,,,,,,,,,,,,,,,,,,,,,,,
3312,Thiết Huyết Long Đảm,0,0,1,30,,,,3,,,,,3027,,,,,,,,,,,,,1,,,,,,,,,,,,,,,,,
3313,Thiết Huyết Long Đảm_Phụ,1,50,1,30,,,,25,,,,503,,,,,,,,,,,,,,1,,,,,,,,,,,,,,,,,
3314,Cửu Thiên Cuồng Lôi,2,100,1,6,,,,25,,,,,1314,,,,,,,,,,,,,,,,,,,,,,,,,,,,,,
3315,Cửu Thiên Cuồng Lôi_Sát Thương,0,0,1,6,,,,3,,,,,,,,,,,,,,,,,,,,,,,,,,,,,,,,,,,
3316,Cửu Thiên Cuồng Lôi Địa Liệt-Hiệu Quả,0,0,1,6,,,,25,,,,1318,,,,,,,,,,,,,,,,,,,,,,,,,,,,,,,
3317,Lý Quảng -Đánh Thường,1,120,1,4,,,,15,,,,,3026,,,,,,,,,,20,,,1,,,,,,,,,,,,,,,,,
3318,Lý Quảng-Thường_Phụ,1,120,1,4,,,,15,,,,129,,,,,,,,,,,20,,,1,,,100,,,,,,,,,,,,,,
3319,Xạ Thạch Hổ,1,120,1,9,,,,15,,,,,3403,,,,,,,,,,20,,,1,,,,,,,,,,,,,,,,,
3320,Xạ Thạch Hổ_Phụ,1,120,1,9,,,,15,,,,412,,,,,,,,,,,20,,,1,,,100,,,,,,,,,,,,,,
3321,Lưu Tinh Tiễn,1,60,0,3,,,,11,,,1,,,,,-100,,,,,,,,,,1,,,,,,1,,,,,,,,,,,
3322,Lưu Tinh Tiễn_Phụ 1,1,20,0,3,,,,10,,,1,,,,,,,,,,,,,,,1,,,,,,1,,,,,,,,,,,
3323,Lưu Tinh Tiễn_Lạc Tiễn,0,0,0,10,,,,6,,,,428,,,,,,,,,,,,,,1,,,,,,1,,,,,,,,,,,
3324,Lưu Tinh Tiễn_Sát thương,0,0,0,64,,,15,31,,,1,,3026,,,,,,,,,,,,,1,,,,,,,,,,,,,,,,,
3325,Lưu Tinh Tiễn_Địa Liệt,0,0,0,10,,,,23,,,1,3428,,,,,,,,,,,,,,1,,,,,,1,,,,,,,,,,,
3326,Tụ Năng Tiễn,0,,0,6,,,,30,,,,412,,,,-700,,,,,,,10,,,1,,,,,,,,,,,,,,,,,
3327,Tụ Năng Tiễn_Phụ 1,1,100,0,6,,,,20,,,,412,,,,-700,,,,,,,10,,,1,,,,,,,,,,,,,,,,,
3346,Trảo Kích,0,0,0,5,,,,3,,,,,165,,,,,,,,,,,,,1,,,,,,,,,,,,,,,,,
3348,Bổ Nhào_Phụ,0,0,0,15,,,,3,,,,,3024,,,,,,,,,,,,,1,,,,,,,,,,,,,,,,,
3349,Ma Hỏa Luyện Ngục,1,50,0,6,,,,12,,,,56,3026,,,,,,,,,,,,,1,,,,,,,,,,,,,,,,,
3350,Ma Hỏa Luyện Ngục_Hỏa Cầu,0,0,0,6,,,,30,,,,56,,,,475,,,,,,,,,,1,,,,,,,,,,,,,,,,,
3351,Ma Hỏa Luyện Ngục_Hiệu ứng nổ,0,0,0,18,,,,30,,,,1808,,,,,,,,,,,,,,1,,,,,,,,,,,,,,,,,
3352,Ma Hỏa Luyện Ngục_Sát thương nổ,0,0,0,18,,,,5,,,,,3026,,,,,,,,,,,,,1,,,,,,,,,,,,,,,,,
3353,Chưởng Kích,0,0,0,5,,,,3,,,,,180,,,,,,,,,,,,,1,,,,,,,,,,,,,,,,,
3355,Chí Tôn Bào Hao,0,0,0,20,,,,3,,,,,3024,,,,,,,,,,,,,1,,,,,,,,,,,,,,,,,
3356,Cắn xé,0,0,0,5,,,,3,,,,,146,,,,,,,,,,,,,1,,,,,,,,,,,,,,,,,
3357,Độc Dịch,3,100,1,22,,,15,100,,,1,1396,3027,,,,1,,,,,,,,,1,,,,,,,,,,,,,,,,,
3358,Sương Độc,1,10,1,12,,,10,100,,,1,13358,3027,,,,,,,,,,,,,1,,,,,,,,,,,,,,,,,
3359,Ném Tuyết,1,90,1,5,,,,10,,1,,23365,33359,,,,,,,,,,,,,,,,,,,,,,,,,,,,,,
3360,Tuyết Kim Châm,1,90,1,3,,,,8,,,,,33359,,,,,,,,,,,,,,,,,,,,,,,,,,,,,,
3361,Tuyết Trói Buộc,1,90,1,3,,,,11,,,,,33359,,,,,,,,,,,,,,,,,,,,,,,,,,,,,,
3362,Tuyết Ngáng Chân,1,90,1,3,,,,11,,,,,33359,,,,,,,,,,,,,,,,,,,,,,,,,,,,,,
3363,Tuyết Mê Hồn,1,200,1,3,,,,11,,,,,33359,,,,,,,,,,,,,,,,,,,,,,,,,,,,,,
3364,Tuyết Tấn Công,1,90,1,3,,,,11,,,,,33359,,,,,,,,,,,,,,,,,,,,,,,,,,,,,,
3365,Thiên Tiên Tuyết Vũ,1,90,1,5,,,,16,,,,23365,33359,,,,,,,,,,,,,,,,,,,,,,,,,,,,,,
3373,Bẫy (Kim),1,50,1,3,,,,9,,,,1843,,,,20,,,,,,,-5,,,1,,,,,,,,,,,,,,,,,
3375,Bẫy (Mộc),0,0,1,18,,,,76,,,,13358,,,,,,,,,,,,,,1,,,,,,,,,,,,,,,,,
3376,Bẫy (Mộc)_Phụ,0,0,1,18,,,15,76,,,1,,3027,,,,,,,,,,,,,1,,,,,,,,,,,,,,,,,
3377,Bẫy (Thủy),1,20,0,3,,,,14,,,,55,,,,,,,,,,,,,,1,,,,,,,,,,,,,,,,,
3378,Bẫy (Thủy)_Phụ,0,0,0,5,,,,6,,,,,3025,2,,,,,,,,,,,,1,,,,,,,,,,,,,,,,,
3379,Bẫy (Hỏa),1,20,1,18,,,,9,,,,,,,,,,,,,,,,,,1,,,,,,,,,,,,,,,,,
3380,Bẫy (Hỏa)_Hiệu Ứng 1,0,0,1,18,,,,25,,,,1327,,,,,1,,,,,,,,,1,,,,,,,,,,,,,,,,,
3381,Bẫy (Hỏa)_Hiệu Ứng 2,0,0,1,18,,,,30,,,,26,,,,,,,,,,,,,,1,,,,,,,,,,,,,,,,,
3382,Bẫy (Hỏa)_Sát Thương,0,0,1,18,,,,5,,,,,3026,,,,,,,,,,,,,1,,,,,,,,,,,,,,,,,
3383,Bẫy (Thổ),0,0,1,18,,,,25,,,,1314,,,,,,,,,,,,,,1,,,,,,,,,,,,,,,,,
3384,Bẫy (Thổ)_Sát thương,0,0,1,18,,,,3,,,,,,,,,,,,,,,,,,1,,,,,,,,,,,,,,,,,
3385,Bẫy (Thổ)_Hiệu quả Địa Liệt,0,0,1,18,,,,25,,,,1318,,,,,,,,,,,,,,1,,,,,,,,,,,,,,,,,
3386,Niên Thú Băng Trận,1,20,1,8,,,,75,,,,,,,,-60,,,,,,,,,,1,,,,,,,,,,,,,,,,,
3387,Niên Thú Băng Trận_Sát Thương,0,0,1,8,,,,20,,,,,33359,,,,,,,,,,,,,1,,,,,,,,,,,,,,,,,
3388,Niên Thú Băng Trận_Hiệu Ứng,0,0,1,8,,,,25,,,,51,,,,,,,,,,,,,,1,,,,,,,,,,,,,,,,,
3389,Niên Thú Băng Trận_Định Thân,0,0,1,1,,,,2,,,,,,,,,,,,,,,,,,,,,,,,,,,,,,,,,,,
3390,Niên Thú Băng Trận_Đóng Băng,0,0,1,1,,,,2,,,,,,,,,,,,,,,,,,,,,,,,,,,,,,,,,,,
3391,Niên Thú Băng Trận_Hỗn Loạn,0,0,1,1,,,,2,,,,,,,,,,,,,,,,,,,,,,,,,,,,,,,,,,,
3392,Niên Thú Băng Trận_Choáng,0,0,1,1,,,,2,,,,,,,,,,,,,,,,,,,,,,,,,,,,,,,,,,,
3393,Niên Thú Băng Trận_Trì Hoãn,0,0,1,1,,,,2,,,,,,,,,,,,,,,,,,,,,,,,,,,,,,,,,,,
3502,Tuyết Kim Châm_Phụ,1,90,1,5,,,,8,,,,23360,,,,,,,,,,,,,,,,,,,,,,,,,,,,,,,
3503,Tuyết Trói Buộc_Phụ,1,90,1,3,,,,11,,,,23361,,,,,,,,,,,,,,,,,,,,,,,,,,,,,,,
3504,Tuyết Ngáng Chân_Phụ,1,90,1,3,,,,11,,,,23362,,,,,,,,,,,,,,,,,,,,,,,,,,,,,,,
3505,Tuyết Mê Hồn_Phụ,1,60,1,3,,,,11,,,,23363,,,,,,,,,,,,,,,,,,,,,,,,,,,,,,,
3506,Tuyết Tấn Công_Phụ,1,90,1,3,,,,11,,,,23364,,,,,,,,,,,,,,,,,,,,,,,,,,,,,,,
3507,Kỹ năng Pháo Hoa 1,0,0,1,30,,,,5,,1,,,3026,,,,,,,,,,,,,1,,,,,,,,,,,,,,,,,
3508,Kỹ năng Pháo Hoa 1_Hiệu ứng,0,0,1,30,,,,45,,,,13507,,,,,,,,,,,,,,1,,,,,,,,,,,,,,,,,
3509,Kỹ năng Pháo Hoa 1,0,0,1,30,,,,5,,1,,,3026,,,,,,,,,,,,,1,,,,,,,,,,,,,,,,,
3510,Kỹ năng Pháo Hoa 1_Hiệu ứng,0,0,1,30,,,,45,,,,13509,,,,,,,,,,,,,,1,,,,,,,,,,,,,,,,,
3511,Kỹ năng Pháo Hoa 1,0,0,1,30,,,,5,,1,,,3026,,,,,,,,,,,,,1,,,,,,,,,,,,,,,,,
3512,Kỹ năng Pháo Hoa 1_Hiệu ứng,0,0,1,30,,,,45,,,,13511,,,,,,,,,,,,,,1,,,,,,,,,,,,,,,,,
3514,Niên Thú Va Chạm_Phụ,0,0,1,12,,,,3,,,,,3024,,,,,,,,,,,,,1,,,,,,,,,,,,,,,,,
3515,Niên Thú va chạm_Hiệu quả,0,0,1,6,,,,30,,,,18,,,,,,,,,,,,,,1,,,,,,,,,,,,,,,,,
3516,Niên Thú Gầm Thét,1,30,1,2,,,,15,,,,,3027,2,,,,,,,,,,,,1,,,,,,,,,,,,,,,,,
3517,Niên Thú Gầm Thét_Hiệu quả,1,15,1,2,,,,30,,,,1548,,,,180,,,,,,,,,,1,,,,,,,,,,,,,,,,,
3518,Niên Thú Biến Dê,0,0,1,25,,,,5,,,,,3025,,,,,,,,,,,,,1,,,,,,,,,,,,,,,,,
3520,Niên Thú Biến Dê_Hiệu quả,0,0,1,25,,,,30,,,,4490,,,,,,,,,,,,,,1,,,,,,,,,,,,,,,,,
3521,Cảnh báo biến dê (Xung quanh bản thân 3m),0,0,1,3,,,,30,,,,1453,,,,,,,,,,,,,,1,,,,,,,,,,,,,,,,,
3591,Hoàn Băng Quyết,0,0,1,7,,,,20,,,,,33359,3,,,,,,,,,,,,1,,,,,,,,,,,,,,,,,
3592,Hoàn Băng Quyết_Biểu hiện,1,50,1,7,,,,20,,,,23365,,,,,,,,,,,,,,1,,,,,,,,,,,,,,,,,
3593,Ném Cầu Tuyết Vô Hạn,1,90,1,5,,,,10,,1,,23365,33359,,,,,,,,,,,,,,,,,,,,,,,,,,,,,,
3671,Bá Vương Thương,0,0,0,12,,,,3,,,,,3026,,,120,,,,,,,,,,1,,,,,,,,,,,,,,,,,
3672,Liệt Diệm Trảm,1,70,0,8,,,,12,,,,,3026,,,,,,,,,,,,,1,,,,,,,,,,,,,,,,,
3673,Liệt Diệm Trảm_Hiệu Quả 1,0,0,0,6,,,,20,,,,13673,,,,,,,,,,,,,,1,,,,,,,,,,,,,,,,,
3674,Liệt Diệm Trảm_Hiệu Quả 2,0,0,0,6,,,,20,,,,13674,,,,,,,,,,,,,,1,,,,,,,,,,,,,,,,,
3675,Nổ Tung,1,50,0,8,,,,21,,,,,3026,,,,,,,,,,,,,1,,,,,,,,,,,,,,,,,
3676,Viêm Bộc_Hiệu Quả,0,0,0,6,,,,30,,,,13676,,,,,,,,,,,,,,1,,,,,,,,,,,,,,,,,
3678,Thiên Quân Vạn Mã_Sát thương,1,140,0,12,,,,6,,,,,3026,,,110,,,,,,,,,,0,,,,,,,,,,,,,,,,,
3679,Hồng Môn Yến,0,0,0,15,,,,5,,,,,3026,,1,,,,,,,,,,,1,,,,,,,,,,,,,,,,,
3680,Hồng Môn Yến_Hiệu ứng,0,0,0,15,,,,30,,,,13680,,,,,,,,,,,,,,1,,,,,,,,,,,,,,,,,
3681,Hàn Tinh,0,0,1,15,,,,5,,,,,3025,,1,,,,,,,,,,,1,,,,,,,,,,,,,,,,,
3682,Hàn Tinh_Hiệu ứng,0,0,1,15,,,,30,,,,13682,,,1,,,,,,,,,,,1,,,,,,,,,,,,,,,,,
3683,Hàng Băng Thích,0,0,1,4,,,,5,,,,2560,,,,,,,,,,,,,,1,,,,,,,,,,,,,,,,,
3684,Hàng Băng Thích_Phụ,5,100,1,4,,,,15,,1,,2560,3025,,,,,,,,,,5,,,1,,,,,,,,,,,,,,,,,
3685,Bóng Nước,0,0,1,8,,,,15,,,,13685,,,,,,,,,,,,,,1,,,,,,,,,,,,,,,,,
3686,Bóng Nước_Phụ,1,30,1,8,,,,40,,1,,13685,34012,,,,,,,,,,,,,1,,,,,,,,,,,,,,,,,
3687,Độc Châm,1,60,1,4,,,,16,,,,23687,34301,,1,,,,,,,,10,,,1,,,,,,,,,,,,,,,,,
3688,Hoa Diệp Phi Vũ,0,0,1,20,,,,5,,,,13688,34301,,1,,,,,,,,,,,1,,,,,,,,,,,,,,,,,
3689,Hạt Hoàng Cổ,0,0,1,15,,,,5,,,,,34301,,1,,,,,,,,,,,1,,,,,,,,,,,,,,,,,
3690,Hạt Hoàng Cổ_Hiệu ứng,0,0,1,15,,,,30,,,,13690,,,1,,,,,,,,,,,1,,,,,,,,,,,,,,,,,
3691,Mãnh Lực,0,0,0,9,,,,6,,,,,3026,,,120,,,,,,,,,,1,,,,,,,,,,,,,,,,,
3692,Ngục Hỏa Thiên Diệm,0,0,1,6,,,,40,,,,13692,,,,100,,,,,,,,,,1,,,,,,,,,,,,,,,,,
3693,Ngục Hỏa Thiên Diệm_Phụ,1,40,1,6,,,,13,,,,,3026,,,50,,,,,,,,,,1,,,,,,,,,,,,,,,,,
3694,Hỏa Diệm Lạc Đạn,0,0,1,8,,,,8,,,,13694,,,,,,,,,,,,,,1,,1808,,,,,,,,,,,,,,,
3695,Hỏa Diệm Lạc Đạn_Sát thương,0,0,1,8,,,,3,,,,,3026,,,,,,,,,,,,,1,,,,,,,,,,,,,,,,,
3711,Tam Quy Nguyên Khí,1,40,0,5,,,,20,,,,1548,,,,,,,,,,,,,,1,,,,,,,,,,,,,,,,,
3712,Tẩm Độc Chưởng,0,0,0,1,,,,3,,,,,34001,,,,,,,,,,,,,1,,,,,,,,,,,,,,,,,
3713,Lôi Điện Pháp Trận-Độc (4m),0,0,1,22,,,15,76,,,1,,34101,,,,1,,,,,,,,,1,,,,,,,,,,,,,,,,,
3714,Lôi Điện Pháp Trận-Độc (4m)_Lôi Điện,0,0,1,22,,,,15,,,,24125,,,,,1,,,,,,,,,1,,,,,,,,,,,,,,,,,
3715,Lôi Điện Pháp Trận-Độc (4m)_Địa Liệt,0,0,1,9,,,,15,,,,34125,,,,,,,,,,,,,,1,,,,,,,,,,,,,,,,,
3717,Tam Quy Nguyên Khí_Phụ,1,100,1,6,,,,9,,,,,3027,1,,,,,,,,,,,,1,,,,,,,,,,,,,,,,,
3718,Ngũ Độc Địch Chú,0,0,0,12,,,,3,,,,,34301,,,,,,5985,,,1,,,,1,,,,,,,,,,,,,,,,,
3719,Ngũ Độc Địch Chú_Hiệu ứng,0,0,0,12,,,,20,,,,24302,,,,,,,5985,,,1,,,,1,,,,,,,,,,,,,,,,,
3720,Âm Phong Thực Cốt,0,0,1,22,,,,5,,,,,3603,,,,,,,,,,,,,1,,,,,,,,,,,,,,,,,
3721,Âm Phong Thực Cốt_Hiệu ứng,0,0,1,22,,,,45,,,,24309,,,,,,,,,,,,,,1,,,,,,1,,,,,,,,,,,
3733,Vạn Cổ Thực Tâm,0,0,1,24,,,,5,,,,,,,,,,,,,,,,,,1,,,,,,,,,,,,,,,,,
3734,Vạn Cổ Thực Tâm_Hiệu ứng,0,0,1,24,,,,45,,,,24353,,,,,,,,,,,,,,1,,,,,,1,,,,,,,,,,,
3736,Cơ Quan Cung Tiễn,1,100,0,6,,,,21,,,,,3401,,,,,,,,,,,,,1,,,,,,,,,,,,,,,,,
3737,Cơ Quan Cung Tiễn_Hiệu Ứng,1,100,0,6,,,,21,,,,182,,,,,,,,,,,,,,1,,,,,,,,,,,,,,,,,
3738,Cơ Quan Cung Tiễn_Kim,1,100,0,6,,,,21,,,,,3401,,,,,,,,,,,,,1,,,,,,,,,,,,,,,,,
3739,Cơ Quan Cung Tiễn_Hiệu Ứng Kim,1,100,0,6,,,,21,,,,2722,,,,,,,,,,,,,,1,,,,,,,,,,,,,,,,,
3740,Cơ Quan Cung Tiễn_Mộc,1,100,0,6,,,,21,,,,,1892,,,,,,,,,,,,,1,,,,,,,,,,,,,,,,,
3741,Cơ Quan Cung Tiễn_Hiệu Ứng Mộc,1,100,0,6,,,,21,,,,2723,,,,,,,,,,,,,,1,,,,,,,,,,,,,,,,,
3742,Cơ Quan Cung Tiễn_Thủy,1,100,0,6,,,,21,,,,,1893,,,,,,,,,,,,,1,,,,,,,,,,,,,,,,,
3743,Cơ Quan Cung Tiễn_Hiệu Ứng Thủy,1,100,0,6,,,,21,,,,2724,,,,,,,,,,,,,,1,,,,,,,,,,,,,,,,,
3744,Cơ Quan Cung Tiễn_Hỏa,1,100,0,6,,,,21,,,,,1894,,,,,,,,,,,,,1,,,,,,,,,,,,,,,,,
3745,Cơ Quan Cung Tiễn_Hiệu Ứng Hỏa,1,100,0,6,,,,21,,,,2725,,,,,,,,,,,,,,1,,,,,,,,,,,,,,,,,
3746,Cơ Quan Cung Tiễn_Thổ,1,100,0,6,,,,21,,,,,1895,,,,,,,,,,,,,1,,,,,,,,,,,,,,,,,
3747,Cơ Quan Cung Tiễn_Hiệu Ứng Thổ,1,100,0,6,,,,21,,,,2726,,,,,,,,,,,,,,1,,,,,,,,,,,,,,,,,
3751,Pháo Tháp,0,0,1,8,,,,3,,,,,3026,,,,,,,,,,,,,1,,,,,,,,,,,,,,,,,
3752,Pháo Tháp_Cảnh Báo,0,0,1,8,,,,2,,,,14,,,,,1,,,,,,,,,1,,,,,,,,,,,,,,,,,
3753,Pháo Tháp_Địa Liệt,0,0,1,8,,,,30,,,,26,,,,,,,,,,,,,,1,,,,,,,,,,,,,,,,,
3786,Đá Lăn,0,0,1,36,,,,16,,,,,,,,,,,,,,,,,,1,,,,,,,,,,,,,,,,,
3787,Đá Lăn_Phụ,3,0,1,15,,,10,33,,1,1,,3026,,,,,,,,,,,,,1,,,,,,,,,,,,,,,,,
3802,Băng Thanh Ngọc Nhuận_Phụ,0,0,1,60,,,,15,,1,,,13801,,,,,,,,,1,,,,1,,,,,,,,,,,,,,,,,1
3809,Kim Chiêu Đoạn Hồn,0,0,0,15,,,,3,15,,,14408,34401,,,,,,,,,,,1000,3,1,,,,,,,,,,,,,,,,,
3816,Mục Như Thanh Phong_Phụ,5,200,0,5,,,,6,,1,,,36301,,,,,,,,,,,1000,3,1,,,,,,,,,,,,,,,,,
3819,Huyền Diệm Trảm_Sát thương,0,0,1,15,,,,3,,,,,3026,,,,,,,,,,,1000,3,1,,,,,,,,,,,,,,,,,
3822,Sái Kim Giáp_Phụ,3,0,1,27,,,2,60,,,,17141,,,,,,,,,,,,,,1,,,,,,,,,,,,,,,,,
3830,Đạp Phong Du Long_Phụ,5,200,0,5,,,,15,,1,,,13808,,,,,,,,,,,1000,3,1,,,,,,,,,,,,,,,,,
3856,Địa Bộc Thiên Tinh,1,60,0,3,,,,15,,,1,,,,,-100,,,,,,,,,,1,,,,,,,,,,,,,,,,,
3857,Địa Bộc Thiên Tinh_Phụ,1,20,0,3,,,,10,,,1,,,,,,,,,,,,,,,1,,,,,,,,,,,,,,,,,
3858,Địa Bộc Thiên Tinh_Lưu Tinh,0,0,0,10,,,6,18,,,,1327,,,,,,,,,,,,,,1,,,,,,,,,,,,,,,,,
3859,Địa Bộc Thiên Tinh_Địa Liệt,0,0,1,10,,,,40,,,,1808,,,,,,,,,,,,,,1,,,,,,,,,,,,,,,,,
3860,Địa Bộc Thiên Tinh_Sát thương,0,0,0,64,,,7,30,,0,1,,3026,,,,,,,,,,,,,1,,,,,,,,,,,,,,,,,
3901,Bá Vương Thương,0,0,0,12,,,,3,,,,,3026,,,120,,,,,,,,,,1,,,,,,,,,,,,,,,,,
3902,Hồng Môn Yến,0,0,0,16,,,,5,,,,,3026,,1,,,,,,,,,,,1,,,,,,,,,,,,,,,,,
3903,Hồng Môn Yến_Hiệu ứng,0,0,0,16,,,,30,,,,13680,,,,,,,,,,,,,,1,,,,,,,,,,,,,,,,,
3904,Hàn Tinh,0,0,1,15,,,,5,,,,,3025,,1,,,,,,,,,,,1,,,,,,,,,,,,,,,,,
3905,Hàn Tinh_Hiệu ứng,0,0,1,15,,,,30,,,,13682,,,1,,,,,,,,,,,1,,,,,,,,,,,,,,,,,
3906,Hàng Băng Thích,0,0,1,4,,,,5,,,,2560,,,,,,,,,,,,,,1,,,,,,,,,,,,,,,,,
3907,Hàng Băng Thích_Phụ,5,100,1,4,,,,15,,1,,2560,3025,,,,,,,,,,5,,,1,,,,,,,,,,,,,,,,,
3908,Độc Châm,1,60,1,4,,,,16,,,,23687,34301,,1,,,,,,,,10,,,1,,,,,,,,,,,,,,,,,
3909,Hạt Hoàng Cổ,0,0,1,15,,,,5,,,,,34301,,1,,,,,,,,,,,1,,,,,,,,,,,,,,,,,
3910,Hạt Hoàng Cổ_Hiệu ứng,0,0,1,15,,,,30,,,,13690,,,1,,,,,,,,,,,1,,,,,,,,,,,,,,,,,
3911,Hạt Hoàng Cổ_Phụ 1,2,200,0,6,,,,90,,,,,,,,,,,,,,1,,,,1,,,,,,,,,,,,,,,,,
3912,Hạt Hoàng Cổ_Phụ 2,0,0,0,6,,,,5,,1,,,,,,,,,,,,1,,,,1,,,,,,,,,,,,,,,,,
3913,Mãnh Lực,0,0,0,9,,,,6,,,,,3026,,,120,,,,,,,,,,1,,,,,,,,,,,,,,,,,
3914,Ngục Hỏa Thiên Diệm,0,0,1,6,,,,40,,,,13692,,,,,,,,,,,,,,1,,,,,,,,,,,,,,,,,
3915,Ngục Hỏa Thiên Diệm_Phụ,1,55,1,6,,,,13,,,,,3026,,,,,,,,,,,,,1,,,,,,,,,,,,,,,,,
3916,Viêm Kích,1,100,0,6,,,,15,,,,,3026,,,30,,,,,,,,,,1,,,,,,,,,,,,,,,,,
3917,Viêm Kích_Phụ,1,100,0,6,,,,15,,,,2716,,,,30,,,,,,,,,,1,,,,,,,,,,,,,,,,,
3918,Thanh Sơn Ngã Ý,0,0,1,4,,,,5,,,,1835,,,,,,,,,,,,,,1,,,,,,,,,,,,,,,,,
3919,Thanh Sơn Ngã Ý_Phụ,5,100,1,4,,,,15,,1,,1835,3026,,,,,,,,,,5,,,1,,,,,,,,,,,,,,,,,
3920,Võ Tắc Thiên-Đánh Thường,1,100,0,6,,,,15,,,,13920,3025,,,30,,,,,,,,,,1,,,,,,,,,,,,,,,,,
3921,Sức Mạnh Nữ Đế,0,0,0,64,,,,5,,,,,,,,,,,,,,,,,,1,,,,,,,,,,,,,,,,,
3922,Sức Mạnh Nữ Đế_Đóng Băng,0,0,0,6,,,,5,,,,,817,,,,,,,,,,,,,1,,,,,,,,,,,,,,,,,
3923,Thiên Sơn Cầm Khúc,1,150,0,7,,,,6,,,,24601,34601,,,,,,,,,,30,1000,3,1,,,,,,,,,,,,,,,,,
3924,Phi Yến Lăng Ba,1,80,0,6,,,,10,,,,,34606,1,,,,,,,,,,1000,3,1,,,,,,,,,,,,,,,,,
3925,Ngân Bình Ngọc Toái,0,0,0,13,,,,3,16,,,24609,34606,,,,,,,,,,,1000,3,1,,,,,,,,,,,,,,,,,
3926,Quỷ Cốc Tử-Công Thường,0,0,1,10,,,,5,,,,,34002,,,,,,,,,,,,,1,,,,,,,,,,,,,,,,,
3927,Quỷ Cốc Tử-Công thường_Hiệu ứng,0,0,1,10,,,,30,,,,2842,,,,-250,,,,,,,,,,1,,,,,,1,,,,,,,,,,,
3928,Hợp Tung Liên Hoành,0,0,0,64,,,,3,,,,,34002,,,,,,,,,,,,,1,,,,,,,,,,,,,,,,,
3929,Hợp Tung Liên Hoành_Hiệu ứng,0,0,0,64,,,,20,,,,13206,,,,,,,,,,,,,,1,,,,,,1,,,,,,,,,,,
3930,Công thường Trương Tam Phong,0,0,1,10,,,,5,,,,,3604,,,,,,,,,,,,,1,,,,,,,,,,,,,,,,,
3931,Công thường Trương Tam Phong_Hiệu ứng,0,0,1,10,,,,30,,,,2802,,,,,,,,,,,,,,1,,,,,,,,,,,,,,,,,
3932,Thuần Dương Vô Cực Công,0,0,0,64,,,,5,,,,,,,,,,,,,,,,,,1,,,,,,,,,,,,,,,,,
3938,Đạt Ma-Công thường,5,100,1,5,,,,15,1,1,,1835,35501,,,,,,,,,,,,,1,,,,,,,,,,,,,,,,,
3939,Hỏa Tận Tân Truyền,5,100,1,5,,,,45,1,1,,56,35501,,,,,,,,,,,,,1,,,,,,,,,,,,,,,,,
3940,Hỏa Tận Tân Truyền_Phụ,2,60,1,5,,,,15,1,,1,56,35501,,,,,,,,,,,,,1,,,,,,,,,,,,,,,,,
3941,Quan Vũ Công Thường,0,0,0,12,,,,3,,,,,3021,,,120,,,,,,,,,,1,,,,,,,,,,,,,,,,,
3944,Thành Cát Tư Hãn-Công Thường,1,50,0,6,,,,11,,,,,3501,,,,,,,,,,,,,,,,,,,,,,,,,,,,,,
3945,Thành Cát Tư Hãn-Công Thường_Hiệu ứng,1,50,0,6,,,,15,,,,13204,,,,-200,,,,,,,,,,,,,,,,,,,,,,,,,,,
3947,Vạn Cổ Trường Thanh_Sát thương,0,0,0,6,,,,15,,,,,3501,,,,,,,,,,,,,,,,,,,,,,,,,,,,,,
3948,Vạn Cổ Trường Thanh_Hiệu ứng,0,0,0,6,,,,15,,,,13204,,,,,,,,,,,,,,,,,,,,,,,,,,,,,,,
3969,Hoa Mộc Lan Công Thường,1,100,0,6,,,,15,,,,13920,3025,,,30,,,,,,,,,,1,,,,,,,,,,,,,,,,,
3970,Vạn Lý Nhung Cơ,0,0,0,64,,,,5,,,,,,,,,,,,,,,,,,1,,,,,,,,,,,,,,,,,
4001,Đường Môn Ám Khí,5,70,0,5,,,,16,,1,,24004,34001,,,,,,5929,,,,,1000,3,1,,,,,,,,,,,,,,,,,
4002,Đường Môn Ám Khí 2,5,70,0,5,,,,16,,1,,24004,34001,,,,,,5929,,,,,1000,3,1,,,,,,,,,,,,,,,,,
4003,Đường Môn Ám Khí 3,5,70,0,5,,,,16,,1,,24004,34001,,,,,,5929,,,,,1000,3,1,,,,,,,,,,,,,,,,,
4004,Đường Môn Ám Khí 4,5,70,0,5,,,,16,,1,,24004,34001,,,,,,5929,,,,,1000,3,1,,,,,,,,,,,,,,,,,
4006,Triền Thân Thích. Kỹ năng chính trì hoãn đạn,0,0,0,1,,,,21,,,,14006,,,,,,,,,,,,,,1,,,,,,,,,,,,,,,,,
4007,Triền Thân Thích_Sát thương nổ,0,0,1,9,,,,5,,,,,34002,,,,,,5924,,,,,1000,3,1,,,,,,,,,,,,,,,,,
4008,Bạo Vũ Lê Hoa,0,0,1,8,,,,5,25,,,24008,34001,,,,,,5926,,,,,,,1,,,,,,,,,,,,,,,,,
4009,Mê Ảnh Tung-Hàm Sa Xạ Ảnh,1,90,1,4,,,,6,,,,24009,34001,,,,,,,,,,,1000,3,1,,,,,,,,,,,,,,,,,
4012,Cửu Cung Phi Tinh,0,0,1,4,,,,7,,,,24012,,,,,,,,,,,,,,1,,,,,,,,,,,,,,,,,
4013,Cửu Cung Phi Tinh_Phụ 1,5,100,1,4,,,,15,,1,,24012,34012,,,,,,,,,,5,,,1,,,,,,,,,,,,,,,,,
4015,Tôi Độc Thuật,0,0,0,64,,,,2,,,,,,,,,,,,,,,,,,,,,,,,,,,,,,,,,,,
4016,Tôi Độc Thuật_Đồng đội,0,0,0,64,,,,2,,,,,,,,,,,,,,,,,,,,,,,,,,,,,,,,,,,
4025,Cửu Cung Phi Tinh_Phụ 2,0,0,1,4,,,,5,,,,24025,,,,,,,,,,,,,,1,,,,,,,,,,,,,,,,,
4026,Cửu Cung Phi Tinh_Phụ 3,1,87,1,4,,,,3,,,,24025,,,,,,,,,,,,,,1,,,,,,,,,,,,,,,,,
4032,Thiên Cơ Khổng Tước Linh,0,0,0,64,,,,15,,,,24032,,,,,,,,,,,,,,1,,,,,,1,,,,,,,,,,,
4033,Thiên Cơ Khổng Tước Linh_Hiệu Quả 1,0,0,0,64,,,,15,,,,24032,,,,,,,,,,,,,,1,,,,,,1,,,,,,,,,,,
4034,Thiên Cơ Khổng Tước Linh_Hiệu Quả 2,0,0,0,64,,,,15,,,,24032,,,,,,,,,,,,,,1,,,,,,1,,,,,,,,,,,
4035,Thiên Cơ Khổng Tước Linh_Sát thương,0,0,0,64,,,5,16,,,1,,34002,,,,,,,,,,,,,1,,,,,,,,,,,,,,,,,
4048,Đường Môn Ám Khí_Tán Tiêu 1,1,70,1,4,,,,9,,1,,24001,34001,,,,,,,,,,,1000,3,1,,,,,,,,,,,,,,,,,
4049,Đường Môn Ám Khí_Tán Tiêu 2,1,70,1,4,,,,9,,1,,24001,34001,,,,,,,,,,,1000,3,1,,,,,,,,,,,,,,,,,
4050,Đường Môn Ám Khí_Tán Tiêu 3,1,70,1,4,,,,9,,1,,24001,34001,,,,,,,,,,,1000,3,1,,,,,,,,,,,,,,,,,
4051,Đường Môn Ám Khí_Tán Tiêu 4,1,70,1,4,,,,9,,1,,24001,34001,,,,,,,,,,,1000,3,1,,,,,,,,,,,,,,,,,
4061,Truy Tinh Trục Điện_Phụ,0,0,0,6,,,,5,,1,,,,,,,,,,,,,,,,1,,,,,,,,,,,,,,,,,
4063,Triền Thân Thích-Bí Kíp-Sơ-dohitskill,0,0,0,6,,,,2,,1,,,,,,,,,,,,,,,,1,,,,,,,,,,,,,,,,,
4064,Triền Thân Thích-real,0,0,1,9,,,,450,,1,,24006,,,,,,,,,,,,,,1,,34007,,,24007,,,,,,,,,,,,
4101,Côn Lôn Kiếm Pháp,0,0,0,13,,,,5,,,,,34101,,,126,,,5950,,,,,1000,3,1,,,,,,,,,,,,,,,,,
4102,Côn Lôn Kiếm Pháp 2,0,0,0,13,,,,5,,,,,34102,,,126,,,5950,,,,,1000,3,1,,,,,,,,,,,,,,,,,
4103,Côn Lôn Kiếm Pháp 3,0,0,0,13,,,,5,,,,,34103,,,126,,,5950,,,,,1000,3,1,,,,,,,,,,,,,,,,,
4104,Côn Lôn Kiếm Pháp 4,0,0,0,13,,,,5,,,,,34104,,,126,,,5950,,,,,1000,3,1,,,,,,,,,,,,,,,,,
4107,Tiên Nhân Chỉ Lộ_Phụ,1,250,0,16,,,,4,,,,,34107,,,,,,,,,,,1000,3,,,,,,,,,,,,,,,,,,
4108,Hỗn Độn Kiếm Trận,3,250,1,20,,,5,121,,,1,24108,34101,,,,,,,,,,,1000,3,1,,,,,,,,,,,,,,,,,
4109,Tiếu Phong Tam Liên Kích_Phụ-Sát thương phạm vi,0,0,1,13,,,,5,3,,,24110,34101,,,,,,,,,,,1000,3,1,,,,,,,,,,,,,,,,,
4110,Khiếu Phong Tam Liên Kích,5,80,0,5,,,,16,,1,,24110,,,,,,,,,,,,,,1,,,,,,,,,,,,,,,,,
4112,Lôi Động Cửu Thiên,2,200,1,4,,,,10,,,,,24112,,,,,,5949,,,,,,,,,,,,,,,,,,,,,,,,
4113,Lôi Động Cửu Thiên vòng 2,2,200,1,4,,,,10,,,,,24125,,,,,,5949,,,,,,,,,,,,,,,,,,,,,0,,,
4114,Lôi Động Cửu Thiên vòng 2_Địa Liệt,0,0,1,9,,,,15,,,,34125,,,,,,,,,,,,,,,,,,,,,,,,,,,,,,,
4128,Côn Hư Trụy Vô Phong,0,0,0,64,,,,3,,,,,34101,,,,,,,,,,,1000,3,1,,,,,,,,,,,,,,,,,
4132,Nhất Khí Tam Thanh_Đạn Chính,0,0,1,60,,,,3,,,,,,,,,,,,,,,,,,1,,,,,,,,,,,,,,,,,
4157,Thử nghiệm. Thử nghiệm hitskill mới,0,0,1,64,,,12,70,,,1,807,34201,,,500,,,,,,,,1000,3,1,,,,,6807,,,,,,,,,,,,1
4158,Thử nghiệm. Thử nghiệm hitskill mới. Phụ,1,70,0,5,,,,16,,,,24004,34001,,,,,,5929,,,,,1000,3,1,,,,,,,,,,,,,,,,,
4201,Cái Bang Chưởng Pháp,0,0,0,13,,,,6,,,,,34201,,,126,,,5965,,,,,1000,3,1,,,,,,,,,,,,,,,,,
4202,Cái Bang Chưởng Pháp 2,0,0,0,13,,,,6,,,,,34202,,,126,,,5965,,,,,1000,3,1,,,,,,,,,,,,,,,,,
4203,Cái Bang Chưởng Pháp 3,0,0,0,13,,,,6,,,,,34203,,,126,,,5965,,,,,1000,3,1,,,,,,,,,,,,,,,,,
4204,Cái Bang Chưởng Pháp 4,0,0,0,13,,,,6,,,,,34203,,,126,,,5965,,,,,1000,3,1,,,,,,,,,,,,,,,,,
4205,Cái Bang Chưởng Pháp 5,0,0,0,13,,,,6,,,,,34204,,,126,,,5965,,,,,1000,3,1,,,,,,,,,,,,,,,,,
4206,Hàng Long Hữu Hối,1,80,0,8,,,,15,,,,,3407,,,,,,,,,,,1000,3,1,,,,,,,,,,,,,,,,,
4207,Hàng Long Hữu Hối_Hiệu Quả,0,0,0,8,,,,15,,,,24206,,,,,,,,,,,,,,1,,,,,,1,,,,,,,,,,,
4208,Khốn Long Công,0,0,1,16,,,,44,,,,14210,,,,,,,,,,,,,,1,,,,,24210,,,,,,,,,,,,
4209,Khốn Long Công_Phụ 1,0,0,1,16,,,,5,,,,,3026,,,,,,,,,,,1000,3,1,,,,,,,,,,,,,,,,,
4210,Khốn Long Công_Phụ 2,0,0,1,16,,,,6,,,,24208,,,,,,,,,,,,,,1,,,,,,,,,,,,,,,,,
4213,Long Chiến Vu Dã,2,200,1,20,,,,90,,,,24213,,,,,,,,,,,,,,1,,,,,24215,,,,,,,,,,,,
4214,Long Chiến Vu Dã_Phụ 1_Sát thương,0,0,1,20,,,,3,,,,,34201,,,,,,,,,,,1000,3,1,,,,,,,,,,,,,,,,,
4215,Long Chiến Vu Dã_Phụ 2_Biểu hiện,0,0,1,20,,,,10,,,,24214,,,,,,,,,,,,,,1,,,,,,,,,,,,,,,,,
4216,Cái Bang Tuyệt Học 2 Hiệu quả Kéo Lại Long Chiến Vu Dã_hitskill,0,0,1,30,,,,5,,,,,,,1,,,,,,,,,,,1,,,,,,,,,,,,,,,,1,
4217,Cái Bang Tuyệt Học 2 Sát thương hỏa cầu Long Chiến Vu Dã,2,60,1,6,,,,13,,1,,1323,34201,,,,,,,,,,,1000,3,1,,,,,,,,,,,,,,,,,
4227,Kim Thiền Thoát Xác_Hiệu ứng thi triển,0,0,1,20,,,,30,,,,14132,,,,,,,,,,,,,,1,,,,,,,,,,,,,,,,,
4230,Thâu Thiên Hoán Nhật _Phụ,3,200,1,5,,,,6,,1,,,34104,,,,,,,,,,,,,1,,,,,,,,,,,,,,,,,
4231,Khốn Long Công_Nổ,0,0,1,20,,,,30,,,,24209,,,,,,,,5968,,,,,,1,,,,,,,,,,,,,,,,,
4232,Giáng Long Thập Bát Chưởng,1,100,0,8,,,,15,,,,24206,,,,,,,,,,,,,,1,,,,,,,,,,,,,,,,,
4233,Giáng Long Thập Bát Chưởng_Phụ 1,1,100,0,8,,,,15,,,,24206,,,,,,,,,,,,,,1,,,,,,,,,,,,,,,,,
4234,Giáng Long Thập Bát Chưởng_Phụ 2,1,100,0,8,,,,15,,,,24206,,,,,,,,,,,,,,1,,,,,,,,,,,,,,,,,
4235,Giáng Long Thập Bát Chưởng_Sát thương,0,0,1,64,,,,3,,,,,3407,,,,,,,,,,,,,1,,,,,,,,,,,,,,,,,
4236,Giáng Long Thập Bát Chưởng_Rồng Rơi,0,0,0,8,,,,8,,,,24236,,,,,,,,,,,,,,1,,34236,,,,,,,,,,,,,,,
4254,Cao-Long Chiến Vu Dã_Phụ,0,0,1,2,,,,2,,1,,,,,,,,,,,,,,,,,,,,,,,,,,,,,,,,,
4301,Ngũ Độc Địch Chú,0,0,0,8,,,,3,,,,,34301,,,,,,5985,,,1,,1000,3,1,,,,,,,,,,,,,,,,,
4302,Ngũ Độc Địch Chú 2,0,0,0,8,,,,3,,,,,34302,,,,,,5985,,,1,,1000,3,1,,,,,,,,,,,,,,,,,
4303,Ngũ Độc Địch Chú 3,0,0,0,8,,,,3,,,,,34303,,,,,,5985,,,1,,1000,3,1,,,,,,,,,,,,,,,,,
4304,Ngũ Độc Địch Chú 4,0,0,0,8,,,,3,,,,,34304,,,,,,5985,,,1,,1000,3,1,,,,,,,,,,,,,,,,,
4305,Ngũ Độc Địch Chú_Hiệu ứng,0,0,0,8,,,,25,,,,24301,,,,,,,,,,1,,,,1,,,,,,1,,,,,,,,,,,
4306,Ngũ Độc Địch Chú 2_Hiệu ứng,0,0,0,8,,,,25,,,,24302,,,,,,,,,,1,,,,1,,,,,,1,,,,,,,,,,,
4307,Ngũ Độc Địch Chú 3_Hiệu ứng,0,0,0,8,,,,25,,,,24303,,,,,,,,,,1,,,,1,,,,,,1,,,,,,,,,,,
4308,Ngũ Độc Địch Chú 4_Hiệu ứng,0,0,0,8,,,,25,,,,,,,,,,,,,,1,,,,1,,,,,,1,,,,,,,,,,,
4309,Âm Phong Thực Cốt,0,0,1,15,,,,5,,,,,3603,,,,,,,,,,,1000,3,1,,,,,,,,,,,,,,,,,
4310,Âm Phong Thực Cốt_Hiệu ứng,0,0,1,15,,,,30,,,,24309,,,,,,,,,,,,,,1,,,,,,1,,,,,,,,,,,
4312,Triệu Hồi Độc Trùng_Linh Xà,0,0,0,30,,,,5,,1,,,,,,,,,5994,,,,,,,1,,,,,,,,,,,,,,,,,
4314,Triệu Hồi Độc Trùng_Bích Thiềm,0,0,0,30,,,,5,,1,,,,,,,,,5995,,,,,,,1,,,,,,,,,,,,,,,,,
4316,Triệu Hồi Độc Trùng_Xích Hạt,0,0,0,30,,,,5,,1,,,,,,,,,5996,,,,,,,1,,,,,,,,,,,,,,,,,
4318,Triệu Hồi Độc Trùng_Phong Ngô,0,0,0,30,,,,5,,1,,,,,,,,,5997,,,,,,,1,,,,,,,,,,,,,,,,,
4320,Triệu Hồi Độc Trùng_Mặc Tri,0,0,0,30,,,,5,,1,,,,,,,,,5998,,,,,,,1,,,,,,,,,,,,,,,,,
4322,Linh Xà-Đánh Thường,0,0,0,3,,,,3,,,,,34328,,,,,,,,,,,,,,,,,,,,,,,,,,,,,,
4323,Kỹ năng Linh Xà (Tàn Phế) ,2,60,0,5,,,,15,,1,,24323,34328,,,,,,,,,1,,,,1,,,,,,,,,,,,,,,,,
4324,Bích Thiềm-Đánh Thường,0,0,0,3,,,,3,,,,,34328,,,,,,,,,,,,,,,,,,,,,,,,,,,,,,
4325,Kỹ năng Bích Thiềm (Giảm Kháng Mộc) ,0,0,0,8,,,,3,,,,,34328,,,,,,,,,1,,,,1,,,,,,,,,,,,,,,,,
4326,Kỹ năng Bích Thiềm (giảm Kháng Mộc) _Hiệu ứng,0,0,0,8,,,,30,,,,24325,,,,,,,,,,1,,,,1,,,,,,1,,,,,,,,,,,
4327,Xích Hạt-Đánh Thường,0,0,0,3,,,,3,,,,,34328,,,,,,,,,,,,,,,,,,,,,,,,,,,,,,
4329,Phong Ngô-Đánh Thường,0,0,0,3,,,,3,,,,,34328,,,,,,,,,,,,,,,,,,,,,,,,,,,,,,
4330,Kỹ năng Phong Ngô (Giảm né tránh) ,2,60,0,5,,,,15,,1,,24330,34328,,,,,,,,,1,,,,1,,,,,,,,,,,,,,,,,
4332,Mặc Thù-Đánh Thường,0,0,0,3,,,,3,,,,,34328,,,,,,,,,,,,,,,,,,,,,,,,,,,,,,
4333,Kỹ năng Mặc Thù (Tăng thời gian Độc),2,60,0,5,,,,15,,1,,24333,34328,,,,,,,,,1,,,,1,,,,,,,,,,,,,,,,,
4334,Mê Tâm Cổ,0,0,0,10,,,,5,,1,,,,,,,,,,,,1,,,,1,,,,,,,,,,,,,,,,,
4335,Mê Tâm Cổ_Phụ 1,2,200,0,6,,,,118,,,,14336,,,,,,,,,,1,,,,1,,,,,,,,,,,,,,,,,
4337,Mê Tâm Cổ_Phụ 2,0,0,0,6,,,,5,,1,,,,,,,,,,,,1,,,,1,,,,,,,,,,,,,,,,,
4339,Vạn Cổ Thực Tâm,0,0,1,20,,,,5,,,,,,,,,,,,,,,,,,1,,,,,,,,,,,,,,,,,
4340,Vạn Cổ Thực Tâm_Phụ,0,0,1,20,,,,5,,,,,34301,,,,,,,,,,,1000,3,1,,,,,,,,,,,,,,,,,
4346,Vô Hình Cổ_Phụ,0,0,1,10,,,,3,,1,,,34328,,,,,,,,,,,1000,3,1,,34007,,,,,,,,,,,,,,,
4351,Ngũ Độc Kỳ Kinh_Phụ 1,0,0,0,25,,,,5,,1,,,34301,,,,,,,,,,,1000,3,1,,,,,,,,,,,,,,,,,
4352,Ngũ Độc Kỳ Kinh_Phụ 2,2,80,0,5,,,,9,,1,,24346,,,,,,,,,,,,,,1,,34346,,,,,,,,,,,,,,,
4353,Vạn Cổ Thực Tâm_Hiệu ứng,0,0,1,15,,,,45,,,,24353,,,,,,,,,,,,,,1,,,,,,1,,,,,,,,,,,
4354,Vạn Cổ Thiên Tiên Chiếu,0,0,0,8,,,,30,,,,24354,,,,,,,,,,,,,,1,,,50,,,,,,,,,,,,1,,
4355,Vạn Cổ Thiên Tiên Chiếu_Phụ 1,0,0,0,8,,,,30,,,,24354,,,,,,,,,,,,,,1,,,100,,,,,,,,,,,,1,,
4356,Vạn Cổ Thiên Tiên Chiếu_Phụ 2,0,0,0,8,,,,24,,,,24354,,,,,,,,,,,,,,1,,34354,,,,,,,,,,,,,,,
4357,Vạn Cổ Thiên Tiên Chiếu_Sát thương,0,0,1,64,,,,3,,,,,34302,,,,,,,,,,,1000,3,1,,,,,,,,,,,,,,,,,
4360,Vạn Cổ Thiên Tiên Chiếu_Hiệu ứng nổ 1,0,0,0,8,,,,30,,,,34354,,,,,,,,,,,,,,1,,,50,,,,,,,,,,,,1,,
4361,Vạn Cổ Thiên Tiên Chiếu_Hiệu ứng nổ 2,0,0,0,8,,,,30,,,,34354,,,,,,,,,,,,,,1,,,100,,,,,,,,,,,,1,,
4401,Tàng Kiếm Kiếm Pháp,0,0,0,13,,,,3,,,,,34401,,,126,,,6005,,,,,1000,3,1,,,,,,,,,,,,,,,,,
4402,Tàng Kiếm Kiếm Pháp 2,0,0,0,13,,,,3,,,,,34401,,,126,,,6005,,,,,1000,3,1,,,,,,,,,,,,,,,,,
4403,Tàng Kiếm Kiếm Pháp 3,0,0,0,13,,,,3,,,,,34401,,,126,,,6005,,,,,1000,3,1,,,,,,,,,,,,,,,,,
4404,Tàng Kiếm Kiếm Pháp 4,0,0,0,13,,,,3,,,,,34401,,,126,,,6005,,,,,1000,3,1,,,,,,,,,,,,,,,,,
4405,Tàng Kiếm Kiếm Pháp 5,0,0,0,13,,,,3,,,,,34401,,,126,,,6005,,,,,1000,3,1,,,,,,,,,,,,,,,,,
4406,Đoạn Triều,1,1000,1,12,,,,2,,,,,166,,,50,,,,,,,,1000,3,1,,,,,,,,,,,,,,,,,
4409,Ngọc Tuyền Ngư Dược_Phụ,0,0,0,12,,,,3,,,,,166,,,,,,,,,,,1000,3,1,,,,,,,,,,,,,,,,,
4413,Phong Tháp Vân Cảnh_Nổ ban đầu,0,0,1,19,,,,3,42,,,24416,,,,,,,,,,,,,,1,,,,,24414,,,,,,,,,,,,
4414,Phong Tháp Vân Cảnh_Kiếm Trận Ngoại Vi-dohitskill,0,0,1,72,,,11,91,,,1,24415,,,,,1,,,,,,,,,1,,,,,,,,,,,,,,,,1,
4415,Phong Tháp Vân Cảnh_Gọi Phi Kiếm,5,40,1,1,,,,4,,,,,,,,,,,,,,,,,,1,,,,,,,1,,,,,,,,,1,
4416,Phong Tháp Vân Cảnh_Phi Kiếm tấn công,1,250,1,6,,,,6,,,,24425,166,,,,,,,,,,,1000,3,1,,,,,,,,,,,,,,,,,
4417,Hạc Quy Cô Sơn,0,0,0,64,,,,2,,,,,,,,,,,,,,,,,,1,,,,,,,,,,,,,,,,,
4419,Hạc Quy Cô Sơn_Địch,0,0,0,64,,,,2,,,,,,,,,,,,,,,,,,1,,,,,,,,,,,,,,,,,
4425,Vân Thê Tùng_Phụ 1-Phi Kiếm Xoay Vòng,6,120,1,5,,,,20,,,,24425,166,,,,,,,,,,5,1000,3,1,,,,,,,,1,,,"Khi loại là đạn xoay vòng thì điền 1, khi đạn quay về sẽ theo sau người chơi",,,,,,
4429,Hoàng Long Thổ Thúy_Phụ,0,0,1,15,,,,3,12,,,14425,3024,,,,,,,,,,,1000,3,1,,,,,,,,,,,,,,,,,
4430,Phong Tháp Vân Cảnh_Hiệu quả duy trì vòng trong-Biểu hiện,0,0,1,19,,,,2,119,,,24413,,,,,,,,,,,,,,1,,,,,24414,1,,,,,,,,,,,
4433,Tàng Kiếm Nộ Khí,0,0,0,64,,,,5,,,,,166,,,,,,,,,,,1000,3,1,,,,,,,,,,,,,,,,,
4434,Tàng Kiếm Nộ Khí_Phụ,0,0,0,64,,,,5,,,,,166,,,,,,,,,,,1000,3,1,,,,,,,,,,,,,,,,,
4446,Sơ-Phong Tháp Vân Cảnh_Sát thương ban đầu,0,0,1,19,,,,3,,,,,3024,,,,,,,,,,,,,1,,,,,,,,,,,,,,,,,
4501,Trường Ca Phiến Quyết,1,120,0,10,,,,6,,,,24501,34501,,,,,,6025,,,,10,1000,3,1,,,,,,,,,,,,,,,,,
4502,Trường Ca Phiến Quyết 2,1,120,0,10,,,,6,,,,24502,34501,,,,,,6025,,,,10,1000,3,1,,,,,,,,,,,,,,,,,
4503,Trường Ca Phiến Quyết 3,1,120,0,10,,,,6,,,,24503,34501,,,,,,6025,,,,10,1000,3,1,,,,,,,,,,,,,,,,,
4504,Trường Ca Phiến Quyết 4,1,120,0,10,,,,6,,,,24504,34504,,,,,,6025,,,,10,1000,3,1,,,,,,,,,,,,,,,,,
4506,Bình Sa Nhạn Lạc,1,900,0,18,,,,2,,,,,34504,,,20,,,,,,,,1000,3,1,,,,,,,,,,,,,,,,,
4507,Bình Sa Nhạn Lạc_Phụ,1,150,0,18,,,,7,,,,24506,,,,120,,,,,,,,,,1,,,,,,1,,,,,,,,,,,
4509,Vân Sinh Kết Hải_Thuẫn Nhanh Nhẹn,0,0,1,60,,,,5,,,,,,,,,,,,,,,,,,1,,,,,,,,,,,,,,,,,
4510,Vân Sinh Kết Hải _Buff Đồng đội,0,0,1,60,,,,5,,,,,,,,,,,,,,,,,,1,,,,,,,,,,,,,,,,,
4512,Thanh Âm Trường Khiếu,5,30,0,4,,,,15,2,1,,24512,34504,,,50,,,,,,,10,1000,3,1,,,,,,,,,,,,,,,,,
4513,Thanh Âm Trường Khiếu_Phụ 1,5,30,0,4,,,,15,2,1,,24513,34504,,,50,,,,,,,10,1000,3,1,,,,,,,,,,,,,,,,,
4514,Thanh Âm Trường Khiếu_Phụ 2,5,30,0,4,,,,15,2,1,,24516,34504,,,50,,,,,,,10,1000,3,1,,,,,,,,,,,,,,,,,
4515,Thanh Âm Trường Khiếu_Phụ 3,5,30,0,4,,,,15,2,1,,24515,34504,,,50,,,,,,,10,1000,3,1,,,,,,,,,,,,,,,,,
4516,Thanh Âm Trường Khiếu_Phụ 4,5,30,0,4,,,,15,2,1,,24514,34504,,,50,,,,,,,10,1000,3,1,,,,,,,,,,,,,,,,,
4548,Thanh Âm Trường Khiếu_Đạn Tiếp Sau 1,3,100,1,55,,,15,225,,,1,,,,,,,,,,,,,,,1,,,,,,,,,,,,,,,,,
4549,Thanh Âm Trường Khiếu_Đạn Tiếp Sau 2,0,0,1,55,,,,5,,,,,,,,,,,,,,,,,,1,,,,,,,,,,,,,,,,,
4573,Thanh Âm Trường Khiếu_Cung,5,30,0,4,,,,15,2,1,,24512,34504,,,50,,,,,,,10,1000,3,1,,,,,,,,,,,,,,,,,
4574,Thanh Âm Trường Khiếu_Thương,5,30,0,4,,,,15,2,1,,24513,34504,,,50,,,,,,,10,1000,3,1,,,,,,,,,,,,,,,,,
4575,Thanh Âm Trường Khiếu_Giác,5,30,0,4,,,,15,2,1,,24516,34504,,,50,,,,,,,10,1000,3,1,,,,,,,,,,,,,,,,,
4576,Thanh Âm Trường Khiếu_Chủy,5,30,0,4,,,,15,2,1,,24515,34504,,,50,,,,,,,10,1000,3,1,,,,,,,,,,,,,,,,,
4577,Thanh Âm Trường Khiếu_Vũ,5,30,0,4,,,,15,2,1,,24514,34504,,,50,,,,,,,10,1000,3,1,,,,,,,,,,,,,,,,,
4518,Giang Trục Nguyệt Thiên,2,100,1,24,,,,72,,,,24518,,,,,,,,,,,,,,1,,,,,34518,,,,,,,,,,,,
4519,Giang Trục Nguyệt Thiên_Sát thương,0,0,1,24,,,,3,,,,,34519,,,,,,,,,,,1000,3,1,,,,,,,,,,,,,,,,,
4520,Giang Trục Nguyệt Thiên_Hiệu ứng,0,0,1,24,,,,30,,,,24521,,,,,,,,,,,,,,1,,,,,,,,,,,,,,,,,
4524,Dạ Dẫn Phong Lam-Tăng miễn giảm sát thương,0,0,1,60,,,,15,,,,401,,,,,,,,,,,,,,1,,,,,,,,,,,,,,,,,
4531,Hồi Mộng Trục Quang_Hiệu ứng,0,0,0,20,,,,45,,,,14537,,,,,,,,,,,,,,1,,,,,,,,,,,,,,,,,
4541,Dương Xuân Bạch Tuyết_Định Thân và Cấm Trị Liệu,0,0,0,5,,,,5,,,,,,,,,,,,,,,,,,1,,,,,,,,,,,,,,,,,
4544,Trường Ca Nộ Khí,0,0,0,64,,,,5,,,,,166,,,,,,,,,,,1000,3,1,,,,,,,,,,,,,,,,,
4545,Trường Ca Nộ Khí_Phụ,0,0,0,64,,,,5,,,,,166,,,,,,,,,,,1000,3,1,,,,,,,,,,,,,,,,,
4556,Sơ-Vân Sinh Kết Hải_Hút sinh lực,0,0,1,24,,,,3,,,,,,,,,,,,,,,,,,1,,,,,,,,,,,,,,,,,
4559,Cao-Vân Sinh Kết Hải_Phụ,0,0,1,24,,,,3,,,,,,,,,,,,,,,,,,1,,,,,,,,,,,,,,,,,
4578,Ma Âm Triền Nhiễu_Phụ 2,0,0,1,10,,,,3,,1,,,34519,,,,,,,,,,,,,1,,,,,,,,,,,,,,,,,
4601,Thiên Sơn Cầm Khúc,1,150,0,10,,,,6,,,,24601,34601,,,,,,6051,,,,30,1000,3,1,,,,,,,,,,,,,,,,,
4602,Thiên Sơn Cầm Khúc 2,1,150,0,10,,,,6,,,,24602,34601,,,,,,6051,,,,30,1000,3,1,,,,,,,,,,,,,,,,,
4603,Thiên Sơn Cầm Khúc 3,1,150,0,10,,,,6,,,,24603,34601,,,,,,6051,,,,30,1000,3,1,,,,,,,,,,,,,,,,,
4604,Thiên Sơn Cầm Khúc 4,1,150,0,10,,,,6,,,,24604,34601,,,,,,6051,,,,30,1000,3,1,,,,,,,,,,,,,,,,,
4606,Phi Yến Lăng Ba,1,80,0,6,,,,10,,,,,34606,1,,,,,,,,,,1000,3,1,,,,,,,,,,,,,,,,,
4607,Phi Yến Lăng Ba_Hiệu ứng,1,60,0,6,,,,13,,,,24607,,,,200,,,,,,,60,,,1,,,,,,1,,,,,,,,,,,
4608,Ngân Bình Ngọc Toái,0,0,0,13,,,,3,16,,,24609,34606,,,,,,,,,,,1000,3,1,,,,,,,,,,,,,,,,,
4609,Ngân Bình Ngọc Toái_Số tầng Bùa Chú,0,0,0,13,,,,3,,,,,,,,,,,,,,,,,,1,,,,,,,,,,,,,,,,,
4611,Không Sơn Ngưng Vân,0,0,0,64,,,,2,,1,,,,,,,,,,,,,,,,1,,,,,,,,,,,,,,,,,
4613,Thủy Long Ngâm_Chính_Bùa Chú,1,80,0,8,,,,15,,,,,34606,2,,,,,,,,,,1000,3,1,,,,,,,,,,,,,,,,,
4614,Thủy Long Ngâm_Hiệu quả,1,0,0,8,,,,12,,,,24614,,,,,,,,,,,,,,1,,,,,,1,,,,,,,,,,,
4616,Thiên Sơn Nộ Khí,0,0,0,64,,,,5,,,,,34606,,,,,,,,,,,1000,3,1,,,,,,,,,,,,,,,,,
4617,Thiên Sơn Nộ Khí_Phụ,0,0,0,64,,,,5,,,,,34606,,,,,,,,,,,1000,3,1,,,,,,,,,,,,,,,,,
4620,Phượng Thê Ngô Đồng_Bản Thân,0,0,1,24,,,10,76,,,1,14620,24620,,,,,,,,,,,,,1,,,,,,,,,,,,,,,,,
4621,Thủy Long Ngâm_Sát thương,1,80,0,8,,,,15,,,,,34606,2,,,,,,,,,,1000,3,1,,,,,,,,,,,,,,,,,
4624,Thủy Mộ Thiên Hoa,0,0,0,64,,,,2,,,,,,,,,,,,,,,,,,1,,,,,,,,,,,,,,,,,
4625,Thủy Mộ Thiên Hoa_Đồng đội,0,0,0,64,,,,2,,,,,,,,,,,,,,,,,,1,,,,,,,,,,,,,,,,,
4631,Hủy bỏ,0,0,0,64,,,,5,,1,,,,,,,,,,,,,,,,1,,,,,,,,,,,,,,,,,
4633,Hủy bỏ,0,0,0,64,,,,5,,1,,,,,,,,,,,,,,,,1,,,,,,,,,,,,,,,,,
4635,Cầm Sắt Hòa Minh_Phụ,0,0,1,15,,,,3,12,,,14636,34601,,,,,,,,,,,1000,3,1,,,,,,,,,,,,,,,,,
4703,Phi Nhẫn,1,15,1,13,,,,100,,1,,1332,4332,,,,,,,,,,,,,1,,,,,,,,,,,,,,,,,
4733,Kỹ năng Bé Lửa,1,90,1,5,,,,10,,1,,54,3024,,,,,,,,,,,,,,,,,,,,,,,,,,,,,,
4734,Kỹ năng Bé Nước,1,90,1,5,,,,10,,1,,55,3025,,,,,,,,,,,,,,,,,,,,,,,,,,,,,,
4735,Kỹ năng Huyền Vũ Cơ Giáp,1,90,1,5,,,,10,,1,,816,817,,,,,,,,,,,,,,,,,,,,,,,,,,,,,,
4746,Thiên Hỏa Công Thường,0,0,0,6,,,,5,,,,,3026,,,250,,,,,,,,,,,,,,,,,,,,,,,,,,,
4747,Kỹ Năng Thiên Hỏa,0,0,1,40,,,,60,,,,545111,,,,,,,,,,,,,,,,,,,,,,,,,,,,,,,
4748,Kỹ Năng Thiên Hỏa_Sát thương,0,0,1,40,,,,5,,,,,3412,,,,,,,,,,,,,,,,,,,,,,,,,,,,,,
4761,Bánh Trung Thu Thường,1,90,1,5,,,,10,,1,,14761,24761,,,,,,,,,,,,,,,,,,,,,,,,,,,,,,
4762,Bánh Nhân Thịt Nguội,1,90,1,5,,,,10,,1,,14762,24762,,,,,,,,,,,,,,,,,,,,,,,,,,,,,,
4763,Bánh Kim Sa Tan Chảy,1,90,1,5,,,,10,,1,,14763,24761,,,,,,,,,,,,,,,,,,,,,,,,,,,,,,
4764,Bánh Hạt Sen Trứng Muối,1,120,1,5,,,,10,,1,,14764,24761,,,,,,,,,,,,,,,,,,,,,,,,,,,,,,
4765,Bẫy Đường,0,0,1,30,,,,3,15,,,,24765,,,,,,,,,1,,,,1,,,,,,,,,,,,,,,,,
4767,Bánh Dẻo Sầu Riêng,1,90,1,5,,,,10,1,1,,14767,,,,,,,,,,,,,,,,,,,,,,,,,,,,,,,
4768,Bánh Dẻo Sầu Riêng_Phụ,0,0,1,24,,,,5,15,,,14768,24761,,,,,,,,,,,,,,,,,,,,,,,,,,,,,,
4786,Nỏ Xa Đánh Thường 1,1,500,0,10,,,,11,1,1,,14786,3024,,,,,,,,,,30,1000,3,1,,,,,,,,,,,,,,,,,
4787,Nỏ Xa Đánh Thường 2,1,500,0,10,,,,11,1,1,,14786,3024,,,,,,,,,,30,1000,3,1,,,,,,,,,,,,,,,,,
4788,Nỏ Xa Đánh Thường 3,1,500,0,10,,,,11,1,1,,14786,3024,,,,,,,,,,30,1000,3,1,,,,,,,,,,,,,,,,,
4789,Nỏ Xa Đánh Thường 4,1,500,0,10,,,,11,1,1,,14786,3024,,,,,,,,,,30,1000,3,1,,,,,,,,,,,,,,,,,
4790,Nỏ Xa_Trọng Kích,1,500,0,10,,,,11,1,1,,14790,3024,,,,,,,,,,30,1000,3,1,,,,,,,,,,,,,,,,,
4791,Nỏ Xa_Tên Lửa Công Thường,1,500,0,10,,,,11,1,1,,14791,3401,,,,,,,,,,30,1000,3,1,,,,,,,,,,,,,,,,,
4792,Nỏ Xa_Tên Lửa Trọng Kích,1,500,0,10,,,,11,1,1,,14792,3401,,,,,,,,,,30,1000,3,1,,,,,,,,,,,,,,,,,
4802,Nhâm Mạch-Khúc Cốt_Sát thương,0,0,1,15,,,,3,,,,,3026,,,,,,,,,,,1000,3,1,,,,,,,,,,,,,,,,,
4803,Nhâm Mạch-Khúc Cốt_Hiệu ứng,0,0,1,15,,,,20,,,,14803,,,,,,,,,,,,,,1,,,,,,,,,,,,,,,,,
4805,Đốc Mạch-Trường Cường_Sát thương,0,0,1,8,,,,3,,,,,3026,,,,,,,,,,,1000,3,1,,,,,,,,,,,,,,,,,
4806,Đốc Mạch-Trường Cường_Hiệu ứng,0,0,1,8,,,,20,,,,14806,,,,,,,,,,,,,,1,,,,,,,,,,,,,,,,,
4808,Xung Mạch-U Môn_buff,0,0,1,1,,,,2,,,,,,,,,,,,,,,,,,1,,,,,,,,,,,,,,,,,
4829,Bắc Thần Phần Huyết Quyết-Sát Thương,0,0,1,8,,,,3,10,,,,6032,,,,,,,,,,,1000,3,1,,,,,,,,,,,,,,,,,
4851,Võ Tắc Thiên-Đánh Thường,1,100,0,10,,,,15,,,,,3025,,,40,,,,,,,,,,1,,,,,,,,,,,,,,,,,
4852,Võ Tắc Thiên Đánh Thường_Hiệu ứng,1,100,0,10,,,,15,,,,13920,,,,40,,,,,,,,,,1,,,80,,,,,,,,,,,,,,
4853,Băng Lạnh,1,60,0,5,,,,15,,,,,,,,,,,,,,,,,,1,,,,,,,,,,,,,,,,,
4854,Băng Lạnh_Phụ,1,40,0,5,,,,25,,1,,816,817,,,,,,,,,,,,,1,,,,,,,,,,,,,,,,,
4856,Miễu Sát Ba Lãng,1,60,1,10,,,,300,,,,2777,,,,180,,,,,,,,,,1,,,,,,1,,,,,,,,,,,
4857,Miễu Sát Ba Lãng_Phụ,1,60,1,10,,,,300,,,,,3025,,,80,,,,,,,,,,1,,,,,,,,,,,,,,,,,
4858,Hiệu ứng truyền tống Nữ Đế,0,0,1,5,,,,75,,,,14858,,,,,,,,,,,,,,1,,,,,,,,,,,,,,,,,
4859,Thi triển Miễu Sát Ba Lãng,0,0,1,10,,,,300,,,,3308,,,,80,,,,,,,,,,1,,,80,,,1,,,,,,,,,,,
4864,Vạn Tiêu Thích Tâm,1,100,0,6,,,,20,,,,24008,,,,-700,,,,,,,,,,1,,,,,,,,,,,,,,,,,
4865,Tử Vong Hồi Toàn,6,140,1,1,,,,21,,,,708,,,,,,,,,,,1,,,1,,,,,,,,1,,,"Khi loại là đạn xoay vòng thì điền 1, khi đạn quay về sẽ theo sau người chơi",,,,,,
4866,Tử Vong Hồi Toàn_Phụ,6,140,1,8,,,,21,,,,,3701,,,100,,,,,,,1,,,1,,,,,,,,1,,,"Khi loại là đạn xoay vòng thì điền 1, khi đạn quay về sẽ theo sau người chơi",,,,,,
4868,Đánh Thường Sát Thương Cao,0,0,0,1,,,,3,,,,,3021,,,,,,,,,,,,,1,,,,,,,,,,,,,,,,,
4873,Báo động vòng tròn bán kính 1.5 ô_Điểm mục tiêu,0,0,1,16,,,,30,,,,1454,,,,300,,,,,,,,,,,,,,,,,,,,,,,,,,,
4874,Thôn Hỏa Cầu,1,60,0,4,,,,15,,,,,,,,,,,,,,,,,,1,,,,,,,,,,,,,,,,,
4875,Thôn Hỏa Cầu_Phụ,1,60,0,4,,,,20,,1,,56,35501,,,,,,,,,,,,,1,,,,,,,,,,,,,,,,,
4876,Đạt Ma Chử-Đẩy Lùi,1,40,1,7,,,,23,,,,4876,,,,,,,,,,,,,,1,,,,,,,,,,,,,,,,,
4877,Đạt Ma Chử-Đẩy Lùi_Phụ,0,0,1,7,,,,23,,,,,35501,2,,,,,,,,,,,,1,,,,,,,,,,,,,,,,,
4901,Đại Phong Xa-Toàn Phong,1,20,1,6,,,,60,,,,62,3027,,,,,,,,,,,,,1,,,,,,,,,,,,,,,,,
4904,Vòng Xoáy Tím,0,0,0,13,,,,60,,,,9013,,,,,,,,,,,,,,,,,,,,,,,,,,,,,,,
4905,Tâm Lĩnh Hộ,0,0,1,16,,,,5,,,1,,,,,,,,,,,,,,,1,,,,,,,,,,,,,,,,,
4917,Nhất Kích Sát Thần_Phụ,0,0,0,14,,,,3,,,,,3024,,,,,,,,,,,1000,3,1,,,,,,,,,,,,,,,,,
4919,Thiên Vũ Bảo Luân,0,0,1,26,,,15,90,,,1,313,3312,,,,,,,,,,,,,1,,,,,6312,,,,,,,,,,,,
4929,Bị tấn công định thân_Phụ,0,0,1,15,,,,3,,,,,,,,,,,,,,,,,,1,,,,,,,,,,,,,,,,,
4931,Hồi sinh lực phạm vi,0,0,0,27,,,,2,,,,,,,,,,,,,,,,,,,,,,,,,,,,,,,,,,,
4932,Tăng sát thương và di chuyển theo phạm vi,0,0,0,64,,,,2,,,,,,,,,,,,,,,,,,,,,,,,,,,,,,,,,,,
4933,Tăng triệt tiêu sát thương cuối theo phạm vi,0,0,0,64,,,,2,,,,,,,,,,,,,,,,,,,,,,,,,,,,,,,,,,,
4936,Tăng sát thương và di chuyển theo phạm vi_Phụ,0,0,0,64,,,,2,,,,,,,,,,,,,,,,,,,,,,,,,,,,,,,,,,,
4937,Tăng triệt tiêu sát thương cuối theo phạm vi_Phụ,0,0,0,64,,,,2,,,,,,,,,,,,,,,,,,,,,,,,,,,,,,,,,,,
5001,Bá Đao Đao Quyết,0,0,0,13,,,,3,,,,,35001,,,126,,,6086,,,,,1000,3,1,,,,,,,,,,,,,,,,,
5002,Bá Đao Đao Quyết 2,0,0,0,13,,,,3,,,,,35001,,,126,,,6086,,,,,1000,3,1,,,,,,,,,,,,,,,,,
5003,Bá Đao Đao Quyết 3,0,0,0,13,,,,3,,,,,35001,,,126,,,6086,,,,,1000,3,1,,,,,,,,,,,,,,,,,
5004,Bá Đao Đao Quyết 4,0,0,0,13,,,,3,,,,,35001,,,126,,,6086,,,,,1000,3,1,,,,,,,,,,,,,,,,,
5005,Hóa Huyết Kiếp Quang,0,0,0,20,,,,3,,,,,35001,,,250,,,,,,,,1000,3,1,,,,,,,,,,,,,,,,,
5006,Hóa Huyết Kiếp Quang_Phụ 1_Tấn công liên quan sinh lực,0,0,0,20,,,,3,,,,,35001,,,250,,,,,,,,1000,3,1,,,,,,,,,,,,,,,,,
5009,Hiệp Sơn Siêu Hải_Phụ. Đẩy Lùi,3,250,0,18,,,,6,,,1,,,,,,,,,,,,,,,,,,,,,,,,,,,,,,,,
5010,Hiệp Sơn Siêu Hải_Phụ. Sát thương,3,250,0,18,,,,12,,,,,35001,,,,,,,,,,,1000,3,1,,,,,,,,,,,,,,,,,
5011,Nghịch Huyết Tiệt Mạch,0,0,0,30,,,,3,,,,,,,,,,,,,,,,1000,3,1,,,,,,,,,,,,,,,,,
5012,Nghịch Huyết Tiệt Mạch_Duy trì đạn,2,250,1,5,,,107,106,,,,,,,,,,,,,,,,,,1,,,,,,,,,,,,,,,,,
5013,Nghịch Huyết Tiệt Mạch_Đạn sát thương,0,0,1,5,,,,3,,,,,35011,,,,,,,,,,,1000,3,1,,,,,,,,,,,,,,,,,1
5016,Dục Huyết Đạo Phong. Mỗi 2 giây giảm chờ Hóa Huyết Kiếp Quang,3,250,1,13,,,30,91,,,1,,,,,,,,,,,,,,,1,,,,,,,,,,,,,,,,,1
5020,Thiên Phong Đoạn Nhạc Trảm,0,0,0,64,,,,5,,,,,34606,,,,,,,,,,,1000,3,1,,,,,,,,,,,,,,,,,
5021,Thiên Phong Đoạn Nhạc Trảm_Phụ,0,0,0,64,,,,5,,,,,34606,,,,,,,,,,,1000,3,1,,,,,,,,,,,,,,,,,
5029,Bĩ Cực Thái Lai. Kích hoạt biểu hiện hồi sinh lực,3,250,0,3,,,,3,15,,,,266,,,,,,,,,1,,,,1,,,,,,,,,,,,,,,,,1
5032,Đạn chính Thừa Thắng Trục Bắc,0,0,0,64,,,,3,,1,,,,,,,,,,,,,,,,,,,,,,,,,,,,,,,,,
5050,Bí Kíp Hóa Huyết Kiếp Quang. Sinh lực thấp aoe,0,0,1,20,,,,3,,,,,3024,,,250,,,,,,,,1000,3,1,,,,,,,,,,,,,,,,,
5054,Bí Kíp Nghịch Huyết Tiệt Mạch. Thi triển giảm tốc và giảm kháng,0,0,1,5,,,,3,,,,,,,,,,,,,,,,,,,,,,,,,,,,,,,,,,,1
5055,Bí Kíp Dục Huyết Đạo Phong.Phán đoán phạm vi xung quanh bản thân,3,0,1,20,,,,90,,,,,,,,,,,,,,,,,,,,,,,,,,,,,,,,,,,
5058,Bí Kíp Dục Huyết Đạo Phong. Sát thương phạm vi xung quanh bản thân,0,0,1,25,,,,3,12,,,25055,35001,,,,,,,,,,,1000,3,1,,,,,,,,,,,,,,,,,
5101,Nổ-Điểm Danh,2,200,1,2,,,,75,,,,,,,,,,,,,,,,,,,,1808,,,,,,,,,,,,,,,
5103,Nổ-Điểm Danh_Sát thương,0,0,1,15,,,,3,,,,,,,,,,,,,,,,,,,,,,,,,,,,,,,,,,,
5115,Diệt nhanh (Không có hiệu ứng),0,0,0,128,,,7,30,,0,1,,3027,,,,,,,,,,,,,1,,,,,,,,,,,,,,,,,
5149,AOE_Tụ lực,0,0,1,35,,,,45,,,,545591,,,,,,,,,,,,,,1,,,,,,,,,,,,,,,,,
5150,AOE,0,0,1,35,,,,3,15,,,2496,3026,,,,,,,,,,,1000,3,1,,,,,,,,,,,,,,,,,
5187,Phạm vi giới hạn di chuyển Kiếm Hồn,0,0,1,71,,,,18000,,,,545709,,,,,,,,,,,,,,1,,,,,,,,,,,,,,,,,
5188,Kiếm Hồn Phổ Công,1,150,0,20,,,,6,,,,,36701,,,,,,,,,,5,,,,,,,,,,,,,,,,,,,,
5201,Hoa Sơn Kiếm Pháp,0,0,0,13,,,,3,,,,,35201,,,126,,,6116,,,,,1000,3,1,,,,,,,,,,,,,,,,,
5202,Hoa Sơn Kiếm Pháp 2,0,0,0,13,,,,3,,,,,35201,,,126,,,6116,,,,,1000,3,1,,,,,,,,,,,,,,,,,
5203,Hoa Sơn Kiếm Pháp 3,0,0,0,13,,,,3,,,,,35201,,,126,,,6116,,,,,1000,3,1,,,,,,,,,,,,,,,,,
5204,Hoa Sơn Kiếm Pháp 4,0,0,0,13,,,,3,,,,,35201,,,126,,,6116,,,,,1000,3,1,,,,,,,,,,,,,,,,,
5207,Tiêu Sử Thừa Long_Sát thương,3,350,1,16,,,,12,,,,,35201,,,,,,,,,,,1000,3,1,,,,,,,,,,,,,,,,,
5209,Thiên Thân Đảo Huyền,0,0,0,16,,,,6,,,,,35201,,,150,,,,,,,,1000,3,1,,,,,,,,,,,,,,,,,
5212,Triều Dương Nhất Khí,1,120,0,8,,,,9,,,,25212,35201,,,,,,,,,,20,1000,3,1,,,,,,,1,,,,,,,,,,
5213,Triều Dương Nhất Khí_Biểu hiện vẩy đuôi,0,0,1,5,,,,5,,,,15214,,,,100,,,,,,,,,,1,,,,,,1,1,,,,,,,,,,
5216,Phong Tống Tử Hà_Sát thương,0,0,1,30,,,,3,17,,,25215,35201,,,,,,6116,6108,,,,1000,3,1,,,,,,,,,,,,,,,,,
5226,Vân Thiên Hồ Quang. Phản Kích,0,0,1,7,,,,3,20,,,15226,34601,,,,1,,5505,,,,,1000,3,1,,,,,,,,,,,,,,,,,
5230,Hoa Sơn Nộ Khí,0,0,0,64,,,,5,,,,,35201,,,,,,,,,,,1000,3,1,,,,,,,,,,,,,,,,,
5231,Hoa Sơn Nộ Khí_Phụ,0,0,0,64,,,,5,,,,,35201,,,,,,,,,,,1000,3,1,,,,,,,,,,,,,,,,,
5236,Phong Tống Tử Hà. Kích Nổ Kiếm Khí,3,250,1,20,,,,3,,1,,,,,,,,,,,,,,,,1,,,,,,,,,,,,,,,,,1
5254,Phá chiêu. Khi trúng mục tiêu sẽ giúp bản thân hồi sinh lực,0,0,0,64,,,,3,,,,,,,,,,,,,,,,,,,,,,,,,,,,,,,,,,,1
5361,Tuyệt Học Thiên Nhẫn 1. Tử Vong Hồi Toàn kích hoạt tấn công phản đòn,2,140,1,3,,,,30,,,,708,3701,,,,,,5705,,,,,1000,3,1,,3710,,,,,,,,,,,,,,1,
5368,Trường Ca Tuyệt Học 2-Vân Sinh Kết Hải_Phá Thuẫn xóa trạng thái_Phụ 1,0,0,1,60,,,,5,,,,,,,,,,,,,,,,,,1,,,,,,,,,,,,,,,,,
5380,Cái Bang Tuyệt Học 2 Hiệu quả Kéo Lại Long Chiến Vu Dã Hỏa Cầu,2,200,1,30,,,,91,,,,,,,1,,,,,,,,,,,1,,,,,,,,,,,,,,,,,
5394,Tuyệt Học Thiên Nhẫn 1. Tử Vong Hồi Toàn kích hoạt tấn công phản đòn,2,140,1,3,,,,30,,,,708,3701,,,,,,5705,,,,,1000,3,1,,3710,,,,,,,,,,,,,,1,
5426,Tuyệt Học-Cuồng Long Quy Uyên-Kích hoạt sát thương xung quanh,0,0,1,25,,,,3,,,,,,,,,,,,,,,,1000,3,1,,,,,,,,,,,,,,,,,
5442,AOE phạm vi Cô Hồng Tuyệt Học 1,0,0,1,60,,,,3,,,,,,,,,,,,,,,,,,1,,,,,,,,,,,,,,,,,
5501,Minh Giáo Ngự Hoàn Quyết,0,0,0,13,,,,3,,,,,35501,,,126,,,6134,,,,,1000,3,1,,,,,,,,,,,,,,,,,
5502,Minh Giáo Ngự Hoàn Quyết 2,0,0,0,13,,,,3,,,,,35501,,,126,,,6134,,,,,1000,3,1,,,,,,,,,,,,,,,,,
5503,Minh Giáo Ngự Hoàn Quyết 3,0,0,0,16,,,,3,,,,,35501,,,175,,,6134,,,,,1000,3,1,,,,,,,,,,,,,,,,,
5504,Minh Giáo Ngự Hoàn Quyết 4,0,0,0,16,,,,3,,,,,35501,,,175,,,6134,,,,,1000,3,1,,,,,,,,,,,,,,,,,
5506,Phần Sơn Phệ Xuyên,1,1000,1,16,,,,2,,,,,35501,,,75,,,,,,,,1000,3,1,,,,,,,,,,,,,,,,,
5509,Điện Quang Thạch Hỏa_Phụ,0,0,0,12,,,,3,,,,,35501,,,,,,,,,,,1000,3,1,,,,,,,,,,,,,,,,,
5512,Hỏa Quang Tàn Ảnh_Khống chế,3,250,1,20,,,10,121,,,1,25511,35501,,,,,,,,,,,1000,3,1,,,,,,,,,,,,,,,,,
5516,Hủy Thiên Diệt Địa_Phụ 1_Khống Chế,3,250,1,28,,,7,78,,,1,25515,,,,,,,,,,,,,,,,,,,25516,,,,,,,,,,,,
5520,Hủy Thiên Diệt Địa_Phụ 3-Giai Đoạn 2,0,0,1,28,,,,3,,,,,35501,,,,,,,,,,,1000,3,1,,,,,,,,,,,,,,,,,
5521,Minh Giáo Nộ Khí,0,0,0,32,,,,70,,,,,35501,,,,,,,,,,,,,1,,,,,,,,,,,,,,,,,
5522,Minh Giáo Nộ Khí_Phụ 1,0,0,0,64,,,,50,,1,,,35501,,,,,,,,,,,1000,3,1,,,,,,,,,,,,,,,,,
5525,Thánh Hỏa Thao Thiên_Phụ,0,0,1,15,,,,3,12,,,444,3024,,,,,,,,,,,1000,3,1,,,,,,,,,,,,,,,,,
5528,Dẫn Hỏa Thiêu Thân,0,0,0,64,,,,3,,1,,,,,,,,,,,,,,,,,,,,,,,,,,,,,,,,,
5553,Trung-Hủy Thiên Diệt Địa_Thiêu Đốt,0,0,1,5,,,,3,,1,,,,,,,,,,,,,,,,,,,,,,,,,,,,,,,,,
5601,Đoàn Thị Phiến Quyết,1,120,0,10,,,,6,,,,25601,6801,,,,,,5305,,,,10,1000,3,1,,,,,,,,,,,,,,,,,
5602,Đoàn Thị Phiến Quyết 2,1,120,0,10,,,,6,,,,25601,6801,,,,,,5305,,,,10,1000,3,1,,,,,,,,,,,,,,,,,
5603,Đoàn Thị Phiến Quyết 3,1,120,0,10,,,,6,,,,25601,6801,,,,,,5305,,,,10,1000,3,1,,,,,,,,,,,,,,,,,
5604,Đoàn Thị Phiến Quyết 4,1,120,0,10,,,,6,,,,25601,6801,,,,,,5305,,,,10,1000,3,1,,,,,,,,,,,,,,,,,
5606,Nhất Dương Chỉ,1,200,0,12,,,,5,,,,,6801,,,100,,,,,,,5,1000,3,1,,,,,,,,,,,,,,,,,
5608,Ngũ La Khinh Yên,1,100,0,10,,,,4,,,,,6801,5,,100,,,,,,,,1000,3,1,,,,,,,,,,,,,,,,,
5609,Ngũ La Khinh Yên_Biểu hiện,1,20,0,6,,,,30,,,,15608,,,,,,,,,,,,,,1,,,,,,1,,,,,,,,,,,
5611,Lục Mạch Thần Kiếm,0,0,0,0,,,,5,1,,,25611,,,,,,,,,,,,,,1,,,,,,,,,,,,,,,,,
5612,Lục Mạch Thần Kiếm-1 Kiếm_Tụ Lực,0,0,0,0,,,,5,1,,,25611,,,,,,,,,,,,,,1,,,,,,,,,,,,,,,,,
5613,Lục Mạch Thần Kiếm-1 Kiếm_Tụ Lực,0,0,0,0,,,,5,1,,,25611,,,,,,,,,,,,,,1,,,,,,,,,,,,,,,,,
5614,Lục Mạch Thần Kiếm-1 Kiếm_Tụ Lực,0,0,0,0,,,,5,1,,,25611,,,,,,,,,,,,,,1,,,,,,,,,,,,,,,,,
5615,Lục Mạch Thần Kiếm-1 Kiếm_Tụ Lực,0,0,0,0,,,,5,1,,,25611,,,,,,,,,,,,,,1,,,,,,,,,,,,,,,,,
5616,Lục Mạch Thần Kiếm-1 Kiếm_Tụ Lực,0,0,0,0,,,,5,1,,,25611,,,,,,,,,,,,,,1,,,,,,,,,,,,,,,,,
5617,Lục Mạch Thần Kiếm-Sát thương,5,150,0,6,,,,6,2,1,,25613,6801,,,-200,,,,6155,,,30,1000,3,1,,,,,,,,,,,,,,,,,
5626,Thủy Long Ngục,0,0,1,27,,,,31,,,,25627,,,,,,,,,,,,,,1,,,,,35627,,,,,,,,,,,,
5627,Thủy Long Ngục_Sát thương,0,0,1,27,,,,5,,,,,34519,,,,,,,,,,,1000,3,1,,,,,,,,,,,,,,,,,
5628,Thủy Long Ngục_Tường đóng băng,0,0,1,27,,17,,31,,,,,34519,,,,,,,,,,,,,1,,,,,,,,,,,,,,,,,
5629,Thủy Long Ngục_Hiệu ứng,0,0,1,27,,,,20,,,,25626,,,,,,,,,,,,,,1,,,,,,1,,,,,,,,,,,
5631,Hãn Hải Bách Trượng Băng,1,120,0,10,,,,15,,,,25601,6801,,,,,,,,,,,,,1,,,,,,,,,,,,,,,,,
5632,Hãn Hải Bách Trượng Băng_Phụ,1,120,0,10,,,,15,,,,25601,,,,,,,,,,,,,,1,,,,,,,,,,,,,,,,,
5638,Họa Địa Vi Lao_Tấn công ngoài vòng,0,0,1,80,,,7,31,,,1,,,,,,,,,,,,,,,1,,,,,,,,,,,,,,,,,
5639,Họa Địa Vi Lao_Phản đòn & tốc độ trong vòng,0,0,1,24,,,7,31,,,1,,,,,,,,,,,,,,,1,,,,,,,,,,,,,,,,,
5640,Họa Địa Vi Lao_Tốc độ đồng đội trong vòng,0,0,1,27,,,7,31,,,1,,,,,,,,,,,,,,,1,,,,,,,,,,,,,,,,,
5649,Bắc Minh Thần Công_Vòng Băng,0,0,1,15,,,,3,22,,,364,6801,,,,,,,,,,,1000,3,1,,,,,,,,,,,,,,,,,
5661,Bí Kíp-Lục Mạch Thần Kiếm sát thương thêm,2,100,1,3,,,,5,,,,25613,6801,,,,,,,,,,,1000,3,1,,,,,,,,,,,,,,,,1,
5662,Bí Kíp-Lục Mạch Thần Kiếm nảy bật,2,100,1,3,,,,40,2,,,25613,6801,,,,,,,,,,,1000,3,1,,,,,,,,,,,,,,,,1,
5671,Hãn Hải Bách Trượng Băng,0,0,0,64,,,,50,,1,,,6801,,,,,,,,,,,1000,3,1,,,,,,,,,,,,,,,,,
5674,Tuyệt-Nhất Dương Chỉ_Giải Trừ,0,0,1,2,,,,2,,1,,,,,,,,,,,,,,,,,,,,,,,,,,,,,,,,,
5679,Trung-Thủy Long Ngục.Hồi sinh lực,3,0,1,30,,,,7,,,,,,,,,,,,,,,,,,1,,,,,,,,,,,,,,,,,
5696,Thủy Long Ngục,0,0,1,21,,,,25,,,,25627,6801,,,,,,,,,,,,,1,,,,,35627,,,,,,,,,,,,
5703,Khải Minh Nộ,0,0,1,80,,,,7,,,,,,,,,,,,,,,,,,1,,,,,,,,,,,,,,,,,
5705,Câu Mang Hoán Kinh,0,0,1,80,,,,7,,,,,,,,,,,,,,,,,,1,,,,,,,,,,,,,,,,,
5707,Nộ Sương Cuồng Thao,0,0,1,80,,,,7,,,,,,,,,,,,,,,,,,1,,,,,,,,,,,,,,,,,
5709,Phần Thiên Hỏa Tế,0,0,1,80,,,,7,,,,,,,,,,,,,,,,,,1,,,,,,,,,,,,,,,,,
5711,Đại Địa Mãng Động,0,0,1,80,,,,7,,,,,,,,,,,,,,,,,,1,,,,,,,,,,,,,,,,,
5713,Siêu Quần Kim Cang,0,0,0,64,,,,5,,,,,,,,,,,,,,,,,,1,,,,,,,,,,,,,,,,,
5716,Siêu Quần Minh Vương,0,0,0,64,,,,5,,,,,,,,,,,,,,,,,,1,,,,,,,,,,,,,,,,,
5721,Phá Thiên Kinh Nguyệt,1,100,0,15,,,,7,,,,,3403,,,,,,,,,,30,,,1,,,,,,,,,,,,,,,,,
5722,Phá Thiên Kinh Nguyệt_Hiệu ứng,1,100,0,15,,,,10,,,,132,,,,,,,,,,,30,,,1,,,,,,,,,,,,,,,,,
5724,Bách Niệm Câu Diệt,0,0,1,7,,,,20,,,,1644,3025,3,,,,,,,,,,,,1,,,,,,,,,,,,,,,,,
5726,Độc Lang Ác Vụ,0,0,0,64,,,,5,,,,,,,,,,,,,,,,,,1,,,,,,,,,,,,,,,,,
5730,Đoạn Cấp_NPC,0,0,0,64,,,,2,,,,,,,,,,,,,,,,,,1,,,,,,,,,,,,,,,,,
5731,Khởi Minh Chi Nộ_Hiệu ứng,0,0,1,15,,,,30,,,,15703,,,,,1,,,,,,,,,1,,,,,,,,,,,,,,,,,
5732,Cú Mang Hoán Kinh_Hiệu ứng,0,0,1,15,,,,30,,,,15705,,,,,1,,,,,,,,,1,,,,,,,,,,,,,,,,,
5733,Nộ Sương Cuồng Thao_Hiệu ứng,0,0,1,15,,,,30,,,,15707,,,,,1,,,,,,,,,1,,,,,,,,,,,,,,,,,
5734,Phẫn Thiên Hỏa Tế_Hiệu ứng,0,0,1,15,,,,30,,,,15709,,,,,1,,,,,,,,,1,,,,,,,,,,,,,,,,,
5735,Đại Địa Mãng Động_Hiệu ứng,0,0,1,15,,,,30,,,,15711,,,,,1,,,,,,,,,1,,,,,,,,,,,,,,,,,
5741,Xuyên Giáp Phá Khải,0,0,0,64,,,,2,,,,,,,,,,,,,,,,,,1,,,,,,,,,,,,,,,,,
5742,Đoạn Cấp_Người chơi,0,0,0,64,,,,2,,,,,,,,,,,,,,,,,,1,,,,,,,,,,,,,,,,,
5801,Vạn Hoa Bút Pháp,1,120,0,10,,,,15,4,1,,25802,35802,,,50,,,6173,,,,,1000,3,1,,,,,,,,,,,,,,,,,
5802,Vạn Hoa Bút Pháp 2,1,120,0,10,,,,15,4,1,,25802,35802,,,50,,,6173,,,,,1000,3,1,,,,,,,,,,,,,,,,,
5803,Vạn Hoa Bút Pháp 3,1,120,0,10,,,,15,4,1,,25802,35802,,,50,,,6173,,,,,1000,3,1,,,,,,,,,,,,,,,,,
5804,Vạn Hoa Bút Pháp 4,1,120,0,10,,,,15,4,1,,25802,35802,,,50,,,6173,,,,,1000,3,1,,,,,,,,,,,,,,,,,
5805,Chấp Dĩnh Điểm Mặc,0,0,1,20,,,,5,25,,,25806,35801,,,,,,,,,,,1000,3,1,,,,,,,,,,,,,,,,,
5808,Lan Thôi Ngọc Chiết,1,1000,1,12,,,,2,,,,,35801,,,,,,,,,,,1000,3,1,,,,,,,,,,,,,,,,,
5809,Lan Thôi Ngọc Chiết_Vũ Bút Lộng Mặc phát nổ,1,1000,1,12,,,,2,,,,,,,,,,,,,,,,,,,,,,,,,,,,,,,,,,,
5810,Mặc Hổ Như Sinh,5,1000,0,5,,,,15,,,,,35801,,,,,,,,,,,1000,3,1,,,,,,,,,,,,,,,,,
5811,Mặc Hổ Như Sinh_Biểu hiện xung kích,1,10,0,5,,,,15,,,,25810,,,,-300,,,,,,,,,,,,,,,,,,,,,,,,,,,
5812,Hội Hổ Điểm Tinh_Sát thương,0,0,1,27,,,,5,,,,,35801,,,,,,,,,,,1000,3,1,,,,,,,,,,,,,,,,,
5816,Thủy Mặc Hổ-Ra trận,0,0,1,12,,,,10,,,,,,,,50,,,,,,,,,,,,,,,,,,,,,,,,,,,
5817,Thủy Mặc Hổ.Trảo,0,0,0,1,,,,3,,,,,1899,,,,,,,,,,,,,,,,,,,,,,,,,,,,,,
5818,Lan Thôi Ngọc Chiết_Hiệu ứng đạn,0,0,0,12,,,,30,,,,15808,,,,,,,,,,,,,,,,,,,,,,,,,,,,,,,
5819,Chấp Dĩnh Điểm Mặc_debuff,0,0,1,20,,,,5,,,,,,,,,,,,,,,,,,,,,,,,,,,,,,,,,,,
5820,Vạn Hoa Tùng,1,120,0,10,,,,15,,,,25601,6801,,,,,,,,,,,,,1,,,,,,,,,,,,,,,,,
5821,Vạn Hoa Tùng_Phụ,1,120,0,10,,,,15,,,,25601,,,,,,,,,,,,,,1,,,,,,,,,,,,,,,,,
5823,Vạn Hoa Tùng_Sát thương,0,0,0,64,,,,50,,1,,,6801,,,,,,,,,,,1000,3,1,,,,,,,,,,,,,,,,,
5825,Lan Thôi Ngọc Chiết_Chính xác tản xạ,0,0,1,35,,,,30,,,,,,,,,,,,,,,,,,,,,,,,,,,,,,,,,,1,
5826,Lan Thôi Ngọc Chiết_Sát thương tản xạ,5,80,1,5,,,,10,2,,,25802,35801,,,50,,,,,,,,1000,3,1,,,,,,,,,,,,,,,,,
5827,Vạn Hoa Bút Pháp_Nảy bật,5,100,1,3,,,,15,4,,,25802,35802,,,50,,,6173,,,,,1000,3,1,,,,,,,,,,,,,,,,,
5828,Vạn Hoa Bút Pháp 2_Nảy bật,5,100,0,3,,,,15,4,,,25802,35802,,,50,,,6173,,,,,1000,3,1,,,,,,,,,,,,,,,,,
5829,Vạn Hoa Bút Pháp 3_Nảy bật,5,100,0,3,,,,15,4,,,25802,35802,,,50,,,6173,,,,,1000,3,1,,,,,,,,,,,,,,,,,
5830,Vạn Hoa Bút Pháp 4_Nảy bật,5,100,0,3,,,,15,4,,,25802,35802,,,50,,,6173,,,,,1000,3,1,,,,,,,,,,,,,,,,,
5839,Dữ Hổ Thiêm Dực_Sát thương,0,0,1,27,,,,5,,,,,35801,,,,,,,,,,,1000,3,1,,,,,,,,,,,,,,,,,
5845,Hổ Tiếu Sơn Lâm_Mặc Thủy Thành Quy đầy tầng,0,0,1,30,,,,5,,,,401,,,,,,,,,,,,,,,,,,,,,,,,,,,,,,,
5852,Mặc Nhiễm Thất Sắc_Phụ. Hiệu suất hồi phục giảm,0,0,0,64,,,,2,,,,,,,,,,,,,,,,,,,,,,,,,,,,,,,,,,,
5857,Trung-Chấp Dĩnh Điểm Mặc.Gây Định Thân và Choáng,2,250,1,5,,,,121,,,,,,,,,,,,,,,,,,1,,,,,,,,,,,,,,,,,
5858,Trung-Chấp Dĩnh Điểm Mặc.Gây Định Thân và Choáng_Đạn tấn công,0,0,1,5,,,,5,,,,,35011,,,,,,,,,1,,1000,3,1,,,,,,,,,,,,,,,,,
5873,Tuyệt-Vạn Hoa Bút Pháp_Sát thương,0,0,1,27,,,,5,15,,,24609,35801,,,,,,,,,,,1000,3,1,,,,,,,,,,,,,,,,,
5894,Mặc Hổ Như Sinh,0,0,0,10,,,,3,,,,,35801,,,,,,,,,,,,,,,,,,,,,,,,,,,,,,
5971,Cung Săn Bắn 1_1,0,0,1,15,,,,30,,,,5971,,,,,,,,,,,,,,,,,,,,,,,,,,,,,,,
5972,Cung Săn Bắn 1_2,0,0,1,15,,,,30,,,,5972,,,,,,,,,,,,,,,,,,,,,,,,,,,,,,,
5973,Cung Săn Bắn 1_3,0,0,1,15,,,,30,,,,5973,,,,,,,,,,,,,,,,,,,,,,,,,,,,,,,
5974,Cung Săn Bắn 2_1,0,0,1,15,,,,30,,,,5974,,,,,,,,,,,,,,,,,,,,,,,,,,,,,,,
5975,Cung Săn Bắn 2_2,0,0,1,15,,,,30,,,,5975,,,,,,,,,,,,,,,,,,,,,,,,,,,,,,,
5976,Cung Săn Bắn 2_3,0,0,1,15,,,,30,,,,5976,,,,,,,,,,,,,,,,,,,,,,,,,,,,,,,
5977,Cung Săn Bắn 3_1,0,0,1,15,,,,30,,,,5977,,,,,,,,,,,,,,,,,,,,,,,,,,,,,,,
5978,Cung Săn Bắn 3_1,0,0,1,15,,,,30,,,,5978,,,,,,,,,,,,,,,,,,,,,,,,,,,,,,,
5979,Cung Săn Bắn 3_1,0,0,1,15,,,,30,,,,5979,,,,,,,,,,,,,,,,,,,,,,,,,,,,,,,
5999,Tạc Đạn _Phụ,0,0,1,15,,,,5,15,,,1808,,,,,,,,,,,,,,,,,,,,,,,,,,,,,,,
6001,Dương Môn Tiễn Thuật,5,150,0,10,,,,6,,,,26001,36001,,,,,,5405,,,,30,1000,3,1,,,,,,,,,,,,,,,,,
6002,Dương Môn Tiễn Thuật 2,5,150,0,10,,,,6,,,,26002,36001,,,,,,5405,,,,30,1000,3,1,,,,,,,,,,,,,,,,,
6003,Dương Môn Tiễn Thuật 3,5,150,0,10,,,,6,,,,26003,36001,,,,,,5405,,,,30,1000,3,1,,,,,,,,,,,,,,,,,
6004,Dương Môn Tiễn Thuật 4,5,150,0,10,,,,6,,,,26004,36002,,,,,,5405,,,,30,1000,3,1,,,,,,,,,,,,,,,,,
6005,Lưu Quang Tuyệt Ảnh,0,0,0,0,,,,1,,,,,,,,,,,,,,,,,,1,,,,,,,,,,,,,,,,,
6006,Lưu Quang Tuyệt Ảnh_Sát thương,1,300,1,12,,,,5,2,,,26004,36001,,,,,,,,,,,1000,3,1,,,,,,,,,,,,,,,,,
6007,Toái Kim Tiễn Thuật,0,,1,20,,,,3,23,,,26008,36008,,,,,,,,,,,,,,,,,,,,,,,,,,,,,,
6012,Dương Môn Thương Pháp,0,0,0,13,,,,6,,,,,26012,,,126,,,6116,,,,,1000,3,1,,,,,,,,,,,,,,,,,
6013,Dương Môn Thương Pháp 2,0,0,0,13,,,,6,,,,,26013,,,126,,,6116,,,,,1000,3,1,,,,,,,,,,,,,,,,,
6014,Dương Môn Thương Pháp 3,0,0,0,13,,,,6,,,,,26014,,,126,,,6116,,,,,1000,3,1,,,,,,,,,,,,,,,,,
6015,Dương Môn Thương Pháp 4,0,0,0,13,,,,6,,,,,26015,,,126,,,6116,,,,,1000,3,1,,,,,,,,,,,,,,,,,
6017,Bôn Lang Thương_Phụ,0,0,0,15,,,,3,,,,,3024,,,,,,,,,,,1000,3,1,,,,,,,,,,,,,,,,,
6019,Kỳ Môn Thuẫn_BUFF đồng đội trong vòng,3,0,1,27,,,7,151,,,1,,,,,,,,,,,,,,,1,,,,,,,,,,,,,,,,,
6021,Hoành Tảo Thiên Quân,0,0,1,30,,,,3,,,,,26021,,,,,,,,,,,1000,3,1,,,,,,,,,,,,,,,,,
6024,Dương Môn Nộ Khí,0,0,0,64,,,,5,,,,,3024,,,,,,,,,,,,,1,,,,,,,,,,,,,,,,,
6025,Dương Môn Nộ Khí_Phụ,0,0,0,64,,,,5,,1,,,3024,,,,,,,,,,,1000,3,1,,,,,,,,,,,,,,,,,
6045,Hậu Phát Chế Nhân_Đồng Đội,3,0,1,27,,,7,151,,,1,,,,,,,,,,,,,,,1,,,,,,,,,,,,,,,,,
6061,Trung-Khiếu Phong Quyết/Kỳ Môn Thuẫn-Đồng đội miễn tử,3,0,1,27,,,7,151,,,1,,,,,,,,,,,,,,,1,,,,,,,,,,,,,,,,,
6063,Trung-Khiếu Phong Quyết/Kỳ Môn Thuẫn-Sát Thương&Khiêu Khích,3,0,1,27,,,,3,20,,,208,26021,,,,,,,,,,,1000,3,1,,,,,,,,,,,,,,,,,
6068,Cao-Hoành Tảo Thiên Quân_Dùng giảm chờ kích hoạt,0,0,1,27,,,,3,,,,,,,,,,,,,,,,,,1,,,,,,,,,,,,,,,,,
6082,Tuyệt Học-Kỳ Môn Thuẫn-Dùng kích hoạt kỹ năng 6083,3,0,1,27,,,,3,,,,,,,,,,,,,,,,,,1,,,,,,,,,,,,,,,,,
6083,Tuyệt Học-Kỳ Môn Thuẫn-Gây sát thương và giảm BUFF phe địch,3,0,1,27,,,30,151,,,1,,,,,,,,,,,,,,,1,,,,,,,,,,,,,,,,,
6123,Triền Thân Thích-real,0,0,1,9,,,,75,,1,,24006,,,,,,,,,,,,,,1,,34007,,,24007,,,,,,,,,,,,
6124,Mê Hồn Trảm,1,100,1,14,,,,10,,,,310,3025,,,50,,,,,,,,1000,3,1,,,,,,,,,,,,,,,,,
6125,Lôi Kích,0,0,1,17,,,,3,,,,,3027,,,,,,,,,,,,,,,,,,,,,,,,,,,,,,
6126,Lôi Kích_Hiệu quả,0,0,1,17,,,,25,,,,1375,,,,,,,,,,,,,,1,,,,,,,,,,,,,,,,,
6127,Định Thân miễn kéo,0,0,1,15,,,,2,,,1,,3027,,,,,,,,,,,,,1,,,,,,,,,,,,,,,,,
6173,Đẩy Lùi,0,0,1,15,,,,5,,,,,,,,,,,,,,,,,,,,,,,,,,,,,,,,,,,
6184,Đẩy Lùi,0,0,1,15,,,,5,,,,,,,,,,,,,,,,,,,,,,,,,,,,,,,,,,,
6196,"Báo động đỏ thường_Bán kính 4,5m",0,0,1,30,,,,38,,,,95,,,,,,,,,,,,,,1,,,,,,,,,,,,,,,,,
6197,Đống Đá,0,0,1,30,,,,5,,,,,3026,,,,,,,,,,,,,1,,,,,,,,,,,,,,,,,
6201,Long Tước Đao Pháp,0,0,0,16,,,,3,,,,,26201,,,175,,,6134,,,,,1000,3,1,,,,,,,,,,,,,,,,,
6202,Long Tước Đao Pháp 2,0,0,0,16,,,,3,,,,,26201,,,175,,,6134,,,,,1000,3,1,,,,,,,,,,,,,,,,,
6203,Long Tước Đao Pháp 3,0,0,0,16,,,,3,,,,,26201,,,175,,,6134,,,,,1000,3,1,,,,,,,,,,,,,,,,,
6204,Long Tước Đao Pháp 4,0,0,0,16,,,,3,,,,,26202,,,175,,,6134,,,,,1000,3,1,,,,,,,,,,,,,,,,,
6207,Đạp Diễm Trục Quang_Phụ,3,600,0,15,,,,10,,,,,26201,,,,,,,,,,,1000,3,1,,,,,,,,,,,,,,,,,
6211,Toàn Vũ Trảm,0,0,1,35,,,,3,,,,,26201,,,,,,,,,,,1000,3,1,,,,,,,,,,,,,,,,,
6217,Đao Thần Giáng Thế Xung Thích_Sát thương,3,600,0,20,,,,4,,,,,26201,,,,,,6134,,,,,1000,3,1,,,,,,,,,,,,,,,,,
6221,Liệt Diệm Phá Không Trảm,0,0,0,64,,,,5,,,,,26201,,,,,,,,,,,,,1,,,,,,,,,,,,,,,,,
6222,Liệt Diệm Phá Không Trảm_Phụ,0,0,0,64,,,,5,,1,,,26201,,,,,,,,,,,1000,3,1,,,,,,,,,,,,,,,,,
6224,Mê Thần Ảo Ảnh-Long Tước Đao Pháp 1,0,0,0,16,,,,3,,,,,26201,,,175,,,,,,,,1000,3,1,,,,,,,,,,,,,,,,,
6225,Mê Thần Ảo Ảnh-Long Tước Đao Pháp 2,0,0,0,16,,,,3,,,,,26201,,,175,,,,,,,,1000,3,1,,,,,,,,,,,,,,,,,
6226,Mê Thần Ảo Ảnh-Long Tước Đao Pháp 3,0,0,0,16,,,,3,,,,,26201,,,175,,,,,,,,1000,3,1,,,,,,,,,,,,,,,,,
6227,Mê Thần Ảo Ảnh-Long Tước Đao Pháp 4,0,0,0,16,,,,3,,,,,26202,,,175,,,,,,,,1000,3,1,,,,,,,,,,,,,,,,,
6243,Sơ-Đạp Diễm Trục Quang-BUFF Tinh Hỏa,3,600,0,20,,,,5,,1,,,,,,,,50,,,,,,,,1,,,,,,,,,,,,,,,,,
6247,Cao-Đạp Diễm Trục Quang-Thiêu Đốt,0,0,0,5,,,,3,,,,,,,,,,,,,,,,,,1,,,,,,,,,,,,,,,,,
6265,Tuyệt-Mê Hồn Ảo Ảnh-Thiêu Đốt và Giảm Tốc,0,0,0,5,,,,3,,,,,,,,,,,,,,,,,,1,,,,,,,,,,,,,,,,,
6291,Long Tước Đao Pháp,0,0,0,13,,,,3,,,,,26201,,,126,,,6134,,,,,1000,3,1,,,,,,,,,,,,,,,,,
6293,Đạp Diễm Trục Quang_Phụ,0,0,0,12,,,,3,,,,,26201,,,,,,,,,,,1000,3,1,,,,,,,,,,,,,,,,,
6294,Toàn Vũ Trảm,0,0,1,35,,,,3,,,,,26201,,,,,,,,,,,1000,3,1,,,,,,,,,,,,,,,,,
6301,Thần Cơ Phi Nhẫn,5,70,0,5,,,,16,,1,,26301,36301,,,,,,,,,,,1000,3,1,,,,,,,,,,,,,,,,,
6302,Thần Cơ Phi Nhẫn 2,5,70,0,5,,,,16,,1,,26301,36301,,,,,,,,,,,1000,3,1,,,,,,,,,,,,,,,,,
6303,Thần Cơ Phi Nhẫn 3,5,80,0,5,,,,16,,1,,26301,36301,,,,,,,,,,,1000,3,1,,,,,,,,,,,,,,,,,
6304,Thần Cơ Phi Nhẫn 4,5,90,0,5,,,,16,,1,,26302,36302,,,,,,,,,,,1000,3,1,,,,,,,,,,,,,,,,,
6307,Ưng_Khôi Lỗi Ưng Phách buff_Bản thân,3,250,1,55,,,15,240,,,1,,,,,,,,,,,,,,,1,,,,,,,,,,,,,,,,,
6354,Ưng_Khôi Lỗi Ưng Phách buff_Đồng đội,3,250,1,55,,,15,240,,,1,,,,,,,,,,,,,,,1,,,,,,,,,,,,,,,,,
6310,Ưng_Ưng Kích Trường Không_Phụ,3,0,0,10,,,,6,,,,,36301,,,,,,,,,,,1000,3,1,,,,,,,,,,,,,,,,,
6312,Ưng_Lăng Phong Tùy Ảnh_Sát thương kéo lại,3,250,1,22,,,,76,,,,,,,1,,,,,,,,,1000,3,1,,,,,,,,,,,,,,,,,
6351,Ưng_Lăng Phong Tùy Ảnh_Sát thương liên tục,3,250,1,22,,,5,76,,,1,26312,36301,,,,,,,,,,,1000,3,1,,,,,,,,,,,,,,,,,
6352,Ưng_Lăng Phong Tùy Ảnh_Gió lốc,0,250,1,22,,,5,46,,,1,26312,36301,,,,,,,,,,,1000,3,1,,,,,,,,,,,,,,,,,
6315,Hóa Vũ Thừa Phong-Hạ Ưng,5,100,1,5,,,,15,5,,,62,36301,,,,,,,,,,5,1000,3,1,,,,,,,,,,,,,,,,,
6316,Hóa Vũ Thừa Phong_Đạn Phán Định,0,0,1,55,,,,5,,,,,,,,,,,,,,,,,,1,,,,,,,,,,,,,,,,,
6317,Hóa Vũ Thừa Phong_Gió Lốc,5,100,1,5,,,,15,5,1,,62,36301,,,,,,,6229,,,,1000,3,1,,,,,,,,,,,,,,,,,
6322,Thần Cơ-Nộ Khí,0,0,1,60,,,,5,,,,,36301,,,,,,,,,,,1000,3,1,,,,,,,,,,,,,,,,,
6324,Ưng _Thần Cơ Phi Nhẫn 1,1,70,0,5,,,,16,,,,26324,36301,,,,,,,,,,,1000,3,1,,,,,,,,,,,,,,,,,
6325,Ưng _Thần Cơ Phi Nhẫn 2,1,70,0,5,,,,16,,,,26324,36301,,,,,,,,,,,1000,3,1,,,,,,,,,,,,,,,,,
6326,Ưng _Thần Cơ Phi Nhẫn 3,1,80,0,5,,,,16,,,,26324,36301,,,,,,,,,,,1000,3,1,,,,,,,,,,,,,,,,,
6327,Ưng _Thần Cơ Phi Nhẫn 4,1,90,0,5,,,,16,,,,26324,36301,,,,,,,,,,,1000,3,1,,,,,,,,,,,,,,,,,
6330,Thiết Ca Hành_Phá Thuẫn autiskill,3,250,1,55,,,5,240,,,1,,,,,,,,,,,,,,,1,,,,,,,,,,,,,,,,,
6333,Đoạt Hồn Thích_Sát Thương,0,0,1,25,,,,5,20,,,16312,3027,,,,,,,,,,,1000,3,1,,,,,,,,,,,,,,,,,
6343,Thiên Cơ Biến_Sát Thương,5,70,0,5,,,,16,,1,,26301,36301,,,,,,,,,,,1000,3,1,,,,,,,,,,,,,,,,,
6373,Lăng Phong Tùy Ảnh-Cao.buff,3,250,1,22,,,5,76,,,1,,,,,,,,,,,,,,,,,,,,,,,,,,,,,,,,
6391,Thần Cơ Phi Nhẫn,5,70,0,5,,,,16,,1,,26301,36301,,,,,,,,,,,1000,3,1,,,,,,,,,,,,,,,,,
6401,Huyền Thủy Ngự Phiên Thuật,5,120,0,5,,,,10,1,1,,26401,,,,,,,6252,,,,10,1000,3,1,,,,,,,,,,,,,,,,,
6402,Huyền Thủy Ngự Phiên Thuật 2,5,120,0,5,,,,10,1,1,,26401,,,,,,,6252,,,,10,1000,3,1,,,,,,,,,,,,,,,,,
6403,Huyền Thủy Ngự Phiên Thuật 3,5,120,0,5,,,,10,1,1,,26401,,,,,,,6252,,,,10,1000,3,1,,,,,,,,,,,,,,,,,
6404,Huyền Thủy Ngự Phiên Thuật 4,5,120,0,5,,,,10,1,1,,26404,,,,,,,6252,,,,10,1000,3,1,,,,,,,,,,,,,,,,,
6406,Phù Ẩu Sơ Ảnh,0,0,1,58,,,,5,,1,,,,,,,,,,,,,,,3,1,,,,,,,,,,,,,,,,,
6407,Phù Ẩu Sơ Ảnh_Phụ,2,20,1,5,,,,91,,1,,26406,36406,,,-300,,,6143,,,,1,1000,3,1,,,,,,,,,,,,,,,,,
6408,Mộ Hàn Tàn Tuyết,0,0,1,27,,,,31,,,,26408,36401,,,,,,,,,,,,,1,,,,,,,,,,,,,,,,,
6415,Bàn Băng Phi Sương,3,0,1,27,,,2,120,,,1,26414,,,,,,,,,,,,,,1,,,,,,,,,,,,,,,,,
6416,Bàn Băng Phi Sương_Đánh Lui và Bất Lực,0,0,1,7,,,,5,15,,,,3025,8,,,,,,,,,,,,1,,,,,,,,,,,,,,,,,
6418,Huyền Thủy-Nộ Khí,0,0,0,70,,,,3,,,,,36401,,,,,,,,,,,1000,3,1,,,,,,,,,,,,,,,,,
6424,Như Nguyệt Hàn,0,0,1,15,,,,31,,,,,36401,,,,,,,,,,,,,1,,,,,,,,,,,,,,,,,
6426,Lạc Hồng Hộ Hoa,0,0,0,64,,,,2,,,,,,,,,,,,,,,,,,,,,,,,,,,,,,,,,,,
6427,Lạc Hồng Hộ Hoa_Đồng đội,0,0,0,64,,,,2,,,,,,,,,,,,,,,,,,,,,,,,,,,,,,,,,,,
6433,Nguyệt Ngấn Sương Vận_Hồi Sinh Lực,3,0,1,27,,,,5,,,,,,,,,,,,,,,,,,1,,,,,,,,,,,,,,,,,
6451,Sơ-Huyền Hổ Phù Ấn.buff,0,0,0,64,,,,2,,,,,,,,,,,,,,,,,,,,,,,,,,,,,,,,,,,
6455,Bàn Băng Phi Sương-Trung-Buff,3,0,1,27,,,,5,,,,,,,,,,,,,,,,,,1,,,,,,,,,,,,,,,,,
6456,Bàn Băng Phi Sương-Cao.buff,3,0,1,27,,,,5,,,,,,,,,,,,,,,,,,1,,,,,,,,,,,,,,,,,
6457,Bàn Băng Phi Sương-Cao_Miễn dịch khống chế,3,0,1,27,,,,5,,,,,,,,,,,,,,,,,,1,,,,,,,,,,,,,,,,,
6458,Cao-Huyền Hư Phù Ấn .Buff,0,0,0,64,,,,2,,,,,,,,,,,,,,,,,,,,,,,,,,,,,,,,,,,
6464,Tuyệt-Bàn Băng Phi Sương .Buff,3,0,1,27,,,,5,,,,,,,,,,,,,,,,,,1,,,,,,,,,,,,,,,,,
6471,Huyền Thủy Giáo-Đánh Thường 123aoe,0,0,0,15,,,,5,20,,,16471,36401,,,,,,,,,,,1000,3,1,,,,,,,,,,,,,,,,,
6472,Huyền Thủy Giáo-Đánh Thường 4aoe,0,0,0,15,,,,5,20,,,16471,36401,,,,,,,,,,,1000,3,1,,,,,,,,,,,,,,,,,
6492,Huyền Thủy Giáo-Đánh Thường,1,120,0,10,,,,6,,,,26401,36401,,,,,,,,,,,1000,3,1,,,,,,,,,,,,,,,,,
6493,Phù Ẩu Sơ Ảnh,2,50,1,5,,,,16,,1,,26406,36406,,,-300,,,,,,,,1000,3,1,,,,,,,,,,,,,,,,,
6494,Mộ Hàn Tàn Tuyết,0,0,1,27,,,,31,,,,26408,36401,,,,,,,,,,,,,1,,,,,,,,,,,,,,,,,
6509,Bẫy Lửa-Tạo Hỗn Loạn,0,0,1,12,,,,16,,,,,,,,,,,,,,,,,,1,,,,,,,,,,,,,,,,,
6510,Bẫy Lửa-Tạo Hỗn Loạn_Phụ,3,0,1,12,,,,33,,,1,,3026,,,,,,,,,,,,,1,,,,,,,,,,,,,,,,,
6554,Định Thân kẻ địch_Phụ,0,0,1,15,,,,5,,,,,36401,,,,,,,,,,,,,1,,,,,,,,,,,,,,,,,
6561,Cung Thủ Công Thường,1,120,0,3,,,,9,1,1,,2722,3401,,,,,,,,,,10,,,1,,,,,,,,,,,,,,,,,
6562,Cờ Cổ Vũ,0,0,1,71,,,,16,,,,,,,,,,,,,,,,,,,,,,,,,,,,,,,,,,,
6563,Cờ Cổ Vũ_Phụ,0,0,1,71,,,,16,,,,,,,,,,,,,,,,,,,,,,,,,,,,,,,,,,,
6564,Lính Tự Nổ,0,0,1,20,,,,5,20,,,18,,,,,,,,,,,,,,,,,,,,,,,,,,,,,,,
6565,Lính Tự Nổ_Phụ,0,0,1,20,,,,5,,,,,,,,,,,,,,,,,,,,,,,,,,,,,,,,,,,
6568,Hỏa Tật Lê,0,0,1,20,,,,5,20,,,1808,,,,,,,,,,,,,,,,,,,,,,,,,,,,,,,
6576,Nhất Kích Sát Thần_Phụ,0,0,0,14,,,,3,,,,,3024,,,,,,,,,,,1000,3,1,,,,,,,,,,,,,,,,,
6583,Triền Thân Thích-real,0,0,1,9,,,,150,,1,,24006,,,,,,,,,,,,,,1,,34007,,,24007,,,,,,,,,,,,
6584,Tuyết Tấn Công,1,90,1,6,,,,11,,,,,33359,,,,,,,,,,,,,,,,,,,,,,,,,,,,,,
6586,Long Tước Đao Pháp,0,0,0,9,,,,3,,,,,26201,,,125,,,6134,,,,,1000,3,1,,,,,,,,,,,,,,,,,
6591,Đẩy Lùi,1,100,0,10,,,,4,,,,,6801,5,,100,,,,,,,,1000,3,1,,,,,,,,,,,,,,,,,
6592,Đánh Lui_Biểu hiện,1,20,0,10,,,,30,,,,545087,,,,,,,,,,,,,,1,,,,,,1,,,,,,,,,,,
6593,Đánh Lui_Lùi Xa,0,0,0,10,,,,3,,,,,,10,,200,,,,,,,,,,,,,,,,,,,,,,,,,,,
6594,AOE xung quanh Hỏa Cầu Lớn,0,0,1,18,,,,60,,,,545085,,,,,,,,,,,,,,,,,,,,,,,,,,,,,,,
6595,AOE xung quanh Hỏa Cầu Lớn_Sát thương,0,0,1,18,,,,5,,,,,3412,,,,,,,,,,,,,,,,,,,,,,,,,,,,,,
6596,AOE xung quanh Hỏa Cầu Nhỏ,0,0,1,11,,,,60,,,,545086,,,,,,,,,,,,,,,,,,,,,,,,,,,,,,,
6597,AOE xung quanh Hỏa Cầu Nhỏ_Sát thương,0,0,1,11,,,,5,,,,,3412,,,,,,,,,,,,,,,,,,,,,,,,,,,,,,
6601,Xung Tiêu Đạn Pháo,1,120,0,10,,,,6,,,,26601,36601,,,,,,6273,,,,10,1000,3,1,,,,,,,,,,,,,,,,,
6602,Xung Tiêu Đạn Pháo 2,1,120,0,10,,,,6,,,,26601,36601,,,,,,6273,,,,10,1000,3,1,,,,,,,,,,,,,,,,,
6603,Xung Tiêu Đạn Pháo 3,1,120,0,10,,,,6,1,1,,26601,36601,,,,,,6273,,,,10,,,1,,,,,,,,,,,,,,,,,
6604,Xung Tiêu Đạn Pháo 4,1,120,0,10,,,,6,1,1,,26604,36601,,,,,,6273,,,,10,,,1,,,,,,,,,,,,,,,,,
6605,Xung Tiêu Đạn Pháo aoe,0,0,0,18,,,,5,20,,,36604,36601,,,,,,,,,,,1000,3,1,,,,,,,,,,,,,,,,,
6606,Dị Lãnh Pháo Hoa,5,120,0,5,,,,25,1,1,,26606,36606,,,,,,6273,,,,,1000,3,1,,,,,,,,2,,,,,,,,,
6607,Dị Lãnh Pháo Hoa_Phụ,5,120,0,5,,,,25,1,1,,26606,36606,,,,,,6273,,,,,1000,3,1,,,,,,,,3,,,,,,,,,
6608,Lôi Đình Vạn Quân,1,1000,1,12,,,,2,,,,,36601,,,50,,,,,,,,1000,3,1,,,,,,,,,,,,,,,,,
6610,Bình Địa Lôi,0,0,1,12,,,,76,,1,,26610,,,,,,,,,6268,,,,,1,,,,,26611,,,,,,,,,,,,
6611,Bình Địa Lôi_Sát thương,0,0,1,15,,,,5,15,,,36610,36601,,,,,,,,,,,1000,3,1,,,,,,,,,,,,,,,,,
6612,Phá Khước Uyên Ương,2,200,1,20,,,,75,,1,,26613,,,,,,,,6270,6271,,,,,1,,,,,,,,,4,,,,,,,,
6613,Phá Khước Uyên Ương_Sát Thương Cuối,2,200,1,20,,,,3,25,,,36612,36601,,,,,,,,,,,1000,3,1,,,,,,,,,,,,,,,,,
6616,Xung Tiêu Nộ Khí,0,0,0,70,,,,3,,,,,36601,,,,,,,,,,,1000,3,1,,,,,,,,,,,,,,,,,
6621,Hỏa Thụ Ngân Hoa_Kích hoạt theo dõi,0,0,1,55,,,,5,,1,,,,,,,,,,,,,,,,1,,,,,,,,,,,,,,,,,
6624,Yên Vân Mộ_debuff,2,200,1,20,,,3,75,,,1,,,,,,,,,,,,,,,1,,,,,,,,,,,,,,,,,
6633,Song Đồng Ỷ Long,5,120,0,5,,,,25,1,1,,26606,36606,,,,,,,,,,10,1000,3,1,,,,,,,,,,,,,,,,,
6644,Bình Địa Lôi_4 Lôi,0,0,1,12,,,,76,,1,,26610,,,,,,,,,6268,,,,,1,,,,,26611,,,,,,,,,,,,
6646,Bình Địa Lôi_kích hoạt dùng tuyệt học,0,0,1,30,,,,30,,,,,,,1,,,,,,,,,,,1,,,,,,,,,,,,,,,,,
6647,Hỏa Thụ Ngân Hoa_Sát thương theo dõi,5,120,1,6,,,,15,,,,26606,36606,,,,,,,,,,10,1000,3,1,,,,,,,,,,,,,,,,,
6648,Phá Khước Uyên Ương_Sát thương liên tục,0,0,1,20,,,,3,,,,,36601,,,,,,,,,,,1000,3,1,,,,,,,,,,,,,,,,,
6667,Cao.Phá Khước Uyên Ương.kích hoạt đạn,3,50,1,10,,,15,80,,,1,,,,,,,,,,,,,,,1,,,,,,,,,,,,,,,,,
6671,Tuyệt-Dị Lãnh Pháo Hoa,0,0,0,64,,,,3,,1,,,,,,,,,,,,,,,,,,,,,,,,,,,,,,,,,
6674,Tuyệt-Bình Địa Lôi.Hiệu quả Kéo Lại,0,0,1,30,,,,225,,1,,,,,1,,,,,,,,,,,1,,,,,,,,,,,,,,,,1,
6675,Tuyệt-Bình Địa Lôi.Hiệu quả Kéo Lại_Sát thương,2,100,1,6,,,,8,,1,,26601,36601,,,,,,,,,,,1000,3,1,,,,,,,,,,,,,,,,,
6701,Võ Đang Ngự Kiếm Thuật,1,200,0,10,,,,5,,,,,36701,,,,,,5305,,,,10,1000,3,1,,,,,,,,,,,,,,,,,
6702,Võ Đang Ngự Kiếm Thuật 2,1,200,0,10,,,,5,,,,,36701,,,,,,5305,,,,10,1000,3,1,,,,,,,,,,,,,,,,,
6703,Võ Đang Ngự Kiếm Thuật 3,1,200,0,10,,,,5,,,,,36701,,,,,,5305,,,,10,1000,3,1,,,,,,,,,,,,,,,,,
6704,Võ Đang Ngự Kiếm Thuật 4,1,200,0,10,,,,5,,,,,36704,,,,,,5305,,,,10,1000,3,1,,,,,,,,,,,,,,,,,
6706,Kiếm Phi Kinh Thiên,0,0,1,60,,,,15,13,,,,,,,,,,,,,,,,,1,,,,,,,,,,,,,,,,,
6707,Kiếm Phi Kinh Thiên_Sát thương,0,0,1,6,,,,15,13,,,26709,3604,,,,,,5636,,,,,,,1,,,,,,,,,,,,,,,,,
6710,Thiên Địa Vô Cực,0,0,1,25,,,,5,30,,,616,3615,,,,,,,,,,,1000,3,1,,,,,,,,,,,,,,,,,
6713,Nhân Kiếm Hợp Nhất,1,200,0,14,,,,7,,,,611,3603,,,,,,,,,,,1000,3,1,,,,,,,,,,,,,,,,,
6715,Vạn Kiếm Phong Thiên Quyết,1,60,0,3,,,,11,,,1,,,,,-100,,,,,,,,,,1,,,,,,,,,,,,,,,,,
6716,Vạn Kiếm Phong Thiên Quyết_Phụ 1,1,20,0,3,,,,10,,,1,,,,,,,,,,,,,,,1,,,,,,,,,,,,,,,,,
6717,Vạn Kiếm Phong Thiên Quyết_Lạc Kiếm,0,0,0,10,,,,15,,,,633,,,,,,,,,,,,,,1,,,,,,,,,,,,,,,,,
6718,Vạn Kiếm Phong Thiên Quyết_Sát thương,0,0,0,64,,,9,19,,,1,,3603,,,,,,,,,,,1000,3,1,,,,,,,,,,,,,,,,,
6719,Vạn Kiếm Phong Thiên Quyết_Địa Liệt,0,0,0,10,,,,23,,,1,635,,,,,,,,,,,,,,1,,,,,,,,,,,,,,,,,
6721,Chân Võ Thất Tiệt,3,200,1,55,,,,15,,,,,,,,,,,,,,,,,,1,,,,,,,,,,,,,,,,,
6725,Thái Nhất Chân Khí. Phản kích sát thương,5,100,1,4,,,,15,,1,,3304,3601,,,,,,,,,,5,,,1,,,,,,,,,,,,,,,,,
6730,Thất Tinh Quyết,0,200,1,55,,,,15,,,,,,,,,,,,,,,,,,1,,,,,,,,,,,,,,,,,
6801,Long Uy Tiên Quyết,1,500,0,10,,,,2,,,,,36801,,,,,,6292,,,,,1000,3,1,,,,,,,,,,,,,,,,,
6802,Long Uy Tiên Quyết 2,1,500,0,10,,,,2,,,,,36801,,,,,,6292,,,,,1000,3,1,,,,,,,,,,,,,,,,,
6803,Long Uy Tiên Quyết 3,1,500,0,10,,,,2,,,,,36801,,,,,,6292,,,,,1000,3,1,,,,,,,,,,,,,,,,,
6804,Long Uy Tiên Quyết 4,1,500,0,10,,,,2,,,,,36804,,,,,,6292,,,,,1000,3,1,,,,,,,,,,,,,,,,,
6806,Thiên Long Bài Vĩ,0,0,1,35,,,,3,,,,,26021,,,,,,,,,,,1000,3,1,,,,,,,,,,,,,,,,,
6807,Dẫn Càn Khôn 1,0,0,1,10,,,,2,,,,,36801,,,,,,,,,,,1000,3,1,,,,,,,,,,,,,,,,,
6808,Dẫn Càn Khôn 2,0,0,1,10,,,,2,,,,,36801,,,,,,,,,,,1000,3,1,,,,,,,,,,,,,,,,,
6810,Dẫn Càn Khôn_Sát thương cá nhân,0,0,1,10,,,,3,,,,,36801,,,,,,6287,,,,,1000,3,1,,,,,,,,,,,,,,,,,
6811,Dẫn Càn Khôn_Sát thương 2 người,0,0,1,60,,,,3,,,,,26810,,1,,,,6288,,,,,1000,3,1,,,,,,,,,,,,,,,,,
6813,Long Dược Tử Uyên_Phụ,0,0,0,15,,,,3,,,,,26812,,,,,,6292,,,,,1000,3,1,,,,,,,,,,,,,,,,,
6815,Liệt Hồng,1,1000,1,12,,,,2,,,,,166,,,50,,,6292,,,,,1000,3,1,,,,,,,,,,,,,,,,,
6816,Nộ Khí Long Uy,0,0,0,70,,,,3,,,,,36801,,,,,,,,,,,1000,3,1,,,,,,,,,,,,,,,,,
6821,Thất Bộ Vẫn_Phụ 1,0,0,1,10,,,,3,,,,,,,,,,,,,,,,,,,,,,,,,,,,,,,,,,,
6822,Thất Bộ Vẫn_Phụ 2,0,0,1,10,,,,3,,,,,,,,,,,,,,,,,,,,,,,,,,,,,,,,,,,
6826,Phọc Ma Sách_Sát thương Kéo Lại,0,0,0,5,,,,12,,,,,24408,,,,,,,,,1,,1000,3,1,,,,,,,,,,,,,,,,,
6857,Tuyệt Học-Dẫn Càn Khôn_Khiêu Khích và Bất Lực,0,0,1,10,,,,3,,,,,,,,,,,,,,,,,,1,,,,,,,,,,,,,,,,,
6859,Tuyệt Học-Long Dược Tử Uyên_Sát thương,0,0,1,20,,,,3,15,,,208,3024,,,,,,,,,,,,,1,,,,,,,,,,,,,,,,,
6892,Long Uy Tiên Quyết,0,0,0,18,,,,3,,,,,36801,,,240,,,,,,,,1000,3,1,,,,,,,,,,,,,,,,,
6893,Thiên Long Bài Vĩ,0,0,1,30,,,,3,,,,,26021,,,,,,,,,,,1000,3,1,,,,,,,,,,,,,,,,,
6894,Liệt Hồng,1,1000,1,12,,,,2,,,,,166,,,50,,,,,,,,1000,3,1,,,,,,,,,,,,,,,,,
6895,Thử nghiệm Ẩn Thân,0,0,1,26,,,,12,,,,,,,,,,,,,,,,,,,,,,,,,,,,,,,,,,,
6896,Thử nghiệm Khói Mù,0,0,1,26,,,,12,,,,,,,,,,,,,,,,,,,,,,,,,,,,,,,,,,,
6897,Khói Mù_Thử Nghiệm_Phụ,0,0,1,26,,,15,150,,,1,,,,,,,,,,,,,,,1,,,,,6312,,,,,,,,,,,,
6901,Nga Mi Kiếm Pháp,0,0,0,10,,,,5,10,,,26901,36901,,,,,,5305,,,,10,1000,3,1,,,,,,,,,,,,,,,,,
6902,Nga Mi Kiếm Pháp 2,0,0,0,10,,,,5,10,,,26902,36902,,,,,,5305,,,,10,1000,3,1,,,,,,,,,,,,,,,,,
6903,Nga Mi Kiếm Pháp 3,0,0,0,10,,,,5,10,,,26903,36903,,,,,,5305,,,,10,1000,3,1,,,,,,,,,,,,,,,,,
6904,Nga Mi Kiếm Pháp 4,0,0,0,10,,,,5,10,,,26904,36904,,,,,,5305,,,,10,1000,3,1,,,,,,,,,,,,,,,,,
6906,Giang Hải Ngưng Ba,0,0,0,0,,,,1,,,,,,,,,,,,,,,,,,1,,,,,,,,,,,,,,,,,
6907,Giang Hải Ngưng Ba_Sát thương,1,100,1,6,,,,12,,,,310,3025,,,,,,,,,,,1000,3,1,,,,,,,,,,,,,,,,,
6908,Thiên Vũ Bảo Luân,2,100,1,27,,,,8,10,,,312,,,,,,,,,,,,,,1,,,,,,,,,,,,,,,,,
6909,Thiên Vũ Bảo Luân _Sát thương,0,0,1,27,,,,15,10,,,313,3313,,,,,,,,,,,1000,3,1,,,,,6312,,,,,,,,,,,,
6910,Bạch Lộ Ngưng Sương,2,70,1,12,,,,30,,1,,308,3308,,,,,,,,,,,,3,1,,,,,,,,,,,,,,,,,
6911,Bạch Lộ Ngưng Sương_Phụ 1,0,0,1,58,,,,5,15,1,,,,,,,,,,,,,,,3,1,,,,,,,,,,,,,,,,,
6912,Bạch Lộ Ngưng Sương_Tán Xạ,2,70,1,5,,,,30,2,1,,16912,36406,,,,,,5309,,,,1,1000,3,1,,,,,,,,,,,,,,,,,
6916,Cửu Âm Bạch Cốt Trảo,1,80,0,8,,,,4,,,,,167,5,,100,,,,,,,,1000,3,1,,,,,,,,,,,,,,,,,
6917,Cửu Âm Bạch Cốt Trảo_Hiệu ứng,1,10,0,8,,,,30,,,,16916,,,,,,,,,,,,,,,,,,,,1,,,,,,,,,,,
6925,Phật Tâm Từ Hựu,0,0,0,64,,,,2,,,,,,,,,,,,,,,,,,,,,,,,,,,,,,,,,,,
6926,Phật Tâm Từ Hựu_Đồng đội,0,0,0,64,,,,2,,,,,,,,,,,,,,,,,,,,,,,,,,,,,,,,,,,
6937,Sơ-Thiên Vũ Bảo Luân_Đóng Băng,0,0,0,1,,,,2,,,,,,,,,,,,,,,,,,,,,,,,,,,,,,,,,,,
6941,Bí Kíp-Bạch Lộ Ngưng Sương-Phản Đòn,2,70,1,5,,,,30,2,,,16912,36406,,,,,,,,,,,1000,3,1,,,,,,,,,,,,,,,,1,
6945,Bí Kíp.Cửu Âm Bạch Cốt Trảo_Hồi phục,0,0,1,60,,,,5,10,,,,3312,,,,,,,,,,,1000,3,1,,,,,,,,,,,,,,,,,
7001,Tiêu Dao Thương Pháp 1,0,0,0,13,,,,6,,,,,3501,,,126,,,5505,,,,,1000,3,1,,,,,,,,,,,,,,,,,
7002,Tiêu Dao Thương Pháp 2,0,0,0,13,,,,6,,,,,3502,,,126,,,5505,,,,,1000,3,1,,,,,,,,,,,,,,,,,
7003,Tiêu Dao Thương Pháp 3,0,0,0,13,,,,6,,,,,3503,,,126,,,5505,,,,,1000,3,1,,,,,,,,,,,,,,,,,
7004,Tiêu Dao Thương Pháp 4,0,0,0,13,,,,6,,,,,3504,,,126,,,5505,,,,,1000,3,1,,,,,,,,,,,,,,,,,
7007,Bạch Hồng Quán Nhật_Sát thương,1,200,0,12,,,,5,,,,,3027,,,110,,,,,,,,1000,3,,,,,,,,,,,,,,,,,,
7009,Thất Thám Xà Bàn_Phụ 1,0,0,0,5,,,,2,,1,,,,,,,,,,,,,,1000,3,1,,,,,,,,,,,,,,,,,
7010,Thất Thám Xà Bàn_Phụ 2,0,0,0,0,,,,25,,,,507,,,,,,,,,,,,,,1,,,,,,1,,,,,,,,,,,
7011,Thất Thám Xà Bàn_Phụ 3,0,0,0,0,,,,25,,,,6508,,,,,,,,,,,,,,1,,,,,,1,,,,,,,,,,,
7013,Đẩu Chuyển Tinh Di,0,0,0,5,,,,12,,,,,506,,,,,,,,,1,,1000,3,1,,,,,,,,,,,,,,,,,
7014,Đẩu Chuyển Tinh Di_Phụ,0,0,0,5,,,,12,,,,,,,,,,,,,,1,,,,1,,,,,,,,,,,,,,,,,
7015,Phong Quyển Tàn Vân,0,0,1,32,,,,5,,,,,3027,,,,,,,,,,,1000,3,1,,,,,,,,,,,,,,,,,
7022,Bi Tô Thanh Phong,3,250,1,32,,,7,57,,,1,17022,36301,,,,,,,,,,,1000,3,1,,,,,,,,,,,,,,,,,
7030,Thất Thám Xà Bàn-Sơ_Phụ. Tăng thêm sát thương và hiệu quả bất lợi,0,0,0,3,,,,10,,,,,17030,,,,,,,,,,,,,1,,,,,,,,,,,,,,,,,
7037,Sơ-Phong Quyển Tàn Vân_Phụ 1_Tăng thêm Tàn Phế,0,0,0,5,,,,10,,,,,,,,,,,,,,,,,,,,,,,,,,,,,,,,,,,
7101,Hội Mộng Họa Ý,0,0,0,8,,,,3,15,,,27101,37101,,,,,,5305,,,1,,1000,3,1,,,,,,,,,,,,,,,,,
7102,Hội Mộng Họa Ý 2,0,0,0,8,,,,3,15,,,27102,37101,,,,,,5305,,,1,,1000,3,1,,,,,,,,,,,,,,,,,
7103,Hội Mộng Họa Ý 3,0,0,0,8,,,,3,15,,,27103,37101,,,,,,5305,,,1,,1000,3,1,,,,,,,,,,,,,,,,,
7104,Hội Mộng Họa Ý 4,0,0,0,8,,,,3,15,,,27104,37101,,,,,,5305,,,1,,1000,3,1,,,,,,,,,,,,,,,,,
7106,Nguyên Dẫn Sinh Huy,2,60,0,20,,,,20,45,,,27106,,,,100,,,,,,,10,,,,,,,,,,,,,,,,,,,,
7107,Nguyên Dẫn Sinh Huy_Phụ,0,0,0,20,,,,3,,,,,37101,,,,,,,,,,,1000,3,1,,,,,,,,,,,,,,,,,
7108,Kinh Hồng Lược Ảnh,1,1000,1,12,,,,2,,,,,36601,,,,,,,,,,,1000,3,1,,,,,,,,,,,,,,,,,
7109,Hàn Phong Phá Nguyệt,2,80,1,5,,,,15,,1,,,,,,100,,,,,,,,,,,,27109,,,,,,,,,,,,,,,
7110,Hàn Phong Phá Nguyệt_Phụ,0,0,1,10,,,,5,20,,,27109,37109,,,,,,,,,,,1000,3,1,,,,,,,,,,,,,,,,,
7119,Triều Tịch Hội Mộng,0,0,0,2,,,,45,,,,27112,,,,,,,,,,,,,,,,,,,,,,,,,,,,,,,
7124,Hóa Vũ Đồng Châu,0,0,0,64,,,,2,,,,,,,,,,,,,,,,,,,,,,,,,,,,,,,,,,,
7125,Hóa Vũ Đồng Châu_Đồng đội,0,0,0,64,,,,2,,,,,,,,,,,,,,,,,,,,,,,,,,,,,,,,,,,
7126,Hóa Vũ Đồng Châu_Khống Chế,0,0,1,15,,,,3,,,,,,,,,,,,,,,,1000,3,1,,,,,,,,,,,,,,,,,
7155,Trung-Hàn Phong Phá Nguyệt_Sát thương,0,0,1,19,,,,5,20,,,,37109,,,,,,,,,,,1000,3,1,,,,,,,,,,,,,,,,,
7156,Trung-Hàn Phong Phá Nguyệt_Hiệu ứng,0,0,1,19,,,,5,20,,,27109,,,,,,,,,,,,,,,,,,,,1,,,,,,,,,,,
7172,Cầu Đỏ gây nổ 15m_Biểu hiện,0,0,1,55,,,,3,60,,,545259,,,,,,,,,,,,,,,,,,,,1,,,,,,,,,,,
7173,Quang Cầu nổ_Biểu hiện,0,0,1,55,,,,3,30,,,545396,,,,,,,,,,,,,,,,,,,,1,,,,,,,,,,,
7174,Ám Cầu nổ_Biểu hiện,0,0,1,55,,,,3,30,,,545397,,,,,,,,,,,,,,,,,,,,1,,,,,,,,,,,
7175,Quang Cầu nổ,0,0,1,55,,,,10,,,,,,,,,,,,,,,,1000,3,1,,,,,,,,,,,,,,,,,
7176,Ám Cầu nổ,0,0,1,55,,,,10,,,,,,,,,,,,,,,,1000,3,1,,,,,,,,,,,,,,,,,
7177,Cầu Đỏ nổ tự sát,0,0,1,55,,,,10,,,,,,,,,,,,,,,,,,,,,,,,,,,,,,,,,,,
7184,Đẩu Chuyển Tinh Di,0,0,0,5,,,,12,,,,,506,,,,,,,,,1,,1000,3,1,,,,,,,,,,,,,,,,,
7185,Đẩu Chuyển Tinh Di_Phụ,0,0,0,5,,,,12,,,,,,,,,,,,,,1,,,,1,,,,,,,,,,,,,,,,,
7187,BOSS Hút Hồn Hồi Sinh Lực,3,0,1,10,,,,5,,,,,,,,,,,,,,,,,,,,,,,,,,,,,,,,,,,
7188,Điểm danh Tử Hình,0,0,1,5,,,,10,,1,,,,,,,,,,,,,,,,,,,,,,,,,,,,,,,,,
7189,Tinh Anh toàn thể thêm thuẫn,3,0,1,64,,,,10,,,,,,,,,,,,,,,,,,,,,,,,,,,,,,,,,,,
7192,Hội Mộng Họa Ý,0,0,0,8,,,,3,15,,,27101,37101,,,,,,5305,,,1,,1000,3,1,,,,,,,,,,,,,,,,,
7193,Nguyên Dẫn Sinh Huy,2,60,0,20,,,,20,45,,,27106,,,,100,,,,,,,10,,,,,,,,,,,,,,,,,,,,
7194,Nguyên Dẫn Sinh Huy_Phụ,0,0,0,20,,,,3,,,,,37101,,,,,,,,,,,1000,3,1,,,,,,,,,,,,,,,,,
7195,Kinh Hồng Lược Ảnh,1,1000,1,12,,,,2,,,,,36601,,,,,,,,,,,1000,3,1,,,,,,,,,,,,,,,,,
7196,Hàn Phong Phá Nguyệt,2,80,1,5,,,,15,,1,,,,,,100,,,,,,,,,,,,27109,,,,,,,,,,,,,,,
7197,Hàn Phong Phá Nguyệt_Phụ,0,0,1,10,,,,5,20,,,27109,37109,,,,,,,,,,,1000,3,1,,,,,,,,,,,,,,,,,
7204,Đường Vận Lương_Điểm kiểm tra duy trì,0,0,1,0,,,,,,,,,,,,,,,,,,,,,,1,,,,,,,,,,,,,,,,,
7205,Đường Vận Lương_Chiếm điểm kiểm tra,0,0,1,0,,,,,,,,,,,,,,,,,,,,,,1,,,,,,,,,,,,,,,,,
7206,Đường Vận Lương_Đích đến duy trì,0,0,1,0,,,,,,,,,,,,,,,,,,,,,,1,,,,,,,,,,,,,,,,,
7207,Đường Vận Lương_Chiếm Điểm Cuối,0,0,1,0,,,,,,,,,,,,,,,,,,,,,,1,,,,,,,,,,,,,,,,,
7208,Đường Vận Lương_Chiếm lĩnh xe đẩy,0,0,1,0,,,,,,,,,,,,,,,,,,,,,,1,,,,,,,,,,,,,,,,,
7209,Đường Vận Lương_Thiên Hỏa,0,0,1,48,,,15,480,,,1,545200,,,,,,,,,,,,,,1,,,,,,,,,,,,,,,,,
7210,Đường Vận Lương_Buff Xe Lương,0,0,0,5,,,,16,,,,,1508,,,,,,,,,,,,,,,,,,,,,,,,,,,,,,
7211,Đường Vận Lương_Buff Quái Rừng,0,0,0,5,,,,16,,,,,1508,,,,,,,,,,,,,,,,,,,,,,,,,,,,,,
7212,Đường Vận Lương_Buff Cự Khuyết Kiếm,0,0,0,5,,,,16,,,,,1512,,,,,,,,,,,,,,,,,,,,,,,,,,,,,,
7213,Đường Vận Lương_Buff Sĩ Khí,0,0,0,5,,,,16,,,,,7224,,,,,,,,,,,,,,,,,,,,,,,,,,,,,,
7230,Đẩy Lùi,0,0,1,64,,,,5,,,,,,,,,,,,,,,,,,,,,,,,,,,,,,,,,,,
7231,Hỗn Loạn,0,0,1,15,,,,5,,,,,,,,,,,,,,,,,,,,,,,,,,,,,,,,,,,
7232,Choáng,0,0,1,15,,,,5,,,,,,,,,,,,,,,,,,,,,,,,,,,,,,,,,,,
7242,Đánh Lui_Biểu hiện,0,0,1,1,,,,65,,,,545228,,,,,,,,,,,,,,,,,,,,,,,,,,,,,,,
7246,Miễu Sát Ba Lãng,1,60,1,10,,,,300,,,,2777,,,,180,,,,,,,,,,1,,,,,,1,,,,,,,,,,,
7247,Miễu Sát Ba Lãng_Phụ,1,60,1,10,,,,300,,,,,3025,,,80,,,,,,,,,,1,,,,,,,,,,,,,,,,,
7250,Thiên Tinh Đạo Trưởng phân tán sát thương 10M,0,0,1,36,,,,45,,,,545270,,,,,,,,,,,,,,1,,,,,,,,,,,,,,,,,
7251,Thu Y Thủy Giảm Tốc 10m,0,0,1,36,,,,60,,,,545250,,,,,,,,,,,,,,,,,,,,,,,,,,,,,,,
7252,HP tối đa Thu Y Thủy sát thương 10m,0,0,1,36,,,,60,,,,545251,,,,,,,,,,,,,,,,,,,,,,,,,,,,,,,
7254,Sát Thương Phía Trước,1,30,0,10,,,,30,,,,545261,,,,,,,,,,,30,1000,,1,,,,,,,1,,,,,,,1,,,
7255,Sát Thương Phía Sau,0,0,0,36,,,,60,,,,,,,,,,,,,,,20,1000,,1,,,,,,,1,,,,,,,1,,,
7256,BUFF Chí Mạng,0,0,1,36,,,,60,,,,545262,,,,,,,,,,,,,,,,,,,,,,,,,,,,,,,
7257,Thiên Hỏa Đánh Lui-Ngắn,0,0,1,90,,,,60,,,,545249,,,,,,,,,,,20,1000,,,,,,,,,1,,,,,,,1,,,
7258,Khôi phục,0,0,1,70,,,,9,,,,,,,,,,,,,,,20,1000,,,,,,,,,1,,,,,,,1,,,
7259,Bom 15m,0,0,1,55,,,,60,,,,545259,,,,,,,,,,,,,,,,,,,,,,,,,,,,,,,
7262,HP tối đa Thu Y Thủy sát thương 20m,0,0,1,71,,,,60,,,,545252,,,,,,,,,,,,,,,,,,,,,,,,,,,,,,,
7263,HP tối đa Thu Y Thủy sát thương 30m,0,0,1,107,,,,60,,,,545253,,,,,,,,,,,,,,,,,,,,,,,,,,,,,,,
7264,Bom 5m,0,0,1,18,,,,50,,,,545269,,,,,,,,,,,,,,,,,,,,,,,,,,,,,,,
7265,Bom 10m,0,0,1,36,,,,50,,,,545270,,,,,,,,,,,,,,,,,,,,,,,,,,,,,,,
7266,Bom 20m,0,0,1,71,,,,50,,,,545271,,,,,,,,,,,,,,,,,,,,,,,,,,,,,,,
7271,Thiên Hỏa Đánh Lui-Dài,0,0,1,90,,,,60,,,,545249,,,,,,,,,,,20,1000,,,,,,,,,1,,,,,,,1,,,
7272,Thiên Hỏa Đánh Lui-Siêu Dài,0,0,1,90,,,,60,,,,545249,,,,,,,,,,,20,1000,,,,,,,,,1,,,,,,,1,,,
7277,Hỏa Pháo,0,0,0,15,,,,30,,,,1808,,,,,,,,,,,,,,,,,,,,,,,,,,,,,,,
7278,Hỏa Pháo_Phụ,0,0,0,15,,,,3,,,,,3026,,1,,,,,,,,,,,,,,,,,,,,,,,,,,,,
7279,Tường Lửa,0,0,1,27,,,15,450,,,1,52,,,,,1,,,,,,,,,,,,,,,,,,,,,,,,,,
7280,Đánh dấu,0,0,0,15,,,,25,,,,,,,,,,,,,,,,,,,,,,,,,,,,,,,,,,,
7287,Chân Linh Hộ Thể_buff,0,0,1,1,,,,2,,,,,,,,,,,,,,,,,,1,,,,,,,,,,,,,,,,,
7291,Khôi phục,0,0,1,70,,,,9,,,,,,,,,,,,,,,20,1000,,,,,,,,,1,,,,,,,1,,,
7292,Kỹ năng người chơi_Hồi sinh lực phạm vi,3,0,1,55,,,15,225,,,1,545302,,,,,1,,,,,,,,,,,,,,,,,,,,,,,,,,
7293,Kỹ năng người chơi_Vô Địch phạm vi,3,0,1,55,,,7,75,,,1,,,,,,1,,,,,,,,,1,,,,,,,,,,,,,,,,,
7294,Kỹ năng người chơi_Phá thuẫn phạm vi,0,0,1,55,,,,60,,,,545259,,,,,,,,,,,,1000,,,,,,,,,,,,,,,,,,,
7295,Người chơi Trúng Độc,3,0,1,5,,,15,150,,,1,,,,,,,,,,,,,,,,,,,,,,,,,,,,,,,,
7297,Cơ chế BOSS_Tử Hình,0,0,1,13,,,,45,,,,545304,,,,,,,,,,,,1000,,1,,,,,,,,,,,,,,,,,
7298,Giảm sát thương cộng dồn Thuẫn Đồng Hành (15m),3,0,1,55,,,10,9000,,,1,,,,,,,,,,,,,,,1,,,,,,,,,,,,,,,,,
7300,Tinh Anh toàn thể hồi sinh lực,0,0,1,107,,,,5,,,,,,,,,,,,,,,20,1000,,,,,,,,,1,,,,,,,1,,,
7301,Thiên Nhẫn Thích Sát Thuật,0,0,0,13,,,,3,,,,,3701,,,126,,,5705,,,,,1000,3,1,,,,,,,,,,,,,,,,,
7302,Thiên Nhẫn Thích Sát Thuật 2,0,0,0,13,,,,3,,,,,3701,,,126,,,5705,,,,,1000,3,1,,,,,,,,,,,,,,,,,
7303,Thiên Nhẫn Thích Sát Thuật 3,0,0,0,13,,,,3,,,,,3703,,,126,,,5705,,,,,1000,3,1,,,,,,,,,,,,,,,,,
7304,Thiên Nhẫn Thích Sát Thuật 4,0,0,0,13,,,,3,,,,,3703,,,126,,,5705,,,,,1000,3,1,,,,,,,,,,,,,,,,,
7305,Ma Diệm Tại Thiên,3,0,1,25,,,7,225,,,1,,,,,,,,,,,,,,,1,,,,,,,,,,,,,,,,,
7307,Ma Diệm Tại Thiên_Phụ 2,2,100,0,10,,,1,15,,1,,707,3707,,,,,,,5708,,,,1000,3,1,,,,,,,,,,,,,,,,,
7308,Tử Vong Hồi Toàn,2,135,1,12,,,,16,,1,,,3701,,,100,,,,,,,1,1000,3,1,,3710,,,,,,,,,,,,,,,
7309,Tử Vong Hồi Toàn_Phụ 1,2,135,1,1,,,,16,,1,,708,,,,150,,,,,,,1,,,1,,,,,,1,,,,,,,,,,,
7314,Huyết Nguyệt Ảnh_Đánh Thường 1,0,0,0,13,,,,3,,,,,3701,,,126,,,5705,,,,,1000,3,1,,,,,,,,,,,,,,,,,
7315,Huyết Nguyệt Ảnh_Đánh Thường 2,0,0,0,13,,,,3,,,,,3701,,,126,,,5705,,,,,1000,3,1,,,,,,,,,,,,,,,,,
7316,Huyết Nguyệt Ảnh_Đánh Thường 3,0,0,0,13,,,,3,,,,,3703,,,126,,,5705,,,,,1000,3,1,,,,,,,,,,,,,,,,,
7317,Huyết Nguyệt Ảnh_Đánh Thường 4,0,0,0,13,,,,3,,,,,3703,,,126,,,5705,,,,,1000,3,1,,,,,,,,,,,,,,,,,
7322,Luyện Ngục Đoạt Phách,0,0,1,26,,,,3,,,,,,,,,,,,,,,,,,1,,,,,,,,,,,,,,,,,
7323,Luyện Ngục Đoạt Phách_Phụ 1,0,0,1,26,,,7,90,,,1,,,,,,,,,,,,,,,1,,,,,,,,,,,,,,,,,
7324,Luyện Ngục Đoạt Phách_Phụ 2,0,0,1,26,,,,46,,,,,3026,,,,,,,,,,,,,,,,,,,,,,,,,,,,,,
7340,Thiên Ma Ảnh Ảo Sát_Sát thương,0,0,0,64,,,,3,,,,,3740,,,,,,,,,,,1000,3,1,,,,,,,,,,,,,,,,,
7371,Phi Hồng Vô Tích_Phụ,0,0,1,5,,,,3,,1,,,,,,,,,,,,,,,,,,,,,,,,,,,,,,,,,
7375,Tường Lửa.Sát thương,0,0,1,27,,,,6,,,,,,,,,,,,,,,,,,1,,,,,,,,,,,,,,,,,
7401,Tàng Kiếm Kiếm Pháp,0,0,0,13,,,,3,,,,,34401,,,126,,,6005,,,,,1000,3,1,,,,,,,,,,,,,,,,,
7402,Tàng Kiếm Kiếm Pháp 2,0,0,0,13,,,,3,,,,,34401,,,126,,,6005,,,,,1000,3,1,,,,,,,,,,,,,,,,,
7403,Tàng Kiếm Kiếm Pháp 3,0,0,0,13,,,,3,,,,,34401,,,126,,,6005,,,,,1000,3,1,,,,,,,,,,,,,,,,,
7404,Tàng Kiếm Kiếm Pháp 4,0,0,0,13,,,,3,,,,,34401,,,126,,,6005,,,,,1000,3,1,,,,,,,,,,,,,,,,,
7405,Tàng Kiếm Kiếm Pháp 5,0,0,0,13,,,,3,,,,,34401,,,126,,,6005,,,,,1000,3,1,,,,,,,,,,,,,,,,,
7406,Đoạn Triều,0,0,1,30,,,,3,,,,,166,,,,,,,,,,,1000,3,1,,,,,,,,,,,,,,,,,
7409,Ngọc Tuyền Ngư Dược_Phụ,0,0,0,12,,,,3,,,,,166,,,,,,,,,,,1000,3,1,,,,,,,,,,,,,,,,,
7413,Phong Tháp Vân Cảnh_Nổ ban đầu,0,0,1,19,,,,3,42,,,,,,,,,,,,,,,,,1,,,,,,,,,,,,,,,,,
7414,Phong Tháp Vân Cảnh_Kiếm Trận Ngoại Vi-dohitskill,3,0,1,25,,,11,121,,,1,34413,,,,,1,,,,,,,,,1,,,,,,,,,,,,,,,,1,
7415,Phong Tháp Vân Cảnh_Gọi Phi Kiếm,5,40,1,1,,,,4,,,,,,,,,,,,,,,,,,1,,,,,,,1,,,,,,,,,1,
7416,Phong Tháp Vân Cảnh_Phi Kiếm tấn công,1,250,1,6,,,,6,,,,34414,166,,,,,,,,,,,1000,3,1,,,,,,,,,,,,,,,,,
7417,Hạc Quy Cô Sơn,0,0,0,64,,,,2,,,,,,,,,,,,,,,,,,1,,,,,,,,,,,,,,,,,
7419,Hạc Quy Cô Sơn_Địch,0,0,0,64,,,,2,,,,,,,,,,,,,,,,,,1,,,,,,,,,,,,,,,,,
7425,Vân Thê Tùng_Phụ 1-Phi Kiếm Xoay Vòng,6,120,1,5,,,,20,,,,24425,166,,,,,,,,,,5,1000,3,1,,,,,,,,1,,,"Khi loại là đạn xoay vòng thì điền 1, khi đạn quay về sẽ theo sau người chơi",,,,,,
7429,Hoàng Long Thổ Thúy_Phụ,0,0,1,15,,,,3,12,,,14425,3024,,,,,,,,,,,1000,3,1,,,,,,,,,,,,,,,,,
7430,Phong Tháp Vân Cảnh_Hiệu quả duy trì vòng trong-Biểu hiện,0,0,1,19,,,,2,119,,,24413,,,,,,,,,,,,,,1,,,,,24414,1,,,,,,,,,,,
7433,Tàng Kiếm Nộ Khí,0,0,0,64,,,,5,,,,,166,,,,,,,,,,,1000,3,1,,,,,,,,,,,,,,,,,
7434,Tàng Kiếm Nộ Khí_Phụ,0,0,0,64,,,,5,,,,,166,,,,,,,,,,,1000,3,1,,,,,,,,,,,,,,,,,
7446,Sơ-Phong Tháp Vân Cảnh_Sát thương ban đầu,0,0,1,19,,,,3,,,,,3024,,,,,,,,,,,,,1,,,,,,,,,,,,,,,,,
7601,Thiên Sơn Cầm Khúc,1,150,0,10,,,,6,,,,24601,34601,,,,,,6051,,,,30,1000,3,1,,,,,,,,,,,,,,,,,
7602,Thiên Sơn Cầm Khúc 2,1,150,0,10,,,,6,,,,24602,34601,,,,,,6051,,,,30,1000,3,1,,,,,,,,,,,,,,,,,
7603,Thiên Sơn Cầm Khúc 3,1,150,0,10,,,,6,,,,24603,34601,,,,,,6051,,,,30,1000,3,1,,,,,,,,,,,,,,,,,
7604,Thiên Sơn Cầm Khúc 4,1,150,0,10,,,,6,,,,24604,34601,,,,,,6051,,,,30,1000,3,1,,,,,,,,,,,,,,,,,
7606,Phi Yến Lăng Ba,1,80,0,6,,,,10,,,,,34606,1,,,,,,,,,,1000,3,1,,,,,,,,,,,,,,,,,
7607,Phi Yến Lăng Ba_Hiệu ứng,1,60,0,6,,,,13,,,,24607,,,,200,,,,,,,60,,,1,,,,,,1,,,,,,,,,,,
7608,Ngân Bình Ngọc Toái,0,0,0,13,,,,3,16,,,24609,34606,,,,,,,,,,,1000,3,1,,,,,,,,,,,,,,,,,
7609,Ngân Bình Ngọc Toái_Số tầng Bùa Chú,0,0,0,13,,,,3,,,,,,,,,,,,,,,,,,1,,,,,,,,,,,,,,,,,
7611,Không Sơn Ngưng Vân,0,0,0,64,,,,2,,1,,,,,,,,,,,,,,,,1,,,,,,,,,,,,,,,,,
7613,Thủy Long Ngâm_Chính_Bùa Chú,1,80,0,8,,,,15,,,,,34606,2,,,,,,,,,,1000,3,1,,,,,,,,,,,,,,,,,
7614,Thủy Long Ngâm_Hiệu quả,1,0,0,8,,,,12,,,,24614,,,,,,,,,,,,,,1,,,,,,1,,,,,,,,,,,
7616,Thiên Sơn Nộ Khí,0,0,0,64,,,,5,,,,,34606,,,,,,,,,,,1000,3,1,,,,,,,,,,,,,,,,,
7617,Thiên Sơn Nộ Khí_Phụ,0,0,0,64,,,,5,,,,,34606,,,,,,,,,,,1000,3,1,,,,,,,,,,,,,,,,,
7620,Phượng Thê Ngô Đồng_Bản Thân,3,0,1,24,,,10,76,,,1,,,,,,,,,,,,,,,1,,,,,,,,,,,,,,,,,
7621,Thủy Long Ngâm_Sát thương,1,80,0,8,,,,15,,,,,34606,2,,,,,,,,,,1000,3,1,,,,,,,,,,,,,,,,,
7624,Thủy Mộ Thiên Hoa,0,0,0,64,,,,2,,,,,,,,,,,,,,,,,,1,,,,,,,,,,,,,,,,,
7625,Thủy Mộ Thiên Hoa_Đồng đội,0,0,0,64,,,,2,,,,,,,,,,,,,,,,,,1,,,,,,,,,,,,,,,,,
7631,Hủy bỏ,0,0,0,64,,,,5,,1,,,,,,,,,,,,,,,,1,,,,,,,,,,,,,,,,,
7633,Hủy bỏ,0,0,0,64,,,,5,,1,,,,,,,,,,,,,,,,1,,,,,,,,,,,,,,,,,
7635,Cầm Sắt Hòa Minh_Phụ,0,0,1,15,,,,3,12,,,14636,34601,,,,,,,,,,,1000,3,1,,,,,,,,,,,,,,,,,
7714,Thái Huyền Tịnh Thiên.dohitskill,3,0,1,35,,,14,89,,,1,,,,,,1,,,,,,,,,1,,,,,,,,,,,,,,,,1,
7715,Thái Huyền Tịnh Thiên_Duy trì,3,0,1,27,,,2,90,,,1,26414,,,,,,,,,,,,,,1,,,,,,,,,,,,,,,,,
7716,Thái Huyền Tịnh Thiên-Công thường,0,0,1,19,,,,15,,,,37206,37204,,,,,,,,,,,,,1,,,,,,,,,,,,,,,,,
7701,Thiên Tâm Phù Lục,1,150,0,10,,,,6,,,,18005,37201,,,,,,6511,,,,30,1000,3,1,,,,,,,,,,,,,,,,,
7702,Thiên Tâm Phù Lục 2,1,150,0,10,,,,6,,,,18006,37202,,,,,,6511,,,,30,1000,3,1,,,,,,,,,,,,,,,,,
7703,Thiên Tâm Phù Lục 3,1,150,0,10,,,,6,,,,18007,37203,,,,,,6511,,,,30,1000,3,1,,,,,,,,,,,,,,,,,
7704,Thiên Tâm Phù Lục 4,1,150,0,10,,,,6,,,,18008,37204,,,,,,6511,,,,30,1000,3,1,,,,,,,,,,,,,,,,,
7706,Ngũ Hi Tráo Đỉnh,1,200,0,12,,,,5,,,,,,,,100,,,,,,,5,1000,3,1,,,,,,,,,,,,,,,,,
7708,Chân Văn Vân Triện,0,0,1,27,,,,31,,,,37205,,,,,,,,,,,,,,1,,,,,,,,,,,,,,,,,
7718,Thiên Tâm Nộ Khí,0,0,0,70,,,,3,,,,,36401,,,,,,,,,,,1000,3,1,,,,,,,,,,,,,,,,,
7733,Đạo Hi Trường Tồn,0,0,1,15,,,,31,,,,,36401,,,,,,,,,,,,,1,,,,,,,,,,,,,,,,,
7751,Đài Tinh Hộ Thân-Sơ.buff,0,0,0,64,,,,2,,,,,,,,,,,,,,,,,,,,,,,,,,,,,,,,,,,
7758,Đài Tinh Hộ Thân-Cao.buff,0,0,0,64,,,,2,,,,,,,,,,,,,,,,,,,,,,,,,,,,,,,,,,,
7792,Thiên Tâm Phù Lục,1,150,0,10,,,,6,,,,18005,37201,,,,,,6511,,,,30,1000,3,1,,,,,,,,,,,,,,,,,
7793,Chân Văn Vân Triện,0,0,1,27,,,,31,,,,,37205,,,,,,,,,,,,,1,,,,,,,,,,,,,,,,,
7794,Ngũ Hi Tráo Đỉnh,1,200,0,12,,,,5,,,,,,,,100,,,,,,,5,1000,3,1,,,,,,,,,,,,,,,,,
7901,Côn Lôn Kiếm Pháp,0,0,0,13,,,,5,,,,,34101,,,126,,,5950,,,,,1000,3,1,,,,,,,,,,,,,,,,,
7902,Côn Lôn Kiếm Pháp 2,0,0,0,13,,,,5,,,,,34102,,,126,,,5950,,,,,1000,3,1,,,,,,,,,,,,,,,,,
7903,Côn Lôn Kiếm Pháp 3,0,0,0,13,,,,5,,,,,34103,,,126,,,5950,,,,,1000,3,1,,,,,,,,,,,,,,,,,
7904,Côn Lôn Kiếm Pháp 4,0,0,0,13,,,,5,,,,,34104,,,126,,,5950,,,,,1000,3,1,,,,,,,,,,,,,,,,,
7907,Tiên Nhân Chỉ Lộ_Phụ,1,250,0,16,,,,4,,,,,34107,,,,,,,,,,,1000,3,,,,,,,,,,,,,,,,,,
7909,Tiếu Phong Tam Liên Kích_Phụ-Sát thương phạm vi,0,0,1,13,,,,5,3,,,24110,34101,,,,,,,,,,,1000,3,1,,,,,,,,,,,,,,,,,
7910,Khiếu Phong Tam Liên Kích,5,80,0,5,,,,16,,1,,24110,,,,,,,,,,,,,,1,,,,,,,,,,,,,,,,,
7912,Kiếm Đãng Bát Hoang,1,200,0,12,,,,10,,,,,,,,,,,5949,,,,,,,1,,,,,,,,,,,,,,,,,
7913,Lôi Động Cửu Thiên vòng 2,2,200,1,4,,,,10,,,,,24125,,,,,,5949,,,,,,,,,,,,,,,,,,,,,0,,,
7914,Lôi Động Cửu Thiên vòng 2_Địa Liệt,0,0,1,9,,,,15,,,,34128,,,,,,,,,,,,,,,,,,,,,,,,,,,,,,,
7928,Côn Hư Trụy Vô Phong,0,0,0,64,,,,3,,,,,34101,,,,,,,,,,,1000,3,1,,,,,,,,,,,,,,,,,
7932,Nhất Khí Tam Thanh_Đạn Chính,0,0,1,60,,,,3,,,,,,,,,,,,,,,,,,1,,,,,,,,,,,,,,,,,
7957,Lôi Động Cửu Thiên,2,200,1,4,,,,10,,,,24127,,,,,,,5949,,,,,,,,,,,,,,,,,,,,,,,,
7958,Lôi Động Cửu Thiên,2,200,1,4,,,,10,,,,24128,,,,,,,5949,,,,,,,,,,,,,,,,,,,,,,,,
7959,Lôi Động Cửu Thiên,2,200,1,4,,,,10,,,,24129,,,,,,,5949,,,,,,,,,,,,,,,,,,,,,,,,
7975,Hỗn Độn Kiếm Trận,3,250,1,20,,,11,121,,,1,,,,,,,,,,,,,,3,1,,,,,,,,,,,,,,,,,
8001,Vòng Trị Liệu,0,0,1,42,,,,16,,,,,,,,,,,,,,,,,,,,,,,,,,,,,,,,,,,
8002,Vòng Trị Liệu_Phụ,0,0,1,42,,,,16,,,,,,,,,,,,,,,,,,,,,,,,,,,,,,,,,,,
8065,Báo động thường hình quạt 60 độ 10m,0,0,0,11,,,,30,,,,545539,,,,,,,,,,,,,,1,,,,,,,,,,,,,,,,,
8070,Vô Địch_Phụ,0,0,0,5,,,,16,,,,,,,,,,,,,,,,,,,,1510,,,,,,,,,,,,,,,
8073,Phá Nhi Hậu Lập_Phụ,0,0,0,5,,,,16,,,,,,,,,,,,,,,,,,,,1510,,,,,,,,,,,,,,,
8078,Tấn công hiệu ứng,0,0,1,15,,,,3,,,,,3026,,,,,,,,,,,1000,3,1,,,,,,,,,,,,,,,,,
8080,Tấn công hiệu ứng_Hiệu ứng,0,0,1,8,,,,20,,,,14806,,,,,,,,,,,,,,1,,,,,,,,,,,,,,,,,
8084,Cơn Lốc Mảnh,0,0,1,25,,,,16,,,,,,,,,,,,,,,,,,1,,,,,,,,,,,,,,,,,
8085,Cơn Lốc Mảnh_Hiệu ứng,3,0,1,25,,,,20,,,,,,,,270,1,,,,,,,,,1,,,,,,,,,,,,,,,,,
8086,Cơn Lốc Mảnh_Sát thương,3,0,1,25,,,,6,,,,,3024,,,,,,,,,,,,,1,,,,,,,,,,,,,,,,,
8108,Hình Quạt_Hoành Tảo,1,80,0,6,,,,4,,,,,3407,1,,,,,,,,,,,,,,,,,,,,,,,,,,,,,
8109,Hình Quạt_Hoành Tảo_Hiệu quả,0,0,0,6,,,,45,,,,92,,,,0,,,,,,,60,,,1,,,,,,,,,,,,,,,,,
8111,Hình Quạt_Hoành Tảo,1,80,0,8,,,,4,,,,,3407,1,,100,,,,,,,,,,1,,,,,,,,,,,,,,,,,
8122,Sát thương toàn màn hình,0,0,0,110,,,,15,,,,1466,,,,,,,,,,1,,,,1,,,,,,,,,,,,,,,,,
8123,Hình Quạt_Hoành Tảo_Hiệu quả,0,0,0,8,,,,15,,,,92,,,,0,,,,,,,60,,,1,,,,,,,,,,,,,,,,,
8124,Hình Quạt_Hoành Tảo,1,80,0,8,,,,4,,,,,3407,1,,100,,,,,,,,,,1,,,,,,,,,,,,,,,,,
8125,Hình Quạt_Hoành Tảo_Hiệu quả,0,0,0,8,,,,15,,,,92,,,,0,,,,,,,60,,,1,,,,,,,,,,,,,,,,,
8133,Xoay Chuyển Diệt Nhanh_Phụ,0,0,1,29,,,,3,,,,,3024,,,,,,,,,,,,,,,,,,,,,,,,,,,,,,
8135,Sương Độc,0,0,1,3,,,,225,,,,,,,,,1,,,,,,,,,1,,,,,,,,,,,,,,,,,
8136,Sương Độc_Phụ,0,0,1,3,,,,225,,,,,,,,,1,,,,,,,,,1,,,,,,,,,,,,,,,,,
8137,Hình Quạt_Hoành Tảo,1,80,0,6,,,,10,,,,,34606,1,,,,,,,,,,,,,,,,,,,,,,,,,,,,,
8138,Hình Quạt_Hoành Tảo_Hiệu quả,1,750,0,6,,,,1,,,,,,,,0,,,,,,,0,,,1,,,,,,,,,,,,,,,,,
8139,Cảnh Báo Vòng Trong,0,0,1,34,,,,30,,,,545459,,,,,,,,,,,,,,1,,,,,,,,,,,,,,,,,
8140,Cảnh Báo Vòng Giữa,0,0,1,34,,,,60,,,,545460,,,,,,,,,,,,,,1,,,,,,,,,,,,,,,,,
8141,Cảnh Báo Vòng Ngoài,0,0,1,34,,,,60,,,,545461,,,,,,,,,,,,,,,,,,,,,,,,,,,,,,,
8143,Quyền Khuynh Thiên Hạ-Đẩy Lùi,1,40,1,7,,,,23,,,,160,,,,,,,,,,,,,,1,,,,,,,,,,,,,,,,,
8144,Quyền Khuynh Thiên Hạ_Đẩy Lùi_Phụ,0,0,1,7,,,,23,,,,,3027,2,,,,,,,,,,,,1,,,,,,,,,,,,,,,,,
8145,Định Thân miễn kéo,0,0,1,15,,,,75,,,1,,,,,,,,,,,,,,,1,,,,,,,,,,,,,,,,,
8147,Nổ-Điểm Danh_Sát thương,3,0,1,15,,,15,75,,,1,,3026,,,,,,,,,,,,,,,,,,,,,,,,,,,,,,
8148,Nổ-Điểm Danh,0,0,1,15,,,,2,,,,,,,,,,,,,,,,,,,,,,,,,,,,,,,,,,,
8150,Nổ-Điểm Danh_Sát thương,3,0,1,15,,,15,75,,,1,,3026,,,,,,,,,,,,,,,,,,,,,,,,,,,,,,
8157,Băng Thanh Ngọc Nhuận_Phụ,0,0,1,60,,,,15,,1,,,13801,,,,,,,,,1,,,,1,,,,,,,,,,,,,,,,,1
8164,Kim Chiêu Đoạn Hồn,0,0,0,15,,,,3,15,,,14408,34401,,,,,,,,,,,1000,3,1,,,,,,,,,,,,,,,,,
8172,Huyền Diệm Trảm_Sát thương,0,0,1,15,,,,3,,,,,3026,,,,,,,,,,,1000,3,1,,,,,,,,,,,,,,,,,
8175,Sái Kim Giáp_Phụ,3,0,1,27,,,2,60,,,,17141,,,,,,,,,,,,,,1,,,,,,,,,,,,,,,,,
8178,Định Thân miễn kéo,0,0,1,1,,,,2,,,1,,3027,,,,,,,,,,,,,1,,,,,,,,,,,,,,,,,
8179,Nỏ Xa Đánh Thường 1,1,90,1,5,,,,10,,1,,14786,3024,,,,,,,,,,,,,,,,,,,,,,,,,,,,,,
8182,Xung Phong_Phụ,1,120,0,18,,,,3,,1,,,3027,,,110,,,,,,,,1000,3,0,,,,,,,,,,,,,,,,,
8185,Xung Phong_Phụ,1,120,0,36,,,,3,,1,,,3027,,,110,,,,,,,,1000,3,0,,,,,,,,,,,,,,,,,
8201,Đường Môn Ám Khí,5,70,0,5,,,,16,,1,,24004,34001,,,,,,5929,,,,,1000,3,1,,,,,,,,,,,,,,,,,
8202,Đường Môn Ám Khí 2,5,70,0,5,,,,16,,1,,24004,34001,,,,,,5929,,,,,1000,3,1,,,,,,,,,,,,,,,,,
8203,Đường Môn Ám Khí 3,5,70,0,5,,,,16,,1,,24004,34001,,,,,,5929,,,,,1000,3,1,,,,,,,,,,,,,,,,,
8204,Đường Môn Ám Khí 4,5,70,0,5,,,,16,,1,,24004,34001,,,,,,5929,,,,,1000,3,1,,,,,,,,,,,,,,,,,
8206,Triền Thân Thích,0,0,1,27,,,,7,,,1,14033,,,,,,,,,,,,,,1,,,,,14037,,,,,,,,,,,,
8207,Triền Thân Thích.dohitskill liên tục,0,0,1,27,,,15,121,,,1,14033,,,,,,,,,,,,,,1,,,,,14037,,,,,,,,,,,,
8208,Bạo Vũ Lê Hoa,0,0,1,8,,,,5,25,,,24008,34001,,,,,,5926,,,,,,,1,,,,,,,,,,,,,,,,,
8209,Mê Ảnh Tung-Hàm Sa Xạ Ảnh,1,90,1,4,,,,6,,,,24009,34001,,,,,,,,,,,1000,3,1,,,,,,,,,,,,,,,,,
8212,Cửu Cung Phi Tinh,0,0,1,27,,,,34,,,,14036,,,,,,,,,,,,,,1,,,,,,,,,,,,,,,,,
8213,Triền Thân Thích.Sát thương,0,0,1,27,,,,6,,,,,,,,,,,,,,,,,,1,,,,,,,,,,,,,,,,,
8215,Tôi Độc Thuật,0,0,0,64,,,,2,,,,,,,,,,,,,,,,,,,,,,,,,,,,,,,,,,,
8216,Tôi Độc Thuật_Đồng đội,0,0,0,64,,,,2,,,,,,,,,,,,,,,,,,,,,,,,,,,,,,,,,,,
8225,Cửu Cung Phi Tinh_Phụ 2,0,0,1,4,,,,5,,,,24025,,,,,,,,,,,,,,1,,,,,,,,,,,,,,,,,
8226,Cửu Cung Phi Tinh_Phụ 3,1,87,1,4,,,,3,,,,24025,,,,,,,,,,,,,,1,,,,,,,,,,,,,,,,,
8232,Thiên Cơ Khổng Tước Linh,0,0,0,64,,,,15,,,,24032,,,,,,,,,,,,,,1,,,,,,1,,,,,,,,,,,
8233,Thiên Cơ Khổng Tước Linh_Hiệu Quả 1,0,0,0,64,,,,15,,,,24032,,,,,,,,,,,,,,1,,,,,,1,,,,,,,,,,,
8234,Thiên Cơ Khổng Tước Linh_Hiệu Quả 2,0,0,0,64,,,,15,,,,24032,,,,,,,,,,,,,,1,,,,,,1,,,,,,,,,,,
8235,Thiên Cơ Khổng Tước Linh_Sát thương,0,0,0,64,,,5,16,,,1,,34002,,,,,,,,,,,,,1,,,,,,,,,,,,,,,,,
8248,Đường Môn Ám Khí_Tán Tiêu 1,1,70,1,4,,,,9,,1,,24001,34001,,,,,,,,,,,1000,3,1,,,,,,,,,,,,,,,,,
8249,Đường Môn Ám Khí_Tán Tiêu 2,1,70,1,4,,,,9,,1,,24001,34001,,,,,,,,,,,1000,3,1,,,,,,,,,,,,,,,,,
8250,Đường Môn Ám Khí_Tán Tiêu 3,1,70,1,4,,,,9,,1,,24001,34001,,,,,,,,,,,1000,3,1,,,,,,,,,,,,,,,,,
8251,Đường Môn Ám Khí_Tán Tiêu 4,1,70,1,4,,,,9,,1,,24001,34001,,,,,,,,,,,1000,3,1,,,,,,,,,,,,,,,,,
8261,Truy Tinh Trục Điện_Phụ,0,0,0,6,,,,5,,1,,,,,,,,,,,,,,,,1,,,,,,,,,,,,,,,,,
8263,Vòng Sáng Tấn Công,0,0,1,42,,,,16,,,,,,,,,,,,,,,,,,,,,,,,,,,,,,,,,,,
8264,Vòng Sáng Tấn Công_Phụ,0,0,1,42,,,,16,,,,,,,,,,,,,,,,,,,,,,,,,,,,,,,,,,,
8265,Vòng Tăng Kháng,0,0,1,42,,,,16,,,,,,,,,,,,,,,,,,,,,,,,,,,,,,,,,,,
8266,Vòng Tăng Kháng_Phụ,0,0,1,42,,,,16,,,,,,,,,,,,,,,,,,,,,,,,,,,,,,,,,,,
8301,Trảm Liệt Đao Pháp,0,0,0,13,,,,3,,,,,37207,,,126,,,6610,,,,,1000,3,1,,,,,,,,,,,,,,,,,
8302,Trảm Liệt Đao Pháp 2,0,0,0,13,,,,3,,,,,37207,,,126,,,6610,,,,,1000,3,1,,,,,,,,,,,,,,,,,
8303,Trảm Liệt Đao Pháp 3,0,0,0,13,,,,3,,,,,37207,,,126,,,6610,,,,,1000,3,1,,,,,,,,,,,,,,,,,
8304,Trảm Liệt Đao Pháp 4,0,0,0,13,,,,3,,,,,37207,,,126,,,6610,,,,,1000,3,1,,,,,,,,,,,,,,,,,
8306,Lưu Tinh Hãn Nguyệt_Phụ,0,0,0,12,,,,3,,,,,37207,,,,,,,,,,,1000,3,1,,,,,,,,,,,,,,,,,
8307,Đao Trấn Tứ Hải,0,0,1,26,,,,3,,,,,37207,,,,,,,,,,,1000,3,1,,,,,,,,,,,,,,,,,
8308,Cuồng Long Quy Uyên,0,0,1,30,,,,3,,,,,37207,,,,,,,,,,,1000,3,1,,,,,,,,,,,,,,,,,
8309,Cuồng Long Quy Uyên_Phụ,0,0,1,30,,,,3,,,,,37207,,,,,,,,,,,1000,3,1,,,,,,,,,,,,,,,,,
8326,Trảm Liệt Nộ Khí,0,0,0,70,,,,3,,,,,37207,,,,,,,,,,,1000,3,1,,,,,,,,,,,,,,,,,
8351,Lưu Tinh Hãn Nguyệt_Phụ,0,0,0,12,,,,3,,,,,37207,,,,,,,,,,,1000,3,1,,,,,,,,,,,,,,,,,
8353,Đao Trấn Tứ Hải,0,0,1,26,,,,3,,,,,37207,,,,,,,,,,,1000,3,1,,,,,,,,,,,,,,,,,
8354,Trảm Liệt Đao Pháp,0,0,0,13,,,,3,,,,,37207,,,126,,,6610,,,,,1000,3,1,,,,,,,,,,,,,,,,,
8359,Hộ Thuẫn Sinh Lực Cuồng Long Quy Uyên,3,0,1,27,,,2,60,,,,,,,,,,,,,,,,,,1,,,,,,,,,,,,,,,,,
8372,Xuất trận Đẩy Lùi,0,0,1,35,,,,3,,,,,,,,,,,,,,,,,,1,,,,,,,,,,,,,,,,,
8381,Hỏa Vẫn,0,0,1,35,,,,9,,,,1327,,,,,1,,,,,,,,,1,,,,,,,,,,,,,,,,,
8382,Hỏa Vẫn_Địa Liệt Hiệu Quả,0,0,1,15,,,,45,,,,26,,,,,,,,,,,,,,1,,,,,,,,,,,,,,,,,
8383,Hỏa Vẫn_Sát thương,0,0,1,15,,,15,45,,,1,,3412,,,,,,,,,,,,,1,,,,,,,,,,,,,,,,,
8384,Kỹ năng Lôi Kéo Tàn Phế,1,1500,1,15,,,,30,,,,,,,,,,,,,,1,,1000,3,,,,,,,,,,,,,,,,,,
8385,Kim Thoái Trảm,1,100,0,6,,,,15,,,,1843,166,,,50,,,,,,,,,,1,,,,,,,,,,,,,,,,,
8386,Giảm Tốc,0,0,0,6,,,,30,,,,,,,,,,,,,,,,,,,,,,,,,,,,,,,,,,,
8387,Ngũ La Khinh Yên,1,100,1,15,,,,45,,,,,,,,,,,,,,,,1000,3,1,,,,,,,,,,,,,,,,,
8388,AOE 10m,0,0,1,35,,,,30,,,,,,,,,1,,,,,,,,,1,,,,,,,,,,,,,,,,,
8389,Hỏa Vẫn,0,0,1,35,,,,9,,,,,,,,,1,,,,,,,,,1,,,,,,,,,,,,,,,,,
8391,Luyện Ngục Đoạt Phách_Phụ 1,0,0,1,26,,,7,120,,,1,6723,,,,,,,,,,,,,,1,,,,,,,,,,,,,,,,,
8401,Thiên Vương Chùy Pháp,0,0,0,13,,,,3,,,,,3024,,,126,,,6201,,,,,1000,3,1,,,,,,,,,,,,,,,,,
8402,Thiên Vương Chùy Pháp 2,0,0,0,13,,,,3,,,,,3024,,,126,,,6201,,,,,1000,3,1,,,,,,,,,,,,,,,,,
8403,Thiên Vương Chùy Pháp 3,0,0,0,13,,,,3,,,,,3024,,,126,,,6201,,,,,1000,3,1,,,,,,,,,,,,,,,,,
8404,Thiên Vương Chùy Pháp 4,0,0,0,13,,,,3,,,,,3024,,,126,,,6201,,,,,1000,3,1,,,,,,,,,,,,,,,,,
8407,Nhất Kích Sát Thần_Phụ,0,0,0,14,,,,3,,,,,3024,,,,,,,,,,,1000,3,1,,,,,,,,,,,,,,,,,
8411,Huyết Chiến Bát Phương_Phụ 1,3,200,1,20,,,,3,,,,,3024,,,,,,,,,,,1000,3,1,,,,,,,,,,,,,,,,,
8414,Nhật Nguyệt Sơn Hà Toái,0,0,0,32,,,,70,,,,,3024,,,,,,,,,,,,,1,,,,,,1,,,,,,,,,,,
8415,Nhật Nguyệt Sơn Hà Toái_Phụ,0,0,0,64,,,,50,,1,,,3024,,,,,,,,,,,1000,3,1,,,,,,,,,,,,,,,,,
8447,Khí Cái Bát Hoang_Phụ.Sát thương,0,0,1,15,,,,3,12,,,208,3024,,,,,,,,,,,1000,3,1,,,,,,,,,,,,,,,,,
8448,Bá Vương Nộ Hống. Mỗi 2 giây giảm chờ Huyết Chiến Bát Phương,3,250,1,13,,,30,91,,,1,,,,,,,,,,,,,,,1,,,,,,,,,,,,,,,,,1
8512,Yên Vũ Hành Đăng,1,70,0,15,,,,45,,0,,310,,,,100,,,,,,,5,1000,3,1,,,,,,,,,,,,,,,,,
8531,Băng Tỏa Liên Hoàn,0,0,1,35,,,,9,,,,2496,3026,,,,,,,,,,,1000,3,1,,,,,,,,,,,,,,,,,
8533,Triều Dương Nhất Khí,1,100,0,5,,,,30,,,,,35201,,,,,,,,,,20,1000,3,1,,,,,,,1,,,,,,,,,,
8534,Triều Dương Nhất Khí_Biểu hiện vẩy đuôi,0,0,1,5,,,,10,,,,18010,,,,100,,,,,,,,,,1,,,,,,1,1,,,,,,,,,,
8535,Triều Dương Nhất Khí,1,100,0,5,,,,30,,,,,35201,,,,,,,,,,20,1000,3,1,,,,,,,1,,,,,,,,,,
8536,Triều Dương Nhất Khí_Biểu hiện vẩy đuôi,0,0,1,5,,,,10,,,,18010,,,,100,,,,,,,,,,1,,,,,,1,1,,,,,,,,,,
8537,Triều Dương Nhất Khí,1,100,0,5,,,,30,,,,,35201,,,,,,,,,,20,1000,3,1,,,,,,,1,,,,,,,,,,
8538,Triều Dương Nhất Khí_Biểu hiện vẩy đuôi,0,0,1,5,,,,10,,,,18010,,,,100,,,,,,,,,,1,,,,,,1,1,,,,,,,,,,
8541,Đóng băng toàn màn hình,0,0,0,200,,,,15,,,,1466,,,,,,,,,,1,,,,1,,,,,,,,,,,,,,,,,
8542,Sát thương toàn màn hình,0,0,0,200,,,,15,,,,1466,,,,,,,,,,1,,,,1,,,,,,,,,,,,,,,,,
8543,Trị liệu toàn màn hình,0,0,0,200,,,,15,,,,545596,,,,,,,,,,1,,,,1,,,,,,,,,,,,,,,,,
8544,npc-Đánh đơn thẳng tầm xa_Thủy,1,250,0,200,,,,1,,,,37,3025,,,,,,,,,,30,,,,,,,,,,,,,,,,,,,,
8545,Bán kính tròn 5 mét Tụ Lực AOE 3 giây cảnh báo,0,0,1,34,,,,75,,,,545638,,,,,,,,,,,,,,1,,,,,,,,,,,,,,,,,
8546,3 đạn 3 mét ngang 50 mét dài 3 giây cảnh báo,0,0,1,34,,,,45,,,,545592,,,,,,,,,,,,,,1,,,,,,,,,,,,,,,,,
8547,2 đạn 3 mét ngang 50 mét dài 3 giây cảnh báo,0,0,1,34,,,,45,,,,545593,,,,,,,,,,,,,,1,,,,,,,,,,,,,,,,,
8548,1 đạn 3 mét ngang 50 mét dài 3 giây cảnh báo,0,0,1,34,,,,45,,,,545594,,,,,,,,,,,,,,1,,,,,,,,,,,,,,,,,
8549,50 mét ngang 25 mét dài 3 giây cảnh báo,0,0,1,34,,,,45,,,,545595,,,,,,,,,,,,,,1,,,,,,,,,,,,,,,,,
8551,Thất Tịch_Đánh Lui,0,0,1,36,,,,3,,,,,3027,,,,,,,,,,,1000,3,1,,,,,,,,,,,,,,,,,
8552,Đạn Ba Nhánh Tấn Công,1,100,0,18,,,,50,,,,,35201,,,,,,,,,,20,1000,3,1,,,,,,,1,,,,,,,,,,
8553,Đạn Ba Nhánh-Hiệu Ứng Vệt Kéo,0,0,1,5,,,,10,,,,18010,,,,100,,,,,,,,,,1,,,,,,1,1,,,,,,,,,,
8555,Xung Phong_Phụ,3,350,0,25,,,,12,,,,,35201,,,,,,,,,,,1000,3,1,,,,,,,,,,,,,,,,,
8557,AOE,0,0,1,200,,,,9,,,,2496,3026,,,,,,,,,,,1000,3,1,,,,,,,,,,,,,,,,,
8559,Đơn Thể Pháo Kích ,1,120,0,12,,,,30,,,,132,,,,,,,,,,,10,,,1,,,,,,,,,,,,,,,,,
8560,Pháo Kích Đơn Thể_Phụ,1,120,0,12,,,,30,,,,,3403,,,,,,,,,,10,,,1,,,,,,,,,,,,,,,,,
8561,Oanh Tạc ,0,0,1,35,,,,9,,,,1327,,,,,1,,,,,,,,,1,,,,,,,,,,,,,,,,,
8562,Không Kích_Hiệu Ứng Địa Liệt,0,0,1,15,,,,45,,,,26,,,,,,,,,,,,,,1,,,,,,,,,,,,,,,,,
8563,Oanh Tạc_Sát thương,0,0,1,15,,,,3,,,,,3412,,,,,,,,,,,1000,3,1,,,,,,,,,,,,,,,,,
8566,Vòng tăng sát thương lên quái_Bản thân,0,0,0,64,,,,2,,,,,,,,,,,,,,,,,,1,,,,,,,,,,,,,,,,,
8567,Vòng tăng sát thương lên quái_Đồng đội,0,0,0,64,,,,2,,,,,,,,,,,,,,,,,,1,,,,,,,,,,,,,,,,,
8578,Cảnh Báo Đỏ Hình Chữ Nhật_Hình Chữ Nhật 305m,0,0,0,18,,,,45,,,,545693,,,,,,,,,,,,,,1,,,,,,,,,,,,,,,,,
8579,Quỹ Đạo Băng Diệm-Xung Thích,0,0,0,107,,,,15,,,,545691,,,,2000,,,,,,,,,,1,,,,,,1,,,,,,,,,,,
8580,Sát thương Quỹ Đạo Băng Diệm-Xung Thích,1,1000,0,20,,,,4,,,,,3834,,,,,,,,,,,1000,3,1,,,,,,,,,,,,,,,,,
8581,Quỹ Đạo Băng Diệm-Bẫy,0,0,0,107,,,,150,,,,545692,,,,1500,,,,,,,,,,1,,,,,,1,,,,,,,,,,,
8582,Sát thương Quỹ Đạo Băng Diệm-Bẫy,1,1000,0,14,,,,3,,,,,3834,,,,,,,,,,,1000,3,1,,,,,,,,,,,,,,,,,
8583,Dự báo 5m bán kính hình tròn_Mục tiêu (5 giây),0,0,1,35,,,,75,,,,545707,,,,,,,,,,,,,,,,,,,,,,,,,,,,,,,
8584,Dự báo 5m bán kính hình tròn_Mục tiêu (8 giây),0,0,1,35,,,,90,,,,545708,,,,,,,,,,,,,,,,,,,,,,,,,,,,,,,
8585,Cầu Tuyết Rơi Xuống,0,0,1,35,,,,25,,,,545706,,,,,,,,,,,,,,,,,,,,,,,,,,,,,,,
8586,Rơi Phát Nổ-Sát Thương,0,0,1,35,,,,10,,,,,,,,,,,,,,,,,,,,,,,,,,,,,,,,,,,
8587,Chú Phù Phát Nổ,0,0,1,35,,,,25,,,,545705,,,,,,,,,,,,,,,,,,,,,,,,,,,,,,,
8588,Chú Phù Phát Nổ-Sát Thương,0,0,1,35,,,,10,,,,,,,,,,,,,,,,,,,,,,,,,,,,,,,,,,,
8590,Sát thương kết liễu,0,0,1,140,,,,3,,,,,,,,,,,,,,,,1000,3,1,,,,,,,,,,,,,,,,,
8591,Phong Quyển Tàn Tuyết,0,0,1,20,,,,25,,,,1661,,,,,1,,,,,,,,,1,,,,,,,,,,,,,,,,,
8592,Phong Quyển Tàn Tuyết_Sát thương,0,0,1,20,,,,3,,,,,3025,,,,,,,,,,,,,1,,,,,,,,,,,,,,,,,
8593,Phun Sương Băng,0,0,1,2,,,,40,,,,2459,,,,100,,,,,,,,,,1,,,,,,,,,,,,,,,,,
8594,Phun Sương Băng_Phụ,0,0,0,18,,,4,24,,,1,,3025,,,140,,,,,,,,,,1,,,,,,,,,,,,,,,,,
8601,Đào Hoa Tiễn Thuật 1,1,150,0,10,,,,6,,,,401,3401,,,,,,5405,,,,30,1000,3,1,,,,,,,,,,,,,,,,,
8602,Đào Hoa Tiễn Thuật 2,1,150,0,10,,,,6,,,,402,3402,,,,,,5405,,,,30,1000,3,1,,,,,,,,,,,,,,,,,
8603,Đào Hoa Tiễn Thuật 3,1,150,0,10,,,,6,,,,402,3402,,,,,,5405,,,,30,1000,3,1,,,,,,,,,,,,,,,,,
8604,Đào Hoa Tiễn Thuật 4,1,150,0,10,,,,6,,,,403,3403,,,,,,5405,,,,30,1000,3,1,,,,,,,,,,,,,,,,,
8607,Phi Hỏa Lưu Tinh,1,750,0,20,,,,2,,,,,3407,,,,,,5408,,,,,1000,3,1,,,,,,,,,,,,,,,,,
8608,Phi Hỏa Lưu Tinh_Biểu hiện,1,60,0,6,,,,13,,,,407,,,,200,,,,,,,60,,,1,,,,,,1,,,,,,,,,,,
8610,Cửu Diệu Liên Châu,0,,1,15,,,,3,23,,,410,3026,,,,,,,,,,,,,,,,,,,,,,,,,,,,,,
8611,Cửu Diệu Liên Châu_Phụ,0,0,1,15,,,3,16,,,1,,3026,,,,,,5411,,,,,1000,3,,,,,,,,,,,,,,,,,,
8612,Xuyên Vân Phá Nguyệt,0,0,1,26,,,,90,,,,6428,,,,,,,,,,,,1000,3,1,,,,,,,,,,,,,,,,,
8635,Xuyên Vân Phá Nguyệt_Biểu hiện 1-Cũ,0,0,0,15,,,,11,,,,435,,,,,,,,,,1,,,,1,,,,,,1,,,,,,,,,,,
8636,Xuyên Vân Phá Nguyệt_Biểu hiện 1-Mũi tên nhỏ,1,200,0,15,,,,6,,,,436,,,,-100,,,,,,1,,,,1,,,,,,1,,,,,,,,,,,
8637,Xuyên Vân Phá Nguyệt_Hiệu quả phụ 2-Cũ,0,0,0,15,,,,11,,,,437,,,,,,,,,,1,,,,1,,,,,,1,,,,,,,,,,,
8638,Xuyên Vân Phá Nguyệt_Biểu hiện 2-Mũi tên lớn. Kích hoạt giảm chờ,1,200,0,15,,,,6,,,,412,,,,,,,,,,1,,,,1,,,,,,,,,,,,,,,,,
8640,Xuyên Vân Phá Nguyệt_Biểu hiện 3-Mũi tên lớn-Kéo đuôi,1,200,0,15,,,,15,,,,440,,,,,,,,,,1,,,,1,,,,,,1,,,,,,,,,,,
8618,Sơ-Phi Hỏa Lưu Tinh_Phụ_Giải trừ và Thiêu Đốt,0,0,1,2,,,,2,,1,,,,,,,,,,,,,,,,,,,,,,,,,,,,,,,,,
8621,Bách Bộ Xuyên Dương_Sát thương,1,150,0,10,,,,6,,,,,3403,,,,,,5405,,,,30,1000,3,1,,,,,,,,,,,,,,,,,
8622,Bách Bộ Xuyên Dương_Hiệu ứng đạn 3,1,150,0,10,,,,6,,,,403,,,,,,,,,,,30,,,1,,,,,,,,,,,,,,,,,
8627,Lạc Hoa Phần Tinh Diệm,1,60,0,3,,,,11,,,1,,,,,-100,,,,,,,,,,1,,,,,,1,,,,,,,,,,,
8628,Lạc Hoa Phần Tinh Diệm_Phụ 1,1,20,0,3,,,,10,,,1,,,,,,,,,,,,,,,1,,,,,,1,,,,,,,,,,,
8629,Lạc Hoa Phần Tinh Diệm_Lạc Tiễn,0,0,0,10,,,,6,,,,428,,,,,,,,,,,,,,1,,,,,,1,,,,,,,,,,,
8630,Lạc Hoa Phần Tinh Diệm_Sát thương,0,0,0,64,,,5,31,,,1,,3026,,,,,,,,,,,,,1,,,,,,,,,,,,,,,,,
8631,Lạc Hoa Phần Tinh Diệm_Địa Liệt,0,0,0,10,,,,23,,,1,3428,,,,,,,,,,,,,,1,,,,,,1,,,,,,,,,,,
8644,"Nghịch Chuyển Cửu Âm_Phụ. Đẩy Lùi, giảm tấn công",0,0,1,29,,,,3,27,,,444,3026,,,,,,,,,,,1000,3,1,,,,,,,,,,,,,,,,,
8663,Nguyệt Lạc Tinh Trầm,2,150,1,3,,,,30,,,,412,3401,,,,,,,,,,,1000,3,1,,,,,,,,,,,,,,,,1,
8665,Phi Hỏa Lưu Tinh_Đẩy Lùi,1,500,0,20,,,,2,,,,,,,,,,,,,,,,1000,3,1,,,,,,,,,,,,,,,,,
8667,Liệt Hỏa Phong Toại_Phụ. Đánh bại,0,0,1,29,,,,3,27,,,444,3026,,,,,,,,,,,1000,3,1,,,,,,,,,,,,,,,,,
8701,Cô Hồng Đao Pháp 1,0,0,0,13,,,,3,,,,,18054,,,126,,,6626,,,,,1000,3,1,,,,,,,,,,,,,,,,,
8702,Cô Hồng Đao Pháp 2,0,0,0,13,,,,3,,,,,18054,,,126,,,6626,,,,,1000,3,1,,,,,,,,,,,,,,,,,
8703,Cô Hồng Đao Pháp 3,0,0,0,13,,,,3,,,,,18054,,,126,,,6626,,,,,1000,3,1,,,,,,,,,,,,,,,,,
8704,Cô Hồng Đao Pháp 4,0,0,0,13,,,,3,,,,,18054,,,126,,,6626,,,,,1000,3,1,,,,,,,,,,,,,,,,,
8705,Trường Hà Đoạn Nguyệt ,0,0,0,15,,,,6,,,,,18054,,,220,,,6626,,,,,1000,3,1,,,,,,,,,,,,,,,,,
8706,Trường Hà Đoạn Nguyệt ,1,100,0,15,,,,4,,,,,18044,,,,,,6626,,,,20,1000,3,1,,,,,,,,,,,,,,,,,
8710,Hắc Phong Quyển Kỳ ,0,0,0,21,,,,3,,,,,18054,,,150,,,6626,,,,,1000,3,1,,,,,,,,,,,,,,,,,
8713,Cô Hồng Lược Ảnh-Phạm vi sát thương,3,800,1,22,,,,6,20,,,18049,18054,,,,,,6626,,,,,1000,3,1,,,,,,,,,,,,,,,,,
8714,Cô Hồng Lược Ảnh xóa dấu ấn,0,0,1,22,,,,6,,,,,,,,,,,,,,,,,,,,,,,,,,,,,,,,,,,
8721,Tây Xuất Ngọc Môn-Đánh lùi,3,350,0,25,,,,8,,,1,,,,,-100,,,,,,,,,,1,,,,,,,,,,,,,,,,,
8722,Tây Xuất Ngọc Môn-Sát thương,3,350,0,25,,,,12,,,,,18054,,,-100,,,6626,,,,,1000,3,1,,,,,,,,,,,,,,,,,
8736,Hắc Phong Quyển Kỳ-Cao-Gom mục tiêu,0,0,0,21,,,,3,,,,,,,,150,,,,,,,,,,,,,,,,,,,,,,,,,,,
8741,Hàm Hoàn Kình-Phạm vi Sát thương,0,0,1,28,,,,10,20,,,18041,18054,,,,,,6626,6622,,,,1000,3,1,,,,,,,,,,,,,,,,,
8750,Nộ Khí Cô Hồng,0,0,0,70,,,,3,,,,,18054,,,,,,6626,,,,,1000,3,1,,,,,,,,,,,,,,,,,
8752,Hắc Phong Quyển Kỳ Giai Đoạn 2,0,0,0,21,,,,3,,,,,18054,,,150,,,6626,,,,,1000,3,1,,,,,,,,,,,,,,,,,
8753,Cô Hồng Đao Pháp 1,0,0,0,15,,,,3,,,,,18054,,,200,,,6626,,,,,1000,3,1,,,,,,,,,,,,,,,,,
8754,Trường Hà Đoạn Nguyệt ,0,0,0,16,,,,6,,,,,18054,,,150,,,6626,,,,,1000,3,1,,,,,,,,,,,,,,,,,
8755,Hắc Phong Quyển Kỳ ,0,0,0,22,,,,3,,,,,18054,,,150,,,6626,,,,,1000,3,1,,,,,,,,,,,,,,,,,
8807,Thái Hư Địch Trần Quang,1,200,0,25,,,,5,,,,,18058,,,,,,,,,,,1000,3,1,,,,,,,,,,,,,,,,,
8809,Nghiệp Hỏa Phần Tâm Ngục-Nhất Trùng,0,0,0,64,,,,3,,,,,,,,,,,,,,,,,,,,,,,,,,,,,,,,,,,
8810,Cửu U Phệ Hồn Chú-Nhất Trùng,1,200,0,25,,,,3,,,,,,,,,,,,,,,,,,,,,,,,,,,,,,,,,,,
8811,Thái Hư Địch Trần Quang,1,200,0,25,,,,5,,,,,18058,,,,,,,,,,,1000,3,1,,,,,,,,,,,,,,,,,
8815,Nhật Nguyệt Sơn Hà Toái,0,0,0,50,,,,3,,,,,3024,,,500,,,,,,,,1000,3,1,,,,,,,,,,,,,,,,,
8816,Nhật Nguyệt Sơn Hà Toái,0,0,0,50,,,,3,,,,,3024,,,500,,,,,,,,1000,3,1,,,,,,,,,,,,,,,,,
8817,Băng Phách Hồng Liên Kiếp,0,0,0,50,,,,15,,,,,3025,1,,,,,,,,,,1000,3,,,,,,,,,,,,,,,,,,
8818,Băng Phách Hồng Liên Kiếp_Hiệu Quả 1,0,0,0,6,,,,10,,,,349,,,,150,,,,,,,,,,1,,,,,,1,,,,,,,,,,,
8819,Băng Phách Hồng Liên Kiếp_Hiệu Quả 2,0,0,0,6,,,,10,,,,348,,,,270,,,,,,,,,,1,,,,,,1,,,,,,,,,,,
8820,Băng Phách Hồng Liên Kiếp_Hiệu Quả 3,0,0,0,6,,,,10,,,,348,,,,390,,,,,,,,,,1,,,,,,1,,,,,,,,,,,
8821,Băng Phách Hồng Liên Kiếp_Hiệu Quả 4,0,0,0,6,,,,10,,,,347,,,,510,,,,,,,,,,1,,,,,,1,,,,,,,,,,,
8822,Băng Phách HồngLiên Kiếp_Hiệu Quả 5,0,0,0,6,,,,10,,,,346,,,,630,,,,,,,,,,1,,,,,,1,,,,,,,,,,,
8823,Băng Phách Hồng Liên Kiếp_Hiệu Quả 6,0,0,0,6,,,,10,,,,346,,,,750,,,,,,,,,,1,,,,,,1,,,,,,,,,,,
8824,Lạc Hoa Phần Tinh Diệm,1,60,0,3,,,,11,,,1,,,,,-100,,,,,,,,,,1,,,,,,1,,,,,,,,,,,
8825,Lạc Hoa Phần Tinh Diệm_Phụ 1,1,20,0,3,,,,10,,,1,,,,,,,,,,,,,,,1,,,,,,1,,,,,,,,,,,
8826,Lạc Hoa Phần Tinh Diệm_Lạc Tiễn,0,0,0,10,,,,6,,,,428,,,,,,,,,,,,,,1,,,,,,1,,,,,,,,,,,
8827,Lạc Hoa Phần Tinh Diệm_Sát thương,0,0,0,50,,,5,31,,,1,,3026,,,500,,,,,,,,1000,3,1,,,,,,,,,,,,,,,,,
8828,Lạc Hoa Phần Tinh Diệm_Địa Liệt,0,0,0,10,,,,23,,,1,3428,,,,,,,,,,,,,,1,,,,,,1,,,,,,,,,,,
8829,Hoàn Vũ Tiêu Dao Du,0,0,0,50,,,,5,,,,,3027,,,,,,,,,,,1000,3,1,,,,,,,,,,,,,,,,,
8830,Vạn Kiếm Phong Thiên Quyết,1,60,0,3,,,,11,,,1,,,,,-100,,,,,,,,,,1,,,,,,,,,,,,,,,,,
8831,Vạn Kiếm Phong Thiên Quyết_Phụ 1,1,20,0,3,,,,10,,,1,,,,,,,,,,,,,,,1,,,,,,,,,,,,,,,,,
8832,Vạn Kiếm Phong Thiên Quyết_Lạc Kiếm,0,0,0,10,,,,15,,,,633,,,,,,,,,,,,,,1,,,,,,,,,,,,,,,,,
8833,Vạn Kiếm Phong Thiên Quyết_Sát thương,0,0,0,50,,,9,19,,,1,,3603,,,,,,,,,,,1000,3,1,,,,,,,,,,,,,,,,,
8834,Vạn Kiếm Phong Thiên Quyết_Địa Liệt,0,0,0,10,,,,23,,,1,635,,,,,,,,,,,,,,1,,,,,,,,,,,,,,,,,
8835,Thiên Ma Ảnh Ảo Sát,0,0,0,50,,,,3,,,,,3740,,,,,,,,,,,1000,3,1,,,,,,,,,,,,,,,,,
8836,Như Ảnh Tùy Hình Diệt,0,0,0,50,,,,3,,,,,3261,,,500,,,,,,,,1000,3,1,,,,,,,,,,,,,,,,,
8837,Như Ảnh Tùy Hình Diệt_Phụ,0,0,0,50,,,,3,,,,,3261,,,500,,,,,,,,1000,3,1,,,,,,,,,,,,,,,,,
8838,Sương Thiên Bách Hoa Tán,0,0,0,50,,,,3,,,,,6801,,,,,,,,,,,1000,3,1,,,,,,,,,,,,,,,,,
8839,Sương Thiên Bách Hoa Tán_Phụ,0,0,0,50,,,,3,,,,,6801,,,,,,,,,,,1000,3,1,,,,,,,,,,,,,,,,,
8840,Thiên Cơ Khổng Tước Linh,0,0,0,50,,,,15,,,,24032,,,,,,,,,,,,,,1,,,,,,1,,,,,,,,,,,
8841,Thiên Cơ Khổng Tước Linh_Hiệu Quả 1,0,0,0,50,,,,15,,,,24032,,,,,,,,,,,,,,1,,,,,,1,,,,,,,,,,,
8842,Thiên Cơ Khổng Tước Linh_Hiệu Quả 2,0,0,0,50,,,,15,,,,24032,,,,,,,,,,,,,,1,,,,,,1,,,,,,,,,,,
8843,Thiên Cơ Khổng Tước Linh_Sát thương,0,0,0,50,,,5,16,,,1,,34002,,,,,,,,,,,1000,3,1,,,,,,,,,,,,,,,,,
8844,Côn Hư Trụy Vô Phong,0,0,0,50,,,,3,,,,,34101,,,,,,,,,,,1000,3,1,,,,,,,,,,,,,,,,,
8845,Côn Hư Trụy Vô Phong_Phụ,0,0,0,50,,,,3,,,,,34101,,,,,,,,,,,1000,3,1,,,,,,,,,,,,,,,,,
8846,Giáng Long Thập Bát Chưởng,1,100,0,8,,,,15,,,,24206,,,,,,,,,,,,,,1,,,,,,,,,,,,,,,,,
8847,Giáng Long Thập Bát Chưởng_Phụ 1,1,100,0,8,,,,15,,,,24206,,,,,,,,,,,,,,1,,,,,,,,,,,,,,,,,
8848,Giáng Long Thập Bát Chưởng_Phụ 2,1,100,0,8,,,,15,,,,24206,,,,,,,,,,,,,,1,,,,,,,,,,,,,,,,,
8849,Giáng Long Thập Bát Chưởng_Sát thương,0,0,1,50,,,,3,,,,,3407,,,,,,,,,,,1000,3,1,,,,,,,,,,,,,,,,,
8850,Giáng Long Thập Bát Chưởng_Rồng Rơi,0,0,0,8,,,,8,,,,24236,,,,,,,,,,,,,,1,,34236,,,,,,,,,,,,,,,
8851,Ngũ Thánh Phệ Tâm Cổ,0,0,0,8,,,,30,,,,24354,,,,,,,,,,,,,,1,,,50,,,,,,,,,,,,1,,
8852,Ngũ Thánh Phệ Tâm Cổ_Phụ 1,0,0,0,8,,,,30,,,,24354,,,,,,,,,,,,,,1,,,100,,,,,,,,,,,,1,,
8853,Ngũ Thánh Phệ Tâm Cổ_Phụ 2,0,0,0,8,,,,24,,,,24354,,,,,,,,,,,,,,1,,34354,,,,,,,,,,,,,,,
8854,Ngũ Thánh Phệ Tâm Cổ_Sát thương,0,0,1,50,,,,3,,,,,34302,,,,,,,,,,,1000,3,1,,,,,,,,,,,,,,,,,
8855,Ngũ Thánh Phệ Tâm Cổ_Hiệu ứng nổ 1,0,0,0,8,,,,30,,,,34354,,,,,,,,,,,,,,1,,,50,,,,,,,,,,,,1,,
8856,Ngũ Thánh Phệ Tâm Cổ_Hiệu ứng nổ 2,0,0,0,8,,,,30,,,,34354,,,,,,,,,,,,,,1,,,100,,,,,,,,,,,,1,,
8857,Vân Phi Ngọc Hoàng Trảm,0,0,0,50,,,,5,,,,,166,,,,,,,,,,,1000,3,1,,,,,,,,,,,,,,,,,
8858,Vân Phi Ngọc Hoàng Trảm_Phụ,0,0,0,50,,,,5,,,,,166,,,,,,,,,,,1000,3,1,,,,,,,,,,,,,,,,,
8859,Nghê Thường Vũ Y Vũ,0,0,0,50,,,,5,,,,,166,,,,,,,,,,,1000,3,1,,,,,,,,,,,,,,,,,
8860,Thiên Âm Trấn Hồn Khúc,0,0,0,50,,,,5,,,,,34606,,,,,,,,,,,1000,3,1,,,,,,,,,,,,,,,,,
8861,Thiên Âm Trấn Hồn Khúc_Phụ,0,0,0,50,,,,5,,,,,34606,,,,,,,,,,,1000,3,1,,,,,,,,,,,,,,,,,
8862,Thiên Phong Đoạn Nhạc Trảm,0,0,0,50,,,,5,,,,,34606,,,,,,,,,,,1000,3,1,,,,,,,,,,,,,,,,,
8863,Thiên Phong Đoạn Nhạc Trảm_Phụ,0,0,0,50,,,,5,,,,,34606,,,,,,,,,,,1000,3,1,,,,,,,,,,,,,,,,,
8864,Thái Nhạc Tam Thanh Phong,0,0,0,50,,,,5,,,,,35201,,,,,,,,,,,1000,3,1,,,,,,,,,,,,,,,,,
8865,Thái Nhạc Tam Thanh Phong_Phụ,0,0,0,50,,,,5,,,,,35201,,,,,,,,,,,1000,3,1,,,,,,,,,,,,,,,,,
8866,Tịnh Thế Phá Ma Kích,0,0,0,50,,,,5,,,,,35501,,,,,,,,,,,1000,3,1,,,,,,,,,,,,,,,,,
8867,Tịnh Thế Ma Kích_Phụ,0,0,0,50,,,,5,,,,,35501,,,,,,,,,,,1000,3,1,,,,,,,,,,,,,,,,,
8868,Hãn Hải Bách Trượng Băng,1,120,0,10,,,,15,,,,25601,6801,,,200,,,,,,,,,,1,,,,,,,,,,,,,,,,,
8869,Hãn Hải Bách Trượng Băng_Phụ,1,120,0,10,,,,15,,,,25601,,,,200,,,,,,,,,,1,,,,,,,,,,,,,,,,,
8873,Hãn Hải Bách Trượng Băng_Sát thương,0,0,0,50,,,,5,,,,,6801,,,,,,,,,,,1000,3,1,,,,,,,,,,,,,,,,,
8875,Chấp Bút Họa Giang Sơn_Sát thương,0,0,0,50,,,,5,,,,,6801,,,,,,,,,,,1000,3,1,,,,,,,,,,,,,,,,,
8876,Bích Nguyệt Phi Tinh Kích,0,0,0,50,,,,5,,,,,3024,,,,,,,,,,,1000,3,1,,,,,,,,,,,,,,,,,
8877,Liệt Diệm Phá Không Trảm,0,0,0,50,,,,5,,,,,26201,,,,,,,,,,,,,1,,,,,,,,,,,,,,,,,
8878,Liệt Diệm Phá Không Trảm_Phụ,0,0,0,50,,,,5,,1,,,26201,,,,,,,,,,,1000,3,1,,,,,,,,,,,,,,,,,
8879,Kinh Hồng Cao Thiên Kích,0,0,1,50,,,,5,,,,,36301,,,,,,,,,,,1000,3,1,,,,,,,,,,,,,,,,,
8880,Kinh Hồng Ngao Thiên Kích_Phụ,0,0,1,50,,,,5,,,,,36301,,,,,,,,,,,1000,3,1,,,,,,,,,,,,,,,,,
8881,Thương Minh Ngưng Thế Kiếp,0,0,0,50,,,,5,,,,,36401,,,,,,,,,,,1000,3,1,,,,,,,,,,,,,,,,,
8882,Thương Minh Ngưng Thế Kiếp_Phụ,0,0,0,50,,,,5,,,,,36401,,,,,,,,,,,1000,3,1,,,,,,,,,,,,,,,,,
8883,Vạn Linh Trụy Tinh Lan ,0,0,0,50,,,,3,,,,,36601,,,,,,,,,,,1000,3,1,,,,,,,,,,,,,,,,,
8884,Thiên Chướng Băng Long Liệt,0,0,0,50,,,,3,,,,,36801,,,,,,,,,,,1000,3,1,,,,,,,,,,,,,,,,,
8885,Thiên Chướng Băng Long Liệt_Phụ,0,0,0,50,,,,3,,,,,36801,,,,,,,,,,,1000,3,1,,,,,,,,,,,,,,,,,
8886,Vạn Linh Lâm Mộng Yểm,0,0,0,50,,,,3,,,,,37101,,,,,,,,,,,1000,3,1,,,,,,,,,,,,,,,,,
8887,Vạn Linh Lâm Mộng Yểm_Phụ,0,0,0,50,,,,3,,,,,37101,,,,,,,,,,,1000,3,1,,,,,,,,,,,,,,,,,
8888,Cửu Tiêu Thần Phạt Dẫn ,0,0,0,50,,,,3,,,,,36401,,,,,,,,,,,1000,3,1,,,,,,,,,,,,,,,,,
8889,Phần Thế Tần Bát Hoang,0,0,0,50,,,,3,,,,,37207,,,,,,,,,,,1000,3,1,,,,,,,,,,,,,,,,,
8890,Phần Thế Tần Bát Hoang_Phụ,0,0,0,50,,,,3,,,,,37207,,,,,,,,,,,1000,3,1,,,,,,,,,,,,,,,,,
8891,Kinh Hồng Du Long Trảm ,0,0,0,50,,,,3,,,,,18054,,,,,,6626,,,,,1000,3,1,,,,,,,,,,,,,,,,,
8892,Thái Hư Địch Trần Quang-Sát thương,1,200,0,25,,,,5,,,,,,,,,,,,,,,,1000,3,1,,,,,,,,,,,,,,,,,
8893,Huyền Khung Ngự Cửu Uyên-Sát thương,0,0,0,50,,,,3,,,,,,,,,,,,,,,,1000,3,1,,,,,,,,,,,,,,,,,
8894,Thanh Loan Niết Hàn Ca-Sát thương,0,0,0,50,,,,3,,,,,,,,,,,,,,,,1000,3,1,,,,,,,,,,,,,,,,,
8895,Thiên La Sách Mệnh Kiếp-Sát thương,0,0,0,50,,,,3,,,,,,,,,,,,,,,,1000,3,1,,,,,,,,,,,,,,,,,
8896,Nghiệp Hỏa Phần Tâm Ngục-Sát thương,0,0,0,50,,,,3,,,,,,,,,,,,,,,,1000,3,1,,,,,,,,,,,,,,,,,
9001,Thúy Yên Ngự Tản Quyết,1,120,0,10,,,,6,,,,3801,6801,,,,,,5905,,,,10,1000,3,1,,,,,,,,,,,,,,,,,
9002,Thúy Yên Ngự Tản Quyết 2,1,120,0,10,,,,6,,,,3802,6801,,,,,,5905,,,,10,1000,3,1,,,,,,,,,,,,,,,,,
9003,Thúy Yên Ngự Tản Quyết 3,1,120,0,10,,,,6,,,,3803,6803,,,,,,5905,,,,10,1000,3,1,,,,,,,,,,,,,,,,,
9004,Thúy Yên Ngự Tản Quyết 4,1,120,0,10,,,,6,,,,3804,6803,,,,,,5905,,,,10,1000,3,1,,,,,,,,,,,,,,,,,
9006,Băng Tung Vô Ảnh,2,60,1,5,,,,30,,1,,816,817,,,,,,5911,,,,,1000,3,1,,,,,,,,,,,,,,,,,
9007,Băng Tung Vô Ảnh_Phụ 1-Đóng Băng,0,0,1,15,,,,3,,,,,,,,,,,5911,,,,,1000,3,1,,,,,,,,,,,,,,,,,
9008,Băng Tung Vô Ảnh_Phụ 2-Sát thương,0,0,1,15,,,,3,,,,,,,,,,,,,,,,,,1,,,,,,,,,,,,,,,,,
9010,Vũ Đả Lê Hoa,3,250,1,38,,,15,300,,,1,,,,,,,,,,,,,,,1,,,,,,,,,,,,,,,,,
9011,Vũ Đả Lê Hoa_Phụ,0,0,1,38,,,,3,,,,,,,,,,,,,,,,,,1,,,,,,,,,,,,,,,,,
9012,Vũ Đả Lê Hoa_Sát thương,0,0,1,6,,,,3,12,,,883,342,,,,,,5914,,,,,1000,3,1,,,,,,,,,,,,,,,,,
9030,Tuyền Cơ La Vũ_Phụ 2-Buff người,3,200,1,90,,,7,76,,,1,,,,,,,,,,,,,,,1,,,,,,,,,,,,,,,,,
9031,Tuyền Cơ La Vũ_Phụ 3-Buff thú cưng,3,200,1,90,,,7,76,,,1,,,,,,,,,,,,,,,1,,,,,,,,,,,,,,,,,
9032,Tuyền Cơ La Vũ_Sát thương,0,0,1,90,,,,3,,,,,342,,,,,,,,,,,1000,3,1,,,,,,,,,,,,,,,,,
9033,Tuyết Ảnh,0,0,0,64,,,,2,,,,,,,,,,,,,,,,,,1,,,,,,,,,,,,,,,,,
9034,Tuyết Ảnh_Đồng đội,0,0,0,64,,,,2,,,,,,,,,,,,,,,,,,1,,,,,,,,,,,,,,,,,
9039,Băng Cơ Ngọc Cốt_Phụ 2-Đóng Băng,0,0,1,20,,,,3,15,,,839,3025,,,,,,,,,,,,,1,,,,,,,,,,,,,,,,,
9056,Trung-Triệu Hồi Bảo Bảo_Giảm Sát Thương,0,0,1,25,,,,3,,,,,,,,,,,,,,,,,,1,,,,,,,,,,,,,,,,,
9062,Sơ-Tuyền Cơ La Vũ-Chống tàng hình,3,200,1,55,,,7,76,,,1,,,,,,,,,,,,,,,1,,,,,,,,,,,,,,,,,
9065,Cao-Tuyền Cơ La Vũ-Buff người,3,200,1,55,,,7,76,,,1,,,,,,,,,,,,,,,1,,,,,,,,,,,,,,,,,
9066,Cao-Tuyền Cơ La Vũ-Buff thú cưng,3,200,1,55,,,7,76,,,1,,,,,,,,,,,,,,,1,,,,,,,,,,,,,,,,,
9087,Bảo Bảo-Trảo,0,0,0,1,,,,3,,,,,1899,,,,,,,,,,,,,,,,,,,,,,,,,,,,,,
9089,Bảo Bảo-Xung Đỉnh_Phụ,0,0,1,12,,,,3,,,,,3834,,,50,,,,,,,,,3,1,,,,,,,,,,,,,,,,,
9090,Bảo Bảo-Móng Vuốt-Vũ Khí Thức Tỉnh,0,0,0,1,,,,3,,,,,1899,,,,,,,,,,,,,,,,,,,,,,,,,,,,,,
9092,Bảo Bảo-Xung Đỉnh_Phụ-Vũ Khí Thức Tỉnh,0,0,1,12,,,,3,,,,,3835,,,50,,,,,,,,,3,1,,,,,,,,,,,,,,,,,
9128,Vòng Giảm Sát Thương-8,3,0,1,56,,,,30,,,1,,6801,,,,,,,,,,,,,1,,,,,,,,,,,,,,,,,
9129,Vòng Giảm Sát Thương-3,3,0,1,15,,,,30,,,1,,3027,,,,,,,,,,,,,1,,,,,,,,,,,,,,,,,
9132,Vòng Tăng Sát Thương-15,3,0,1,100,,,,30,,,1,,37207,,,,,,,,,,,,,1,,,,,,,,,,,,,,,,,
9134,Thủy Long Ngâm_Chính_Bùa Chú,1,80,0,8,,,,15,,,,,34606,2,,,,,,,,,,1000,3,1,,,,,,,,,,,,,,,,,
9135,Thủy Long Ngâm_Hiệu quả,1,0,0,8,,,,12,,,,24614,,,,,,,,,,,,,,1,,,,,,1,,,,,,,,,,,
9136,Thủy Long Ngâm_Sát thương,1,80,0,8,,,,15,,,,,34606,2,,,,,,,,,,1000,3,1,,,,,,,,,,,,,,,,,
9138,Phản Kích-Cao_Phụ,0,0,1,55,,,,3,,,,,3027,,,,,,,,,,,,,1,,,,,,,,,,,,,,,,,
9139,Phản Kích-Cao_Hiệu quả,0,0,1,55,,,,25,,,,2841,,,,,,,,,,,,,,1,,,,,,,,,,,,,,,,,
9146,Đèn Lồng Phát Nổ,0,0,0,1,,,,30,,,,545269,3412,,,,,,,,,,,,,1,,,,,,,,,,,,,,,,,
9147,Đèn Lồng Lớn Phát Nổ,0,0,0,55,,,,15,,,,545259,3412,,,,,,,,,,,,,1,,,,,,,,,,,,,,,,,
9149,Bộc Phát,0,0,1,35,,,,15,,,,,,,,,,,,,,,,,,,,,,,,,,,,,,,,,,,
9150,Bùng nổ_Sát thương,0,0,1,35,,,,6,,,,,,,,,,,,,,,,,,,,,,,,,,,,,,,,,,,
9165,Kiếm Vũ_Hiệu Quả Lạc Kiếm,0,0,1,35,,,,15,,,,1481,,,,,,,,,,,,,,1,,,,,,,,,,,,,,,,,
9166,Kiếm Vũ_Hiệu Quả Địa Liệt,0,0,1,35,,,,15,,,,1865,,,,,,,,,,,,,,1,,,,,,,,,,,,,,,,,
9159,Vũ Đạo-Đạn,0,0,1,28,,,,225,,0,,545771,,,,0,,,,,,,,,,1,,,,,,1,,,,,,,,,,,
9160,Vũ Đạo-Sát Thương Đạn,0,,1,28,,,15,225,,0,1,,3834,,,,,,,,,,,1000,3,1,,,,,,,,,,,,,,,,,
9161,Chính xác,0,0,1,20,,,,25,,,,545759,,,,,,,,,,,,,,,,,,,,,,,,,,,,,,,
9162,Bị lỗi,0,0,1,20,,,,25,,,,545758,,,,,,,,,,,,,,,,,,,,,,,,,,,,,,,
9163,Hình Quạt_Gió Lốc,1,25,0,6,,,,28,,,,,,1,,,,,,,,,,,,,,,,,,,,,,,,,,,,,1
9164,Hình Quạt_Gió Lốc_Hiệu quả,1,30,0,6,,,,40,,,,62,,,,100,,,,,,,,,,1,,,,,,,,,,,,,,,,,1
9201,Trường Ca Phiến Quyết,1,120,0,10,,,,6,,,,24501,34501,,,,,,6025,,,,10,1000,3,1,,,,,,,,,,,,,,,,,
9202,Trường Ca Phiến Quyết 2,1,120,0,10,,,,6,,,,24502,34501,,,,,,6025,,,,10,1000,3,1,,,,,,,,,,,,,,,,,
9203,Trường Ca Phiến Quyết 3,1,120,0,10,,,,6,,,,24503,34501,,,,,,6025,,,,10,1000,3,1,,,,,,,,,,,,,,,,,
9204,Trường Ca Phiến Quyết 4,1,120,0,10,,,,6,,,,24504,34504,,,,,,6025,,,,10,1000,3,1,,,,,,,,,,,,,,,,,
9205,Bình Sa Nhạn Lạc,1,900,0,18,,,,2,,,,,34504,,,20,,,,,,,,1000,3,1,,,,,,,,,,,,,,,,,
9206,Bình Sa Nhạn Lạc_Phụ,1,150,0,18,,,,7,,,,24506,,,,120,,,,,,,,,,1,,,,,,1,,,,,,,,,,,
9208,Vân Sinh Kết Hải _Buff Đồng đội,0,0,1,60,,,,5,,,,,,,,,,,,,,,,,,1,,,,,,,,,,,,,,,,,
9209,Vân Sinh Kết Hải_Phản Kích,0,0,0,5,,,,7,,,,24501,,,,,,,,,,,,,,1,,,,,,,,,,,,,,,,,
9210,Vân Sinh Kết Hải_Phản Kích,5,100,0,5,,,,15,1,1,,24501,34501,,,,,,,,,,,,,1,,,,,,,,,,,,,,,,,
9211,Thanh Âm Trường Khiếu,5,30,0,4,,,,15,2,1,,24512,34504,,,50,,,,,,,10,1000,3,1,,,,,,,,,,,,,,,,,
9212,Thanh Âm Trường Khiếu_Phụ 1,5,30,0,4,,,,15,2,1,,24513,34504,,,50,,,,,,,10,1000,3,1,,,,,,,,,,,,,,,,,
9213,Thanh Âm Trường Khiếu_Phụ 2,5,30,0,4,,,,15,2,1,,24516,34504,,,50,,,,,,,10,1000,3,1,,,,,,,,,,,,,,,,,
9214,Thanh Âm Trường Khiếu_Phụ 3,5,30,0,4,,,,15,2,1,,24515,34504,,,50,,,,,,,10,1000,3,1,,,,,,,,,,,,,,,,,
9215,Thanh Âm Trường Khiếu_Phụ 4,5,30,0,4,,,,15,2,1,,24514,34504,,,50,,,,,,,10,1000,3,1,,,,,,,,,,,,,,,,,
9217,Thanh Âm Trường Khiếu_Đạn Tiếp Sau 1,3,100,1,55,,,15,225,,,1,,,,,,,,,,,,,,,1,,,,,,,,,,,,,,,,,
9218,Thanh Âm Trường Khiếu_Đạn Tiếp Sau 2,0,0,1,55,,,,5,,,,,,,,,,,,,,,,,,1,,,,,,,,,,,,,,,,,
9220,Thanh Âm Trường Khiếu_Cung,5,30,0,4,,,,15,2,1,,24512,34504,,,50,,,,,,,10,1000,3,1,,,,,,,,,,,,,,,,,
9221,Thanh Âm Trường Khiếu_Thương,5,30,0,4,,,,15,2,1,,24513,34504,,,50,,,,,,,10,1000,3,1,,,,,,,,,,,,,,,,,
9222,Thanh Âm Trường Khiếu_Giác,5,30,0,4,,,,15,2,1,,24516,34504,,,50,,,,,,,10,1000,3,1,,,,,,,,,,,,,,,,,
9223,Thanh Âm Trường Khiếu_Chủy,5,30,0,4,,,,15,2,1,,24515,34504,,,50,,,,,,,10,1000,3,1,,,,,,,,,,,,,,,,,
9224,Thanh Âm Trường Khiếu_Vũ,5,30,0,4,,,,15,2,1,,24514,34504,,,50,,,,,,,10,1000,3,1,,,,,,,,,,,,,,,,,
9225,Giang Trục Nguyệt Thiên,2,100,1,24,,,,72,,,,24518,,,,,,,,,,,,,,1,,,,,34518,,,,,,,,,,,,
9226,Giang Trục Nguyệt Thiên_Sát thương,0,0,1,24,,,,3,,,,,34519,,,,,,,,,,,1000,3,1,,,,,,,,,,,,,,,,,
9227,Giang Trục Nguyệt Thiên_Hiệu ứng,0,0,1,24,,,,30,,,,24521,,,,,,,,,,,,,,1,,,,,,,,,,,,,,,,,
9231,Dạ Dẫn Phong Lam-Tăng miễn giảm sát thương,0,0,1,60,,,,15,,,,401,,,,,,,,,,,,,,1,,,,,,,,,,,,,,,,,
9238,Hồi Mộng Trục Quang_Hiệu ứng,0,0,0,20,,,,45,,,,14537,,,,,,,,,,,,,,1,,,,,,,,,,,,,,,,,
9240,Ơn Người Vung Xới,0,0,0,64,,,,2,,,,,,,,,,,,,,,,,,1,,,,,,,,,,,,,,,,,
9241,Ơn Người Vung Xới,0,0,0,64,,,,2,,,,,4551,,,,,,,,,,,,,1,,,,,,,,,,,,,,,,,
9256,Sơ-Vân Sinh Kết Hải_Hút sinh lực,0,0,1,24,,,,3,,,,,,,,,,,,,,,,,,1,,,,,,,,,,,,,,,,,
9261,Tụ Vân Nhất Kích,5,100,0,5,,,,15,1,1,,24501,34501,,,,,,,,,,,,,1,,,,,,,,,,,,,,,,,
